dataset,condition,trial,oddity_index,images
banktrial,chair_cluster0,chair_c0_c0f2673cb32574014e972edcee1ee23_0,2,"['chair_c0f2673cb32574014e972edcee1ee23_003.png', 'chair_c0f2673cb32574014e972edcee1ee23_014.png', 'chair_6fa2db75b28cc1375c728bbce49718a0_009.png']"
banktrial,chair_cluster0,chair_c0_c0f2673cb32574014e972edcee1ee23_1,0,"['chair_7ee09fdece7d9142afdb9a672b7d3b8a_000.png', 'chair_c0f2673cb32574014e972edcee1ee23_012.png', 'chair_c0f2673cb32574014e972edcee1ee23_000.png']"
banktrial,chair_cluster0,chair_c0_c0f2673cb32574014e972edcee1ee23_2,2,"['chair_c0f2673cb32574014e972edcee1ee23_004.png', 'chair_c0f2673cb32574014e972edcee1ee23_006.png', 'chair_447a5eee395026fa8d09bc92d0fc6d3a_007.png']"
banktrial,chair_cluster0,chair_c0_dbf5ea40382c5efed30107faf024a18b_0,2,"['chair_dbf5ea40382c5efed30107faf024a18b_000.png', 'chair_dbf5ea40382c5efed30107faf024a18b_004.png', 'chair_9bbccaed652a88d0ad4feb1e0e9b77d9_004.png']"
banktrial,chair_cluster0,chair_c0_dbf5ea40382c5efed30107faf024a18b_1,1,"['chair_dbf5ea40382c5efed30107faf024a18b_002.png', 'chair_40f188600cf8362b654ea6737b0d3597_009.png', 'chair_dbf5ea40382c5efed30107faf024a18b_012.png']"
banktrial,chair_cluster0,chair_c0_dbf5ea40382c5efed30107faf024a18b_2,2,"['chair_dbf5ea40382c5efed30107faf024a18b_010.png', 'chair_dbf5ea40382c5efed30107faf024a18b_004.png', 'chair_40a9dd43155979e7c40cffb9454b27e_002.png']"
banktrial,chair_cluster0,chair_c0_c50c2887ba2b5535c32fd7e88552aa9_0,1,"['chair_c50c2887ba2b5535c32fd7e88552aa9_004.png', 'chair_4e26eab28703c12bdd5f3f2440a93d21_007.png', 'chair_c50c2887ba2b5535c32fd7e88552aa9_011.png']"
banktrial,chair_cluster0,chair_c0_c50c2887ba2b5535c32fd7e88552aa9_1,2,"['chair_c50c2887ba2b5535c32fd7e88552aa9_013.png', 'chair_c50c2887ba2b5535c32fd7e88552aa9_011.png', 'chair_da918b121ca55feb9b9f2eb77f5e247e_012.png']"
banktrial,chair_cluster0,chair_c0_c50c2887ba2b5535c32fd7e88552aa9_2,0,"['chair_8cb44a50906b827615e7ec87bf4cc5ab_010.png', 'chair_c50c2887ba2b5535c32fd7e88552aa9_001.png', 'chair_c50c2887ba2b5535c32fd7e88552aa9_010.png']"
banktrial,chair_cluster0,chair_c0_1b8e84935fdc3ec82be289de70e8db31_0,1,"['chair_1b8e84935fdc3ec82be289de70e8db31_013.png', 'chair_fe99f16c2532cdd07ba99ad16fdc05cd_008.png', 'chair_1b8e84935fdc3ec82be289de70e8db31_005.png']"
banktrial,chair_cluster0,chair_c0_1b8e84935fdc3ec82be289de70e8db31_1,0,"['chair_f1167a0c4bfc1f3fcf004563556ddb36_007.png', 'chair_1b8e84935fdc3ec82be289de70e8db31_002.png', 'chair_1b8e84935fdc3ec82be289de70e8db31_010.png']"
banktrial,chair_cluster0,chair_c0_1b8e84935fdc3ec82be289de70e8db31_2,0,"['chair_3aab16309520fb21dc0a8cba62d9a78a_000.png', 'chair_1b8e84935fdc3ec82be289de70e8db31_001.png', 'chair_1b8e84935fdc3ec82be289de70e8db31_007.png']"
banktrial,chair_cluster0,chair_c0_f8c5604f39699e0fbbc2b2aef664ba29_0,1,"['chair_f8c5604f39699e0fbbc2b2aef664ba29_011.png', 'chair_2bcf0b0586570ffe6c63b8b48495261a_014.png', 'chair_f8c5604f39699e0fbbc2b2aef664ba29_007.png']"
banktrial,chair_cluster0,chair_c0_f8c5604f39699e0fbbc2b2aef664ba29_1,0,"['chair_ad64210b56ed1bbf9096ff01c3d5022b_010.png', 'chair_f8c5604f39699e0fbbc2b2aef664ba29_011.png', 'chair_f8c5604f39699e0fbbc2b2aef664ba29_002.png']"
banktrial,chair_cluster0,chair_c0_f8c5604f39699e0fbbc2b2aef664ba29_2,1,"['chair_f8c5604f39699e0fbbc2b2aef664ba29_008.png', 'chair_58ef4177c711f38fe302d4da760c718f_013.png', 'chair_f8c5604f39699e0fbbc2b2aef664ba29_013.png']"
banktrial,chair_cluster0,chair_c0_7ee09fdece7d9142afdb9a672b7d3b8a_0,2,"['chair_7ee09fdece7d9142afdb9a672b7d3b8a_014.png', 'chair_7ee09fdece7d9142afdb9a672b7d3b8a_007.png', 'chair_6a7050042fbc77d5635418e95eea8a17_011.png']"
banktrial,chair_cluster0,chair_c0_7ee09fdece7d9142afdb9a672b7d3b8a_1,2,"['chair_7ee09fdece7d9142afdb9a672b7d3b8a_013.png', 'chair_7ee09fdece7d9142afdb9a672b7d3b8a_005.png', 'chair_447a5eee395026fa8d09bc92d0fc6d3a_010.png']"
banktrial,chair_cluster0,chair_c0_7ee09fdece7d9142afdb9a672b7d3b8a_2,0,"['chair_6a7050042fbc77d5635418e95eea8a17_013.png', 'chair_7ee09fdece7d9142afdb9a672b7d3b8a_004.png', 'chair_7ee09fdece7d9142afdb9a672b7d3b8a_005.png']"
banktrial,chair_cluster0,chair_c0_447a5eee395026fa8d09bc92d0fc6d3a_0,0,"['chair_5ab67b30e17a2ed1c862eec8232fff1e_013.png', 'chair_447a5eee395026fa8d09bc92d0fc6d3a_012.png', 'chair_447a5eee395026fa8d09bc92d0fc6d3a_002.png']"
banktrial,chair_cluster0,chair_c0_447a5eee395026fa8d09bc92d0fc6d3a_1,0,"['chair_fa277e2693cba669731d11154716a6b8_001.png', 'chair_447a5eee395026fa8d09bc92d0fc6d3a_008.png', 'chair_447a5eee395026fa8d09bc92d0fc6d3a_001.png']"
banktrial,chair_cluster0,chair_c0_447a5eee395026fa8d09bc92d0fc6d3a_2,0,"['chair_df23ca11080bb439676c272956dad3c2_000.png', 'chair_447a5eee395026fa8d09bc92d0fc6d3a_008.png', 'chair_447a5eee395026fa8d09bc92d0fc6d3a_014.png']"
banktrial,chair_cluster0,chair_c0_47dcabdd8618e5c4b3c9a4ebefe3bae0_0,2,"['chair_47dcabdd8618e5c4b3c9a4ebefe3bae0_004.png', 'chair_47dcabdd8618e5c4b3c9a4ebefe3bae0_014.png', 'chair_7ee09fdece7d9142afdb9a672b7d3b8a_010.png']"
banktrial,chair_cluster0,chair_c0_47dcabdd8618e5c4b3c9a4ebefe3bae0_1,1,"['chair_47dcabdd8618e5c4b3c9a4ebefe3bae0_010.png', 'chair_5283a98b5c693e64ebefe6b1d594ad2e_003.png', 'chair_47dcabdd8618e5c4b3c9a4ebefe3bae0_007.png']"
banktrial,chair_cluster0,chair_c0_47dcabdd8618e5c4b3c9a4ebefe3bae0_2,2,"['chair_47dcabdd8618e5c4b3c9a4ebefe3bae0_003.png', 'chair_47dcabdd8618e5c4b3c9a4ebefe3bae0_002.png', 'chair_4e438ade91769be8c8687ff9b0b4e4ac_012.png']"
banktrial,chair_cluster0,chair_c0_4e438ade91769be8c8687ff9b0b4e4ac_0,1,"['chair_4e438ade91769be8c8687ff9b0b4e4ac_013.png', 'chair_6a7050042fbc77d5635418e95eea8a17_003.png', 'chair_4e438ade91769be8c8687ff9b0b4e4ac_007.png']"
banktrial,chair_cluster0,chair_c0_4e438ade91769be8c8687ff9b0b4e4ac_1,2,"['chair_4e438ade91769be8c8687ff9b0b4e4ac_007.png', 'chair_4e438ade91769be8c8687ff9b0b4e4ac_009.png', 'chair_3aab16309520fb21dc0a8cba62d9a78a_012.png']"
banktrial,chair_cluster0,chair_c0_4e438ade91769be8c8687ff9b0b4e4ac_2,0,"['chair_2bd045838a2282ab5205884f75aba3a_013.png', 'chair_4e438ade91769be8c8687ff9b0b4e4ac_007.png', 'chair_4e438ade91769be8c8687ff9b0b4e4ac_009.png']"
banktrial,chair_cluster0,chair_c0_cb78334a5ad9517d7a31dd5af93fdb5c_0,0,"['chair_7ee09fdece7d9142afdb9a672b7d3b8a_014.png', 'chair_cb78334a5ad9517d7a31dd5af93fdb5c_007.png', 'chair_cb78334a5ad9517d7a31dd5af93fdb5c_004.png']"
banktrial,chair_cluster0,chair_c0_cb78334a5ad9517d7a31dd5af93fdb5c_1,1,"['chair_cb78334a5ad9517d7a31dd5af93fdb5c_006.png', 'chair_6a7050042fbc77d5635418e95eea8a17_000.png', 'chair_cb78334a5ad9517d7a31dd5af93fdb5c_000.png']"
banktrial,chair_cluster0,chair_c0_cb78334a5ad9517d7a31dd5af93fdb5c_2,2,"['chair_cb78334a5ad9517d7a31dd5af93fdb5c_010.png', 'chair_cb78334a5ad9517d7a31dd5af93fdb5c_011.png', 'chair_5ab67b30e17a2ed1c862eec8232fff1e_011.png']"
banktrial,chair_cluster0,chair_c0_30d2d3c887f9592551ae1a6e89264401_0,1,"['chair_30d2d3c887f9592551ae1a6e89264401_009.png', 'chair_2bd045838a2282ab5205884f75aba3a_010.png', 'chair_30d2d3c887f9592551ae1a6e89264401_004.png']"
banktrial,chair_cluster0,chair_c0_30d2d3c887f9592551ae1a6e89264401_1,1,"['chair_30d2d3c887f9592551ae1a6e89264401_009.png', 'chair_2a8b0d30928d3161f7b783634bf3f92f_008.png', 'chair_30d2d3c887f9592551ae1a6e89264401_006.png']"
banktrial,chair_cluster0,chair_c0_30d2d3c887f9592551ae1a6e89264401_2,1,"['chair_30d2d3c887f9592551ae1a6e89264401_002.png', 'chair_7ee09fdece7d9142afdb9a672b7d3b8a_006.png', 'chair_30d2d3c887f9592551ae1a6e89264401_005.png']"
banktrial,chair_cluster0,chair_c0_6549c13a4c96b926f51fa0238791f5dc_0,0,"['chair_510fdcfcba1bc18ea1081ad712f6fb3_004.png', 'chair_6549c13a4c96b926f51fa0238791f5dc_005.png', 'chair_6549c13a4c96b926f51fa0238791f5dc_001.png']"
banktrial,chair_cluster0,chair_c0_6549c13a4c96b926f51fa0238791f5dc_1,0,"['chair_3269630cf8dd9e87bfd5f349b1ab226_004.png', 'chair_6549c13a4c96b926f51fa0238791f5dc_000.png', 'chair_6549c13a4c96b926f51fa0238791f5dc_011.png']"
banktrial,chair_cluster0,chair_c0_6549c13a4c96b926f51fa0238791f5dc_2,1,"['chair_6549c13a4c96b926f51fa0238791f5dc_011.png', 'chair_b2bfe0be6956fe34f51f77a6d7299806_013.png', 'chair_6549c13a4c96b926f51fa0238791f5dc_007.png']"
banktrial,chair_cluster0,chair_c0_fe31beab802cfc56c2bcda262700befe_0,2,"['chair_fe31beab802cfc56c2bcda262700befe_002.png', 'chair_fe31beab802cfc56c2bcda262700befe_012.png', 'chair_74518f7c342b49191030665054ebb2a9_013.png']"
banktrial,chair_cluster0,chair_c0_fe31beab802cfc56c2bcda262700befe_1,2,"['chair_fe31beab802cfc56c2bcda262700befe_008.png', 'chair_fe31beab802cfc56c2bcda262700befe_014.png', 'chair_89d2cbab56c5a1d7297056ac457c1c31_001.png']"
banktrial,chair_cluster0,chair_c0_fe31beab802cfc56c2bcda262700befe_2,2,"['chair_fe31beab802cfc56c2bcda262700befe_006.png', 'chair_fe31beab802cfc56c2bcda262700befe_001.png', 'chair_f1167a0c4bfc1f3fcf004563556ddb36_000.png']"
banktrial,chair_cluster0,chair_c0_2a8b0d30928d3161f7b783634bf3f92f_0,2,"['chair_2a8b0d30928d3161f7b783634bf3f92f_008.png', 'chair_2a8b0d30928d3161f7b783634bf3f92f_004.png', 'chair_19a3ac2ec0312e13c8687ff9b0b4e4ac_001.png']"
banktrial,chair_cluster0,chair_c0_2a8b0d30928d3161f7b783634bf3f92f_1,2,"['chair_2a8b0d30928d3161f7b783634bf3f92f_005.png', 'chair_2a8b0d30928d3161f7b783634bf3f92f_009.png', 'chair_b44d32061d313fc1b7a3c315f744bdd8_008.png']"
banktrial,chair_cluster0,chair_c0_2a8b0d30928d3161f7b783634bf3f92f_2,2,"['chair_2a8b0d30928d3161f7b783634bf3f92f_000.png', 'chair_2a8b0d30928d3161f7b783634bf3f92f_001.png', 'chair_19a3ac2ec0312e13c8687ff9b0b4e4ac_009.png']"
banktrial,chair_cluster0,chair_c0_a1adf14b24469f8835acfdef2ece21c0_0,1,"['chair_a1adf14b24469f8835acfdef2ece21c0_011.png', 'chair_6e98c5d61e008b4c2871cc0b3cc1a485_012.png', 'chair_a1adf14b24469f8835acfdef2ece21c0_007.png']"
banktrial,chair_cluster0,chair_c0_a1adf14b24469f8835acfdef2ece21c0_1,2,"['chair_a1adf14b24469f8835acfdef2ece21c0_012.png', 'chair_a1adf14b24469f8835acfdef2ece21c0_004.png', 'chair_7ee09fdece7d9142afdb9a672b7d3b8a_004.png']"
banktrial,chair_cluster0,chair_c0_a1adf14b24469f8835acfdef2ece21c0_2,0,"['chair_98ef942e35e90be3de8d5f2cba401802_008.png', 'chair_a1adf14b24469f8835acfdef2ece21c0_011.png', 'chair_a1adf14b24469f8835acfdef2ece21c0_006.png']"
banktrial,chair_cluster0,chair_c0_969730a19872b564fdb60f509d2616e0_0,0,"['chair_92242be674537e3df6e4c3538272fb27_014.png', 'chair_969730a19872b564fdb60f509d2616e0_014.png', 'chair_969730a19872b564fdb60f509d2616e0_003.png']"
banktrial,chair_cluster0,chair_c0_969730a19872b564fdb60f509d2616e0_1,2,"['chair_969730a19872b564fdb60f509d2616e0_004.png', 'chair_969730a19872b564fdb60f509d2616e0_007.png', 'chair_ad64210b56ed1bbf9096ff01c3d5022b_013.png']"
banktrial,chair_cluster0,chair_c0_969730a19872b564fdb60f509d2616e0_2,0,"['chair_445d6cef46b853ee713decb1a0563b12_008.png', 'chair_969730a19872b564fdb60f509d2616e0_003.png', 'chair_969730a19872b564fdb60f509d2616e0_009.png']"
banktrial,chair_cluster0,chair_c0_8b39b501c9fa4d349b9f2eb77f5e247e_0,2,"['chair_8b39b501c9fa4d349b9f2eb77f5e247e_005.png', 'chair_8b39b501c9fa4d349b9f2eb77f5e247e_009.png', 'chair_52a7930e87e75591a78e44eefea09073_009.png']"
banktrial,chair_cluster0,chair_c0_8b39b501c9fa4d349b9f2eb77f5e247e_1,1,"['chair_8b39b501c9fa4d349b9f2eb77f5e247e_009.png', 'chair_e9651bd689ba5c14713decb1a0563b12_009.png', 'chair_8b39b501c9fa4d349b9f2eb77f5e247e_000.png']"
banktrial,chair_cluster0,chair_c0_8b39b501c9fa4d349b9f2eb77f5e247e_2,2,"['chair_8b39b501c9fa4d349b9f2eb77f5e247e_008.png', 'chair_8b39b501c9fa4d349b9f2eb77f5e247e_000.png', 'chair_e9c9d998f7b0de3ca6afe5903a01a59_003.png']"
banktrial,chair_cluster0,chair_c0_4428b7dc4b6696812905b6e26038a78_0,2,"['chair_4428b7dc4b6696812905b6e26038a78_010.png', 'chair_4428b7dc4b6696812905b6e26038a78_001.png', 'chair_92242be674537e3df6e4c3538272fb27_010.png']"
banktrial,chair_cluster0,chair_c0_4428b7dc4b6696812905b6e26038a78_1,2,"['chair_4428b7dc4b6696812905b6e26038a78_008.png', 'chair_4428b7dc4b6696812905b6e26038a78_004.png', 'chair_445d6cef46b853ee713decb1a0563b12_009.png']"
banktrial,chair_cluster0,chair_c0_4428b7dc4b6696812905b6e26038a78_2,2,"['chair_4428b7dc4b6696812905b6e26038a78_008.png', 'chair_4428b7dc4b6696812905b6e26038a78_005.png', 'chair_600f6f126d0b6c046dbda90cc7f3517e_014.png']"
banktrial,chair_cluster0,chair_c0_6e98c5d61e008b4c2871cc0b3cc1a485_0,0,"['chair_6a7050042fbc77d5635418e95eea8a17_010.png', 'chair_6e98c5d61e008b4c2871cc0b3cc1a485_002.png', 'chair_6e98c5d61e008b4c2871cc0b3cc1a485_005.png']"
banktrial,chair_cluster0,chair_c0_6e98c5d61e008b4c2871cc0b3cc1a485_1,2,"['chair_6e98c5d61e008b4c2871cc0b3cc1a485_002.png', 'chair_6e98c5d61e008b4c2871cc0b3cc1a485_004.png', 'chair_59f4a5d8390c3c3d5fce6078044eb87_006.png']"
banktrial,chair_cluster0,chair_c0_6e98c5d61e008b4c2871cc0b3cc1a485_2,0,"['chair_c0f2673cb32574014e972edcee1ee23_004.png', 'chair_6e98c5d61e008b4c2871cc0b3cc1a485_012.png', 'chair_6e98c5d61e008b4c2871cc0b3cc1a485_003.png']"
banktrial,chair_cluster0,chair_c0_4460e0885d82b7b5d9987a7cd00eb98d_0,1,"['chair_4460e0885d82b7b5d9987a7cd00eb98d_012.png', 'chair_7ee09fdece7d9142afdb9a672b7d3b8a_001.png', 'chair_4460e0885d82b7b5d9987a7cd00eb98d_003.png']"
banktrial,chair_cluster0,chair_c0_4460e0885d82b7b5d9987a7cd00eb98d_1,1,"['chair_4460e0885d82b7b5d9987a7cd00eb98d_007.png', 'chair_7ee09fdece7d9142afdb9a672b7d3b8a_014.png', 'chair_4460e0885d82b7b5d9987a7cd00eb98d_002.png']"
banktrial,chair_cluster0,chair_c0_4460e0885d82b7b5d9987a7cd00eb98d_2,1,"['chair_4460e0885d82b7b5d9987a7cd00eb98d_006.png', 'chair_7ee09fdece7d9142afdb9a672b7d3b8a_003.png', 'chair_4460e0885d82b7b5d9987a7cd00eb98d_005.png']"
banktrial,chair_cluster0,chair_c0_89d2cbab56c5a1d7297056ac457c1c31_0,0,"['chair_dbf5ea40382c5efed30107faf024a18b_004.png', 'chair_89d2cbab56c5a1d7297056ac457c1c31_009.png', 'chair_89d2cbab56c5a1d7297056ac457c1c31_001.png']"
banktrial,chair_cluster0,chair_c0_89d2cbab56c5a1d7297056ac457c1c31_1,2,"['chair_89d2cbab56c5a1d7297056ac457c1c31_009.png', 'chair_89d2cbab56c5a1d7297056ac457c1c31_007.png', 'chair_3d7ebe5de86294b3f6bcd046624c43c9_006.png']"
banktrial,chair_cluster0,chair_c0_89d2cbab56c5a1d7297056ac457c1c31_2,1,"['chair_89d2cbab56c5a1d7297056ac457c1c31_005.png', 'chair_3d7ebe5de86294b3f6bcd046624c43c9_002.png', 'chair_89d2cbab56c5a1d7297056ac457c1c31_002.png']"
banktrial,chair_cluster0,chair_c0_4e8d4cffee2c4361c612776a678dd571_0,1,"['chair_4e8d4cffee2c4361c612776a678dd571_011.png', 'chair_cbfa51dd6b795262774ba10f0bcc178a_000.png', 'chair_4e8d4cffee2c4361c612776a678dd571_014.png']"
banktrial,chair_cluster0,chair_c0_4e8d4cffee2c4361c612776a678dd571_1,1,"['chair_4e8d4cffee2c4361c612776a678dd571_010.png', 'chair_7715c9c229d80afaf487e71bd57b6e0c_012.png', 'chair_4e8d4cffee2c4361c612776a678dd571_002.png']"
banktrial,chair_cluster0,chair_c0_4e8d4cffee2c4361c612776a678dd571_2,2,"['chair_4e8d4cffee2c4361c612776a678dd571_012.png', 'chair_4e8d4cffee2c4361c612776a678dd571_007.png', 'chair_c0f2673cb32574014e972edcee1ee23_002.png']"
banktrial,chair_cluster0,chair_c0_3316a00869217c2632ed7dae08823495_0,1,"['chair_3316a00869217c2632ed7dae08823495_001.png', 'chair_4ae919ca418d3625d30ba6a673002f3e_014.png', 'chair_3316a00869217c2632ed7dae08823495_012.png']"
banktrial,chair_cluster0,chair_c0_3316a00869217c2632ed7dae08823495_1,2,"['chair_3316a00869217c2632ed7dae08823495_001.png', 'chair_3316a00869217c2632ed7dae08823495_002.png', 'chair_4ae919ca418d3625d30ba6a673002f3e_014.png']"
banktrial,chair_cluster0,chair_c0_3316a00869217c2632ed7dae08823495_2,0,"['chair_4ae919ca418d3625d30ba6a673002f3e_012.png', 'chair_3316a00869217c2632ed7dae08823495_011.png', 'chair_3316a00869217c2632ed7dae08823495_003.png']"
banktrial,chair_cluster0,chair_c0_3aab16309520fb21dc0a8cba62d9a78a_0,0,"['chair_9bbccaed652a88d0ad4feb1e0e9b77d9_009.png', 'chair_3aab16309520fb21dc0a8cba62d9a78a_008.png', 'chair_3aab16309520fb21dc0a8cba62d9a78a_011.png']"
banktrial,chair_cluster0,chair_c0_3aab16309520fb21dc0a8cba62d9a78a_1,0,"['chair_9bbccaed652a88d0ad4feb1e0e9b77d9_014.png', 'chair_3aab16309520fb21dc0a8cba62d9a78a_007.png', 'chair_3aab16309520fb21dc0a8cba62d9a78a_008.png']"
banktrial,chair_cluster0,chair_c0_3aab16309520fb21dc0a8cba62d9a78a_2,2,"['chair_3aab16309520fb21dc0a8cba62d9a78a_001.png', 'chair_3aab16309520fb21dc0a8cba62d9a78a_010.png', 'chair_fa277e2693cba669731d11154716a6b8_005.png']"
banktrial,chair_cluster0,chair_c0_2dc5055b8d900ec7db4b0ee93cf61ed1_0,2,"['chair_2dc5055b8d900ec7db4b0ee93cf61ed1_001.png', 'chair_2dc5055b8d900ec7db4b0ee93cf61ed1_007.png', 'chair_3d7ebe5de86294b3f6bcd046624c43c9_003.png']"
banktrial,chair_cluster0,chair_c0_2dc5055b8d900ec7db4b0ee93cf61ed1_1,1,"['chair_2dc5055b8d900ec7db4b0ee93cf61ed1_003.png', 'chair_89d2cbab56c5a1d7297056ac457c1c31_007.png', 'chair_2dc5055b8d900ec7db4b0ee93cf61ed1_002.png']"
banktrial,chair_cluster0,chair_c0_2dc5055b8d900ec7db4b0ee93cf61ed1_2,1,"['chair_2dc5055b8d900ec7db4b0ee93cf61ed1_011.png', 'chair_47dcabdd8618e5c4b3c9a4ebefe3bae0_001.png', 'chair_2dc5055b8d900ec7db4b0ee93cf61ed1_004.png']"
banktrial,chair_cluster0,chair_c0_3f60205b1eef5555a4bf007e7299d9cb_0,1,"['chair_3f60205b1eef5555a4bf007e7299d9cb_014.png', 'chair_8b39b501c9fa4d349b9f2eb77f5e247e_011.png', 'chair_3f60205b1eef5555a4bf007e7299d9cb_005.png']"
banktrial,chair_cluster0,chair_c0_3f60205b1eef5555a4bf007e7299d9cb_1,1,"['chair_3f60205b1eef5555a4bf007e7299d9cb_010.png', 'chair_fa277e2693cba669731d11154716a6b8_007.png', 'chair_3f60205b1eef5555a4bf007e7299d9cb_011.png']"
banktrial,chair_cluster0,chair_c0_3f60205b1eef5555a4bf007e7299d9cb_2,2,"['chair_3f60205b1eef5555a4bf007e7299d9cb_004.png', 'chair_3f60205b1eef5555a4bf007e7299d9cb_006.png', 'chair_2bd045838a2282ab5205884f75aba3a_007.png']"
banktrial,chair_cluster0,chair_c0_78f722590b0885a61efc6aa41666df08_0,0,"['chair_6a0bd5d9ec4567d9d42216b5daf41a39_014.png', 'chair_78f722590b0885a61efc6aa41666df08_002.png', 'chair_78f722590b0885a61efc6aa41666df08_014.png']"
banktrial,chair_cluster0,chair_c0_78f722590b0885a61efc6aa41666df08_1,1,"['chair_78f722590b0885a61efc6aa41666df08_001.png', 'chair_7ee09fdece7d9142afdb9a672b7d3b8a_007.png', 'chair_78f722590b0885a61efc6aa41666df08_012.png']"
banktrial,chair_cluster0,chair_c0_78f722590b0885a61efc6aa41666df08_2,1,"['chair_78f722590b0885a61efc6aa41666df08_004.png', 'chair_e12ac2c1c707b7b2f45a7a3d26bcb6ad_006.png', 'chair_78f722590b0885a61efc6aa41666df08_003.png']"
banktrial,chair_cluster0,chair_c0_5283a98b5c693e64ebefe6b1d594ad2e_0,0,"['chair_2bf69f0fa5be4c3f6ecea8cff53afe1a_005.png', 'chair_5283a98b5c693e64ebefe6b1d594ad2e_010.png', 'chair_5283a98b5c693e64ebefe6b1d594ad2e_002.png']"
banktrial,chair_cluster0,chair_c0_5283a98b5c693e64ebefe6b1d594ad2e_1,1,"['chair_5283a98b5c693e64ebefe6b1d594ad2e_000.png', 'chair_59f4a5d8390c3c3d5fce6078044eb87_005.png', 'chair_5283a98b5c693e64ebefe6b1d594ad2e_014.png']"
banktrial,chair_cluster0,chair_c0_5283a98b5c693e64ebefe6b1d594ad2e_2,1,"['chair_5283a98b5c693e64ebefe6b1d594ad2e_013.png', 'chair_2a8b0d30928d3161f7b783634bf3f92f_000.png', 'chair_5283a98b5c693e64ebefe6b1d594ad2e_012.png']"
banktrial,chair_cluster0,chair_c0_3d7ebe5de86294b3f6bcd046624c43c9_0,0,"['chair_2bd045838a2282ab5205884f75aba3a_011.png', 'chair_3d7ebe5de86294b3f6bcd046624c43c9_002.png', 'chair_3d7ebe5de86294b3f6bcd046624c43c9_009.png']"
banktrial,chair_cluster0,chair_c0_3d7ebe5de86294b3f6bcd046624c43c9_1,2,"['chair_3d7ebe5de86294b3f6bcd046624c43c9_002.png', 'chair_3d7ebe5de86294b3f6bcd046624c43c9_006.png', 'chair_50b4851d6e067f9bdfcd57c2094a665f_014.png']"
banktrial,chair_cluster0,chair_c0_3d7ebe5de86294b3f6bcd046624c43c9_2,1,"['chair_3d7ebe5de86294b3f6bcd046624c43c9_001.png', 'chair_4460e0885d82b7b5d9987a7cd00eb98d_008.png', 'chair_3d7ebe5de86294b3f6bcd046624c43c9_004.png']"
banktrial,chair_cluster0,chair_c0_ad64210b56ed1bbf9096ff01c3d5022b_0,0,"['chair_cd238045ebff9be59186f15d520c12ad_010.png', 'chair_ad64210b56ed1bbf9096ff01c3d5022b_000.png', 'chair_ad64210b56ed1bbf9096ff01c3d5022b_011.png']"
banktrial,chair_cluster0,chair_c0_ad64210b56ed1bbf9096ff01c3d5022b_1,0,"['chair_cd238045ebff9be59186f15d520c12ad_010.png', 'chair_ad64210b56ed1bbf9096ff01c3d5022b_004.png', 'chair_ad64210b56ed1bbf9096ff01c3d5022b_002.png']"
banktrial,chair_cluster0,chair_c0_ad64210b56ed1bbf9096ff01c3d5022b_2,0,"['chair_f8c5604f39699e0fbbc2b2aef664ba29_005.png', 'chair_ad64210b56ed1bbf9096ff01c3d5022b_007.png', 'chair_ad64210b56ed1bbf9096ff01c3d5022b_009.png']"
banktrial,chair_cluster0,chair_c0_ef544a816432b0a78dabc11b24766ce2_0,2,"['chair_ef544a816432b0a78dabc11b24766ce2_008.png', 'chair_ef544a816432b0a78dabc11b24766ce2_009.png', 'chair_969730a19872b564fdb60f509d2616e0_000.png']"
banktrial,chair_cluster0,chair_c0_ef544a816432b0a78dabc11b24766ce2_1,0,"['chair_79030f846b4dee0f9d709998b2d6e774_005.png', 'chair_ef544a816432b0a78dabc11b24766ce2_008.png', 'chair_ef544a816432b0a78dabc11b24766ce2_004.png']"
banktrial,chair_cluster0,chair_c0_ef544a816432b0a78dabc11b24766ce2_2,0,"['chair_e12ac2c1c707b7b2f45a7a3d26bcb6ad_009.png', 'chair_ef544a816432b0a78dabc11b24766ce2_009.png', 'chair_ef544a816432b0a78dabc11b24766ce2_013.png']"
banktrial,chair_cluster0,chair_c0_33990ef5ffde80fa83bc207d8a5912e3_0,2,"['chair_33990ef5ffde80fa83bc207d8a5912e3_002.png', 'chair_33990ef5ffde80fa83bc207d8a5912e3_006.png', 'chair_52a7930e87e75591a78e44eefea09073_012.png']"
banktrial,chair_cluster0,chair_c0_33990ef5ffde80fa83bc207d8a5912e3_1,0,"['chair_94b55dcb770626d9c8687ff9b0b4e4ac_001.png', 'chair_33990ef5ffde80fa83bc207d8a5912e3_006.png', 'chair_33990ef5ffde80fa83bc207d8a5912e3_012.png']"
banktrial,chair_cluster0,chair_c0_33990ef5ffde80fa83bc207d8a5912e3_2,0,"['chair_c50c2887ba2b5535c32fd7e88552aa9_002.png', 'chair_33990ef5ffde80fa83bc207d8a5912e3_005.png', 'chair_33990ef5ffde80fa83bc207d8a5912e3_007.png']"
banktrial,chair_cluster0,chair_c0_3269630cf8dd9e87bfd5f349b1ab226_0,1,"['chair_3269630cf8dd9e87bfd5f349b1ab226_006.png', 'chair_dee24ea8622e2005dd0e1ff930f92c75_009.png', 'chair_3269630cf8dd9e87bfd5f349b1ab226_014.png']"
banktrial,chair_cluster0,chair_c0_3269630cf8dd9e87bfd5f349b1ab226_1,0,"['chair_dee24ea8622e2005dd0e1ff930f92c75_002.png', 'chair_3269630cf8dd9e87bfd5f349b1ab226_003.png', 'chair_3269630cf8dd9e87bfd5f349b1ab226_011.png']"
banktrial,chair_cluster0,chair_c0_3269630cf8dd9e87bfd5f349b1ab226_2,2,"['chair_3269630cf8dd9e87bfd5f349b1ab226_006.png', 'chair_3269630cf8dd9e87bfd5f349b1ab226_003.png', 'chair_1d2745e280ea2d513c8d0fdfb1cc2535_008.png']"
banktrial,chair_cluster0,chair_c0_9bbccaed652a88d0ad4feb1e0e9b77d9_0,1,"['chair_9bbccaed652a88d0ad4feb1e0e9b77d9_004.png', 'chair_7ee09fdece7d9142afdb9a672b7d3b8a_008.png', 'chair_9bbccaed652a88d0ad4feb1e0e9b77d9_012.png']"
banktrial,chair_cluster0,chair_c0_9bbccaed652a88d0ad4feb1e0e9b77d9_1,0,"['chair_da918b121ca55feb9b9f2eb77f5e247e_004.png', 'chair_9bbccaed652a88d0ad4feb1e0e9b77d9_006.png', 'chair_9bbccaed652a88d0ad4feb1e0e9b77d9_003.png']"
banktrial,chair_cluster0,chair_c0_9bbccaed652a88d0ad4feb1e0e9b77d9_2,2,"['chair_9bbccaed652a88d0ad4feb1e0e9b77d9_010.png', 'chair_9bbccaed652a88d0ad4feb1e0e9b77d9_008.png', 'chair_19a3ac2ec0312e13c8687ff9b0b4e4ac_007.png']"
banktrial,chair_cluster0,chair_c0_81b27636162e148bb3fb065fa3089331_0,0,"['chair_b44d32061d313fc1b7a3c315f744bdd8_008.png', 'chair_81b27636162e148bb3fb065fa3089331_010.png', 'chair_81b27636162e148bb3fb065fa3089331_004.png']"
banktrial,chair_cluster0,chair_c0_81b27636162e148bb3fb065fa3089331_1,0,"['chair_4e438ade91769be8c8687ff9b0b4e4ac_006.png', 'chair_81b27636162e148bb3fb065fa3089331_001.png', 'chair_81b27636162e148bb3fb065fa3089331_002.png']"
banktrial,chair_cluster0,chair_c0_81b27636162e148bb3fb065fa3089331_2,0,"['chair_19a3ac2ec0312e13c8687ff9b0b4e4ac_003.png', 'chair_81b27636162e148bb3fb065fa3089331_000.png', 'chair_81b27636162e148bb3fb065fa3089331_010.png']"
banktrial,chair_cluster0,chair_c0_98ef942e35e90be3de8d5f2cba401802_0,0,"['chair_40a9dd43155979e7c40cffb9454b27e_014.png', 'chair_98ef942e35e90be3de8d5f2cba401802_005.png', 'chair_98ef942e35e90be3de8d5f2cba401802_008.png']"
banktrial,chair_cluster0,chair_c0_98ef942e35e90be3de8d5f2cba401802_1,2,"['chair_98ef942e35e90be3de8d5f2cba401802_010.png', 'chair_98ef942e35e90be3de8d5f2cba401802_002.png', 'chair_6fa2db75b28cc1375c728bbce49718a0_008.png']"
banktrial,chair_cluster0,chair_c0_98ef942e35e90be3de8d5f2cba401802_2,0,"['chair_40f188600cf8362b654ea6737b0d3597_004.png', 'chair_98ef942e35e90be3de8d5f2cba401802_006.png', 'chair_98ef942e35e90be3de8d5f2cba401802_008.png']"
banktrial,chair_cluster0,chair_c0_19c8189116dd7cd3e95c611687989498_0,0,"['chair_b44d32061d313fc1b7a3c315f744bdd8_012.png', 'chair_19c8189116dd7cd3e95c611687989498_003.png', 'chair_19c8189116dd7cd3e95c611687989498_007.png']"
banktrial,chair_cluster0,chair_c0_19c8189116dd7cd3e95c611687989498_1,2,"['chair_19c8189116dd7cd3e95c611687989498_009.png', 'chair_19c8189116dd7cd3e95c611687989498_008.png', 'chair_da918b121ca55feb9b9f2eb77f5e247e_011.png']"
banktrial,chair_cluster0,chair_c0_19c8189116dd7cd3e95c611687989498_2,0,"['chair_4e26eab28703c12bdd5f3f2440a93d21_014.png', 'chair_19c8189116dd7cd3e95c611687989498_014.png', 'chair_19c8189116dd7cd3e95c611687989498_002.png']"
banktrial,chair_cluster0,chair_c0_d343f06da03eccf34c7384dbb75cab0d_0,0,"['chair_f1167a0c4bfc1f3fcf004563556ddb36_002.png', 'chair_d343f06da03eccf34c7384dbb75cab0d_012.png', 'chair_d343f06da03eccf34c7384dbb75cab0d_008.png']"
banktrial,chair_cluster0,chair_c0_d343f06da03eccf34c7384dbb75cab0d_1,0,"['chair_fe31beab802cfc56c2bcda262700befe_006.png', 'chair_d343f06da03eccf34c7384dbb75cab0d_006.png', 'chair_d343f06da03eccf34c7384dbb75cab0d_000.png']"
banktrial,chair_cluster0,chair_c0_d343f06da03eccf34c7384dbb75cab0d_2,1,"['chair_d343f06da03eccf34c7384dbb75cab0d_005.png', 'chair_fe31beab802cfc56c2bcda262700befe_003.png', 'chair_d343f06da03eccf34c7384dbb75cab0d_003.png']"
banktrial,chair_cluster0,chair_c0_51c276e96ac4c04ebe67d9b32c3ddf8_0,2,"['chair_51c276e96ac4c04ebe67d9b32c3ddf8_005.png', 'chair_51c276e96ac4c04ebe67d9b32c3ddf8_014.png', 'chair_f8c5604f39699e0fbbc2b2aef664ba29_009.png']"
banktrial,chair_cluster0,chair_c0_51c276e96ac4c04ebe67d9b32c3ddf8_1,2,"['chair_51c276e96ac4c04ebe67d9b32c3ddf8_004.png', 'chair_51c276e96ac4c04ebe67d9b32c3ddf8_009.png', 'chair_cbfa51dd6b795262774ba10f0bcc178a_006.png']"
banktrial,chair_cluster0,chair_c0_51c276e96ac4c04ebe67d9b32c3ddf8_2,0,"['chair_cbfa51dd6b795262774ba10f0bcc178a_008.png', 'chair_51c276e96ac4c04ebe67d9b32c3ddf8_004.png', 'chair_51c276e96ac4c04ebe67d9b32c3ddf8_011.png']"
banktrial,chair_cluster0,chair_c0_600f6f126d0b6c046dbda90cc7f3517e_0,1,"['chair_600f6f126d0b6c046dbda90cc7f3517e_011.png', 'chair_8b39b501c9fa4d349b9f2eb77f5e247e_011.png', 'chair_600f6f126d0b6c046dbda90cc7f3517e_001.png']"
banktrial,chair_cluster0,chair_c0_600f6f126d0b6c046dbda90cc7f3517e_1,1,"['chair_600f6f126d0b6c046dbda90cc7f3517e_012.png', 'chair_e9651bd689ba5c14713decb1a0563b12_004.png', 'chair_600f6f126d0b6c046dbda90cc7f3517e_001.png']"
banktrial,chair_cluster0,chair_c0_600f6f126d0b6c046dbda90cc7f3517e_2,0,"['chair_8b39b501c9fa4d349b9f2eb77f5e247e_004.png', 'chair_600f6f126d0b6c046dbda90cc7f3517e_006.png', 'chair_600f6f126d0b6c046dbda90cc7f3517e_010.png']"
banktrial,chair_cluster0,chair_c0_6a7050042fbc77d5635418e95eea8a17_0,2,"['chair_6a7050042fbc77d5635418e95eea8a17_003.png', 'chair_6a7050042fbc77d5635418e95eea8a17_009.png', 'chair_59f4a5d8390c3c3d5fce6078044eb87_005.png']"
banktrial,chair_cluster0,chair_c0_6a7050042fbc77d5635418e95eea8a17_1,0,"['chair_40a9dd43155979e7c40cffb9454b27e_010.png', 'chair_6a7050042fbc77d5635418e95eea8a17_009.png', 'chair_6a7050042fbc77d5635418e95eea8a17_001.png']"
banktrial,chair_cluster0,chair_c0_6a7050042fbc77d5635418e95eea8a17_2,0,"['chair_6fa2db75b28cc1375c728bbce49718a0_012.png', 'chair_6a7050042fbc77d5635418e95eea8a17_014.png', 'chair_6a7050042fbc77d5635418e95eea8a17_001.png']"
banktrial,chair_cluster0,chair_c0_19a3ac2ec0312e13c8687ff9b0b4e4ac_0,1,"['chair_19a3ac2ec0312e13c8687ff9b0b4e4ac_009.png', 'chair_30d2d3c887f9592551ae1a6e89264401_014.png', 'chair_19a3ac2ec0312e13c8687ff9b0b4e4ac_005.png']"
banktrial,chair_cluster0,chair_c0_19a3ac2ec0312e13c8687ff9b0b4e4ac_1,0,"['chair_7ee09fdece7d9142afdb9a672b7d3b8a_005.png', 'chair_19a3ac2ec0312e13c8687ff9b0b4e4ac_009.png', 'chair_19a3ac2ec0312e13c8687ff9b0b4e4ac_008.png']"
banktrial,chair_cluster0,chair_c0_19a3ac2ec0312e13c8687ff9b0b4e4ac_2,0,"['chair_d5b9579151041cbd9b9f2eb77f5e247e_000.png', 'chair_19a3ac2ec0312e13c8687ff9b0b4e4ac_003.png', 'chair_19a3ac2ec0312e13c8687ff9b0b4e4ac_011.png']"
banktrial,chair_cluster0,chair_c0_e9651bd689ba5c14713decb1a0563b12_0,0,"['chair_2bd045838a2282ab5205884f75aba3a_002.png', 'chair_e9651bd689ba5c14713decb1a0563b12_007.png', 'chair_e9651bd689ba5c14713decb1a0563b12_006.png']"
banktrial,chair_cluster0,chair_c0_e9651bd689ba5c14713decb1a0563b12_1,1,"['chair_e9651bd689ba5c14713decb1a0563b12_014.png', 'chair_d5b9579151041cbd9b9f2eb77f5e247e_002.png', 'chair_e9651bd689ba5c14713decb1a0563b12_010.png']"
banktrial,chair_cluster0,chair_c0_e9651bd689ba5c14713decb1a0563b12_2,0,"['chair_d5b9579151041cbd9b9f2eb77f5e247e_011.png', 'chair_e9651bd689ba5c14713decb1a0563b12_012.png', 'chair_e9651bd689ba5c14713decb1a0563b12_013.png']"
banktrial,chair_cluster0,chair_c0_8be5b3b2c8c8f067a341228b21d337a9_0,1,"['chair_8be5b3b2c8c8f067a341228b21d337a9_003.png', 'chair_1d2745e280ea2d513c8d0fdfb1cc2535_010.png', 'chair_8be5b3b2c8c8f067a341228b21d337a9_013.png']"
banktrial,chair_cluster0,chair_c0_8be5b3b2c8c8f067a341228b21d337a9_1,1,"['chair_8be5b3b2c8c8f067a341228b21d337a9_010.png', 'chair_4cc4cb9b533e8b84b04cb542e2c50eb4_007.png', 'chair_8be5b3b2c8c8f067a341228b21d337a9_001.png']"
banktrial,chair_cluster0,chair_c0_8be5b3b2c8c8f067a341228b21d337a9_2,1,"['chair_8be5b3b2c8c8f067a341228b21d337a9_011.png', 'chair_4cc4cb9b533e8b84b04cb542e2c50eb4_001.png', 'chair_8be5b3b2c8c8f067a341228b21d337a9_006.png']"
banktrial,chair_cluster0,chair_c0_50b4851d6e067f9bdfcd57c2094a665f_0,2,"['chair_50b4851d6e067f9bdfcd57c2094a665f_011.png', 'chair_50b4851d6e067f9bdfcd57c2094a665f_006.png', 'chair_f2ef238e2e4615e92cf8e80367b40c9a_013.png']"
banktrial,chair_cluster0,chair_c0_50b4851d6e067f9bdfcd57c2094a665f_1,2,"['chair_50b4851d6e067f9bdfcd57c2094a665f_011.png', 'chair_50b4851d6e067f9bdfcd57c2094a665f_005.png', 'chair_40f188600cf8362b654ea6737b0d3597_014.png']"
banktrial,chair_cluster0,chair_c0_50b4851d6e067f9bdfcd57c2094a665f_2,0,"['chair_98ef942e35e90be3de8d5f2cba401802_013.png', 'chair_50b4851d6e067f9bdfcd57c2094a665f_006.png', 'chair_50b4851d6e067f9bdfcd57c2094a665f_008.png']"
banktrial,chair_cluster0,chair_c0_b44d32061d313fc1b7a3c315f744bdd8_0,1,"['chair_b44d32061d313fc1b7a3c315f744bdd8_004.png', 'chair_d5b9579151041cbd9b9f2eb77f5e247e_013.png', 'chair_b44d32061d313fc1b7a3c315f744bdd8_012.png']"
banktrial,chair_cluster0,chair_c0_b44d32061d313fc1b7a3c315f744bdd8_1,0,"['chair_52a7930e87e75591a78e44eefea09073_008.png', 'chair_b44d32061d313fc1b7a3c315f744bdd8_001.png', 'chair_b44d32061d313fc1b7a3c315f744bdd8_000.png']"
banktrial,chair_cluster0,chair_c0_b44d32061d313fc1b7a3c315f744bdd8_2,0,"['chair_e9c9d998f7b0de3ca6afe5903a01a59_005.png', 'chair_b44d32061d313fc1b7a3c315f744bdd8_005.png', 'chair_b44d32061d313fc1b7a3c315f744bdd8_000.png']"
banktrial,chair_cluster0,chair_c0_79f86911bc86222a4e5aa1f8c960ae63_0,2,"['chair_79f86911bc86222a4e5aa1f8c960ae63_006.png', 'chair_79f86911bc86222a4e5aa1f8c960ae63_005.png', 'chair_b2bfe0be6956fe34f51f77a6d7299806_000.png']"
banktrial,chair_cluster0,chair_c0_79f86911bc86222a4e5aa1f8c960ae63_1,1,"['chair_79f86911bc86222a4e5aa1f8c960ae63_005.png', 'chair_3269630cf8dd9e87bfd5f349b1ab226_002.png', 'chair_79f86911bc86222a4e5aa1f8c960ae63_014.png']"
banktrial,chair_cluster0,chair_c0_79f86911bc86222a4e5aa1f8c960ae63_2,2,"['chair_79f86911bc86222a4e5aa1f8c960ae63_013.png', 'chair_79f86911bc86222a4e5aa1f8c960ae63_000.png', 'chair_3269630cf8dd9e87bfd5f349b1ab226_000.png']"
banktrial,chair_cluster0,chair_c0_df23ca11080bb439676c272956dad3c2_0,0,"['chair_40f188600cf8362b654ea6737b0d3597_006.png', 'chair_df23ca11080bb439676c272956dad3c2_012.png', 'chair_df23ca11080bb439676c272956dad3c2_009.png']"
banktrial,chair_cluster0,chair_c0_df23ca11080bb439676c272956dad3c2_1,2,"['chair_df23ca11080bb439676c272956dad3c2_004.png', 'chair_df23ca11080bb439676c272956dad3c2_008.png', 'chair_fa277e2693cba669731d11154716a6b8_000.png']"
banktrial,chair_cluster0,chair_c0_df23ca11080bb439676c272956dad3c2_2,0,"['chair_74518f7c342b49191030665054ebb2a9_001.png', 'chair_df23ca11080bb439676c272956dad3c2_002.png', 'chair_df23ca11080bb439676c272956dad3c2_007.png']"
banktrial,chair_cluster0,chair_c0_b2bfe0be6956fe34f51f77a6d7299806_0,0,"['chair_79f86911bc86222a4e5aa1f8c960ae63_002.png', 'chair_b2bfe0be6956fe34f51f77a6d7299806_012.png', 'chair_b2bfe0be6956fe34f51f77a6d7299806_014.png']"
banktrial,chair_cluster0,chair_c0_b2bfe0be6956fe34f51f77a6d7299806_1,2,"['chair_b2bfe0be6956fe34f51f77a6d7299806_011.png', 'chair_b2bfe0be6956fe34f51f77a6d7299806_003.png', 'chair_8be5b3b2c8c8f067a341228b21d337a9_006.png']"
banktrial,chair_cluster0,chair_c0_b2bfe0be6956fe34f51f77a6d7299806_2,1,"['chair_b2bfe0be6956fe34f51f77a6d7299806_009.png', 'chair_5283a98b5c693e64ebefe6b1d594ad2e_004.png', 'chair_b2bfe0be6956fe34f51f77a6d7299806_006.png']"
banktrial,chair_cluster0,chair_c0_9fae8d94a028e9ec2818b21315fe1bde_0,2,"['chair_9fae8d94a028e9ec2818b21315fe1bde_006.png', 'chair_9fae8d94a028e9ec2818b21315fe1bde_013.png', 'chair_317b404839dea88d827b401415ba9e3c_013.png']"
banktrial,chair_cluster0,chair_c0_9fae8d94a028e9ec2818b21315fe1bde_1,2,"['chair_9fae8d94a028e9ec2818b21315fe1bde_010.png', 'chair_9fae8d94a028e9ec2818b21315fe1bde_012.png', 'chair_fe31beab802cfc56c2bcda262700befe_005.png']"
banktrial,chair_cluster0,chair_c0_9fae8d94a028e9ec2818b21315fe1bde_2,0,"['chair_df23ca11080bb439676c272956dad3c2_004.png', 'chair_9fae8d94a028e9ec2818b21315fe1bde_010.png', 'chair_9fae8d94a028e9ec2818b21315fe1bde_002.png']"
banktrial,chair_cluster0,chair_c0_57406cae1c2978b40c306db1f141b05_0,2,"['chair_57406cae1c2978b40c306db1f141b05_008.png', 'chair_57406cae1c2978b40c306db1f141b05_010.png', 'chair_4e438ade91769be8c8687ff9b0b4e4ac_001.png']"
banktrial,chair_cluster0,chair_c0_57406cae1c2978b40c306db1f141b05_1,2,"['chair_57406cae1c2978b40c306db1f141b05_007.png', 'chair_57406cae1c2978b40c306db1f141b05_011.png', 'chair_e12ac2c1c707b7b2f45a7a3d26bcb6ad_014.png']"
banktrial,chair_cluster0,chair_c0_57406cae1c2978b40c306db1f141b05_2,1,"['chair_57406cae1c2978b40c306db1f141b05_004.png', 'chair_5283a98b5c693e64ebefe6b1d594ad2e_010.png', 'chair_57406cae1c2978b40c306db1f141b05_012.png']"
banktrial,chair_cluster0,chair_c0_c93a696c4b6f843122963ea1e168015d_0,0,"['chair_e9651bd689ba5c14713decb1a0563b12_009.png', 'chair_c93a696c4b6f843122963ea1e168015d_014.png', 'chair_c93a696c4b6f843122963ea1e168015d_001.png']"
banktrial,chair_cluster0,chair_c0_c93a696c4b6f843122963ea1e168015d_1,2,"['chair_c93a696c4b6f843122963ea1e168015d_010.png', 'chair_c93a696c4b6f843122963ea1e168015d_002.png', 'chair_e9c9d998f7b0de3ca6afe5903a01a59_011.png']"
banktrial,chair_cluster0,chair_c0_c93a696c4b6f843122963ea1e168015d_2,0,"['chair_bbe63bca5688ac6b7236a8143b10600f_012.png', 'chair_c93a696c4b6f843122963ea1e168015d_001.png', 'chair_c93a696c4b6f843122963ea1e168015d_012.png']"
banktrial,chair_cluster0,chair_c0_2bf69f0fa5be4c3f6ecea8cff53afe1a_0,1,"['chair_2bf69f0fa5be4c3f6ecea8cff53afe1a_010.png', 'chair_75135e879341721c1cf9f632ab9ad62b_000.png', 'chair_2bf69f0fa5be4c3f6ecea8cff53afe1a_006.png']"
banktrial,chair_cluster0,chair_c0_2bf69f0fa5be4c3f6ecea8cff53afe1a_1,1,"['chair_2bf69f0fa5be4c3f6ecea8cff53afe1a_007.png', 'chair_5283a98b5c693e64ebefe6b1d594ad2e_014.png', 'chair_2bf69f0fa5be4c3f6ecea8cff53afe1a_006.png']"
banktrial,chair_cluster0,chair_c0_2bf69f0fa5be4c3f6ecea8cff53afe1a_2,1,"['chair_2bf69f0fa5be4c3f6ecea8cff53afe1a_011.png', 'chair_75135e879341721c1cf9f632ab9ad62b_004.png', 'chair_2bf69f0fa5be4c3f6ecea8cff53afe1a_005.png']"
banktrial,chair_cluster0,chair_c0_fa277e2693cba669731d11154716a6b8_0,2,"['chair_fa277e2693cba669731d11154716a6b8_009.png', 'chair_fa277e2693cba669731d11154716a6b8_007.png', 'chair_40a9dd43155979e7c40cffb9454b27e_007.png']"
banktrial,chair_cluster0,chair_c0_fa277e2693cba669731d11154716a6b8_1,2,"['chair_fa277e2693cba669731d11154716a6b8_011.png', 'chair_fa277e2693cba669731d11154716a6b8_005.png', 'chair_74518f7c342b49191030665054ebb2a9_005.png']"
banktrial,chair_cluster0,chair_c0_fa277e2693cba669731d11154716a6b8_2,1,"['chair_fa277e2693cba669731d11154716a6b8_010.png', 'chair_3aab16309520fb21dc0a8cba62d9a78a_011.png', 'chair_fa277e2693cba669731d11154716a6b8_003.png']"
banktrial,chair_cluster0,chair_c0_3358536e8e7c416ea9ef8e11754eeede_0,1,"['chair_3358536e8e7c416ea9ef8e11754eeede_012.png', 'chair_6398eb498fa1c291ca22b08889f6ea0c_008.png', 'chair_3358536e8e7c416ea9ef8e11754eeede_011.png']"
banktrial,chair_cluster0,chair_c0_3358536e8e7c416ea9ef8e11754eeede_1,2,"['chair_3358536e8e7c416ea9ef8e11754eeede_004.png', 'chair_3358536e8e7c416ea9ef8e11754eeede_003.png', 'chair_317b404839dea88d827b401415ba9e3c_011.png']"
banktrial,chair_cluster0,chair_c0_3358536e8e7c416ea9ef8e11754eeede_2,0,"['chair_6398eb498fa1c291ca22b08889f6ea0c_002.png', 'chair_3358536e8e7c416ea9ef8e11754eeede_013.png', 'chair_3358536e8e7c416ea9ef8e11754eeede_004.png']"
banktrial,chair_cluster0,chair_c0_bbe63bca5688ac6b7236a8143b10600f_0,0,"['chair_b44d32061d313fc1b7a3c315f744bdd8_012.png', 'chair_bbe63bca5688ac6b7236a8143b10600f_006.png', 'chair_bbe63bca5688ac6b7236a8143b10600f_004.png']"
banktrial,chair_cluster0,chair_c0_bbe63bca5688ac6b7236a8143b10600f_1,2,"['chair_bbe63bca5688ac6b7236a8143b10600f_003.png', 'chair_bbe63bca5688ac6b7236a8143b10600f_011.png', 'chair_b44d32061d313fc1b7a3c315f744bdd8_002.png']"
banktrial,chair_cluster0,chair_c0_bbe63bca5688ac6b7236a8143b10600f_2,0,"['chair_3aab16309520fb21dc0a8cba62d9a78a_010.png', 'chair_bbe63bca5688ac6b7236a8143b10600f_002.png', 'chair_bbe63bca5688ac6b7236a8143b10600f_008.png']"
banktrial,chair_cluster0,chair_c0_8cb44a50906b827615e7ec87bf4cc5ab_0,1,"['chair_8cb44a50906b827615e7ec87bf4cc5ab_003.png', 'chair_ad64210b56ed1bbf9096ff01c3d5022b_009.png', 'chair_8cb44a50906b827615e7ec87bf4cc5ab_001.png']"
banktrial,chair_cluster0,chair_c0_8cb44a50906b827615e7ec87bf4cc5ab_1,2,"['chair_8cb44a50906b827615e7ec87bf4cc5ab_001.png', 'chair_8cb44a50906b827615e7ec87bf4cc5ab_004.png', 'chair_e3a838cb224367c59fce07ae6c046b8c_006.png']"
banktrial,chair_cluster0,chair_c0_8cb44a50906b827615e7ec87bf4cc5ab_2,1,"['chair_8cb44a50906b827615e7ec87bf4cc5ab_013.png', 'chair_58ef4177c711f38fe302d4da760c718f_003.png', 'chair_8cb44a50906b827615e7ec87bf4cc5ab_006.png']"
banktrial,chair_cluster0,chair_c0_4a2766bf63caa24a4abd5da3f5ea2512_0,0,"['chair_600f6f126d0b6c046dbda90cc7f3517e_000.png', 'chair_4a2766bf63caa24a4abd5da3f5ea2512_009.png', 'chair_4a2766bf63caa24a4abd5da3f5ea2512_004.png']"
banktrial,chair_cluster0,chair_c0_4a2766bf63caa24a4abd5da3f5ea2512_1,0,"['chair_2bcf0b0586570ffe6c63b8b48495261a_001.png', 'chair_4a2766bf63caa24a4abd5da3f5ea2512_005.png', 'chair_4a2766bf63caa24a4abd5da3f5ea2512_007.png']"
banktrial,chair_cluster0,chair_c0_4a2766bf63caa24a4abd5da3f5ea2512_2,1,"['chair_4a2766bf63caa24a4abd5da3f5ea2512_002.png', 'chair_3d7ebe5de86294b3f6bcd046624c43c9_007.png', 'chair_4a2766bf63caa24a4abd5da3f5ea2512_010.png']"
banktrial,chair_cluster0,chair_c0_4231883e92a3c1a21c62d11641ffbd35_0,1,"['chair_4231883e92a3c1a21c62d11641ffbd35_012.png', 'chair_3d7ebe5de86294b3f6bcd046624c43c9_014.png', 'chair_4231883e92a3c1a21c62d11641ffbd35_006.png']"
banktrial,chair_cluster0,chair_c0_4231883e92a3c1a21c62d11641ffbd35_1,0,"['chair_98ef942e35e90be3de8d5f2cba401802_010.png', 'chair_4231883e92a3c1a21c62d11641ffbd35_014.png', 'chair_4231883e92a3c1a21c62d11641ffbd35_002.png']"
banktrial,chair_cluster0,chair_c0_4231883e92a3c1a21c62d11641ffbd35_2,2,"['chair_4231883e92a3c1a21c62d11641ffbd35_005.png', 'chair_4231883e92a3c1a21c62d11641ffbd35_007.png', 'chair_89d2cbab56c5a1d7297056ac457c1c31_004.png']"
banktrial,chair_cluster0,chair_c0_6a0bd5d9ec4567d9d42216b5daf41a39_0,2,"['chair_6a0bd5d9ec4567d9d42216b5daf41a39_009.png', 'chair_6a0bd5d9ec4567d9d42216b5daf41a39_000.png', 'chair_4e438ade91769be8c8687ff9b0b4e4ac_005.png']"
banktrial,chair_cluster0,chair_c0_6a0bd5d9ec4567d9d42216b5daf41a39_1,2,"['chair_6a0bd5d9ec4567d9d42216b5daf41a39_014.png', 'chair_6a0bd5d9ec4567d9d42216b5daf41a39_000.png', 'chair_c0f2673cb32574014e972edcee1ee23_005.png']"
banktrial,chair_cluster0,chair_c0_6a0bd5d9ec4567d9d42216b5daf41a39_2,0,"['chair_e12ac2c1c707b7b2f45a7a3d26bcb6ad_002.png', 'chair_6a0bd5d9ec4567d9d42216b5daf41a39_005.png', 'chair_6a0bd5d9ec4567d9d42216b5daf41a39_001.png']"
banktrial,chair_cluster0,chair_c0_6398eb498fa1c291ca22b08889f6ea0c_0,0,"['chair_7ee09fdece7d9142afdb9a672b7d3b8a_006.png', 'chair_6398eb498fa1c291ca22b08889f6ea0c_008.png', 'chair_6398eb498fa1c291ca22b08889f6ea0c_005.png']"
banktrial,chair_cluster0,chair_c0_6398eb498fa1c291ca22b08889f6ea0c_1,0,"['chair_4e438ade91769be8c8687ff9b0b4e4ac_007.png', 'chair_6398eb498fa1c291ca22b08889f6ea0c_011.png', 'chair_6398eb498fa1c291ca22b08889f6ea0c_013.png']"
banktrial,chair_cluster0,chair_c0_6398eb498fa1c291ca22b08889f6ea0c_2,1,"['chair_6398eb498fa1c291ca22b08889f6ea0c_001.png', 'chair_4e438ade91769be8c8687ff9b0b4e4ac_013.png', 'chair_6398eb498fa1c291ca22b08889f6ea0c_006.png']"
banktrial,chair_cluster0,chair_c0_92242be674537e3df6e4c3538272fb27_0,2,"['chair_92242be674537e3df6e4c3538272fb27_013.png', 'chair_92242be674537e3df6e4c3538272fb27_006.png', 'chair_969730a19872b564fdb60f509d2616e0_003.png']"
banktrial,chair_cluster0,chair_c0_92242be674537e3df6e4c3538272fb27_1,1,"['chair_92242be674537e3df6e4c3538272fb27_004.png', 'chair_4428b7dc4b6696812905b6e26038a78_005.png', 'chair_92242be674537e3df6e4c3538272fb27_002.png']"
banktrial,chair_cluster0,chair_c0_92242be674537e3df6e4c3538272fb27_2,2,"['chair_92242be674537e3df6e4c3538272fb27_014.png', 'chair_92242be674537e3df6e4c3538272fb27_002.png', 'chair_4428b7dc4b6696812905b6e26038a78_009.png']"
banktrial,chair_cluster0,chair_c0_4003f4046a3a5ed9297936c81e7f6629_0,1,"['chair_4003f4046a3a5ed9297936c81e7f6629_010.png', 'chair_e9651bd689ba5c14713decb1a0563b12_006.png', 'chair_4003f4046a3a5ed9297936c81e7f6629_004.png']"
banktrial,chair_cluster0,chair_c0_4003f4046a3a5ed9297936c81e7f6629_1,2,"['chair_4003f4046a3a5ed9297936c81e7f6629_011.png', 'chair_4003f4046a3a5ed9297936c81e7f6629_000.png', 'chair_2bd045838a2282ab5205884f75aba3a_009.png']"
banktrial,chair_cluster0,chair_c0_4003f4046a3a5ed9297936c81e7f6629_2,1,"['chair_4003f4046a3a5ed9297936c81e7f6629_012.png', 'chair_372118e3595c328c713decb1a0563b12_000.png', 'chair_4003f4046a3a5ed9297936c81e7f6629_010.png']"
banktrial,chair_cluster0,chair_c0_4ae919ca418d3625d30ba6a673002f3e_0,2,"['chair_4ae919ca418d3625d30ba6a673002f3e_004.png', 'chair_4ae919ca418d3625d30ba6a673002f3e_014.png', 'chair_e3a838cb224367c59fce07ae6c046b8c_010.png']"
banktrial,chair_cluster0,chair_c0_4ae919ca418d3625d30ba6a673002f3e_1,2,"['chair_4ae919ca418d3625d30ba6a673002f3e_004.png', 'chair_4ae919ca418d3625d30ba6a673002f3e_008.png', 'chair_4e26eab28703c12bdd5f3f2440a93d21_009.png']"
banktrial,chair_cluster0,chair_c0_4ae919ca418d3625d30ba6a673002f3e_2,2,"['chair_4ae919ca418d3625d30ba6a673002f3e_005.png', 'chair_4ae919ca418d3625d30ba6a673002f3e_002.png', 'chair_b44d32061d313fc1b7a3c315f744bdd8_011.png']"
banktrial,chair_cluster0,chair_c0_6fa2db75b28cc1375c728bbce49718a0_0,0,"['chair_98ef942e35e90be3de8d5f2cba401802_013.png', 'chair_6fa2db75b28cc1375c728bbce49718a0_007.png', 'chair_6fa2db75b28cc1375c728bbce49718a0_013.png']"
banktrial,chair_cluster0,chair_c0_6fa2db75b28cc1375c728bbce49718a0_1,1,"['chair_6fa2db75b28cc1375c728bbce49718a0_013.png', 'chair_98ef942e35e90be3de8d5f2cba401802_008.png', 'chair_6fa2db75b28cc1375c728bbce49718a0_009.png']"
banktrial,chair_cluster0,chair_c0_6fa2db75b28cc1375c728bbce49718a0_2,0,"['chair_447a5eee395026fa8d09bc92d0fc6d3a_010.png', 'chair_6fa2db75b28cc1375c728bbce49718a0_010.png', 'chair_6fa2db75b28cc1375c728bbce49718a0_011.png']"
banktrial,chair_cluster0,chair_c0_445d6cef46b853ee713decb1a0563b12_0,2,"['chair_445d6cef46b853ee713decb1a0563b12_012.png', 'chair_445d6cef46b853ee713decb1a0563b12_005.png', 'chair_d5b9579151041cbd9b9f2eb77f5e247e_005.png']"
banktrial,chair_cluster0,chair_c0_445d6cef46b853ee713decb1a0563b12_1,2,"['chair_445d6cef46b853ee713decb1a0563b12_005.png', 'chair_445d6cef46b853ee713decb1a0563b12_001.png', 'chair_4ae919ca418d3625d30ba6a673002f3e_010.png']"
banktrial,chair_cluster0,chair_c0_445d6cef46b853ee713decb1a0563b12_2,1,"['chair_445d6cef46b853ee713decb1a0563b12_010.png', 'chair_4e26eab28703c12bdd5f3f2440a93d21_008.png', 'chair_445d6cef46b853ee713decb1a0563b12_012.png']"
banktrial,chair_cluster0,chair_c0_cd238045ebff9be59186f15d520c12ad_0,1,"['chair_cd238045ebff9be59186f15d520c12ad_007.png', 'chair_da918b121ca55feb9b9f2eb77f5e247e_012.png', 'chair_cd238045ebff9be59186f15d520c12ad_014.png']"
banktrial,chair_cluster0,chair_c0_cd238045ebff9be59186f15d520c12ad_1,1,"['chair_cd238045ebff9be59186f15d520c12ad_007.png', 'chair_8b39b501c9fa4d349b9f2eb77f5e247e_000.png', 'chair_cd238045ebff9be59186f15d520c12ad_009.png']"
banktrial,chair_cluster0,chair_c0_cd238045ebff9be59186f15d520c12ad_2,1,"['chair_cd238045ebff9be59186f15d520c12ad_012.png', 'chair_4e26eab28703c12bdd5f3f2440a93d21_012.png', 'chair_cd238045ebff9be59186f15d520c12ad_007.png']"
banktrial,chair_cluster0,chair_c0_f1167a0c4bfc1f3fcf004563556ddb36_0,0,"['chair_2bd045838a2282ab5205884f75aba3a_011.png', 'chair_f1167a0c4bfc1f3fcf004563556ddb36_000.png', 'chair_f1167a0c4bfc1f3fcf004563556ddb36_008.png']"
banktrial,chair_cluster0,chair_c0_f1167a0c4bfc1f3fcf004563556ddb36_1,0,"['chair_4e438ade91769be8c8687ff9b0b4e4ac_006.png', 'chair_f1167a0c4bfc1f3fcf004563556ddb36_006.png', 'chair_f1167a0c4bfc1f3fcf004563556ddb36_007.png']"
banktrial,chair_cluster0,chair_c0_f1167a0c4bfc1f3fcf004563556ddb36_2,2,"['chair_f1167a0c4bfc1f3fcf004563556ddb36_011.png', 'chair_f1167a0c4bfc1f3fcf004563556ddb36_008.png', 'chair_40f188600cf8362b654ea6737b0d3597_008.png']"
banktrial,chair_cluster0,chair_c0_cbfa51dd6b795262774ba10f0bcc178a_0,0,"['chair_7715c9c229d80afaf487e71bd57b6e0c_014.png', 'chair_cbfa51dd6b795262774ba10f0bcc178a_005.png', 'chair_cbfa51dd6b795262774ba10f0bcc178a_013.png']"
banktrial,chair_cluster0,chair_c0_cbfa51dd6b795262774ba10f0bcc178a_1,0,"['chair_fe99f16c2532cdd07ba99ad16fdc05cd_004.png', 'chair_cbfa51dd6b795262774ba10f0bcc178a_013.png', 'chair_cbfa51dd6b795262774ba10f0bcc178a_010.png']"
banktrial,chair_cluster0,chair_c0_cbfa51dd6b795262774ba10f0bcc178a_2,1,"['chair_cbfa51dd6b795262774ba10f0bcc178a_009.png', 'chair_2bcf0b0586570ffe6c63b8b48495261a_003.png', 'chair_cbfa51dd6b795262774ba10f0bcc178a_007.png']"
banktrial,chair_cluster0,chair_c0_75135e879341721c1cf9f632ab9ad62b_0,1,"['chair_75135e879341721c1cf9f632ab9ad62b_000.png', 'chair_4e26eab28703c12bdd5f3f2440a93d21_005.png', 'chair_75135e879341721c1cf9f632ab9ad62b_010.png']"
banktrial,chair_cluster0,chair_c0_75135e879341721c1cf9f632ab9ad62b_1,2,"['chair_75135e879341721c1cf9f632ab9ad62b_006.png', 'chair_75135e879341721c1cf9f632ab9ad62b_009.png', 'chair_da918b121ca55feb9b9f2eb77f5e247e_001.png']"
banktrial,chair_cluster0,chair_c0_75135e879341721c1cf9f632ab9ad62b_2,2,"['chair_75135e879341721c1cf9f632ab9ad62b_011.png', 'chair_75135e879341721c1cf9f632ab9ad62b_014.png', 'chair_b44d32061d313fc1b7a3c315f744bdd8_009.png']"
banktrial,chair_cluster0,chair_c0_da918b121ca55feb9b9f2eb77f5e247e_0,0,"['chair_2a8b0d30928d3161f7b783634bf3f92f_010.png', 'chair_da918b121ca55feb9b9f2eb77f5e247e_004.png', 'chair_da918b121ca55feb9b9f2eb77f5e247e_002.png']"
banktrial,chair_cluster0,chair_c0_da918b121ca55feb9b9f2eb77f5e247e_1,1,"['chair_da918b121ca55feb9b9f2eb77f5e247e_011.png', 'chair_2a8b0d30928d3161f7b783634bf3f92f_013.png', 'chair_da918b121ca55feb9b9f2eb77f5e247e_009.png']"
banktrial,chair_cluster0,chair_c0_da918b121ca55feb9b9f2eb77f5e247e_2,1,"['chair_da918b121ca55feb9b9f2eb77f5e247e_011.png', 'chair_d5b9579151041cbd9b9f2eb77f5e247e_010.png', 'chair_da918b121ca55feb9b9f2eb77f5e247e_010.png']"
banktrial,chair_cluster0,chair_c0_4a24652fbf2bed7e93583c67df8faf1_0,2,"['chair_4a24652fbf2bed7e93583c67df8faf1_013.png', 'chair_4a24652fbf2bed7e93583c67df8faf1_010.png', 'chair_f2ef238e2e4615e92cf8e80367b40c9a_009.png']"
banktrial,chair_cluster0,chair_c0_4a24652fbf2bed7e93583c67df8faf1_1,1,"['chair_4a24652fbf2bed7e93583c67df8faf1_005.png', 'chair_9bbccaed652a88d0ad4feb1e0e9b77d9_008.png', 'chair_4a24652fbf2bed7e93583c67df8faf1_013.png']"
banktrial,chair_cluster0,chair_c0_4a24652fbf2bed7e93583c67df8faf1_2,2,"['chair_4a24652fbf2bed7e93583c67df8faf1_003.png', 'chair_4a24652fbf2bed7e93583c67df8faf1_008.png', 'chair_f2ef238e2e4615e92cf8e80367b40c9a_000.png']"
banktrial,chair_cluster0,chair_c0_1d2745e280ea2d513c8d0fdfb1cc2535_0,1,"['chair_1d2745e280ea2d513c8d0fdfb1cc2535_009.png', 'chair_6a7050042fbc77d5635418e95eea8a17_014.png', 'chair_1d2745e280ea2d513c8d0fdfb1cc2535_002.png']"
banktrial,chair_cluster0,chair_c0_1d2745e280ea2d513c8d0fdfb1cc2535_1,0,"['chair_6a7050042fbc77d5635418e95eea8a17_001.png', 'chair_1d2745e280ea2d513c8d0fdfb1cc2535_012.png', 'chair_1d2745e280ea2d513c8d0fdfb1cc2535_005.png']"
banktrial,chair_cluster0,chair_c0_1d2745e280ea2d513c8d0fdfb1cc2535_2,1,"['chair_1d2745e280ea2d513c8d0fdfb1cc2535_011.png', 'chair_40f188600cf8362b654ea6737b0d3597_007.png', 'chair_1d2745e280ea2d513c8d0fdfb1cc2535_003.png']"
banktrial,chair_cluster0,chair_c0_2bcf0b0586570ffe6c63b8b48495261a_0,2,"['chair_2bcf0b0586570ffe6c63b8b48495261a_000.png', 'chair_2bcf0b0586570ffe6c63b8b48495261a_007.png', 'chair_cd238045ebff9be59186f15d520c12ad_004.png']"
banktrial,chair_cluster0,chair_c0_2bcf0b0586570ffe6c63b8b48495261a_1,1,"['chair_2bcf0b0586570ffe6c63b8b48495261a_001.png', 'chair_600f6f126d0b6c046dbda90cc7f3517e_010.png', 'chair_2bcf0b0586570ffe6c63b8b48495261a_012.png']"
banktrial,chair_cluster0,chair_c0_2bcf0b0586570ffe6c63b8b48495261a_2,0,"['chair_ad64210b56ed1bbf9096ff01c3d5022b_008.png', 'chair_2bcf0b0586570ffe6c63b8b48495261a_011.png', 'chair_2bcf0b0586570ffe6c63b8b48495261a_003.png']"
banktrial,chair_cluster0,chair_c0_4e26eab28703c12bdd5f3f2440a93d21_0,0,"['chair_d5b9579151041cbd9b9f2eb77f5e247e_009.png', 'chair_4e26eab28703c12bdd5f3f2440a93d21_005.png', 'chair_4e26eab28703c12bdd5f3f2440a93d21_011.png']"
banktrial,chair_cluster0,chair_c0_4e26eab28703c12bdd5f3f2440a93d21_1,2,"['chair_4e26eab28703c12bdd5f3f2440a93d21_002.png', 'chair_4e26eab28703c12bdd5f3f2440a93d21_012.png', 'chair_da918b121ca55feb9b9f2eb77f5e247e_006.png']"
banktrial,chair_cluster0,chair_c0_4e26eab28703c12bdd5f3f2440a93d21_2,0,"['chair_cd238045ebff9be59186f15d520c12ad_011.png', 'chair_4e26eab28703c12bdd5f3f2440a93d21_003.png', 'chair_4e26eab28703c12bdd5f3f2440a93d21_004.png']"
banktrial,chair_cluster0,chair_c0_40a9dd43155979e7c40cffb9454b27e_0,1,"['chair_40a9dd43155979e7c40cffb9454b27e_000.png', 'chair_40f188600cf8362b654ea6737b0d3597_011.png', 'chair_40a9dd43155979e7c40cffb9454b27e_001.png']"
banktrial,chair_cluster0,chair_c0_40a9dd43155979e7c40cffb9454b27e_1,0,"['chair_fe31beab802cfc56c2bcda262700befe_008.png', 'chair_40a9dd43155979e7c40cffb9454b27e_000.png', 'chair_40a9dd43155979e7c40cffb9454b27e_009.png']"
banktrial,chair_cluster0,chair_c0_40a9dd43155979e7c40cffb9454b27e_2,1,"['chair_40a9dd43155979e7c40cffb9454b27e_001.png', 'chair_40f188600cf8362b654ea6737b0d3597_001.png', 'chair_40a9dd43155979e7c40cffb9454b27e_014.png']"
banktrial,chair_cluster0,chair_c0_52a7930e87e75591a78e44eefea09073_0,0,"['chair_3316a00869217c2632ed7dae08823495_011.png', 'chair_52a7930e87e75591a78e44eefea09073_007.png', 'chair_52a7930e87e75591a78e44eefea09073_000.png']"
banktrial,chair_cluster0,chair_c0_52a7930e87e75591a78e44eefea09073_1,2,"['chair_52a7930e87e75591a78e44eefea09073_007.png', 'chair_52a7930e87e75591a78e44eefea09073_009.png', 'chair_da918b121ca55feb9b9f2eb77f5e247e_012.png']"
banktrial,chair_cluster0,chair_c0_52a7930e87e75591a78e44eefea09073_2,2,"['chair_52a7930e87e75591a78e44eefea09073_003.png', 'chair_52a7930e87e75591a78e44eefea09073_006.png', 'chair_b44d32061d313fc1b7a3c315f744bdd8_004.png']"
banktrial,chair_cluster0,chair_c0_317b404839dea88d827b401415ba9e3c_0,2,"['chair_317b404839dea88d827b401415ba9e3c_002.png', 'chair_317b404839dea88d827b401415ba9e3c_008.png', 'chair_7ee09fdece7d9142afdb9a672b7d3b8a_002.png']"
banktrial,chair_cluster0,chair_c0_317b404839dea88d827b401415ba9e3c_1,1,"['chair_317b404839dea88d827b401415ba9e3c_001.png', 'chair_6a7050042fbc77d5635418e95eea8a17_014.png', 'chair_317b404839dea88d827b401415ba9e3c_011.png']"
banktrial,chair_cluster0,chair_c0_317b404839dea88d827b401415ba9e3c_2,2,"['chair_317b404839dea88d827b401415ba9e3c_000.png', 'chair_317b404839dea88d827b401415ba9e3c_008.png', 'chair_40a9dd43155979e7c40cffb9454b27e_001.png']"
banktrial,chair_cluster0,chair_c0_59f4a5d8390c3c3d5fce6078044eb87_0,1,"['chair_59f4a5d8390c3c3d5fce6078044eb87_014.png', 'chair_7ee09fdece7d9142afdb9a672b7d3b8a_002.png', 'chair_59f4a5d8390c3c3d5fce6078044eb87_005.png']"
banktrial,chair_cluster0,chair_c0_59f4a5d8390c3c3d5fce6078044eb87_1,2,"['chair_59f4a5d8390c3c3d5fce6078044eb87_000.png', 'chair_59f4a5d8390c3c3d5fce6078044eb87_007.png', 'chair_2bf69f0fa5be4c3f6ecea8cff53afe1a_000.png']"
banktrial,chair_cluster0,chair_c0_59f4a5d8390c3c3d5fce6078044eb87_2,1,"['chair_59f4a5d8390c3c3d5fce6078044eb87_007.png', 'chair_a1adf14b24469f8835acfdef2ece21c0_005.png', 'chair_59f4a5d8390c3c3d5fce6078044eb87_012.png']"
banktrial,chair_cluster0,chair_c0_d5b9579151041cbd9b9f2eb77f5e247e_0,1,"['chair_d5b9579151041cbd9b9f2eb77f5e247e_003.png', 'chair_da918b121ca55feb9b9f2eb77f5e247e_008.png', 'chair_d5b9579151041cbd9b9f2eb77f5e247e_004.png']"
banktrial,chair_cluster0,chair_c0_d5b9579151041cbd9b9f2eb77f5e247e_1,1,"['chair_d5b9579151041cbd9b9f2eb77f5e247e_006.png', 'chair_cd238045ebff9be59186f15d520c12ad_002.png', 'chair_d5b9579151041cbd9b9f2eb77f5e247e_010.png']"
banktrial,chair_cluster0,chair_c0_d5b9579151041cbd9b9f2eb77f5e247e_2,1,"['chair_d5b9579151041cbd9b9f2eb77f5e247e_005.png', 'chair_b44d32061d313fc1b7a3c315f744bdd8_010.png', 'chair_d5b9579151041cbd9b9f2eb77f5e247e_008.png']"
banktrial,chair_cluster0,chair_c0_e12ac2c1c707b7b2f45a7a3d26bcb6ad_0,0,"['chair_c0f2673cb32574014e972edcee1ee23_014.png', 'chair_e12ac2c1c707b7b2f45a7a3d26bcb6ad_003.png', 'chair_e12ac2c1c707b7b2f45a7a3d26bcb6ad_009.png']"
banktrial,chair_cluster0,chair_c0_e12ac2c1c707b7b2f45a7a3d26bcb6ad_1,1,"['chair_e12ac2c1c707b7b2f45a7a3d26bcb6ad_007.png', 'chair_4e438ade91769be8c8687ff9b0b4e4ac_003.png', 'chair_e12ac2c1c707b7b2f45a7a3d26bcb6ad_010.png']"
banktrial,chair_cluster0,chair_c0_e12ac2c1c707b7b2f45a7a3d26bcb6ad_2,1,"['chair_e12ac2c1c707b7b2f45a7a3d26bcb6ad_006.png', 'chair_317b404839dea88d827b401415ba9e3c_012.png', 'chair_e12ac2c1c707b7b2f45a7a3d26bcb6ad_013.png']"
banktrial,chair_cluster0,chair_c0_fe99f16c2532cdd07ba99ad16fdc05cd_0,1,"['chair_fe99f16c2532cdd07ba99ad16fdc05cd_009.png', 'chair_600f6f126d0b6c046dbda90cc7f3517e_006.png', 'chair_fe99f16c2532cdd07ba99ad16fdc05cd_013.png']"
banktrial,chair_cluster0,chair_c0_fe99f16c2532cdd07ba99ad16fdc05cd_1,2,"['chair_fe99f16c2532cdd07ba99ad16fdc05cd_003.png', 'chair_fe99f16c2532cdd07ba99ad16fdc05cd_014.png', 'chair_2bcf0b0586570ffe6c63b8b48495261a_013.png']"
banktrial,chair_cluster0,chair_c0_fe99f16c2532cdd07ba99ad16fdc05cd_2,0,"['chair_1b8e84935fdc3ec82be289de70e8db31_003.png', 'chair_fe99f16c2532cdd07ba99ad16fdc05cd_000.png', 'chair_fe99f16c2532cdd07ba99ad16fdc05cd_013.png']"
banktrial,chair_cluster0,chair_c0_79030f846b4dee0f9d709998b2d6e774_0,0,"['chair_b2bfe0be6956fe34f51f77a6d7299806_006.png', 'chair_79030f846b4dee0f9d709998b2d6e774_012.png', 'chair_79030f846b4dee0f9d709998b2d6e774_006.png']"
banktrial,chair_cluster0,chair_c0_79030f846b4dee0f9d709998b2d6e774_1,0,"['chair_510fdcfcba1bc18ea1081ad712f6fb3_003.png', 'chair_79030f846b4dee0f9d709998b2d6e774_011.png', 'chair_79030f846b4dee0f9d709998b2d6e774_014.png']"
banktrial,chair_cluster0,chair_c0_79030f846b4dee0f9d709998b2d6e774_2,2,"['chair_79030f846b4dee0f9d709998b2d6e774_012.png', 'chair_79030f846b4dee0f9d709998b2d6e774_007.png', 'chair_e3a838cb224367c59fce07ae6c046b8c_011.png']"
banktrial,chair_cluster0,chair_c0_372118e3595c328c713decb1a0563b12_0,1,"['chair_372118e3595c328c713decb1a0563b12_003.png', 'chair_3316a00869217c2632ed7dae08823495_004.png', 'chair_372118e3595c328c713decb1a0563b12_012.png']"
banktrial,chair_cluster0,chair_c0_372118e3595c328c713decb1a0563b12_1,1,"['chair_372118e3595c328c713decb1a0563b12_000.png', 'chair_cd238045ebff9be59186f15d520c12ad_012.png', 'chair_372118e3595c328c713decb1a0563b12_005.png']"
banktrial,chair_cluster0,chair_c0_372118e3595c328c713decb1a0563b12_2,1,"['chair_372118e3595c328c713decb1a0563b12_001.png', 'chair_e9c9d998f7b0de3ca6afe5903a01a59_006.png', 'chair_372118e3595c328c713decb1a0563b12_004.png']"
banktrial,chair_cluster0,chair_c0_81e60b07ea1090bf58e4244f8066a2ba_0,0,"['chair_50b4851d6e067f9bdfcd57c2094a665f_011.png', 'chair_81e60b07ea1090bf58e4244f8066a2ba_004.png', 'chair_81e60b07ea1090bf58e4244f8066a2ba_012.png']"
banktrial,chair_cluster0,chair_c0_81e60b07ea1090bf58e4244f8066a2ba_1,2,"['chair_81e60b07ea1090bf58e4244f8066a2ba_006.png', 'chair_81e60b07ea1090bf58e4244f8066a2ba_010.png', 'chair_89d2cbab56c5a1d7297056ac457c1c31_002.png']"
banktrial,chair_cluster0,chair_c0_81e60b07ea1090bf58e4244f8066a2ba_2,1,"['chair_81e60b07ea1090bf58e4244f8066a2ba_008.png', 'chair_40f188600cf8362b654ea6737b0d3597_004.png', 'chair_81e60b07ea1090bf58e4244f8066a2ba_013.png']"
banktrial,chair_cluster0,chair_c0_e3a838cb224367c59fce07ae6c046b8c_0,1,"['chair_e3a838cb224367c59fce07ae6c046b8c_001.png', 'chair_b44d32061d313fc1b7a3c315f744bdd8_013.png', 'chair_e3a838cb224367c59fce07ae6c046b8c_012.png']"
banktrial,chair_cluster0,chair_c0_e3a838cb224367c59fce07ae6c046b8c_1,1,"['chair_e3a838cb224367c59fce07ae6c046b8c_008.png', 'chair_f8c5604f39699e0fbbc2b2aef664ba29_013.png', 'chair_e3a838cb224367c59fce07ae6c046b8c_011.png']"
banktrial,chair_cluster0,chair_c0_e3a838cb224367c59fce07ae6c046b8c_2,2,"['chair_e3a838cb224367c59fce07ae6c046b8c_002.png', 'chair_e3a838cb224367c59fce07ae6c046b8c_013.png', 'chair_445d6cef46b853ee713decb1a0563b12_000.png']"
banktrial,chair_cluster0,chair_c0_4cc4cb9b533e8b84b04cb542e2c50eb4_0,2,"['chair_4cc4cb9b533e8b84b04cb542e2c50eb4_003.png', 'chair_4cc4cb9b533e8b84b04cb542e2c50eb4_005.png', 'chair_6549c13a4c96b926f51fa0238791f5dc_007.png']"
banktrial,chair_cluster0,chair_c0_4cc4cb9b533e8b84b04cb542e2c50eb4_1,0,"['chair_91de3157ea61d943f27383fc5a5a711c_002.png', 'chair_4cc4cb9b533e8b84b04cb542e2c50eb4_002.png', 'chair_4cc4cb9b533e8b84b04cb542e2c50eb4_001.png']"
banktrial,chair_cluster0,chair_c0_4cc4cb9b533e8b84b04cb542e2c50eb4_2,2,"['chair_4cc4cb9b533e8b84b04cb542e2c50eb4_004.png', 'chair_4cc4cb9b533e8b84b04cb542e2c50eb4_005.png', 'chair_b2bfe0be6956fe34f51f77a6d7299806_012.png']"
banktrial,chair_cluster0,chair_c0_40f188600cf8362b654ea6737b0d3597_0,2,"['chair_40f188600cf8362b654ea6737b0d3597_009.png', 'chair_40f188600cf8362b654ea6737b0d3597_005.png', 'chair_6a7050042fbc77d5635418e95eea8a17_011.png']"
banktrial,chair_cluster0,chair_c0_40f188600cf8362b654ea6737b0d3597_1,2,"['chair_40f188600cf8362b654ea6737b0d3597_009.png', 'chair_40f188600cf8362b654ea6737b0d3597_014.png', 'chair_59f4a5d8390c3c3d5fce6078044eb87_012.png']"
banktrial,chair_cluster0,chair_c0_40f188600cf8362b654ea6737b0d3597_2,1,"['chair_40f188600cf8362b654ea6737b0d3597_014.png', 'chair_e62b187f6741283bd8f27b2e727c3511_005.png', 'chair_40f188600cf8362b654ea6737b0d3597_012.png']"
banktrial,chair_cluster0,chair_c0_28d3e0a4e4201ddb19ed4d1541e44f14_0,2,"['chair_28d3e0a4e4201ddb19ed4d1541e44f14_013.png', 'chair_28d3e0a4e4201ddb19ed4d1541e44f14_004.png', 'chair_fe99f16c2532cdd07ba99ad16fdc05cd_014.png']"
banktrial,chair_cluster0,chair_c0_28d3e0a4e4201ddb19ed4d1541e44f14_1,2,"['chair_28d3e0a4e4201ddb19ed4d1541e44f14_009.png', 'chair_28d3e0a4e4201ddb19ed4d1541e44f14_000.png', 'chair_cbfa51dd6b795262774ba10f0bcc178a_001.png']"
banktrial,chair_cluster0,chair_c0_28d3e0a4e4201ddb19ed4d1541e44f14_2,2,"['chair_28d3e0a4e4201ddb19ed4d1541e44f14_007.png', 'chair_28d3e0a4e4201ddb19ed4d1541e44f14_000.png', 'chair_fe99f16c2532cdd07ba99ad16fdc05cd_001.png']"
banktrial,chair_cluster0,chair_c0_dee24ea8622e2005dd0e1ff930f92c75_0,2,"['chair_dee24ea8622e2005dd0e1ff930f92c75_009.png', 'chair_dee24ea8622e2005dd0e1ff930f92c75_004.png', 'chair_8cb44a50906b827615e7ec87bf4cc5ab_000.png']"
banktrial,chair_cluster0,chair_c0_dee24ea8622e2005dd0e1ff930f92c75_1,1,"['chair_dee24ea8622e2005dd0e1ff930f92c75_007.png', 'chair_ad64210b56ed1bbf9096ff01c3d5022b_010.png', 'chair_dee24ea8622e2005dd0e1ff930f92c75_003.png']"
banktrial,chair_cluster0,chair_c0_dee24ea8622e2005dd0e1ff930f92c75_2,1,"['chair_dee24ea8622e2005dd0e1ff930f92c75_013.png', 'chair_94b55dcb770626d9c8687ff9b0b4e4ac_008.png', 'chair_dee24ea8622e2005dd0e1ff930f92c75_001.png']"
banktrial,chair_cluster0,chair_c0_f2ef238e2e4615e92cf8e80367b40c9a_0,1,"['chair_f2ef238e2e4615e92cf8e80367b40c9a_008.png', 'chair_7ee09fdece7d9142afdb9a672b7d3b8a_012.png', 'chair_f2ef238e2e4615e92cf8e80367b40c9a_000.png']"
banktrial,chair_cluster0,chair_c0_f2ef238e2e4615e92cf8e80367b40c9a_1,2,"['chair_f2ef238e2e4615e92cf8e80367b40c9a_005.png', 'chair_f2ef238e2e4615e92cf8e80367b40c9a_008.png', 'chair_4e438ade91769be8c8687ff9b0b4e4ac_014.png']"
banktrial,chair_cluster0,chair_c0_f2ef238e2e4615e92cf8e80367b40c9a_2,0,"['chair_9bbccaed652a88d0ad4feb1e0e9b77d9_007.png', 'chair_f2ef238e2e4615e92cf8e80367b40c9a_014.png', 'chair_f2ef238e2e4615e92cf8e80367b40c9a_004.png']"
banktrial,chair_cluster0,chair_c0_5ab67b30e17a2ed1c862eec8232fff1e_0,2,"['chair_5ab67b30e17a2ed1c862eec8232fff1e_003.png', 'chair_5ab67b30e17a2ed1c862eec8232fff1e_013.png', 'chair_3aab16309520fb21dc0a8cba62d9a78a_014.png']"
banktrial,chair_cluster0,chair_c0_5ab67b30e17a2ed1c862eec8232fff1e_1,0,"['chair_6a7050042fbc77d5635418e95eea8a17_001.png', 'chair_5ab67b30e17a2ed1c862eec8232fff1e_011.png', 'chair_5ab67b30e17a2ed1c862eec8232fff1e_001.png']"
banktrial,chair_cluster0,chair_c0_5ab67b30e17a2ed1c862eec8232fff1e_2,2,"['chair_5ab67b30e17a2ed1c862eec8232fff1e_012.png', 'chair_5ab67b30e17a2ed1c862eec8232fff1e_011.png', 'chair_447a5eee395026fa8d09bc92d0fc6d3a_010.png']"
banktrial,chair_cluster0,chair_c0_7715c9c229d80afaf487e71bd57b6e0c_0,2,"['chair_7715c9c229d80afaf487e71bd57b6e0c_002.png', 'chair_7715c9c229d80afaf487e71bd57b6e0c_012.png', 'chair_1b8e84935fdc3ec82be289de70e8db31_003.png']"
banktrial,chair_cluster0,chair_c0_7715c9c229d80afaf487e71bd57b6e0c_1,1,"['chair_7715c9c229d80afaf487e71bd57b6e0c_001.png', 'chair_1b8e84935fdc3ec82be289de70e8db31_013.png', 'chair_7715c9c229d80afaf487e71bd57b6e0c_010.png']"
banktrial,chair_cluster0,chair_c0_7715c9c229d80afaf487e71bd57b6e0c_2,2,"['chair_7715c9c229d80afaf487e71bd57b6e0c_010.png', 'chair_7715c9c229d80afaf487e71bd57b6e0c_012.png', 'chair_cbfa51dd6b795262774ba10f0bcc178a_000.png']"
banktrial,chair_cluster0,chair_c0_8b4b176d9393676d5e1f306d831137e1_0,2,"['chair_8b4b176d9393676d5e1f306d831137e1_009.png', 'chair_8b4b176d9393676d5e1f306d831137e1_012.png', 'chair_79030f846b4dee0f9d709998b2d6e774_014.png']"
banktrial,chair_cluster0,chair_c0_8b4b176d9393676d5e1f306d831137e1_1,2,"['chair_8b4b176d9393676d5e1f306d831137e1_007.png', 'chair_8b4b176d9393676d5e1f306d831137e1_014.png', 'chair_40f188600cf8362b654ea6737b0d3597_001.png']"
banktrial,chair_cluster0,chair_c0_8b4b176d9393676d5e1f306d831137e1_2,1,"['chair_8b4b176d9393676d5e1f306d831137e1_004.png', 'chair_b2bfe0be6956fe34f51f77a6d7299806_012.png', 'chair_8b4b176d9393676d5e1f306d831137e1_003.png']"
banktrial,chair_cluster0,chair_c0_94b55dcb770626d9c8687ff9b0b4e4ac_0,0,"['chair_dee24ea8622e2005dd0e1ff930f92c75_007.png', 'chair_94b55dcb770626d9c8687ff9b0b4e4ac_006.png', 'chair_94b55dcb770626d9c8687ff9b0b4e4ac_009.png']"
banktrial,chair_cluster0,chair_c0_94b55dcb770626d9c8687ff9b0b4e4ac_1,0,"['chair_52a7930e87e75591a78e44eefea09073_004.png', 'chair_94b55dcb770626d9c8687ff9b0b4e4ac_010.png', 'chair_94b55dcb770626d9c8687ff9b0b4e4ac_001.png']"
banktrial,chair_cluster0,chair_c0_94b55dcb770626d9c8687ff9b0b4e4ac_2,1,"['chair_94b55dcb770626d9c8687ff9b0b4e4ac_009.png', 'chair_cd238045ebff9be59186f15d520c12ad_009.png', 'chair_94b55dcb770626d9c8687ff9b0b4e4ac_010.png']"
banktrial,chair_cluster0,chair_c0_510fdcfcba1bc18ea1081ad712f6fb3_0,2,"['chair_510fdcfcba1bc18ea1081ad712f6fb3_008.png', 'chair_510fdcfcba1bc18ea1081ad712f6fb3_003.png', 'chair_3269630cf8dd9e87bfd5f349b1ab226_008.png']"
banktrial,chair_cluster0,chair_c0_510fdcfcba1bc18ea1081ad712f6fb3_1,2,"['chair_510fdcfcba1bc18ea1081ad712f6fb3_007.png', 'chair_510fdcfcba1bc18ea1081ad712f6fb3_009.png', 'chair_8be5b3b2c8c8f067a341228b21d337a9_008.png']"
banktrial,chair_cluster0,chair_c0_510fdcfcba1bc18ea1081ad712f6fb3_2,0,"['chair_2b9fa5950d81d925cf004563556ddb36_005.png', 'chair_510fdcfcba1bc18ea1081ad712f6fb3_004.png', 'chair_510fdcfcba1bc18ea1081ad712f6fb3_012.png']"
banktrial,chair_cluster0,chair_c0_91de3157ea61d943f27383fc5a5a711c_0,2,"['chair_91de3157ea61d943f27383fc5a5a711c_011.png', 'chair_91de3157ea61d943f27383fc5a5a711c_002.png', 'chair_4cc4cb9b533e8b84b04cb542e2c50eb4_007.png']"
banktrial,chair_cluster0,chair_c0_91de3157ea61d943f27383fc5a5a711c_1,2,"['chair_91de3157ea61d943f27383fc5a5a711c_003.png', 'chair_91de3157ea61d943f27383fc5a5a711c_005.png', 'chair_4cc4cb9b533e8b84b04cb542e2c50eb4_006.png']"
banktrial,chair_cluster0,chair_c0_91de3157ea61d943f27383fc5a5a711c_2,2,"['chair_91de3157ea61d943f27383fc5a5a711c_005.png', 'chair_91de3157ea61d943f27383fc5a5a711c_011.png', 'chair_3269630cf8dd9e87bfd5f349b1ab226_006.png']"
banktrial,chair_cluster0,chair_c0_58ef4177c711f38fe302d4da760c718f_0,1,"['chair_58ef4177c711f38fe302d4da760c718f_002.png', 'chair_4e26eab28703c12bdd5f3f2440a93d21_005.png', 'chair_58ef4177c711f38fe302d4da760c718f_001.png']"
banktrial,chair_cluster0,chair_c0_58ef4177c711f38fe302d4da760c718f_1,1,"['chair_58ef4177c711f38fe302d4da760c718f_011.png', 'chair_8cb44a50906b827615e7ec87bf4cc5ab_010.png', 'chair_58ef4177c711f38fe302d4da760c718f_013.png']"
banktrial,chair_cluster0,chair_c0_58ef4177c711f38fe302d4da760c718f_2,1,"['chair_58ef4177c711f38fe302d4da760c718f_003.png', 'chair_8cb44a50906b827615e7ec87bf4cc5ab_000.png', 'chair_58ef4177c711f38fe302d4da760c718f_004.png']"
banktrial,chair_cluster0,chair_c0_e62b187f6741283bd8f27b2e727c3511_0,2,"['chair_e62b187f6741283bd8f27b2e727c3511_009.png', 'chair_e62b187f6741283bd8f27b2e727c3511_005.png', 'chair_6a7050042fbc77d5635418e95eea8a17_011.png']"
banktrial,chair_cluster0,chair_c0_e62b187f6741283bd8f27b2e727c3511_1,1,"['chair_e62b187f6741283bd8f27b2e727c3511_005.png', 'chair_98ef942e35e90be3de8d5f2cba401802_000.png', 'chair_e62b187f6741283bd8f27b2e727c3511_010.png']"
banktrial,chair_cluster0,chair_c0_e62b187f6741283bd8f27b2e727c3511_2,0,"['chair_a1adf14b24469f8835acfdef2ece21c0_008.png', 'chair_e62b187f6741283bd8f27b2e727c3511_001.png', 'chair_e62b187f6741283bd8f27b2e727c3511_014.png']"
banktrial,chair_cluster0,chair_c0_2b9fa5950d81d925cf004563556ddb36_0,0,"['chair_3269630cf8dd9e87bfd5f349b1ab226_013.png', 'chair_2b9fa5950d81d925cf004563556ddb36_011.png', 'chair_2b9fa5950d81d925cf004563556ddb36_014.png']"
banktrial,chair_cluster0,chair_c0_2b9fa5950d81d925cf004563556ddb36_1,0,"['chair_510fdcfcba1bc18ea1081ad712f6fb3_001.png', 'chair_2b9fa5950d81d925cf004563556ddb36_005.png', 'chair_2b9fa5950d81d925cf004563556ddb36_013.png']"
banktrial,chair_cluster0,chair_c0_2b9fa5950d81d925cf004563556ddb36_2,1,"['chair_2b9fa5950d81d925cf004563556ddb36_010.png', 'chair_7715c9c229d80afaf487e71bd57b6e0c_003.png', 'chair_2b9fa5950d81d925cf004563556ddb36_011.png']"
banktrial,chair_cluster0,chair_c0_e0df9f745fe38b389bac1502ed0eb150_0,2,"['chair_e0df9f745fe38b389bac1502ed0eb150_010.png', 'chair_e0df9f745fe38b389bac1502ed0eb150_000.png', 'chair_7ee09fdece7d9142afdb9a672b7d3b8a_014.png']"
banktrial,chair_cluster0,chair_c0_e0df9f745fe38b389bac1502ed0eb150_1,2,"['chair_e0df9f745fe38b389bac1502ed0eb150_002.png', 'chair_e0df9f745fe38b389bac1502ed0eb150_009.png', 'chair_98ef942e35e90be3de8d5f2cba401802_005.png']"
banktrial,chair_cluster0,chair_c0_e0df9f745fe38b389bac1502ed0eb150_2,1,"['chair_e0df9f745fe38b389bac1502ed0eb150_000.png', 'chair_98ef942e35e90be3de8d5f2cba401802_000.png', 'chair_e0df9f745fe38b389bac1502ed0eb150_012.png']"
banktrial,chair_cluster0,chair_c0_e9c9d998f7b0de3ca6afe5903a01a59_0,2,"['chair_e9c9d998f7b0de3ca6afe5903a01a59_004.png', 'chair_e9c9d998f7b0de3ca6afe5903a01a59_008.png', 'chair_da918b121ca55feb9b9f2eb77f5e247e_001.png']"
banktrial,chair_cluster0,chair_c0_e9c9d998f7b0de3ca6afe5903a01a59_1,2,"['chair_e9c9d998f7b0de3ca6afe5903a01a59_006.png', 'chair_e9c9d998f7b0de3ca6afe5903a01a59_010.png', 'chair_2bcf0b0586570ffe6c63b8b48495261a_014.png']"
banktrial,chair_cluster0,chair_c0_e9c9d998f7b0de3ca6afe5903a01a59_2,0,"['chair_cd238045ebff9be59186f15d520c12ad_013.png', 'chair_e9c9d998f7b0de3ca6afe5903a01a59_003.png', 'chair_e9c9d998f7b0de3ca6afe5903a01a59_010.png']"
banktrial,chair_cluster0,chair_c0_2bd045838a2282ab5205884f75aba3a_0,0,"['chair_b44d32061d313fc1b7a3c315f744bdd8_009.png', 'chair_2bd045838a2282ab5205884f75aba3a_010.png', 'chair_2bd045838a2282ab5205884f75aba3a_014.png']"
banktrial,chair_cluster0,chair_c0_2bd045838a2282ab5205884f75aba3a_1,1,"['chair_2bd045838a2282ab5205884f75aba3a_007.png', 'chair_40f188600cf8362b654ea6737b0d3597_004.png', 'chair_2bd045838a2282ab5205884f75aba3a_001.png']"
banktrial,chair_cluster0,chair_c0_2bd045838a2282ab5205884f75aba3a_2,1,"['chair_2bd045838a2282ab5205884f75aba3a_001.png', 'chair_40f188600cf8362b654ea6737b0d3597_002.png', 'chair_2bd045838a2282ab5205884f75aba3a_006.png']"
banktrial,chair_cluster0,chair_c0_74518f7c342b49191030665054ebb2a9_0,1,"['chair_74518f7c342b49191030665054ebb2a9_010.png', 'chair_df23ca11080bb439676c272956dad3c2_002.png', 'chair_74518f7c342b49191030665054ebb2a9_000.png']"
banktrial,chair_cluster0,chair_c0_74518f7c342b49191030665054ebb2a9_1,0,"['chair_2bd045838a2282ab5205884f75aba3a_008.png', 'chair_74518f7c342b49191030665054ebb2a9_003.png', 'chair_74518f7c342b49191030665054ebb2a9_005.png']"
banktrial,chair_cluster0,chair_c0_74518f7c342b49191030665054ebb2a9_2,1,"['chair_74518f7c342b49191030665054ebb2a9_012.png', 'chair_40f188600cf8362b654ea6737b0d3597_006.png', 'chair_74518f7c342b49191030665054ebb2a9_001.png']"
banktrial,chair_cluster1,chair_c1_b7e01301bb1eef41f92f3e7bff4c4ab0_0,0,"['chair_247353514479969ce6fe3612af521500_014.png', 'chair_b7e01301bb1eef41f92f3e7bff4c4ab0_002.png', 'chair_b7e01301bb1eef41f92f3e7bff4c4ab0_009.png']"
banktrial,chair_cluster1,chair_c1_b7e01301bb1eef41f92f3e7bff4c4ab0_1,2,"['chair_b7e01301bb1eef41f92f3e7bff4c4ab0_003.png', 'chair_b7e01301bb1eef41f92f3e7bff4c4ab0_010.png', 'chair_3f83565ed40f87c5593ebeeedbff73b_012.png']"
banktrial,chair_cluster1,chair_c1_b7e01301bb1eef41f92f3e7bff4c4ab0_2,1,"['chair_b7e01301bb1eef41f92f3e7bff4c4ab0_000.png', 'chair_247353514479969ce6fe3612af521500_014.png', 'chair_b7e01301bb1eef41f92f3e7bff4c4ab0_002.png']"
banktrial,chair_cluster1,chair_c1_610b1621d1997ee1daf3c002be658861_0,2,"['chair_610b1621d1997ee1daf3c002be658861_001.png', 'chair_610b1621d1997ee1daf3c002be658861_009.png', 'chair_a374da8227eca67b89014675a548cbb_014.png']"
banktrial,chair_cluster1,chair_c1_610b1621d1997ee1daf3c002be658861_1,2,"['chair_610b1621d1997ee1daf3c002be658861_012.png', 'chair_610b1621d1997ee1daf3c002be658861_007.png', 'chair_17b77403b80de623f1783a44a88d6274_012.png']"
banktrial,chair_cluster1,chair_c1_610b1621d1997ee1daf3c002be658861_2,2,"['chair_610b1621d1997ee1daf3c002be658861_000.png', 'chair_610b1621d1997ee1daf3c002be658861_001.png', 'chair_36447db5cf7b5a27ab5c60fa85a57ffd_014.png']"
banktrial,chair_cluster1,chair_c1_e6ea5e70c2f29d881e8fd793667dc14f_0,2,"['chair_e6ea5e70c2f29d881e8fd793667dc14f_009.png', 'chair_e6ea5e70c2f29d881e8fd793667dc14f_001.png', 'chair_38ff18330fd5aace162bf7725b3fab02_008.png']"
banktrial,chair_cluster1,chair_c1_e6ea5e70c2f29d881e8fd793667dc14f_1,0,"['chair_17b77403b80de623f1783a44a88d6274_010.png', 'chair_e6ea5e70c2f29d881e8fd793667dc14f_000.png', 'chair_e6ea5e70c2f29d881e8fd793667dc14f_002.png']"
banktrial,chair_cluster1,chair_c1_e6ea5e70c2f29d881e8fd793667dc14f_2,1,"['chair_e6ea5e70c2f29d881e8fd793667dc14f_001.png', 'chair_17b77403b80de623f1783a44a88d6274_006.png', 'chair_e6ea5e70c2f29d881e8fd793667dc14f_014.png']"
banktrial,chair_cluster1,chair_c1_247353514479969ce6fe3612af521500_0,2,"['chair_247353514479969ce6fe3612af521500_014.png', 'chair_247353514479969ce6fe3612af521500_003.png', 'chair_c1841ecc1302f45be798c4323a137f09_005.png']"
banktrial,chair_cluster1,chair_c1_247353514479969ce6fe3612af521500_1,0,"['chair_38ff18330fd5aace162bf7725b3fab02_012.png', 'chair_247353514479969ce6fe3612af521500_013.png', 'chair_247353514479969ce6fe3612af521500_004.png']"
banktrial,chair_cluster1,chair_c1_247353514479969ce6fe3612af521500_2,2,"['chair_247353514479969ce6fe3612af521500_010.png', 'chair_247353514479969ce6fe3612af521500_013.png', 'chair_c1841ecc1302f45be798c4323a137f09_012.png']"
banktrial,chair_cluster1,chair_c1_c2076591d588586719fb4103277a6b93_0,1,"['chair_c2076591d588586719fb4103277a6b93_012.png', 'chair_5516e76a34984182b6f6d1d58b7b1311_005.png', 'chair_c2076591d588586719fb4103277a6b93_010.png']"
banktrial,chair_cluster1,chair_c1_c2076591d588586719fb4103277a6b93_1,2,"['chair_c2076591d588586719fb4103277a6b93_006.png', 'chair_c2076591d588586719fb4103277a6b93_012.png', 'chair_3024deb09ba519c517089ab023f65eee_000.png']"
banktrial,chair_cluster1,chair_c1_c2076591d588586719fb4103277a6b93_2,2,"['chair_c2076591d588586719fb4103277a6b93_005.png', 'chair_c2076591d588586719fb4103277a6b93_008.png', 'chair_5516e76a34984182b6f6d1d58b7b1311_001.png']"
banktrial,chair_cluster1,chair_c1_9aece6c6436cde6fd9ac1bf1eddffd24_0,0,"['chair_c1841ecc1302f45be798c4323a137f09_014.png', 'chair_9aece6c6436cde6fd9ac1bf1eddffd24_014.png', 'chair_9aece6c6436cde6fd9ac1bf1eddffd24_008.png']"
banktrial,chair_cluster1,chair_c1_9aece6c6436cde6fd9ac1bf1eddffd24_1,0,"['chair_610b1621d1997ee1daf3c002be658861_004.png', 'chair_9aece6c6436cde6fd9ac1bf1eddffd24_009.png', 'chair_9aece6c6436cde6fd9ac1bf1eddffd24_014.png']"
banktrial,chair_cluster1,chair_c1_9aece6c6436cde6fd9ac1bf1eddffd24_2,0,"['chair_17b77403b80de623f1783a44a88d6274_008.png', 'chair_9aece6c6436cde6fd9ac1bf1eddffd24_009.png', 'chair_9aece6c6436cde6fd9ac1bf1eddffd24_013.png']"
banktrial,chair_cluster1,chair_c1_36447db5cf7b5a27ab5c60fa85a57ffd_0,2,"['chair_36447db5cf7b5a27ab5c60fa85a57ffd_000.png', 'chair_36447db5cf7b5a27ab5c60fa85a57ffd_003.png', 'chair_933902ec014c6d487135fc51795b4038_009.png']"
banktrial,chair_cluster1,chair_c1_36447db5cf7b5a27ab5c60fa85a57ffd_1,0,"['chair_9aece6c6436cde6fd9ac1bf1eddffd24_008.png', 'chair_36447db5cf7b5a27ab5c60fa85a57ffd_005.png', 'chair_36447db5cf7b5a27ab5c60fa85a57ffd_000.png']"
banktrial,chair_cluster1,chair_c1_36447db5cf7b5a27ab5c60fa85a57ffd_2,1,"['chair_36447db5cf7b5a27ab5c60fa85a57ffd_010.png', 'chair_672e20cc6ffa29d41c6aa36e5af1449_001.png', 'chair_36447db5cf7b5a27ab5c60fa85a57ffd_000.png']"
banktrial,chair_cluster1,chair_c1_3f36e261cc87648ac3bd24f986301745_0,1,"['chair_3f36e261cc87648ac3bd24f986301745_000.png', 'chair_8a9630332c2cb42644ac83b3e97ad658_006.png', 'chair_3f36e261cc87648ac3bd24f986301745_009.png']"
banktrial,chair_cluster1,chair_c1_3f36e261cc87648ac3bd24f986301745_1,2,"['chair_3f36e261cc87648ac3bd24f986301745_008.png', 'chair_3f36e261cc87648ac3bd24f986301745_010.png', 'chair_cc8066a5107a2bf5926f2c1927eee8ee_010.png']"
banktrial,chair_cluster1,chair_c1_3f36e261cc87648ac3bd24f986301745_2,0,"['chair_19d3ba04e165e67dcb4387db711dc078_011.png', 'chair_3f36e261cc87648ac3bd24f986301745_008.png', 'chair_3f36e261cc87648ac3bd24f986301745_006.png']"
banktrial,chair_cluster1,chair_c1_ea77c800bba6566aaf7c7ad2549a1b15_0,1,"['chair_ea77c800bba6566aaf7c7ad2549a1b15_011.png', 'chair_953a6c4d742f1e44d1dcc55e36186e4e_002.png', 'chair_ea77c800bba6566aaf7c7ad2549a1b15_001.png']"
banktrial,chair_cluster1,chair_c1_ea77c800bba6566aaf7c7ad2549a1b15_1,0,"['chair_672e20cc6ffa29d41c6aa36e5af1449_007.png', 'chair_ea77c800bba6566aaf7c7ad2549a1b15_009.png', 'chair_ea77c800bba6566aaf7c7ad2549a1b15_013.png']"
banktrial,chair_cluster1,chair_c1_ea77c800bba6566aaf7c7ad2549a1b15_2,1,"['chair_ea77c800bba6566aaf7c7ad2549a1b15_012.png', 'chair_92e6546c4aca4ed14b96b665a8ac321_009.png', 'chair_ea77c800bba6566aaf7c7ad2549a1b15_003.png']"
banktrial,chair_cluster1,chair_c1_8a9630332c2cb42644ac83b3e97ad658_0,0,"['chair_c04f515b688f9d97fff16555386d173d_003.png', 'chair_8a9630332c2cb42644ac83b3e97ad658_004.png', 'chair_8a9630332c2cb42644ac83b3e97ad658_012.png']"
banktrial,chair_cluster1,chair_c1_8a9630332c2cb42644ac83b3e97ad658_1,2,"['chair_8a9630332c2cb42644ac83b3e97ad658_000.png', 'chair_8a9630332c2cb42644ac83b3e97ad658_012.png', 'chair_fb794b0b3260794bfebad4f49b26ec52_006.png']"
banktrial,chair_cluster1,chair_c1_8a9630332c2cb42644ac83b3e97ad658_2,2,"['chair_8a9630332c2cb42644ac83b3e97ad658_002.png', 'chair_8a9630332c2cb42644ac83b3e97ad658_004.png', 'chair_a374da8227eca67b89014675a548cbb_007.png']"
banktrial,chair_cluster1,chair_c1_cc8066a5107a2bf5926f2c1927eee8ee_0,0,"['chair_c04f515b688f9d97fff16555386d173d_007.png', 'chair_cc8066a5107a2bf5926f2c1927eee8ee_009.png', 'chair_cc8066a5107a2bf5926f2c1927eee8ee_002.png']"
banktrial,chair_cluster1,chair_c1_cc8066a5107a2bf5926f2c1927eee8ee_1,0,"['chair_b69401b412d9300454d7082b34825ef0_007.png', 'chair_cc8066a5107a2bf5926f2c1927eee8ee_001.png', 'chair_cc8066a5107a2bf5926f2c1927eee8ee_013.png']"
banktrial,chair_cluster1,chair_c1_cc8066a5107a2bf5926f2c1927eee8ee_2,2,"['chair_cc8066a5107a2bf5926f2c1927eee8ee_000.png', 'chair_cc8066a5107a2bf5926f2c1927eee8ee_014.png', 'chair_19d3ba04e165e67dcb4387db711dc078_014.png']"
banktrial,chair_cluster1,chair_c1_9e1b32f73908cae7e8f8c11a24c52ebb_0,1,"['chair_9e1b32f73908cae7e8f8c11a24c52ebb_013.png', 'chair_6a02133392afc96b40ef1c8b63a628f9_011.png', 'chair_9e1b32f73908cae7e8f8c11a24c52ebb_010.png']"
banktrial,chair_cluster1,chair_c1_9e1b32f73908cae7e8f8c11a24c52ebb_1,2,"['chair_9e1b32f73908cae7e8f8c11a24c52ebb_000.png', 'chair_9e1b32f73908cae7e8f8c11a24c52ebb_014.png', 'chair_447856e1071e8b83c036a40816608369_006.png']"
banktrial,chair_cluster1,chair_c1_9e1b32f73908cae7e8f8c11a24c52ebb_2,2,"['chair_9e1b32f73908cae7e8f8c11a24c52ebb_006.png', 'chair_9e1b32f73908cae7e8f8c11a24c52ebb_000.png', 'chair_5516e76a34984182b6f6d1d58b7b1311_013.png']"
banktrial,chair_cluster1,chair_c1_6932261b5c17f0de4733824eae5cd9ae_0,2,"['chair_6932261b5c17f0de4733824eae5cd9ae_014.png', 'chair_6932261b5c17f0de4733824eae5cd9ae_012.png', 'chair_fb794b0b3260794bfebad4f49b26ec52_007.png']"
banktrial,chair_cluster1,chair_c1_6932261b5c17f0de4733824eae5cd9ae_1,2,"['chair_6932261b5c17f0de4733824eae5cd9ae_005.png', 'chair_6932261b5c17f0de4733824eae5cd9ae_006.png', 'chair_b8e4dfe08a43badabaed5cf8a752d243_004.png']"
banktrial,chair_cluster1,chair_c1_6932261b5c17f0de4733824eae5cd9ae_2,2,"['chair_6932261b5c17f0de4733824eae5cd9ae_006.png', 'chair_6932261b5c17f0de4733824eae5cd9ae_002.png', 'chair_b8e4dfe08a43badabaed5cf8a752d243_003.png']"
banktrial,chair_cluster1,chair_c1_512905c0211b947edc6f96c9bb9e3ae6_0,1,"['chair_512905c0211b947edc6f96c9bb9e3ae6_013.png', 'chair_247353514479969ce6fe3612af521500_008.png', 'chair_512905c0211b947edc6f96c9bb9e3ae6_009.png']"
banktrial,chair_cluster1,chair_c1_512905c0211b947edc6f96c9bb9e3ae6_1,0,"['chair_b267d11790325e6cec7cbf3284585a40_012.png', 'chair_512905c0211b947edc6f96c9bb9e3ae6_007.png', 'chair_512905c0211b947edc6f96c9bb9e3ae6_005.png']"
banktrial,chair_cluster1,chair_c1_512905c0211b947edc6f96c9bb9e3ae6_2,0,"['chair_933902ec014c6d487135fc51795b4038_011.png', 'chair_512905c0211b947edc6f96c9bb9e3ae6_002.png', 'chair_512905c0211b947edc6f96c9bb9e3ae6_007.png']"
banktrial,chair_cluster1,chair_c1_cbcc5cd1aec9f3413aa677469bbdd68c_0,2,"['chair_cbcc5cd1aec9f3413aa677469bbdd68c_004.png', 'chair_cbcc5cd1aec9f3413aa677469bbdd68c_007.png', 'chair_88042e6d331ffba0f63e8e405d49b8ce_014.png']"
banktrial,chair_cluster1,chair_c1_cbcc5cd1aec9f3413aa677469bbdd68c_1,0,"['chair_8d1616ada1d6f239d1f4836ba5ad2863_006.png', 'chair_cbcc5cd1aec9f3413aa677469bbdd68c_005.png', 'chair_cbcc5cd1aec9f3413aa677469bbdd68c_008.png']"
banktrial,chair_cluster1,chair_c1_cbcc5cd1aec9f3413aa677469bbdd68c_2,0,"['chair_93e72cd3140b32513b5ed5cb2d36de1e_013.png', 'chair_cbcc5cd1aec9f3413aa677469bbdd68c_006.png', 'chair_cbcc5cd1aec9f3413aa677469bbdd68c_008.png']"
banktrial,chair_cluster1,chair_c1_f268849e43f64861cb3a30f2c37c38a6_0,0,"['chair_672e20cc6ffa29d41c6aa36e5af1449_014.png', 'chair_f268849e43f64861cb3a30f2c37c38a6_006.png', 'chair_f268849e43f64861cb3a30f2c37c38a6_000.png']"
banktrial,chair_cluster1,chair_c1_f268849e43f64861cb3a30f2c37c38a6_1,2,"['chair_f268849e43f64861cb3a30f2c37c38a6_006.png', 'chair_f268849e43f64861cb3a30f2c37c38a6_000.png', 'chair_4b3c381658cfe96d4db79ead79f57b22_011.png']"
banktrial,chair_cluster1,chair_c1_f268849e43f64861cb3a30f2c37c38a6_2,1,"['chair_f268849e43f64861cb3a30f2c37c38a6_011.png', 'chair_672e20cc6ffa29d41c6aa36e5af1449_009.png', 'chair_f268849e43f64861cb3a30f2c37c38a6_014.png']"
banktrial,chair_cluster1,chair_c1_736589cbc46fe6b059f8e31ca87c470e_0,0,"['chair_c2076591d588586719fb4103277a6b93_001.png', 'chair_736589cbc46fe6b059f8e31ca87c470e_007.png', 'chair_736589cbc46fe6b059f8e31ca87c470e_011.png']"
banktrial,chair_cluster1,chair_c1_736589cbc46fe6b059f8e31ca87c470e_1,1,"['chair_736589cbc46fe6b059f8e31ca87c470e_004.png', 'chair_cbcc5cd1aec9f3413aa677469bbdd68c_004.png', 'chair_736589cbc46fe6b059f8e31ca87c470e_011.png']"
banktrial,chair_cluster1,chair_c1_736589cbc46fe6b059f8e31ca87c470e_2,2,"['chair_736589cbc46fe6b059f8e31ca87c470e_000.png', 'chair_736589cbc46fe6b059f8e31ca87c470e_008.png', 'chair_aa154024474ad7d138a720835dbeef20_007.png']"
banktrial,chair_cluster1,chair_c1_7667d0da445e324bba600d75deaf8d3a_0,2,"['chair_7667d0da445e324bba600d75deaf8d3a_008.png', 'chair_7667d0da445e324bba600d75deaf8d3a_010.png', 'chair_8617fc907ff8cb36597976c675750537_008.png']"
banktrial,chair_cluster1,chair_c1_7667d0da445e324bba600d75deaf8d3a_1,2,"['chair_7667d0da445e324bba600d75deaf8d3a_006.png', 'chair_7667d0da445e324bba600d75deaf8d3a_003.png', 'chair_c8963b0930306a61781cbff504e4168d_008.png']"
banktrial,chair_cluster1,chair_c1_7667d0da445e324bba600d75deaf8d3a_2,2,"['chair_7667d0da445e324bba600d75deaf8d3a_014.png', 'chair_7667d0da445e324bba600d75deaf8d3a_001.png', 'chair_a6ab184a68bc67d179b3e1be3524f72f_001.png']"
banktrial,chair_cluster1,chair_c1_aa154024474ad7d138a720835dbeef20_0,1,"['chair_aa154024474ad7d138a720835dbeef20_014.png', 'chair_88042e6d331ffba0f63e8e405d49b8ce_002.png', 'chair_aa154024474ad7d138a720835dbeef20_001.png']"
banktrial,chair_cluster1,chair_c1_aa154024474ad7d138a720835dbeef20_1,1,"['chair_aa154024474ad7d138a720835dbeef20_005.png', 'chair_3024deb09ba519c517089ab023f65eee_009.png', 'chair_aa154024474ad7d138a720835dbeef20_003.png']"
banktrial,chair_cluster1,chair_c1_aa154024474ad7d138a720835dbeef20_2,2,"['chair_aa154024474ad7d138a720835dbeef20_008.png', 'chair_aa154024474ad7d138a720835dbeef20_002.png', 'chair_736589cbc46fe6b059f8e31ca87c470e_006.png']"
banktrial,chair_cluster1,chair_c1_8d1616ada1d6f239d1f4836ba5ad2863_0,2,"['chair_8d1616ada1d6f239d1f4836ba5ad2863_007.png', 'chair_8d1616ada1d6f239d1f4836ba5ad2863_013.png', 'chair_447856e1071e8b83c036a40816608369_011.png']"
banktrial,chair_cluster1,chair_c1_8d1616ada1d6f239d1f4836ba5ad2863_1,1,"['chair_8d1616ada1d6f239d1f4836ba5ad2863_013.png', 'chair_b33a3b1627ad61eb8ca4809dcf42fe1_006.png', 'chair_8d1616ada1d6f239d1f4836ba5ad2863_005.png']"
banktrial,chair_cluster1,chair_c1_8d1616ada1d6f239d1f4836ba5ad2863_2,2,"['chair_8d1616ada1d6f239d1f4836ba5ad2863_006.png', 'chair_8d1616ada1d6f239d1f4836ba5ad2863_012.png', 'chair_447856e1071e8b83c036a40816608369_003.png']"
banktrial,chair_cluster1,chair_c1_f1645567130e99a878268642d8df40d1_0,2,"['chair_f1645567130e99a878268642d8df40d1_012.png', 'chair_f1645567130e99a878268642d8df40d1_014.png', 'chair_a6ab184a68bc67d179b3e1be3524f72f_004.png']"
banktrial,chair_cluster1,chair_c1_f1645567130e99a878268642d8df40d1_1,0,"['chair_6a02133392afc96b40ef1c8b63a628f9_000.png', 'chair_f1645567130e99a878268642d8df40d1_013.png', 'chair_f1645567130e99a878268642d8df40d1_004.png']"
banktrial,chair_cluster1,chair_c1_f1645567130e99a878268642d8df40d1_2,0,"['chair_38ff18330fd5aace162bf7725b3fab02_009.png', 'chair_f1645567130e99a878268642d8df40d1_005.png', 'chair_f1645567130e99a878268642d8df40d1_000.png']"
banktrial,chair_cluster1,chair_c1_a9cc6920422b9d9c2af8b1d491b7ebc_0,0,"['chair_8617fc907ff8cb36597976c675750537_014.png', 'chair_a9cc6920422b9d9c2af8b1d491b7ebc_013.png', 'chair_a9cc6920422b9d9c2af8b1d491b7ebc_001.png']"
banktrial,chair_cluster1,chair_c1_a9cc6920422b9d9c2af8b1d491b7ebc_1,1,"['chair_a9cc6920422b9d9c2af8b1d491b7ebc_004.png', 'chair_da443e90e376b024b0f7e9a1c9f6c90f_010.png', 'chair_a9cc6920422b9d9c2af8b1d491b7ebc_000.png']"
banktrial,chair_cluster1,chair_c1_a9cc6920422b9d9c2af8b1d491b7ebc_2,0,"['chair_fb794b0b3260794bfebad4f49b26ec52_000.png', 'chair_a9cc6920422b9d9c2af8b1d491b7ebc_005.png', 'chair_a9cc6920422b9d9c2af8b1d491b7ebc_003.png']"
banktrial,chair_cluster1,chair_c1_672e20cc6ffa29d41c6aa36e5af1449_0,0,"['chair_6a02133392afc96b40ef1c8b63a628f9_000.png', 'chair_672e20cc6ffa29d41c6aa36e5af1449_007.png', 'chair_672e20cc6ffa29d41c6aa36e5af1449_008.png']"
banktrial,chair_cluster1,chair_c1_672e20cc6ffa29d41c6aa36e5af1449_1,0,"['chair_a6ab184a68bc67d179b3e1be3524f72f_011.png', 'chair_672e20cc6ffa29d41c6aa36e5af1449_000.png', 'chair_672e20cc6ffa29d41c6aa36e5af1449_002.png']"
banktrial,chair_cluster1,chair_c1_672e20cc6ffa29d41c6aa36e5af1449_2,2,"['chair_672e20cc6ffa29d41c6aa36e5af1449_013.png', 'chair_672e20cc6ffa29d41c6aa36e5af1449_000.png', 'chair_6a02133392afc96b40ef1c8b63a628f9_002.png']"
banktrial,chair_cluster1,chair_c1_3de9a7a40851ceb971a782a4379556c7_0,0,"['chair_317a2cc9f3b54a48283b00891f680579_001.png', 'chair_3de9a7a40851ceb971a782a4379556c7_001.png', 'chair_3de9a7a40851ceb971a782a4379556c7_011.png']"
banktrial,chair_cluster1,chair_c1_3de9a7a40851ceb971a782a4379556c7_1,0,"['chair_8617fc907ff8cb36597976c675750537_000.png', 'chair_3de9a7a40851ceb971a782a4379556c7_009.png', 'chair_3de9a7a40851ceb971a782a4379556c7_006.png']"
banktrial,chair_cluster1,chair_c1_3de9a7a40851ceb971a782a4379556c7_2,1,"['chair_3de9a7a40851ceb971a782a4379556c7_000.png', 'chair_8617fc907ff8cb36597976c675750537_003.png', 'chair_3de9a7a40851ceb971a782a4379556c7_002.png']"
banktrial,chair_cluster1,chair_c1_b267d11790325e6cec7cbf3284585a40_0,0,"['chair_36447db5cf7b5a27ab5c60fa85a57ffd_008.png', 'chair_b267d11790325e6cec7cbf3284585a40_011.png', 'chair_b267d11790325e6cec7cbf3284585a40_008.png']"
banktrial,chair_cluster1,chair_c1_b267d11790325e6cec7cbf3284585a40_1,2,"['chair_b267d11790325e6cec7cbf3284585a40_004.png', 'chair_b267d11790325e6cec7cbf3284585a40_001.png', 'chair_e84d39ce475415399f165f18603a28b1_014.png']"
banktrial,chair_cluster1,chair_c1_b267d11790325e6cec7cbf3284585a40_2,2,"['chair_b267d11790325e6cec7cbf3284585a40_005.png', 'chair_b267d11790325e6cec7cbf3284585a40_010.png', 'chair_c1841ecc1302f45be798c4323a137f09_001.png']"
banktrial,chair_cluster1,chair_c1_831ca4306245810435836c728d324152_0,0,"['chair_533e0a52acd257bef27383fc5a5a711c_004.png', 'chair_831ca4306245810435836c728d324152_014.png', 'chair_831ca4306245810435836c728d324152_013.png']"
banktrial,chair_cluster1,chair_c1_831ca4306245810435836c728d324152_1,0,"['chair_875925d42780159ffebad4f49b26ec52_011.png', 'chair_831ca4306245810435836c728d324152_013.png', 'chair_831ca4306245810435836c728d324152_010.png']"
banktrial,chair_cluster1,chair_c1_831ca4306245810435836c728d324152_2,2,"['chair_831ca4306245810435836c728d324152_006.png', 'chair_831ca4306245810435836c728d324152_009.png', 'chair_875925d42780159ffebad4f49b26ec52_000.png']"
banktrial,chair_cluster1,chair_c1_8cb34663a9e42f95c3bd24f986301745_0,2,"['chair_8cb34663a9e42f95c3bd24f986301745_002.png', 'chair_8cb34663a9e42f95c3bd24f986301745_014.png', 'chair_d38a49a15715c46ec3bd24f986301745_002.png']"
banktrial,chair_cluster1,chair_c1_8cb34663a9e42f95c3bd24f986301745_1,2,"['chair_8cb34663a9e42f95c3bd24f986301745_003.png', 'chair_8cb34663a9e42f95c3bd24f986301745_011.png', 'chair_a374da8227eca67b89014675a548cbb_014.png']"
banktrial,chair_cluster1,chair_c1_8cb34663a9e42f95c3bd24f986301745_2,2,"['chair_8cb34663a9e42f95c3bd24f986301745_004.png', 'chair_8cb34663a9e42f95c3bd24f986301745_012.png', 'chair_ea62254f0a5650579a8ef44e1d2c5b75_012.png']"
banktrial,chair_cluster1,chair_c1_6393b49ccd72e8b312cef4e6ce7bea86_0,1,"['chair_6393b49ccd72e8b312cef4e6ce7bea86_002.png', 'chair_a9cc6920422b9d9c2af8b1d491b7ebc_001.png', 'chair_6393b49ccd72e8b312cef4e6ce7bea86_005.png']"
banktrial,chair_cluster1,chair_c1_6393b49ccd72e8b312cef4e6ce7bea86_1,2,"['chair_6393b49ccd72e8b312cef4e6ce7bea86_011.png', 'chair_6393b49ccd72e8b312cef4e6ce7bea86_004.png', 'chair_e0a473eb557c424320768660cf080d12_007.png']"
banktrial,chair_cluster1,chair_c1_6393b49ccd72e8b312cef4e6ce7bea86_2,1,"['chair_6393b49ccd72e8b312cef4e6ce7bea86_013.png', 'chair_fb794b0b3260794bfebad4f49b26ec52_008.png', 'chair_6393b49ccd72e8b312cef4e6ce7bea86_009.png']"
banktrial,chair_cluster1,chair_c1_2d204f50f33b3994fe52ffd0e748a1ab_0,0,"['chair_ba074c9ff5e36f60e8b2b8dc0c816caf_003.png', 'chair_2d204f50f33b3994fe52ffd0e748a1ab_003.png', 'chair_2d204f50f33b3994fe52ffd0e748a1ab_011.png']"
banktrial,chair_cluster1,chair_c1_2d204f50f33b3994fe52ffd0e748a1ab_1,0,"['chair_3d9dce1953180fe6f9c9f9697d1ec60_011.png', 'chair_2d204f50f33b3994fe52ffd0e748a1ab_005.png', 'chair_2d204f50f33b3994fe52ffd0e748a1ab_000.png']"
banktrial,chair_cluster1,chair_c1_2d204f50f33b3994fe52ffd0e748a1ab_2,1,"['chair_2d204f50f33b3994fe52ffd0e748a1ab_007.png', 'chair_fb794b0b3260794bfebad4f49b26ec52_010.png', 'chair_2d204f50f33b3994fe52ffd0e748a1ab_012.png']"
banktrial,chair_cluster1,chair_c1_c8963b0930306a61781cbff504e4168d_0,2,"['chair_c8963b0930306a61781cbff504e4168d_006.png', 'chair_c8963b0930306a61781cbff504e4168d_012.png', 'chair_d38a49a15715c46ec3bd24f986301745_005.png']"
banktrial,chair_cluster1,chair_c1_c8963b0930306a61781cbff504e4168d_1,2,"['chair_c8963b0930306a61781cbff504e4168d_009.png', 'chair_c8963b0930306a61781cbff504e4168d_003.png', 'chair_19d3ba04e165e67dcb4387db711dc078_010.png']"
banktrial,chair_cluster1,chair_c1_c8963b0930306a61781cbff504e4168d_2,1,"['chair_c8963b0930306a61781cbff504e4168d_011.png', 'chair_ea628b4568d4eb527085b4353236aad_002.png', 'chair_c8963b0930306a61781cbff504e4168d_010.png']"
banktrial,chair_cluster1,chair_c1_8617fc907ff8cb36597976c675750537_0,2,"['chair_8617fc907ff8cb36597976c675750537_010.png', 'chair_8617fc907ff8cb36597976c675750537_004.png', 'chair_a808d40b66123c7ae9602306ed19eab0_007.png']"
banktrial,chair_cluster1,chair_c1_8617fc907ff8cb36597976c675750537_1,1,"['chair_8617fc907ff8cb36597976c675750537_010.png', 'chair_fb794b0b3260794bfebad4f49b26ec52_010.png', 'chair_8617fc907ff8cb36597976c675750537_012.png']"
banktrial,chair_cluster1,chair_c1_8617fc907ff8cb36597976c675750537_2,1,"['chair_8617fc907ff8cb36597976c675750537_010.png', 'chair_a9cc6920422b9d9c2af8b1d491b7ebc_006.png', 'chair_8617fc907ff8cb36597976c675750537_007.png']"
banktrial,chair_cluster1,chair_c1_317a2cc9f3b54a48283b00891f680579_0,0,"['chair_5516e76a34984182b6f6d1d58b7b1311_001.png', 'chair_317a2cc9f3b54a48283b00891f680579_014.png', 'chair_317a2cc9f3b54a48283b00891f680579_006.png']"
banktrial,chair_cluster1,chair_c1_317a2cc9f3b54a48283b00891f680579_1,2,"['chair_317a2cc9f3b54a48283b00891f680579_008.png', 'chair_317a2cc9f3b54a48283b00891f680579_005.png', 'chair_3de9a7a40851ceb971a782a4379556c7_013.png']"
banktrial,chair_cluster1,chair_c1_317a2cc9f3b54a48283b00891f680579_2,0,"['chair_3de9a7a40851ceb971a782a4379556c7_011.png', 'chair_317a2cc9f3b54a48283b00891f680579_014.png', 'chair_317a2cc9f3b54a48283b00891f680579_000.png']"
banktrial,chair_cluster1,chair_c1_9979c8433d92fd80d1dcc55e36186e4e_0,0,"['chair_b267d11790325e6cec7cbf3284585a40_005.png', 'chair_9979c8433d92fd80d1dcc55e36186e4e_005.png', 'chair_9979c8433d92fd80d1dcc55e36186e4e_009.png']"
banktrial,chair_cluster1,chair_c1_9979c8433d92fd80d1dcc55e36186e4e_1,0,"['chair_17b77403b80de623f1783a44a88d6274_011.png', 'chair_9979c8433d92fd80d1dcc55e36186e4e_001.png', 'chair_9979c8433d92fd80d1dcc55e36186e4e_000.png']"
banktrial,chair_cluster1,chair_c1_9979c8433d92fd80d1dcc55e36186e4e_2,0,"['chair_b267d11790325e6cec7cbf3284585a40_000.png', 'chair_9979c8433d92fd80d1dcc55e36186e4e_009.png', 'chair_9979c8433d92fd80d1dcc55e36186e4e_008.png']"
banktrial,chair_cluster1,chair_c1_b19f85fcd46f456bd5cba62773b8025b_0,1,"['chair_b19f85fcd46f456bd5cba62773b8025b_000.png', 'chair_a374da8227eca67b89014675a548cbb_014.png', 'chair_b19f85fcd46f456bd5cba62773b8025b_013.png']"
banktrial,chair_cluster1,chair_c1_b19f85fcd46f456bd5cba62773b8025b_1,0,"['chair_a374da8227eca67b89014675a548cbb_008.png', 'chair_b19f85fcd46f456bd5cba62773b8025b_010.png', 'chair_b19f85fcd46f456bd5cba62773b8025b_001.png']"
banktrial,chair_cluster1,chair_c1_b19f85fcd46f456bd5cba62773b8025b_2,0,"['chair_3f36e261cc87648ac3bd24f986301745_001.png', 'chair_b19f85fcd46f456bd5cba62773b8025b_004.png', 'chair_b19f85fcd46f456bd5cba62773b8025b_010.png']"
banktrial,chair_cluster1,chair_c1_447856e1071e8b83c036a40816608369_0,2,"['chair_447856e1071e8b83c036a40816608369_000.png', 'chair_447856e1071e8b83c036a40816608369_004.png', 'chair_fb794b0b3260794bfebad4f49b26ec52_005.png']"
banktrial,chair_cluster1,chair_c1_447856e1071e8b83c036a40816608369_1,1,"['chair_447856e1071e8b83c036a40816608369_001.png', 'chair_933902ec014c6d487135fc51795b4038_007.png', 'chair_447856e1071e8b83c036a40816608369_008.png']"
banktrial,chair_cluster1,chair_c1_447856e1071e8b83c036a40816608369_2,0,"['chair_cbcc5cd1aec9f3413aa677469bbdd68c_001.png', 'chair_447856e1071e8b83c036a40816608369_014.png', 'chair_447856e1071e8b83c036a40816608369_001.png']"
banktrial,chair_cluster1,chair_c1_120735afde493c277ff6ace05b36a5_0,0,"['chair_19d3ba04e165e67dcb4387db711dc078_012.png', 'chair_120735afde493c277ff6ace05b36a5_000.png', 'chair_120735afde493c277ff6ace05b36a5_008.png']"
banktrial,chair_cluster1,chair_c1_120735afde493c277ff6ace05b36a5_1,2,"['chair_120735afde493c277ff6ace05b36a5_010.png', 'chair_120735afde493c277ff6ace05b36a5_003.png', 'chair_8a9630332c2cb42644ac83b3e97ad658_005.png']"
banktrial,chair_cluster1,chair_c1_120735afde493c277ff6ace05b36a5_2,1,"['chair_120735afde493c277ff6ace05b36a5_000.png', 'chair_ba074c9ff5e36f60e8b2b8dc0c816caf_004.png', 'chair_120735afde493c277ff6ace05b36a5_006.png']"
banktrial,chair_cluster1,chair_c1_f34fea2c05dc63d090984ccce1017e45_0,0,"['chair_120735afde493c277ff6ace05b36a5_013.png', 'chair_f34fea2c05dc63d090984ccce1017e45_002.png', 'chair_f34fea2c05dc63d090984ccce1017e45_009.png']"
banktrial,chair_cluster1,chair_c1_f34fea2c05dc63d090984ccce1017e45_1,2,"['chair_f34fea2c05dc63d090984ccce1017e45_011.png', 'chair_f34fea2c05dc63d090984ccce1017e45_013.png', 'chair_8617fc907ff8cb36597976c675750537_012.png']"
banktrial,chair_cluster1,chair_c1_f34fea2c05dc63d090984ccce1017e45_2,1,"['chair_f34fea2c05dc63d090984ccce1017e45_009.png', 'chair_8617fc907ff8cb36597976c675750537_010.png', 'chair_f34fea2c05dc63d090984ccce1017e45_012.png']"
banktrial,chair_cluster1,chair_c1_3d9dce1953180fe6f9c9f9697d1ec60_0,0,"['chair_3024deb09ba519c517089ab023f65eee_011.png', 'chair_3d9dce1953180fe6f9c9f9697d1ec60_005.png', 'chair_3d9dce1953180fe6f9c9f9697d1ec60_002.png']"
banktrial,chair_cluster1,chair_c1_3d9dce1953180fe6f9c9f9697d1ec60_1,2,"['chair_3d9dce1953180fe6f9c9f9697d1ec60_002.png', 'chair_3d9dce1953180fe6f9c9f9697d1ec60_010.png', 'chair_6393b49ccd72e8b312cef4e6ce7bea86_007.png']"
banktrial,chair_cluster1,chair_c1_3d9dce1953180fe6f9c9f9697d1ec60_2,0,"['chair_da443e90e376b024b0f7e9a1c9f6c90f_014.png', 'chair_3d9dce1953180fe6f9c9f9697d1ec60_007.png', 'chair_3d9dce1953180fe6f9c9f9697d1ec60_008.png']"
banktrial,chair_cluster1,chair_c1_95039795fd8db944608244cbb9b86bf5_0,1,"['chair_95039795fd8db944608244cbb9b86bf5_003.png', 'chair_f1645567130e99a878268642d8df40d1_004.png', 'chair_95039795fd8db944608244cbb9b86bf5_010.png']"
banktrial,chair_cluster1,chair_c1_95039795fd8db944608244cbb9b86bf5_1,2,"['chair_95039795fd8db944608244cbb9b86bf5_004.png', 'chair_95039795fd8db944608244cbb9b86bf5_000.png', 'chair_a9cc6920422b9d9c2af8b1d491b7ebc_002.png']"
banktrial,chair_cluster1,chair_c1_95039795fd8db944608244cbb9b86bf5_2,0,"['chair_a9cc6920422b9d9c2af8b1d491b7ebc_006.png', 'chair_95039795fd8db944608244cbb9b86bf5_004.png', 'chair_95039795fd8db944608244cbb9b86bf5_013.png']"
banktrial,chair_cluster1,chair_c1_733b580501f3e25c21ede3e0ecf73091_0,1,"['chair_733b580501f3e25c21ede3e0ecf73091_001.png', 'chair_8a9630332c2cb42644ac83b3e97ad658_000.png', 'chair_733b580501f3e25c21ede3e0ecf73091_002.png']"
banktrial,chair_cluster1,chair_c1_733b580501f3e25c21ede3e0ecf73091_1,0,"['chair_120735afde493c277ff6ace05b36a5_005.png', 'chair_733b580501f3e25c21ede3e0ecf73091_006.png', 'chair_733b580501f3e25c21ede3e0ecf73091_005.png']"
banktrial,chair_cluster1,chair_c1_733b580501f3e25c21ede3e0ecf73091_2,0,"['chair_3f36e261cc87648ac3bd24f986301745_014.png', 'chair_733b580501f3e25c21ede3e0ecf73091_001.png', 'chair_733b580501f3e25c21ede3e0ecf73091_002.png']"
banktrial,chair_cluster1,chair_c1_533e0a52acd257bef27383fc5a5a711c_0,0,"['chair_ea62254f0a5650579a8ef44e1d2c5b75_012.png', 'chair_533e0a52acd257bef27383fc5a5a711c_000.png', 'chair_533e0a52acd257bef27383fc5a5a711c_001.png']"
banktrial,chair_cluster1,chair_c1_533e0a52acd257bef27383fc5a5a711c_1,0,"['chair_3f83565ed40f87c5593ebeeedbff73b_003.png', 'chair_533e0a52acd257bef27383fc5a5a711c_000.png', 'chair_533e0a52acd257bef27383fc5a5a711c_002.png']"
banktrial,chair_cluster1,chair_c1_533e0a52acd257bef27383fc5a5a711c_2,1,"['chair_533e0a52acd257bef27383fc5a5a711c_012.png', 'chair_3f83565ed40f87c5593ebeeedbff73b_007.png', 'chair_533e0a52acd257bef27383fc5a5a711c_007.png']"
banktrial,chair_cluster1,chair_c1_e84d39ce475415399f165f18603a28b1_0,0,"['chair_b2f125cba550eb8bfebad4f49b26ec52_008.png', 'chair_e84d39ce475415399f165f18603a28b1_011.png', 'chair_e84d39ce475415399f165f18603a28b1_003.png']"
banktrial,chair_cluster1,chair_c1_e84d39ce475415399f165f18603a28b1_1,1,"['chair_e84d39ce475415399f165f18603a28b1_000.png', 'chair_b2f125cba550eb8bfebad4f49b26ec52_002.png', 'chair_e84d39ce475415399f165f18603a28b1_008.png']"
banktrial,chair_cluster1,chair_c1_e84d39ce475415399f165f18603a28b1_2,0,"['chair_36447db5cf7b5a27ab5c60fa85a57ffd_006.png', 'chair_e84d39ce475415399f165f18603a28b1_003.png', 'chair_e84d39ce475415399f165f18603a28b1_004.png']"
banktrial,chair_cluster1,chair_c1_6a02133392afc96b40ef1c8b63a628f9_0,1,"['chair_6a02133392afc96b40ef1c8b63a628f9_002.png', 'chair_f268849e43f64861cb3a30f2c37c38a6_003.png', 'chair_6a02133392afc96b40ef1c8b63a628f9_014.png']"
banktrial,chair_cluster1,chair_c1_6a02133392afc96b40ef1c8b63a628f9_1,0,"['chair_672e20cc6ffa29d41c6aa36e5af1449_005.png', 'chair_6a02133392afc96b40ef1c8b63a628f9_002.png', 'chair_6a02133392afc96b40ef1c8b63a628f9_003.png']"
banktrial,chair_cluster1,chair_c1_6a02133392afc96b40ef1c8b63a628f9_2,2,"['chair_6a02133392afc96b40ef1c8b63a628f9_000.png', 'chair_6a02133392afc96b40ef1c8b63a628f9_011.png', 'chair_933902ec014c6d487135fc51795b4038_001.png']"
banktrial,chair_cluster1,chair_c1_3f83565ed40f87c5593ebeeedbff73b_0,2,"['chair_3f83565ed40f87c5593ebeeedbff73b_014.png', 'chair_3f83565ed40f87c5593ebeeedbff73b_011.png', 'chair_c8963b0930306a61781cbff504e4168d_001.png']"
banktrial,chair_cluster1,chair_c1_3f83565ed40f87c5593ebeeedbff73b_1,0,"['chair_533e0a52acd257bef27383fc5a5a711c_011.png', 'chair_3f83565ed40f87c5593ebeeedbff73b_014.png', 'chair_3f83565ed40f87c5593ebeeedbff73b_003.png']"
banktrial,chair_cluster1,chair_c1_3f83565ed40f87c5593ebeeedbff73b_2,0,"['chair_512905c0211b947edc6f96c9bb9e3ae6_014.png', 'chair_3f83565ed40f87c5593ebeeedbff73b_000.png', 'chair_3f83565ed40f87c5593ebeeedbff73b_007.png']"
banktrial,chair_cluster1,chair_c1_a6ab184a68bc67d179b3e1be3524f72f_0,1,"['chair_a6ab184a68bc67d179b3e1be3524f72f_008.png', 'chair_f1645567130e99a878268642d8df40d1_011.png', 'chair_a6ab184a68bc67d179b3e1be3524f72f_006.png']"
banktrial,chair_cluster1,chair_c1_a6ab184a68bc67d179b3e1be3524f72f_1,0,"['chair_3f83565ed40f87c5593ebeeedbff73b_012.png', 'chair_a6ab184a68bc67d179b3e1be3524f72f_000.png', 'chair_a6ab184a68bc67d179b3e1be3524f72f_009.png']"
banktrial,chair_cluster1,chair_c1_a6ab184a68bc67d179b3e1be3524f72f_2,0,"['chair_e0a473eb557c424320768660cf080d12_012.png', 'chair_a6ab184a68bc67d179b3e1be3524f72f_009.png', 'chair_a6ab184a68bc67d179b3e1be3524f72f_001.png']"
banktrial,chair_cluster1,chair_c1_df6ca774d390755cbd18e74cb7446915_0,0,"['chair_fc97c771d058556f593de14e4664635a_000.png', 'chair_df6ca774d390755cbd18e74cb7446915_008.png', 'chair_df6ca774d390755cbd18e74cb7446915_005.png']"
banktrial,chair_cluster1,chair_c1_df6ca774d390755cbd18e74cb7446915_1,1,"['chair_df6ca774d390755cbd18e74cb7446915_007.png', 'chair_aa300965dead4fa33f09c790ddd20f8c_005.png', 'chair_df6ca774d390755cbd18e74cb7446915_013.png']"
banktrial,chair_cluster1,chair_c1_df6ca774d390755cbd18e74cb7446915_2,0,"['chair_5609756359a6dd2c1933ffef19678834_010.png', 'chair_df6ca774d390755cbd18e74cb7446915_001.png', 'chair_df6ca774d390755cbd18e74cb7446915_014.png']"
banktrial,chair_cluster1,chair_c1_69e35c579a68fe146045fdc35419ee6c_0,1,"['chair_69e35c579a68fe146045fdc35419ee6c_006.png', 'chair_5516e76a34984182b6f6d1d58b7b1311_008.png', 'chair_69e35c579a68fe146045fdc35419ee6c_001.png']"
banktrial,chair_cluster1,chair_c1_69e35c579a68fe146045fdc35419ee6c_1,0,"['chair_cbcc5cd1aec9f3413aa677469bbdd68c_008.png', 'chair_69e35c579a68fe146045fdc35419ee6c_012.png', 'chair_69e35c579a68fe146045fdc35419ee6c_010.png']"
banktrial,chair_cluster1,chair_c1_69e35c579a68fe146045fdc35419ee6c_2,1,"['chair_69e35c579a68fe146045fdc35419ee6c_003.png', 'chair_93e72cd3140b32513b5ed5cb2d36de1e_006.png', 'chair_69e35c579a68fe146045fdc35419ee6c_009.png']"
banktrial,chair_cluster1,chair_c1_e0a473eb557c424320768660cf080d12_0,0,"['chair_f1645567130e99a878268642d8df40d1_003.png', 'chair_e0a473eb557c424320768660cf080d12_005.png', 'chair_e0a473eb557c424320768660cf080d12_007.png']"
banktrial,chair_cluster1,chair_c1_e0a473eb557c424320768660cf080d12_1,1,"['chair_e0a473eb557c424320768660cf080d12_004.png', 'chair_8d1616ada1d6f239d1f4836ba5ad2863_007.png', 'chair_e0a473eb557c424320768660cf080d12_002.png']"
banktrial,chair_cluster1,chair_c1_e0a473eb557c424320768660cf080d12_2,1,"['chair_e0a473eb557c424320768660cf080d12_001.png', 'chair_8d1616ada1d6f239d1f4836ba5ad2863_003.png', 'chair_e0a473eb557c424320768660cf080d12_014.png']"
banktrial,chair_cluster1,chair_c1_95d082c78ea0b1befe52ffd0e748a1ab_0,2,"['chair_95d082c78ea0b1befe52ffd0e748a1ab_000.png', 'chair_95d082c78ea0b1befe52ffd0e748a1ab_001.png', 'chair_8cb34663a9e42f95c3bd24f986301745_005.png']"
banktrial,chair_cluster1,chair_c1_95d082c78ea0b1befe52ffd0e748a1ab_1,2,"['chair_95d082c78ea0b1befe52ffd0e748a1ab_011.png', 'chair_95d082c78ea0b1befe52ffd0e748a1ab_006.png', 'chair_2d204f50f33b3994fe52ffd0e748a1ab_003.png']"
banktrial,chair_cluster1,chair_c1_95d082c78ea0b1befe52ffd0e748a1ab_2,1,"['chair_95d082c78ea0b1befe52ffd0e748a1ab_008.png', 'chair_ba074c9ff5e36f60e8b2b8dc0c816caf_010.png', 'chair_95d082c78ea0b1befe52ffd0e748a1ab_002.png']"
banktrial,chair_cluster1,chair_c1_2fc2b897b6b131c4dc75a59e280f3bf8_0,2,"['chair_2fc2b897b6b131c4dc75a59e280f3bf8_011.png', 'chair_2fc2b897b6b131c4dc75a59e280f3bf8_010.png', 'chair_cbcc5cd1aec9f3413aa677469bbdd68c_005.png']"
banktrial,chair_cluster1,chair_c1_2fc2b897b6b131c4dc75a59e280f3bf8_1,1,"['chair_2fc2b897b6b131c4dc75a59e280f3bf8_001.png', 'chair_736589cbc46fe6b059f8e31ca87c470e_008.png', 'chair_2fc2b897b6b131c4dc75a59e280f3bf8_006.png']"
banktrial,chair_cluster1,chair_c1_2fc2b897b6b131c4dc75a59e280f3bf8_2,1,"['chair_2fc2b897b6b131c4dc75a59e280f3bf8_008.png', 'chair_93e72cd3140b32513b5ed5cb2d36de1e_003.png', 'chair_2fc2b897b6b131c4dc75a59e280f3bf8_007.png']"
banktrial,chair_cluster1,chair_c1_b33a3b1627ad61eb8ca4809dcf42fe1_0,0,"['chair_c2076591d588586719fb4103277a6b93_001.png', 'chair_b33a3b1627ad61eb8ca4809dcf42fe1_002.png', 'chair_b33a3b1627ad61eb8ca4809dcf42fe1_007.png']"
banktrial,chair_cluster1,chair_c1_b33a3b1627ad61eb8ca4809dcf42fe1_1,2,"['chair_b33a3b1627ad61eb8ca4809dcf42fe1_005.png', 'chair_b33a3b1627ad61eb8ca4809dcf42fe1_000.png', 'chair_3024deb09ba519c517089ab023f65eee_011.png']"
banktrial,chair_cluster1,chair_c1_b33a3b1627ad61eb8ca4809dcf42fe1_2,0,"['chair_8d1616ada1d6f239d1f4836ba5ad2863_011.png', 'chair_b33a3b1627ad61eb8ca4809dcf42fe1_004.png', 'chair_b33a3b1627ad61eb8ca4809dcf42fe1_014.png']"
banktrial,chair_cluster1,chair_c1_b69401b412d9300454d7082b34825ef0_0,2,"['chair_b69401b412d9300454d7082b34825ef0_001.png', 'chair_b69401b412d9300454d7082b34825ef0_006.png', 'chair_19d3ba04e165e67dcb4387db711dc078_004.png']"
banktrial,chair_cluster1,chair_c1_b69401b412d9300454d7082b34825ef0_1,1,"['chair_b69401b412d9300454d7082b34825ef0_011.png', 'chair_95d082c78ea0b1befe52ffd0e748a1ab_004.png', 'chair_b69401b412d9300454d7082b34825ef0_013.png']"
banktrial,chair_cluster1,chair_c1_b69401b412d9300454d7082b34825ef0_2,0,"['chair_8617fc907ff8cb36597976c675750537_005.png', 'chair_b69401b412d9300454d7082b34825ef0_013.png', 'chair_b69401b412d9300454d7082b34825ef0_003.png']"
banktrial,chair_cluster1,chair_c1_fb794b0b3260794bfebad4f49b26ec52_0,1,"['chair_fb794b0b3260794bfebad4f49b26ec52_003.png', 'chair_a9cc6920422b9d9c2af8b1d491b7ebc_007.png', 'chair_fb794b0b3260794bfebad4f49b26ec52_008.png']"
banktrial,chair_cluster1,chair_c1_fb794b0b3260794bfebad4f49b26ec52_1,2,"['chair_fb794b0b3260794bfebad4f49b26ec52_005.png', 'chair_fb794b0b3260794bfebad4f49b26ec52_012.png', 'chair_ea62254f0a5650579a8ef44e1d2c5b75_002.png']"
banktrial,chair_cluster1,chair_c1_fb794b0b3260794bfebad4f49b26ec52_2,0,"['chair_8a9630332c2cb42644ac83b3e97ad658_004.png', 'chair_fb794b0b3260794bfebad4f49b26ec52_004.png', 'chair_fb794b0b3260794bfebad4f49b26ec52_012.png']"
banktrial,chair_cluster1,chair_c1_ba074c9ff5e36f60e8b2b8dc0c816caf_0,0,"['chair_d38a49a15715c46ec3bd24f986301745_013.png', 'chair_ba074c9ff5e36f60e8b2b8dc0c816caf_006.png', 'chair_ba074c9ff5e36f60e8b2b8dc0c816caf_011.png']"
banktrial,chair_cluster1,chair_c1_ba074c9ff5e36f60e8b2b8dc0c816caf_1,1,"['chair_ba074c9ff5e36f60e8b2b8dc0c816caf_012.png', 'chair_d38a49a15715c46ec3bd24f986301745_011.png', 'chair_ba074c9ff5e36f60e8b2b8dc0c816caf_001.png']"
banktrial,chair_cluster1,chair_c1_ba074c9ff5e36f60e8b2b8dc0c816caf_2,1,"['chair_ba074c9ff5e36f60e8b2b8dc0c816caf_003.png', 'chair_120735afde493c277ff6ace05b36a5_011.png', 'chair_ba074c9ff5e36f60e8b2b8dc0c816caf_005.png']"
banktrial,chair_cluster1,chair_c1_5516e76a34984182b6f6d1d58b7b1311_0,0,"['chair_672e20cc6ffa29d41c6aa36e5af1449_010.png', 'chair_5516e76a34984182b6f6d1d58b7b1311_000.png', 'chair_5516e76a34984182b6f6d1d58b7b1311_006.png']"
banktrial,chair_cluster1,chair_c1_5516e76a34984182b6f6d1d58b7b1311_1,1,"['chair_5516e76a34984182b6f6d1d58b7b1311_006.png', 'chair_6a02133392afc96b40ef1c8b63a628f9_004.png', 'chair_5516e76a34984182b6f6d1d58b7b1311_004.png']"
banktrial,chair_cluster1,chair_c1_5516e76a34984182b6f6d1d58b7b1311_2,0,"['chair_17b77403b80de623f1783a44a88d6274_002.png', 'chair_5516e76a34984182b6f6d1d58b7b1311_002.png', 'chair_5516e76a34984182b6f6d1d58b7b1311_004.png']"
banktrial,chair_cluster1,chair_c1_92e6546c4aca4ed14b96b665a8ac321_0,0,"['chair_447856e1071e8b83c036a40816608369_003.png', 'chair_92e6546c4aca4ed14b96b665a8ac321_003.png', 'chair_92e6546c4aca4ed14b96b665a8ac321_002.png']"
banktrial,chair_cluster1,chair_c1_92e6546c4aca4ed14b96b665a8ac321_1,1,"['chair_92e6546c4aca4ed14b96b665a8ac321_002.png', 'chair_17b77403b80de623f1783a44a88d6274_007.png', 'chair_92e6546c4aca4ed14b96b665a8ac321_003.png']"
banktrial,chair_cluster1,chair_c1_92e6546c4aca4ed14b96b665a8ac321_2,2,"['chair_92e6546c4aca4ed14b96b665a8ac321_000.png', 'chair_92e6546c4aca4ed14b96b665a8ac321_012.png', 'chair_a6ab184a68bc67d179b3e1be3524f72f_009.png']"
banktrial,chair_cluster1,chair_c1_ea628b4568d4eb527085b4353236aad_0,2,"['chair_ea628b4568d4eb527085b4353236aad_012.png', 'chair_ea628b4568d4eb527085b4353236aad_009.png', 'chair_a9cc6920422b9d9c2af8b1d491b7ebc_001.png']"
banktrial,chair_cluster1,chair_c1_ea628b4568d4eb527085b4353236aad_1,2,"['chair_ea628b4568d4eb527085b4353236aad_006.png', 'chair_ea628b4568d4eb527085b4353236aad_003.png', 'chair_c8963b0930306a61781cbff504e4168d_009.png']"
banktrial,chair_cluster1,chair_c1_ea628b4568d4eb527085b4353236aad_2,1,"['chair_ea628b4568d4eb527085b4353236aad_004.png', 'chair_a9cc6920422b9d9c2af8b1d491b7ebc_014.png', 'chair_ea628b4568d4eb527085b4353236aad_002.png']"
banktrial,chair_cluster1,chair_c1_38ff18330fd5aace162bf7725b3fab02_0,1,"['chair_38ff18330fd5aace162bf7725b3fab02_006.png', 'chair_c1841ecc1302f45be798c4323a137f09_014.png', 'chair_38ff18330fd5aace162bf7725b3fab02_000.png']"
banktrial,chair_cluster1,chair_c1_38ff18330fd5aace162bf7725b3fab02_1,2,"['chair_38ff18330fd5aace162bf7725b3fab02_013.png', 'chair_38ff18330fd5aace162bf7725b3fab02_008.png', 'chair_c1841ecc1302f45be798c4323a137f09_002.png']"
banktrial,chair_cluster1,chair_c1_38ff18330fd5aace162bf7725b3fab02_2,2,"['chair_38ff18330fd5aace162bf7725b3fab02_012.png', 'chair_38ff18330fd5aace162bf7725b3fab02_007.png', 'chair_c8963b0930306a61781cbff504e4168d_005.png']"
banktrial,chair_cluster1,chair_c1_a808d40b66123c7ae9602306ed19eab0_0,0,"['chair_ea62254f0a5650579a8ef44e1d2c5b75_005.png', 'chair_a808d40b66123c7ae9602306ed19eab0_012.png', 'chair_a808d40b66123c7ae9602306ed19eab0_000.png']"
banktrial,chair_cluster1,chair_c1_a808d40b66123c7ae9602306ed19eab0_1,2,"['chair_a808d40b66123c7ae9602306ed19eab0_002.png', 'chair_a808d40b66123c7ae9602306ed19eab0_000.png', 'chair_953a6c4d742f1e44d1dcc55e36186e4e_011.png']"
banktrial,chair_cluster1,chair_c1_a808d40b66123c7ae9602306ed19eab0_2,1,"['chair_a808d40b66123c7ae9602306ed19eab0_014.png', 'chair_8617fc907ff8cb36597976c675750537_000.png', 'chair_a808d40b66123c7ae9602306ed19eab0_011.png']"
banktrial,chair_cluster1,chair_c1_3024deb09ba519c517089ab023f65eee_0,1,"['chair_3024deb09ba519c517089ab023f65eee_000.png', 'chair_fc97c771d058556f593de14e4664635a_008.png', 'chair_3024deb09ba519c517089ab023f65eee_006.png']"
banktrial,chair_cluster1,chair_c1_3024deb09ba519c517089ab023f65eee_1,2,"['chair_3024deb09ba519c517089ab023f65eee_004.png', 'chair_3024deb09ba519c517089ab023f65eee_008.png', 'chair_df6ca774d390755cbd18e74cb7446915_001.png']"
banktrial,chair_cluster1,chair_c1_3024deb09ba519c517089ab023f65eee_2,2,"['chair_3024deb09ba519c517089ab023f65eee_008.png', 'chair_3024deb09ba519c517089ab023f65eee_011.png', 'chair_aa154024474ad7d138a720835dbeef20_006.png']"
banktrial,chair_cluster1,chair_c1_b2f125cba550eb8bfebad4f49b26ec52_0,0,"['chair_c1841ecc1302f45be798c4323a137f09_011.png', 'chair_b2f125cba550eb8bfebad4f49b26ec52_005.png', 'chair_b2f125cba550eb8bfebad4f49b26ec52_003.png']"
banktrial,chair_cluster1,chair_c1_b2f125cba550eb8bfebad4f49b26ec52_1,0,"['chair_9979c8433d92fd80d1dcc55e36186e4e_013.png', 'chair_b2f125cba550eb8bfebad4f49b26ec52_005.png', 'chair_b2f125cba550eb8bfebad4f49b26ec52_007.png']"
banktrial,chair_cluster1,chair_c1_b2f125cba550eb8bfebad4f49b26ec52_2,0,"['chair_38ff18330fd5aace162bf7725b3fab02_005.png', 'chair_b2f125cba550eb8bfebad4f49b26ec52_001.png', 'chair_b2f125cba550eb8bfebad4f49b26ec52_000.png']"
banktrial,chair_cluster1,chair_c1_637606c1ca1ecd81b502160362bf1664_0,2,"['chair_637606c1ca1ecd81b502160362bf1664_003.png', 'chair_637606c1ca1ecd81b502160362bf1664_002.png', 'chair_7667d0da445e324bba600d75deaf8d3a_010.png']"
banktrial,chair_cluster1,chair_c1_637606c1ca1ecd81b502160362bf1664_1,2,"['chair_637606c1ca1ecd81b502160362bf1664_006.png', 'chair_637606c1ca1ecd81b502160362bf1664_004.png', 'chair_f1645567130e99a878268642d8df40d1_004.png']"
banktrial,chair_cluster1,chair_c1_637606c1ca1ecd81b502160362bf1664_2,1,"['chair_637606c1ca1ecd81b502160362bf1664_014.png', 'chair_a6ab184a68bc67d179b3e1be3524f72f_005.png', 'chair_637606c1ca1ecd81b502160362bf1664_001.png']"
banktrial,chair_cluster1,chair_c1_4f188d1f92b859fc283b00891f680579_0,1,"['chair_4f188d1f92b859fc283b00891f680579_012.png', 'chair_3de9a7a40851ceb971a782a4379556c7_007.png', 'chair_4f188d1f92b859fc283b00891f680579_002.png']"
banktrial,chair_cluster1,chair_c1_4f188d1f92b859fc283b00891f680579_1,0,"['chair_b2f125cba550eb8bfebad4f49b26ec52_014.png', 'chair_4f188d1f92b859fc283b00891f680579_004.png', 'chair_4f188d1f92b859fc283b00891f680579_005.png']"
banktrial,chair_cluster1,chair_c1_4f188d1f92b859fc283b00891f680579_2,1,"['chair_4f188d1f92b859fc283b00891f680579_007.png', 'chair_317a2cc9f3b54a48283b00891f680579_009.png', 'chair_4f188d1f92b859fc283b00891f680579_008.png']"
banktrial,chair_cluster1,chair_c1_933902ec014c6d487135fc51795b4038_0,2,"['chair_933902ec014c6d487135fc51795b4038_007.png', 'chair_933902ec014c6d487135fc51795b4038_008.png', 'chair_512905c0211b947edc6f96c9bb9e3ae6_001.png']"
banktrial,chair_cluster1,chair_c1_933902ec014c6d487135fc51795b4038_1,2,"['chair_933902ec014c6d487135fc51795b4038_008.png', 'chair_933902ec014c6d487135fc51795b4038_006.png', 'chair_512905c0211b947edc6f96c9bb9e3ae6_008.png']"
banktrial,chair_cluster1,chair_c1_933902ec014c6d487135fc51795b4038_2,2,"['chair_933902ec014c6d487135fc51795b4038_008.png', 'chair_933902ec014c6d487135fc51795b4038_010.png', 'chair_b2f125cba550eb8bfebad4f49b26ec52_006.png']"
banktrial,chair_cluster1,chair_c1_5609756359a6dd2c1933ffef19678834_0,1,"['chair_5609756359a6dd2c1933ffef19678834_014.png', 'chair_a6ab184a68bc67d179b3e1be3524f72f_008.png', 'chair_5609756359a6dd2c1933ffef19678834_001.png']"
banktrial,chair_cluster1,chair_c1_5609756359a6dd2c1933ffef19678834_1,2,"['chair_5609756359a6dd2c1933ffef19678834_014.png', 'chair_5609756359a6dd2c1933ffef19678834_009.png', 'chair_93e72cd3140b32513b5ed5cb2d36de1e_011.png']"
banktrial,chair_cluster1,chair_c1_5609756359a6dd2c1933ffef19678834_2,2,"['chair_5609756359a6dd2c1933ffef19678834_012.png', 'chair_5609756359a6dd2c1933ffef19678834_013.png', 'chair_672e20cc6ffa29d41c6aa36e5af1449_012.png']"
banktrial,chair_cluster1,chair_c1_c04f515b688f9d97fff16555386d173d_0,1,"['chair_c04f515b688f9d97fff16555386d173d_001.png', 'chair_3d9dce1953180fe6f9c9f9697d1ec60_001.png', 'chair_c04f515b688f9d97fff16555386d173d_004.png']"
banktrial,chair_cluster1,chair_c1_c04f515b688f9d97fff16555386d173d_1,2,"['chair_c04f515b688f9d97fff16555386d173d_010.png', 'chair_c04f515b688f9d97fff16555386d173d_009.png', 'chair_3d9dce1953180fe6f9c9f9697d1ec60_006.png']"
banktrial,chair_cluster1,chair_c1_c04f515b688f9d97fff16555386d173d_2,2,"['chair_c04f515b688f9d97fff16555386d173d_014.png', 'chair_c04f515b688f9d97fff16555386d173d_004.png', 'chair_a374da8227eca67b89014675a548cbb_002.png']"
banktrial,chair_cluster1,chair_c1_c1841ecc1302f45be798c4323a137f09_0,0,"['chair_9aece6c6436cde6fd9ac1bf1eddffd24_007.png', 'chair_c1841ecc1302f45be798c4323a137f09_010.png', 'chair_c1841ecc1302f45be798c4323a137f09_000.png']"
banktrial,chair_cluster1,chair_c1_c1841ecc1302f45be798c4323a137f09_1,2,"['chair_c1841ecc1302f45be798c4323a137f09_008.png', 'chair_c1841ecc1302f45be798c4323a137f09_000.png', 'chair_512905c0211b947edc6f96c9bb9e3ae6_007.png']"
banktrial,chair_cluster1,chair_c1_c1841ecc1302f45be798c4323a137f09_2,0,"['chair_b267d11790325e6cec7cbf3284585a40_009.png', 'chair_c1841ecc1302f45be798c4323a137f09_006.png', 'chair_c1841ecc1302f45be798c4323a137f09_012.png']"
banktrial,chair_cluster1,chair_c1_43681f9356e330b36ac40071701c687_0,0,"['chair_831ca4306245810435836c728d324152_002.png', 'chair_43681f9356e330b36ac40071701c687_008.png', 'chair_43681f9356e330b36ac40071701c687_000.png']"
banktrial,chair_cluster1,chair_c1_43681f9356e330b36ac40071701c687_1,0,"['chair_c2076591d588586719fb4103277a6b93_005.png', 'chair_43681f9356e330b36ac40071701c687_000.png', 'chair_43681f9356e330b36ac40071701c687_014.png']"
banktrial,chair_cluster1,chair_c1_43681f9356e330b36ac40071701c687_2,2,"['chair_43681f9356e330b36ac40071701c687_001.png', 'chair_43681f9356e330b36ac40071701c687_013.png', 'chair_b8e4dfe08a43badabaed5cf8a752d243_014.png']"
banktrial,chair_cluster1,chair_c1_53fc74fb69742cab20768660cf080d12_0,2,"['chair_53fc74fb69742cab20768660cf080d12_003.png', 'chair_53fc74fb69742cab20768660cf080d12_012.png', 'chair_b2f125cba550eb8bfebad4f49b26ec52_002.png']"
banktrial,chair_cluster1,chair_c1_53fc74fb69742cab20768660cf080d12_1,0,"['chair_247353514479969ce6fe3612af521500_013.png', 'chair_53fc74fb69742cab20768660cf080d12_010.png', 'chair_53fc74fb69742cab20768660cf080d12_008.png']"
banktrial,chair_cluster1,chair_c1_53fc74fb69742cab20768660cf080d12_2,2,"['chair_53fc74fb69742cab20768660cf080d12_008.png', 'chair_53fc74fb69742cab20768660cf080d12_000.png', 'chair_b2f125cba550eb8bfebad4f49b26ec52_006.png']"
banktrial,chair_cluster1,chair_c1_fc97c771d058556f593de14e4664635a_0,1,"['chair_fc97c771d058556f593de14e4664635a_002.png', 'chair_3024deb09ba519c517089ab023f65eee_003.png', 'chair_fc97c771d058556f593de14e4664635a_007.png']"
banktrial,chair_cluster1,chair_c1_fc97c771d058556f593de14e4664635a_1,2,"['chair_fc97c771d058556f593de14e4664635a_002.png', 'chair_fc97c771d058556f593de14e4664635a_013.png', 'chair_831ca4306245810435836c728d324152_009.png']"
banktrial,chair_cluster1,chair_c1_fc97c771d058556f593de14e4664635a_2,0,"['chair_b8e4dfe08a43badabaed5cf8a752d243_000.png', 'chair_fc97c771d058556f593de14e4664635a_007.png', 'chair_fc97c771d058556f593de14e4664635a_006.png']"
banktrial,chair_cluster1,chair_c1_4ae645f3b724a7dcb83ea6cf8ac00397_0,0,"['chair_831ca4306245810435836c728d324152_010.png', 'chair_4ae645f3b724a7dcb83ea6cf8ac00397_004.png', 'chair_4ae645f3b724a7dcb83ea6cf8ac00397_008.png']"
banktrial,chair_cluster1,chair_c1_4ae645f3b724a7dcb83ea6cf8ac00397_1,1,"['chair_4ae645f3b724a7dcb83ea6cf8ac00397_002.png', 'chair_df6ca774d390755cbd18e74cb7446915_012.png', 'chair_4ae645f3b724a7dcb83ea6cf8ac00397_000.png']"
banktrial,chair_cluster1,chair_c1_4ae645f3b724a7dcb83ea6cf8ac00397_2,2,"['chair_4ae645f3b724a7dcb83ea6cf8ac00397_008.png', 'chair_4ae645f3b724a7dcb83ea6cf8ac00397_005.png', 'chair_c2076591d588586719fb4103277a6b93_002.png']"
banktrial,chair_cluster1,chair_c1_aa300965dead4fa33f09c790ddd20f8c_0,2,"['chair_aa300965dead4fa33f09c790ddd20f8c_011.png', 'chair_aa300965dead4fa33f09c790ddd20f8c_010.png', 'chair_b8e4dfe08a43badabaed5cf8a752d243_004.png']"
banktrial,chair_cluster1,chair_c1_aa300965dead4fa33f09c790ddd20f8c_1,0,"['chair_df6ca774d390755cbd18e74cb7446915_010.png', 'chair_aa300965dead4fa33f09c790ddd20f8c_014.png', 'chair_aa300965dead4fa33f09c790ddd20f8c_001.png']"
banktrial,chair_cluster1,chair_c1_aa300965dead4fa33f09c790ddd20f8c_2,1,"['chair_aa300965dead4fa33f09c790ddd20f8c_011.png', 'chair_6a02133392afc96b40ef1c8b63a628f9_009.png', 'chair_aa300965dead4fa33f09c790ddd20f8c_006.png']"
banktrial,chair_cluster1,chair_c1_41fd861b4f4b8baf3adc3470b30138f3_0,2,"['chair_41fd861b4f4b8baf3adc3470b30138f3_001.png', 'chair_41fd861b4f4b8baf3adc3470b30138f3_014.png', 'chair_3de9a7a40851ceb971a782a4379556c7_005.png']"
banktrial,chair_cluster1,chair_c1_41fd861b4f4b8baf3adc3470b30138f3_1,2,"['chair_41fd861b4f4b8baf3adc3470b30138f3_001.png', 'chair_41fd861b4f4b8baf3adc3470b30138f3_005.png', 'chair_e6ea5e70c2f29d881e8fd793667dc14f_014.png']"
banktrial,chair_cluster1,chair_c1_41fd861b4f4b8baf3adc3470b30138f3_2,1,"['chair_41fd861b4f4b8baf3adc3470b30138f3_005.png', 'chair_953a6c4d742f1e44d1dcc55e36186e4e_004.png', 'chair_41fd861b4f4b8baf3adc3470b30138f3_006.png']"
banktrial,chair_cluster1,chair_c1_b8e4dfe08a43badabaed5cf8a752d243_0,0,"['chair_4ae645f3b724a7dcb83ea6cf8ac00397_013.png', 'chair_b8e4dfe08a43badabaed5cf8a752d243_009.png', 'chair_b8e4dfe08a43badabaed5cf8a752d243_007.png']"
banktrial,chair_cluster1,chair_c1_b8e4dfe08a43badabaed5cf8a752d243_1,1,"['chair_b8e4dfe08a43badabaed5cf8a752d243_008.png', 'chair_a9cc6920422b9d9c2af8b1d491b7ebc_012.png', 'chair_b8e4dfe08a43badabaed5cf8a752d243_010.png']"
banktrial,chair_cluster1,chair_c1_b8e4dfe08a43badabaed5cf8a752d243_2,0,"['chair_a9cc6920422b9d9c2af8b1d491b7ebc_008.png', 'chair_b8e4dfe08a43badabaed5cf8a752d243_001.png', 'chair_b8e4dfe08a43badabaed5cf8a752d243_012.png']"
banktrial,chair_cluster1,chair_c1_953a6c4d742f1e44d1dcc55e36186e4e_0,1,"['chair_953a6c4d742f1e44d1dcc55e36186e4e_012.png', 'chair_e6ea5e70c2f29d881e8fd793667dc14f_010.png', 'chair_953a6c4d742f1e44d1dcc55e36186e4e_005.png']"
banktrial,chair_cluster1,chair_c1_953a6c4d742f1e44d1dcc55e36186e4e_1,2,"['chair_953a6c4d742f1e44d1dcc55e36186e4e_000.png', 'chair_953a6c4d742f1e44d1dcc55e36186e4e_001.png', 'chair_9979c8433d92fd80d1dcc55e36186e4e_005.png']"
banktrial,chair_cluster1,chair_c1_953a6c4d742f1e44d1dcc55e36186e4e_2,2,"['chair_953a6c4d742f1e44d1dcc55e36186e4e_013.png', 'chair_953a6c4d742f1e44d1dcc55e36186e4e_012.png', 'chair_3de9a7a40851ceb971a782a4379556c7_002.png']"
banktrial,chair_cluster1,chair_c1_d38a49a15715c46ec3bd24f986301745_0,1,"['chair_d38a49a15715c46ec3bd24f986301745_010.png', 'chair_ba074c9ff5e36f60e8b2b8dc0c816caf_014.png', 'chair_d38a49a15715c46ec3bd24f986301745_005.png']"
banktrial,chair_cluster1,chair_c1_d38a49a15715c46ec3bd24f986301745_1,2,"['chair_d38a49a15715c46ec3bd24f986301745_009.png', 'chair_d38a49a15715c46ec3bd24f986301745_003.png', 'chair_ea62254f0a5650579a8ef44e1d2c5b75_011.png']"
banktrial,chair_cluster1,chair_c1_d38a49a15715c46ec3bd24f986301745_2,2,"['chair_d38a49a15715c46ec3bd24f986301745_007.png', 'chair_d38a49a15715c46ec3bd24f986301745_003.png', 'chair_8cb34663a9e42f95c3bd24f986301745_012.png']"
banktrial,chair_cluster1,chair_c1_a7f9e2612d0764a0656a19d1d18fdbac_0,0,"['chair_36447db5cf7b5a27ab5c60fa85a57ffd_014.png', 'chair_a7f9e2612d0764a0656a19d1d18fdbac_009.png', 'chair_a7f9e2612d0764a0656a19d1d18fdbac_008.png']"
banktrial,chair_cluster1,chair_c1_a7f9e2612d0764a0656a19d1d18fdbac_1,0,"['chair_4b3c381658cfe96d4db79ead79f57b22_003.png', 'chair_a7f9e2612d0764a0656a19d1d18fdbac_012.png', 'chair_a7f9e2612d0764a0656a19d1d18fdbac_003.png']"
banktrial,chair_cluster1,chair_c1_a7f9e2612d0764a0656a19d1d18fdbac_2,0,"['chair_3024deb09ba519c517089ab023f65eee_001.png', 'chair_a7f9e2612d0764a0656a19d1d18fdbac_009.png', 'chair_a7f9e2612d0764a0656a19d1d18fdbac_002.png']"
banktrial,chair_cluster1,chair_c1_4b3c381658cfe96d4db79ead79f57b22_0,2,"['chair_4b3c381658cfe96d4db79ead79f57b22_000.png', 'chair_4b3c381658cfe96d4db79ead79f57b22_010.png', 'chair_6a02133392afc96b40ef1c8b63a628f9_005.png']"
banktrial,chair_cluster1,chair_c1_4b3c381658cfe96d4db79ead79f57b22_1,0,"['chair_f268849e43f64861cb3a30f2c37c38a6_004.png', 'chair_4b3c381658cfe96d4db79ead79f57b22_006.png', 'chair_4b3c381658cfe96d4db79ead79f57b22_000.png']"
banktrial,chair_cluster1,chair_c1_4b3c381658cfe96d4db79ead79f57b22_2,0,"['chair_4f188d1f92b859fc283b00891f680579_005.png', 'chair_4b3c381658cfe96d4db79ead79f57b22_013.png', 'chair_4b3c381658cfe96d4db79ead79f57b22_010.png']"
banktrial,chair_cluster1,chair_c1_875925d42780159ffebad4f49b26ec52_0,2,"['chair_875925d42780159ffebad4f49b26ec52_006.png', 'chair_875925d42780159ffebad4f49b26ec52_009.png', 'chair_17b77403b80de623f1783a44a88d6274_004.png']"
banktrial,chair_cluster1,chair_c1_875925d42780159ffebad4f49b26ec52_1,2,"['chair_875925d42780159ffebad4f49b26ec52_005.png', 'chair_875925d42780159ffebad4f49b26ec52_003.png', 'chair_93e72cd3140b32513b5ed5cb2d36de1e_008.png']"
banktrial,chair_cluster1,chair_c1_875925d42780159ffebad4f49b26ec52_2,0,"['chair_317a2cc9f3b54a48283b00891f680579_012.png', 'chair_875925d42780159ffebad4f49b26ec52_010.png', 'chair_875925d42780159ffebad4f49b26ec52_012.png']"
banktrial,chair_cluster1,chair_c1_88042e6d331ffba0f63e8e405d49b8ce_0,2,"['chair_88042e6d331ffba0f63e8e405d49b8ce_011.png', 'chair_88042e6d331ffba0f63e8e405d49b8ce_000.png', 'chair_3f83565ed40f87c5593ebeeedbff73b_013.png']"
banktrial,chair_cluster1,chair_c1_88042e6d331ffba0f63e8e405d49b8ce_1,1,"['chair_88042e6d331ffba0f63e8e405d49b8ce_004.png', 'chair_a6ab184a68bc67d179b3e1be3524f72f_006.png', 'chair_88042e6d331ffba0f63e8e405d49b8ce_009.png']"
banktrial,chair_cluster1,chair_c1_88042e6d331ffba0f63e8e405d49b8ce_2,2,"['chair_88042e6d331ffba0f63e8e405d49b8ce_000.png', 'chair_88042e6d331ffba0f63e8e405d49b8ce_010.png', 'chair_8d1616ada1d6f239d1f4836ba5ad2863_008.png']"
banktrial,chair_cluster1,chair_c1_d521a48317d0b14d7ac55d461d1984_0,2,"['chair_d521a48317d0b14d7ac55d461d1984_006.png', 'chair_d521a48317d0b14d7ac55d461d1984_012.png', 'chair_93e72cd3140b32513b5ed5cb2d36de1e_003.png']"
banktrial,chair_cluster1,chair_c1_d521a48317d0b14d7ac55d461d1984_1,0,"['chair_831ca4306245810435836c728d324152_007.png', 'chair_d521a48317d0b14d7ac55d461d1984_000.png', 'chair_d521a48317d0b14d7ac55d461d1984_008.png']"
banktrial,chair_cluster1,chair_c1_d521a48317d0b14d7ac55d461d1984_2,1,"['chair_d521a48317d0b14d7ac55d461d1984_012.png', 'chair_c2076591d588586719fb4103277a6b93_003.png', 'chair_d521a48317d0b14d7ac55d461d1984_003.png']"
banktrial,chair_cluster1,chair_c1_19d3ba04e165e67dcb4387db711dc078_0,2,"['chair_19d3ba04e165e67dcb4387db711dc078_011.png', 'chair_19d3ba04e165e67dcb4387db711dc078_003.png', 'chair_ba074c9ff5e36f60e8b2b8dc0c816caf_013.png']"
banktrial,chair_cluster1,chair_c1_19d3ba04e165e67dcb4387db711dc078_1,0,"['chair_3f36e261cc87648ac3bd24f986301745_007.png', 'chair_19d3ba04e165e67dcb4387db711dc078_014.png', 'chair_19d3ba04e165e67dcb4387db711dc078_008.png']"
banktrial,chair_cluster1,chair_c1_19d3ba04e165e67dcb4387db711dc078_2,0,"['chair_c8963b0930306a61781cbff504e4168d_002.png', 'chair_19d3ba04e165e67dcb4387db711dc078_008.png', 'chair_19d3ba04e165e67dcb4387db711dc078_014.png']"
banktrial,chair_cluster1,chair_c1_93e72cd3140b32513b5ed5cb2d36de1e_0,0,"['chair_cbcc5cd1aec9f3413aa677469bbdd68c_013.png', 'chair_93e72cd3140b32513b5ed5cb2d36de1e_007.png', 'chair_93e72cd3140b32513b5ed5cb2d36de1e_010.png']"
banktrial,chair_cluster1,chair_c1_93e72cd3140b32513b5ed5cb2d36de1e_1,2,"['chair_93e72cd3140b32513b5ed5cb2d36de1e_001.png', 'chair_93e72cd3140b32513b5ed5cb2d36de1e_002.png', 'chair_8d1616ada1d6f239d1f4836ba5ad2863_001.png']"
banktrial,chair_cluster1,chair_c1_93e72cd3140b32513b5ed5cb2d36de1e_2,0,"['chair_88042e6d331ffba0f63e8e405d49b8ce_008.png', 'chair_93e72cd3140b32513b5ed5cb2d36de1e_002.png', 'chair_93e72cd3140b32513b5ed5cb2d36de1e_001.png']"
banktrial,chair_cluster1,chair_c1_550fa302257e193ec93d39652bbb58f_0,1,"['chair_550fa302257e193ec93d39652bbb58f_005.png', 'chair_c8963b0930306a61781cbff504e4168d_014.png', 'chair_550fa302257e193ec93d39652bbb58f_010.png']"
banktrial,chair_cluster1,chair_c1_550fa302257e193ec93d39652bbb58f_1,2,"['chair_550fa302257e193ec93d39652bbb58f_010.png', 'chair_550fa302257e193ec93d39652bbb58f_012.png', 'chair_19d3ba04e165e67dcb4387db711dc078_009.png']"
banktrial,chair_cluster1,chair_c1_550fa302257e193ec93d39652bbb58f_2,1,"['chair_550fa302257e193ec93d39652bbb58f_008.png', 'chair_4b3c381658cfe96d4db79ead79f57b22_013.png', 'chair_550fa302257e193ec93d39652bbb58f_012.png']"
banktrial,chair_cluster1,chair_c1_17b77403b80de623f1783a44a88d6274_0,2,"['chair_17b77403b80de623f1783a44a88d6274_005.png', 'chair_17b77403b80de623f1783a44a88d6274_000.png', 'chair_b2f125cba550eb8bfebad4f49b26ec52_014.png']"
banktrial,chair_cluster1,chair_c1_17b77403b80de623f1783a44a88d6274_1,0,"['chair_38ff18330fd5aace162bf7725b3fab02_010.png', 'chair_17b77403b80de623f1783a44a88d6274_013.png', 'chair_17b77403b80de623f1783a44a88d6274_002.png']"
banktrial,chair_cluster1,chair_c1_17b77403b80de623f1783a44a88d6274_2,1,"['chair_17b77403b80de623f1783a44a88d6274_006.png', 'chair_38ff18330fd5aace162bf7725b3fab02_004.png', 'chair_17b77403b80de623f1783a44a88d6274_011.png']"
banktrial,chair_cluster1,chair_c1_da443e90e376b024b0f7e9a1c9f6c90f_0,2,"['chair_da443e90e376b024b0f7e9a1c9f6c90f_013.png', 'chair_da443e90e376b024b0f7e9a1c9f6c90f_012.png', 'chair_e0a473eb557c424320768660cf080d12_004.png']"
banktrial,chair_cluster1,chair_c1_da443e90e376b024b0f7e9a1c9f6c90f_1,1,"['chair_da443e90e376b024b0f7e9a1c9f6c90f_014.png', 'chair_fc97c771d058556f593de14e4664635a_003.png', 'chair_da443e90e376b024b0f7e9a1c9f6c90f_004.png']"
banktrial,chair_cluster1,chair_c1_da443e90e376b024b0f7e9a1c9f6c90f_2,2,"['chair_da443e90e376b024b0f7e9a1c9f6c90f_014.png', 'chair_da443e90e376b024b0f7e9a1c9f6c90f_006.png', 'chair_cbcc5cd1aec9f3413aa677469bbdd68c_009.png']"
banktrial,chair_cluster1,chair_c1_a374da8227eca67b89014675a548cbb_0,0,"['chair_cc8066a5107a2bf5926f2c1927eee8ee_001.png', 'chair_a374da8227eca67b89014675a548cbb_002.png', 'chair_a374da8227eca67b89014675a548cbb_005.png']"
banktrial,chair_cluster1,chair_c1_a374da8227eca67b89014675a548cbb_1,0,"['chair_ea62254f0a5650579a8ef44e1d2c5b75_003.png', 'chair_a374da8227eca67b89014675a548cbb_002.png', 'chair_a374da8227eca67b89014675a548cbb_000.png']"
banktrial,chair_cluster1,chair_c1_a374da8227eca67b89014675a548cbb_2,1,"['chair_a374da8227eca67b89014675a548cbb_006.png', 'chair_610b1621d1997ee1daf3c002be658861_005.png', 'chair_a374da8227eca67b89014675a548cbb_008.png']"
banktrial,chair_cluster1,chair_c1_ea62254f0a5650579a8ef44e1d2c5b75_0,2,"['chair_ea62254f0a5650579a8ef44e1d2c5b75_005.png', 'chair_ea62254f0a5650579a8ef44e1d2c5b75_001.png', 'chair_a374da8227eca67b89014675a548cbb_011.png']"
banktrial,chair_cluster1,chair_c1_ea62254f0a5650579a8ef44e1d2c5b75_1,2,"['chair_ea62254f0a5650579a8ef44e1d2c5b75_005.png', 'chair_ea62254f0a5650579a8ef44e1d2c5b75_013.png', 'chair_3f83565ed40f87c5593ebeeedbff73b_005.png']"
banktrial,chair_cluster1,chair_c1_ea62254f0a5650579a8ef44e1d2c5b75_2,2,"['chair_ea62254f0a5650579a8ef44e1d2c5b75_001.png', 'chair_ea62254f0a5650579a8ef44e1d2c5b75_009.png', 'chair_c8963b0930306a61781cbff504e4168d_007.png']"
banktrial,chair_cluster2,chair_c2_64e77e9e5887ce95492d9da2668ec34c_0,1,"['chair_64e77e9e5887ce95492d9da2668ec34c_008.png', 'chair_34dc6c4e022b380cf91663a74ccd2338_003.png', 'chair_64e77e9e5887ce95492d9da2668ec34c_001.png']"
banktrial,chair_cluster2,chair_c2_64e77e9e5887ce95492d9da2668ec34c_1,1,"['chair_64e77e9e5887ce95492d9da2668ec34c_009.png', 'chair_507a5070cde81fd867936ca58e67cec6_005.png', 'chair_64e77e9e5887ce95492d9da2668ec34c_003.png']"
banktrial,chair_cluster2,chair_c2_64e77e9e5887ce95492d9da2668ec34c_2,2,"['chair_64e77e9e5887ce95492d9da2668ec34c_011.png', 'chair_64e77e9e5887ce95492d9da2668ec34c_004.png', 'chair_34dc6c4e022b380cf91663a74ccd2338_010.png']"
banktrial,chair_cluster2,chair_c2_3037c7d4d9dcb8f535b063aa516d32d0_0,0,"['chair_98f42a66467c264377fe1aa9b41a89c5_006.png', 'chair_3037c7d4d9dcb8f535b063aa516d32d0_002.png', 'chair_3037c7d4d9dcb8f535b063aa516d32d0_007.png']"
banktrial,chair_cluster2,chair_c2_3037c7d4d9dcb8f535b063aa516d32d0_1,2,"['chair_3037c7d4d9dcb8f535b063aa516d32d0_005.png', 'chair_3037c7d4d9dcb8f535b063aa516d32d0_010.png', 'chair_5aea2a227125a81bccda8d28b44378b7_005.png']"
banktrial,chair_cluster2,chair_c2_3037c7d4d9dcb8f535b063aa516d32d0_2,0,"['chair_b6e662b81c62dc9b688f5a44034a346_013.png', 'chair_3037c7d4d9dcb8f535b063aa516d32d0_008.png', 'chair_3037c7d4d9dcb8f535b063aa516d32d0_013.png']"
banktrial,chair_cluster2,chair_c2_5bb5b15807158f71504721639e19f609_0,0,"['chair_fcfb7012968416679c0b027ae5b223d6_012.png', 'chair_5bb5b15807158f71504721639e19f609_011.png', 'chair_5bb5b15807158f71504721639e19f609_003.png']"
banktrial,chair_cluster2,chair_c2_5bb5b15807158f71504721639e19f609_1,2,"['chair_5bb5b15807158f71504721639e19f609_008.png', 'chair_5bb5b15807158f71504721639e19f609_010.png', 'chair_ea7be2b97e78d5b35a4480134e0cdd21_002.png']"
banktrial,chair_cluster2,chair_c2_5bb5b15807158f71504721639e19f609_2,0,"['chair_fcfb7012968416679c0b027ae5b223d6_005.png', 'chair_5bb5b15807158f71504721639e19f609_003.png', 'chair_5bb5b15807158f71504721639e19f609_011.png']"
banktrial,chair_cluster2,chair_c2_7f11f4251d2faee4492d9da2668ec34c_0,1,"['chair_7f11f4251d2faee4492d9da2668ec34c_007.png', 'chair_8f1e882bdc10f54955f46d55537192b6_000.png', 'chair_7f11f4251d2faee4492d9da2668ec34c_006.png']"
banktrial,chair_cluster2,chair_c2_7f11f4251d2faee4492d9da2668ec34c_1,0,"['chair_a996cc501faa4ec841c6494d29fffa82_008.png', 'chair_7f11f4251d2faee4492d9da2668ec34c_002.png', 'chair_7f11f4251d2faee4492d9da2668ec34c_004.png']"
banktrial,chair_cluster2,chair_c2_7f11f4251d2faee4492d9da2668ec34c_2,0,"['chair_a996cc501faa4ec841c6494d29fffa82_006.png', 'chair_7f11f4251d2faee4492d9da2668ec34c_005.png', 'chair_7f11f4251d2faee4492d9da2668ec34c_002.png']"
banktrial,chair_cluster2,chair_c2_ff8efd10f5e6c5c7c6c0380e62f2644_0,1,"['chair_ff8efd10f5e6c5c7c6c0380e62f2644_009.png', 'chair_4fae9528f1403fd0f9702e673573a443_004.png', 'chair_ff8efd10f5e6c5c7c6c0380e62f2644_007.png']"
banktrial,chair_cluster2,chair_c2_ff8efd10f5e6c5c7c6c0380e62f2644_1,0,"['chair_91f867d862e6c96c3ea242d1c18c3489_000.png', 'chair_ff8efd10f5e6c5c7c6c0380e62f2644_002.png', 'chair_ff8efd10f5e6c5c7c6c0380e62f2644_005.png']"
banktrial,chair_cluster2,chair_c2_ff8efd10f5e6c5c7c6c0380e62f2644_2,2,"['chair_ff8efd10f5e6c5c7c6c0380e62f2644_012.png', 'chair_ff8efd10f5e6c5c7c6c0380e62f2644_008.png', 'chair_bb90094030f369e4305a3b2fd9173d6f_010.png']"
banktrial,chair_cluster2,chair_c2_6d4ce042f204e89db413bc67c6e4035a_0,0,"['chair_9b9cfaea2a7ba04c461ec9f1803b17a7_014.png', 'chair_6d4ce042f204e89db413bc67c6e4035a_011.png', 'chair_6d4ce042f204e89db413bc67c6e4035a_006.png']"
banktrial,chair_cluster2,chair_c2_6d4ce042f204e89db413bc67c6e4035a_1,1,"['chair_6d4ce042f204e89db413bc67c6e4035a_005.png', 'chair_507a5070cde81fd867936ca58e67cec6_013.png', 'chair_6d4ce042f204e89db413bc67c6e4035a_006.png']"
banktrial,chair_cluster2,chair_c2_6d4ce042f204e89db413bc67c6e4035a_2,0,"['chair_2195099b0295f692afca3357bb07ab96_002.png', 'chair_6d4ce042f204e89db413bc67c6e4035a_004.png', 'chair_6d4ce042f204e89db413bc67c6e4035a_013.png']"
banktrial,chair_cluster2,chair_c2_bcf67dfcbd6c1fe7da8e9e0272759299_0,0,"['chair_99e4c4b39b75a06b30e06a011e63236a_012.png', 'chair_bcf67dfcbd6c1fe7da8e9e0272759299_008.png', 'chair_bcf67dfcbd6c1fe7da8e9e0272759299_006.png']"
banktrial,chair_cluster2,chair_c2_bcf67dfcbd6c1fe7da8e9e0272759299_1,0,"['chair_40ee8ed17f6ea51224669056e0d19a1_006.png', 'chair_bcf67dfcbd6c1fe7da8e9e0272759299_006.png', 'chair_bcf67dfcbd6c1fe7da8e9e0272759299_013.png']"
banktrial,chair_cluster2,chair_c2_bcf67dfcbd6c1fe7da8e9e0272759299_2,2,"['chair_bcf67dfcbd6c1fe7da8e9e0272759299_000.png', 'chair_bcf67dfcbd6c1fe7da8e9e0272759299_004.png', 'chair_8fbf9ce2c9cb77bd9cb48411c757aef6_008.png']"
banktrial,chair_cluster2,chair_c2_4fae9528f1403fd0f9702e673573a443_0,2,"['chair_4fae9528f1403fd0f9702e673573a443_014.png', 'chair_4fae9528f1403fd0f9702e673573a443_003.png', 'chair_3318f55fdfb9a132f83ac1589b0e94a6_004.png']"
banktrial,chair_cluster2,chair_c2_4fae9528f1403fd0f9702e673573a443_1,0,"['chair_5c660775f1c7b202855c835f93769fb8_006.png', 'chair_4fae9528f1403fd0f9702e673573a443_005.png', 'chair_4fae9528f1403fd0f9702e673573a443_013.png']"
banktrial,chair_cluster2,chair_c2_4fae9528f1403fd0f9702e673573a443_2,2,"['chair_4fae9528f1403fd0f9702e673573a443_009.png', 'chair_4fae9528f1403fd0f9702e673573a443_000.png', 'chair_fcfb7012968416679c0b027ae5b223d6_001.png']"
banktrial,chair_cluster2,chair_c2_903a14845425ca3176e30bf48cd56fcd_0,0,"['chair_a996cc501faa4ec841c6494d29fffa82_007.png', 'chair_903a14845425ca3176e30bf48cd56fcd_002.png', 'chair_903a14845425ca3176e30bf48cd56fcd_011.png']"
banktrial,chair_cluster2,chair_c2_903a14845425ca3176e30bf48cd56fcd_1,1,"['chair_903a14845425ca3176e30bf48cd56fcd_005.png', 'chair_a996cc501faa4ec841c6494d29fffa82_012.png', 'chair_903a14845425ca3176e30bf48cd56fcd_013.png']"
banktrial,chair_cluster2,chair_c2_903a14845425ca3176e30bf48cd56fcd_2,0,"['chair_34dc6c4e022b380cf91663a74ccd2338_000.png', 'chair_903a14845425ca3176e30bf48cd56fcd_010.png', 'chair_903a14845425ca3176e30bf48cd56fcd_007.png']"
banktrial,chair_cluster2,chair_c2_507a5070cde81fd867936ca58e67cec6_0,0,"['chair_fcfb7012968416679c0b027ae5b223d6_005.png', 'chair_507a5070cde81fd867936ca58e67cec6_014.png', 'chair_507a5070cde81fd867936ca58e67cec6_011.png']"
banktrial,chair_cluster2,chair_c2_507a5070cde81fd867936ca58e67cec6_1,0,"['chair_6d4ce042f204e89db413bc67c6e4035a_010.png', 'chair_507a5070cde81fd867936ca58e67cec6_014.png', 'chair_507a5070cde81fd867936ca58e67cec6_002.png']"
banktrial,chair_cluster2,chair_c2_507a5070cde81fd867936ca58e67cec6_2,1,"['chair_507a5070cde81fd867936ca58e67cec6_011.png', 'chair_9b9cfaea2a7ba04c461ec9f1803b17a7_002.png', 'chair_507a5070cde81fd867936ca58e67cec6_008.png']"
banktrial,chair_cluster2,chair_c2_d045654d572bc46f19fb4103277a6b93_0,2,"['chair_d045654d572bc46f19fb4103277a6b93_011.png', 'chair_d045654d572bc46f19fb4103277a6b93_003.png', 'chair_63da17eda9d415b5319c5e90e9cc9126_007.png']"
banktrial,chair_cluster2,chair_c2_d045654d572bc46f19fb4103277a6b93_1,2,"['chair_d045654d572bc46f19fb4103277a6b93_004.png', 'chair_d045654d572bc46f19fb4103277a6b93_006.png', 'chair_41ce60d5443c203eb31c248b8665b2e7_000.png']"
banktrial,chair_cluster2,chair_c2_d045654d572bc46f19fb4103277a6b93_2,1,"['chair_d045654d572bc46f19fb4103277a6b93_013.png', 'chair_79401adba0311d9b19fb4103277a6b93_001.png', 'chair_d045654d572bc46f19fb4103277a6b93_011.png']"
banktrial,chair_cluster2,chair_c2_bbdaf1503b9e2219df6cfab91d65bb91_0,2,"['chair_bbdaf1503b9e2219df6cfab91d65bb91_007.png', 'chair_bbdaf1503b9e2219df6cfab91d65bb91_000.png', 'chair_ea7be2b97e78d5b35a4480134e0cdd21_013.png']"
banktrial,chair_cluster2,chair_c2_bbdaf1503b9e2219df6cfab91d65bb91_1,2,"['chair_bbdaf1503b9e2219df6cfab91d65bb91_009.png', 'chair_bbdaf1503b9e2219df6cfab91d65bb91_004.png', 'chair_d93760fda8d73aaece101336817a135f_013.png']"
banktrial,chair_cluster2,chair_c2_bbdaf1503b9e2219df6cfab91d65bb91_2,1,"['chair_bbdaf1503b9e2219df6cfab91d65bb91_010.png', 'chair_30f077da43f30e64c862eec8232fff1e_001.png', 'chair_bbdaf1503b9e2219df6cfab91d65bb91_009.png']"
banktrial,chair_cluster2,chair_c2_25d40c79ac57891cfebad4f49b26ec52_0,0,"['chair_92175cfac21b10e76e5b9257c4084ca2_003.png', 'chair_25d40c79ac57891cfebad4f49b26ec52_007.png', 'chair_25d40c79ac57891cfebad4f49b26ec52_011.png']"
banktrial,chair_cluster2,chair_c2_25d40c79ac57891cfebad4f49b26ec52_1,2,"['chair_25d40c79ac57891cfebad4f49b26ec52_002.png', 'chair_25d40c79ac57891cfebad4f49b26ec52_011.png', 'chair_92175cfac21b10e76e5b9257c4084ca2_012.png']"
banktrial,chair_cluster2,chair_c2_25d40c79ac57891cfebad4f49b26ec52_2,2,"['chair_25d40c79ac57891cfebad4f49b26ec52_011.png', 'chair_25d40c79ac57891cfebad4f49b26ec52_010.png', 'chair_507a5070cde81fd867936ca58e67cec6_004.png']"
banktrial,chair_cluster2,chair_c2_ea7be2b97e78d5b35a4480134e0cdd21_0,2,"['chair_ea7be2b97e78d5b35a4480134e0cdd21_002.png', 'chair_ea7be2b97e78d5b35a4480134e0cdd21_008.png', 'chair_94e289c89059106bd8f74b0004a598cd_011.png']"
banktrial,chair_cluster2,chair_c2_ea7be2b97e78d5b35a4480134e0cdd21_1,1,"['chair_ea7be2b97e78d5b35a4480134e0cdd21_002.png', 'chair_7595d089aefd8ed5af7c7ad2549a1b15_001.png', 'chair_ea7be2b97e78d5b35a4480134e0cdd21_010.png']"
banktrial,chair_cluster2,chair_c2_ea7be2b97e78d5b35a4480134e0cdd21_2,2,"['chair_ea7be2b97e78d5b35a4480134e0cdd21_007.png', 'chair_ea7be2b97e78d5b35a4480134e0cdd21_004.png', 'chair_594d5b7f3e705a1ab3234e0da44b11e4_003.png']"
banktrial,chair_cluster2,chair_c2_58f3e49e746363dcf91663a74ccd2338_0,1,"['chair_58f3e49e746363dcf91663a74ccd2338_009.png', 'chair_b6e662b81c62dc9b688f5a44034a346_003.png', 'chair_58f3e49e746363dcf91663a74ccd2338_003.png']"
banktrial,chair_cluster2,chair_c2_58f3e49e746363dcf91663a74ccd2338_1,1,"['chair_58f3e49e746363dcf91663a74ccd2338_003.png', 'chair_34dc6c4e022b380cf91663a74ccd2338_008.png', 'chair_58f3e49e746363dcf91663a74ccd2338_009.png']"
banktrial,chair_cluster2,chair_c2_58f3e49e746363dcf91663a74ccd2338_2,1,"['chair_58f3e49e746363dcf91663a74ccd2338_000.png', 'chair_903a14845425ca3176e30bf48cd56fcd_013.png', 'chair_58f3e49e746363dcf91663a74ccd2338_006.png']"
banktrial,chair_cluster2,chair_c2_6aba15a68e745c8d48fda83c10428379_0,0,"['chair_a4ecc0a3d68dafd44925bc492489de9c_010.png', 'chair_6aba15a68e745c8d48fda83c10428379_007.png', 'chair_6aba15a68e745c8d48fda83c10428379_009.png']"
banktrial,chair_cluster2,chair_c2_6aba15a68e745c8d48fda83c10428379_1,0,"['chair_5d0a9fa5c8d9bef386f6991406b6a562_009.png', 'chair_6aba15a68e745c8d48fda83c10428379_013.png', 'chair_6aba15a68e745c8d48fda83c10428379_003.png']"
banktrial,chair_cluster2,chair_c2_6aba15a68e745c8d48fda83c10428379_2,0,"['chair_a6009749fd05fed82d19175e7d19b7cb_007.png', 'chair_6aba15a68e745c8d48fda83c10428379_013.png', 'chair_6aba15a68e745c8d48fda83c10428379_008.png']"
banktrial,chair_cluster2,chair_c2_8fbf9ce2c9cb77bd9cb48411c757aef6_0,0,"['chair_c3c159a5a56614aad7b20fded0142d7a_004.png', 'chair_8fbf9ce2c9cb77bd9cb48411c757aef6_001.png', 'chair_8fbf9ce2c9cb77bd9cb48411c757aef6_008.png']"
banktrial,chair_cluster2,chair_c2_8fbf9ce2c9cb77bd9cb48411c757aef6_1,2,"['chair_8fbf9ce2c9cb77bd9cb48411c757aef6_013.png', 'chair_8fbf9ce2c9cb77bd9cb48411c757aef6_011.png', 'chair_81158ce36c90c319740641939c9d6dc9_008.png']"
banktrial,chair_cluster2,chair_c2_8fbf9ce2c9cb77bd9cb48411c757aef6_2,2,"['chair_8fbf9ce2c9cb77bd9cb48411c757aef6_002.png', 'chair_8fbf9ce2c9cb77bd9cb48411c757aef6_007.png', 'chair_c3c159a5a56614aad7b20fded0142d7a_005.png']"
banktrial,chair_cluster2,chair_c2_e32ee21232d2d5604747ada1cb39a749_0,1,"['chair_e32ee21232d2d5604747ada1cb39a749_004.png', 'chair_5748c2c222d1528deb0a72cc21af76ff_006.png', 'chair_e32ee21232d2d5604747ada1cb39a749_007.png']"
banktrial,chair_cluster2,chair_c2_e32ee21232d2d5604747ada1cb39a749_1,1,"['chair_e32ee21232d2d5604747ada1cb39a749_004.png', 'chair_c3c159a5a56614aad7b20fded0142d7a_014.png', 'chair_e32ee21232d2d5604747ada1cb39a749_006.png']"
banktrial,chair_cluster2,chair_c2_e32ee21232d2d5604747ada1cb39a749_2,1,"['chair_e32ee21232d2d5604747ada1cb39a749_000.png', 'chair_fcfb7012968416679c0b027ae5b223d6_008.png', 'chair_e32ee21232d2d5604747ada1cb39a749_008.png']"
banktrial,chair_cluster2,chair_c2_a78d31c9dd3cea02f91663a74ccd2338_0,2,"['chair_a78d31c9dd3cea02f91663a74ccd2338_012.png', 'chair_a78d31c9dd3cea02f91663a74ccd2338_006.png', 'chair_34dc6c4e022b380cf91663a74ccd2338_011.png']"
banktrial,chair_cluster2,chair_c2_a78d31c9dd3cea02f91663a74ccd2338_1,0,"['chair_e159d82f67a5953b1fb41007d56c0ca1_002.png', 'chair_a78d31c9dd3cea02f91663a74ccd2338_002.png', 'chair_a78d31c9dd3cea02f91663a74ccd2338_006.png']"
banktrial,chair_cluster2,chair_c2_a78d31c9dd3cea02f91663a74ccd2338_2,1,"['chair_a78d31c9dd3cea02f91663a74ccd2338_013.png', 'chair_a996cc501faa4ec841c6494d29fffa82_001.png', 'chair_a78d31c9dd3cea02f91663a74ccd2338_006.png']"
banktrial,chair_cluster2,chair_c2_65c7a3d8fb95311c492d9da2668ec34c_0,1,"['chair_65c7a3d8fb95311c492d9da2668ec34c_007.png', 'chair_92175cfac21b10e76e5b9257c4084ca2_012.png', 'chair_65c7a3d8fb95311c492d9da2668ec34c_010.png']"
banktrial,chair_cluster2,chair_c2_65c7a3d8fb95311c492d9da2668ec34c_1,1,"['chair_65c7a3d8fb95311c492d9da2668ec34c_002.png', 'chair_64e77e9e5887ce95492d9da2668ec34c_008.png', 'chair_65c7a3d8fb95311c492d9da2668ec34c_007.png']"
banktrial,chair_cluster2,chair_c2_65c7a3d8fb95311c492d9da2668ec34c_2,1,"['chair_65c7a3d8fb95311c492d9da2668ec34c_011.png', 'chair_64e77e9e5887ce95492d9da2668ec34c_004.png', 'chair_65c7a3d8fb95311c492d9da2668ec34c_003.png']"
banktrial,chair_cluster2,chair_c2_b4827a7b42d68aadbeab82a04eef83b6_0,2,"['chair_b4827a7b42d68aadbeab82a04eef83b6_000.png', 'chair_b4827a7b42d68aadbeab82a04eef83b6_004.png', 'chair_9531ea3018e8bc70f81c330016997d42_005.png']"
banktrial,chair_cluster2,chair_c2_b4827a7b42d68aadbeab82a04eef83b6_1,1,"['chair_b4827a7b42d68aadbeab82a04eef83b6_007.png', 'chair_5d0a9fa5c8d9bef386f6991406b6a562_004.png', 'chair_b4827a7b42d68aadbeab82a04eef83b6_009.png']"
banktrial,chair_cluster2,chair_c2_b4827a7b42d68aadbeab82a04eef83b6_2,2,"['chair_b4827a7b42d68aadbeab82a04eef83b6_002.png', 'chair_b4827a7b42d68aadbeab82a04eef83b6_009.png', 'chair_d045654d572bc46f19fb4103277a6b93_012.png']"
banktrial,chair_cluster2,chair_c2_4566839a362c5c223ec13b32c4d64f06_0,1,"['chair_4566839a362c5c223ec13b32c4d64f06_009.png', 'chair_e3b04359a3e9ac5de5dbcc9343304f4a_004.png', 'chair_4566839a362c5c223ec13b32c4d64f06_005.png']"
banktrial,chair_cluster2,chair_c2_4566839a362c5c223ec13b32c4d64f06_1,2,"['chair_4566839a362c5c223ec13b32c4d64f06_000.png', 'chair_4566839a362c5c223ec13b32c4d64f06_003.png', 'chair_e3b04359a3e9ac5de5dbcc9343304f4a_004.png']"
banktrial,chair_cluster2,chair_c2_4566839a362c5c223ec13b32c4d64f06_2,1,"['chair_4566839a362c5c223ec13b32c4d64f06_003.png', 'chair_7a9969fac794484c327289c00b6dc9ca_010.png', 'chair_4566839a362c5c223ec13b32c4d64f06_000.png']"
banktrial,chair_cluster2,chair_c2_bb90094030f369e4305a3b2fd9173d6f_0,0,"['chair_c6811f115d89758f46fb9c38320df24e_008.png', 'chair_bb90094030f369e4305a3b2fd9173d6f_000.png', 'chair_bb90094030f369e4305a3b2fd9173d6f_005.png']"
banktrial,chair_cluster2,chair_c2_bb90094030f369e4305a3b2fd9173d6f_1,0,"['chair_41ce60d5443c203eb31c248b8665b2e7_012.png', 'chair_bb90094030f369e4305a3b2fd9173d6f_010.png', 'chair_bb90094030f369e4305a3b2fd9173d6f_009.png']"
banktrial,chair_cluster2,chair_c2_bb90094030f369e4305a3b2fd9173d6f_2,1,"['chair_bb90094030f369e4305a3b2fd9173d6f_000.png', 'chair_507a5070cde81fd867936ca58e67cec6_014.png', 'chair_bb90094030f369e4305a3b2fd9173d6f_001.png']"
banktrial,chair_cluster2,chair_c2_5aea2a227125a81bccda8d28b44378b7_0,2,"['chair_5aea2a227125a81bccda8d28b44378b7_009.png', 'chair_5aea2a227125a81bccda8d28b44378b7_002.png', 'chair_a6009749fd05fed82d19175e7d19b7cb_012.png']"
banktrial,chair_cluster2,chair_c2_5aea2a227125a81bccda8d28b44378b7_1,1,"['chair_5aea2a227125a81bccda8d28b44378b7_006.png', 'chair_7595d089aefd8ed5af7c7ad2549a1b15_005.png', 'chair_5aea2a227125a81bccda8d28b44378b7_008.png']"
banktrial,chair_cluster2,chair_c2_5aea2a227125a81bccda8d28b44378b7_2,1,"['chair_5aea2a227125a81bccda8d28b44378b7_014.png', 'chair_bfb93705c05ecd0d31e7ccd4db190c0d_001.png', 'chair_5aea2a227125a81bccda8d28b44378b7_004.png']"
banktrial,chair_cluster2,chair_c2_20964e03ef001d8910684e111251a45_0,2,"['chair_20964e03ef001d8910684e111251a45_000.png', 'chair_20964e03ef001d8910684e111251a45_008.png', 'chair_a996cc501faa4ec841c6494d29fffa82_005.png']"
banktrial,chair_cluster2,chair_c2_20964e03ef001d8910684e111251a45_1,0,"['chair_45c998547946bc4d6a88c250a18c2861_008.png', 'chair_20964e03ef001d8910684e111251a45_013.png', 'chair_20964e03ef001d8910684e111251a45_008.png']"
banktrial,chair_cluster2,chair_c2_20964e03ef001d8910684e111251a45_2,0,"['chair_e3b04359a3e9ac5de5dbcc9343304f4a_002.png', 'chair_20964e03ef001d8910684e111251a45_014.png', 'chair_20964e03ef001d8910684e111251a45_001.png']"
banktrial,chair_cluster2,chair_c2_bdedbb7887d2c1ac6a45b3b48c00378_0,0,"['chair_9531ea3018e8bc70f81c330016997d42_004.png', 'chair_bdedbb7887d2c1ac6a45b3b48c00378_008.png', 'chair_bdedbb7887d2c1ac6a45b3b48c00378_011.png']"
banktrial,chair_cluster2,chair_c2_bdedbb7887d2c1ac6a45b3b48c00378_1,2,"['chair_bdedbb7887d2c1ac6a45b3b48c00378_012.png', 'chair_bdedbb7887d2c1ac6a45b3b48c00378_003.png', 'chair_a4ecc0a3d68dafd44925bc492489de9c_011.png']"
banktrial,chair_cluster2,chair_c2_bdedbb7887d2c1ac6a45b3b48c00378_2,0,"['chair_5aea2a227125a81bccda8d28b44378b7_001.png', 'chair_bdedbb7887d2c1ac6a45b3b48c00378_013.png', 'chair_bdedbb7887d2c1ac6a45b3b48c00378_010.png']"
banktrial,chair_cluster2,chair_c2_98f42a66467c264377fe1aa9b41a89c5_0,0,"['chair_4fae9528f1403fd0f9702e673573a443_002.png', 'chair_98f42a66467c264377fe1aa9b41a89c5_007.png', 'chair_98f42a66467c264377fe1aa9b41a89c5_012.png']"
banktrial,chair_cluster2,chair_c2_98f42a66467c264377fe1aa9b41a89c5_1,1,"['chair_98f42a66467c264377fe1aa9b41a89c5_000.png', 'chair_95c5a8897fa78d3883b06dcdd869d9ac_003.png', 'chair_98f42a66467c264377fe1aa9b41a89c5_014.png']"
banktrial,chair_cluster2,chair_c2_98f42a66467c264377fe1aa9b41a89c5_2,2,"['chair_98f42a66467c264377fe1aa9b41a89c5_004.png', 'chair_98f42a66467c264377fe1aa9b41a89c5_007.png', 'chair_5aea2a227125a81bccda8d28b44378b7_010.png']"
banktrial,chair_cluster2,chair_c2_5c660775f1c7b202855c835f93769fb8_0,0,"['chair_d93760fda8d73aaece101336817a135f_011.png', 'chair_5c660775f1c7b202855c835f93769fb8_008.png', 'chair_5c660775f1c7b202855c835f93769fb8_005.png']"
banktrial,chair_cluster2,chair_c2_5c660775f1c7b202855c835f93769fb8_1,2,"['chair_5c660775f1c7b202855c835f93769fb8_008.png', 'chair_5c660775f1c7b202855c835f93769fb8_010.png', 'chair_6b10b9f8b8f38cfadebf8d14d5516c20_000.png']"
banktrial,chair_cluster2,chair_c2_5c660775f1c7b202855c835f93769fb8_2,2,"['chair_5c660775f1c7b202855c835f93769fb8_008.png', 'chair_5c660775f1c7b202855c835f93769fb8_006.png', 'chair_95c5a8897fa78d3883b06dcdd869d9ac_012.png']"
banktrial,chair_cluster2,chair_c2_6a01eed3a575987211e48e4bcdc4a2a3_0,2,"['chair_6a01eed3a575987211e48e4bcdc4a2a3_003.png', 'chair_6a01eed3a575987211e48e4bcdc4a2a3_012.png', 'chair_ea7be2b97e78d5b35a4480134e0cdd21_000.png']"
banktrial,chair_cluster2,chair_c2_6a01eed3a575987211e48e4bcdc4a2a3_1,1,"['chair_6a01eed3a575987211e48e4bcdc4a2a3_002.png', 'chair_d5c67068390ece634060d2cb099a78b3_001.png', 'chair_6a01eed3a575987211e48e4bcdc4a2a3_010.png']"
banktrial,chair_cluster2,chair_c2_6a01eed3a575987211e48e4bcdc4a2a3_2,1,"['chair_6a01eed3a575987211e48e4bcdc4a2a3_003.png', 'chair_23b52ffd037c95223704253c4a874401_000.png', 'chair_6a01eed3a575987211e48e4bcdc4a2a3_013.png']"
banktrial,chair_cluster2,chair_c2_8a845bb67ee8486d6199d6fe090be061_0,1,"['chair_8a845bb67ee8486d6199d6fe090be061_009.png', 'chair_7a9969fac794484c327289c00b6dc9ca_008.png', 'chair_8a845bb67ee8486d6199d6fe090be061_001.png']"
banktrial,chair_cluster2,chair_c2_8a845bb67ee8486d6199d6fe090be061_1,1,"['chair_8a845bb67ee8486d6199d6fe090be061_010.png', 'chair_34dc6c4e022b380cf91663a74ccd2338_005.png', 'chair_8a845bb67ee8486d6199d6fe090be061_005.png']"
banktrial,chair_cluster2,chair_c2_8a845bb67ee8486d6199d6fe090be061_2,1,"['chair_8a845bb67ee8486d6199d6fe090be061_010.png', 'chair_8b3d1c34753e095cb05550de345b6d0a_006.png', 'chair_8a845bb67ee8486d6199d6fe090be061_002.png']"
banktrial,chair_cluster2,chair_c2_63da17eda9d415b5319c5e90e9cc9126_0,1,"['chair_63da17eda9d415b5319c5e90e9cc9126_004.png', 'chair_91cd85647eef236490e75b1cd0f0169_006.png', 'chair_63da17eda9d415b5319c5e90e9cc9126_002.png']"
banktrial,chair_cluster2,chair_c2_63da17eda9d415b5319c5e90e9cc9126_1,0,"['chair_40ee8ed17f6ea51224669056e0d19a1_006.png', 'chair_63da17eda9d415b5319c5e90e9cc9126_014.png', 'chair_63da17eda9d415b5319c5e90e9cc9126_002.png']"
banktrial,chair_cluster2,chair_c2_63da17eda9d415b5319c5e90e9cc9126_2,0,"['chair_91cd85647eef236490e75b1cd0f0169_010.png', 'chair_63da17eda9d415b5319c5e90e9cc9126_013.png', 'chair_63da17eda9d415b5319c5e90e9cc9126_014.png']"
banktrial,chair_cluster2,chair_c2_9b9cfaea2a7ba04c461ec9f1803b17a7_0,2,"['chair_9b9cfaea2a7ba04c461ec9f1803b17a7_010.png', 'chair_9b9cfaea2a7ba04c461ec9f1803b17a7_000.png', 'chair_6d4ce042f204e89db413bc67c6e4035a_006.png']"
banktrial,chair_cluster2,chair_c2_9b9cfaea2a7ba04c461ec9f1803b17a7_1,1,"['chair_9b9cfaea2a7ba04c461ec9f1803b17a7_002.png', 'chair_61943ed43201e59ed7f7a4c4609b0913_002.png', 'chair_9b9cfaea2a7ba04c461ec9f1803b17a7_003.png']"
banktrial,chair_cluster2,chair_c2_9b9cfaea2a7ba04c461ec9f1803b17a7_2,2,"['chair_9b9cfaea2a7ba04c461ec9f1803b17a7_006.png', 'chair_9b9cfaea2a7ba04c461ec9f1803b17a7_008.png', 'chair_fcfb7012968416679c0b027ae5b223d6_011.png']"
banktrial,chair_cluster2,chair_c2_40ee8ed17f6ea51224669056e0d19a1_0,0,"['chair_bcf67dfcbd6c1fe7da8e9e0272759299_001.png', 'chair_40ee8ed17f6ea51224669056e0d19a1_013.png', 'chair_40ee8ed17f6ea51224669056e0d19a1_011.png']"
banktrial,chair_cluster2,chair_c2_40ee8ed17f6ea51224669056e0d19a1_1,1,"['chair_40ee8ed17f6ea51224669056e0d19a1_005.png', 'chair_2195099b0295f692afca3357bb07ab96_011.png', 'chair_40ee8ed17f6ea51224669056e0d19a1_008.png']"
banktrial,chair_cluster2,chair_c2_40ee8ed17f6ea51224669056e0d19a1_2,0,"['chair_39911f927331db1c8687ff9b0b4e4ac_011.png', 'chair_40ee8ed17f6ea51224669056e0d19a1_012.png', 'chair_40ee8ed17f6ea51224669056e0d19a1_011.png']"
banktrial,chair_cluster2,chair_c2_92175cfac21b10e76e5b9257c4084ca2_0,1,"['chair_92175cfac21b10e76e5b9257c4084ca2_008.png', 'chair_c3c159a5a56614aad7b20fded0142d7a_010.png', 'chair_92175cfac21b10e76e5b9257c4084ca2_001.png']"
banktrial,chair_cluster2,chair_c2_92175cfac21b10e76e5b9257c4084ca2_1,0,"['chair_5aea2a227125a81bccda8d28b44378b7_013.png', 'chair_92175cfac21b10e76e5b9257c4084ca2_002.png', 'chair_92175cfac21b10e76e5b9257c4084ca2_011.png']"
banktrial,chair_cluster2,chair_c2_92175cfac21b10e76e5b9257c4084ca2_2,0,"['chair_d93760fda8d73aaece101336817a135f_005.png', 'chair_92175cfac21b10e76e5b9257c4084ca2_012.png', 'chair_92175cfac21b10e76e5b9257c4084ca2_000.png']"
banktrial,chair_cluster2,chair_c2_4aa9b5829edec8ac4671d97b0fd17f51_0,2,"['chair_4aa9b5829edec8ac4671d97b0fd17f51_005.png', 'chair_4aa9b5829edec8ac4671d97b0fd17f51_003.png', 'chair_97c5ee9d477c82146c7e21b4ce9a4103_006.png']"
banktrial,chair_cluster2,chair_c2_4aa9b5829edec8ac4671d97b0fd17f51_1,2,"['chair_4aa9b5829edec8ac4671d97b0fd17f51_009.png', 'chair_4aa9b5829edec8ac4671d97b0fd17f51_012.png', 'chair_4363eb3e65ada91ae3f7a74e12a274ef_007.png']"
banktrial,chair_cluster2,chair_c2_4aa9b5829edec8ac4671d97b0fd17f51_2,0,"['chair_8da327a8eea887fd492d9da2668ec34c_002.png', 'chair_4aa9b5829edec8ac4671d97b0fd17f51_011.png', 'chair_4aa9b5829edec8ac4671d97b0fd17f51_007.png']"
banktrial,chair_cluster2,chair_c2_4365a4d98c9b979019149a7f35de06bd_0,2,"['chair_4365a4d98c9b979019149a7f35de06bd_009.png', 'chair_4365a4d98c9b979019149a7f35de06bd_014.png', 'chair_7f11f4251d2faee4492d9da2668ec34c_010.png']"
banktrial,chair_cluster2,chair_c2_4365a4d98c9b979019149a7f35de06bd_1,1,"['chair_4365a4d98c9b979019149a7f35de06bd_005.png', 'chair_7a9969fac794484c327289c00b6dc9ca_004.png', 'chair_4365a4d98c9b979019149a7f35de06bd_006.png']"
banktrial,chair_cluster2,chair_c2_4365a4d98c9b979019149a7f35de06bd_2,2,"['chair_4365a4d98c9b979019149a7f35de06bd_004.png', 'chair_4365a4d98c9b979019149a7f35de06bd_001.png', 'chair_eba001ddae2ce5eed5d673747c0e3adb_014.png']"
banktrial,chair_cluster2,chair_c2_e9e224bc0a0787d8320f10afdfbaa18_0,0,"['chair_4422c64dffcd8662eaf288f952624966_012.png', 'chair_e9e224bc0a0787d8320f10afdfbaa18_007.png', 'chair_e9e224bc0a0787d8320f10afdfbaa18_010.png']"
banktrial,chair_cluster2,chair_c2_e9e224bc0a0787d8320f10afdfbaa18_1,2,"['chair_e9e224bc0a0787d8320f10afdfbaa18_003.png', 'chair_e9e224bc0a0787d8320f10afdfbaa18_010.png', 'chair_7f11f4251d2faee4492d9da2668ec34c_002.png']"
banktrial,chair_cluster2,chair_c2_e9e224bc0a0787d8320f10afdfbaa18_2,0,"['chair_4422c64dffcd8662eaf288f952624966_005.png', 'chair_e9e224bc0a0787d8320f10afdfbaa18_003.png', 'chair_e9e224bc0a0787d8320f10afdfbaa18_000.png']"
banktrial,chair_cluster2,chair_c2_8da327a8eea887fd492d9da2668ec34c_0,0,"['chair_4aa9b5829edec8ac4671d97b0fd17f51_008.png', 'chair_8da327a8eea887fd492d9da2668ec34c_007.png', 'chair_8da327a8eea887fd492d9da2668ec34c_000.png']"
banktrial,chair_cluster2,chair_c2_8da327a8eea887fd492d9da2668ec34c_1,2,"['chair_8da327a8eea887fd492d9da2668ec34c_002.png', 'chair_8da327a8eea887fd492d9da2668ec34c_000.png', 'chair_34dc6c4e022b380cf91663a74ccd2338_001.png']"
banktrial,chair_cluster2,chair_c2_8da327a8eea887fd492d9da2668ec34c_2,1,"['chair_8da327a8eea887fd492d9da2668ec34c_008.png', 'chair_e462df8166441ffaeedb49f6d982d28_008.png', 'chair_8da327a8eea887fd492d9da2668ec34c_007.png']"
banktrial,chair_cluster2,chair_c2_81158ce36c90c319740641939c9d6dc9_0,0,"['chair_bfb93705c05ecd0d31e7ccd4db190c0d_002.png', 'chair_81158ce36c90c319740641939c9d6dc9_007.png', 'chair_81158ce36c90c319740641939c9d6dc9_008.png']"
banktrial,chair_cluster2,chair_c2_81158ce36c90c319740641939c9d6dc9_1,0,"['chair_594d5b7f3e705a1ab3234e0da44b11e4_011.png', 'chair_81158ce36c90c319740641939c9d6dc9_001.png', 'chair_81158ce36c90c319740641939c9d6dc9_000.png']"
banktrial,chair_cluster2,chair_c2_81158ce36c90c319740641939c9d6dc9_2,0,"['chair_594d5b7f3e705a1ab3234e0da44b11e4_009.png', 'chair_81158ce36c90c319740641939c9d6dc9_004.png', 'chair_81158ce36c90c319740641939c9d6dc9_000.png']"
banktrial,chair_cluster2,chair_c2_b6e662b81c62dc9b688f5a44034a346_0,2,"['chair_b6e662b81c62dc9b688f5a44034a346_005.png', 'chair_b6e662b81c62dc9b688f5a44034a346_012.png', 'chair_5748c2c222d1528deb0a72cc21af76ff_011.png']"
banktrial,chair_cluster2,chair_c2_b6e662b81c62dc9b688f5a44034a346_1,2,"['chair_b6e662b81c62dc9b688f5a44034a346_007.png', 'chair_b6e662b81c62dc9b688f5a44034a346_006.png', 'chair_92175cfac21b10e76e5b9257c4084ca2_002.png']"
banktrial,chair_cluster2,chair_c2_b6e662b81c62dc9b688f5a44034a346_2,0,"['chair_92175cfac21b10e76e5b9257c4084ca2_002.png', 'chair_b6e662b81c62dc9b688f5a44034a346_002.png', 'chair_b6e662b81c62dc9b688f5a44034a346_009.png']"
banktrial,chair_cluster2,chair_c2_2e0beb3b6927a2b7e45ef4135c266a12_0,2,"['chair_2e0beb3b6927a2b7e45ef4135c266a12_000.png', 'chair_2e0beb3b6927a2b7e45ef4135c266a12_003.png', 'chair_7595d089aefd8ed5af7c7ad2549a1b15_012.png']"
banktrial,chair_cluster2,chair_c2_2e0beb3b6927a2b7e45ef4135c266a12_1,2,"['chair_2e0beb3b6927a2b7e45ef4135c266a12_008.png', 'chair_2e0beb3b6927a2b7e45ef4135c266a12_001.png', 'chair_91cd85647eef236490e75b1cd0f0169_009.png']"
banktrial,chair_cluster2,chair_c2_2e0beb3b6927a2b7e45ef4135c266a12_2,2,"['chair_2e0beb3b6927a2b7e45ef4135c266a12_011.png', 'chair_2e0beb3b6927a2b7e45ef4135c266a12_013.png', 'chair_9b9cfaea2a7ba04c461ec9f1803b17a7_003.png']"
banktrial,chair_cluster2,chair_c2_a6009749fd05fed82d19175e7d19b7cb_0,0,"['chair_d045654d572bc46f19fb4103277a6b93_004.png', 'chair_a6009749fd05fed82d19175e7d19b7cb_003.png', 'chair_a6009749fd05fed82d19175e7d19b7cb_000.png']"
banktrial,chair_cluster2,chair_c2_a6009749fd05fed82d19175e7d19b7cb_1,2,"['chair_a6009749fd05fed82d19175e7d19b7cb_011.png', 'chair_a6009749fd05fed82d19175e7d19b7cb_014.png', 'chair_63da17eda9d415b5319c5e90e9cc9126_012.png']"
banktrial,chair_cluster2,chair_c2_a6009749fd05fed82d19175e7d19b7cb_2,1,"['chair_a6009749fd05fed82d19175e7d19b7cb_011.png', 'chair_5aea2a227125a81bccda8d28b44378b7_010.png', 'chair_a6009749fd05fed82d19175e7d19b7cb_000.png']"
banktrial,chair_cluster2,chair_c2_594d5b7f3e705a1ab3234e0da44b11e4_0,1,"['chair_594d5b7f3e705a1ab3234e0da44b11e4_000.png', 'chair_9a522f446662bd23a07a1bace8cff15c_003.png', 'chair_594d5b7f3e705a1ab3234e0da44b11e4_002.png']"
banktrial,chair_cluster2,chair_c2_594d5b7f3e705a1ab3234e0da44b11e4_1,0,"['chair_78446e1cc15f757297936c81e7f6629_013.png', 'chair_594d5b7f3e705a1ab3234e0da44b11e4_008.png', 'chair_594d5b7f3e705a1ab3234e0da44b11e4_009.png']"
banktrial,chair_cluster2,chair_c2_594d5b7f3e705a1ab3234e0da44b11e4_2,2,"['chair_594d5b7f3e705a1ab3234e0da44b11e4_003.png', 'chair_594d5b7f3e705a1ab3234e0da44b11e4_005.png', 'chair_c6811f115d89758f46fb9c38320df24e_001.png']"
banktrial,chair_cluster2,chair_c2_6b10b9f8b8f38cfadebf8d14d5516c20_0,0,"['chair_d93760fda8d73aaece101336817a135f_011.png', 'chair_6b10b9f8b8f38cfadebf8d14d5516c20_010.png', 'chair_6b10b9f8b8f38cfadebf8d14d5516c20_008.png']"
banktrial,chair_cluster2,chair_c2_6b10b9f8b8f38cfadebf8d14d5516c20_1,1,"['chair_6b10b9f8b8f38cfadebf8d14d5516c20_009.png', 'chair_91cd85647eef236490e75b1cd0f0169_003.png', 'chair_6b10b9f8b8f38cfadebf8d14d5516c20_006.png']"
banktrial,chair_cluster2,chair_c2_6b10b9f8b8f38cfadebf8d14d5516c20_2,0,"['chair_c472a815afff5ff0e6c5cd45aa112726_009.png', 'chair_6b10b9f8b8f38cfadebf8d14d5516c20_002.png', 'chair_6b10b9f8b8f38cfadebf8d14d5516c20_004.png']"
banktrial,chair_cluster2,chair_c2_95c5a8897fa78d3883b06dcdd869d9ac_0,1,"['chair_95c5a8897fa78d3883b06dcdd869d9ac_008.png', 'chair_3318f55fdfb9a132f83ac1589b0e94a6_002.png', 'chair_95c5a8897fa78d3883b06dcdd869d9ac_001.png']"
banktrial,chair_cluster2,chair_c2_95c5a8897fa78d3883b06dcdd869d9ac_1,1,"['chair_95c5a8897fa78d3883b06dcdd869d9ac_011.png', 'chair_5748c2c222d1528deb0a72cc21af76ff_008.png', 'chair_95c5a8897fa78d3883b06dcdd869d9ac_004.png']"
banktrial,chair_cluster2,chair_c2_95c5a8897fa78d3883b06dcdd869d9ac_2,0,"['chair_3318f55fdfb9a132f83ac1589b0e94a6_000.png', 'chair_95c5a8897fa78d3883b06dcdd869d9ac_013.png', 'chair_95c5a8897fa78d3883b06dcdd869d9ac_005.png']"
banktrial,chair_cluster2,chair_c2_bfb93705c05ecd0d31e7ccd4db190c0d_0,1,"['chair_bfb93705c05ecd0d31e7ccd4db190c0d_002.png', 'chair_3037c7d4d9dcb8f535b063aa516d32d0_008.png', 'chair_bfb93705c05ecd0d31e7ccd4db190c0d_014.png']"
banktrial,chair_cluster2,chair_c2_bfb93705c05ecd0d31e7ccd4db190c0d_1,1,"['chair_bfb93705c05ecd0d31e7ccd4db190c0d_014.png', 'chair_5aea2a227125a81bccda8d28b44378b7_007.png', 'chair_bfb93705c05ecd0d31e7ccd4db190c0d_006.png']"
banktrial,chair_cluster2,chair_c2_bfb93705c05ecd0d31e7ccd4db190c0d_2,2,"['chair_bfb93705c05ecd0d31e7ccd4db190c0d_004.png', 'chair_bfb93705c05ecd0d31e7ccd4db190c0d_011.png', 'chair_7595d089aefd8ed5af7c7ad2549a1b15_006.png']"
banktrial,chair_cluster2,chair_c2_99e4c4b39b75a06b30e06a011e63236a_0,2,"['chair_99e4c4b39b75a06b30e06a011e63236a_007.png', 'chair_99e4c4b39b75a06b30e06a011e63236a_003.png', 'chair_64e77e9e5887ce95492d9da2668ec34c_008.png']"
banktrial,chair_cluster2,chair_c2_99e4c4b39b75a06b30e06a011e63236a_1,1,"['chair_99e4c4b39b75a06b30e06a011e63236a_007.png', 'chair_bdedbb7887d2c1ac6a45b3b48c00378_007.png', 'chair_99e4c4b39b75a06b30e06a011e63236a_010.png']"
banktrial,chair_cluster2,chair_c2_99e4c4b39b75a06b30e06a011e63236a_2,2,"['chair_99e4c4b39b75a06b30e06a011e63236a_002.png', 'chair_99e4c4b39b75a06b30e06a011e63236a_010.png', 'chair_61943ed43201e59ed7f7a4c4609b0913_011.png']"
banktrial,chair_cluster2,chair_c2_d52e7e39bed3ed954f62c7a282978009_0,0,"['chair_fcfb7012968416679c0b027ae5b223d6_010.png', 'chair_d52e7e39bed3ed954f62c7a282978009_003.png', 'chair_d52e7e39bed3ed954f62c7a282978009_006.png']"
banktrial,chair_cluster2,chair_c2_d52e7e39bed3ed954f62c7a282978009_1,1,"['chair_d52e7e39bed3ed954f62c7a282978009_006.png', 'chair_78446e1cc15f757297936c81e7f6629_010.png', 'chair_d52e7e39bed3ed954f62c7a282978009_001.png']"
banktrial,chair_cluster2,chair_c2_d52e7e39bed3ed954f62c7a282978009_2,2,"['chair_d52e7e39bed3ed954f62c7a282978009_013.png', 'chair_d52e7e39bed3ed954f62c7a282978009_003.png', 'chair_507a5070cde81fd867936ca58e67cec6_002.png']"
banktrial,chair_cluster2,chair_c2_9a522f446662bd23a07a1bace8cff15c_0,2,"['chair_9a522f446662bd23a07a1bace8cff15c_006.png', 'chair_9a522f446662bd23a07a1bace8cff15c_000.png', 'chair_2195099b0295f692afca3357bb07ab96_014.png']"
banktrial,chair_cluster2,chair_c2_9a522f446662bd23a07a1bace8cff15c_1,0,"['chair_7a9969fac794484c327289c00b6dc9ca_001.png', 'chair_9a522f446662bd23a07a1bace8cff15c_004.png', 'chair_9a522f446662bd23a07a1bace8cff15c_001.png']"
banktrial,chair_cluster2,chair_c2_9a522f446662bd23a07a1bace8cff15c_2,1,"['chair_9a522f446662bd23a07a1bace8cff15c_005.png', 'chair_39311ad85e77d3b7492d9da2668ec34c_008.png', 'chair_9a522f446662bd23a07a1bace8cff15c_011.png']"
banktrial,chair_cluster2,chair_c2_df6a3bc55f86781218930ac69342cc5c_0,1,"['chair_df6a3bc55f86781218930ac69342cc5c_001.png', 'chair_fcfb7012968416679c0b027ae5b223d6_007.png', 'chair_df6a3bc55f86781218930ac69342cc5c_005.png']"
banktrial,chair_cluster2,chair_c2_df6a3bc55f86781218930ac69342cc5c_1,1,"['chair_df6a3bc55f86781218930ac69342cc5c_005.png', 'chair_a996cc501faa4ec841c6494d29fffa82_003.png', 'chair_df6a3bc55f86781218930ac69342cc5c_000.png']"
banktrial,chair_cluster2,chair_c2_df6a3bc55f86781218930ac69342cc5c_2,0,"['chair_a996cc501faa4ec841c6494d29fffa82_012.png', 'chair_df6a3bc55f86781218930ac69342cc5c_009.png', 'chair_df6a3bc55f86781218930ac69342cc5c_008.png']"
banktrial,chair_cluster2,chair_c2_4363eb3e65ada91ae3f7a74e12a274ef_0,0,"['chair_61943ed43201e59ed7f7a4c4609b0913_002.png', 'chair_4363eb3e65ada91ae3f7a74e12a274ef_014.png', 'chair_4363eb3e65ada91ae3f7a74e12a274ef_004.png']"
banktrial,chair_cluster2,chair_c2_4363eb3e65ada91ae3f7a74e12a274ef_1,2,"['chair_4363eb3e65ada91ae3f7a74e12a274ef_001.png', 'chair_4363eb3e65ada91ae3f7a74e12a274ef_000.png', 'chair_61943ed43201e59ed7f7a4c4609b0913_008.png']"
banktrial,chair_cluster2,chair_c2_4363eb3e65ada91ae3f7a74e12a274ef_2,1,"['chair_4363eb3e65ada91ae3f7a74e12a274ef_004.png', 'chair_61943ed43201e59ed7f7a4c4609b0913_014.png', 'chair_4363eb3e65ada91ae3f7a74e12a274ef_009.png']"
banktrial,chair_cluster2,chair_c2_61943ed43201e59ed7f7a4c4609b0913_0,1,"['chair_61943ed43201e59ed7f7a4c4609b0913_008.png', 'chair_c472a815afff5ff0e6c5cd45aa112726_006.png', 'chair_61943ed43201e59ed7f7a4c4609b0913_000.png']"
banktrial,chair_cluster2,chair_c2_61943ed43201e59ed7f7a4c4609b0913_1,1,"['chair_61943ed43201e59ed7f7a4c4609b0913_003.png', 'chair_9b9cfaea2a7ba04c461ec9f1803b17a7_011.png', 'chair_61943ed43201e59ed7f7a4c4609b0913_011.png']"
banktrial,chair_cluster2,chair_c2_61943ed43201e59ed7f7a4c4609b0913_2,1,"['chair_61943ed43201e59ed7f7a4c4609b0913_005.png', 'chair_8b3d1c34753e095cb05550de345b6d0a_009.png', 'chair_61943ed43201e59ed7f7a4c4609b0913_008.png']"
banktrial,chair_cluster2,chair_c2_7f11908f7ea9483c415dbfd895473b4f_0,1,"['chair_7f11908f7ea9483c415dbfd895473b4f_005.png', 'chair_65c7a3d8fb95311c492d9da2668ec34c_002.png', 'chair_7f11908f7ea9483c415dbfd895473b4f_006.png']"
banktrial,chair_cluster2,chair_c2_7f11908f7ea9483c415dbfd895473b4f_1,2,"['chair_7f11908f7ea9483c415dbfd895473b4f_013.png', 'chair_7f11908f7ea9483c415dbfd895473b4f_011.png', 'chair_7a9969fac794484c327289c00b6dc9ca_003.png']"
banktrial,chair_cluster2,chair_c2_7f11908f7ea9483c415dbfd895473b4f_2,0,"['chair_a4ecc0a3d68dafd44925bc492489de9c_002.png', 'chair_7f11908f7ea9483c415dbfd895473b4f_001.png', 'chair_7f11908f7ea9483c415dbfd895473b4f_006.png']"
banktrial,chair_cluster2,chair_c2_23b52ffd037c95223704253c4a874401_0,1,"['chair_23b52ffd037c95223704253c4a874401_004.png', 'chair_8da327a8eea887fd492d9da2668ec34c_013.png', 'chair_23b52ffd037c95223704253c4a874401_014.png']"
banktrial,chair_cluster2,chair_c2_23b52ffd037c95223704253c4a874401_1,0,"['chair_6a01eed3a575987211e48e4bcdc4a2a3_001.png', 'chair_23b52ffd037c95223704253c4a874401_001.png', 'chair_23b52ffd037c95223704253c4a874401_014.png']"
banktrial,chair_cluster2,chair_c2_23b52ffd037c95223704253c4a874401_2,0,"['chair_45c998547946bc4d6a88c250a18c2861_010.png', 'chair_23b52ffd037c95223704253c4a874401_012.png', 'chair_23b52ffd037c95223704253c4a874401_005.png']"
banktrial,chair_cluster2,chair_c2_4422c64dffcd8662eaf288f952624966_0,1,"['chair_4422c64dffcd8662eaf288f952624966_014.png', 'chair_30f077da43f30e64c862eec8232fff1e_010.png', 'chair_4422c64dffcd8662eaf288f952624966_002.png']"
banktrial,chair_cluster2,chair_c2_4422c64dffcd8662eaf288f952624966_1,2,"['chair_4422c64dffcd8662eaf288f952624966_008.png', 'chair_4422c64dffcd8662eaf288f952624966_007.png', 'chair_99e4c4b39b75a06b30e06a011e63236a_011.png']"
banktrial,chair_cluster2,chair_c2_4422c64dffcd8662eaf288f952624966_2,0,"['chair_34dc6c4e022b380cf91663a74ccd2338_005.png', 'chair_4422c64dffcd8662eaf288f952624966_011.png', 'chair_4422c64dffcd8662eaf288f952624966_006.png']"
banktrial,chair_cluster2,chair_c2_6534de9a07438b52ee3907b60a74e8f8_0,0,"['chair_fcfb7012968416679c0b027ae5b223d6_011.png', 'chair_6534de9a07438b52ee3907b60a74e8f8_008.png', 'chair_6534de9a07438b52ee3907b60a74e8f8_012.png']"
banktrial,chair_cluster2,chair_c2_6534de9a07438b52ee3907b60a74e8f8_1,0,"['chair_5c660775f1c7b202855c835f93769fb8_012.png', 'chair_6534de9a07438b52ee3907b60a74e8f8_001.png', 'chair_6534de9a07438b52ee3907b60a74e8f8_010.png']"
banktrial,chair_cluster2,chair_c2_6534de9a07438b52ee3907b60a74e8f8_2,0,"['chair_95c5a8897fa78d3883b06dcdd869d9ac_006.png', 'chair_6534de9a07438b52ee3907b60a74e8f8_008.png', 'chair_6534de9a07438b52ee3907b60a74e8f8_009.png']"
banktrial,chair_cluster2,chair_c2_eba001ddae2ce5eed5d673747c0e3adb_0,1,"['chair_eba001ddae2ce5eed5d673747c0e3adb_002.png', 'chair_ea7be2b97e78d5b35a4480134e0cdd21_013.png', 'chair_eba001ddae2ce5eed5d673747c0e3adb_004.png']"
banktrial,chair_cluster2,chair_c2_eba001ddae2ce5eed5d673747c0e3adb_1,0,"['chair_ea7be2b97e78d5b35a4480134e0cdd21_007.png', 'chair_eba001ddae2ce5eed5d673747c0e3adb_014.png', 'chair_eba001ddae2ce5eed5d673747c0e3adb_011.png']"
banktrial,chair_cluster2,chair_c2_eba001ddae2ce5eed5d673747c0e3adb_2,2,"['chair_eba001ddae2ce5eed5d673747c0e3adb_006.png', 'chair_eba001ddae2ce5eed5d673747c0e3adb_009.png', 'chair_5748c2c222d1528deb0a72cc21af76ff_012.png']"
banktrial,chair_cluster2,chair_c2_aa3e5b5828912c0b5d11e7d6920a72ce_0,2,"['chair_aa3e5b5828912c0b5d11e7d6920a72ce_014.png', 'chair_aa3e5b5828912c0b5d11e7d6920a72ce_005.png', 'chair_a4ecc0a3d68dafd44925bc492489de9c_012.png']"
banktrial,chair_cluster2,chair_c2_aa3e5b5828912c0b5d11e7d6920a72ce_1,0,"['chair_a4ecc0a3d68dafd44925bc492489de9c_006.png', 'chair_aa3e5b5828912c0b5d11e7d6920a72ce_001.png', 'chair_aa3e5b5828912c0b5d11e7d6920a72ce_008.png']"
banktrial,chair_cluster2,chair_c2_aa3e5b5828912c0b5d11e7d6920a72ce_2,0,"['chair_a4ecc0a3d68dafd44925bc492489de9c_012.png', 'chair_aa3e5b5828912c0b5d11e7d6920a72ce_008.png', 'chair_aa3e5b5828912c0b5d11e7d6920a72ce_014.png']"
banktrial,chair_cluster2,chair_c2_e159d82f67a5953b1fb41007d56c0ca1_0,1,"['chair_e159d82f67a5953b1fb41007d56c0ca1_006.png', 'chair_8da327a8eea887fd492d9da2668ec34c_000.png', 'chair_e159d82f67a5953b1fb41007d56c0ca1_014.png']"
banktrial,chair_cluster2,chair_c2_e159d82f67a5953b1fb41007d56c0ca1_1,2,"['chair_e159d82f67a5953b1fb41007d56c0ca1_001.png', 'chair_e159d82f67a5953b1fb41007d56c0ca1_005.png', 'chair_8a845bb67ee8486d6199d6fe090be061_001.png']"
banktrial,chair_cluster2,chair_c2_e159d82f67a5953b1fb41007d56c0ca1_2,0,"['chair_8da327a8eea887fd492d9da2668ec34c_002.png', 'chair_e159d82f67a5953b1fb41007d56c0ca1_007.png', 'chair_e159d82f67a5953b1fb41007d56c0ca1_006.png']"
banktrial,chair_cluster2,chair_c2_cfd2b4a2c8398220731d11154716a6b8_0,2,"['chair_cfd2b4a2c8398220731d11154716a6b8_013.png', 'chair_cfd2b4a2c8398220731d11154716a6b8_006.png', 'chair_2159af8011e13b81713decb1a0563b12_006.png']"
banktrial,chair_cluster2,chair_c2_cfd2b4a2c8398220731d11154716a6b8_1,2,"['chair_cfd2b4a2c8398220731d11154716a6b8_005.png', 'chair_cfd2b4a2c8398220731d11154716a6b8_008.png', 'chair_eba001ddae2ce5eed5d673747c0e3adb_007.png']"
banktrial,chair_cluster2,chair_c2_cfd2b4a2c8398220731d11154716a6b8_2,1,"['chair_cfd2b4a2c8398220731d11154716a6b8_001.png', 'chair_e32ee21232d2d5604747ada1cb39a749_000.png', 'chair_cfd2b4a2c8398220731d11154716a6b8_008.png']"
banktrial,chair_cluster2,chair_c2_23acbdfee13b407ce42d6c2ea750090e_0,0,"['chair_3318f55fdfb9a132f83ac1589b0e94a6_003.png', 'chair_23acbdfee13b407ce42d6c2ea750090e_014.png', 'chair_23acbdfee13b407ce42d6c2ea750090e_001.png']"
banktrial,chair_cluster2,chair_c2_23acbdfee13b407ce42d6c2ea750090e_1,0,"['chair_5d0a9fa5c8d9bef386f6991406b6a562_007.png', 'chair_23acbdfee13b407ce42d6c2ea750090e_003.png', 'chair_23acbdfee13b407ce42d6c2ea750090e_002.png']"
banktrial,chair_cluster2,chair_c2_23acbdfee13b407ce42d6c2ea750090e_2,2,"['chair_23acbdfee13b407ce42d6c2ea750090e_003.png', 'chair_23acbdfee13b407ce42d6c2ea750090e_008.png', 'chair_5d0a9fa5c8d9bef386f6991406b6a562_007.png']"
banktrial,chair_cluster2,chair_c2_e3b04359a3e9ac5de5dbcc9343304f4a_0,1,"['chair_e3b04359a3e9ac5de5dbcc9343304f4a_002.png', 'chair_20964e03ef001d8910684e111251a45_011.png', 'chair_e3b04359a3e9ac5de5dbcc9343304f4a_013.png']"
banktrial,chair_cluster2,chair_c2_e3b04359a3e9ac5de5dbcc9343304f4a_1,1,"['chair_e3b04359a3e9ac5de5dbcc9343304f4a_012.png', 'chair_4566839a362c5c223ec13b32c4d64f06_008.png', 'chair_e3b04359a3e9ac5de5dbcc9343304f4a_001.png']"
banktrial,chair_cluster2,chair_c2_e3b04359a3e9ac5de5dbcc9343304f4a_2,2,"['chair_e3b04359a3e9ac5de5dbcc9343304f4a_010.png', 'chair_e3b04359a3e9ac5de5dbcc9343304f4a_009.png', 'chair_aa3e5b5828912c0b5d11e7d6920a72ce_004.png']"
banktrial,chair_cluster2,chair_c2_8b3d1c34753e095cb05550de345b6d0a_0,0,"['chair_d93760fda8d73aaece101336817a135f_009.png', 'chair_8b3d1c34753e095cb05550de345b6d0a_007.png', 'chair_8b3d1c34753e095cb05550de345b6d0a_005.png']"
banktrial,chair_cluster2,chair_c2_8b3d1c34753e095cb05550de345b6d0a_1,2,"['chair_8b3d1c34753e095cb05550de345b6d0a_011.png', 'chair_8b3d1c34753e095cb05550de345b6d0a_000.png', 'chair_5aea2a227125a81bccda8d28b44378b7_007.png']"
banktrial,chair_cluster2,chair_c2_8b3d1c34753e095cb05550de345b6d0a_2,1,"['chair_8b3d1c34753e095cb05550de345b6d0a_003.png', 'chair_d93760fda8d73aaece101336817a135f_014.png', 'chair_8b3d1c34753e095cb05550de345b6d0a_006.png']"
banktrial,chair_cluster2,chair_c2_41ce60d5443c203eb31c248b8665b2e7_0,2,"['chair_41ce60d5443c203eb31c248b8665b2e7_012.png', 'chair_41ce60d5443c203eb31c248b8665b2e7_009.png', 'chair_5aea2a227125a81bccda8d28b44378b7_000.png']"
banktrial,chair_cluster2,chair_c2_41ce60d5443c203eb31c248b8665b2e7_1,0,"['chair_91f867d862e6c96c3ea242d1c18c3489_003.png', 'chair_41ce60d5443c203eb31c248b8665b2e7_010.png', 'chair_41ce60d5443c203eb31c248b8665b2e7_004.png']"
banktrial,chair_cluster2,chair_c2_41ce60d5443c203eb31c248b8665b2e7_2,1,"['chair_41ce60d5443c203eb31c248b8665b2e7_006.png', 'chair_39911f927331db1c8687ff9b0b4e4ac_008.png', 'chair_41ce60d5443c203eb31c248b8665b2e7_011.png']"
banktrial,chair_cluster2,chair_c2_5d0a9fa5c8d9bef386f6991406b6a562_0,0,"['chair_d045654d572bc46f19fb4103277a6b93_003.png', 'chair_5d0a9fa5c8d9bef386f6991406b6a562_014.png', 'chair_5d0a9fa5c8d9bef386f6991406b6a562_006.png']"
banktrial,chair_cluster2,chair_c2_5d0a9fa5c8d9bef386f6991406b6a562_1,2,"['chair_5d0a9fa5c8d9bef386f6991406b6a562_003.png', 'chair_5d0a9fa5c8d9bef386f6991406b6a562_013.png', 'chair_63da17eda9d415b5319c5e90e9cc9126_014.png']"
banktrial,chair_cluster2,chair_c2_5d0a9fa5c8d9bef386f6991406b6a562_2,1,"['chair_5d0a9fa5c8d9bef386f6991406b6a562_008.png', 'chair_5aea2a227125a81bccda8d28b44378b7_009.png', 'chair_5d0a9fa5c8d9bef386f6991406b6a562_012.png']"
banktrial,chair_cluster2,chair_c2_3318f55fdfb9a132f83ac1589b0e94a6_0,2,"['chair_3318f55fdfb9a132f83ac1589b0e94a6_009.png', 'chair_3318f55fdfb9a132f83ac1589b0e94a6_012.png', 'chair_d93760fda8d73aaece101336817a135f_002.png']"
banktrial,chair_cluster2,chair_c2_3318f55fdfb9a132f83ac1589b0e94a6_1,1,"['chair_3318f55fdfb9a132f83ac1589b0e94a6_008.png', 'chair_c472a815afff5ff0e6c5cd45aa112726_002.png', 'chair_3318f55fdfb9a132f83ac1589b0e94a6_006.png']"
banktrial,chair_cluster2,chair_c2_3318f55fdfb9a132f83ac1589b0e94a6_2,2,"['chair_3318f55fdfb9a132f83ac1589b0e94a6_000.png', 'chair_3318f55fdfb9a132f83ac1589b0e94a6_008.png', 'chair_98f42a66467c264377fe1aa9b41a89c5_002.png']"
banktrial,chair_cluster2,chair_c2_ef4e47e54bfc685cb40f0ac0fb9a650d_0,2,"['chair_ef4e47e54bfc685cb40f0ac0fb9a650d_013.png', 'chair_ef4e47e54bfc685cb40f0ac0fb9a650d_007.png', 'chair_a78d31c9dd3cea02f91663a74ccd2338_006.png']"
banktrial,chair_cluster2,chair_c2_ef4e47e54bfc685cb40f0ac0fb9a650d_1,1,"['chair_ef4e47e54bfc685cb40f0ac0fb9a650d_004.png', 'chair_7a9969fac794484c327289c00b6dc9ca_000.png', 'chair_ef4e47e54bfc685cb40f0ac0fb9a650d_003.png']"
banktrial,chair_cluster2,chair_c2_ef4e47e54bfc685cb40f0ac0fb9a650d_2,2,"['chair_ef4e47e54bfc685cb40f0ac0fb9a650d_003.png', 'chair_ef4e47e54bfc685cb40f0ac0fb9a650d_004.png', 'chair_e159d82f67a5953b1fb41007d56c0ca1_007.png']"
banktrial,chair_cluster2,chair_c2_5748c2c222d1528deb0a72cc21af76ff_0,2,"['chair_5748c2c222d1528deb0a72cc21af76ff_005.png', 'chair_5748c2c222d1528deb0a72cc21af76ff_014.png', 'chair_a996cc501faa4ec841c6494d29fffa82_014.png']"
banktrial,chair_cluster2,chair_c2_5748c2c222d1528deb0a72cc21af76ff_1,2,"['chair_5748c2c222d1528deb0a72cc21af76ff_005.png', 'chair_5748c2c222d1528deb0a72cc21af76ff_011.png', 'chair_95c5a8897fa78d3883b06dcdd869d9ac_001.png']"
banktrial,chair_cluster2,chair_c2_5748c2c222d1528deb0a72cc21af76ff_2,2,"['chair_5748c2c222d1528deb0a72cc21af76ff_014.png', 'chair_5748c2c222d1528deb0a72cc21af76ff_000.png', 'chair_df6a3bc55f86781218930ac69342cc5c_002.png']"
banktrial,chair_cluster2,chair_c2_490cc736a3ffc2a9c8687ff9b0b4e4ac_0,1,"['chair_490cc736a3ffc2a9c8687ff9b0b4e4ac_014.png', 'chair_7595d089aefd8ed5af7c7ad2549a1b15_001.png', 'chair_490cc736a3ffc2a9c8687ff9b0b4e4ac_013.png']"
banktrial,chair_cluster2,chair_c2_490cc736a3ffc2a9c8687ff9b0b4e4ac_1,1,"['chair_490cc736a3ffc2a9c8687ff9b0b4e4ac_005.png', 'chair_bfb93705c05ecd0d31e7ccd4db190c0d_000.png', 'chair_490cc736a3ffc2a9c8687ff9b0b4e4ac_006.png']"
banktrial,chair_cluster2,chair_c2_490cc736a3ffc2a9c8687ff9b0b4e4ac_2,0,"['chair_5aea2a227125a81bccda8d28b44378b7_004.png', 'chair_490cc736a3ffc2a9c8687ff9b0b4e4ac_002.png', 'chair_490cc736a3ffc2a9c8687ff9b0b4e4ac_001.png']"
banktrial,chair_cluster2,chair_c2_91f867d862e6c96c3ea242d1c18c3489_0,0,"['chair_62d87dab8cb3fd16c050719ed29b64cf_003.png', 'chair_91f867d862e6c96c3ea242d1c18c3489_012.png', 'chair_91f867d862e6c96c3ea242d1c18c3489_011.png']"
banktrial,chair_cluster2,chair_c2_91f867d862e6c96c3ea242d1c18c3489_1,0,"['chair_ff8efd10f5e6c5c7c6c0380e62f2644_011.png', 'chair_91f867d862e6c96c3ea242d1c18c3489_007.png', 'chair_91f867d862e6c96c3ea242d1c18c3489_000.png']"
banktrial,chair_cluster2,chair_c2_91f867d862e6c96c3ea242d1c18c3489_2,0,"['chair_39911f927331db1c8687ff9b0b4e4ac_009.png', 'chair_91f867d862e6c96c3ea242d1c18c3489_004.png', 'chair_91f867d862e6c96c3ea242d1c18c3489_003.png']"
banktrial,chair_cluster2,chair_c2_fcfb7012968416679c0b027ae5b223d6_0,1,"['chair_fcfb7012968416679c0b027ae5b223d6_008.png', 'chair_8f1e882bdc10f54955f46d55537192b6_007.png', 'chair_fcfb7012968416679c0b027ae5b223d6_000.png']"
banktrial,chair_cluster2,chair_c2_fcfb7012968416679c0b027ae5b223d6_1,2,"['chair_fcfb7012968416679c0b027ae5b223d6_001.png', 'chair_fcfb7012968416679c0b027ae5b223d6_011.png', 'chair_39911f927331db1c8687ff9b0b4e4ac_005.png']"
banktrial,chair_cluster2,chair_c2_fcfb7012968416679c0b027ae5b223d6_2,1,"['chair_fcfb7012968416679c0b027ae5b223d6_009.png', 'chair_39911f927331db1c8687ff9b0b4e4ac_001.png', 'chair_fcfb7012968416679c0b027ae5b223d6_005.png']"
banktrial,chair_cluster2,chair_c2_34dc6c4e022b380cf91663a74ccd2338_0,2,"['chair_34dc6c4e022b380cf91663a74ccd2338_005.png', 'chair_34dc6c4e022b380cf91663a74ccd2338_009.png', 'chair_903a14845425ca3176e30bf48cd56fcd_009.png']"
banktrial,chair_cluster2,chair_c2_34dc6c4e022b380cf91663a74ccd2338_1,0,"['chair_4422c64dffcd8662eaf288f952624966_012.png', 'chair_34dc6c4e022b380cf91663a74ccd2338_011.png', 'chair_34dc6c4e022b380cf91663a74ccd2338_003.png']"
banktrial,chair_cluster2,chair_c2_34dc6c4e022b380cf91663a74ccd2338_2,2,"['chair_34dc6c4e022b380cf91663a74ccd2338_005.png', 'chair_34dc6c4e022b380cf91663a74ccd2338_004.png', 'chair_4422c64dffcd8662eaf288f952624966_003.png']"
banktrial,chair_cluster2,chair_c2_fe5951beafda9dc5b76982957f05710f_0,0,"['chair_8b3d1c34753e095cb05550de345b6d0a_005.png', 'chair_fe5951beafda9dc5b76982957f05710f_009.png', 'chair_fe5951beafda9dc5b76982957f05710f_007.png']"
banktrial,chair_cluster2,chair_c2_fe5951beafda9dc5b76982957f05710f_1,1,"['chair_fe5951beafda9dc5b76982957f05710f_007.png', 'chair_98f42a66467c264377fe1aa9b41a89c5_014.png', 'chair_fe5951beafda9dc5b76982957f05710f_012.png']"
banktrial,chair_cluster2,chair_c2_fe5951beafda9dc5b76982957f05710f_2,2,"['chair_fe5951beafda9dc5b76982957f05710f_013.png', 'chair_fe5951beafda9dc5b76982957f05710f_014.png', 'chair_a4ecc0a3d68dafd44925bc492489de9c_003.png']"
banktrial,chair_cluster2,chair_c2_9531ea3018e8bc70f81c330016997d42_0,2,"['chair_9531ea3018e8bc70f81c330016997d42_004.png', 'chair_9531ea3018e8bc70f81c330016997d42_000.png', 'chair_a6009749fd05fed82d19175e7d19b7cb_001.png']"
banktrial,chair_cluster2,chair_c2_9531ea3018e8bc70f81c330016997d42_1,0,"['chair_bdedbb7887d2c1ac6a45b3b48c00378_008.png', 'chair_9531ea3018e8bc70f81c330016997d42_013.png', 'chair_9531ea3018e8bc70f81c330016997d42_001.png']"
banktrial,chair_cluster2,chair_c2_9531ea3018e8bc70f81c330016997d42_2,0,"['chair_5aea2a227125a81bccda8d28b44378b7_006.png', 'chair_9531ea3018e8bc70f81c330016997d42_011.png', 'chair_9531ea3018e8bc70f81c330016997d42_013.png']"
banktrial,chair_cluster2,chair_c2_799de8b0527ea329c725388bb41d64e3_0,1,"['chair_799de8b0527ea329c725388bb41d64e3_005.png', 'chair_a996cc501faa4ec841c6494d29fffa82_010.png', 'chair_799de8b0527ea329c725388bb41d64e3_006.png']"
banktrial,chair_cluster2,chair_c2_799de8b0527ea329c725388bb41d64e3_1,0,"['chair_3037c7d4d9dcb8f535b063aa516d32d0_003.png', 'chair_799de8b0527ea329c725388bb41d64e3_010.png', 'chair_799de8b0527ea329c725388bb41d64e3_000.png']"
banktrial,chair_cluster2,chair_c2_799de8b0527ea329c725388bb41d64e3_2,0,"['chair_ea7be2b97e78d5b35a4480134e0cdd21_013.png', 'chair_799de8b0527ea329c725388bb41d64e3_005.png', 'chair_799de8b0527ea329c725388bb41d64e3_013.png']"
banktrial,chair_cluster2,chair_c2_447e5db7c84797272127b77d9c9dbf6a_0,2,"['chair_447e5db7c84797272127b77d9c9dbf6a_013.png', 'chair_447e5db7c84797272127b77d9c9dbf6a_000.png', 'chair_5aea2a227125a81bccda8d28b44378b7_012.png']"
banktrial,chair_cluster2,chair_c2_447e5db7c84797272127b77d9c9dbf6a_1,2,"['chair_447e5db7c84797272127b77d9c9dbf6a_005.png', 'chair_447e5db7c84797272127b77d9c9dbf6a_003.png', 'chair_c472a815afff5ff0e6c5cd45aa112726_000.png']"
banktrial,chair_cluster2,chair_c2_447e5db7c84797272127b77d9c9dbf6a_2,0,"['chair_a6009749fd05fed82d19175e7d19b7cb_005.png', 'chair_447e5db7c84797272127b77d9c9dbf6a_000.png', 'chair_447e5db7c84797272127b77d9c9dbf6a_005.png']"
banktrial,chair_cluster2,chair_c2_39311ad85e77d3b7492d9da2668ec34c_0,0,"['chair_ef4e47e54bfc685cb40f0ac0fb9a650d_013.png', 'chair_39311ad85e77d3b7492d9da2668ec34c_005.png', 'chair_39311ad85e77d3b7492d9da2668ec34c_008.png']"
banktrial,chair_cluster2,chair_c2_39311ad85e77d3b7492d9da2668ec34c_1,0,"['chair_94e289c89059106bd8f74b0004a598cd_001.png', 'chair_39311ad85e77d3b7492d9da2668ec34c_013.png', 'chair_39311ad85e77d3b7492d9da2668ec34c_002.png']"
banktrial,chair_cluster2,chair_c2_39311ad85e77d3b7492d9da2668ec34c_2,1,"['chair_39311ad85e77d3b7492d9da2668ec34c_002.png', 'chair_ef4e47e54bfc685cb40f0ac0fb9a650d_004.png', 'chair_39311ad85e77d3b7492d9da2668ec34c_013.png']"
banktrial,chair_cluster2,chair_c2_79401adba0311d9b19fb4103277a6b93_0,0,"['chair_d045654d572bc46f19fb4103277a6b93_012.png', 'chair_79401adba0311d9b19fb4103277a6b93_012.png', 'chair_79401adba0311d9b19fb4103277a6b93_013.png']"
banktrial,chair_cluster2,chair_c2_79401adba0311d9b19fb4103277a6b93_1,2,"['chair_79401adba0311d9b19fb4103277a6b93_000.png', 'chair_79401adba0311d9b19fb4103277a6b93_010.png', 'chair_b6e662b81c62dc9b688f5a44034a346_007.png']"
banktrial,chair_cluster2,chair_c2_79401adba0311d9b19fb4103277a6b93_2,0,"['chair_25d40c79ac57891cfebad4f49b26ec52_012.png', 'chair_79401adba0311d9b19fb4103277a6b93_008.png', 'chair_79401adba0311d9b19fb4103277a6b93_011.png']"
banktrial,chair_cluster2,chair_c2_9d177c3174439ae1a48e53188865c070_0,2,"['chair_9d177c3174439ae1a48e53188865c070_009.png', 'chair_9d177c3174439ae1a48e53188865c070_007.png', 'chair_e159d82f67a5953b1fb41007d56c0ca1_006.png']"
banktrial,chair_cluster2,chair_c2_9d177c3174439ae1a48e53188865c070_1,1,"['chair_9d177c3174439ae1a48e53188865c070_002.png', 'chair_7a9969fac794484c327289c00b6dc9ca_002.png', 'chair_9d177c3174439ae1a48e53188865c070_013.png']"
banktrial,chair_cluster2,chair_c2_9d177c3174439ae1a48e53188865c070_2,2,"['chair_9d177c3174439ae1a48e53188865c070_002.png', 'chair_9d177c3174439ae1a48e53188865c070_001.png', 'chair_e159d82f67a5953b1fb41007d56c0ca1_006.png']"
banktrial,chair_cluster2,chair_c2_78446e1cc15f757297936c81e7f6629_0,0,"['chair_d93760fda8d73aaece101336817a135f_003.png', 'chair_78446e1cc15f757297936c81e7f6629_014.png', 'chair_78446e1cc15f757297936c81e7f6629_000.png']"
banktrial,chair_cluster2,chair_c2_78446e1cc15f757297936c81e7f6629_1,0,"['chair_8f1e882bdc10f54955f46d55537192b6_002.png', 'chair_78446e1cc15f757297936c81e7f6629_014.png', 'chair_78446e1cc15f757297936c81e7f6629_004.png']"
banktrial,chair_cluster2,chair_c2_78446e1cc15f757297936c81e7f6629_2,2,"['chair_78446e1cc15f757297936c81e7f6629_009.png', 'chair_78446e1cc15f757297936c81e7f6629_005.png', 'chair_92175cfac21b10e76e5b9257c4084ca2_003.png']"
banktrial,chair_cluster2,chair_c2_8f1e882bdc10f54955f46d55537192b6_0,0,"['chair_5748c2c222d1528deb0a72cc21af76ff_014.png', 'chair_8f1e882bdc10f54955f46d55537192b6_005.png', 'chair_8f1e882bdc10f54955f46d55537192b6_000.png']"
banktrial,chair_cluster2,chair_c2_8f1e882bdc10f54955f46d55537192b6_1,2,"['chair_8f1e882bdc10f54955f46d55537192b6_003.png', 'chair_8f1e882bdc10f54955f46d55537192b6_010.png', 'chair_92175cfac21b10e76e5b9257c4084ca2_007.png']"
banktrial,chair_cluster2,chair_c2_8f1e882bdc10f54955f46d55537192b6_2,2,"['chair_8f1e882bdc10f54955f46d55537192b6_003.png', 'chair_8f1e882bdc10f54955f46d55537192b6_006.png', 'chair_c3c159a5a56614aad7b20fded0142d7a_006.png']"
banktrial,chair_cluster2,chair_c2_2159af8011e13b81713decb1a0563b12_0,1,"['chair_2159af8011e13b81713decb1a0563b12_006.png', 'chair_bfb93705c05ecd0d31e7ccd4db190c0d_012.png', 'chair_2159af8011e13b81713decb1a0563b12_008.png']"
banktrial,chair_cluster2,chair_c2_2159af8011e13b81713decb1a0563b12_1,2,"['chair_2159af8011e13b81713decb1a0563b12_000.png', 'chair_2159af8011e13b81713decb1a0563b12_008.png', 'chair_e32ee21232d2d5604747ada1cb39a749_011.png']"
banktrial,chair_cluster2,chair_c2_2159af8011e13b81713decb1a0563b12_2,2,"['chair_2159af8011e13b81713decb1a0563b12_014.png', 'chair_2159af8011e13b81713decb1a0563b12_010.png', 'chair_c3c159a5a56614aad7b20fded0142d7a_000.png']"
banktrial,chair_cluster2,chair_c2_539ddc43afec160e57b8f616df7adf9a_0,1,"['chair_539ddc43afec160e57b8f616df7adf9a_001.png', 'chair_4566839a362c5c223ec13b32c4d64f06_001.png', 'chair_539ddc43afec160e57b8f616df7adf9a_007.png']"
banktrial,chair_cluster2,chair_c2_539ddc43afec160e57b8f616df7adf9a_1,2,"['chair_539ddc43afec160e57b8f616df7adf9a_001.png', 'chair_539ddc43afec160e57b8f616df7adf9a_005.png', 'chair_e3b04359a3e9ac5de5dbcc9343304f4a_003.png']"
banktrial,chair_cluster2,chair_c2_539ddc43afec160e57b8f616df7adf9a_2,1,"['chair_539ddc43afec160e57b8f616df7adf9a_014.png', 'chair_8da327a8eea887fd492d9da2668ec34c_009.png', 'chair_539ddc43afec160e57b8f616df7adf9a_011.png']"
banktrial,chair_cluster2,chair_c2_c6811f115d89758f46fb9c38320df24e_0,2,"['chair_c6811f115d89758f46fb9c38320df24e_012.png', 'chair_c6811f115d89758f46fb9c38320df24e_001.png', 'chair_507a5070cde81fd867936ca58e67cec6_005.png']"
banktrial,chair_cluster2,chair_c2_c6811f115d89758f46fb9c38320df24e_1,1,"['chair_c6811f115d89758f46fb9c38320df24e_007.png', 'chair_64e77e9e5887ce95492d9da2668ec34c_006.png', 'chair_c6811f115d89758f46fb9c38320df24e_000.png']"
banktrial,chair_cluster2,chair_c2_c6811f115d89758f46fb9c38320df24e_2,2,"['chair_c6811f115d89758f46fb9c38320df24e_008.png', 'chair_c6811f115d89758f46fb9c38320df24e_000.png', 'chair_507a5070cde81fd867936ca58e67cec6_001.png']"
banktrial,chair_cluster2,chair_c2_c472a815afff5ff0e6c5cd45aa112726_0,0,"['chair_8f1e882bdc10f54955f46d55537192b6_013.png', 'chair_c472a815afff5ff0e6c5cd45aa112726_007.png', 'chair_c472a815afff5ff0e6c5cd45aa112726_011.png']"
banktrial,chair_cluster2,chair_c2_c472a815afff5ff0e6c5cd45aa112726_1,1,"['chair_c472a815afff5ff0e6c5cd45aa112726_013.png', 'chair_78446e1cc15f757297936c81e7f6629_004.png', 'chair_c472a815afff5ff0e6c5cd45aa112726_008.png']"
banktrial,chair_cluster2,chair_c2_c472a815afff5ff0e6c5cd45aa112726_2,2,"['chair_c472a815afff5ff0e6c5cd45aa112726_003.png', 'chair_c472a815afff5ff0e6c5cd45aa112726_012.png', 'chair_94e289c89059106bd8f74b0004a598cd_005.png']"
banktrial,chair_cluster2,chair_c2_39911f927331db1c8687ff9b0b4e4ac_0,0,"['chair_4fae9528f1403fd0f9702e673573a443_001.png', 'chair_39911f927331db1c8687ff9b0b4e4ac_006.png', 'chair_39911f927331db1c8687ff9b0b4e4ac_014.png']"
banktrial,chair_cluster2,chair_c2_39911f927331db1c8687ff9b0b4e4ac_1,2,"['chair_39911f927331db1c8687ff9b0b4e4ac_013.png', 'chair_39911f927331db1c8687ff9b0b4e4ac_002.png', 'chair_2195099b0295f692afca3357bb07ab96_005.png']"
banktrial,chair_cluster2,chair_c2_39911f927331db1c8687ff9b0b4e4ac_2,2,"['chair_39911f927331db1c8687ff9b0b4e4ac_003.png', 'chair_39911f927331db1c8687ff9b0b4e4ac_014.png', 'chair_507a5070cde81fd867936ca58e67cec6_012.png']"
banktrial,chair_cluster2,chair_c2_94e289c89059106bd8f74b0004a598cd_0,2,"['chair_94e289c89059106bd8f74b0004a598cd_007.png', 'chair_94e289c89059106bd8f74b0004a598cd_011.png', 'chair_30f077da43f30e64c862eec8232fff1e_001.png']"
banktrial,chair_cluster2,chair_c2_94e289c89059106bd8f74b0004a598cd_1,1,"['chair_94e289c89059106bd8f74b0004a598cd_013.png', 'chair_c472a815afff5ff0e6c5cd45aa112726_014.png', 'chair_94e289c89059106bd8f74b0004a598cd_011.png']"
banktrial,chair_cluster2,chair_c2_94e289c89059106bd8f74b0004a598cd_2,0,"['chair_6d4ce042f204e89db413bc67c6e4035a_012.png', 'chair_94e289c89059106bd8f74b0004a598cd_006.png', 'chair_94e289c89059106bd8f74b0004a598cd_009.png']"
banktrial,chair_cluster2,chair_c2_91cd85647eef236490e75b1cd0f0169_0,2,"['chair_91cd85647eef236490e75b1cd0f0169_014.png', 'chair_91cd85647eef236490e75b1cd0f0169_013.png', 'chair_6b10b9f8b8f38cfadebf8d14d5516c20_000.png']"
banktrial,chair_cluster2,chair_c2_91cd85647eef236490e75b1cd0f0169_1,0,"['chair_5aea2a227125a81bccda8d28b44378b7_001.png', 'chair_91cd85647eef236490e75b1cd0f0169_000.png', 'chair_91cd85647eef236490e75b1cd0f0169_011.png']"
banktrial,chair_cluster2,chair_c2_91cd85647eef236490e75b1cd0f0169_2,0,"['chair_63da17eda9d415b5319c5e90e9cc9126_001.png', 'chair_91cd85647eef236490e75b1cd0f0169_004.png', 'chair_91cd85647eef236490e75b1cd0f0169_009.png']"
banktrial,chair_cluster2,chair_c2_7595d089aefd8ed5af7c7ad2549a1b15_0,1,"['chair_7595d089aefd8ed5af7c7ad2549a1b15_013.png', 'chair_5c660775f1c7b202855c835f93769fb8_005.png', 'chair_7595d089aefd8ed5af7c7ad2549a1b15_011.png']"
banktrial,chair_cluster2,chair_c2_7595d089aefd8ed5af7c7ad2549a1b15_1,0,"['chair_79401adba0311d9b19fb4103277a6b93_007.png', 'chair_7595d089aefd8ed5af7c7ad2549a1b15_007.png', 'chair_7595d089aefd8ed5af7c7ad2549a1b15_012.png']"
banktrial,chair_cluster2,chair_c2_7595d089aefd8ed5af7c7ad2549a1b15_2,1,"['chair_7595d089aefd8ed5af7c7ad2549a1b15_009.png', 'chair_5c660775f1c7b202855c835f93769fb8_012.png', 'chair_7595d089aefd8ed5af7c7ad2549a1b15_003.png']"
banktrial,chair_cluster2,chair_c2_c3c159a5a56614aad7b20fded0142d7a_0,0,"['chair_7f11f4251d2faee4492d9da2668ec34c_010.png', 'chair_c3c159a5a56614aad7b20fded0142d7a_003.png', 'chair_c3c159a5a56614aad7b20fded0142d7a_007.png']"
banktrial,chair_cluster2,chair_c2_c3c159a5a56614aad7b20fded0142d7a_1,0,"['chair_8f1e882bdc10f54955f46d55537192b6_001.png', 'chair_c3c159a5a56614aad7b20fded0142d7a_010.png', 'chair_c3c159a5a56614aad7b20fded0142d7a_005.png']"
banktrial,chair_cluster2,chair_c2_c3c159a5a56614aad7b20fded0142d7a_2,2,"['chair_c3c159a5a56614aad7b20fded0142d7a_003.png', 'chair_c3c159a5a56614aad7b20fded0142d7a_005.png', 'chair_7f11f4251d2faee4492d9da2668ec34c_001.png']"
banktrial,chair_cluster2,chair_c2_45c998547946bc4d6a88c250a18c2861_0,2,"['chair_45c998547946bc4d6a88c250a18c2861_004.png', 'chair_45c998547946bc4d6a88c250a18c2861_007.png', 'chair_23b52ffd037c95223704253c4a874401_000.png']"
banktrial,chair_cluster2,chair_c2_45c998547946bc4d6a88c250a18c2861_1,2,"['chair_45c998547946bc4d6a88c250a18c2861_008.png', 'chair_45c998547946bc4d6a88c250a18c2861_000.png', 'chair_6a01eed3a575987211e48e4bcdc4a2a3_006.png']"
banktrial,chair_cluster2,chair_c2_45c998547946bc4d6a88c250a18c2861_2,0,"['chair_6a01eed3a575987211e48e4bcdc4a2a3_000.png', 'chair_45c998547946bc4d6a88c250a18c2861_005.png', 'chair_45c998547946bc4d6a88c250a18c2861_002.png']"
banktrial,chair_cluster2,chair_c2_2195099b0295f692afca3357bb07ab96_0,1,"['chair_2195099b0295f692afca3357bb07ab96_004.png', 'chair_507a5070cde81fd867936ca58e67cec6_008.png', 'chair_2195099b0295f692afca3357bb07ab96_003.png']"
banktrial,chair_cluster2,chair_c2_2195099b0295f692afca3357bb07ab96_1,1,"['chair_2195099b0295f692afca3357bb07ab96_004.png', 'chair_91f867d862e6c96c3ea242d1c18c3489_014.png', 'chair_2195099b0295f692afca3357bb07ab96_013.png']"
banktrial,chair_cluster2,chair_c2_2195099b0295f692afca3357bb07ab96_2,2,"['chair_2195099b0295f692afca3357bb07ab96_005.png', 'chair_2195099b0295f692afca3357bb07ab96_001.png', 'chair_5bb5b15807158f71504721639e19f609_009.png']"
banktrial,chair_cluster2,chair_c2_a996cc501faa4ec841c6494d29fffa82_0,2,"['chair_a996cc501faa4ec841c6494d29fffa82_011.png', 'chair_a996cc501faa4ec841c6494d29fffa82_010.png', 'chair_c3c159a5a56614aad7b20fded0142d7a_014.png']"
banktrial,chair_cluster2,chair_c2_a996cc501faa4ec841c6494d29fffa82_1,1,"['chair_a996cc501faa4ec841c6494d29fffa82_009.png', 'chair_8da327a8eea887fd492d9da2668ec34c_005.png', 'chair_a996cc501faa4ec841c6494d29fffa82_008.png']"
banktrial,chair_cluster2,chair_c2_a996cc501faa4ec841c6494d29fffa82_2,0,"['chair_c3c159a5a56614aad7b20fded0142d7a_010.png', 'chair_a996cc501faa4ec841c6494d29fffa82_004.png', 'chair_a996cc501faa4ec841c6494d29fffa82_009.png']"
banktrial,chair_cluster2,chair_c2_d5c67068390ece634060d2cb099a78b3_0,0,"['chair_eba001ddae2ce5eed5d673747c0e3adb_010.png', 'chair_d5c67068390ece634060d2cb099a78b3_008.png', 'chair_d5c67068390ece634060d2cb099a78b3_011.png']"
banktrial,chair_cluster2,chair_c2_d5c67068390ece634060d2cb099a78b3_1,2,"['chair_d5c67068390ece634060d2cb099a78b3_005.png', 'chair_d5c67068390ece634060d2cb099a78b3_013.png', 'chair_97c5ee9d477c82146c7e21b4ce9a4103_014.png']"
banktrial,chair_cluster2,chair_c2_d5c67068390ece634060d2cb099a78b3_2,1,"['chair_d5c67068390ece634060d2cb099a78b3_006.png', 'chair_7f11f4251d2faee4492d9da2668ec34c_013.png', 'chair_d5c67068390ece634060d2cb099a78b3_012.png']"
banktrial,chair_cluster2,chair_c2_62d87dab8cb3fd16c050719ed29b64cf_0,2,"['chair_62d87dab8cb3fd16c050719ed29b64cf_011.png', 'chair_62d87dab8cb3fd16c050719ed29b64cf_014.png', 'chair_bb90094030f369e4305a3b2fd9173d6f_006.png']"
banktrial,chair_cluster2,chair_c2_62d87dab8cb3fd16c050719ed29b64cf_1,0,"['chair_94e289c89059106bd8f74b0004a598cd_013.png', 'chair_62d87dab8cb3fd16c050719ed29b64cf_007.png', 'chair_62d87dab8cb3fd16c050719ed29b64cf_013.png']"
banktrial,chair_cluster2,chair_c2_62d87dab8cb3fd16c050719ed29b64cf_2,0,"['chair_bbdaf1503b9e2219df6cfab91d65bb91_014.png', 'chair_62d87dab8cb3fd16c050719ed29b64cf_010.png', 'chair_62d87dab8cb3fd16c050719ed29b64cf_007.png']"
banktrial,chair_cluster2,chair_c2_a4ecc0a3d68dafd44925bc492489de9c_0,0,"['chair_7a9969fac794484c327289c00b6dc9ca_010.png', 'chair_a4ecc0a3d68dafd44925bc492489de9c_006.png', 'chair_a4ecc0a3d68dafd44925bc492489de9c_003.png']"
banktrial,chair_cluster2,chair_c2_a4ecc0a3d68dafd44925bc492489de9c_1,0,"['chair_7f11908f7ea9483c415dbfd895473b4f_014.png', 'chair_a4ecc0a3d68dafd44925bc492489de9c_010.png', 'chair_a4ecc0a3d68dafd44925bc492489de9c_013.png']"
banktrial,chair_cluster2,chair_c2_a4ecc0a3d68dafd44925bc492489de9c_2,2,"['chair_a4ecc0a3d68dafd44925bc492489de9c_006.png', 'chair_a4ecc0a3d68dafd44925bc492489de9c_012.png', 'chair_d045654d572bc46f19fb4103277a6b93_014.png']"
banktrial,chair_cluster2,chair_c2_2207db2fa2e4cc4579b3e1be3524f72f_0,2,"['chair_2207db2fa2e4cc4579b3e1be3524f72f_003.png', 'chair_2207db2fa2e4cc4579b3e1be3524f72f_013.png', 'chair_58f3e49e746363dcf91663a74ccd2338_003.png']"
banktrial,chair_cluster2,chair_c2_2207db2fa2e4cc4579b3e1be3524f72f_1,0,"['chair_e3b04359a3e9ac5de5dbcc9343304f4a_000.png', 'chair_2207db2fa2e4cc4579b3e1be3524f72f_009.png', 'chair_2207db2fa2e4cc4579b3e1be3524f72f_001.png']"
banktrial,chair_cluster2,chair_c2_2207db2fa2e4cc4579b3e1be3524f72f_2,2,"['chair_2207db2fa2e4cc4579b3e1be3524f72f_011.png', 'chair_2207db2fa2e4cc4579b3e1be3524f72f_000.png', 'chair_d5c67068390ece634060d2cb099a78b3_005.png']"
banktrial,chair_cluster2,chair_c2_97c5ee9d477c82146c7e21b4ce9a4103_0,2,"['chair_97c5ee9d477c82146c7e21b4ce9a4103_001.png', 'chair_97c5ee9d477c82146c7e21b4ce9a4103_004.png', 'chair_b6e662b81c62dc9b688f5a44034a346_004.png']"
banktrial,chair_cluster2,chair_c2_97c5ee9d477c82146c7e21b4ce9a4103_1,1,"['chair_97c5ee9d477c82146c7e21b4ce9a4103_005.png', 'chair_6b10b9f8b8f38cfadebf8d14d5516c20_007.png', 'chair_97c5ee9d477c82146c7e21b4ce9a4103_007.png']"
banktrial,chair_cluster2,chair_c2_97c5ee9d477c82146c7e21b4ce9a4103_2,2,"['chair_97c5ee9d477c82146c7e21b4ce9a4103_006.png', 'chair_97c5ee9d477c82146c7e21b4ce9a4103_003.png', 'chair_8da327a8eea887fd492d9da2668ec34c_014.png']"
banktrial,chair_cluster2,chair_c2_7a9969fac794484c327289c00b6dc9ca_0,1,"['chair_7a9969fac794484c327289c00b6dc9ca_001.png', 'chair_8a845bb67ee8486d6199d6fe090be061_008.png', 'chair_7a9969fac794484c327289c00b6dc9ca_014.png']"
banktrial,chair_cluster2,chair_c2_7a9969fac794484c327289c00b6dc9ca_1,1,"['chair_7a9969fac794484c327289c00b6dc9ca_008.png', 'chair_64e77e9e5887ce95492d9da2668ec34c_000.png', 'chair_7a9969fac794484c327289c00b6dc9ca_013.png']"
banktrial,chair_cluster2,chair_c2_7a9969fac794484c327289c00b6dc9ca_2,1,"['chair_7a9969fac794484c327289c00b6dc9ca_000.png', 'chair_9d177c3174439ae1a48e53188865c070_008.png', 'chair_7a9969fac794484c327289c00b6dc9ca_010.png']"
banktrial,chair_cluster2,chair_c2_d93760fda8d73aaece101336817a135f_0,0,"['chair_5c660775f1c7b202855c835f93769fb8_004.png', 'chair_d93760fda8d73aaece101336817a135f_013.png', 'chair_d93760fda8d73aaece101336817a135f_004.png']"
banktrial,chair_cluster2,chair_c2_d93760fda8d73aaece101336817a135f_1,2,"['chair_d93760fda8d73aaece101336817a135f_007.png', 'chair_d93760fda8d73aaece101336817a135f_012.png', 'chair_4fae9528f1403fd0f9702e673573a443_013.png']"
banktrial,chair_cluster2,chair_c2_d93760fda8d73aaece101336817a135f_2,2,"['chair_d93760fda8d73aaece101336817a135f_004.png', 'chair_d93760fda8d73aaece101336817a135f_000.png', 'chair_5c660775f1c7b202855c835f93769fb8_012.png']"
banktrial,chair_cluster2,chair_c2_e462df8166441ffaeedb49f6d982d28_0,1,"['chair_e462df8166441ffaeedb49f6d982d28_011.png', 'chair_65c7a3d8fb95311c492d9da2668ec34c_007.png', 'chair_e462df8166441ffaeedb49f6d982d28_013.png']"
banktrial,chair_cluster2,chair_c2_e462df8166441ffaeedb49f6d982d28_1,0,"['chair_78446e1cc15f757297936c81e7f6629_004.png', 'chair_e462df8166441ffaeedb49f6d982d28_012.png', 'chair_e462df8166441ffaeedb49f6d982d28_006.png']"
banktrial,chair_cluster2,chair_c2_e462df8166441ffaeedb49f6d982d28_2,2,"['chair_e462df8166441ffaeedb49f6d982d28_000.png', 'chair_e462df8166441ffaeedb49f6d982d28_011.png', 'chair_903a14845425ca3176e30bf48cd56fcd_007.png']"
banktrial,chair_cluster2,chair_c2_30f077da43f30e64c862eec8232fff1e_0,2,"['chair_30f077da43f30e64c862eec8232fff1e_011.png', 'chair_30f077da43f30e64c862eec8232fff1e_003.png', 'chair_4422c64dffcd8662eaf288f952624966_003.png']"
banktrial,chair_cluster2,chair_c2_30f077da43f30e64c862eec8232fff1e_1,1,"['chair_30f077da43f30e64c862eec8232fff1e_002.png', 'chair_4422c64dffcd8662eaf288f952624966_006.png', 'chair_30f077da43f30e64c862eec8232fff1e_010.png']"
banktrial,chair_cluster2,chair_c2_30f077da43f30e64c862eec8232fff1e_2,2,"['chair_30f077da43f30e64c862eec8232fff1e_001.png', 'chair_30f077da43f30e64c862eec8232fff1e_011.png', 'chair_61943ed43201e59ed7f7a4c4609b0913_001.png']"
