dataset,condition,trial,oddity_index,images,pair_distance
airplane,airplane_train_c0,airplane_c0_train_8c1d67bf88f34ac55823df672991ed66_0,2,"['airplane_8c1d67bf88f34ac55823df672991ed66_011.png', 'airplane_8c1d67bf88f34ac55823df672991ed66_001.png', 'airplane_d31a0f4f945775de5823df672991ed66_008.png']",2.717693369036489e-05
airplane,airplane_train_c0,airplane_c0_train_8c1d67bf88f34ac55823df672991ed66_1,1,"['airplane_8c1d67bf88f34ac55823df672991ed66_002.png', 'airplane_d31a0f4f945775de5823df672991ed66_013.png', 'airplane_8c1d67bf88f34ac55823df672991ed66_006.png']",2.717693369036489e-05
airplane,airplane_train_c0,airplane_c0_train_8c1d67bf88f34ac55823df672991ed66_2,1,"['airplane_8c1d67bf88f34ac55823df672991ed66_011.png', 'airplane_5d0d3f54c5d9dd386a1aee7416e39fad_014.png', 'airplane_8c1d67bf88f34ac55823df672991ed66_001.png']",0.08853434680049377
airplane,airplane_train_c0,airplane_c0_train_ece25d89898c7d9090b1d6deb98feec6_0,1,"['airplane_ece25d89898c7d9090b1d6deb98feec6_002.png', 'airplane_1d63eb2b1f78aa88acf77e718d93f3e1_009.png', 'airplane_ece25d89898c7d9090b1d6deb98feec6_007.png']",0.03628149170195849
airplane,airplane_train_c0,airplane_c0_train_ece25d89898c7d9090b1d6deb98feec6_1,2,"['airplane_ece25d89898c7d9090b1d6deb98feec6_010.png', 'airplane_ece25d89898c7d9090b1d6deb98feec6_003.png', 'airplane_a3927542339a2c491b1cc145b0144991_007.png']",0.051932284731292744
airplane,airplane_train_c0,airplane_c0_train_ece25d89898c7d9090b1d6deb98feec6_2,1,"['airplane_ece25d89898c7d9090b1d6deb98feec6_014.png', 'airplane_6c931227c1735c329df8dd4a2554378c_002.png', 'airplane_ece25d89898c7d9090b1d6deb98feec6_007.png']",0.07051627402528904
airplane,airplane_train_c0,airplane_c0_train_12c82319147385e7ef0e1705c5c9e361_0,2,"['airplane_12c82319147385e7ef0e1705c5c9e361_007.png', 'airplane_12c82319147385e7ef0e1705c5c9e361_011.png', 'airplane_ed709305e61acf6a9b017c80f62649a0_005.png']",0.022807059395621665
airplane,airplane_train_c0,airplane_c0_train_12c82319147385e7ef0e1705c5c9e361_1,0,"['airplane_5c379a118ec80927febd4e8b843c95aa_013.png', 'airplane_12c82319147385e7ef0e1705c5c9e361_003.png', 'airplane_12c82319147385e7ef0e1705c5c9e361_008.png']",0.031055953923406987
airplane,airplane_train_c0,airplane_c0_train_12c82319147385e7ef0e1705c5c9e361_2,0,"['airplane_5c379a118ec80927febd4e8b843c95aa_000.png', 'airplane_12c82319147385e7ef0e1705c5c9e361_010.png', 'airplane_12c82319147385e7ef0e1705c5c9e361_006.png']",0.031055953923406987
airplane,airplane_train_c0,airplane_c0_train_369244d49f8f1308b858e64ff0fa8db3_0,2,"['airplane_369244d49f8f1308b858e64ff0fa8db3_006.png', 'airplane_369244d49f8f1308b858e64ff0fa8db3_003.png', 'airplane_4063fb031d8fb78e505ae8d422ba349d_012.png']",0.2582541923054391
airplane,airplane_train_c0,airplane_c0_train_369244d49f8f1308b858e64ff0fa8db3_1,0,"['airplane_4063fb031d8fb78e505ae8d422ba349d_003.png', 'airplane_369244d49f8f1308b858e64ff0fa8db3_013.png', 'airplane_369244d49f8f1308b858e64ff0fa8db3_007.png']",0.2582541923054391
airplane,airplane_train_c0,airplane_c0_train_369244d49f8f1308b858e64ff0fa8db3_2,2,"['airplane_369244d49f8f1308b858e64ff0fa8db3_006.png', 'airplane_369244d49f8f1308b858e64ff0fa8db3_005.png', 'airplane_4063fb031d8fb78e505ae8d422ba349d_007.png']",0.2582541923054391
airplane,airplane_train_c0,airplane_c0_train_91f8e08144218e2d23fc69eefd95e6d3_0,2,"['airplane_91f8e08144218e2d23fc69eefd95e6d3_011.png', 'airplane_91f8e08144218e2d23fc69eefd95e6d3_009.png', 'airplane_89b6f678789287a3d3128304aa2279ec_013.png']",0.06501396190371656
airplane,airplane_train_c0,airplane_c0_train_91f8e08144218e2d23fc69eefd95e6d3_1,0,"['airplane_6f96857e279a38793525b6164e3f382b_006.png', 'airplane_91f8e08144218e2d23fc69eefd95e6d3_000.png', 'airplane_91f8e08144218e2d23fc69eefd95e6d3_014.png']",0.048065179711119566
airplane,airplane_train_c0,airplane_c0_train_91f8e08144218e2d23fc69eefd95e6d3_2,1,"['airplane_91f8e08144218e2d23fc69eefd95e6d3_000.png', 'airplane_6f96857e279a38793525b6164e3f382b_012.png', 'airplane_91f8e08144218e2d23fc69eefd95e6d3_006.png']",0.048065179711119566
airplane,airplane_train_c0,airplane_c0_train_80796b736f1d6bc78e8131a047a07ce1_0,1,"['airplane_80796b736f1d6bc78e8131a047a07ce1_013.png', 'airplane_6c931227c1735c329df8dd4a2554378c_004.png', 'airplane_80796b736f1d6bc78e8131a047a07ce1_004.png']",0.0249017919911535
airplane,airplane_train_c0,airplane_c0_train_80796b736f1d6bc78e8131a047a07ce1_1,2,"['airplane_80796b736f1d6bc78e8131a047a07ce1_006.png', 'airplane_80796b736f1d6bc78e8131a047a07ce1_000.png', 'airplane_6c931227c1735c329df8dd4a2554378c_012.png']",0.0249017919911535
airplane,airplane_train_c0,airplane_c0_train_80796b736f1d6bc78e8131a047a07ce1_2,1,"['airplane_80796b736f1d6bc78e8131a047a07ce1_001.png', 'airplane_5c379a118ec80927febd4e8b843c95aa_014.png', 'airplane_80796b736f1d6bc78e8131a047a07ce1_009.png']",0.05001878551241079
airplane,airplane_train_c0,airplane_c0_train_e70bd95ab764bc1b3465be15e1aa6a0c_0,1,"['airplane_e70bd95ab764bc1b3465be15e1aa6a0c_008.png', 'airplane_89b6f678789287a3d3128304aa2279ec_013.png', 'airplane_e70bd95ab764bc1b3465be15e1aa6a0c_001.png']",0.022841574967899847
airplane,airplane_train_c0,airplane_c0_train_e70bd95ab764bc1b3465be15e1aa6a0c_1,0,"['airplane_f009f3112625ee00b8cf782e8c539948_010.png', 'airplane_e70bd95ab764bc1b3465be15e1aa6a0c_011.png', 'airplane_e70bd95ab764bc1b3465be15e1aa6a0c_007.png']",0.047392129567888186
airplane,airplane_train_c0,airplane_c0_train_e70bd95ab764bc1b3465be15e1aa6a0c_2,1,"['airplane_e70bd95ab764bc1b3465be15e1aa6a0c_004.png', 'airplane_23c8d6c73cf78ab23cf128905a10d59d_009.png', 'airplane_e70bd95ab764bc1b3465be15e1aa6a0c_014.png']",0.034465180434410825
airplane,airplane_train_c0,airplane_c0_train_b7fd11d4af74b4ffddaa0161e9d3dfac_0,2,"['airplane_b7fd11d4af74b4ffddaa0161e9d3dfac_013.png', 'airplane_b7fd11d4af74b4ffddaa0161e9d3dfac_003.png', 'airplane_91f8e08144218e2d23fc69eefd95e6d3_004.png']",0.078528664535372
airplane,airplane_train_c0,airplane_c0_train_b7fd11d4af74b4ffddaa0161e9d3dfac_1,0,"['airplane_80796b736f1d6bc78e8131a047a07ce1_007.png', 'airplane_b7fd11d4af74b4ffddaa0161e9d3dfac_013.png', 'airplane_b7fd11d4af74b4ffddaa0161e9d3dfac_005.png']",0.0767816157754192
airplane,airplane_train_c0,airplane_c0_train_b7fd11d4af74b4ffddaa0161e9d3dfac_2,2,"['airplane_b7fd11d4af74b4ffddaa0161e9d3dfac_014.png', 'airplane_b7fd11d4af74b4ffddaa0161e9d3dfac_004.png', 'airplane_5d0d3f54c5d9dd386a1aee7416e39fad_013.png']",0.07816231822977981
airplane,airplane_train_c0,airplane_c0_train_945b33ed9d6844591596c26b5af806fe_0,2,"['airplane_945b33ed9d6844591596c26b5af806fe_006.png', 'airplane_945b33ed9d6844591596c26b5af806fe_007.png', 'airplane_1d63eb2b1f78aa88acf77e718d93f3e1_003.png']",0.021812970070038573
airplane,airplane_train_c0,airplane_c0_train_945b33ed9d6844591596c26b5af806fe_1,1,"['airplane_945b33ed9d6844591596c26b5af806fe_010.png', 'airplane_ece25d89898c7d9090b1d6deb98feec6_001.png', 'airplane_945b33ed9d6844591596c26b5af806fe_004.png']",0.030978155418276976
airplane,airplane_train_c0,airplane_c0_train_945b33ed9d6844591596c26b5af806fe_2,2,"['airplane_945b33ed9d6844591596c26b5af806fe_011.png', 'airplane_945b33ed9d6844591596c26b5af806fe_012.png', 'airplane_1e9ef313876bfba7d02c6d35cc802839_013.png']",0.06614861659975912
airplane,airplane_train_c0,airplane_c0_train_1d63eb2b1f78aa88acf77e718d93f3e1_0,2,"['airplane_1d63eb2b1f78aa88acf77e718d93f3e1_014.png', 'airplane_1d63eb2b1f78aa88acf77e718d93f3e1_002.png', 'airplane_1e9ef313876bfba7d02c6d35cc802839_006.png']",0.046003779591263116
airplane,airplane_train_c0,airplane_c0_train_1d63eb2b1f78aa88acf77e718d93f3e1_1,2,"['airplane_1d63eb2b1f78aa88acf77e718d93f3e1_002.png', 'airplane_1d63eb2b1f78aa88acf77e718d93f3e1_012.png', 'airplane_1e9ef313876bfba7d02c6d35cc802839_008.png']",0.046003779591263116
airplane,airplane_train_c0,airplane_c0_train_1d63eb2b1f78aa88acf77e718d93f3e1_2,2,"['airplane_1d63eb2b1f78aa88acf77e718d93f3e1_008.png', 'airplane_1d63eb2b1f78aa88acf77e718d93f3e1_002.png', 'airplane_ece25d89898c7d9090b1d6deb98feec6_014.png']",0.03628149170195849
airplane,airplane_train_c0,airplane_c0_train_4063fb031d8fb78e505ae8d422ba349d_0,0,"['airplane_1d63eb2b1f78aa88acf77e718d93f3e1_011.png', 'airplane_4063fb031d8fb78e505ae8d422ba349d_013.png', 'airplane_4063fb031d8fb78e505ae8d422ba349d_003.png']",0.11031084517591516
airplane,airplane_train_c0,airplane_c0_train_4063fb031d8fb78e505ae8d422ba349d_1,2,"['airplane_4063fb031d8fb78e505ae8d422ba349d_004.png', 'airplane_4063fb031d8fb78e505ae8d422ba349d_009.png', 'airplane_1d63eb2b1f78aa88acf77e718d93f3e1_002.png']",0.11031084517591516
airplane,airplane_train_c0,airplane_c0_train_4063fb031d8fb78e505ae8d422ba349d_2,0,"['airplane_e70bd95ab764bc1b3465be15e1aa6a0c_005.png', 'airplane_4063fb031d8fb78e505ae8d422ba349d_003.png', 'airplane_4063fb031d8fb78e505ae8d422ba349d_001.png']",0.108516772437393
airplane,airplane_train_c0,airplane_c0_train_31d1cf39b807c856efe0d4e1eba2e3af_0,1,"['airplane_31d1cf39b807c856efe0d4e1eba2e3af_001.png', 'airplane_39d7e8e001e0234e8f721bc8b8155d7_008.png', 'airplane_31d1cf39b807c856efe0d4e1eba2e3af_008.png']",0.09352235747532489
airplane,airplane_train_c0,airplane_c0_train_31d1cf39b807c856efe0d4e1eba2e3af_1,0,"['airplane_39d7e8e001e0234e8f721bc8b8155d7_002.png', 'airplane_31d1cf39b807c856efe0d4e1eba2e3af_004.png', 'airplane_31d1cf39b807c856efe0d4e1eba2e3af_007.png']",0.09352235747532489
airplane,airplane_train_c0,airplane_c0_train_31d1cf39b807c856efe0d4e1eba2e3af_2,1,"['airplane_31d1cf39b807c856efe0d4e1eba2e3af_004.png', 'airplane_39d7e8e001e0234e8f721bc8b8155d7_005.png', 'airplane_31d1cf39b807c856efe0d4e1eba2e3af_003.png']",0.09352235747532489
airplane,airplane_train_c0,airplane_c0_train_1e9ef313876bfba7d02c6d35cc802839_0,1,"['airplane_1e9ef313876bfba7d02c6d35cc802839_001.png', 'airplane_ece25d89898c7d9090b1d6deb98feec6_008.png', 'airplane_1e9ef313876bfba7d02c6d35cc802839_014.png']",0.036817580269632666
airplane,airplane_train_c0,airplane_c0_train_1e9ef313876bfba7d02c6d35cc802839_1,1,"['airplane_1e9ef313876bfba7d02c6d35cc802839_012.png', 'airplane_6c931227c1735c329df8dd4a2554378c_012.png', 'airplane_1e9ef313876bfba7d02c6d35cc802839_006.png']",0.04110462711905749
airplane,airplane_train_c0,airplane_c0_train_1e9ef313876bfba7d02c6d35cc802839_2,0,"['airplane_80796b736f1d6bc78e8131a047a07ce1_002.png', 'airplane_1e9ef313876bfba7d02c6d35cc802839_013.png', 'airplane_1e9ef313876bfba7d02c6d35cc802839_010.png']",0.05022772936006703
airplane,airplane_train_c0,airplane_c0_train_5c379a118ec80927febd4e8b843c95aa_0,1,"['airplane_5c379a118ec80927febd4e8b843c95aa_005.png', 'airplane_ed709305e61acf6a9b017c80f62649a0_009.png', 'airplane_5c379a118ec80927febd4e8b843c95aa_000.png']",0.03579458098542765
airplane,airplane_train_c0,airplane_c0_train_5c379a118ec80927febd4e8b843c95aa_1,1,"['airplane_5c379a118ec80927febd4e8b843c95aa_014.png', 'airplane_ed709305e61acf6a9b017c80f62649a0_004.png', 'airplane_5c379a118ec80927febd4e8b843c95aa_011.png']",0.03579458098542765
airplane,airplane_train_c0,airplane_c0_train_5c379a118ec80927febd4e8b843c95aa_2,0,"['airplane_12c82319147385e7ef0e1705c5c9e361_000.png', 'airplane_5c379a118ec80927febd4e8b843c95aa_000.png', 'airplane_5c379a118ec80927febd4e8b843c95aa_003.png']",0.031055953923406987
airplane,airplane_train_c0,airplane_c0_train_89b6f678789287a3d3128304aa2279ec_0,1,"['airplane_89b6f678789287a3d3128304aa2279ec_008.png', 'airplane_23c8d6c73cf78ab23cf128905a10d59d_010.png', 'airplane_89b6f678789287a3d3128304aa2279ec_004.png']",0.03424076558131661
airplane,airplane_train_c0,airplane_c0_train_89b6f678789287a3d3128304aa2279ec_1,2,"['airplane_89b6f678789287a3d3128304aa2279ec_011.png', 'airplane_89b6f678789287a3d3128304aa2279ec_009.png', 'airplane_6f96857e279a38793525b6164e3f382b_005.png']",0.03153250446204536
airplane,airplane_train_c0,airplane_c0_train_89b6f678789287a3d3128304aa2279ec_2,0,"['airplane_6f96857e279a38793525b6164e3f382b_009.png', 'airplane_89b6f678789287a3d3128304aa2279ec_004.png', 'airplane_89b6f678789287a3d3128304aa2279ec_001.png']",0.03153250446204536
airplane,airplane_train_c0,airplane_c0_train_39d7e8e001e0234e8f721bc8b8155d7_0,0,"['airplane_6c931227c1735c329df8dd4a2554378c_003.png', 'airplane_39d7e8e001e0234e8f721bc8b8155d7_007.png', 'airplane_39d7e8e001e0234e8f721bc8b8155d7_010.png']",0.0764127057719125
airplane,airplane_train_c0,airplane_c0_train_39d7e8e001e0234e8f721bc8b8155d7_1,2,"['airplane_39d7e8e001e0234e8f721bc8b8155d7_009.png', 'airplane_39d7e8e001e0234e8f721bc8b8155d7_001.png', 'airplane_8c1d67bf88f34ac55823df672991ed66_001.png']",0.02954435003173017
airplane,airplane_train_c0,airplane_c0_train_39d7e8e001e0234e8f721bc8b8155d7_2,0,"['airplane_8c1d67bf88f34ac55823df672991ed66_011.png', 'airplane_39d7e8e001e0234e8f721bc8b8155d7_006.png', 'airplane_39d7e8e001e0234e8f721bc8b8155d7_002.png']",0.02954435003173017
airplane,airplane_train_c0,airplane_c0_train_6c931227c1735c329df8dd4a2554378c_0,0,"['airplane_8b65813c6ab0c972ca2bd098b9203af_010.png', 'airplane_6c931227c1735c329df8dd4a2554378c_009.png', 'airplane_6c931227c1735c329df8dd4a2554378c_008.png']",0.026944908828936187
airplane,airplane_train_c0,airplane_c0_train_6c931227c1735c329df8dd4a2554378c_1,2,"['airplane_6c931227c1735c329df8dd4a2554378c_009.png', 'airplane_6c931227c1735c329df8dd4a2554378c_005.png', 'airplane_8b65813c6ab0c972ca2bd098b9203af_005.png']",0.026944908828936187
airplane,airplane_train_c0,airplane_c0_train_6c931227c1735c329df8dd4a2554378c_2,1,"['airplane_6c931227c1735c329df8dd4a2554378c_005.png', 'airplane_80796b736f1d6bc78e8131a047a07ce1_010.png', 'airplane_6c931227c1735c329df8dd4a2554378c_002.png']",0.0249017919911535
airplane,airplane_train_c0,airplane_c0_train_6f96857e279a38793525b6164e3f382b_0,2,"['airplane_6f96857e279a38793525b6164e3f382b_009.png', 'airplane_6f96857e279a38793525b6164e3f382b_011.png', 'airplane_e70bd95ab764bc1b3465be15e1aa6a0c_008.png']",0.047790689688419374
airplane,airplane_train_c0,airplane_c0_train_6f96857e279a38793525b6164e3f382b_1,2,"['airplane_6f96857e279a38793525b6164e3f382b_014.png', 'airplane_6f96857e279a38793525b6164e3f382b_006.png', 'airplane_89b6f678789287a3d3128304aa2279ec_004.png']",0.03153250446204536
airplane,airplane_train_c0,airplane_c0_train_6f96857e279a38793525b6164e3f382b_2,0,"['airplane_ed709305e61acf6a9b017c80f62649a0_009.png', 'airplane_6f96857e279a38793525b6164e3f382b_003.png', 'airplane_6f96857e279a38793525b6164e3f382b_011.png']",0.047845871887721825
airplane,airplane_train_c0,airplane_c0_train_23c8d6c73cf78ab23cf128905a10d59d_0,2,"['airplane_23c8d6c73cf78ab23cf128905a10d59d_013.png', 'airplane_23c8d6c73cf78ab23cf128905a10d59d_005.png', 'airplane_e70bd95ab764bc1b3465be15e1aa6a0c_001.png']",0.034465180434410825
airplane,airplane_train_c0,airplane_c0_train_23c8d6c73cf78ab23cf128905a10d59d_1,0,"['airplane_ed709305e61acf6a9b017c80f62649a0_011.png', 'airplane_23c8d6c73cf78ab23cf128905a10d59d_013.png', 'airplane_23c8d6c73cf78ab23cf128905a10d59d_005.png']",0.04395419501289777
airplane,airplane_train_c0,airplane_c0_train_23c8d6c73cf78ab23cf128905a10d59d_2,1,"['airplane_23c8d6c73cf78ab23cf128905a10d59d_003.png', 'airplane_89b6f678789287a3d3128304aa2279ec_012.png', 'airplane_23c8d6c73cf78ab23cf128905a10d59d_005.png']",0.03424076558131661
airplane,airplane_train_c0,airplane_c0_train_d31a0f4f945775de5823df672991ed66_0,2,"['airplane_d31a0f4f945775de5823df672991ed66_006.png', 'airplane_d31a0f4f945775de5823df672991ed66_002.png', 'airplane_b7fd11d4af74b4ffddaa0161e9d3dfac_007.png']",0.09976388403921665
airplane,airplane_train_c0,airplane_c0_train_d31a0f4f945775de5823df672991ed66_1,2,"['airplane_d31a0f4f945775de5823df672991ed66_001.png', 'airplane_d31a0f4f945775de5823df672991ed66_012.png', 'airplane_8c1d67bf88f34ac55823df672991ed66_004.png']",2.717693369036489e-05
airplane,airplane_train_c0,airplane_c0_train_d31a0f4f945775de5823df672991ed66_2,2,"['airplane_d31a0f4f945775de5823df672991ed66_000.png', 'airplane_d31a0f4f945775de5823df672991ed66_014.png', 'airplane_31d1cf39b807c856efe0d4e1eba2e3af_012.png']",0.1006403931504839
airplane,airplane_train_c0,airplane_c0_train_f009f3112625ee00b8cf782e8c539948_0,1,"['airplane_f009f3112625ee00b8cf782e8c539948_010.png', 'airplane_12c82319147385e7ef0e1705c5c9e361_008.png', 'airplane_f009f3112625ee00b8cf782e8c539948_014.png']",0.002055170341387469
airplane,airplane_train_c0,airplane_c0_train_f009f3112625ee00b8cf782e8c539948_1,2,"['airplane_f009f3112625ee00b8cf782e8c539948_000.png', 'airplane_f009f3112625ee00b8cf782e8c539948_005.png', 'airplane_5c379a118ec80927febd4e8b843c95aa_012.png']",0.033282602588087684
airplane,airplane_train_c0,airplane_c0_train_f009f3112625ee00b8cf782e8c539948_2,2,"['airplane_f009f3112625ee00b8cf782e8c539948_004.png', 'airplane_f009f3112625ee00b8cf782e8c539948_003.png', 'airplane_8b65813c6ab0c972ca2bd098b9203af_013.png']",0.006145004158971457
airplane,airplane_train_c0,airplane_c0_train_5d0d3f54c5d9dd386a1aee7416e39fad_0,1,"['airplane_5d0d3f54c5d9dd386a1aee7416e39fad_006.png', 'airplane_39d7e8e001e0234e8f721bc8b8155d7_011.png', 'airplane_5d0d3f54c5d9dd386a1aee7416e39fad_008.png']",0.07907949945294279
airplane,airplane_train_c0,airplane_c0_train_5d0d3f54c5d9dd386a1aee7416e39fad_1,0,"['airplane_5c379a118ec80927febd4e8b843c95aa_005.png', 'airplane_5d0d3f54c5d9dd386a1aee7416e39fad_002.png', 'airplane_5d0d3f54c5d9dd386a1aee7416e39fad_012.png']",0.05266898466019865
airplane,airplane_train_c0,airplane_c0_train_5d0d3f54c5d9dd386a1aee7416e39fad_2,1,"['airplane_5d0d3f54c5d9dd386a1aee7416e39fad_011.png', 'airplane_6f96857e279a38793525b6164e3f382b_003.png', 'airplane_5d0d3f54c5d9dd386a1aee7416e39fad_000.png']",0.08323327260660296
airplane,airplane_train_c0,airplane_c0_train_8b65813c6ab0c972ca2bd098b9203af_0,1,"['airplane_8b65813c6ab0c972ca2bd098b9203af_011.png', 'airplane_f009f3112625ee00b8cf782e8c539948_009.png', 'airplane_8b65813c6ab0c972ca2bd098b9203af_010.png']",0.006145004158971457
airplane,airplane_train_c0,airplane_c0_train_8b65813c6ab0c972ca2bd098b9203af_1,0,"['airplane_5c379a118ec80927febd4e8b843c95aa_014.png', 'airplane_8b65813c6ab0c972ca2bd098b9203af_000.png', 'airplane_8b65813c6ab0c972ca2bd098b9203af_009.png']",0.02987448405581916
airplane,airplane_train_c0,airplane_c0_train_8b65813c6ab0c972ca2bd098b9203af_2,1,"['airplane_8b65813c6ab0c972ca2bd098b9203af_005.png', 'airplane_ed709305e61acf6a9b017c80f62649a0_013.png', 'airplane_8b65813c6ab0c972ca2bd098b9203af_002.png']",0.03149036228482227
airplane,airplane_train_c0,airplane_c0_train_a3927542339a2c491b1cc145b0144991_0,0,"['airplane_1e9ef313876bfba7d02c6d35cc802839_010.png', 'airplane_a3927542339a2c491b1cc145b0144991_005.png', 'airplane_a3927542339a2c491b1cc145b0144991_013.png']",0.03753218172487793
airplane,airplane_train_c0,airplane_c0_train_a3927542339a2c491b1cc145b0144991_1,2,"['airplane_a3927542339a2c491b1cc145b0144991_004.png', 'airplane_a3927542339a2c491b1cc145b0144991_008.png', 'airplane_6c931227c1735c329df8dd4a2554378c_001.png']",0.02949980824545051
airplane,airplane_train_c0,airplane_c0_train_a3927542339a2c491b1cc145b0144991_2,1,"['airplane_a3927542339a2c491b1cc145b0144991_006.png', 'airplane_1d63eb2b1f78aa88acf77e718d93f3e1_011.png', 'airplane_a3927542339a2c491b1cc145b0144991_012.png']",0.04145071664243416
airplane,airplane_train_c0,airplane_c0_train_ed709305e61acf6a9b017c80f62649a0_0,1,"['airplane_ed709305e61acf6a9b017c80f62649a0_013.png', 'airplane_23c8d6c73cf78ab23cf128905a10d59d_014.png', 'airplane_ed709305e61acf6a9b017c80f62649a0_001.png']",0.04395419501289777
airplane,airplane_train_c0,airplane_c0_train_ed709305e61acf6a9b017c80f62649a0_1,2,"['airplane_ed709305e61acf6a9b017c80f62649a0_009.png', 'airplane_ed709305e61acf6a9b017c80f62649a0_000.png', 'airplane_12c82319147385e7ef0e1705c5c9e361_004.png']",0.022807059395621665
airplane,airplane_train_c0,airplane_c0_train_ed709305e61acf6a9b017c80f62649a0_2,0,"['airplane_f009f3112625ee00b8cf782e8c539948_004.png', 'airplane_ed709305e61acf6a9b017c80f62649a0_010.png', 'airplane_ed709305e61acf6a9b017c80f62649a0_001.png']",0.025838766065371832
airplane,airplane_train_c1,airplane_c1_train_6ca6c7920c62773073d96deff5ddb8e5_0,0,"['airplane_3d2e10ca9a5db964dc398f7f89f37ee6_010.png', 'airplane_6ca6c7920c62773073d96deff5ddb8e5_007.png', 'airplane_6ca6c7920c62773073d96deff5ddb8e5_001.png']",0.08264904465797829
airplane,airplane_train_c1,airplane_c1_train_6ca6c7920c62773073d96deff5ddb8e5_1,2,"['airplane_6ca6c7920c62773073d96deff5ddb8e5_003.png', 'airplane_6ca6c7920c62773073d96deff5ddb8e5_002.png', 'airplane_320e639572e8b9ceca504cdc40c452de_014.png']",0.0754894378359584
airplane,airplane_train_c1,airplane_c1_train_6ca6c7920c62773073d96deff5ddb8e5_2,0,"['airplane_7bd76c17b7194d571aa9d8d95b6740cc_008.png', 'airplane_6ca6c7920c62773073d96deff5ddb8e5_007.png', 'airplane_6ca6c7920c62773073d96deff5ddb8e5_002.png']",0.0695578493787925
airplane,airplane_train_c1,airplane_c1_train_9267c510247327a2297d46b42718e32f_0,1,"['airplane_9267c510247327a2297d46b42718e32f_012.png', 'airplane_320e639572e8b9ceca504cdc40c452de_007.png', 'airplane_9267c510247327a2297d46b42718e32f_001.png']",0.06433788673895158
airplane,airplane_train_c1,airplane_c1_train_9267c510247327a2297d46b42718e32f_1,2,"['airplane_9267c510247327a2297d46b42718e32f_002.png', 'airplane_9267c510247327a2297d46b42718e32f_007.png', 'airplane_320e639572e8b9ceca504cdc40c452de_013.png']",0.06433788673895158
airplane,airplane_train_c1,airplane_c1_train_9267c510247327a2297d46b42718e32f_2,0,"['airplane_7bd76c17b7194d571aa9d8d95b6740cc_007.png', 'airplane_9267c510247327a2297d46b42718e32f_011.png', 'airplane_9267c510247327a2297d46b42718e32f_013.png']",0.07457645734345553
airplane,airplane_train_c1,airplane_c1_train_b9fabfa6d5fedbc3a8e091cb544689d5_0,0,"['airplane_b54d9c1ccb737eb6d972c9dd75ed77d4_008.png', 'airplane_b9fabfa6d5fedbc3a8e091cb544689d5_008.png', 'airplane_b9fabfa6d5fedbc3a8e091cb544689d5_005.png']",0.06961569557344971
airplane,airplane_train_c1,airplane_c1_train_b9fabfa6d5fedbc3a8e091cb544689d5_1,0,"['airplane_320e639572e8b9ceca504cdc40c452de_000.png', 'airplane_b9fabfa6d5fedbc3a8e091cb544689d5_003.png', 'airplane_b9fabfa6d5fedbc3a8e091cb544689d5_012.png']",0.09743949038850341
airplane,airplane_train_c1,airplane_c1_train_b9fabfa6d5fedbc3a8e091cb544689d5_2,0,"['airplane_9267c510247327a2297d46b42718e32f_001.png', 'airplane_b9fabfa6d5fedbc3a8e091cb544689d5_010.png', 'airplane_b9fabfa6d5fedbc3a8e091cb544689d5_007.png']",0.06848070231535053
airplane,airplane_train_c1,airplane_c1_train_aeb538b2f1c36a8d9e811b082458229e_0,2,"['airplane_aeb538b2f1c36a8d9e811b082458229e_006.png', 'airplane_aeb538b2f1c36a8d9e811b082458229e_002.png', 'airplane_b54d9c1ccb737eb6d972c9dd75ed77d4_000.png']",0.10484031315059184
airplane,airplane_train_c1,airplane_c1_train_aeb538b2f1c36a8d9e811b082458229e_1,2,"['airplane_aeb538b2f1c36a8d9e811b082458229e_005.png', 'airplane_aeb538b2f1c36a8d9e811b082458229e_007.png', 'airplane_b54d9c1ccb737eb6d972c9dd75ed77d4_000.png']",0.10484031315059184
airplane,airplane_train_c1,airplane_c1_train_aeb538b2f1c36a8d9e811b082458229e_2,0,"['airplane_b54d9c1ccb737eb6d972c9dd75ed77d4_000.png', 'airplane_aeb538b2f1c36a8d9e811b082458229e_003.png', 'airplane_aeb538b2f1c36a8d9e811b082458229e_000.png']",0.10484031315059184
airplane,airplane_train_c1,airplane_c1_train_76eaa5ea5f272c2f5986032c1ed37f74_0,2,"['airplane_76eaa5ea5f272c2f5986032c1ed37f74_002.png', 'airplane_76eaa5ea5f272c2f5986032c1ed37f74_003.png', 'airplane_1c16739bbf3fa7c44276157eea5f8676_008.png']",0.12875575209253043
airplane,airplane_train_c1,airplane_c1_train_76eaa5ea5f272c2f5986032c1ed37f74_1,1,"['airplane_76eaa5ea5f272c2f5986032c1ed37f74_005.png', 'airplane_7bd76c17b7194d571aa9d8d95b6740cc_008.png', 'airplane_76eaa5ea5f272c2f5986032c1ed37f74_000.png']",0.1561542693600032
airplane,airplane_train_c1,airplane_c1_train_76eaa5ea5f272c2f5986032c1ed37f74_2,2,"['airplane_76eaa5ea5f272c2f5986032c1ed37f74_010.png', 'airplane_76eaa5ea5f272c2f5986032c1ed37f74_005.png', 'airplane_7bd76c17b7194d571aa9d8d95b6740cc_004.png']",0.1561542693600032
airplane,airplane_train_c1,airplane_c1_train_d23eecb0437107756c63b8b48495261a_0,2,"['airplane_d23eecb0437107756c63b8b48495261a_014.png', 'airplane_d23eecb0437107756c63b8b48495261a_005.png', 'airplane_12e6e5f07b3aad3c5b9f44d7cd72a051_004.png']",0.09497271626991399
airplane,airplane_train_c1,airplane_c1_train_d23eecb0437107756c63b8b48495261a_1,0,"['airplane_8da50272a54dee98d972c9dd75ed77d4_005.png', 'airplane_d23eecb0437107756c63b8b48495261a_000.png', 'airplane_d23eecb0437107756c63b8b48495261a_011.png']",0.12610055452659352
airplane,airplane_train_c1,airplane_c1_train_d23eecb0437107756c63b8b48495261a_2,1,"['airplane_d23eecb0437107756c63b8b48495261a_014.png', 'airplane_8da50272a54dee98d972c9dd75ed77d4_005.png', 'airplane_d23eecb0437107756c63b8b48495261a_012.png']",0.12610055452659352
airplane,airplane_train_c1,airplane_c1_train_89a6af782a025acc62b600da24e0965_0,2,"['airplane_89a6af782a025acc62b600da24e0965_000.png', 'airplane_89a6af782a025acc62b600da24e0965_006.png', 'airplane_7bd76c17b7194d571aa9d8d95b6740cc_002.png']",0.08842594565402084
airplane,airplane_train_c1,airplane_c1_train_89a6af782a025acc62b600da24e0965_1,1,"['airplane_89a6af782a025acc62b600da24e0965_014.png', 'airplane_b9fabfa6d5fedbc3a8e091cb544689d5_012.png', 'airplane_89a6af782a025acc62b600da24e0965_003.png']",0.10496716359604419
airplane,airplane_train_c1,airplane_c1_train_89a6af782a025acc62b600da24e0965_2,1,"['airplane_89a6af782a025acc62b600da24e0965_000.png', 'airplane_320e639572e8b9ceca504cdc40c452de_002.png', 'airplane_89a6af782a025acc62b600da24e0965_014.png']",0.08516882296446371
airplane,airplane_train_c1,airplane_c1_train_48d03ffabd0399f4303510f9a56d94fe_0,1,"['airplane_48d03ffabd0399f4303510f9a56d94fe_009.png', 'airplane_320e639572e8b9ceca504cdc40c452de_010.png', 'airplane_48d03ffabd0399f4303510f9a56d94fe_000.png']",0.09269493958591035
airplane,airplane_train_c1,airplane_c1_train_48d03ffabd0399f4303510f9a56d94fe_1,2,"['airplane_48d03ffabd0399f4303510f9a56d94fe_009.png', 'airplane_48d03ffabd0399f4303510f9a56d94fe_001.png', 'airplane_1c16739bbf3fa7c44276157eea5f8676_010.png']",0.0820761262765668
airplane,airplane_train_c1,airplane_c1_train_48d03ffabd0399f4303510f9a56d94fe_2,0,"['airplane_7bd76c17b7194d571aa9d8d95b6740cc_003.png', 'airplane_48d03ffabd0399f4303510f9a56d94fe_003.png', 'airplane_48d03ffabd0399f4303510f9a56d94fe_005.png']",0.04500267520873813
airplane,airplane_train_c1,airplane_c1_train_78c3a29d1153e68e5fa2a5df3ce5bc40_0,2,"['airplane_78c3a29d1153e68e5fa2a5df3ce5bc40_001.png', 'airplane_78c3a29d1153e68e5fa2a5df3ce5bc40_004.png', 'airplane_8da50272a54dee98d972c9dd75ed77d4_012.png']",0.18537814246038942
airplane,airplane_train_c1,airplane_c1_train_78c3a29d1153e68e5fa2a5df3ce5bc40_1,0,"['airplane_b54d9c1ccb737eb6d972c9dd75ed77d4_007.png', 'airplane_78c3a29d1153e68e5fa2a5df3ce5bc40_008.png', 'airplane_78c3a29d1153e68e5fa2a5df3ce5bc40_000.png']",0.18779404285874313
airplane,airplane_train_c1,airplane_c1_train_78c3a29d1153e68e5fa2a5df3ce5bc40_2,0,"['airplane_b9fabfa6d5fedbc3a8e091cb544689d5_014.png', 'airplane_78c3a29d1153e68e5fa2a5df3ce5bc40_001.png', 'airplane_78c3a29d1153e68e5fa2a5df3ce5bc40_013.png']",0.2014816434513016
airplane,airplane_train_c1,airplane_c1_train_3d2e10ca9a5db964dc398f7f89f37ee6_0,1,"['airplane_3d2e10ca9a5db964dc398f7f89f37ee6_005.png', 'airplane_d1119217281b8475fe755e3418b63110_002.png', 'airplane_3d2e10ca9a5db964dc398f7f89f37ee6_004.png']",0.13645832871350128
airplane,airplane_train_c1,airplane_c1_train_3d2e10ca9a5db964dc398f7f89f37ee6_1,1,"['airplane_3d2e10ca9a5db964dc398f7f89f37ee6_008.png', 'airplane_7bd76c17b7194d571aa9d8d95b6740cc_005.png', 'airplane_3d2e10ca9a5db964dc398f7f89f37ee6_001.png']",0.10798964212376438
airplane,airplane_train_c1,airplane_c1_train_3d2e10ca9a5db964dc398f7f89f37ee6_2,0,"['airplane_6ca6c7920c62773073d96deff5ddb8e5_003.png', 'airplane_3d2e10ca9a5db964dc398f7f89f37ee6_012.png', 'airplane_3d2e10ca9a5db964dc398f7f89f37ee6_007.png']",0.08264904465797829
airplane,airplane_train_c1,airplane_c1_train_1284eb71b82f6794207f77cc6c79e3d5_0,2,"['airplane_1284eb71b82f6794207f77cc6c79e3d5_007.png', 'airplane_1284eb71b82f6794207f77cc6c79e3d5_013.png', 'airplane_d23eecb0437107756c63b8b48495261a_004.png']",0.3058628016334539
airplane,airplane_train_c1,airplane_c1_train_1284eb71b82f6794207f77cc6c79e3d5_1,2,"['airplane_1284eb71b82f6794207f77cc6c79e3d5_010.png', 'airplane_1284eb71b82f6794207f77cc6c79e3d5_006.png', 'airplane_78c3a29d1153e68e5fa2a5df3ce5bc40_009.png']",0.32045870398436904
airplane,airplane_train_c1,airplane_c1_train_1284eb71b82f6794207f77cc6c79e3d5_2,2,"['airplane_1284eb71b82f6794207f77cc6c79e3d5_001.png', 'airplane_1284eb71b82f6794207f77cc6c79e3d5_002.png', 'airplane_d23eecb0437107756c63b8b48495261a_000.png']",0.3058628016334539
airplane,airplane_train_c1,airplane_c1_train_12e6e5f07b3aad3c5b9f44d7cd72a051_0,0,"['airplane_310f0957ae1436d88025a4ffa6c0c22b_014.png', 'airplane_12e6e5f07b3aad3c5b9f44d7cd72a051_013.png', 'airplane_12e6e5f07b3aad3c5b9f44d7cd72a051_010.png']",0.08774377130507172
airplane,airplane_train_c1,airplane_c1_train_12e6e5f07b3aad3c5b9f44d7cd72a051_1,2,"['airplane_12e6e5f07b3aad3c5b9f44d7cd72a051_011.png', 'airplane_12e6e5f07b3aad3c5b9f44d7cd72a051_009.png', 'airplane_b54d9c1ccb737eb6d972c9dd75ed77d4_000.png']",0.09121550089082642
airplane,airplane_train_c1,airplane_c1_train_12e6e5f07b3aad3c5b9f44d7cd72a051_2,1,"['airplane_12e6e5f07b3aad3c5b9f44d7cd72a051_003.png', 'airplane_b54d9c1ccb737eb6d972c9dd75ed77d4_008.png', 'airplane_12e6e5f07b3aad3c5b9f44d7cd72a051_005.png']",0.09121550089082642
airplane,airplane_train_c1,airplane_c1_train_6ed172205a9805b8dd9eb6c0ee8316a3_0,1,"['airplane_6ed172205a9805b8dd9eb6c0ee8316a3_009.png', 'airplane_1c16739bbf3fa7c44276157eea5f8676_013.png', 'airplane_6ed172205a9805b8dd9eb6c0ee8316a3_011.png']",0.2050490939062799
airplane,airplane_train_c1,airplane_c1_train_6ed172205a9805b8dd9eb6c0ee8316a3_1,2,"['airplane_6ed172205a9805b8dd9eb6c0ee8316a3_005.png', 'airplane_6ed172205a9805b8dd9eb6c0ee8316a3_014.png', 'airplane_a211208ba6b752b1e75e6a02e772bcee_013.png']",0.16798770017710873
airplane,airplane_train_c1,airplane_c1_train_6ed172205a9805b8dd9eb6c0ee8316a3_2,0,"['airplane_1c16739bbf3fa7c44276157eea5f8676_006.png', 'airplane_6ed172205a9805b8dd9eb6c0ee8316a3_002.png', 'airplane_6ed172205a9805b8dd9eb6c0ee8316a3_011.png']",0.2050490939062799
airplane,airplane_train_c1,airplane_c1_train_7bd76c17b7194d571aa9d8d95b6740cc_0,2,"['airplane_7bd76c17b7194d571aa9d8d95b6740cc_012.png', 'airplane_7bd76c17b7194d571aa9d8d95b6740cc_008.png', 'airplane_d1119217281b8475fe755e3418b63110_013.png']",0.05611711757260818
airplane,airplane_train_c1,airplane_c1_train_7bd76c17b7194d571aa9d8d95b6740cc_1,2,"['airplane_7bd76c17b7194d571aa9d8d95b6740cc_008.png', 'airplane_7bd76c17b7194d571aa9d8d95b6740cc_003.png', 'airplane_d1119217281b8475fe755e3418b63110_004.png']",0.05611711757260818
airplane,airplane_train_c1,airplane_c1_train_7bd76c17b7194d571aa9d8d95b6740cc_2,0,"['airplane_d1119217281b8475fe755e3418b63110_002.png', 'airplane_7bd76c17b7194d571aa9d8d95b6740cc_003.png', 'airplane_7bd76c17b7194d571aa9d8d95b6740cc_014.png']",0.05611711757260818
airplane,airplane_train_c1,airplane_c1_train_61fe19a62a786c96950d2b3eef73a70e_0,0,"['airplane_c5d748c352d8eeeb3d4e343a1ac21b93_009.png', 'airplane_61fe19a62a786c96950d2b3eef73a70e_009.png', 'airplane_61fe19a62a786c96950d2b3eef73a70e_006.png']",0.17853615869411765
airplane,airplane_train_c1,airplane_c1_train_61fe19a62a786c96950d2b3eef73a70e_1,0,"['airplane_6ed172205a9805b8dd9eb6c0ee8316a3_006.png', 'airplane_61fe19a62a786c96950d2b3eef73a70e_003.png', 'airplane_61fe19a62a786c96950d2b3eef73a70e_004.png']",0.1979688754656691
airplane,airplane_train_c1,airplane_c1_train_61fe19a62a786c96950d2b3eef73a70e_2,0,"['airplane_6ed172205a9805b8dd9eb6c0ee8316a3_007.png', 'airplane_61fe19a62a786c96950d2b3eef73a70e_006.png', 'airplane_61fe19a62a786c96950d2b3eef73a70e_001.png']",0.1979688754656691
airplane,airplane_train_c1,airplane_c1_train_320e639572e8b9ceca504cdc40c452de_0,1,"['airplane_320e639572e8b9ceca504cdc40c452de_013.png', 'airplane_8da50272a54dee98d972c9dd75ed77d4_003.png', 'airplane_320e639572e8b9ceca504cdc40c452de_003.png']",0.06437927459688486
airplane,airplane_train_c1,airplane_c1_train_320e639572e8b9ceca504cdc40c452de_1,1,"['airplane_320e639572e8b9ceca504cdc40c452de_008.png', 'airplane_7bd76c17b7194d571aa9d8d95b6740cc_009.png', 'airplane_320e639572e8b9ceca504cdc40c452de_004.png']",0.049411584935322606
airplane,airplane_train_c1,airplane_c1_train_320e639572e8b9ceca504cdc40c452de_2,2,"['airplane_320e639572e8b9ceca504cdc40c452de_011.png', 'airplane_320e639572e8b9ceca504cdc40c452de_007.png', 'airplane_8da50272a54dee98d972c9dd75ed77d4_008.png']",0.06437927459688486
airplane,airplane_train_c1,airplane_c1_train_a211208ba6b752b1e75e6a02e772bcee_0,1,"['airplane_a211208ba6b752b1e75e6a02e772bcee_008.png', 'airplane_d1119217281b8475fe755e3418b63110_008.png', 'airplane_a211208ba6b752b1e75e6a02e772bcee_010.png']",0.03820230625467258
airplane,airplane_train_c1,airplane_c1_train_a211208ba6b752b1e75e6a02e772bcee_1,1,"['airplane_a211208ba6b752b1e75e6a02e772bcee_000.png', 'airplane_1c16739bbf3fa7c44276157eea5f8676_010.png', 'airplane_a211208ba6b752b1e75e6a02e772bcee_010.png']",0.058752167531438415
airplane,airplane_train_c1,airplane_c1_train_a211208ba6b752b1e75e6a02e772bcee_2,2,"['airplane_a211208ba6b752b1e75e6a02e772bcee_014.png', 'airplane_a211208ba6b752b1e75e6a02e772bcee_012.png', 'airplane_7bd76c17b7194d571aa9d8d95b6740cc_004.png']",0.06875991727689068
airplane,airplane_train_c1,airplane_c1_train_310f0957ae1436d88025a4ffa6c0c22b_0,0,"['airplane_9267c510247327a2297d46b42718e32f_014.png', 'airplane_310f0957ae1436d88025a4ffa6c0c22b_013.png', 'airplane_310f0957ae1436d88025a4ffa6c0c22b_010.png']",0.07547066835180116
airplane,airplane_train_c1,airplane_c1_train_310f0957ae1436d88025a4ffa6c0c22b_1,0,"['airplane_6ca6c7920c62773073d96deff5ddb8e5_005.png', 'airplane_310f0957ae1436d88025a4ffa6c0c22b_002.png', 'airplane_310f0957ae1436d88025a4ffa6c0c22b_000.png']",0.0675463171706131
airplane,airplane_train_c1,airplane_c1_train_310f0957ae1436d88025a4ffa6c0c22b_2,2,"['airplane_310f0957ae1436d88025a4ffa6c0c22b_002.png', 'airplane_310f0957ae1436d88025a4ffa6c0c22b_001.png', 'airplane_320e639572e8b9ceca504cdc40c452de_000.png']",0.05446364267789494
airplane,airplane_train_c1,airplane_c1_train_a991428cd388fa7278afdab27190395e_0,0,"['airplane_d1119217281b8475fe755e3418b63110_003.png', 'airplane_a991428cd388fa7278afdab27190395e_005.png', 'airplane_a991428cd388fa7278afdab27190395e_011.png']",0.14500023263854978
airplane,airplane_train_c1,airplane_c1_train_a991428cd388fa7278afdab27190395e_1,1,"['airplane_a991428cd388fa7278afdab27190395e_005.png', 'airplane_8da50272a54dee98d972c9dd75ed77d4_005.png', 'airplane_a991428cd388fa7278afdab27190395e_012.png']",0.1510731859853366
airplane,airplane_train_c1,airplane_c1_train_a991428cd388fa7278afdab27190395e_2,2,"['airplane_a991428cd388fa7278afdab27190395e_006.png', 'airplane_a991428cd388fa7278afdab27190395e_001.png', 'airplane_b54d9c1ccb737eb6d972c9dd75ed77d4_007.png']",0.15034834023215493
airplane,airplane_train_c1,airplane_c1_train_d1119217281b8475fe755e3418b63110_0,1,"['airplane_d1119217281b8475fe755e3418b63110_004.png', 'airplane_48d03ffabd0399f4303510f9a56d94fe_008.png', 'airplane_d1119217281b8475fe755e3418b63110_007.png']",0.04269748793950767
airplane,airplane_train_c1,airplane_c1_train_d1119217281b8475fe755e3418b63110_1,0,"['airplane_1c16739bbf3fa7c44276157eea5f8676_000.png', 'airplane_d1119217281b8475fe755e3418b63110_006.png', 'airplane_d1119217281b8475fe755e3418b63110_004.png']",0.0627207166188718
airplane,airplane_train_c1,airplane_c1_train_d1119217281b8475fe755e3418b63110_2,2,"['airplane_d1119217281b8475fe755e3418b63110_000.png', 'airplane_d1119217281b8475fe755e3418b63110_007.png', 'airplane_a211208ba6b752b1e75e6a02e772bcee_012.png']",0.03820230625467258
airplane,airplane_train_c1,airplane_c1_train_b54d9c1ccb737eb6d972c9dd75ed77d4_0,1,"['airplane_b54d9c1ccb737eb6d972c9dd75ed77d4_010.png', 'airplane_9267c510247327a2297d46b42718e32f_001.png', 'airplane_b54d9c1ccb737eb6d972c9dd75ed77d4_002.png']",0.0027483666952961006
airplane,airplane_train_c1,airplane_c1_train_b54d9c1ccb737eb6d972c9dd75ed77d4_1,2,"['airplane_b54d9c1ccb737eb6d972c9dd75ed77d4_003.png', 'airplane_b54d9c1ccb737eb6d972c9dd75ed77d4_002.png', 'airplane_310f0957ae1436d88025a4ffa6c0c22b_007.png']",0.07268272681351906
airplane,airplane_train_c1,airplane_c1_train_b54d9c1ccb737eb6d972c9dd75ed77d4_2,1,"['airplane_b54d9c1ccb737eb6d972c9dd75ed77d4_011.png', 'airplane_320e639572e8b9ceca504cdc40c452de_002.png', 'airplane_b54d9c1ccb737eb6d972c9dd75ed77d4_002.png']",0.06097681079499917
airplane,airplane_train_c1,airplane_c1_train_1c16739bbf3fa7c44276157eea5f8676_0,1,"['airplane_1c16739bbf3fa7c44276157eea5f8676_004.png', 'airplane_a211208ba6b752b1e75e6a02e772bcee_014.png', 'airplane_1c16739bbf3fa7c44276157eea5f8676_014.png']",0.058752167531438415
airplane,airplane_train_c1,airplane_c1_train_1c16739bbf3fa7c44276157eea5f8676_1,1,"['airplane_1c16739bbf3fa7c44276157eea5f8676_007.png', 'airplane_7bd76c17b7194d571aa9d8d95b6740cc_013.png', 'airplane_1c16739bbf3fa7c44276157eea5f8676_011.png']",0.06590511648755493
airplane,airplane_train_c1,airplane_c1_train_1c16739bbf3fa7c44276157eea5f8676_2,1,"['airplane_1c16739bbf3fa7c44276157eea5f8676_001.png', 'airplane_aeb538b2f1c36a8d9e811b082458229e_002.png', 'airplane_1c16739bbf3fa7c44276157eea5f8676_006.png']",0.10049895746560167
airplane,airplane_train_c1,airplane_c1_train_8da50272a54dee98d972c9dd75ed77d4_0,0,"['airplane_9267c510247327a2297d46b42718e32f_012.png', 'airplane_8da50272a54dee98d972c9dd75ed77d4_006.png', 'airplane_8da50272a54dee98d972c9dd75ed77d4_008.png']",3.683718698033189e-05
airplane,airplane_train_c1,airplane_c1_train_8da50272a54dee98d972c9dd75ed77d4_1,1,"['airplane_8da50272a54dee98d972c9dd75ed77d4_008.png', 'airplane_7bd76c17b7194d571aa9d8d95b6740cc_008.png', 'airplane_8da50272a54dee98d972c9dd75ed77d4_014.png']",0.07435140468967505
airplane,airplane_train_c1,airplane_c1_train_8da50272a54dee98d972c9dd75ed77d4_2,0,"['airplane_9267c510247327a2297d46b42718e32f_005.png', 'airplane_8da50272a54dee98d972c9dd75ed77d4_007.png', 'airplane_8da50272a54dee98d972c9dd75ed77d4_012.png']",3.683718698033189e-05
airplane,airplane_train_c1,airplane_c1_train_c5d748c352d8eeeb3d4e343a1ac21b93_0,1,"['airplane_c5d748c352d8eeeb3d4e343a1ac21b93_004.png', 'airplane_61fe19a62a786c96950d2b3eef73a70e_013.png', 'airplane_c5d748c352d8eeeb3d4e343a1ac21b93_006.png']",0.17853615869411765
airplane,airplane_train_c1,airplane_c1_train_c5d748c352d8eeeb3d4e343a1ac21b93_1,1,"['airplane_c5d748c352d8eeeb3d4e343a1ac21b93_008.png', 'airplane_a211208ba6b752b1e75e6a02e772bcee_014.png', 'airplane_c5d748c352d8eeeb3d4e343a1ac21b93_006.png']",0.10982833574216389
airplane,airplane_train_c1,airplane_c1_train_c5d748c352d8eeeb3d4e343a1ac21b93_2,2,"['airplane_c5d748c352d8eeeb3d4e343a1ac21b93_003.png', 'airplane_c5d748c352d8eeeb3d4e343a1ac21b93_001.png', 'airplane_48d03ffabd0399f4303510f9a56d94fe_009.png']",0.1422913767217171
airplane,airplane_train_c1,airplane_c1_train_3b0efeb0891a9686ca9f0727e23831d9_0,2,"['airplane_3b0efeb0891a9686ca9f0727e23831d9_010.png', 'airplane_3b0efeb0891a9686ca9f0727e23831d9_002.png', 'airplane_320e639572e8b9ceca504cdc40c452de_004.png']",0.17917735692632175
airplane,airplane_train_c1,airplane_c1_train_3b0efeb0891a9686ca9f0727e23831d9_1,0,"['airplane_9267c510247327a2297d46b42718e32f_011.png', 'airplane_3b0efeb0891a9686ca9f0727e23831d9_006.png', 'airplane_3b0efeb0891a9686ca9f0727e23831d9_010.png']",0.14834113768089097
airplane,airplane_train_c1,airplane_c1_train_3b0efeb0891a9686ca9f0727e23831d9_2,2,"['airplane_3b0efeb0891a9686ca9f0727e23831d9_013.png', 'airplane_3b0efeb0891a9686ca9f0727e23831d9_012.png', 'airplane_9267c510247327a2297d46b42718e32f_004.png']",0.14834113768089097
airplane,airplane_train_c2,airplane_c2_train_65511fdb2afad900203936772104a82d_0,2,"['airplane_65511fdb2afad900203936772104a82d_004.png', 'airplane_65511fdb2afad900203936772104a82d_002.png', 'airplane_d21c556af88582754c3a35cee92bb95b_007.png']",0.05243895710608826
airplane,airplane_train_c2,airplane_c2_train_65511fdb2afad900203936772104a82d_1,0,"['airplane_c8b848f32a850b15e816c75152573ee0_005.png', 'airplane_65511fdb2afad900203936772104a82d_009.png', 'airplane_65511fdb2afad900203936772104a82d_013.png']",0.04688662964082402
airplane,airplane_train_c2,airplane_c2_train_65511fdb2afad900203936772104a82d_2,1,"['airplane_65511fdb2afad900203936772104a82d_006.png', 'airplane_c8b848f32a850b15e816c75152573ee0_001.png', 'airplane_65511fdb2afad900203936772104a82d_000.png']",0.04688662964082402
airplane,airplane_train_c2,airplane_c2_train_6311138687290f8a505ae8d422ba349d_0,0,"['airplane_8e47730a471abb7f43afdb9c81ff2967_014.png', 'airplane_6311138687290f8a505ae8d422ba349d_011.png', 'airplane_6311138687290f8a505ae8d422ba349d_001.png']",0.1101350488532159
airplane,airplane_train_c2,airplane_c2_train_6311138687290f8a505ae8d422ba349d_1,1,"['airplane_6311138687290f8a505ae8d422ba349d_001.png', 'airplane_7d89d64afbb5b24056dd1ba442ba87e2_013.png', 'airplane_6311138687290f8a505ae8d422ba349d_010.png']",0.12349182204939424
airplane,airplane_train_c2,airplane_c2_train_6311138687290f8a505ae8d422ba349d_2,0,"['airplane_146533404a778665c93b40751084c22_012.png', 'airplane_6311138687290f8a505ae8d422ba349d_002.png', 'airplane_6311138687290f8a505ae8d422ba349d_014.png']",0.11536882487384792
airplane,airplane_train_c2,airplane_c2_train_5011e352793d063f26360e1e29a956c7_0,1,"['airplane_5011e352793d063f26360e1e29a956c7_000.png', 'airplane_50da48c8e7644508fca1f1143bb6bc17_014.png', 'airplane_5011e352793d063f26360e1e29a956c7_004.png']",0.02088521082936956
airplane,airplane_train_c2,airplane_c2_train_5011e352793d063f26360e1e29a956c7_1,0,"['airplane_ac4774b7a9fd06d55e6724a7c6e30991_012.png', 'airplane_5011e352793d063f26360e1e29a956c7_002.png', 'airplane_5011e352793d063f26360e1e29a956c7_003.png']",0.010927912079443991
airplane,airplane_train_c2,airplane_c2_train_5011e352793d063f26360e1e29a956c7_2,1,"['airplane_5011e352793d063f26360e1e29a956c7_012.png', 'airplane_839a950d0264cbb89a162c818d22a620_014.png', 'airplane_5011e352793d063f26360e1e29a956c7_011.png']",0.029758399274576353
airplane,airplane_train_c2,airplane_c2_train_4ad92be763c2ded8fca1f1143bb6bc17_0,0,"['airplane_9f5dda6f01bbe29bf810506e9ae2dcc2_004.png', 'airplane_4ad92be763c2ded8fca1f1143bb6bc17_010.png', 'airplane_4ad92be763c2ded8fca1f1143bb6bc17_014.png']",0.015412780041564766
airplane,airplane_train_c2,airplane_c2_train_4ad92be763c2ded8fca1f1143bb6bc17_1,1,"['airplane_4ad92be763c2ded8fca1f1143bb6bc17_007.png', 'airplane_7d89d64afbb5b24056dd1ba442ba87e2_003.png', 'airplane_4ad92be763c2ded8fca1f1143bb6bc17_011.png']",0.00014511076191559003
airplane,airplane_train_c2,airplane_c2_train_4ad92be763c2ded8fca1f1143bb6bc17_2,2,"['airplane_4ad92be763c2ded8fca1f1143bb6bc17_014.png', 'airplane_4ad92be763c2ded8fca1f1143bb6bc17_006.png', 'airplane_63c78352b218c01a995425f067333fd3_003.png']",0.01026600226907104
airplane,airplane_train_c2,airplane_c2_train_146533404a778665c93b40751084c22_0,0,"['airplane_63c78352b218c01a995425f067333fd3_014.png', 'airplane_146533404a778665c93b40751084c22_002.png', 'airplane_146533404a778665c93b40751084c22_001.png']",0.027391520470043895
airplane,airplane_train_c2,airplane_c2_train_146533404a778665c93b40751084c22_1,2,"['airplane_146533404a778665c93b40751084c22_010.png', 'airplane_146533404a778665c93b40751084c22_004.png', 'airplane_839a950d0264cbb89a162c818d22a620_002.png']",0.022982100137265093
airplane,airplane_train_c2,airplane_c2_train_146533404a778665c93b40751084c22_2,0,"['airplane_4ad92be763c2ded8fca1f1143bb6bc17_001.png', 'airplane_146533404a778665c93b40751084c22_009.png', 'airplane_146533404a778665c93b40751084c22_014.png']",0.03030982347696387
airplane,airplane_train_c2,airplane_c2_train_39ae262853031e42aedf20f7099e25c5_0,1,"['airplane_39ae262853031e42aedf20f7099e25c5_009.png', 'airplane_34ef846a22c6a6ac5e9e2656aff7dd5b_003.png', 'airplane_39ae262853031e42aedf20f7099e25c5_002.png']",0.11136077590837445
airplane,airplane_train_c2,airplane_c2_train_39ae262853031e42aedf20f7099e25c5_1,2,"['airplane_39ae262853031e42aedf20f7099e25c5_000.png', 'airplane_39ae262853031e42aedf20f7099e25c5_002.png', 'airplane_34ef846a22c6a6ac5e9e2656aff7dd5b_005.png']",0.11136077590837445
airplane,airplane_train_c2,airplane_c2_train_39ae262853031e42aedf20f7099e25c5_2,0,"['airplane_75b151efa363c18d94b9c9a92aa36f8c_002.png', 'airplane_39ae262853031e42aedf20f7099e25c5_007.png', 'airplane_39ae262853031e42aedf20f7099e25c5_005.png']",0.1080426021927422
airplane,airplane_train_c2,airplane_c2_train_f8bc6483dd3c87085df50a69f2f8e096_0,1,"['airplane_f8bc6483dd3c87085df50a69f2f8e096_009.png', 'airplane_5011e352793d063f26360e1e29a956c7_008.png', 'airplane_f8bc6483dd3c87085df50a69f2f8e096_003.png']",0.06968059444771602
airplane,airplane_train_c2,airplane_c2_train_f8bc6483dd3c87085df50a69f2f8e096_1,2,"['airplane_f8bc6483dd3c87085df50a69f2f8e096_010.png', 'airplane_f8bc6483dd3c87085df50a69f2f8e096_005.png', 'airplane_a281b2664e7e5b2fad9d7d48f3cddb17_003.png']",0.08671805003398803
airplane,airplane_train_c2,airplane_c2_train_f8bc6483dd3c87085df50a69f2f8e096_2,0,"['airplane_146533404a778665c93b40751084c22_005.png', 'airplane_f8bc6483dd3c87085df50a69f2f8e096_009.png', 'airplane_f8bc6483dd3c87085df50a69f2f8e096_006.png']",0.061321380400107484
airplane,airplane_train_c2,airplane_c2_train_9f5dda6f01bbe29bf810506e9ae2dcc2_0,1,"['airplane_9f5dda6f01bbe29bf810506e9ae2dcc2_001.png', 'airplane_c8b848f32a850b15e816c75152573ee0_013.png', 'airplane_9f5dda6f01bbe29bf810506e9ae2dcc2_004.png']",0.0012433853373785553
airplane,airplane_train_c2,airplane_c2_train_9f5dda6f01bbe29bf810506e9ae2dcc2_1,0,"['airplane_75b151efa363c18d94b9c9a92aa36f8c_013.png', 'airplane_9f5dda6f01bbe29bf810506e9ae2dcc2_007.png', 'airplane_9f5dda6f01bbe29bf810506e9ae2dcc2_001.png']",0.008614978471304768
airplane,airplane_train_c2,airplane_c2_train_9f5dda6f01bbe29bf810506e9ae2dcc2_2,2,"['airplane_9f5dda6f01bbe29bf810506e9ae2dcc2_004.png', 'airplane_9f5dda6f01bbe29bf810506e9ae2dcc2_002.png', 'airplane_34ef846a22c6a6ac5e9e2656aff7dd5b_009.png']",0.007074015320887805
airplane,airplane_train_c2,airplane_c2_train_c8b848f32a850b15e816c75152573ee0_0,2,"['airplane_c8b848f32a850b15e816c75152573ee0_003.png', 'airplane_c8b848f32a850b15e816c75152573ee0_014.png', 'airplane_d21c556af88582754c3a35cee92bb95b_008.png']",0.010851391187285175
airplane,airplane_train_c2,airplane_c2_train_c8b848f32a850b15e816c75152573ee0_1,2,"['airplane_c8b848f32a850b15e816c75152573ee0_002.png', 'airplane_c8b848f32a850b15e816c75152573ee0_001.png', 'airplane_3391c664149308cb4f95630cc18536e0_009.png']",0.010313624494838525
airplane,airplane_train_c2,airplane_c2_train_c8b848f32a850b15e816c75152573ee0_2,0,"['airplane_34ef846a22c6a6ac5e9e2656aff7dd5b_009.png', 'airplane_c8b848f32a850b15e816c75152573ee0_002.png', 'airplane_c8b848f32a850b15e816c75152573ee0_000.png']",0.006552259523743165
airplane,airplane_train_c2,airplane_c2_train_7d89d64afbb5b24056dd1ba442ba87e2_0,1,"['airplane_7d89d64afbb5b24056dd1ba442ba87e2_011.png', 'airplane_63c78352b218c01a995425f067333fd3_004.png', 'airplane_7d89d64afbb5b24056dd1ba442ba87e2_004.png']",0.01070774689444498
airplane,airplane_train_c2,airplane_c2_train_7d89d64afbb5b24056dd1ba442ba87e2_1,0,"['airplane_9f5dda6f01bbe29bf810506e9ae2dcc2_003.png', 'airplane_7d89d64afbb5b24056dd1ba442ba87e2_002.png', 'airplane_7d89d64afbb5b24056dd1ba442ba87e2_003.png']",0.014857510027934784
airplane,airplane_train_c2,airplane_c2_train_7d89d64afbb5b24056dd1ba442ba87e2_2,2,"['airplane_7d89d64afbb5b24056dd1ba442ba87e2_013.png', 'airplane_7d89d64afbb5b24056dd1ba442ba87e2_005.png', 'airplane_4ad92be763c2ded8fca1f1143bb6bc17_006.png']",0.00014511076191559003
airplane,airplane_train_c2,airplane_c2_train_e216667457193c729a6e43b878d5b335_0,2,"['airplane_e216667457193c729a6e43b878d5b335_008.png', 'airplane_e216667457193c729a6e43b878d5b335_011.png', 'airplane_6311138687290f8a505ae8d422ba349d_001.png']",0.16399856736647833
airplane,airplane_train_c2,airplane_c2_train_e216667457193c729a6e43b878d5b335_1,0,"['airplane_146533404a778665c93b40751084c22_006.png', 'airplane_e216667457193c729a6e43b878d5b335_001.png', 'airplane_e216667457193c729a6e43b878d5b335_007.png']",0.18716865714267106
airplane,airplane_train_c2,airplane_c2_train_e216667457193c729a6e43b878d5b335_2,1,"['airplane_e216667457193c729a6e43b878d5b335_007.png', 'airplane_146533404a778665c93b40751084c22_006.png', 'airplane_e216667457193c729a6e43b878d5b335_001.png']",0.18716865714267106
airplane,airplane_train_c2,airplane_c2_train_ac4774b7a9fd06d55e6724a7c6e30991_0,2,"['airplane_ac4774b7a9fd06d55e6724a7c6e30991_003.png', 'airplane_ac4774b7a9fd06d55e6724a7c6e30991_004.png', 'airplane_839a950d0264cbb89a162c818d22a620_003.png']",0.04357769544296208
airplane,airplane_train_c2,airplane_c2_train_ac4774b7a9fd06d55e6724a7c6e30991_1,0,"['airplane_209e9845a482333c77c06b43df2749d_013.png', 'airplane_ac4774b7a9fd06d55e6724a7c6e30991_013.png', 'airplane_ac4774b7a9fd06d55e6724a7c6e30991_006.png']",0.010910652870344983
airplane,airplane_train_c2,airplane_c2_train_ac4774b7a9fd06d55e6724a7c6e30991_2,0,"['airplane_839a950d0264cbb89a162c818d22a620_009.png', 'airplane_ac4774b7a9fd06d55e6724a7c6e30991_009.png', 'airplane_ac4774b7a9fd06d55e6724a7c6e30991_007.png']",0.04357769544296208
airplane,airplane_train_c2,airplane_c2_train_63c78352b218c01a995425f067333fd3_0,0,"['airplane_7d89d64afbb5b24056dd1ba442ba87e2_010.png', 'airplane_63c78352b218c01a995425f067333fd3_010.png', 'airplane_63c78352b218c01a995425f067333fd3_011.png']",0.01070774689444498
airplane,airplane_train_c2,airplane_c2_train_63c78352b218c01a995425f067333fd3_1,1,"['airplane_63c78352b218c01a995425f067333fd3_012.png', 'airplane_7d89d64afbb5b24056dd1ba442ba87e2_001.png', 'airplane_63c78352b218c01a995425f067333fd3_003.png']",0.01070774689444498
airplane,airplane_train_c2,airplane_c2_train_63c78352b218c01a995425f067333fd3_2,1,"['airplane_63c78352b218c01a995425f067333fd3_006.png', 'airplane_4ad92be763c2ded8fca1f1143bb6bc17_009.png', 'airplane_63c78352b218c01a995425f067333fd3_011.png']",0.01026600226907104
airplane,airplane_train_c2,airplane_c2_train_34ef846a22c6a6ac5e9e2656aff7dd5b_0,1,"['airplane_34ef846a22c6a6ac5e9e2656aff7dd5b_008.png', 'airplane_c8b848f32a850b15e816c75152573ee0_000.png', 'airplane_34ef846a22c6a6ac5e9e2656aff7dd5b_011.png']",0.006552259523743165
airplane,airplane_train_c2,airplane_c2_train_34ef846a22c6a6ac5e9e2656aff7dd5b_1,1,"['airplane_34ef846a22c6a6ac5e9e2656aff7dd5b_003.png', 'airplane_3391c664149308cb4f95630cc18536e0_002.png', 'airplane_34ef846a22c6a6ac5e9e2656aff7dd5b_013.png']",0.0027425008649148985
airplane,airplane_train_c2,airplane_c2_train_34ef846a22c6a6ac5e9e2656aff7dd5b_2,0,"['airplane_75b151efa363c18d94b9c9a92aa36f8c_005.png', 'airplane_34ef846a22c6a6ac5e9e2656aff7dd5b_004.png', 'airplane_34ef846a22c6a6ac5e9e2656aff7dd5b_009.png']",0.006784354190697339
airplane,airplane_train_c2,airplane_c2_train_8e47730a471abb7f43afdb9c81ff2967_0,0,"['airplane_9f5dda6f01bbe29bf810506e9ae2dcc2_005.png', 'airplane_8e47730a471abb7f43afdb9c81ff2967_009.png', 'airplane_8e47730a471abb7f43afdb9c81ff2967_004.png']",0.045776350213925676
airplane,airplane_train_c2,airplane_c2_train_8e47730a471abb7f43afdb9c81ff2967_1,0,"['airplane_c8b848f32a850b15e816c75152573ee0_002.png', 'airplane_8e47730a471abb7f43afdb9c81ff2967_007.png', 'airplane_8e47730a471abb7f43afdb9c81ff2967_001.png']",0.04557626436298445
airplane,airplane_train_c2,airplane_c2_train_8e47730a471abb7f43afdb9c81ff2967_2,0,"['airplane_d21c556af88582754c3a35cee92bb95b_009.png', 'airplane_8e47730a471abb7f43afdb9c81ff2967_006.png', 'airplane_8e47730a471abb7f43afdb9c81ff2967_002.png']",0.05137822562359107
airplane,airplane_train_c2,airplane_c2_train_3391c664149308cb4f95630cc18536e0_0,1,"['airplane_3391c664149308cb4f95630cc18536e0_005.png', 'airplane_c8b848f32a850b15e816c75152573ee0_013.png', 'airplane_3391c664149308cb4f95630cc18536e0_011.png']",0.010313624494838525
airplane,airplane_train_c2,airplane_c2_train_3391c664149308cb4f95630cc18536e0_1,2,"['airplane_3391c664149308cb4f95630cc18536e0_003.png', 'airplane_3391c664149308cb4f95630cc18536e0_011.png', 'airplane_c8b848f32a850b15e816c75152573ee0_012.png']",0.010313624494838525
airplane,airplane_train_c2,airplane_c2_train_3391c664149308cb4f95630cc18536e0_2,0,"['airplane_34ef846a22c6a6ac5e9e2656aff7dd5b_009.png', 'airplane_3391c664149308cb4f95630cc18536e0_003.png', 'airplane_3391c664149308cb4f95630cc18536e0_009.png']",0.0027425008649148985
airplane,airplane_train_c2,airplane_c2_train_aa3a317001bb8617f7fe0727acb55c39_0,1,"['airplane_aa3a317001bb8617f7fe0727acb55c39_010.png', 'airplane_50da48c8e7644508fca1f1143bb6bc17_000.png', 'airplane_aa3a317001bb8617f7fe0727acb55c39_002.png']",0.03368521635951782
airplane,airplane_train_c2,airplane_c2_train_aa3a317001bb8617f7fe0727acb55c39_1,0,"['airplane_ac4774b7a9fd06d55e6724a7c6e30991_009.png', 'airplane_aa3a317001bb8617f7fe0727acb55c39_010.png', 'airplane_aa3a317001bb8617f7fe0727acb55c39_000.png']",0.0077079467356506726
airplane,airplane_train_c2,airplane_c2_train_aa3a317001bb8617f7fe0727acb55c39_2,1,"['airplane_aa3a317001bb8617f7fe0727acb55c39_008.png', 'airplane_839a950d0264cbb89a162c818d22a620_001.png', 'airplane_aa3a317001bb8617f7fe0727acb55c39_009.png']",0.04117566513606696
airplane,airplane_train_c2,airplane_c2_train_209e9845a482333c77c06b43df2749d_0,1,"['airplane_209e9845a482333c77c06b43df2749d_006.png', 'airplane_50da48c8e7644508fca1f1143bb6bc17_004.png', 'airplane_209e9845a482333c77c06b43df2749d_008.png']",0.02093463590633915
airplane,airplane_train_c2,airplane_c2_train_209e9845a482333c77c06b43df2749d_1,2,"['airplane_209e9845a482333c77c06b43df2749d_005.png', 'airplane_209e9845a482333c77c06b43df2749d_000.png', 'airplane_839a950d0264cbb89a162c818d22a620_001.png']",0.02994507690918613
airplane,airplane_train_c2,airplane_c2_train_209e9845a482333c77c06b43df2749d_2,0,"['airplane_5011e352793d063f26360e1e29a956c7_003.png', 'airplane_209e9845a482333c77c06b43df2749d_002.png', 'airplane_209e9845a482333c77c06b43df2749d_010.png']",7.011517551780422e-06
airplane,airplane_train_c2,airplane_c2_train_75b151efa363c18d94b9c9a92aa36f8c_0,2,"['airplane_75b151efa363c18d94b9c9a92aa36f8c_008.png', 'airplane_75b151efa363c18d94b9c9a92aa36f8c_001.png', 'airplane_3391c664149308cb4f95630cc18536e0_001.png']",0.008131248148459336
airplane,airplane_train_c2,airplane_c2_train_75b151efa363c18d94b9c9a92aa36f8c_1,1,"['airplane_75b151efa363c18d94b9c9a92aa36f8c_002.png', 'airplane_34ef846a22c6a6ac5e9e2656aff7dd5b_001.png', 'airplane_75b151efa363c18d94b9c9a92aa36f8c_005.png']",0.006784354190697339
airplane,airplane_train_c2,airplane_c2_train_75b151efa363c18d94b9c9a92aa36f8c_2,1,"['airplane_75b151efa363c18d94b9c9a92aa36f8c_008.png', 'airplane_c8b848f32a850b15e816c75152573ee0_010.png', 'airplane_75b151efa363c18d94b9c9a92aa36f8c_001.png']",0.00747494545815397
airplane,airplane_train_c2,airplane_c2_train_50da48c8e7644508fca1f1143bb6bc17_0,0,"['airplane_839a950d0264cbb89a162c818d22a620_004.png', 'airplane_50da48c8e7644508fca1f1143bb6bc17_010.png', 'airplane_50da48c8e7644508fca1f1143bb6bc17_011.png']",0.016379769201105954
airplane,airplane_train_c2,airplane_c2_train_50da48c8e7644508fca1f1143bb6bc17_1,1,"['airplane_50da48c8e7644508fca1f1143bb6bc17_012.png', 'airplane_839a950d0264cbb89a162c818d22a620_007.png', 'airplane_50da48c8e7644508fca1f1143bb6bc17_004.png']",0.016379769201105954
airplane,airplane_train_c2,airplane_c2_train_50da48c8e7644508fca1f1143bb6bc17_2,2,"['airplane_50da48c8e7644508fca1f1143bb6bc17_008.png', 'airplane_50da48c8e7644508fca1f1143bb6bc17_014.png', 'airplane_5011e352793d063f26360e1e29a956c7_012.png']",0.02088521082936956
airplane,airplane_train_c2,airplane_c2_train_aca6b424287392cf3438e17bc657daf1_0,2,"['airplane_aca6b424287392cf3438e17bc657daf1_008.png', 'airplane_aca6b424287392cf3438e17bc657daf1_007.png', 'airplane_7d89d64afbb5b24056dd1ba442ba87e2_002.png']",0.22742113805115516
airplane,airplane_train_c2,airplane_c2_train_aca6b424287392cf3438e17bc657daf1_1,1,"['airplane_aca6b424287392cf3438e17bc657daf1_004.png', 'airplane_7d89d64afbb5b24056dd1ba442ba87e2_008.png', 'airplane_aca6b424287392cf3438e17bc657daf1_014.png']",0.22742113805115516
airplane,airplane_train_c2,airplane_c2_train_aca6b424287392cf3438e17bc657daf1_2,2,"['airplane_aca6b424287392cf3438e17bc657daf1_012.png', 'airplane_aca6b424287392cf3438e17bc657daf1_011.png', 'airplane_d3856a35d1fb8536d8e727806889c9b0_014.png']",0.16895545520906852
airplane,airplane_train_c2,airplane_c2_train_d21c556af88582754c3a35cee92bb95b_0,0,"['airplane_c8b848f32a850b15e816c75152573ee0_007.png', 'airplane_d21c556af88582754c3a35cee92bb95b_009.png', 'airplane_d21c556af88582754c3a35cee92bb95b_003.png']",0.010851391187285175
airplane,airplane_train_c2,airplane_c2_train_d21c556af88582754c3a35cee92bb95b_1,1,"['airplane_d21c556af88582754c3a35cee92bb95b_007.png', 'airplane_3391c664149308cb4f95630cc18536e0_005.png', 'airplane_d21c556af88582754c3a35cee92bb95b_008.png']",0.014659165710118827
airplane,airplane_train_c2,airplane_c2_train_d21c556af88582754c3a35cee92bb95b_2,0,"['airplane_9f5dda6f01bbe29bf810506e9ae2dcc2_006.png', 'airplane_d21c556af88582754c3a35cee92bb95b_011.png', 'airplane_d21c556af88582754c3a35cee92bb95b_007.png']",0.010201636978696249
airplane,airplane_train_c2,airplane_c2_train_839a950d0264cbb89a162c818d22a620_0,2,"['airplane_839a950d0264cbb89a162c818d22a620_011.png', 'airplane_839a950d0264cbb89a162c818d22a620_007.png', 'airplane_34ef846a22c6a6ac5e9e2656aff7dd5b_010.png']",0.01031009816772599
airplane,airplane_train_c2,airplane_c2_train_839a950d0264cbb89a162c818d22a620_1,1,"['airplane_839a950d0264cbb89a162c818d22a620_000.png', 'airplane_63c78352b218c01a995425f067333fd3_008.png', 'airplane_839a950d0264cbb89a162c818d22a620_007.png']",0.012055851047879207
airplane,airplane_train_c2,airplane_c2_train_839a950d0264cbb89a162c818d22a620_2,0,"['airplane_34ef846a22c6a6ac5e9e2656aff7dd5b_011.png', 'airplane_839a950d0264cbb89a162c818d22a620_010.png', 'airplane_839a950d0264cbb89a162c818d22a620_003.png']",0.01031009816772599
airplane,airplane_train_c2,airplane_c2_train_d3856a35d1fb8536d8e727806889c9b0_0,0,"['airplane_aca6b424287392cf3438e17bc657daf1_003.png', 'airplane_d3856a35d1fb8536d8e727806889c9b0_014.png', 'airplane_d3856a35d1fb8536d8e727806889c9b0_007.png']",0.16895545520906852
airplane,airplane_train_c2,airplane_c2_train_d3856a35d1fb8536d8e727806889c9b0_1,2,"['airplane_d3856a35d1fb8536d8e727806889c9b0_007.png', 'airplane_d3856a35d1fb8536d8e727806889c9b0_003.png', 'airplane_aca6b424287392cf3438e17bc657daf1_013.png']",0.16895545520906852
airplane,airplane_train_c2,airplane_c2_train_d3856a35d1fb8536d8e727806889c9b0_2,0,"['airplane_4ad92be763c2ded8fca1f1143bb6bc17_008.png', 'airplane_d3856a35d1fb8536d8e727806889c9b0_007.png', 'airplane_d3856a35d1fb8536d8e727806889c9b0_008.png']",0.2045809200139863
airplane,airplane_train_c2,airplane_c2_train_a281b2664e7e5b2fad9d7d48f3cddb17_0,2,"['airplane_a281b2664e7e5b2fad9d7d48f3cddb17_007.png', 'airplane_a281b2664e7e5b2fad9d7d48f3cddb17_009.png', 'airplane_146533404a778665c93b40751084c22_002.png']",0.06353292517495657
airplane,airplane_train_c2,airplane_c2_train_a281b2664e7e5b2fad9d7d48f3cddb17_1,0,"['airplane_50da48c8e7644508fca1f1143bb6bc17_009.png', 'airplane_a281b2664e7e5b2fad9d7d48f3cddb17_009.png', 'airplane_a281b2664e7e5b2fad9d7d48f3cddb17_004.png']",0.06233902662849955
airplane,airplane_train_c2,airplane_c2_train_a281b2664e7e5b2fad9d7d48f3cddb17_2,2,"['airplane_a281b2664e7e5b2fad9d7d48f3cddb17_004.png', 'airplane_a281b2664e7e5b2fad9d7d48f3cddb17_010.png', 'airplane_50da48c8e7644508fca1f1143bb6bc17_009.png']",0.06233902662849955
bench,bench_train_c0,bench_c0_train_1ffcb829779ad5942056b4bd5d870b47_0,2,"['bench_1ffcb829779ad5942056b4bd5d870b47_007.png', 'bench_1ffcb829779ad5942056b4bd5d870b47_004.png', 'bench_d74a990634bb4b98ad5067eac75a07f7_010.png']",0.02200956128017717
bench,bench_train_c0,bench_c0_train_1ffcb829779ad5942056b4bd5d870b47_1,1,"['bench_1ffcb829779ad5942056b4bd5d870b47_005.png', 'bench_d74a990634bb4b98ad5067eac75a07f7_014.png', 'bench_1ffcb829779ad5942056b4bd5d870b47_006.png']",0.02200956128017717
bench,bench_train_c0,bench_c0_train_1ffcb829779ad5942056b4bd5d870b47_2,1,"['bench_1ffcb829779ad5942056b4bd5d870b47_001.png', 'bench_b9535bf9b002a226d4d8765e3910f617_006.png', 'bench_1ffcb829779ad5942056b4bd5d870b47_009.png']",0.027464055182131908
bench,bench_train_c0,bench_c0_train_a03c239b05374a837c8303a5f3977966_0,1,"['bench_a03c239b05374a837c8303a5f3977966_001.png', 'bench_5121a485a7eebfec5674b1bb8d658d39_008.png', 'bench_a03c239b05374a837c8303a5f3977966_014.png']",0.025936987478988538
bench,bench_train_c0,bench_c0_train_a03c239b05374a837c8303a5f3977966_1,0,"['bench_af79d505f2ef2223cb2a965e75be701c_002.png', 'bench_a03c239b05374a837c8303a5f3977966_011.png', 'bench_a03c239b05374a837c8303a5f3977966_012.png']",0.0439626695169697
bench,bench_train_c0,bench_c0_train_a03c239b05374a837c8303a5f3977966_2,0,"['bench_5ee7a51ae38eda6b26b7fce5a7fdd285_014.png', 'bench_a03c239b05374a837c8303a5f3977966_005.png', 'bench_a03c239b05374a837c8303a5f3977966_007.png']",0.030181782145139557
bench,bench_train_c0,bench_c0_train_18a3d4fa8abccfa7ff8d4c5a7727a428_0,2,"['bench_18a3d4fa8abccfa7ff8d4c5a7727a428_005.png', 'bench_18a3d4fa8abccfa7ff8d4c5a7727a428_006.png', 'bench_1ffcb829779ad5942056b4bd5d870b47_011.png']",0.024085493750735876
bench,bench_train_c0,bench_c0_train_18a3d4fa8abccfa7ff8d4c5a7727a428_1,0,"['bench_d74a990634bb4b98ad5067eac75a07f7_009.png', 'bench_18a3d4fa8abccfa7ff8d4c5a7727a428_000.png', 'bench_18a3d4fa8abccfa7ff8d4c5a7727a428_006.png']",0.02202790874870353
bench,bench_train_c0,bench_c0_train_18a3d4fa8abccfa7ff8d4c5a7727a428_2,0,"['bench_fc301ae04efc46cfcb2a965e75be701c_014.png', 'bench_18a3d4fa8abccfa7ff8d4c5a7727a428_001.png', 'bench_18a3d4fa8abccfa7ff8d4c5a7727a428_014.png']",0.021623265011048387
bench,bench_train_c0,bench_c0_train_1348e440934494f581faebbdea6bd9be_0,2,"['bench_1348e440934494f581faebbdea6bd9be_009.png', 'bench_1348e440934494f581faebbdea6bd9be_003.png', 'bench_6ccec23049ae42ce2056b4bd5d870b47_009.png']",0.05597930778140181
bench,bench_train_c0,bench_c0_train_1348e440934494f581faebbdea6bd9be_1,2,"['bench_1348e440934494f581faebbdea6bd9be_002.png', 'bench_1348e440934494f581faebbdea6bd9be_014.png', 'bench_18a3d4fa8abccfa7ff8d4c5a7727a428_007.png']",0.06227799747353413
bench,bench_train_c0,bench_c0_train_1348e440934494f581faebbdea6bd9be_2,0,"['bench_fc301ae04efc46cfcb2a965e75be701c_011.png', 'bench_1348e440934494f581faebbdea6bd9be_007.png', 'bench_1348e440934494f581faebbdea6bd9be_000.png']",0.06889492620652571
bench,bench_train_c0,bench_c0_train_4790c04ee2586772d0768f88bbc39dbc_0,2,"['bench_4790c04ee2586772d0768f88bbc39dbc_012.png', 'bench_4790c04ee2586772d0768f88bbc39dbc_004.png', 'bench_af79d505f2ef2223cb2a965e75be701c_006.png']",0.05661615366473649
bench,bench_train_c0,bench_c0_train_4790c04ee2586772d0768f88bbc39dbc_1,2,"['bench_4790c04ee2586772d0768f88bbc39dbc_013.png', 'bench_4790c04ee2586772d0768f88bbc39dbc_002.png', 'bench_1ffcb829779ad5942056b4bd5d870b47_010.png']",0.04519803353220608
bench,bench_train_c0,bench_c0_train_4790c04ee2586772d0768f88bbc39dbc_2,2,"['bench_4790c04ee2586772d0768f88bbc39dbc_004.png', 'bench_4790c04ee2586772d0768f88bbc39dbc_001.png', 'bench_af79d505f2ef2223cb2a965e75be701c_013.png']",0.05661615366473649
bench,bench_train_c0,bench_c0_train_6ccec23049ae42ce2056b4bd5d870b47_0,1,"['bench_6ccec23049ae42ce2056b4bd5d870b47_013.png', 'bench_b9535bf9b002a226d4d8765e3910f617_009.png', 'bench_6ccec23049ae42ce2056b4bd5d870b47_000.png']",0.057942215338201764
bench,bench_train_c0,bench_c0_train_6ccec23049ae42ce2056b4bd5d870b47_1,0,"['bench_fc301ae04efc46cfcb2a965e75be701c_012.png', 'bench_6ccec23049ae42ce2056b4bd5d870b47_013.png', 'bench_6ccec23049ae42ce2056b4bd5d870b47_011.png']",0.05458143908429791
bench,bench_train_c0,bench_c0_train_6ccec23049ae42ce2056b4bd5d870b47_2,2,"['bench_6ccec23049ae42ce2056b4bd5d870b47_000.png', 'bench_6ccec23049ae42ce2056b4bd5d870b47_001.png', 'bench_4b00859dc8ce46eff4fb4dee5181bee_003.png']",0.036507268950810134
bench,bench_train_c0,bench_c0_train_4b00859dc8ce46eff4fb4dee5181bee_0,0,"['bench_3f2d311ddc3b6c19d4d8765e3910f617_014.png', 'bench_4b00859dc8ce46eff4fb4dee5181bee_011.png', 'bench_4b00859dc8ce46eff4fb4dee5181bee_000.png']",0.04905709627491073
bench,bench_train_c0,bench_c0_train_4b00859dc8ce46eff4fb4dee5181bee_1,0,"['bench_3f2d311ddc3b6c19d4d8765e3910f617_013.png', 'bench_4b00859dc8ce46eff4fb4dee5181bee_003.png', 'bench_4b00859dc8ce46eff4fb4dee5181bee_004.png']",0.04905709627491073
bench,bench_train_c0,bench_c0_train_4b00859dc8ce46eff4fb4dee5181bee_2,2,"['bench_4b00859dc8ce46eff4fb4dee5181bee_004.png', 'bench_4b00859dc8ce46eff4fb4dee5181bee_006.png', 'bench_6ccec23049ae42ce2056b4bd5d870b47_000.png']",0.036507268950810134
bench,bench_train_c0,bench_c0_train_11665c5093e85592b340344cde6e80c4_0,2,"['bench_11665c5093e85592b340344cde6e80c4_000.png', 'bench_11665c5093e85592b340344cde6e80c4_013.png', 'bench_3f2d311ddc3b6c19d4d8765e3910f617_008.png']",0.12357164082198013
bench,bench_train_c0,bench_c0_train_11665c5093e85592b340344cde6e80c4_1,2,"['bench_11665c5093e85592b340344cde6e80c4_010.png', 'bench_11665c5093e85592b340344cde6e80c4_007.png', 'bench_6ccec23049ae42ce2056b4bd5d870b47_009.png']",0.13015251182318055
bench,bench_train_c0,bench_c0_train_11665c5093e85592b340344cde6e80c4_2,2,"['bench_11665c5093e85592b340344cde6e80c4_008.png', 'bench_11665c5093e85592b340344cde6e80c4_000.png', 'bench_4e512ab638542762d4d8765e3910f617_012.png']",0.12229620714591238
bench,bench_train_c0,bench_c0_train_4e512ab638542762d4d8765e3910f617_0,2,"['bench_4e512ab638542762d4d8765e3910f617_010.png', 'bench_4e512ab638542762d4d8765e3910f617_008.png', 'bench_4b00859dc8ce46eff4fb4dee5181bee_008.png']",0.047013328837742785
bench,bench_train_c0,bench_c0_train_4e512ab638542762d4d8765e3910f617_1,0,"['bench_3f2d311ddc3b6c19d4d8765e3910f617_006.png', 'bench_4e512ab638542762d4d8765e3910f617_000.png', 'bench_4e512ab638542762d4d8765e3910f617_012.png']",0.0005285682945020964
bench,bench_train_c0,bench_c0_train_4e512ab638542762d4d8765e3910f617_2,0,"['bench_3f2d311ddc3b6c19d4d8765e3910f617_001.png', 'bench_4e512ab638542762d4d8765e3910f617_007.png', 'bench_4e512ab638542762d4d8765e3910f617_005.png']",0.0005285682945020964
bench,bench_train_c0,bench_c0_train_2480c05ad2b4969971a782a4379556c7_0,1,"['bench_2480c05ad2b4969971a782a4379556c7_014.png', 'bench_fc301ae04efc46cfcb2a965e75be701c_008.png', 'bench_2480c05ad2b4969971a782a4379556c7_010.png']",0.10052273708029347
bench,bench_train_c0,bench_c0_train_2480c05ad2b4969971a782a4379556c7_1,1,"['bench_2480c05ad2b4969971a782a4379556c7_009.png', 'bench_4b00859dc8ce46eff4fb4dee5181bee_006.png', 'bench_2480c05ad2b4969971a782a4379556c7_005.png']",0.07962018376594415
bench,bench_train_c0,bench_c0_train_2480c05ad2b4969971a782a4379556c7_2,2,"['bench_2480c05ad2b4969971a782a4379556c7_007.png', 'bench_2480c05ad2b4969971a782a4379556c7_003.png', 'bench_4b00859dc8ce46eff4fb4dee5181bee_003.png']",0.07962018376594415
bench,bench_train_c0,bench_c0_train_b9535bf9b002a226d4d8765e3910f617_0,0,"['bench_9fe85429413af216cb2a965e75be701c_007.png', 'bench_b9535bf9b002a226d4d8765e3910f617_013.png', 'bench_b9535bf9b002a226d4d8765e3910f617_000.png']",0.03611847041443539
bench,bench_train_c0,bench_c0_train_b9535bf9b002a226d4d8765e3910f617_1,0,"['bench_9fe85429413af216cb2a965e75be701c_007.png', 'bench_b9535bf9b002a226d4d8765e3910f617_005.png', 'bench_b9535bf9b002a226d4d8765e3910f617_008.png']",0.03611847041443539
bench,bench_train_c0,bench_c0_train_b9535bf9b002a226d4d8765e3910f617_2,0,"['bench_fc301ae04efc46cfcb2a965e75be701c_000.png', 'bench_b9535bf9b002a226d4d8765e3910f617_014.png', 'bench_b9535bf9b002a226d4d8765e3910f617_005.png']",0.026069102012161838
bench,bench_train_c0,bench_c0_train_3776c500e1654d55c50517751ed5f28c_0,1,"['bench_3776c500e1654d55c50517751ed5f28c_014.png', 'bench_4e512ab638542762d4d8765e3910f617_000.png', 'bench_3776c500e1654d55c50517751ed5f28c_006.png']",0.09278967498845336
bench,bench_train_c0,bench_c0_train_3776c500e1654d55c50517751ed5f28c_1,0,"['bench_4e512ab638542762d4d8765e3910f617_011.png', 'bench_3776c500e1654d55c50517751ed5f28c_004.png', 'bench_3776c500e1654d55c50517751ed5f28c_012.png']",0.09278967498845336
bench,bench_train_c0,bench_c0_train_3776c500e1654d55c50517751ed5f28c_2,2,"['bench_3776c500e1654d55c50517751ed5f28c_003.png', 'bench_3776c500e1654d55c50517751ed5f28c_007.png', 'bench_bdce8b3475f59d38f4fb4dee5181bee_003.png']",0.09652514237468668
bench,bench_train_c0,bench_c0_train_3f2d311ddc3b6c19d4d8765e3910f617_0,1,"['bench_3f2d311ddc3b6c19d4d8765e3910f617_011.png', 'bench_bdce8b3475f59d38f4fb4dee5181bee_013.png', 'bench_3f2d311ddc3b6c19d4d8765e3910f617_008.png']",0.03250227875505374
bench,bench_train_c0,bench_c0_train_3f2d311ddc3b6c19d4d8765e3910f617_1,2,"['bench_3f2d311ddc3b6c19d4d8765e3910f617_013.png', 'bench_3f2d311ddc3b6c19d4d8765e3910f617_001.png', 'bench_18a3d4fa8abccfa7ff8d4c5a7727a428_010.png']",0.05537797469064254
bench,bench_train_c0,bench_c0_train_3f2d311ddc3b6c19d4d8765e3910f617_2,1,"['bench_3f2d311ddc3b6c19d4d8765e3910f617_009.png', 'bench_4b00859dc8ce46eff4fb4dee5181bee_004.png', 'bench_3f2d311ddc3b6c19d4d8765e3910f617_001.png']",0.04905709627491073
bench,bench_train_c0,bench_c0_train_5121a485a7eebfec5674b1bb8d658d39_0,0,"['bench_5ee7a51ae38eda6b26b7fce5a7fdd285_010.png', 'bench_5121a485a7eebfec5674b1bb8d658d39_008.png', 'bench_5121a485a7eebfec5674b1bb8d658d39_014.png']",0.004153177220660442
bench,bench_train_c0,bench_c0_train_5121a485a7eebfec5674b1bb8d658d39_1,1,"['bench_5121a485a7eebfec5674b1bb8d658d39_003.png', 'bench_36583be1062e0f48c24b862f5ee36086_002.png', 'bench_5121a485a7eebfec5674b1bb8d658d39_009.png']",0.049435269200956866
bench,bench_train_c0,bench_c0_train_5121a485a7eebfec5674b1bb8d658d39_2,2,"['bench_5121a485a7eebfec5674b1bb8d658d39_014.png', 'bench_5121a485a7eebfec5674b1bb8d658d39_001.png', 'bench_9399c7769b01d4742591fa6348c25a73_009.png']",0.03605034015892894
bench,bench_train_c0,bench_c0_train_af79d505f2ef2223cb2a965e75be701c_0,1,"['bench_af79d505f2ef2223cb2a965e75be701c_001.png', 'bench_36583be1062e0f48c24b862f5ee36086_004.png', 'bench_af79d505f2ef2223cb2a965e75be701c_005.png']",0.04293977792968939
bench,bench_train_c0,bench_c0_train_af79d505f2ef2223cb2a965e75be701c_1,0,"['bench_9399c7769b01d4742591fa6348c25a73_010.png', 'bench_af79d505f2ef2223cb2a965e75be701c_012.png', 'bench_af79d505f2ef2223cb2a965e75be701c_004.png']",0.05032427030974673
bench,bench_train_c0,bench_c0_train_af79d505f2ef2223cb2a965e75be701c_2,0,"['bench_a03c239b05374a837c8303a5f3977966_003.png', 'bench_af79d505f2ef2223cb2a965e75be701c_013.png', 'bench_af79d505f2ef2223cb2a965e75be701c_010.png']",0.0439626695169697
bench,bench_train_c0,bench_c0_train_e6063d88a2b192ab56f6fc4b4ce1db04_0,2,"['bench_e6063d88a2b192ab56f6fc4b4ce1db04_008.png', 'bench_e6063d88a2b192ab56f6fc4b4ce1db04_005.png', 'bench_4b00859dc8ce46eff4fb4dee5181bee_004.png']",0.049778472061186685
bench,bench_train_c0,bench_c0_train_e6063d88a2b192ab56f6fc4b4ce1db04_1,0,"['bench_6ccec23049ae42ce2056b4bd5d870b47_011.png', 'bench_e6063d88a2b192ab56f6fc4b4ce1db04_002.png', 'bench_e6063d88a2b192ab56f6fc4b4ce1db04_001.png']",0.06875878855222695
bench,bench_train_c0,bench_c0_train_e6063d88a2b192ab56f6fc4b4ce1db04_2,1,"['bench_e6063d88a2b192ab56f6fc4b4ce1db04_012.png', 'bench_6ccec23049ae42ce2056b4bd5d870b47_001.png', 'bench_e6063d88a2b192ab56f6fc4b4ce1db04_006.png']",0.06875878855222695
bench,bench_train_c0,bench_c0_train_a58e45ec5204f09559cbde03ded257fd_0,2,"['bench_a58e45ec5204f09559cbde03ded257fd_006.png', 'bench_a58e45ec5204f09559cbde03ded257fd_010.png', 'bench_6ccec23049ae42ce2056b4bd5d870b47_008.png']",0.07921418843793082
bench,bench_train_c0,bench_c0_train_a58e45ec5204f09559cbde03ded257fd_1,2,"['bench_a58e45ec5204f09559cbde03ded257fd_011.png', 'bench_a58e45ec5204f09559cbde03ded257fd_004.png', 'bench_9fe85429413af216cb2a965e75be701c_011.png']",0.10821941134584379
bench,bench_train_c0,bench_c0_train_a58e45ec5204f09559cbde03ded257fd_2,2,"['bench_a58e45ec5204f09559cbde03ded257fd_007.png', 'bench_a58e45ec5204f09559cbde03ded257fd_008.png', 'bench_36583be1062e0f48c24b862f5ee36086_012.png']",0.0895524933813382
bench,bench_train_c0,bench_c0_train_2f340f2bd55d51e5c8cbe1805e7b8eb_0,2,"['bench_2f340f2bd55d51e5c8cbe1805e7b8eb_006.png', 'bench_2f340f2bd55d51e5c8cbe1805e7b8eb_010.png', 'bench_6ccec23049ae42ce2056b4bd5d870b47_003.png']",0.14746681104830994
bench,bench_train_c0,bench_c0_train_2f340f2bd55d51e5c8cbe1805e7b8eb_1,1,"['bench_2f340f2bd55d51e5c8cbe1805e7b8eb_003.png', 'bench_9fe85429413af216cb2a965e75be701c_012.png', 'bench_2f340f2bd55d51e5c8cbe1805e7b8eb_008.png']",0.16285100179222234
bench,bench_train_c0,bench_c0_train_2f340f2bd55d51e5c8cbe1805e7b8eb_2,2,"['bench_2f340f2bd55d51e5c8cbe1805e7b8eb_004.png', 'bench_2f340f2bd55d51e5c8cbe1805e7b8eb_006.png', 'bench_6ccec23049ae42ce2056b4bd5d870b47_003.png']",0.14746681104830994
bench,bench_train_c0,bench_c0_train_d74a990634bb4b98ad5067eac75a07f7_0,0,"['bench_1ffcb829779ad5942056b4bd5d870b47_002.png', 'bench_d74a990634bb4b98ad5067eac75a07f7_008.png', 'bench_d74a990634bb4b98ad5067eac75a07f7_002.png']",0.02200956128017717
bench,bench_train_c0,bench_c0_train_d74a990634bb4b98ad5067eac75a07f7_1,2,"['bench_d74a990634bb4b98ad5067eac75a07f7_012.png', 'bench_d74a990634bb4b98ad5067eac75a07f7_014.png', 'bench_4790c04ee2586772d0768f88bbc39dbc_008.png']",0.0347790885831788
bench,bench_train_c0,bench_c0_train_d74a990634bb4b98ad5067eac75a07f7_2,2,"['bench_d74a990634bb4b98ad5067eac75a07f7_004.png', 'bench_d74a990634bb4b98ad5067eac75a07f7_013.png', 'bench_b9535bf9b002a226d4d8765e3910f617_011.png']",0.0227013214232763
bench,bench_train_c0,bench_c0_train_bdce8b3475f59d38f4fb4dee5181bee_0,1,"['bench_bdce8b3475f59d38f4fb4dee5181bee_006.png', 'bench_9fe85429413af216cb2a965e75be701c_002.png', 'bench_bdce8b3475f59d38f4fb4dee5181bee_003.png']",0.08265459117387519
bench,bench_train_c0,bench_c0_train_bdce8b3475f59d38f4fb4dee5181bee_1,2,"['bench_bdce8b3475f59d38f4fb4dee5181bee_004.png', 'bench_bdce8b3475f59d38f4fb4dee5181bee_010.png', 'bench_3f2d311ddc3b6c19d4d8765e3910f617_010.png']",0.03250227875505374
bench,bench_train_c0,bench_c0_train_bdce8b3475f59d38f4fb4dee5181bee_2,2,"['bench_bdce8b3475f59d38f4fb4dee5181bee_001.png', 'bench_bdce8b3475f59d38f4fb4dee5181bee_010.png', 'bench_3f2d311ddc3b6c19d4d8765e3910f617_003.png']",0.03250227875505374
bench,bench_train_c0,bench_c0_train_36583be1062e0f48c24b862f5ee36086_0,1,"['bench_36583be1062e0f48c24b862f5ee36086_005.png', 'bench_af79d505f2ef2223cb2a965e75be701c_011.png', 'bench_36583be1062e0f48c24b862f5ee36086_003.png']",0.04293977792968939
bench,bench_train_c0,bench_c0_train_36583be1062e0f48c24b862f5ee36086_1,0,"['bench_9399c7769b01d4742591fa6348c25a73_014.png', 'bench_36583be1062e0f48c24b862f5ee36086_006.png', 'bench_36583be1062e0f48c24b862f5ee36086_007.png']",0.04215525928438302
bench,bench_train_c0,bench_c0_train_36583be1062e0f48c24b862f5ee36086_2,1,"['bench_36583be1062e0f48c24b862f5ee36086_013.png', 'bench_a03c239b05374a837c8303a5f3977966_000.png', 'bench_36583be1062e0f48c24b862f5ee36086_008.png']",0.03690983127000669
bench,bench_train_c0,bench_c0_train_5ee7a51ae38eda6b26b7fce5a7fdd285_0,1,"['bench_5ee7a51ae38eda6b26b7fce5a7fdd285_003.png', 'bench_5121a485a7eebfec5674b1bb8d658d39_012.png', 'bench_5ee7a51ae38eda6b26b7fce5a7fdd285_011.png']",0.004153177220660442
bench,bench_train_c0,bench_c0_train_5ee7a51ae38eda6b26b7fce5a7fdd285_1,0,"['bench_af79d505f2ef2223cb2a965e75be701c_007.png', 'bench_5ee7a51ae38eda6b26b7fce5a7fdd285_009.png', 'bench_5ee7a51ae38eda6b26b7fce5a7fdd285_001.png']",0.06037818236746928
bench,bench_train_c0,bench_c0_train_5ee7a51ae38eda6b26b7fce5a7fdd285_2,0,"['bench_af79d505f2ef2223cb2a965e75be701c_010.png', 'bench_5ee7a51ae38eda6b26b7fce5a7fdd285_003.png', 'bench_5ee7a51ae38eda6b26b7fce5a7fdd285_008.png']",0.06037818236746928
bench,bench_train_c0,bench_c0_train_9399c7769b01d4742591fa6348c25a73_0,0,"['bench_5121a485a7eebfec5674b1bb8d658d39_010.png', 'bench_9399c7769b01d4742591fa6348c25a73_012.png', 'bench_9399c7769b01d4742591fa6348c25a73_010.png']",0.03605034015892894
bench,bench_train_c0,bench_c0_train_9399c7769b01d4742591fa6348c25a73_1,2,"['bench_9399c7769b01d4742591fa6348c25a73_000.png', 'bench_9399c7769b01d4742591fa6348c25a73_010.png', 'bench_36583be1062e0f48c24b862f5ee36086_007.png']",0.04215525928438302
bench,bench_train_c0,bench_c0_train_9399c7769b01d4742591fa6348c25a73_2,2,"['bench_9399c7769b01d4742591fa6348c25a73_009.png', 'bench_9399c7769b01d4742591fa6348c25a73_007.png', 'bench_a03c239b05374a837c8303a5f3977966_014.png']",0.017010471891506507
bench,bench_train_c0,bench_c0_train_fc301ae04efc46cfcb2a965e75be701c_0,1,"['bench_fc301ae04efc46cfcb2a965e75be701c_008.png', 'bench_18a3d4fa8abccfa7ff8d4c5a7727a428_005.png', 'bench_fc301ae04efc46cfcb2a965e75be701c_006.png']",0.021623265011048387
bench,bench_train_c0,bench_c0_train_fc301ae04efc46cfcb2a965e75be701c_1,2,"['bench_fc301ae04efc46cfcb2a965e75be701c_000.png', 'bench_fc301ae04efc46cfcb2a965e75be701c_011.png', 'bench_b9535bf9b002a226d4d8765e3910f617_001.png']",0.026069102012161838
bench,bench_train_c0,bench_c0_train_fc301ae04efc46cfcb2a965e75be701c_2,0,"['bench_18a3d4fa8abccfa7ff8d4c5a7727a428_005.png', 'bench_fc301ae04efc46cfcb2a965e75be701c_003.png', 'bench_fc301ae04efc46cfcb2a965e75be701c_013.png']",0.021623265011048387
bench,bench_train_c0,bench_c0_train_9fe85429413af216cb2a965e75be701c_0,1,"['bench_9fe85429413af216cb2a965e75be701c_004.png', 'bench_4e512ab638542762d4d8765e3910f617_011.png', 'bench_9fe85429413af216cb2a965e75be701c_014.png']",0.04614390942562652
bench,bench_train_c0,bench_c0_train_9fe85429413af216cb2a965e75be701c_1,1,"['bench_9fe85429413af216cb2a965e75be701c_012.png', 'bench_b9535bf9b002a226d4d8765e3910f617_006.png', 'bench_9fe85429413af216cb2a965e75be701c_008.png']",0.03611847041443539
bench,bench_train_c0,bench_c0_train_9fe85429413af216cb2a965e75be701c_2,1,"['bench_9fe85429413af216cb2a965e75be701c_001.png', 'bench_d74a990634bb4b98ad5067eac75a07f7_006.png', 'bench_9fe85429413af216cb2a965e75be701c_003.png']",0.04559151126705807
bench,bench_train_c1,bench_c1_train_44facd26b66e6ec8cf0c8ab22c613984_0,1,"['bench_44facd26b66e6ec8cf0c8ab22c613984_010.png', 'bench_49908190a4206224f28732697aa0af57_012.png', 'bench_44facd26b66e6ec8cf0c8ab22c613984_012.png']",0.3541276074231763
bench,bench_train_c1,bench_c1_train_44facd26b66e6ec8cf0c8ab22c613984_1,0,"['bench_66af742be9a0c722b93fc2b66c6b86b6_012.png', 'bench_44facd26b66e6ec8cf0c8ab22c613984_011.png', 'bench_44facd26b66e6ec8cf0c8ab22c613984_010.png']",0.35207694097373365
bench,bench_train_c1,bench_c1_train_44facd26b66e6ec8cf0c8ab22c613984_2,1,"['bench_44facd26b66e6ec8cf0c8ab22c613984_006.png', 'bench_a2a83603f38cffbbd2b12aa6a0f050b3_008.png', 'bench_44facd26b66e6ec8cf0c8ab22c613984_007.png']",0.3404599952130263
bench,bench_train_c1,bench_c1_train_366db933a2c99444f4fb4dee5181bee_0,2,"['bench_366db933a2c99444f4fb4dee5181bee_013.png', 'bench_366db933a2c99444f4fb4dee5181bee_014.png', 'bench_a2a83603f38cffbbd2b12aa6a0f050b3_012.png']",0.2385600735911967
bench,bench_train_c1,bench_c1_train_366db933a2c99444f4fb4dee5181bee_1,2,"['bench_366db933a2c99444f4fb4dee5181bee_008.png', 'bench_366db933a2c99444f4fb4dee5181bee_002.png', 'bench_4eb3dc26aad9ace8f4fb4dee5181bee_014.png']",0.09703983680420547
bench,bench_train_c1,bench_c1_train_366db933a2c99444f4fb4dee5181bee_2,0,"['bench_ba8ce85fe8f294929126d89585a68a7d_012.png', 'bench_366db933a2c99444f4fb4dee5181bee_004.png', 'bench_366db933a2c99444f4fb4dee5181bee_007.png']",0.1804546984904768
bench,bench_train_c1,bench_c1_train_7d67ed4517c1d702ed98cca8f0ccd5f7_0,0,"['bench_23325f47d2a812351165bc0a3b02b27f_014.png', 'bench_7d67ed4517c1d702ed98cca8f0ccd5f7_012.png', 'bench_7d67ed4517c1d702ed98cca8f0ccd5f7_010.png']",0.2189542177319853
bench,bench_train_c1,bench_c1_train_7d67ed4517c1d702ed98cca8f0ccd5f7_1,2,"['bench_7d67ed4517c1d702ed98cca8f0ccd5f7_010.png', 'bench_7d67ed4517c1d702ed98cca8f0ccd5f7_004.png', 'bench_ba8ce85fe8f294929126d89585a68a7d_002.png']",0.2155229325297937
bench,bench_train_c1,bench_c1_train_7d67ed4517c1d702ed98cca8f0ccd5f7_2,1,"['bench_7d67ed4517c1d702ed98cca8f0ccd5f7_002.png', 'bench_2cb61abc0c2663ae8f0add668496d7a1_001.png', 'bench_7d67ed4517c1d702ed98cca8f0ccd5f7_007.png']",0.24238822840438246
bench,bench_train_c1,bench_c1_train_28e12ef0e54e204830bbd4cddd04c77b_0,0,"['bench_891b8a01ad71af2db7e843606969432b_006.png', 'bench_28e12ef0e54e204830bbd4cddd04c77b_004.png', 'bench_28e12ef0e54e204830bbd4cddd04c77b_011.png']",0.27937970039879834
bench,bench_train_c1,bench_c1_train_28e12ef0e54e204830bbd4cddd04c77b_1,0,"['bench_2356e0b210f85371f8fa66012789e652_008.png', 'bench_28e12ef0e54e204830bbd4cddd04c77b_012.png', 'bench_28e12ef0e54e204830bbd4cddd04c77b_014.png']",0.38357022941321706
bench,bench_train_c1,bench_c1_train_28e12ef0e54e204830bbd4cddd04c77b_2,0,"['bench_eb9938d81ec9005882db9fca4b68095_014.png', 'bench_28e12ef0e54e204830bbd4cddd04c77b_006.png', 'bench_28e12ef0e54e204830bbd4cddd04c77b_010.png']",0.2762712258208442
bench,bench_train_c1,bench_c1_train_26b3257b2e094083af9ff91a3a02b5aa_0,0,"['bench_eb9938d81ec9005882db9fca4b68095_005.png', 'bench_26b3257b2e094083af9ff91a3a02b5aa_014.png', 'bench_26b3257b2e094083af9ff91a3a02b5aa_007.png']",0.12132942555525938
bench,bench_train_c1,bench_c1_train_26b3257b2e094083af9ff91a3a02b5aa_1,2,"['bench_26b3257b2e094083af9ff91a3a02b5aa_013.png', 'bench_26b3257b2e094083af9ff91a3a02b5aa_011.png', 'bench_4eb3dc26aad9ace8f4fb4dee5181bee_007.png']",0.27601823519148105
bench,bench_train_c1,bench_c1_train_26b3257b2e094083af9ff91a3a02b5aa_2,0,"['bench_28e12ef0e54e204830bbd4cddd04c77b_000.png', 'bench_26b3257b2e094083af9ff91a3a02b5aa_001.png', 'bench_26b3257b2e094083af9ff91a3a02b5aa_002.png']",0.2644077765610845
bench,bench_train_c1,bench_c1_train_a2a83603f38cffbbd2b12aa6a0f050b3_0,0,"['bench_23325f47d2a812351165bc0a3b02b27f_010.png', 'bench_a2a83603f38cffbbd2b12aa6a0f050b3_011.png', 'bench_a2a83603f38cffbbd2b12aa6a0f050b3_007.png']",0.2130087670086025
bench,bench_train_c1,bench_c1_train_a2a83603f38cffbbd2b12aa6a0f050b3_1,2,"['bench_a2a83603f38cffbbd2b12aa6a0f050b3_011.png', 'bench_a2a83603f38cffbbd2b12aa6a0f050b3_002.png', 'bench_23325f47d2a812351165bc0a3b02b27f_014.png']",0.2130087670086025
bench,bench_train_c1,bench_c1_train_a2a83603f38cffbbd2b12aa6a0f050b3_2,0,"['bench_366db933a2c99444f4fb4dee5181bee_011.png', 'bench_a2a83603f38cffbbd2b12aa6a0f050b3_014.png', 'bench_a2a83603f38cffbbd2b12aa6a0f050b3_008.png']",0.2385600735911967
bench,bench_train_c1,bench_c1_train_f3e13747a652b96bf5fb97c1f9661c61_0,0,"['bench_a2a83603f38cffbbd2b12aa6a0f050b3_007.png', 'bench_f3e13747a652b96bf5fb97c1f9661c61_001.png', 'bench_f3e13747a652b96bf5fb97c1f9661c61_007.png']",0.3824854161167589
bench,bench_train_c1,bench_c1_train_f3e13747a652b96bf5fb97c1f9661c61_1,2,"['bench_f3e13747a652b96bf5fb97c1f9661c61_008.png', 'bench_f3e13747a652b96bf5fb97c1f9661c61_004.png', 'bench_7d67ed4517c1d702ed98cca8f0ccd5f7_002.png']",0.32266327534283634
bench,bench_train_c1,bench_c1_train_f3e13747a652b96bf5fb97c1f9661c61_2,0,"['bench_7d67ed4517c1d702ed98cca8f0ccd5f7_003.png', 'bench_f3e13747a652b96bf5fb97c1f9661c61_000.png', 'bench_f3e13747a652b96bf5fb97c1f9661c61_014.png']",0.32266327534283634
bench,bench_train_c1,bench_c1_train_b6da9b2fefbad3d9693697d8506b1c6d_0,1,"['bench_b6da9b2fefbad3d9693697d8506b1c6d_010.png', 'bench_3e59aa33fcf672b8f4fb4dee5181bee_006.png', 'bench_b6da9b2fefbad3d9693697d8506b1c6d_000.png']",0.4860277812080287
bench,bench_train_c1,bench_c1_train_b6da9b2fefbad3d9693697d8506b1c6d_1,0,"['bench_3e59aa33fcf672b8f4fb4dee5181bee_014.png', 'bench_b6da9b2fefbad3d9693697d8506b1c6d_006.png', 'bench_b6da9b2fefbad3d9693697d8506b1c6d_011.png']",0.4860277812080287
bench,bench_train_c1,bench_c1_train_b6da9b2fefbad3d9693697d8506b1c6d_2,2,"['bench_b6da9b2fefbad3d9693697d8506b1c6d_006.png', 'bench_b6da9b2fefbad3d9693697d8506b1c6d_013.png', 'bench_eb06da40812adaa9542357877f3143f8_009.png']",0.30529852404545343
bench,bench_train_c1,bench_c1_train_9ebca72c02d26886a6e82f4002a10be2_0,1,"['bench_9ebca72c02d26886a6e82f4002a10be2_008.png', 'bench_2cb61abc0c2663ae8f0add668496d7a1_004.png', 'bench_9ebca72c02d26886a6e82f4002a10be2_005.png']",0.297634644573877
bench,bench_train_c1,bench_c1_train_9ebca72c02d26886a6e82f4002a10be2_1,2,"['bench_9ebca72c02d26886a6e82f4002a10be2_003.png', 'bench_9ebca72c02d26886a6e82f4002a10be2_008.png', 'bench_7d67ed4517c1d702ed98cca8f0ccd5f7_010.png']",0.3036516412466198
bench,bench_train_c1,bench_c1_train_9ebca72c02d26886a6e82f4002a10be2_2,1,"['bench_9ebca72c02d26886a6e82f4002a10be2_011.png', 'bench_66af742be9a0c722b93fc2b66c6b86b6_009.png', 'bench_9ebca72c02d26886a6e82f4002a10be2_013.png']",0.2875866531992607
bench,bench_train_c1,bench_c1_train_2cb61abc0c2663ae8f0add668496d7a1_0,0,"['bench_f8651ae6dc32338ff7010d9d85b1eb2b_005.png', 'bench_2cb61abc0c2663ae8f0add668496d7a1_005.png', 'bench_2cb61abc0c2663ae8f0add668496d7a1_014.png']",0.19267430941935737
bench,bench_train_c1,bench_c1_train_2cb61abc0c2663ae8f0add668496d7a1_1,1,"['bench_2cb61abc0c2663ae8f0add668496d7a1_005.png', 'bench_7d67ed4517c1d702ed98cca8f0ccd5f7_007.png', 'bench_2cb61abc0c2663ae8f0add668496d7a1_001.png']",0.24238822840438246
bench,bench_train_c1,bench_c1_train_2cb61abc0c2663ae8f0add668496d7a1_2,1,"['bench_2cb61abc0c2663ae8f0add668496d7a1_003.png', 'bench_7d67ed4517c1d702ed98cca8f0ccd5f7_009.png', 'bench_2cb61abc0c2663ae8f0add668496d7a1_006.png']",0.24238822840438246
bench,bench_train_c1,bench_c1_train_23325f47d2a812351165bc0a3b02b27f_0,1,"['bench_23325f47d2a812351165bc0a3b02b27f_003.png', 'bench_4eb3dc26aad9ace8f4fb4dee5181bee_005.png', 'bench_23325f47d2a812351165bc0a3b02b27f_007.png']",0.14743012149124635
bench,bench_train_c1,bench_c1_train_23325f47d2a812351165bc0a3b02b27f_1,2,"['bench_23325f47d2a812351165bc0a3b02b27f_001.png', 'bench_23325f47d2a812351165bc0a3b02b27f_002.png', 'bench_4eb3dc26aad9ace8f4fb4dee5181bee_010.png']",0.14743012149124635
bench,bench_train_c1,bench_c1_train_23325f47d2a812351165bc0a3b02b27f_2,0,"['bench_366db933a2c99444f4fb4dee5181bee_014.png', 'bench_23325f47d2a812351165bc0a3b02b27f_004.png', 'bench_23325f47d2a812351165bc0a3b02b27f_002.png']",0.11643172021853754
bench,bench_train_c1,bench_c1_train_891b8a01ad71af2db7e843606969432b_0,0,"['bench_ba8ce85fe8f294929126d89585a68a7d_000.png', 'bench_891b8a01ad71af2db7e843606969432b_009.png', 'bench_891b8a01ad71af2db7e843606969432b_013.png']",0.22392413681439138
bench,bench_train_c1,bench_c1_train_891b8a01ad71af2db7e843606969432b_1,1,"['bench_891b8a01ad71af2db7e843606969432b_005.png', 'bench_4eb3dc26aad9ace8f4fb4dee5181bee_011.png', 'bench_891b8a01ad71af2db7e843606969432b_003.png']",0.24813907630577714
bench,bench_train_c1,bench_c1_train_891b8a01ad71af2db7e843606969432b_2,2,"['bench_891b8a01ad71af2db7e843606969432b_008.png', 'bench_891b8a01ad71af2db7e843606969432b_006.png', 'bench_ffad1499a8bb6c7c19fb4103277a6b93_011.png']",0.1886609555656904
bench,bench_train_c1,bench_c1_train_3e59aa33fcf672b8f4fb4dee5181bee_0,2,"['bench_3e59aa33fcf672b8f4fb4dee5181bee_006.png', 'bench_3e59aa33fcf672b8f4fb4dee5181bee_012.png', 'bench_366db933a2c99444f4fb4dee5181bee_011.png']",0.2866129823533702
bench,bench_train_c1,bench_c1_train_3e59aa33fcf672b8f4fb4dee5181bee_1,2,"['bench_3e59aa33fcf672b8f4fb4dee5181bee_013.png', 'bench_3e59aa33fcf672b8f4fb4dee5181bee_006.png', 'bench_87086d24c964f9524ee9546b7112f88f_005.png']",0.2877990675876241
bench,bench_train_c1,bench_c1_train_3e59aa33fcf672b8f4fb4dee5181bee_2,0,"['bench_366db933a2c99444f4fb4dee5181bee_012.png', 'bench_3e59aa33fcf672b8f4fb4dee5181bee_007.png', 'bench_3e59aa33fcf672b8f4fb4dee5181bee_010.png']",0.2866129823533702
bench,bench_train_c1,bench_c1_train_2356e0b210f85371f8fa66012789e652_0,1,"['bench_2356e0b210f85371f8fa66012789e652_001.png', 'bench_eb9938d81ec9005882db9fca4b68095_011.png', 'bench_2356e0b210f85371f8fa66012789e652_014.png']",0.3682996879912158
bench,bench_train_c1,bench_c1_train_2356e0b210f85371f8fa66012789e652_1,1,"['bench_2356e0b210f85371f8fa66012789e652_004.png', 'bench_28e12ef0e54e204830bbd4cddd04c77b_011.png', 'bench_2356e0b210f85371f8fa66012789e652_009.png']",0.38357022941321706
bench,bench_train_c1,bench_c1_train_2356e0b210f85371f8fa66012789e652_2,0,"['bench_28e12ef0e54e204830bbd4cddd04c77b_001.png', 'bench_2356e0b210f85371f8fa66012789e652_009.png', 'bench_2356e0b210f85371f8fa66012789e652_013.png']",0.38357022941321706
bench,bench_train_c1,bench_c1_train_b1117a83ebf5a4c9c337a931444a5063_0,1,"['bench_b1117a83ebf5a4c9c337a931444a5063_012.png', 'bench_a2a83603f38cffbbd2b12aa6a0f050b3_006.png', 'bench_b1117a83ebf5a4c9c337a931444a5063_013.png']",0.19913904743722555
bench,bench_train_c1,bench_c1_train_b1117a83ebf5a4c9c337a931444a5063_1,0,"['bench_66af742be9a0c722b93fc2b66c6b86b6_000.png', 'bench_b1117a83ebf5a4c9c337a931444a5063_003.png', 'bench_b1117a83ebf5a4c9c337a931444a5063_011.png']",0.21351345069934768
bench,bench_train_c1,bench_c1_train_b1117a83ebf5a4c9c337a931444a5063_2,0,"['bench_ba8ce85fe8f294929126d89585a68a7d_012.png', 'bench_b1117a83ebf5a4c9c337a931444a5063_009.png', 'bench_b1117a83ebf5a4c9c337a931444a5063_011.png']",0.1858451508826039
bench,bench_train_c1,bench_c1_train_ffad1499a8bb6c7c19fb4103277a6b93_0,2,"['bench_ffad1499a8bb6c7c19fb4103277a6b93_006.png', 'bench_ffad1499a8bb6c7c19fb4103277a6b93_014.png', 'bench_28e12ef0e54e204830bbd4cddd04c77b_014.png']",0.27418373140850205
bench,bench_train_c1,bench_c1_train_ffad1499a8bb6c7c19fb4103277a6b93_1,2,"['bench_ffad1499a8bb6c7c19fb4103277a6b93_003.png', 'bench_ffad1499a8bb6c7c19fb4103277a6b93_008.png', 'bench_891b8a01ad71af2db7e843606969432b_004.png']",0.1886609555656904
bench,bench_train_c1,bench_c1_train_ffad1499a8bb6c7c19fb4103277a6b93_2,2,"['bench_ffad1499a8bb6c7c19fb4103277a6b93_004.png', 'bench_ffad1499a8bb6c7c19fb4103277a6b93_011.png', 'bench_eb9938d81ec9005882db9fca4b68095_014.png']",0.05451558838282344
bench,bench_train_c1,bench_c1_train_49908190a4206224f28732697aa0af57_0,1,"['bench_49908190a4206224f28732697aa0af57_007.png', 'bench_ba8ce85fe8f294929126d89585a68a7d_008.png', 'bench_49908190a4206224f28732697aa0af57_005.png']",0.2397464114855581
bench,bench_train_c1,bench_c1_train_49908190a4206224f28732697aa0af57_1,0,"['bench_66af742be9a0c722b93fc2b66c6b86b6_009.png', 'bench_49908190a4206224f28732697aa0af57_006.png', 'bench_49908190a4206224f28732697aa0af57_003.png']",0.2619288308645247
bench,bench_train_c1,bench_c1_train_49908190a4206224f28732697aa0af57_2,2,"['bench_49908190a4206224f28732697aa0af57_012.png', 'bench_49908190a4206224f28732697aa0af57_007.png', 'bench_f8651ae6dc32338ff7010d9d85b1eb2b_005.png']",0.2841220519087173
bench,bench_train_c1,bench_c1_train_4eb3dc26aad9ace8f4fb4dee5181bee_0,1,"['bench_4eb3dc26aad9ace8f4fb4dee5181bee_010.png', 'bench_23325f47d2a812351165bc0a3b02b27f_002.png', 'bench_4eb3dc26aad9ace8f4fb4dee5181bee_008.png']",0.14743012149124635
bench,bench_train_c1,bench_c1_train_4eb3dc26aad9ace8f4fb4dee5181bee_1,0,"['bench_23325f47d2a812351165bc0a3b02b27f_005.png', 'bench_4eb3dc26aad9ace8f4fb4dee5181bee_011.png', 'bench_4eb3dc26aad9ace8f4fb4dee5181bee_007.png']",0.14743012149124635
bench,bench_train_c1,bench_c1_train_4eb3dc26aad9ace8f4fb4dee5181bee_2,2,"['bench_4eb3dc26aad9ace8f4fb4dee5181bee_005.png', 'bench_4eb3dc26aad9ace8f4fb4dee5181bee_011.png', 'bench_eb9938d81ec9005882db9fca4b68095_004.png']",0.16497408016525916
bench,bench_train_c1,bench_c1_train_ba8ce85fe8f294929126d89585a68a7d_0,0,"['bench_f8651ae6dc32338ff7010d9d85b1eb2b_013.png', 'bench_ba8ce85fe8f294929126d89585a68a7d_000.png', 'bench_ba8ce85fe8f294929126d89585a68a7d_005.png']",0.18012087467356575
bench,bench_train_c1,bench_c1_train_ba8ce85fe8f294929126d89585a68a7d_1,0,"['bench_f8651ae6dc32338ff7010d9d85b1eb2b_014.png', 'bench_ba8ce85fe8f294929126d89585a68a7d_007.png', 'bench_ba8ce85fe8f294929126d89585a68a7d_008.png']",0.18012087467356575
bench,bench_train_c1,bench_c1_train_ba8ce85fe8f294929126d89585a68a7d_2,2,"['bench_ba8ce85fe8f294929126d89585a68a7d_008.png', 'bench_ba8ce85fe8f294929126d89585a68a7d_012.png', 'bench_eb9938d81ec9005882db9fca4b68095_002.png']",0.18030344297864376
bench,bench_train_c1,bench_c1_train_66af742be9a0c722b93fc2b66c6b86b6_0,1,"['bench_66af742be9a0c722b93fc2b66c6b86b6_002.png', 'bench_f8651ae6dc32338ff7010d9d85b1eb2b_008.png', 'bench_66af742be9a0c722b93fc2b66c6b86b6_004.png']",0.13659688728161334
bench,bench_train_c1,bench_c1_train_66af742be9a0c722b93fc2b66c6b86b6_1,0,"['bench_23325f47d2a812351165bc0a3b02b27f_006.png', 'bench_66af742be9a0c722b93fc2b66c6b86b6_011.png', 'bench_66af742be9a0c722b93fc2b66c6b86b6_014.png']",0.08291868260914814
bench,bench_train_c1,bench_c1_train_66af742be9a0c722b93fc2b66c6b86b6_2,1,"['bench_66af742be9a0c722b93fc2b66c6b86b6_003.png', 'bench_23325f47d2a812351165bc0a3b02b27f_009.png', 'bench_66af742be9a0c722b93fc2b66c6b86b6_001.png']",0.08291868260914814
bench,bench_train_c1,bench_c1_train_5ab38425eb09fe33cac2a982f1c2a5b5_0,2,"['bench_5ab38425eb09fe33cac2a982f1c2a5b5_011.png', 'bench_5ab38425eb09fe33cac2a982f1c2a5b5_005.png', 'bench_ffad1499a8bb6c7c19fb4103277a6b93_010.png']",0.29324529477213523
bench,bench_train_c1,bench_c1_train_5ab38425eb09fe33cac2a982f1c2a5b5_1,2,"['bench_5ab38425eb09fe33cac2a982f1c2a5b5_013.png', 'bench_5ab38425eb09fe33cac2a982f1c2a5b5_002.png', 'bench_ffad1499a8bb6c7c19fb4103277a6b93_008.png']",0.29324529477213523
bench,bench_train_c1,bench_c1_train_5ab38425eb09fe33cac2a982f1c2a5b5_2,0,"['bench_eb9938d81ec9005882db9fca4b68095_005.png', 'bench_5ab38425eb09fe33cac2a982f1c2a5b5_007.png', 'bench_5ab38425eb09fe33cac2a982f1c2a5b5_010.png']",0.34578409318605186
bench,bench_train_c1,bench_c1_train_f8651ae6dc32338ff7010d9d85b1eb2b_0,2,"['bench_f8651ae6dc32338ff7010d9d85b1eb2b_001.png', 'bench_f8651ae6dc32338ff7010d9d85b1eb2b_002.png', 'bench_44facd26b66e6ec8cf0c8ab22c613984_002.png']",0.22651008892163504
bench,bench_train_c1,bench_c1_train_f8651ae6dc32338ff7010d9d85b1eb2b_1,2,"['bench_f8651ae6dc32338ff7010d9d85b1eb2b_009.png', 'bench_f8651ae6dc32338ff7010d9d85b1eb2b_006.png', 'bench_66af742be9a0c722b93fc2b66c6b86b6_006.png']",0.13659688728161334
bench,bench_train_c1,bench_c1_train_f8651ae6dc32338ff7010d9d85b1eb2b_2,2,"['bench_f8651ae6dc32338ff7010d9d85b1eb2b_003.png', 'bench_f8651ae6dc32338ff7010d9d85b1eb2b_013.png', 'bench_44facd26b66e6ec8cf0c8ab22c613984_009.png']",0.22651008892163504
bench,bench_train_c1,bench_c1_train_eb9938d81ec9005882db9fca4b68095_0,2,"['bench_eb9938d81ec9005882db9fca4b68095_006.png', 'bench_eb9938d81ec9005882db9fca4b68095_002.png', 'bench_ba8ce85fe8f294929126d89585a68a7d_010.png']",0.18030344297864376
bench,bench_train_c1,bench_c1_train_eb9938d81ec9005882db9fca4b68095_1,0,"['bench_ba8ce85fe8f294929126d89585a68a7d_002.png', 'bench_eb9938d81ec9005882db9fca4b68095_005.png', 'bench_eb9938d81ec9005882db9fca4b68095_010.png']",0.18030344297864376
bench,bench_train_c1,bench_c1_train_eb9938d81ec9005882db9fca4b68095_2,1,"['bench_eb9938d81ec9005882db9fca4b68095_007.png', 'bench_ba8ce85fe8f294929126d89585a68a7d_006.png', 'bench_eb9938d81ec9005882db9fca4b68095_006.png']",0.18030344297864376
bench,bench_train_c1,bench_c1_train_87086d24c964f9524ee9546b7112f88f_0,1,"['bench_87086d24c964f9524ee9546b7112f88f_000.png', 'bench_66af742be9a0c722b93fc2b66c6b86b6_005.png', 'bench_87086d24c964f9524ee9546b7112f88f_009.png']",0.2614989183368347
bench,bench_train_c1,bench_c1_train_87086d24c964f9524ee9546b7112f88f_1,2,"['bench_87086d24c964f9524ee9546b7112f88f_001.png', 'bench_87086d24c964f9524ee9546b7112f88f_005.png', 'bench_23325f47d2a812351165bc0a3b02b27f_001.png']",0.26973549474528113
bench,bench_train_c1,bench_c1_train_87086d24c964f9524ee9546b7112f88f_2,0,"['bench_23325f47d2a812351165bc0a3b02b27f_005.png', 'bench_87086d24c964f9524ee9546b7112f88f_003.png', 'bench_87086d24c964f9524ee9546b7112f88f_014.png']",0.26973549474528113
bench,bench_train_c1,bench_c1_train_eb06da40812adaa9542357877f3143f8_0,1,"['bench_eb06da40812adaa9542357877f3143f8_001.png', 'bench_ffad1499a8bb6c7c19fb4103277a6b93_005.png', 'bench_eb06da40812adaa9542357877f3143f8_006.png']",0.3032181078805213
bench,bench_train_c1,bench_c1_train_eb06da40812adaa9542357877f3143f8_1,1,"['bench_eb06da40812adaa9542357877f3143f8_011.png', 'bench_ffad1499a8bb6c7c19fb4103277a6b93_000.png', 'bench_eb06da40812adaa9542357877f3143f8_014.png']",0.3032181078805213
bench,bench_train_c1,bench_c1_train_eb06da40812adaa9542357877f3143f8_2,1,"['bench_eb06da40812adaa9542357877f3143f8_014.png', 'bench_44facd26b66e6ec8cf0c8ab22c613984_000.png', 'bench_eb06da40812adaa9542357877f3143f8_012.png']",0.24850477956246086
bench,bench_train_c2,bench_c2_train_1b40594ce6fa66ca35028a2641239f56_0,0,"['bench_442283366e5b20c7a136444fdcc3f2b1_014.png', 'bench_1b40594ce6fa66ca35028a2641239f56_004.png', 'bench_1b40594ce6fa66ca35028a2641239f56_005.png']",0.08119114145097717
bench,bench_train_c2,bench_c2_train_1b40594ce6fa66ca35028a2641239f56_1,1,"['bench_1b40594ce6fa66ca35028a2641239f56_000.png', 'bench_9452149917cb2e27f4fb4dee5181bee_012.png', 'bench_1b40594ce6fa66ca35028a2641239f56_012.png']",0.07195332418382527
bench,bench_train_c2,bench_c2_train_1b40594ce6fa66ca35028a2641239f56_2,2,"['bench_1b40594ce6fa66ca35028a2641239f56_013.png', 'bench_1b40594ce6fa66ca35028a2641239f56_003.png', 'bench_f98b9721d2f5b3d7f4f81e1d4b32b45_006.png']",0.0037740072051776208
bench,bench_train_c2,bench_c2_train_d1d433ab6a289a568e95e8a3bb5a538a_0,2,"['bench_d1d433ab6a289a568e95e8a3bb5a538a_007.png', 'bench_d1d433ab6a289a568e95e8a3bb5a538a_000.png', 'bench_1b40594ce6fa66ca35028a2641239f56_012.png']",0.08765906154415415
bench,bench_train_c2,bench_c2_train_d1d433ab6a289a568e95e8a3bb5a538a_1,2,"['bench_d1d433ab6a289a568e95e8a3bb5a538a_013.png', 'bench_d1d433ab6a289a568e95e8a3bb5a538a_005.png', 'bench_5d4fd92c09e3369256f6fc4b4ce1db04_004.png']",0.11085705309609828
bench,bench_train_c2,bench_c2_train_d1d433ab6a289a568e95e8a3bb5a538a_2,2,"['bench_d1d433ab6a289a568e95e8a3bb5a538a_009.png', 'bench_d1d433ab6a289a568e95e8a3bb5a538a_005.png', 'bench_5d4fd92c09e3369256f6fc4b4ce1db04_003.png']",0.11085705309609828
bench,bench_train_c2,bench_c2_train_d34b04cb67bf2115c308e7dd57b5111a_0,2,"['bench_d34b04cb67bf2115c308e7dd57b5111a_007.png', 'bench_d34b04cb67bf2115c308e7dd57b5111a_005.png', 'bench_442283366e5b20c7a136444fdcc3f2b1_002.png']",0.033185129930002555
bench,bench_train_c2,bench_c2_train_d34b04cb67bf2115c308e7dd57b5111a_1,1,"['bench_d34b04cb67bf2115c308e7dd57b5111a_011.png', 'bench_c023275b1a68d6432056b4bd5d870b47_000.png', 'bench_d34b04cb67bf2115c308e7dd57b5111a_008.png']",0.031981089076138836
bench,bench_train_c2,bench_c2_train_d34b04cb67bf2115c308e7dd57b5111a_2,1,"['bench_d34b04cb67bf2115c308e7dd57b5111a_008.png', 'bench_9452149917cb2e27f4fb4dee5181bee_003.png', 'bench_d34b04cb67bf2115c308e7dd57b5111a_001.png']",0.028116700362677327
bench,bench_train_c2,bench_c2_train_75ba60267a6c36af4b0780126e986ee_0,1,"['bench_75ba60267a6c36af4b0780126e986ee_010.png', 'bench_c023275b1a68d6432056b4bd5d870b47_001.png', 'bench_75ba60267a6c36af4b0780126e986ee_011.png']",0.03220106580251825
bench,bench_train_c2,bench_c2_train_75ba60267a6c36af4b0780126e986ee_1,2,"['bench_75ba60267a6c36af4b0780126e986ee_014.png', 'bench_75ba60267a6c36af4b0780126e986ee_004.png', 'bench_5d4fd92c09e3369256f6fc4b4ce1db04_010.png']",0.04084980755446821
bench,bench_train_c2,bench_c2_train_75ba60267a6c36af4b0780126e986ee_2,2,"['bench_75ba60267a6c36af4b0780126e986ee_013.png', 'bench_75ba60267a6c36af4b0780126e986ee_006.png', 'bench_667305123da07968d2b12aa6a0f050b3_001.png']",0.03543862225334893
bench,bench_train_c2,bench_c2_train_94420ab399ce8a1561e51a63d5bc6e46_0,2,"['bench_94420ab399ce8a1561e51a63d5bc6e46_012.png', 'bench_94420ab399ce8a1561e51a63d5bc6e46_014.png', 'bench_7def648b4fd4d1e419eeae21e79bb898_001.png']",0.09088725927011843
bench,bench_train_c2,bench_c2_train_94420ab399ce8a1561e51a63d5bc6e46_1,0,"['bench_d34b04cb67bf2115c308e7dd57b5111a_003.png', 'bench_94420ab399ce8a1561e51a63d5bc6e46_004.png', 'bench_94420ab399ce8a1561e51a63d5bc6e46_002.png']",0.08625301368798133
bench,bench_train_c2,bench_c2_train_94420ab399ce8a1561e51a63d5bc6e46_2,1,"['bench_94420ab399ce8a1561e51a63d5bc6e46_004.png', 'bench_5d4fd92c09e3369256f6fc4b4ce1db04_009.png', 'bench_94420ab399ce8a1561e51a63d5bc6e46_001.png']",0.08178430124114677
bench,bench_train_c2,bench_c2_train_7def648b4fd4d1e419eeae21e79bb898_0,2,"['bench_7def648b4fd4d1e419eeae21e79bb898_003.png', 'bench_7def648b4fd4d1e419eeae21e79bb898_001.png', 'bench_5d4fd92c09e3369256f6fc4b4ce1db04_001.png']",0.025996242749227516
bench,bench_train_c2,bench_c2_train_7def648b4fd4d1e419eeae21e79bb898_1,1,"['bench_7def648b4fd4d1e419eeae21e79bb898_008.png', 'bench_d34b04cb67bf2115c308e7dd57b5111a_000.png', 'bench_7def648b4fd4d1e419eeae21e79bb898_000.png']",0.03401600493723267
bench,bench_train_c2,bench_c2_train_7def648b4fd4d1e419eeae21e79bb898_2,2,"['bench_7def648b4fd4d1e419eeae21e79bb898_003.png', 'bench_7def648b4fd4d1e419eeae21e79bb898_009.png', 'bench_5d4fd92c09e3369256f6fc4b4ce1db04_009.png']",0.025996242749227516
bench,bench_train_c2,bench_c2_train_decfee8dff04ef84990a10a82d99ca57_0,0,"['bench_c023275b1a68d6432056b4bd5d870b47_008.png', 'bench_decfee8dff04ef84990a10a82d99ca57_014.png', 'bench_decfee8dff04ef84990a10a82d99ca57_008.png']",0.09350558866738667
bench,bench_train_c2,bench_c2_train_decfee8dff04ef84990a10a82d99ca57_1,2,"['bench_decfee8dff04ef84990a10a82d99ca57_000.png', 'bench_decfee8dff04ef84990a10a82d99ca57_009.png', 'bench_5d4fd92c09e3369256f6fc4b4ce1db04_010.png']",0.08476280189308527
bench,bench_train_c2,bench_c2_train_decfee8dff04ef84990a10a82d99ca57_2,0,"['bench_d34b04cb67bf2115c308e7dd57b5111a_012.png', 'bench_decfee8dff04ef84990a10a82d99ca57_014.png', 'bench_decfee8dff04ef84990a10a82d99ca57_006.png']",0.08511702705204793
bench,bench_train_c2,bench_c2_train_9452149917cb2e27f4fb4dee5181bee_0,0,"['bench_d34b04cb67bf2115c308e7dd57b5111a_002.png', 'bench_9452149917cb2e27f4fb4dee5181bee_013.png', 'bench_9452149917cb2e27f4fb4dee5181bee_002.png']",0.028116700362677327
bench,bench_train_c2,bench_c2_train_9452149917cb2e27f4fb4dee5181bee_1,1,"['bench_9452149917cb2e27f4fb4dee5181bee_004.png', 'bench_d34b04cb67bf2115c308e7dd57b5111a_013.png', 'bench_9452149917cb2e27f4fb4dee5181bee_012.png']",0.028116700362677327
bench,bench_train_c2,bench_c2_train_9452149917cb2e27f4fb4dee5181bee_2,2,"['bench_9452149917cb2e27f4fb4dee5181bee_007.png', 'bench_9452149917cb2e27f4fb4dee5181bee_008.png', 'bench_c023275b1a68d6432056b4bd5d870b47_014.png']",0.03299680746371203
bench,bench_train_c2,bench_c2_train_a451f5d4b01cc78856f6fc4b4ce1db04_0,1,"['bench_a451f5d4b01cc78856f6fc4b4ce1db04_007.png', 'bench_756c2cbd2d42644052b192b5b7698446_002.png', 'bench_a451f5d4b01cc78856f6fc4b4ce1db04_014.png']",0.01581334894761144
bench,bench_train_c2,bench_c2_train_a451f5d4b01cc78856f6fc4b4ce1db04_1,1,"['bench_a451f5d4b01cc78856f6fc4b4ce1db04_009.png', 'bench_8d40e13e8d27786b5a2cd0e0d44dc51_000.png', 'bench_a451f5d4b01cc78856f6fc4b4ce1db04_000.png']",0.00696291562742557
bench,bench_train_c2,bench_c2_train_a451f5d4b01cc78856f6fc4b4ce1db04_2,0,"['bench_c023275b1a68d6432056b4bd5d870b47_014.png', 'bench_a451f5d4b01cc78856f6fc4b4ce1db04_008.png', 'bench_a451f5d4b01cc78856f6fc4b4ce1db04_014.png']",0.012202436476334455
bench,bench_train_c2,bench_c2_train_442283366e5b20c7a136444fdcc3f2b1_0,0,"['bench_a451f5d4b01cc78856f6fc4b4ce1db04_007.png', 'bench_442283366e5b20c7a136444fdcc3f2b1_003.png', 'bench_442283366e5b20c7a136444fdcc3f2b1_012.png']",0.02342409175050486
bench,bench_train_c2,bench_c2_train_442283366e5b20c7a136444fdcc3f2b1_1,1,"['bench_442283366e5b20c7a136444fdcc3f2b1_010.png', 'bench_756c2cbd2d42644052b192b5b7698446_008.png', 'bench_442283366e5b20c7a136444fdcc3f2b1_006.png']",0.024449282445396348
bench,bench_train_c2,bench_c2_train_442283366e5b20c7a136444fdcc3f2b1_2,0,"['bench_c023275b1a68d6432056b4bd5d870b47_009.png', 'bench_442283366e5b20c7a136444fdcc3f2b1_013.png', 'bench_442283366e5b20c7a136444fdcc3f2b1_012.png']",0.022890416867521468
bench,bench_train_c2,bench_c2_train_5d4fd92c09e3369256f6fc4b4ce1db04_0,0,"['bench_d34b04cb67bf2115c308e7dd57b5111a_009.png', 'bench_5d4fd92c09e3369256f6fc4b4ce1db04_003.png', 'bench_5d4fd92c09e3369256f6fc4b4ce1db04_009.png']",0.010300585144050411
bench,bench_train_c2,bench_c2_train_5d4fd92c09e3369256f6fc4b4ce1db04_1,0,"['bench_667305123da07968d2b12aa6a0f050b3_011.png', 'bench_5d4fd92c09e3369256f6fc4b4ce1db04_014.png', 'bench_5d4fd92c09e3369256f6fc4b4ce1db04_009.png']",0.01898252618757401
bench,bench_train_c2,bench_c2_train_5d4fd92c09e3369256f6fc4b4ce1db04_2,1,"['bench_5d4fd92c09e3369256f6fc4b4ce1db04_000.png', 'bench_d34b04cb67bf2115c308e7dd57b5111a_004.png', 'bench_5d4fd92c09e3369256f6fc4b4ce1db04_006.png']",0.010300585144050411
bench,bench_train_c2,bench_c2_train_3b2ef85bafb7669d35382c4d59d1fdb6_0,1,"['bench_3b2ef85bafb7669d35382c4d59d1fdb6_013.png', 'bench_8d40e13e8d27786b5a2cd0e0d44dc51_008.png', 'bench_3b2ef85bafb7669d35382c4d59d1fdb6_007.png']",0.10676912326822208
bench,bench_train_c2,bench_c2_train_3b2ef85bafb7669d35382c4d59d1fdb6_1,1,"['bench_3b2ef85bafb7669d35382c4d59d1fdb6_009.png', 'bench_a451f5d4b01cc78856f6fc4b4ce1db04_012.png', 'bench_3b2ef85bafb7669d35382c4d59d1fdb6_014.png']",0.10394329145372738
bench,bench_train_c2,bench_c2_train_3b2ef85bafb7669d35382c4d59d1fdb6_2,0,"['bench_9452149917cb2e27f4fb4dee5181bee_011.png', 'bench_3b2ef85bafb7669d35382c4d59d1fdb6_012.png', 'bench_3b2ef85bafb7669d35382c4d59d1fdb6_001.png']",0.10437320980307219
bench,bench_train_c2,bench_c2_train_3b2f0fa67b29b6cd389a52d0b0203298_0,1,"['bench_3b2f0fa67b29b6cd389a52d0b0203298_002.png', 'bench_3dd362593be47490ad5067eac75a07f7_004.png', 'bench_3b2f0fa67b29b6cd389a52d0b0203298_012.png']",0.09224641165942116
bench,bench_train_c2,bench_c2_train_3b2f0fa67b29b6cd389a52d0b0203298_1,0,"['bench_d9de3b770e53a41d5b7bc62e486d578c_010.png', 'bench_3b2f0fa67b29b6cd389a52d0b0203298_001.png', 'bench_3b2f0fa67b29b6cd389a52d0b0203298_005.png']",0.029653640750176735
bench,bench_train_c2,bench_c2_train_3b2f0fa67b29b6cd389a52d0b0203298_2,1,"['bench_3b2f0fa67b29b6cd389a52d0b0203298_011.png', 'bench_d9de3b770e53a41d5b7bc62e486d578c_009.png', 'bench_3b2f0fa67b29b6cd389a52d0b0203298_007.png']",0.029653640750176735
bench,bench_train_c2,bench_c2_train_756c2cbd2d42644052b192b5b7698446_0,2,"['bench_756c2cbd2d42644052b192b5b7698446_011.png', 'bench_756c2cbd2d42644052b192b5b7698446_005.png', 'bench_c023275b1a68d6432056b4bd5d870b47_000.png']",0.01633724145028148
bench,bench_train_c2,bench_c2_train_756c2cbd2d42644052b192b5b7698446_1,0,"['bench_8d40e13e8d27786b5a2cd0e0d44dc51_012.png', 'bench_756c2cbd2d42644052b192b5b7698446_007.png', 'bench_756c2cbd2d42644052b192b5b7698446_006.png']",0.01845425076087004
bench,bench_train_c2,bench_c2_train_756c2cbd2d42644052b192b5b7698446_2,0,"['bench_442283366e5b20c7a136444fdcc3f2b1_005.png', 'bench_756c2cbd2d42644052b192b5b7698446_012.png', 'bench_756c2cbd2d42644052b192b5b7698446_013.png']",0.024449282445396348
bench,bench_train_c2,bench_c2_train_c023275b1a68d6432056b4bd5d870b47_0,0,"['bench_8d40e13e8d27786b5a2cd0e0d44dc51_011.png', 'bench_c023275b1a68d6432056b4bd5d870b47_010.png', 'bench_c023275b1a68d6432056b4bd5d870b47_005.png']",0.01225376588591609
bench,bench_train_c2,bench_c2_train_c023275b1a68d6432056b4bd5d870b47_1,2,"['bench_c023275b1a68d6432056b4bd5d870b47_012.png', 'bench_c023275b1a68d6432056b4bd5d870b47_011.png', 'bench_a451f5d4b01cc78856f6fc4b4ce1db04_004.png']",0.012202436476334455
bench,bench_train_c2,bench_c2_train_c023275b1a68d6432056b4bd5d870b47_2,1,"['bench_c023275b1a68d6432056b4bd5d870b47_003.png', 'bench_a451f5d4b01cc78856f6fc4b4ce1db04_004.png', 'bench_c023275b1a68d6432056b4bd5d870b47_010.png']",0.012202436476334455
bench,bench_train_c2,bench_c2_train_8861988f97b2e8c722da8c30c5c6c8ca_0,0,"['bench_89f810f17284aceb85ef4356ea4ff622_009.png', 'bench_8861988f97b2e8c722da8c30c5c6c8ca_005.png', 'bench_8861988f97b2e8c722da8c30c5c6c8ca_011.png']",0.06878665959558372
bench,bench_train_c2,bench_c2_train_8861988f97b2e8c722da8c30c5c6c8ca_1,1,"['bench_8861988f97b2e8c722da8c30c5c6c8ca_007.png', 'bench_f98b9721d2f5b3d7f4f81e1d4b32b45_008.png', 'bench_8861988f97b2e8c722da8c30c5c6c8ca_008.png']",0.1056209675838573
bench,bench_train_c2,bench_c2_train_8861988f97b2e8c722da8c30c5c6c8ca_2,2,"['bench_8861988f97b2e8c722da8c30c5c6c8ca_008.png', 'bench_8861988f97b2e8c722da8c30c5c6c8ca_009.png', 'bench_f98b9721d2f5b3d7f4f81e1d4b32b45_005.png']",0.1056209675838573
bench,bench_train_c2,bench_c2_train_3dd362593be47490ad5067eac75a07f7_0,2,"['bench_3dd362593be47490ad5067eac75a07f7_000.png', 'bench_3dd362593be47490ad5067eac75a07f7_007.png', 'bench_d9de3b770e53a41d5b7bc62e486d578c_013.png']",0.059358083026967656
bench,bench_train_c2,bench_c2_train_3dd362593be47490ad5067eac75a07f7_1,1,"['bench_3dd362593be47490ad5067eac75a07f7_002.png', 'bench_d9de3b770e53a41d5b7bc62e486d578c_014.png', 'bench_3dd362593be47490ad5067eac75a07f7_003.png']",0.059358083026967656
bench,bench_train_c2,bench_c2_train_3dd362593be47490ad5067eac75a07f7_2,2,"['bench_3dd362593be47490ad5067eac75a07f7_012.png', 'bench_3dd362593be47490ad5067eac75a07f7_001.png', 'bench_65470e16a5880d4dcb2a965e75be701c_008.png']",0.06500951092577678
bench,bench_train_c2,bench_c2_train_8d40e13e8d27786b5a2cd0e0d44dc51_0,1,"['bench_8d40e13e8d27786b5a2cd0e0d44dc51_004.png', 'bench_a4d107815780161ab7ea82317702e856_007.png', 'bench_8d40e13e8d27786b5a2cd0e0d44dc51_009.png']",0.02077879674004235
bench,bench_train_c2,bench_c2_train_8d40e13e8d27786b5a2cd0e0d44dc51_1,2,"['bench_8d40e13e8d27786b5a2cd0e0d44dc51_013.png', 'bench_8d40e13e8d27786b5a2cd0e0d44dc51_000.png', 'bench_c023275b1a68d6432056b4bd5d870b47_009.png']",0.01225376588591609
bench,bench_train_c2,bench_c2_train_8d40e13e8d27786b5a2cd0e0d44dc51_2,0,"['bench_756c2cbd2d42644052b192b5b7698446_012.png', 'bench_8d40e13e8d27786b5a2cd0e0d44dc51_014.png', 'bench_8d40e13e8d27786b5a2cd0e0d44dc51_007.png']",0.01845425076087004
bench,bench_train_c2,bench_c2_train_f98b9721d2f5b3d7f4f81e1d4b32b45_0,2,"['bench_f98b9721d2f5b3d7f4f81e1d4b32b45_007.png', 'bench_f98b9721d2f5b3d7f4f81e1d4b32b45_005.png', 'bench_442283366e5b20c7a136444fdcc3f2b1_001.png']",0.08831602441441244
bench,bench_train_c2,bench_c2_train_f98b9721d2f5b3d7f4f81e1d4b32b45_1,2,"['bench_f98b9721d2f5b3d7f4f81e1d4b32b45_009.png', 'bench_f98b9721d2f5b3d7f4f81e1d4b32b45_007.png', 'bench_442283366e5b20c7a136444fdcc3f2b1_006.png']",0.08831602441441244
bench,bench_train_c2,bench_c2_train_f98b9721d2f5b3d7f4f81e1d4b32b45_2,2,"['bench_f98b9721d2f5b3d7f4f81e1d4b32b45_002.png', 'bench_f98b9721d2f5b3d7f4f81e1d4b32b45_007.png', 'bench_8d40e13e8d27786b5a2cd0e0d44dc51_002.png']",0.09640299986236622
bench,bench_train_c2,bench_c2_train_667305123da07968d2b12aa6a0f050b3_0,0,"['bench_a4d107815780161ab7ea82317702e856_011.png', 'bench_667305123da07968d2b12aa6a0f050b3_010.png', 'bench_667305123da07968d2b12aa6a0f050b3_001.png']",0.0184048304919473
bench,bench_train_c2,bench_c2_train_667305123da07968d2b12aa6a0f050b3_1,2,"['bench_667305123da07968d2b12aa6a0f050b3_012.png', 'bench_667305123da07968d2b12aa6a0f050b3_013.png', 'bench_c023275b1a68d6432056b4bd5d870b47_011.png']",0.014189522959823897
bench,bench_train_c2,bench_c2_train_667305123da07968d2b12aa6a0f050b3_2,1,"['bench_667305123da07968d2b12aa6a0f050b3_014.png', 'bench_c023275b1a68d6432056b4bd5d870b47_013.png', 'bench_667305123da07968d2b12aa6a0f050b3_003.png']",0.014189522959823897
bench,bench_train_c2,bench_c2_train_989c5de438050d9d6664ead1964339d_0,1,"['bench_989c5de438050d9d6664ead1964339d_007.png', 'bench_a451f5d4b01cc78856f6fc4b4ce1db04_011.png', 'bench_989c5de438050d9d6664ead1964339d_013.png']",0.05607823804808554
bench,bench_train_c2,bench_c2_train_989c5de438050d9d6664ead1964339d_1,1,"['bench_989c5de438050d9d6664ead1964339d_011.png', 'bench_a451f5d4b01cc78856f6fc4b4ce1db04_013.png', 'bench_989c5de438050d9d6664ead1964339d_008.png']",0.05607823804808554
bench,bench_train_c2,bench_c2_train_989c5de438050d9d6664ead1964339d_2,1,"['bench_989c5de438050d9d6664ead1964339d_008.png', 'bench_c023275b1a68d6432056b4bd5d870b47_001.png', 'bench_989c5de438050d9d6664ead1964339d_005.png']",0.06668614515026727
bench,bench_train_c2,bench_c2_train_65470e16a5880d4dcb2a965e75be701c_0,1,"['bench_65470e16a5880d4dcb2a965e75be701c_002.png', 'bench_756c2cbd2d42644052b192b5b7698446_013.png', 'bench_65470e16a5880d4dcb2a965e75be701c_001.png']",0.04579830615619829
bench,bench_train_c2,bench_c2_train_65470e16a5880d4dcb2a965e75be701c_1,2,"['bench_65470e16a5880d4dcb2a965e75be701c_006.png', 'bench_65470e16a5880d4dcb2a965e75be701c_011.png', 'bench_7def648b4fd4d1e419eeae21e79bb898_006.png']",0.03589630572388436
bench,bench_train_c2,bench_c2_train_65470e16a5880d4dcb2a965e75be701c_2,1,"['bench_65470e16a5880d4dcb2a965e75be701c_007.png', 'bench_c023275b1a68d6432056b4bd5d870b47_008.png', 'bench_65470e16a5880d4dcb2a965e75be701c_000.png']",0.04108412571491815
bench,bench_train_c2,bench_c2_train_a4d107815780161ab7ea82317702e856_0,1,"['bench_a4d107815780161ab7ea82317702e856_007.png', 'bench_c023275b1a68d6432056b4bd5d870b47_005.png', 'bench_a4d107815780161ab7ea82317702e856_011.png']",0.021004589198886148
bench,bench_train_c2,bench_c2_train_a4d107815780161ab7ea82317702e856_1,0,"['bench_667305123da07968d2b12aa6a0f050b3_010.png', 'bench_a4d107815780161ab7ea82317702e856_009.png', 'bench_a4d107815780161ab7ea82317702e856_013.png']",0.0184048304919473
bench,bench_train_c2,bench_c2_train_a4d107815780161ab7ea82317702e856_2,0,"['bench_a451f5d4b01cc78856f6fc4b4ce1db04_003.png', 'bench_a4d107815780161ab7ea82317702e856_004.png', 'bench_a4d107815780161ab7ea82317702e856_005.png']",0.020975446067618475
bench,bench_train_c2,bench_c2_train_89f810f17284aceb85ef4356ea4ff622_0,1,"['bench_89f810f17284aceb85ef4356ea4ff622_004.png', 'bench_9452149917cb2e27f4fb4dee5181bee_005.png', 'bench_89f810f17284aceb85ef4356ea4ff622_008.png']",0.08540195711565868
bench,bench_train_c2,bench_c2_train_89f810f17284aceb85ef4356ea4ff622_1,0,"['bench_442283366e5b20c7a136444fdcc3f2b1_000.png', 'bench_89f810f17284aceb85ef4356ea4ff622_004.png', 'bench_89f810f17284aceb85ef4356ea4ff622_008.png']",0.10061289641258075
bench,bench_train_c2,bench_c2_train_89f810f17284aceb85ef4356ea4ff622_2,1,"['bench_89f810f17284aceb85ef4356ea4ff622_014.png', 'bench_1b40594ce6fa66ca35028a2641239f56_007.png', 'bench_89f810f17284aceb85ef4356ea4ff622_001.png']",0.09791833416450679
bench,bench_train_c2,bench_c2_train_d9de3b770e53a41d5b7bc62e486d578c_0,1,"['bench_d9de3b770e53a41d5b7bc62e486d578c_006.png', 'bench_3b2f0fa67b29b6cd389a52d0b0203298_001.png', 'bench_d9de3b770e53a41d5b7bc62e486d578c_012.png']",0.029653640750176735
bench,bench_train_c2,bench_c2_train_d9de3b770e53a41d5b7bc62e486d578c_1,2,"['bench_d9de3b770e53a41d5b7bc62e486d578c_002.png', 'bench_d9de3b770e53a41d5b7bc62e486d578c_004.png', 'bench_756c2cbd2d42644052b192b5b7698446_008.png']",0.07719310173721772
bench,bench_train_c2,bench_c2_train_d9de3b770e53a41d5b7bc62e486d578c_2,0,"['bench_442283366e5b20c7a136444fdcc3f2b1_003.png', 'bench_d9de3b770e53a41d5b7bc62e486d578c_009.png', 'bench_d9de3b770e53a41d5b7bc62e486d578c_002.png']",0.07808659037420562
cabinet,cabinet_train_c0,cabinet_c0_train_bae2eb7c426570752c91206be77753e3_0,1,"['cabinet_bae2eb7c426570752c91206be77753e3_013.png', 'cabinet_56253642219df29c37d43e094da89ace_005.png', 'cabinet_bae2eb7c426570752c91206be77753e3_005.png']",0.31534451597324464
cabinet,cabinet_train_c0,cabinet_c0_train_bae2eb7c426570752c91206be77753e3_1,2,"['cabinet_bae2eb7c426570752c91206be77753e3_001.png', 'cabinet_bae2eb7c426570752c91206be77753e3_009.png', 'cabinet_a66122ff2d0e4bac6ba14bfd91a75020_006.png']",0.4642580100307495
cabinet,cabinet_train_c0,cabinet_c0_train_bae2eb7c426570752c91206be77753e3_2,2,"['cabinet_bae2eb7c426570752c91206be77753e3_001.png', 'cabinet_bae2eb7c426570752c91206be77753e3_009.png', 'cabinet_97902b0e2ce271ae60f16a92a4f24bcd_011.png']",0.46362648877272405
cabinet,cabinet_train_c0,cabinet_c0_train_97902b0e2ce271ae60f16a92a4f24bcd_0,0,"['cabinet_30b75567780d84638ac5263758737a81_010.png', 'cabinet_97902b0e2ce271ae60f16a92a4f24bcd_011.png', 'cabinet_97902b0e2ce271ae60f16a92a4f24bcd_002.png']",0.5115618905234235
cabinet,cabinet_train_c0,cabinet_c0_train_97902b0e2ce271ae60f16a92a4f24bcd_1,1,"['cabinet_97902b0e2ce271ae60f16a92a4f24bcd_011.png', 'cabinet_30b75567780d84638ac5263758737a81_014.png', 'cabinet_97902b0e2ce271ae60f16a92a4f24bcd_008.png']",0.5115618905234235
cabinet,cabinet_train_c0,cabinet_c0_train_97902b0e2ce271ae60f16a92a4f24bcd_2,1,"['cabinet_97902b0e2ce271ae60f16a92a4f24bcd_006.png', 'cabinet_bae2eb7c426570752c91206be77753e3_006.png', 'cabinet_97902b0e2ce271ae60f16a92a4f24bcd_011.png']",0.46362648877272405
cabinet,cabinet_train_c0,cabinet_c0_train_9ba333215be4d6654c62bee40dcdc539_0,1,"['cabinet_9ba333215be4d6654c62bee40dcdc539_001.png', 'cabinet_97902b0e2ce271ae60f16a92a4f24bcd_000.png', 'cabinet_9ba333215be4d6654c62bee40dcdc539_014.png']",0.5541598721428906
cabinet,cabinet_train_c0,cabinet_c0_train_9ba333215be4d6654c62bee40dcdc539_1,2,"['cabinet_9ba333215be4d6654c62bee40dcdc539_005.png', 'cabinet_9ba333215be4d6654c62bee40dcdc539_003.png', 'cabinet_938d8ae0cdc787107bcb070cc655f13a_000.png']",0.4334383261598159
cabinet,cabinet_train_c0,cabinet_c0_train_9ba333215be4d6654c62bee40dcdc539_2,0,"['cabinet_be4c2bb409fb8374b5f72e2923ab992_000.png', 'cabinet_9ba333215be4d6654c62bee40dcdc539_014.png', 'cabinet_9ba333215be4d6654c62bee40dcdc539_003.png']",0.5625695255599907
cabinet,cabinet_train_c0,cabinet_c0_train_90ccd5fbb48ba3bdde650492e45fb14f_0,1,"['cabinet_90ccd5fbb48ba3bdde650492e45fb14f_000.png', 'cabinet_a66122ff2d0e4bac6ba14bfd91a75020_004.png', 'cabinet_90ccd5fbb48ba3bdde650492e45fb14f_004.png']",0.7788352988323795
cabinet,cabinet_train_c0,cabinet_c0_train_90ccd5fbb48ba3bdde650492e45fb14f_1,2,"['cabinet_90ccd5fbb48ba3bdde650492e45fb14f_003.png', 'cabinet_90ccd5fbb48ba3bdde650492e45fb14f_012.png', 'cabinet_850bd3a9b96e3ac67d3aa3bae1f7b494_002.png']",0.6127559809998275
cabinet,cabinet_train_c0,cabinet_c0_train_90ccd5fbb48ba3bdde650492e45fb14f_2,1,"['cabinet_90ccd5fbb48ba3bdde650492e45fb14f_010.png', 'cabinet_850bd3a9b96e3ac67d3aa3bae1f7b494_001.png', 'cabinet_90ccd5fbb48ba3bdde650492e45fb14f_002.png']",0.6127559809998275
cabinet,cabinet_train_c0,cabinet_c0_train_b649e3084819c7847445d25f394949d0_0,1,"['cabinet_b649e3084819c7847445d25f394949d0_008.png', 'cabinet_938d8ae0cdc787107bcb070cc655f13a_004.png', 'cabinet_b649e3084819c7847445d25f394949d0_009.png']",0.53624809355324
cabinet,cabinet_train_c0,cabinet_c0_train_b649e3084819c7847445d25f394949d0_1,0,"['cabinet_584de35ad1e27820365f491f6e3dbc3f_004.png', 'cabinet_b649e3084819c7847445d25f394949d0_005.png', 'cabinet_b649e3084819c7847445d25f394949d0_000.png']",0.578972603970236
cabinet,cabinet_train_c0,cabinet_c0_train_b649e3084819c7847445d25f394949d0_2,2,"['cabinet_b649e3084819c7847445d25f394949d0_003.png', 'cabinet_b649e3084819c7847445d25f394949d0_014.png', 'cabinet_30b75567780d84638ac5263758737a81_012.png']",0.5920644051364667
cabinet,cabinet_train_c0,cabinet_c0_train_5b112266c93a711b824662341ce2b233_0,1,"['cabinet_5b112266c93a711b824662341ce2b233_009.png', 'cabinet_bfdb60bd61d083536739a7caa0c577bd_012.png', 'cabinet_5b112266c93a711b824662341ce2b233_005.png']",0.7221149546355645
cabinet,cabinet_train_c0,cabinet_c0_train_5b112266c93a711b824662341ce2b233_1,1,"['cabinet_5b112266c93a711b824662341ce2b233_004.png', 'cabinet_bfdb60bd61d083536739a7caa0c577bd_001.png', 'cabinet_5b112266c93a711b824662341ce2b233_007.png']",0.7221149546355645
cabinet,cabinet_train_c0,cabinet_c0_train_5b112266c93a711b824662341ce2b233_2,0,"['cabinet_3763bd1d86776ac397022448220c7d6a_009.png', 'cabinet_5b112266c93a711b824662341ce2b233_001.png', 'cabinet_5b112266c93a711b824662341ce2b233_010.png']",0.7171037885635445
cabinet,cabinet_train_c0,cabinet_c0_train_31590e22b5abce1191c352d02061b3f7_0,2,"['cabinet_31590e22b5abce1191c352d02061b3f7_013.png', 'cabinet_31590e22b5abce1191c352d02061b3f7_012.png', 'cabinet_56253642219df29c37d43e094da89ace_002.png']",0.5014239440428455
cabinet,cabinet_train_c0,cabinet_c0_train_31590e22b5abce1191c352d02061b3f7_1,1,"['cabinet_31590e22b5abce1191c352d02061b3f7_004.png', 'cabinet_c7a7a1254c5d98b8449f1c29830da6c6_012.png', 'cabinet_31590e22b5abce1191c352d02061b3f7_002.png']",0.4234015515517058
cabinet,cabinet_train_c0,cabinet_c0_train_31590e22b5abce1191c352d02061b3f7_2,2,"['cabinet_31590e22b5abce1191c352d02061b3f7_008.png', 'cabinet_31590e22b5abce1191c352d02061b3f7_011.png', 'cabinet_56253642219df29c37d43e094da89ace_006.png']",0.5014239440428455
cabinet,cabinet_train_c0,cabinet_c0_train_938d8ae0cdc787107bcb070cc655f13a_0,0,"['cabinet_30b75567780d84638ac5263758737a81_006.png', 'cabinet_938d8ae0cdc787107bcb070cc655f13a_007.png', 'cabinet_938d8ae0cdc787107bcb070cc655f13a_000.png']",0.06497818516755405
cabinet,cabinet_train_c0,cabinet_c0_train_938d8ae0cdc787107bcb070cc655f13a_1,2,"['cabinet_938d8ae0cdc787107bcb070cc655f13a_011.png', 'cabinet_938d8ae0cdc787107bcb070cc655f13a_008.png', 'cabinet_30b75567780d84638ac5263758737a81_012.png']",0.06497818516755405
cabinet,cabinet_train_c0,cabinet_c0_train_938d8ae0cdc787107bcb070cc655f13a_2,1,"['cabinet_938d8ae0cdc787107bcb070cc655f13a_003.png', 'cabinet_56253642219df29c37d43e094da89ace_001.png', 'cabinet_938d8ae0cdc787107bcb070cc655f13a_008.png']",0.4852067804209027
cabinet,cabinet_train_c0,cabinet_c0_train_be4c2bb409fb8374b5f72e2923ab992_0,1,"['cabinet_be4c2bb409fb8374b5f72e2923ab992_003.png', 'cabinet_bae2eb7c426570752c91206be77753e3_003.png', 'cabinet_be4c2bb409fb8374b5f72e2923ab992_002.png']",0.502140161880412
cabinet,cabinet_train_c0,cabinet_c0_train_be4c2bb409fb8374b5f72e2923ab992_1,0,"['cabinet_584de35ad1e27820365f491f6e3dbc3f_013.png', 'cabinet_be4c2bb409fb8374b5f72e2923ab992_001.png', 'cabinet_be4c2bb409fb8374b5f72e2923ab992_011.png']",0.5893875245309085
cabinet,cabinet_train_c0,cabinet_c0_train_be4c2bb409fb8374b5f72e2923ab992_2,2,"['cabinet_be4c2bb409fb8374b5f72e2923ab992_000.png', 'cabinet_be4c2bb409fb8374b5f72e2923ab992_003.png', 'cabinet_9ba333215be4d6654c62bee40dcdc539_007.png']",0.5625695255599907
cabinet,cabinet_train_c0,cabinet_c0_train_584de35ad1e27820365f491f6e3dbc3f_0,0,"['cabinet_30b75567780d84638ac5263758737a81_007.png', 'cabinet_584de35ad1e27820365f491f6e3dbc3f_002.png', 'cabinet_584de35ad1e27820365f491f6e3dbc3f_012.png']",0.6020934247213772
cabinet,cabinet_train_c0,cabinet_c0_train_584de35ad1e27820365f491f6e3dbc3f_1,0,"['cabinet_b649e3084819c7847445d25f394949d0_014.png', 'cabinet_584de35ad1e27820365f491f6e3dbc3f_003.png', 'cabinet_584de35ad1e27820365f491f6e3dbc3f_004.png']",0.578972603970236
cabinet,cabinet_train_c0,cabinet_c0_train_584de35ad1e27820365f491f6e3dbc3f_2,0,"['cabinet_97902b0e2ce271ae60f16a92a4f24bcd_012.png', 'cabinet_584de35ad1e27820365f491f6e3dbc3f_000.png', 'cabinet_584de35ad1e27820365f491f6e3dbc3f_009.png']",0.5402776515492002
cabinet,cabinet_train_c0,cabinet_c0_train_6f03b6ab474c04a243e5ff23b077c03a_0,2,"['cabinet_6f03b6ab474c04a243e5ff23b077c03a_001.png', 'cabinet_6f03b6ab474c04a243e5ff23b077c03a_014.png', 'cabinet_97902b0e2ce271ae60f16a92a4f24bcd_006.png']",0.7664930439539204
cabinet,cabinet_train_c0,cabinet_c0_train_6f03b6ab474c04a243e5ff23b077c03a_1,2,"['cabinet_6f03b6ab474c04a243e5ff23b077c03a_007.png', 'cabinet_6f03b6ab474c04a243e5ff23b077c03a_012.png', 'cabinet_3763bd1d86776ac397022448220c7d6a_003.png']",0.780937374854827
cabinet,cabinet_train_c0,cabinet_c0_train_6f03b6ab474c04a243e5ff23b077c03a_2,2,"['cabinet_6f03b6ab474c04a243e5ff23b077c03a_009.png', 'cabinet_6f03b6ab474c04a243e5ff23b077c03a_012.png', 'cabinet_584de35ad1e27820365f491f6e3dbc3f_007.png']",0.676718290817925
cabinet,cabinet_train_c0,cabinet_c0_train_a66122ff2d0e4bac6ba14bfd91a75020_0,1,"['cabinet_a66122ff2d0e4bac6ba14bfd91a75020_005.png', 'cabinet_bfdb60bd61d083536739a7caa0c577bd_011.png', 'cabinet_a66122ff2d0e4bac6ba14bfd91a75020_008.png']",0.2854461918061395
cabinet,cabinet_train_c0,cabinet_c0_train_a66122ff2d0e4bac6ba14bfd91a75020_1,0,"['cabinet_bae2eb7c426570752c91206be77753e3_002.png', 'cabinet_a66122ff2d0e4bac6ba14bfd91a75020_011.png', 'cabinet_a66122ff2d0e4bac6ba14bfd91a75020_006.png']",0.4642580100307495
cabinet,cabinet_train_c0,cabinet_c0_train_a66122ff2d0e4bac6ba14bfd91a75020_2,1,"['cabinet_a66122ff2d0e4bac6ba14bfd91a75020_005.png', 'cabinet_bfdb60bd61d083536739a7caa0c577bd_007.png', 'cabinet_a66122ff2d0e4bac6ba14bfd91a75020_006.png']",0.2854461918061395
cabinet,cabinet_train_c0,cabinet_c0_train_323c85aa6d1949abaec7b0e2cd000db4_0,1,"['cabinet_323c85aa6d1949abaec7b0e2cd000db4_011.png', 'cabinet_af99a90272d8f5d7776cc3eef7148ace_010.png', 'cabinet_323c85aa6d1949abaec7b0e2cd000db4_009.png']",0.6503564515086564
cabinet,cabinet_train_c0,cabinet_c0_train_323c85aa6d1949abaec7b0e2cd000db4_1,1,"['cabinet_323c85aa6d1949abaec7b0e2cd000db4_010.png', 'cabinet_31590e22b5abce1191c352d02061b3f7_010.png', 'cabinet_323c85aa6d1949abaec7b0e2cd000db4_011.png']",0.5652272262118325
cabinet,cabinet_train_c0,cabinet_c0_train_323c85aa6d1949abaec7b0e2cd000db4_2,2,"['cabinet_323c85aa6d1949abaec7b0e2cd000db4_002.png', 'cabinet_323c85aa6d1949abaec7b0e2cd000db4_005.png', 'cabinet_c35d287217403cf3236641942dd4b3c_011.png']",0.7072859776655422
cabinet,cabinet_train_c0,cabinet_c0_train_6686c3a7dc39cb59d2f1945599cd5176_0,2,"['cabinet_6686c3a7dc39cb59d2f1945599cd5176_013.png', 'cabinet_6686c3a7dc39cb59d2f1945599cd5176_011.png', 'cabinet_e16c0191973a25f02d63c890dc92b5_011.png']",0.6430248436418039
cabinet,cabinet_train_c0,cabinet_c0_train_6686c3a7dc39cb59d2f1945599cd5176_1,0,"['cabinet_31590e22b5abce1191c352d02061b3f7_008.png', 'cabinet_6686c3a7dc39cb59d2f1945599cd5176_001.png', 'cabinet_6686c3a7dc39cb59d2f1945599cd5176_002.png']",0.6153114285555952
cabinet,cabinet_train_c0,cabinet_c0_train_6686c3a7dc39cb59d2f1945599cd5176_2,2,"['cabinet_6686c3a7dc39cb59d2f1945599cd5176_013.png', 'cabinet_6686c3a7dc39cb59d2f1945599cd5176_012.png', 'cabinet_323c85aa6d1949abaec7b0e2cd000db4_003.png']",0.7104444905383149
cabinet,cabinet_train_c0,cabinet_c0_train_30b75567780d84638ac5263758737a81_0,1,"['cabinet_30b75567780d84638ac5263758737a81_007.png', 'cabinet_b649e3084819c7847445d25f394949d0_000.png', 'cabinet_30b75567780d84638ac5263758737a81_008.png']",0.5920644051364667
cabinet,cabinet_train_c0,cabinet_c0_train_30b75567780d84638ac5263758737a81_1,0,"['cabinet_b649e3084819c7847445d25f394949d0_006.png', 'cabinet_30b75567780d84638ac5263758737a81_001.png', 'cabinet_30b75567780d84638ac5263758737a81_005.png']",0.5920644051364667
cabinet,cabinet_train_c0,cabinet_c0_train_30b75567780d84638ac5263758737a81_2,2,"['cabinet_30b75567780d84638ac5263758737a81_007.png', 'cabinet_30b75567780d84638ac5263758737a81_004.png', 'cabinet_97902b0e2ce271ae60f16a92a4f24bcd_007.png']",0.5115618905234235
cabinet,cabinet_train_c0,cabinet_c0_train_af99a90272d8f5d7776cc3eef7148ace_0,0,"['cabinet_323c85aa6d1949abaec7b0e2cd000db4_011.png', 'cabinet_af99a90272d8f5d7776cc3eef7148ace_001.png', 'cabinet_af99a90272d8f5d7776cc3eef7148ace_004.png']",0.6503564515086564
cabinet,cabinet_train_c0,cabinet_c0_train_af99a90272d8f5d7776cc3eef7148ace_1,1,"['cabinet_af99a90272d8f5d7776cc3eef7148ace_007.png', 'cabinet_850bd3a9b96e3ac67d3aa3bae1f7b494_001.png', 'cabinet_af99a90272d8f5d7776cc3eef7148ace_006.png']",0.8318587763101462
cabinet,cabinet_train_c0,cabinet_c0_train_af99a90272d8f5d7776cc3eef7148ace_2,2,"['cabinet_af99a90272d8f5d7776cc3eef7148ace_005.png', 'cabinet_af99a90272d8f5d7776cc3eef7148ace_004.png', 'cabinet_323c85aa6d1949abaec7b0e2cd000db4_009.png']",0.6503564515086564
cabinet,cabinet_train_c0,cabinet_c0_train_c7a7a1254c5d98b8449f1c29830da6c6_0,2,"['cabinet_c7a7a1254c5d98b8449f1c29830da6c6_011.png', 'cabinet_c7a7a1254c5d98b8449f1c29830da6c6_014.png', 'cabinet_e16c0191973a25f02d63c890dc92b5_002.png']",0.5274347263951237
cabinet,cabinet_train_c0,cabinet_c0_train_c7a7a1254c5d98b8449f1c29830da6c6_1,1,"['cabinet_c7a7a1254c5d98b8449f1c29830da6c6_011.png', 'cabinet_e16c0191973a25f02d63c890dc92b5_001.png', 'cabinet_c7a7a1254c5d98b8449f1c29830da6c6_001.png']",0.5274347263951237
cabinet,cabinet_train_c0,cabinet_c0_train_c7a7a1254c5d98b8449f1c29830da6c6_2,1,"['cabinet_c7a7a1254c5d98b8449f1c29830da6c6_007.png', 'cabinet_323c85aa6d1949abaec7b0e2cd000db4_006.png', 'cabinet_c7a7a1254c5d98b8449f1c29830da6c6_012.png']",0.6209773064220123
cabinet,cabinet_train_c0,cabinet_c0_train_56253642219df29c37d43e094da89ace_0,0,"['cabinet_bfdb60bd61d083536739a7caa0c577bd_003.png', 'cabinet_56253642219df29c37d43e094da89ace_011.png', 'cabinet_56253642219df29c37d43e094da89ace_014.png']",0.4083390004029559
cabinet,cabinet_train_c0,cabinet_c0_train_56253642219df29c37d43e094da89ace_1,2,"['cabinet_56253642219df29c37d43e094da89ace_005.png', 'cabinet_56253642219df29c37d43e094da89ace_007.png', 'cabinet_bae2eb7c426570752c91206be77753e3_008.png']",0.31534451597324464
cabinet,cabinet_train_c0,cabinet_c0_train_56253642219df29c37d43e094da89ace_2,0,"['cabinet_bae2eb7c426570752c91206be77753e3_011.png', 'cabinet_56253642219df29c37d43e094da89ace_005.png', 'cabinet_56253642219df29c37d43e094da89ace_006.png']",0.31534451597324464
cabinet,cabinet_train_c0,cabinet_c0_train_850bd3a9b96e3ac67d3aa3bae1f7b494_0,1,"['cabinet_850bd3a9b96e3ac67d3aa3bae1f7b494_009.png', 'cabinet_323c85aa6d1949abaec7b0e2cd000db4_007.png', 'cabinet_850bd3a9b96e3ac67d3aa3bae1f7b494_005.png']",0.5909139513592917
cabinet,cabinet_train_c0,cabinet_c0_train_850bd3a9b96e3ac67d3aa3bae1f7b494_1,2,"['cabinet_850bd3a9b96e3ac67d3aa3bae1f7b494_010.png', 'cabinet_850bd3a9b96e3ac67d3aa3bae1f7b494_007.png', 'cabinet_5b112266c93a711b824662341ce2b233_011.png']",0.6477736152117206
cabinet,cabinet_train_c0,cabinet_c0_train_850bd3a9b96e3ac67d3aa3bae1f7b494_2,2,"['cabinet_850bd3a9b96e3ac67d3aa3bae1f7b494_003.png', 'cabinet_850bd3a9b96e3ac67d3aa3bae1f7b494_006.png', 'cabinet_c7a7a1254c5d98b8449f1c29830da6c6_010.png']",0.6598898738432158
cabinet,cabinet_train_c0,cabinet_c0_train_8a2aadf8fc4f092c5ee1a94f1da3a5e_0,1,"['cabinet_8a2aadf8fc4f092c5ee1a94f1da3a5e_007.png', 'cabinet_bfdb60bd61d083536739a7caa0c577bd_003.png', 'cabinet_8a2aadf8fc4f092c5ee1a94f1da3a5e_003.png']",0.623047918667998
cabinet,cabinet_train_c0,cabinet_c0_train_8a2aadf8fc4f092c5ee1a94f1da3a5e_1,2,"['cabinet_8a2aadf8fc4f092c5ee1a94f1da3a5e_002.png', 'cabinet_8a2aadf8fc4f092c5ee1a94f1da3a5e_012.png', 'cabinet_56253642219df29c37d43e094da89ace_011.png']",0.8644709196627879
cabinet,cabinet_train_c0,cabinet_c0_train_8a2aadf8fc4f092c5ee1a94f1da3a5e_2,2,"['cabinet_8a2aadf8fc4f092c5ee1a94f1da3a5e_003.png', 'cabinet_8a2aadf8fc4f092c5ee1a94f1da3a5e_008.png', 'cabinet_56253642219df29c37d43e094da89ace_004.png']",0.8644709196627879
cabinet,cabinet_train_c0,cabinet_c0_train_3763bd1d86776ac397022448220c7d6a_0,1,"['cabinet_3763bd1d86776ac397022448220c7d6a_012.png', 'cabinet_31590e22b5abce1191c352d02061b3f7_006.png', 'cabinet_3763bd1d86776ac397022448220c7d6a_008.png']",0.5636407823332394
cabinet,cabinet_train_c0,cabinet_c0_train_3763bd1d86776ac397022448220c7d6a_1,2,"['cabinet_3763bd1d86776ac397022448220c7d6a_006.png', 'cabinet_3763bd1d86776ac397022448220c7d6a_011.png', 'cabinet_bfdb60bd61d083536739a7caa0c577bd_005.png']",0.674570713928321
cabinet,cabinet_train_c0,cabinet_c0_train_3763bd1d86776ac397022448220c7d6a_2,1,"['cabinet_3763bd1d86776ac397022448220c7d6a_010.png', 'cabinet_e16c0191973a25f02d63c890dc92b5_005.png', 'cabinet_3763bd1d86776ac397022448220c7d6a_011.png']",0.7031943127048996
cabinet,cabinet_train_c0,cabinet_c0_train_e16c0191973a25f02d63c890dc92b5_0,0,"['cabinet_c35d287217403cf3236641942dd4b3c_010.png', 'cabinet_e16c0191973a25f02d63c890dc92b5_012.png', 'cabinet_e16c0191973a25f02d63c890dc92b5_001.png']",0.5812361920368105
cabinet,cabinet_train_c0,cabinet_c0_train_e16c0191973a25f02d63c890dc92b5_1,2,"['cabinet_e16c0191973a25f02d63c890dc92b5_005.png', 'cabinet_e16c0191973a25f02d63c890dc92b5_000.png', 'cabinet_c7a7a1254c5d98b8449f1c29830da6c6_010.png']",0.5274347263951237
cabinet,cabinet_train_c0,cabinet_c0_train_e16c0191973a25f02d63c890dc92b5_2,2,"['cabinet_e16c0191973a25f02d63c890dc92b5_010.png', 'cabinet_e16c0191973a25f02d63c890dc92b5_012.png', 'cabinet_6686c3a7dc39cb59d2f1945599cd5176_004.png']",0.6430248436418039
cabinet,cabinet_train_c0,cabinet_c0_train_bfdb60bd61d083536739a7caa0c577bd_0,0,"['cabinet_c7a7a1254c5d98b8449f1c29830da6c6_001.png', 'cabinet_bfdb60bd61d083536739a7caa0c577bd_008.png', 'cabinet_bfdb60bd61d083536739a7caa0c577bd_007.png']",0.559528361111366
cabinet,cabinet_train_c0,cabinet_c0_train_bfdb60bd61d083536739a7caa0c577bd_1,2,"['cabinet_bfdb60bd61d083536739a7caa0c577bd_014.png', 'cabinet_bfdb60bd61d083536739a7caa0c577bd_008.png', 'cabinet_a66122ff2d0e4bac6ba14bfd91a75020_007.png']",0.2854461918061395
cabinet,cabinet_train_c0,cabinet_c0_train_bfdb60bd61d083536739a7caa0c577bd_2,1,"['cabinet_bfdb60bd61d083536739a7caa0c577bd_000.png', 'cabinet_31590e22b5abce1191c352d02061b3f7_004.png', 'cabinet_bfdb60bd61d083536739a7caa0c577bd_008.png']",0.2960511820838956
cabinet,cabinet_train_c0,cabinet_c0_train_c35d287217403cf3236641942dd4b3c_0,2,"['cabinet_c35d287217403cf3236641942dd4b3c_009.png', 'cabinet_c35d287217403cf3236641942dd4b3c_012.png', 'cabinet_6686c3a7dc39cb59d2f1945599cd5176_005.png']",0.7072549404600095
cabinet,cabinet_train_c0,cabinet_c0_train_c35d287217403cf3236641942dd4b3c_1,0,"['cabinet_e0c8d4f4c31b26f6d295b24579cf55b8_003.png', 'cabinet_c35d287217403cf3236641942dd4b3c_006.png', 'cabinet_c35d287217403cf3236641942dd4b3c_004.png']",0.701585278623809
cabinet,cabinet_train_c0,cabinet_c0_train_c35d287217403cf3236641942dd4b3c_2,0,"['cabinet_3763bd1d86776ac397022448220c7d6a_009.png', 'cabinet_c35d287217403cf3236641942dd4b3c_013.png', 'cabinet_c35d287217403cf3236641942dd4b3c_002.png']",0.7039426617734752
cabinet,cabinet_train_c0,cabinet_c0_train_e0c8d4f4c31b26f6d295b24579cf55b8_0,1,"['cabinet_e0c8d4f4c31b26f6d295b24579cf55b8_002.png', 'cabinet_a66122ff2d0e4bac6ba14bfd91a75020_005.png', 'cabinet_e0c8d4f4c31b26f6d295b24579cf55b8_011.png']",0.5326720699376717
cabinet,cabinet_train_c0,cabinet_c0_train_e0c8d4f4c31b26f6d295b24579cf55b8_1,2,"['cabinet_e0c8d4f4c31b26f6d295b24579cf55b8_008.png', 'cabinet_e0c8d4f4c31b26f6d295b24579cf55b8_010.png', 'cabinet_31590e22b5abce1191c352d02061b3f7_003.png']",0.5364138474721344
cabinet,cabinet_train_c0,cabinet_c0_train_e0c8d4f4c31b26f6d295b24579cf55b8_2,1,"['cabinet_e0c8d4f4c31b26f6d295b24579cf55b8_000.png', 'cabinet_bae2eb7c426570752c91206be77753e3_002.png', 'cabinet_e0c8d4f4c31b26f6d295b24579cf55b8_008.png']",0.4874817330422354
cabinet,cabinet_train_c1,cabinet_c1_train_df55c6665781293cbe53b3b9f1274310_0,0,"['cabinet_ab870b99f869186fd523772c66ed5bc5_001.png', 'cabinet_df55c6665781293cbe53b3b9f1274310_014.png', 'cabinet_df55c6665781293cbe53b3b9f1274310_006.png']",0.04919997339426574
cabinet,cabinet_train_c1,cabinet_c1_train_df55c6665781293cbe53b3b9f1274310_1,1,"['cabinet_df55c6665781293cbe53b3b9f1274310_006.png', 'cabinet_ab870b99f869186fd523772c66ed5bc5_002.png', 'cabinet_df55c6665781293cbe53b3b9f1274310_003.png']",0.04919997339426574
cabinet,cabinet_train_c1,cabinet_c1_train_df55c6665781293cbe53b3b9f1274310_2,1,"['cabinet_df55c6665781293cbe53b3b9f1274310_000.png', 'cabinet_ab870b99f869186fd523772c66ed5bc5_006.png', 'cabinet_df55c6665781293cbe53b3b9f1274310_011.png']",0.04919997339426574
cabinet,cabinet_train_c1,cabinet_c1_train_4cede87a6ca6bb876a485daf2a997e28_0,2,"['cabinet_4cede87a6ca6bb876a485daf2a997e28_005.png', 'cabinet_4cede87a6ca6bb876a485daf2a997e28_000.png', 'cabinet_1b32d878eeb305e45588a2543ef0b0b4_014.png']",0.03924328676707345
cabinet,cabinet_train_c1,cabinet_c1_train_4cede87a6ca6bb876a485daf2a997e28_1,1,"['cabinet_4cede87a6ca6bb876a485daf2a997e28_005.png', 'cabinet_275b26f0555e85acf858430284b28022_013.png', 'cabinet_4cede87a6ca6bb876a485daf2a997e28_007.png']",0.0609531376633049
cabinet,cabinet_train_c1,cabinet_c1_train_4cede87a6ca6bb876a485daf2a997e28_2,0,"['cabinet_df55c6665781293cbe53b3b9f1274310_010.png', 'cabinet_4cede87a6ca6bb876a485daf2a997e28_012.png', 'cabinet_4cede87a6ca6bb876a485daf2a997e28_006.png']",0.05437719502729066
cabinet,cabinet_train_c1,cabinet_c1_train_6f2ce914b5d4db81e28993aa4d91dd77_0,2,"['cabinet_6f2ce914b5d4db81e28993aa4d91dd77_001.png', 'cabinet_6f2ce914b5d4db81e28993aa4d91dd77_011.png', 'cabinet_1ef44fc1b4cac21af51fa0238791f5dc_011.png']",0.13800848140904698
cabinet,cabinet_train_c1,cabinet_c1_train_6f2ce914b5d4db81e28993aa4d91dd77_1,1,"['cabinet_6f2ce914b5d4db81e28993aa4d91dd77_013.png', 'cabinet_1ef44fc1b4cac21af51fa0238791f5dc_003.png', 'cabinet_6f2ce914b5d4db81e28993aa4d91dd77_009.png']",0.13800848140904698
cabinet,cabinet_train_c1,cabinet_c1_train_6f2ce914b5d4db81e28993aa4d91dd77_2,1,"['cabinet_6f2ce914b5d4db81e28993aa4d91dd77_013.png', 'cabinet_ab870b99f869186fd523772c66ed5bc5_007.png', 'cabinet_6f2ce914b5d4db81e28993aa4d91dd77_011.png']",0.08927980785495271
cabinet,cabinet_train_c1,cabinet_c1_train_4539b185db32eb4a533276a8c0b1c862_0,0,"['cabinet_81bef552e83476ad3da27ece6ae88fff_013.png', 'cabinet_4539b185db32eb4a533276a8c0b1c862_000.png', 'cabinet_4539b185db32eb4a533276a8c0b1c862_001.png']",0.3115743298557807
cabinet,cabinet_train_c1,cabinet_c1_train_4539b185db32eb4a533276a8c0b1c862_1,1,"['cabinet_4539b185db32eb4a533276a8c0b1c862_001.png', 'cabinet_1c87c14a44982206df3a1b0d597ce76e_006.png', 'cabinet_4539b185db32eb4a533276a8c0b1c862_011.png']",0.25099784446967144
cabinet,cabinet_train_c1,cabinet_c1_train_4539b185db32eb4a533276a8c0b1c862_2,1,"['cabinet_4539b185db32eb4a533276a8c0b1c862_004.png', 'cabinet_1c87c14a44982206df3a1b0d597ce76e_000.png', 'cabinet_4539b185db32eb4a533276a8c0b1c862_010.png']",0.25099784446967144
cabinet,cabinet_train_c1,cabinet_c1_train_1c87c14a44982206df3a1b0d597ce76e_0,2,"['cabinet_1c87c14a44982206df3a1b0d597ce76e_000.png', 'cabinet_1c87c14a44982206df3a1b0d597ce76e_010.png', 'cabinet_225905a8841620d7f6fe1e625c287cfa_011.png']",0.15287117808488115
cabinet,cabinet_train_c1,cabinet_c1_train_1c87c14a44982206df3a1b0d597ce76e_1,0,"['cabinet_225905a8841620d7f6fe1e625c287cfa_013.png', 'cabinet_1c87c14a44982206df3a1b0d597ce76e_005.png', 'cabinet_1c87c14a44982206df3a1b0d597ce76e_000.png']",0.15287117808488115
cabinet,cabinet_train_c1,cabinet_c1_train_1c87c14a44982206df3a1b0d597ce76e_2,1,"['cabinet_1c87c14a44982206df3a1b0d597ce76e_006.png', 'cabinet_225905a8841620d7f6fe1e625c287cfa_013.png', 'cabinet_1c87c14a44982206df3a1b0d597ce76e_007.png']",0.15287117808488115
cabinet,cabinet_train_c1,cabinet_c1_train_a8a4fbca233fbadb7ef0119f8dd1f40b_0,0,"['cabinet_227d258c1045acbe9e4965f0106e00d9_010.png', 'cabinet_a8a4fbca233fbadb7ef0119f8dd1f40b_014.png', 'cabinet_a8a4fbca233fbadb7ef0119f8dd1f40b_010.png']",0.4161686635798506
cabinet,cabinet_train_c1,cabinet_c1_train_a8a4fbca233fbadb7ef0119f8dd1f40b_1,0,"['cabinet_783ba337e5bf328abe81a9109a782712_000.png', 'cabinet_a8a4fbca233fbadb7ef0119f8dd1f40b_013.png', 'cabinet_a8a4fbca233fbadb7ef0119f8dd1f40b_014.png']",0.31460304668560757
cabinet,cabinet_train_c1,cabinet_c1_train_a8a4fbca233fbadb7ef0119f8dd1f40b_2,2,"['cabinet_a8a4fbca233fbadb7ef0119f8dd1f40b_008.png', 'cabinet_a8a4fbca233fbadb7ef0119f8dd1f40b_014.png', 'cabinet_37d41aa1ab8e7318534f016fc3878f48_002.png']",0.38520168509254615
cabinet,cabinet_train_c1,cabinet_c1_train_275b26f0555e85acf858430284b28022_0,2,"['cabinet_275b26f0555e85acf858430284b28022_008.png', 'cabinet_275b26f0555e85acf858430284b28022_012.png', 'cabinet_4cede87a6ca6bb876a485daf2a997e28_000.png']",0.0609531376633049
cabinet,cabinet_train_c1,cabinet_c1_train_275b26f0555e85acf858430284b28022_1,1,"['cabinet_275b26f0555e85acf858430284b28022_008.png', 'cabinet_37d41aa1ab8e7318534f016fc3878f48_010.png', 'cabinet_275b26f0555e85acf858430284b28022_002.png']",0.041792169778419375
cabinet,cabinet_train_c1,cabinet_c1_train_275b26f0555e85acf858430284b28022_2,2,"['cabinet_275b26f0555e85acf858430284b28022_005.png', 'cabinet_275b26f0555e85acf858430284b28022_003.png', 'cabinet_1ef44fc1b4cac21af51fa0238791f5dc_009.png']",0.08187778264838586
cabinet,cabinet_train_c1,cabinet_c1_train_462ee81a089208caf2f140388f79bf7c_0,2,"['cabinet_462ee81a089208caf2f140388f79bf7c_004.png', 'cabinet_462ee81a089208caf2f140388f79bf7c_011.png', 'cabinet_37d41aa1ab8e7318534f016fc3878f48_003.png']",0.2635882180637106
cabinet,cabinet_train_c1,cabinet_c1_train_462ee81a089208caf2f140388f79bf7c_1,1,"['cabinet_462ee81a089208caf2f140388f79bf7c_004.png', 'cabinet_783ba337e5bf328abe81a9109a782712_005.png', 'cabinet_462ee81a089208caf2f140388f79bf7c_010.png']",0.13572228112428297
cabinet,cabinet_train_c1,cabinet_c1_train_462ee81a089208caf2f140388f79bf7c_2,2,"['cabinet_462ee81a089208caf2f140388f79bf7c_003.png', 'cabinet_462ee81a089208caf2f140388f79bf7c_013.png', 'cabinet_783ba337e5bf328abe81a9109a782712_014.png']",0.13572228112428297
cabinet,cabinet_train_c1,cabinet_c1_train_8fcfa31d1df6e8ec9c2edb56a98b4be7_0,1,"['cabinet_8fcfa31d1df6e8ec9c2edb56a98b4be7_003.png', 'cabinet_1ef44fc1b4cac21af51fa0238791f5dc_005.png', 'cabinet_8fcfa31d1df6e8ec9c2edb56a98b4be7_007.png']",0.10634854234059621
cabinet,cabinet_train_c1,cabinet_c1_train_8fcfa31d1df6e8ec9c2edb56a98b4be7_1,1,"['cabinet_8fcfa31d1df6e8ec9c2edb56a98b4be7_000.png', 'cabinet_1ef44fc1b4cac21af51fa0238791f5dc_010.png', 'cabinet_8fcfa31d1df6e8ec9c2edb56a98b4be7_011.png']",0.10634854234059621
cabinet,cabinet_train_c1,cabinet_c1_train_8fcfa31d1df6e8ec9c2edb56a98b4be7_2,1,"['cabinet_8fcfa31d1df6e8ec9c2edb56a98b4be7_009.png', 'cabinet_1ef44fc1b4cac21af51fa0238791f5dc_007.png', 'cabinet_8fcfa31d1df6e8ec9c2edb56a98b4be7_010.png']",0.10634854234059621
cabinet,cabinet_train_c1,cabinet_c1_train_be1978696eddc1e980a88936375f2ef4_0,2,"['cabinet_be1978696eddc1e980a88936375f2ef4_000.png', 'cabinet_be1978696eddc1e980a88936375f2ef4_012.png', 'cabinet_7b927d55b634c4aa178e7d331e641179_008.png']",0.0657997799384431
cabinet,cabinet_train_c1,cabinet_c1_train_be1978696eddc1e980a88936375f2ef4_1,0,"['cabinet_7b927d55b634c4aa178e7d331e641179_011.png', 'cabinet_be1978696eddc1e980a88936375f2ef4_001.png', 'cabinet_be1978696eddc1e980a88936375f2ef4_000.png']",0.0657997799384431
cabinet,cabinet_train_c1,cabinet_c1_train_be1978696eddc1e980a88936375f2ef4_2,2,"['cabinet_be1978696eddc1e980a88936375f2ef4_011.png', 'cabinet_be1978696eddc1e980a88936375f2ef4_010.png', 'cabinet_648bdbefbe72c6e596d5fa1ee6ada8d1_002.png']",0.10283409506246188
cabinet,cabinet_train_c1,cabinet_c1_train_7b927d55b634c4aa178e7d331e641179_0,1,"['cabinet_7b927d55b634c4aa178e7d331e641179_009.png', 'cabinet_37d41aa1ab8e7318534f016fc3878f48_006.png', 'cabinet_7b927d55b634c4aa178e7d331e641179_002.png']",0.13877406872263387
cabinet,cabinet_train_c1,cabinet_c1_train_7b927d55b634c4aa178e7d331e641179_1,0,"['cabinet_be1978696eddc1e980a88936375f2ef4_009.png', 'cabinet_7b927d55b634c4aa178e7d331e641179_004.png', 'cabinet_7b927d55b634c4aa178e7d331e641179_002.png']",0.0657997799384431
cabinet,cabinet_train_c1,cabinet_c1_train_7b927d55b634c4aa178e7d331e641179_2,1,"['cabinet_7b927d55b634c4aa178e7d331e641179_009.png', 'cabinet_be1978696eddc1e980a88936375f2ef4_001.png', 'cabinet_7b927d55b634c4aa178e7d331e641179_004.png']",0.0657997799384431
cabinet,cabinet_train_c1,cabinet_c1_train_783ba337e5bf328abe81a9109a782712_0,2,"['cabinet_783ba337e5bf328abe81a9109a782712_013.png', 'cabinet_783ba337e5bf328abe81a9109a782712_001.png', 'cabinet_8f7a277ae05da76c1bb088904f7cb154_011.png']",0.042117952389431834
cabinet,cabinet_train_c1,cabinet_c1_train_783ba337e5bf328abe81a9109a782712_1,2,"['cabinet_783ba337e5bf328abe81a9109a782712_003.png', 'cabinet_783ba337e5bf328abe81a9109a782712_010.png', 'cabinet_6e5ac40051b3e17b697129c0aef9e5f7_004.png']",0.05823213793338211
cabinet,cabinet_train_c1,cabinet_c1_train_783ba337e5bf328abe81a9109a782712_2,2,"['cabinet_783ba337e5bf328abe81a9109a782712_014.png', 'cabinet_783ba337e5bf328abe81a9109a782712_011.png', 'cabinet_37d41aa1ab8e7318534f016fc3878f48_004.png']",0.171550126416658
cabinet,cabinet_train_c1,cabinet_c1_train_648bdbefbe72c6e596d5fa1ee6ada8d1_0,2,"['cabinet_648bdbefbe72c6e596d5fa1ee6ada8d1_009.png', 'cabinet_648bdbefbe72c6e596d5fa1ee6ada8d1_008.png', 'cabinet_be1978696eddc1e980a88936375f2ef4_010.png']",0.10283409506246188
cabinet,cabinet_train_c1,cabinet_c1_train_648bdbefbe72c6e596d5fa1ee6ada8d1_1,2,"['cabinet_648bdbefbe72c6e596d5fa1ee6ada8d1_013.png', 'cabinet_648bdbefbe72c6e596d5fa1ee6ada8d1_002.png', 'cabinet_81bef552e83476ad3da27ece6ae88fff_005.png']",0.1003820042567064
cabinet,cabinet_train_c1,cabinet_c1_train_648bdbefbe72c6e596d5fa1ee6ada8d1_2,1,"['cabinet_648bdbefbe72c6e596d5fa1ee6ada8d1_004.png', 'cabinet_7b927d55b634c4aa178e7d331e641179_013.png', 'cabinet_648bdbefbe72c6e596d5fa1ee6ada8d1_011.png']",0.040928327172790935
cabinet,cabinet_train_c1,cabinet_c1_train_1624e80fb20e12741bf2b66b52bf6885_0,1,"['cabinet_1624e80fb20e12741bf2b66b52bf6885_009.png', 'cabinet_be1978696eddc1e980a88936375f2ef4_005.png', 'cabinet_1624e80fb20e12741bf2b66b52bf6885_006.png']",0.11175762250870058
cabinet,cabinet_train_c1,cabinet_c1_train_1624e80fb20e12741bf2b66b52bf6885_1,2,"['cabinet_1624e80fb20e12741bf2b66b52bf6885_005.png', 'cabinet_1624e80fb20e12741bf2b66b52bf6885_013.png', 'cabinet_275b26f0555e85acf858430284b28022_006.png']",0.1260221731240978
cabinet,cabinet_train_c1,cabinet_c1_train_1624e80fb20e12741bf2b66b52bf6885_2,0,"['cabinet_be1978696eddc1e980a88936375f2ef4_007.png', 'cabinet_1624e80fb20e12741bf2b66b52bf6885_013.png', 'cabinet_1624e80fb20e12741bf2b66b52bf6885_005.png']",0.11175762250870058
cabinet,cabinet_train_c1,cabinet_c1_train_227d258c1045acbe9e4965f0106e00d9_0,0,"['cabinet_4cede87a6ca6bb876a485daf2a997e28_010.png', 'cabinet_227d258c1045acbe9e4965f0106e00d9_006.png', 'cabinet_227d258c1045acbe9e4965f0106e00d9_005.png']",0.13304142382175044
cabinet,cabinet_train_c1,cabinet_c1_train_227d258c1045acbe9e4965f0106e00d9_1,2,"['cabinet_227d258c1045acbe9e4965f0106e00d9_008.png', 'cabinet_227d258c1045acbe9e4965f0106e00d9_005.png', 'cabinet_8fcfa31d1df6e8ec9c2edb56a98b4be7_013.png']",0.12172616312721873
cabinet,cabinet_train_c1,cabinet_c1_train_227d258c1045acbe9e4965f0106e00d9_2,0,"['cabinet_4cede87a6ca6bb876a485daf2a997e28_003.png', 'cabinet_227d258c1045acbe9e4965f0106e00d9_000.png', 'cabinet_227d258c1045acbe9e4965f0106e00d9_014.png']",0.13304142382175044
cabinet,cabinet_train_c1,cabinet_c1_train_1b32d878eeb305e45588a2543ef0b0b4_0,0,"['cabinet_54dfbf6333cf06dd652b6926f989dd09_004.png', 'cabinet_1b32d878eeb305e45588a2543ef0b0b4_012.png', 'cabinet_1b32d878eeb305e45588a2543ef0b0b4_007.png']",0.06258280785338743
cabinet,cabinet_train_c1,cabinet_c1_train_1b32d878eeb305e45588a2543ef0b0b4_1,0,"['cabinet_54dfbf6333cf06dd652b6926f989dd09_008.png', 'cabinet_1b32d878eeb305e45588a2543ef0b0b4_002.png', 'cabinet_1b32d878eeb305e45588a2543ef0b0b4_001.png']",0.06258280785338743
cabinet,cabinet_train_c1,cabinet_c1_train_1b32d878eeb305e45588a2543ef0b0b4_2,1,"['cabinet_1b32d878eeb305e45588a2543ef0b0b4_002.png', 'cabinet_ab870b99f869186fd523772c66ed5bc5_012.png', 'cabinet_1b32d878eeb305e45588a2543ef0b0b4_010.png']",0.024989178861836825
cabinet,cabinet_train_c1,cabinet_c1_train_37d41aa1ab8e7318534f016fc3878f48_0,1,"['cabinet_37d41aa1ab8e7318534f016fc3878f48_012.png', 'cabinet_4cede87a6ca6bb876a485daf2a997e28_001.png', 'cabinet_37d41aa1ab8e7318534f016fc3878f48_009.png']",0.08293219860078327
cabinet,cabinet_train_c1,cabinet_c1_train_37d41aa1ab8e7318534f016fc3878f48_1,0,"['cabinet_275b26f0555e85acf858430284b28022_003.png', 'cabinet_37d41aa1ab8e7318534f016fc3878f48_005.png', 'cabinet_37d41aa1ab8e7318534f016fc3878f48_002.png']",0.041792169778419375
cabinet,cabinet_train_c1,cabinet_c1_train_37d41aa1ab8e7318534f016fc3878f48_2,1,"['cabinet_37d41aa1ab8e7318534f016fc3878f48_006.png', 'cabinet_4cede87a6ca6bb876a485daf2a997e28_008.png', 'cabinet_37d41aa1ab8e7318534f016fc3878f48_008.png']",0.08293219860078327
cabinet,cabinet_train_c1,cabinet_c1_train_a7e9a54cfae053aa20768660cf080d12_0,0,"['cabinet_4cede87a6ca6bb876a485daf2a997e28_006.png', 'cabinet_a7e9a54cfae053aa20768660cf080d12_000.png', 'cabinet_a7e9a54cfae053aa20768660cf080d12_007.png']",0.15513847355731236
cabinet,cabinet_train_c1,cabinet_c1_train_a7e9a54cfae053aa20768660cf080d12_1,0,"['cabinet_275b26f0555e85acf858430284b28022_013.png', 'cabinet_a7e9a54cfae053aa20768660cf080d12_000.png', 'cabinet_a7e9a54cfae053aa20768660cf080d12_012.png']",0.17463814111159348
cabinet,cabinet_train_c1,cabinet_c1_train_a7e9a54cfae053aa20768660cf080d12_2,2,"['cabinet_a7e9a54cfae053aa20768660cf080d12_014.png', 'cabinet_a7e9a54cfae053aa20768660cf080d12_007.png', 'cabinet_275b26f0555e85acf858430284b28022_001.png']",0.17463814111159348
cabinet,cabinet_train_c1,cabinet_c1_train_ab870b99f869186fd523772c66ed5bc5_0,1,"['cabinet_ab870b99f869186fd523772c66ed5bc5_007.png', 'cabinet_4cede87a6ca6bb876a485daf2a997e28_005.png', 'cabinet_ab870b99f869186fd523772c66ed5bc5_010.png']",0.01804929859958415
cabinet,cabinet_train_c1,cabinet_c1_train_ab870b99f869186fd523772c66ed5bc5_1,1,"['cabinet_ab870b99f869186fd523772c66ed5bc5_004.png', 'cabinet_1b32d878eeb305e45588a2543ef0b0b4_010.png', 'cabinet_ab870b99f869186fd523772c66ed5bc5_009.png']",0.024989178861836825
cabinet,cabinet_train_c1,cabinet_c1_train_ab870b99f869186fd523772c66ed5bc5_2,0,"['cabinet_df55c6665781293cbe53b3b9f1274310_005.png', 'cabinet_ab870b99f869186fd523772c66ed5bc5_007.png', 'cabinet_ab870b99f869186fd523772c66ed5bc5_009.png']",0.04919997339426574
cabinet,cabinet_train_c1,cabinet_c1_train_6e5ac40051b3e17b697129c0aef9e5f7_0,1,"['cabinet_6e5ac40051b3e17b697129c0aef9e5f7_003.png', 'cabinet_1ef44fc1b4cac21af51fa0238791f5dc_008.png', 'cabinet_6e5ac40051b3e17b697129c0aef9e5f7_014.png']",0.19054734489349823
cabinet,cabinet_train_c1,cabinet_c1_train_6e5ac40051b3e17b697129c0aef9e5f7_1,0,"['cabinet_462ee81a089208caf2f140388f79bf7c_001.png', 'cabinet_6e5ac40051b3e17b697129c0aef9e5f7_012.png', 'cabinet_6e5ac40051b3e17b697129c0aef9e5f7_009.png']",0.04159381218420455
cabinet,cabinet_train_c1,cabinet_c1_train_6e5ac40051b3e17b697129c0aef9e5f7_2,0,"['cabinet_783ba337e5bf328abe81a9109a782712_004.png', 'cabinet_6e5ac40051b3e17b697129c0aef9e5f7_002.png', 'cabinet_6e5ac40051b3e17b697129c0aef9e5f7_007.png']",0.05823213793338211
cabinet,cabinet_train_c1,cabinet_c1_train_8f7a277ae05da76c1bb088904f7cb154_0,2,"['cabinet_8f7a277ae05da76c1bb088904f7cb154_012.png', 'cabinet_8f7a277ae05da76c1bb088904f7cb154_006.png', 'cabinet_37d41aa1ab8e7318534f016fc3878f48_011.png']",0.1305959102296601
cabinet,cabinet_train_c1,cabinet_c1_train_8f7a277ae05da76c1bb088904f7cb154_1,0,"['cabinet_6f2ce914b5d4db81e28993aa4d91dd77_013.png', 'cabinet_8f7a277ae05da76c1bb088904f7cb154_014.png', 'cabinet_8f7a277ae05da76c1bb088904f7cb154_013.png']",0.11116084326423403
cabinet,cabinet_train_c1,cabinet_c1_train_8f7a277ae05da76c1bb088904f7cb154_2,1,"['cabinet_8f7a277ae05da76c1bb088904f7cb154_011.png', 'cabinet_6f2ce914b5d4db81e28993aa4d91dd77_002.png', 'cabinet_8f7a277ae05da76c1bb088904f7cb154_004.png']",0.11116084326423403
cabinet,cabinet_train_c1,cabinet_c1_train_54dfbf6333cf06dd652b6926f989dd09_0,2,"['cabinet_54dfbf6333cf06dd652b6926f989dd09_000.png', 'cabinet_54dfbf6333cf06dd652b6926f989dd09_005.png', 'cabinet_1b32d878eeb305e45588a2543ef0b0b4_009.png']",0.06258280785338743
cabinet,cabinet_train_c1,cabinet_c1_train_54dfbf6333cf06dd652b6926f989dd09_1,0,"['cabinet_df55c6665781293cbe53b3b9f1274310_011.png', 'cabinet_54dfbf6333cf06dd652b6926f989dd09_006.png', 'cabinet_54dfbf6333cf06dd652b6926f989dd09_011.png']",0.013236451617903988
cabinet,cabinet_train_c1,cabinet_c1_train_54dfbf6333cf06dd652b6926f989dd09_2,1,"['cabinet_54dfbf6333cf06dd652b6926f989dd09_010.png', 'cabinet_1b32d878eeb305e45588a2543ef0b0b4_002.png', 'cabinet_54dfbf6333cf06dd652b6926f989dd09_004.png']",0.06258280785338743
cabinet,cabinet_train_c1,cabinet_c1_train_81bef552e83476ad3da27ece6ae88fff_0,2,"['cabinet_81bef552e83476ad3da27ece6ae88fff_001.png', 'cabinet_81bef552e83476ad3da27ece6ae88fff_000.png', 'cabinet_37d41aa1ab8e7318534f016fc3878f48_013.png']",0.1657726392121539
cabinet,cabinet_train_c1,cabinet_c1_train_81bef552e83476ad3da27ece6ae88fff_1,1,"['cabinet_81bef552e83476ad3da27ece6ae88fff_002.png', 'cabinet_1c87c14a44982206df3a1b0d597ce76e_014.png', 'cabinet_81bef552e83476ad3da27ece6ae88fff_012.png']",0.022223192372403777
cabinet,cabinet_train_c1,cabinet_c1_train_81bef552e83476ad3da27ece6ae88fff_2,0,"['cabinet_648bdbefbe72c6e596d5fa1ee6ada8d1_009.png', 'cabinet_81bef552e83476ad3da27ece6ae88fff_006.png', 'cabinet_81bef552e83476ad3da27ece6ae88fff_014.png']",0.1003820042567064
cabinet,cabinet_train_c1,cabinet_c1_train_225905a8841620d7f6fe1e625c287cfa_0,1,"['cabinet_225905a8841620d7f6fe1e625c287cfa_007.png', 'cabinet_7b927d55b634c4aa178e7d331e641179_011.png', 'cabinet_225905a8841620d7f6fe1e625c287cfa_004.png']",0.20134564204429195
cabinet,cabinet_train_c1,cabinet_c1_train_225905a8841620d7f6fe1e625c287cfa_1,0,"['cabinet_1c87c14a44982206df3a1b0d597ce76e_006.png', 'cabinet_225905a8841620d7f6fe1e625c287cfa_009.png', 'cabinet_225905a8841620d7f6fe1e625c287cfa_012.png']",0.15287117808488115
cabinet,cabinet_train_c1,cabinet_c1_train_225905a8841620d7f6fe1e625c287cfa_2,0,"['cabinet_7b927d55b634c4aa178e7d331e641179_002.png', 'cabinet_225905a8841620d7f6fe1e625c287cfa_008.png', 'cabinet_225905a8841620d7f6fe1e625c287cfa_013.png']",0.20134564204429195
cabinet,cabinet_train_c1,cabinet_c1_train_1ef44fc1b4cac21af51fa0238791f5dc_0,0,"['cabinet_4cede87a6ca6bb876a485daf2a997e28_004.png', 'cabinet_1ef44fc1b4cac21af51fa0238791f5dc_014.png', 'cabinet_1ef44fc1b4cac21af51fa0238791f5dc_004.png']",0.06748991711667762
cabinet,cabinet_train_c1,cabinet_c1_train_1ef44fc1b4cac21af51fa0238791f5dc_1,1,"['cabinet_1ef44fc1b4cac21af51fa0238791f5dc_007.png', 'cabinet_ab870b99f869186fd523772c66ed5bc5_009.png', 'cabinet_1ef44fc1b4cac21af51fa0238791f5dc_000.png']",0.08446493979144487
cabinet,cabinet_train_c1,cabinet_c1_train_1ef44fc1b4cac21af51fa0238791f5dc_2,1,"['cabinet_1ef44fc1b4cac21af51fa0238791f5dc_003.png', 'cabinet_4cede87a6ca6bb876a485daf2a997e28_007.png', 'cabinet_1ef44fc1b4cac21af51fa0238791f5dc_007.png']",0.06748991711667762
cabinet,cabinet_train_c2,cabinet_c2_train_72d950ea1c029bf2369c46027bce7af_0,2,"['cabinet_72d950ea1c029bf2369c46027bce7af_011.png', 'cabinet_72d950ea1c029bf2369c46027bce7af_008.png', 'cabinet_7eecf98d3b8f93a684c210032662e046_008.png']",0.12395689939831867
cabinet,cabinet_train_c2,cabinet_c2_train_72d950ea1c029bf2369c46027bce7af_1,1,"['cabinet_72d950ea1c029bf2369c46027bce7af_012.png', 'cabinet_11694171ff49a7521ee0429e004db48d_011.png', 'cabinet_72d950ea1c029bf2369c46027bce7af_006.png']",0.21228187917846897
cabinet,cabinet_train_c2,cabinet_c2_train_72d950ea1c029bf2369c46027bce7af_2,1,"['cabinet_72d950ea1c029bf2369c46027bce7af_001.png', 'cabinet_3a910cc1f575b08339d3717288022c20_002.png', 'cabinet_72d950ea1c029bf2369c46027bce7af_008.png']",0.19344173953830313
cabinet,cabinet_train_c2,cabinet_c2_train_24b3f8b6bf4a9a7391a3d45e8887248a_0,0,"['cabinet_9fbb34244e00b2a9eacb155f400b9076_011.png', 'cabinet_24b3f8b6bf4a9a7391a3d45e8887248a_004.png', 'cabinet_24b3f8b6bf4a9a7391a3d45e8887248a_014.png']",0.039692250464469
cabinet,cabinet_train_c2,cabinet_c2_train_24b3f8b6bf4a9a7391a3d45e8887248a_1,1,"['cabinet_24b3f8b6bf4a9a7391a3d45e8887248a_001.png', 'cabinet_13bae5728bec802034ea40f5d8767c57_008.png', 'cabinet_24b3f8b6bf4a9a7391a3d45e8887248a_005.png']",0.11693797124047167
cabinet,cabinet_train_c2,cabinet_c2_train_24b3f8b6bf4a9a7391a3d45e8887248a_2,0,"['cabinet_9fbb34244e00b2a9eacb155f400b9076_014.png', 'cabinet_24b3f8b6bf4a9a7391a3d45e8887248a_006.png', 'cabinet_24b3f8b6bf4a9a7391a3d45e8887248a_007.png']",0.039692250464469
cabinet,cabinet_train_c2,cabinet_c2_train_1d898bbd8bbad8f98430b7446f9e1252_0,0,"['cabinet_7eecf98d3b8f93a684c210032662e046_013.png', 'cabinet_1d898bbd8bbad8f98430b7446f9e1252_002.png', 'cabinet_1d898bbd8bbad8f98430b7446f9e1252_011.png']",0.2266787601214828
cabinet,cabinet_train_c2,cabinet_c2_train_1d898bbd8bbad8f98430b7446f9e1252_1,2,"['cabinet_1d898bbd8bbad8f98430b7446f9e1252_000.png', 'cabinet_1d898bbd8bbad8f98430b7446f9e1252_007.png', 'cabinet_24b3f8b6bf4a9a7391a3d45e8887248a_012.png']",0.14521541007468075
cabinet,cabinet_train_c2,cabinet_c2_train_1d898bbd8bbad8f98430b7446f9e1252_2,1,"['cabinet_1d898bbd8bbad8f98430b7446f9e1252_006.png', 'cabinet_65f11f7cb5c5106eac00fd1150223027_002.png', 'cabinet_1d898bbd8bbad8f98430b7446f9e1252_001.png']",0.2300654834218595
cabinet,cabinet_train_c2,cabinet_c2_train_7eecf98d3b8f93a684c210032662e046_0,0,"['cabinet_24b3f8b6bf4a9a7391a3d45e8887248a_014.png', 'cabinet_7eecf98d3b8f93a684c210032662e046_006.png', 'cabinet_7eecf98d3b8f93a684c210032662e046_004.png']",0.34576545913559
cabinet,cabinet_train_c2,cabinet_c2_train_7eecf98d3b8f93a684c210032662e046_1,0,"['cabinet_1d898bbd8bbad8f98430b7446f9e1252_006.png', 'cabinet_7eecf98d3b8f93a684c210032662e046_013.png', 'cabinet_7eecf98d3b8f93a684c210032662e046_003.png']",0.2266787601214828
cabinet,cabinet_train_c2,cabinet_c2_train_7eecf98d3b8f93a684c210032662e046_2,2,"['cabinet_7eecf98d3b8f93a684c210032662e046_007.png', 'cabinet_7eecf98d3b8f93a684c210032662e046_003.png', 'cabinet_24b3f8b6bf4a9a7391a3d45e8887248a_006.png']",0.34576545913559
cabinet,cabinet_train_c2,cabinet_c2_train_13bae5728bec802034ea40f5d8767c57_0,2,"['cabinet_13bae5728bec802034ea40f5d8767c57_002.png', 'cabinet_13bae5728bec802034ea40f5d8767c57_010.png', 'cabinet_3a910cc1f575b08339d3717288022c20_010.png']",0.1028140768232434
cabinet,cabinet_train_c2,cabinet_c2_train_13bae5728bec802034ea40f5d8767c57_1,0,"['cabinet_3a910cc1f575b08339d3717288022c20_009.png', 'cabinet_13bae5728bec802034ea40f5d8767c57_004.png', 'cabinet_13bae5728bec802034ea40f5d8767c57_012.png']",0.1028140768232434
cabinet,cabinet_train_c2,cabinet_c2_train_13bae5728bec802034ea40f5d8767c57_2,0,"['cabinet_7aee2d4c1e70d27c921dd903dd0b8b17_012.png', 'cabinet_13bae5728bec802034ea40f5d8767c57_011.png', 'cabinet_13bae5728bec802034ea40f5d8767c57_002.png']",0.03559001187256683
cabinet,cabinet_train_c2,cabinet_c2_train_b7a9d8b469cb06037824b732b006daaa_0,1,"['cabinet_b7a9d8b469cb06037824b732b006daaa_003.png', 'cabinet_43552fecbd07876acac27d617fa518f5_010.png', 'cabinet_b7a9d8b469cb06037824b732b006daaa_012.png']",0.1213607781697873
cabinet,cabinet_train_c2,cabinet_c2_train_b7a9d8b469cb06037824b732b006daaa_1,2,"['cabinet_b7a9d8b469cb06037824b732b006daaa_007.png', 'cabinet_b7a9d8b469cb06037824b732b006daaa_014.png', 'cabinet_87c85956b41a7fc541d86c17c15247b0_007.png']",0.17199650731505478
cabinet,cabinet_train_c2,cabinet_c2_train_b7a9d8b469cb06037824b732b006daaa_2,1,"['cabinet_b7a9d8b469cb06037824b732b006daaa_011.png', 'cabinet_21eb0039185dd955c59350d819542ec7_012.png', 'cabinet_b7a9d8b469cb06037824b732b006daaa_007.png']",0.15288787018906547
cabinet,cabinet_train_c2,cabinet_c2_train_740f399fea35db05490ad276cd2af3a4_0,0,"['cabinet_43552fecbd07876acac27d617fa518f5_006.png', 'cabinet_740f399fea35db05490ad276cd2af3a4_003.png', 'cabinet_740f399fea35db05490ad276cd2af3a4_000.png']",0.33563828856298883
cabinet,cabinet_train_c2,cabinet_c2_train_740f399fea35db05490ad276cd2af3a4_1,0,"['cabinet_43552fecbd07876acac27d617fa518f5_005.png', 'cabinet_740f399fea35db05490ad276cd2af3a4_012.png', 'cabinet_740f399fea35db05490ad276cd2af3a4_010.png']",0.33563828856298883
cabinet,cabinet_train_c2,cabinet_c2_train_740f399fea35db05490ad276cd2af3a4_2,1,"['cabinet_740f399fea35db05490ad276cd2af3a4_013.png', 'cabinet_87c85956b41a7fc541d86c17c15247b0_012.png', 'cabinet_740f399fea35db05490ad276cd2af3a4_014.png']",0.46787981526796585
cabinet,cabinet_train_c2,cabinet_c2_train_3a910cc1f575b08339d3717288022c20_0,1,"['cabinet_3a910cc1f575b08339d3717288022c20_006.png', 'cabinet_7aee2d4c1e70d27c921dd903dd0b8b17_004.png', 'cabinet_3a910cc1f575b08339d3717288022c20_014.png']",0.11427208038372727
cabinet,cabinet_train_c2,cabinet_c2_train_3a910cc1f575b08339d3717288022c20_1,2,"['cabinet_3a910cc1f575b08339d3717288022c20_007.png', 'cabinet_3a910cc1f575b08339d3717288022c20_001.png', 'cabinet_65f11f7cb5c5106eac00fd1150223027_003.png']",0.08724034577063755
cabinet,cabinet_train_c2,cabinet_c2_train_3a910cc1f575b08339d3717288022c20_2,2,"['cabinet_3a910cc1f575b08339d3717288022c20_012.png', 'cabinet_3a910cc1f575b08339d3717288022c20_011.png', 'cabinet_3105e7ff7fbf3e423e72cffee9fc75b0_000.png']",0.06538430936243578
cabinet,cabinet_train_c2,cabinet_c2_train_253c1fd3743c47234da5feafe6f1c8fc_0,1,"['cabinet_253c1fd3743c47234da5feafe6f1c8fc_004.png', 'cabinet_5799c06f71bf6b88c59350d819542ec7_007.png', 'cabinet_253c1fd3743c47234da5feafe6f1c8fc_000.png']",0.010881008974765183
cabinet,cabinet_train_c2,cabinet_c2_train_253c1fd3743c47234da5feafe6f1c8fc_1,0,"['cabinet_a49eec529b5c44eaac00fd1150223027_002.png', 'cabinet_253c1fd3743c47234da5feafe6f1c8fc_007.png', 'cabinet_253c1fd3743c47234da5feafe6f1c8fc_006.png']",0.2664415989875847
cabinet,cabinet_train_c2,cabinet_c2_train_253c1fd3743c47234da5feafe6f1c8fc_2,1,"['cabinet_253c1fd3743c47234da5feafe6f1c8fc_003.png', 'cabinet_43552fecbd07876acac27d617fa518f5_006.png', 'cabinet_253c1fd3743c47234da5feafe6f1c8fc_014.png']",0.31576999822761453
cabinet,cabinet_train_c2,cabinet_c2_train_a49eec529b5c44eaac00fd1150223027_0,1,"['cabinet_a49eec529b5c44eaac00fd1150223027_003.png', 'cabinet_253c1fd3743c47234da5feafe6f1c8fc_010.png', 'cabinet_a49eec529b5c44eaac00fd1150223027_011.png']",0.2664415989875847
cabinet,cabinet_train_c2,cabinet_c2_train_a49eec529b5c44eaac00fd1150223027_1,2,"['cabinet_a49eec529b5c44eaac00fd1150223027_002.png', 'cabinet_a49eec529b5c44eaac00fd1150223027_010.png', 'cabinet_72d950ea1c029bf2369c46027bce7af_001.png']",0.2695443677670477
cabinet,cabinet_train_c2,cabinet_c2_train_a49eec529b5c44eaac00fd1150223027_2,2,"['cabinet_a49eec529b5c44eaac00fd1150223027_001.png', 'cabinet_a49eec529b5c44eaac00fd1150223027_013.png', 'cabinet_5799c06f71bf6b88c59350d819542ec7_011.png']",0.2604115662112759
cabinet,cabinet_train_c2,cabinet_c2_train_9ea0005f3d702b4f6cc679ef84e06ad6_0,0,"['cabinet_87c85956b41a7fc541d86c17c15247b0_001.png', 'cabinet_9ea0005f3d702b4f6cc679ef84e06ad6_007.png', 'cabinet_9ea0005f3d702b4f6cc679ef84e06ad6_002.png']",0.10074899645862267
cabinet,cabinet_train_c2,cabinet_c2_train_9ea0005f3d702b4f6cc679ef84e06ad6_1,1,"['cabinet_9ea0005f3d702b4f6cc679ef84e06ad6_003.png', 'cabinet_21eb0039185dd955c59350d819542ec7_011.png', 'cabinet_9ea0005f3d702b4f6cc679ef84e06ad6_010.png']",0.14561923228135898
cabinet,cabinet_train_c2,cabinet_c2_train_9ea0005f3d702b4f6cc679ef84e06ad6_2,1,"['cabinet_9ea0005f3d702b4f6cc679ef84e06ad6_007.png', 'cabinet_87c85956b41a7fc541d86c17c15247b0_008.png', 'cabinet_9ea0005f3d702b4f6cc679ef84e06ad6_013.png']",0.10074899645862267
cabinet,cabinet_train_c2,cabinet_c2_train_d56ac97208393d54bc8967b0321bd9d2_0,1,"['cabinet_d56ac97208393d54bc8967b0321bd9d2_000.png', 'cabinet_3105e7ff7fbf3e423e72cffee9fc75b0_013.png', 'cabinet_d56ac97208393d54bc8967b0321bd9d2_011.png']",0.2292747111699206
cabinet,cabinet_train_c2,cabinet_c2_train_d56ac97208393d54bc8967b0321bd9d2_1,0,"['cabinet_3105e7ff7fbf3e423e72cffee9fc75b0_001.png', 'cabinet_d56ac97208393d54bc8967b0321bd9d2_008.png', 'cabinet_d56ac97208393d54bc8967b0321bd9d2_003.png']",0.2292747111699206
cabinet,cabinet_train_c2,cabinet_c2_train_d56ac97208393d54bc8967b0321bd9d2_2,2,"['cabinet_d56ac97208393d54bc8967b0321bd9d2_003.png', 'cabinet_d56ac97208393d54bc8967b0321bd9d2_007.png', 'cabinet_3105e7ff7fbf3e423e72cffee9fc75b0_014.png']",0.2292747111699206
cabinet,cabinet_train_c2,cabinet_c2_train_c031c55d7ff5bd7d824080f516909671_0,0,"['cabinet_7aee2d4c1e70d27c921dd903dd0b8b17_004.png', 'cabinet_c031c55d7ff5bd7d824080f516909671_004.png', 'cabinet_c031c55d7ff5bd7d824080f516909671_008.png']",0.14418632340634918
cabinet,cabinet_train_c2,cabinet_c2_train_c031c55d7ff5bd7d824080f516909671_1,1,"['cabinet_c031c55d7ff5bd7d824080f516909671_007.png', 'cabinet_3a910cc1f575b08339d3717288022c20_004.png', 'cabinet_c031c55d7ff5bd7d824080f516909671_014.png']",0.1940435564700188
cabinet,cabinet_train_c2,cabinet_c2_train_c031c55d7ff5bd7d824080f516909671_2,2,"['cabinet_c031c55d7ff5bd7d824080f516909671_003.png', 'cabinet_c031c55d7ff5bd7d824080f516909671_009.png', 'cabinet_3a910cc1f575b08339d3717288022c20_000.png']",0.1940435564700188
cabinet,cabinet_train_c2,cabinet_c2_train_21eb0039185dd955c59350d819542ec7_0,1,"['cabinet_21eb0039185dd955c59350d819542ec7_010.png', 'cabinet_3105e7ff7fbf3e423e72cffee9fc75b0_006.png', 'cabinet_21eb0039185dd955c59350d819542ec7_007.png']",0.2014039122561293
cabinet,cabinet_train_c2,cabinet_c2_train_21eb0039185dd955c59350d819542ec7_1,0,"['cabinet_b7a9d8b469cb06037824b732b006daaa_002.png', 'cabinet_21eb0039185dd955c59350d819542ec7_013.png', 'cabinet_21eb0039185dd955c59350d819542ec7_006.png']",0.15288787018906547
cabinet,cabinet_train_c2,cabinet_c2_train_21eb0039185dd955c59350d819542ec7_2,2,"['cabinet_21eb0039185dd955c59350d819542ec7_005.png', 'cabinet_21eb0039185dd955c59350d819542ec7_001.png', 'cabinet_87c85956b41a7fc541d86c17c15247b0_010.png']",0.13030384318225352
cabinet,cabinet_train_c2,cabinet_c2_train_433b0fe363861867b25e7c54df7809b7_0,1,"['cabinet_433b0fe363861867b25e7c54df7809b7_004.png', 'cabinet_d56ac97208393d54bc8967b0321bd9d2_014.png', 'cabinet_433b0fe363861867b25e7c54df7809b7_007.png']",0.2856789394909287
cabinet,cabinet_train_c2,cabinet_c2_train_433b0fe363861867b25e7c54df7809b7_1,0,"['cabinet_3a910cc1f575b08339d3717288022c20_001.png', 'cabinet_433b0fe363861867b25e7c54df7809b7_006.png', 'cabinet_433b0fe363861867b25e7c54df7809b7_002.png']",0.26984747818251287
cabinet,cabinet_train_c2,cabinet_c2_train_433b0fe363861867b25e7c54df7809b7_2,1,"['cabinet_433b0fe363861867b25e7c54df7809b7_006.png', 'cabinet_b1e2647ec67a6402d616724413b4089e_012.png', 'cabinet_433b0fe363861867b25e7c54df7809b7_013.png']",0.2962491197206074
cabinet,cabinet_train_c2,cabinet_c2_train_9fbb34244e00b2a9eacb155f400b9076_0,2,"['cabinet_9fbb34244e00b2a9eacb155f400b9076_013.png', 'cabinet_9fbb34244e00b2a9eacb155f400b9076_005.png', 'cabinet_13bae5728bec802034ea40f5d8767c57_008.png']",0.08373651138093063
cabinet,cabinet_train_c2,cabinet_c2_train_9fbb34244e00b2a9eacb155f400b9076_1,2,"['cabinet_9fbb34244e00b2a9eacb155f400b9076_011.png', 'cabinet_9fbb34244e00b2a9eacb155f400b9076_009.png', 'cabinet_24b3f8b6bf4a9a7391a3d45e8887248a_004.png']",0.039692250464469
cabinet,cabinet_train_c2,cabinet_c2_train_9fbb34244e00b2a9eacb155f400b9076_2,0,"['cabinet_24b3f8b6bf4a9a7391a3d45e8887248a_009.png', 'cabinet_9fbb34244e00b2a9eacb155f400b9076_002.png', 'cabinet_9fbb34244e00b2a9eacb155f400b9076_011.png']",0.039692250464469
cabinet,cabinet_train_c2,cabinet_c2_train_65f11f7cb5c5106eac00fd1150223027_0,2,"['cabinet_65f11f7cb5c5106eac00fd1150223027_000.png', 'cabinet_65f11f7cb5c5106eac00fd1150223027_003.png', 'cabinet_3a910cc1f575b08339d3717288022c20_000.png']",0.08724034577063755
cabinet,cabinet_train_c2,cabinet_c2_train_65f11f7cb5c5106eac00fd1150223027_1,1,"['cabinet_65f11f7cb5c5106eac00fd1150223027_003.png', 'cabinet_3105e7ff7fbf3e423e72cffee9fc75b0_013.png', 'cabinet_65f11f7cb5c5106eac00fd1150223027_014.png']",0.08722556063187203
cabinet,cabinet_train_c2,cabinet_c2_train_65f11f7cb5c5106eac00fd1150223027_2,1,"['cabinet_65f11f7cb5c5106eac00fd1150223027_011.png', 'cabinet_24b3f8b6bf4a9a7391a3d45e8887248a_008.png', 'cabinet_65f11f7cb5c5106eac00fd1150223027_010.png']",0.07154359640308006
cabinet,cabinet_train_c2,cabinet_c2_train_b1e2647ec67a6402d616724413b4089e_0,1,"['cabinet_b1e2647ec67a6402d616724413b4089e_010.png', 'cabinet_c031c55d7ff5bd7d824080f516909671_008.png', 'cabinet_b1e2647ec67a6402d616724413b4089e_009.png']",0.21050026440447156
cabinet,cabinet_train_c2,cabinet_c2_train_b1e2647ec67a6402d616724413b4089e_1,2,"['cabinet_b1e2647ec67a6402d616724413b4089e_012.png', 'cabinet_b1e2647ec67a6402d616724413b4089e_006.png', 'cabinet_b7a9d8b469cb06037824b732b006daaa_008.png']",0.099238007738365
cabinet,cabinet_train_c2,cabinet_c2_train_b1e2647ec67a6402d616724413b4089e_2,2,"['cabinet_b1e2647ec67a6402d616724413b4089e_005.png', 'cabinet_b1e2647ec67a6402d616724413b4089e_011.png', 'cabinet_c031c55d7ff5bd7d824080f516909671_005.png']",0.21050026440447156
cabinet,cabinet_train_c2,cabinet_c2_train_43552fecbd07876acac27d617fa518f5_0,2,"['cabinet_43552fecbd07876acac27d617fa518f5_012.png', 'cabinet_43552fecbd07876acac27d617fa518f5_009.png', 'cabinet_b7a9d8b469cb06037824b732b006daaa_012.png']",0.1213607781697873
cabinet,cabinet_train_c2,cabinet_c2_train_43552fecbd07876acac27d617fa518f5_1,0,"['cabinet_3105e7ff7fbf3e423e72cffee9fc75b0_002.png', 'cabinet_43552fecbd07876acac27d617fa518f5_014.png', 'cabinet_43552fecbd07876acac27d617fa518f5_008.png']",0.1848160676922055
cabinet,cabinet_train_c2,cabinet_c2_train_43552fecbd07876acac27d617fa518f5_2,2,"['cabinet_43552fecbd07876acac27d617fa518f5_014.png', 'cabinet_43552fecbd07876acac27d617fa518f5_011.png', 'cabinet_87c85956b41a7fc541d86c17c15247b0_004.png']",0.18222678078559684
cabinet,cabinet_train_c2,cabinet_c2_train_11694171ff49a7521ee0429e004db48d_0,0,"['cabinet_72d950ea1c029bf2369c46027bce7af_008.png', 'cabinet_11694171ff49a7521ee0429e004db48d_007.png', 'cabinet_11694171ff49a7521ee0429e004db48d_012.png']",0.21228187917846897
cabinet,cabinet_train_c2,cabinet_c2_train_11694171ff49a7521ee0429e004db48d_1,0,"['cabinet_24b3f8b6bf4a9a7391a3d45e8887248a_002.png', 'cabinet_11694171ff49a7521ee0429e004db48d_011.png', 'cabinet_11694171ff49a7521ee0429e004db48d_001.png']",0.14448186553175235
cabinet,cabinet_train_c2,cabinet_c2_train_11694171ff49a7521ee0429e004db48d_2,1,"['cabinet_11694171ff49a7521ee0429e004db48d_000.png', 'cabinet_1d898bbd8bbad8f98430b7446f9e1252_006.png', 'cabinet_11694171ff49a7521ee0429e004db48d_014.png']",0.06414531727224981
cabinet,cabinet_train_c2,cabinet_c2_train_5799c06f71bf6b88c59350d819542ec7_0,2,"['cabinet_5799c06f71bf6b88c59350d819542ec7_011.png', 'cabinet_5799c06f71bf6b88c59350d819542ec7_000.png', 'cabinet_a49eec529b5c44eaac00fd1150223027_002.png']",0.2604115662112759
cabinet,cabinet_train_c2,cabinet_c2_train_5799c06f71bf6b88c59350d819542ec7_1,2,"['cabinet_5799c06f71bf6b88c59350d819542ec7_007.png', 'cabinet_5799c06f71bf6b88c59350d819542ec7_011.png', 'cabinet_64f02390a1487f791e4b67452ae5160_009.png']",0.24038707100077972
cabinet,cabinet_train_c2,cabinet_c2_train_5799c06f71bf6b88c59350d819542ec7_2,1,"['cabinet_5799c06f71bf6b88c59350d819542ec7_001.png', 'cabinet_64f02390a1487f791e4b67452ae5160_011.png', 'cabinet_5799c06f71bf6b88c59350d819542ec7_006.png']",0.24038707100077972
cabinet,cabinet_train_c2,cabinet_c2_train_87c85956b41a7fc541d86c17c15247b0_0,1,"['cabinet_87c85956b41a7fc541d86c17c15247b0_012.png', 'cabinet_3a910cc1f575b08339d3717288022c20_004.png', 'cabinet_87c85956b41a7fc541d86c17c15247b0_011.png']",0.13153721755395387
cabinet,cabinet_train_c2,cabinet_c2_train_87c85956b41a7fc541d86c17c15247b0_1,1,"['cabinet_87c85956b41a7fc541d86c17c15247b0_012.png', 'cabinet_65f11f7cb5c5106eac00fd1150223027_004.png', 'cabinet_87c85956b41a7fc541d86c17c15247b0_008.png']",0.11059286831642712
cabinet,cabinet_train_c2,cabinet_c2_train_87c85956b41a7fc541d86c17c15247b0_2,1,"['cabinet_87c85956b41a7fc541d86c17c15247b0_008.png', 'cabinet_21eb0039185dd955c59350d819542ec7_002.png', 'cabinet_87c85956b41a7fc541d86c17c15247b0_007.png']",0.13030384318225352
cabinet,cabinet_train_c2,cabinet_c2_train_7aee2d4c1e70d27c921dd903dd0b8b17_0,0,"['cabinet_65f11f7cb5c5106eac00fd1150223027_012.png', 'cabinet_7aee2d4c1e70d27c921dd903dd0b8b17_009.png', 'cabinet_7aee2d4c1e70d27c921dd903dd0b8b17_012.png']",0.09754111927101639
cabinet,cabinet_train_c2,cabinet_c2_train_7aee2d4c1e70d27c921dd903dd0b8b17_1,0,"['cabinet_3105e7ff7fbf3e423e72cffee9fc75b0_014.png', 'cabinet_7aee2d4c1e70d27c921dd903dd0b8b17_001.png', 'cabinet_7aee2d4c1e70d27c921dd903dd0b8b17_013.png']",0.11423555366734917
cabinet,cabinet_train_c2,cabinet_c2_train_7aee2d4c1e70d27c921dd903dd0b8b17_2,1,"['cabinet_7aee2d4c1e70d27c921dd903dd0b8b17_001.png', 'cabinet_9fbb34244e00b2a9eacb155f400b9076_011.png', 'cabinet_7aee2d4c1e70d27c921dd903dd0b8b17_007.png']",0.11128600589395621
cabinet,cabinet_train_c2,cabinet_c2_train_3105e7ff7fbf3e423e72cffee9fc75b0_0,0,"['cabinet_9ea0005f3d702b4f6cc679ef84e06ad6_000.png', 'cabinet_3105e7ff7fbf3e423e72cffee9fc75b0_002.png', 'cabinet_3105e7ff7fbf3e423e72cffee9fc75b0_003.png']",0.11056746122699357
cabinet,cabinet_train_c2,cabinet_c2_train_3105e7ff7fbf3e423e72cffee9fc75b0_1,2,"['cabinet_3105e7ff7fbf3e423e72cffee9fc75b0_011.png', 'cabinet_3105e7ff7fbf3e423e72cffee9fc75b0_010.png', 'cabinet_13bae5728bec802034ea40f5d8767c57_012.png']",0.10228063390571396
cabinet,cabinet_train_c2,cabinet_c2_train_3105e7ff7fbf3e423e72cffee9fc75b0_2,2,"['cabinet_3105e7ff7fbf3e423e72cffee9fc75b0_014.png', 'cabinet_3105e7ff7fbf3e423e72cffee9fc75b0_008.png', 'cabinet_9ea0005f3d702b4f6cc679ef84e06ad6_011.png']",0.11056746122699357
cabinet,cabinet_train_c2,cabinet_c2_train_64f02390a1487f791e4b67452ae5160_0,1,"['cabinet_64f02390a1487f791e4b67452ae5160_013.png', 'cabinet_433b0fe363861867b25e7c54df7809b7_009.png', 'cabinet_64f02390a1487f791e4b67452ae5160_009.png']",0.24160507634898698
cabinet,cabinet_train_c2,cabinet_c2_train_64f02390a1487f791e4b67452ae5160_1,1,"['cabinet_64f02390a1487f791e4b67452ae5160_004.png', 'cabinet_253c1fd3743c47234da5feafe6f1c8fc_008.png', 'cabinet_64f02390a1487f791e4b67452ae5160_012.png']",0.2514044478646773
cabinet,cabinet_train_c2,cabinet_c2_train_64f02390a1487f791e4b67452ae5160_2,1,"['cabinet_64f02390a1487f791e4b67452ae5160_005.png', 'cabinet_5799c06f71bf6b88c59350d819542ec7_009.png', 'cabinet_64f02390a1487f791e4b67452ae5160_002.png']",0.24038707100077972
car,car_train_c0,car_c0_train_18e16129375e723e6f8f8c736fcc7940_0,0,"['car_e738466fb6cc90530714334794526d4_003.png', 'car_18e16129375e723e6f8f8c736fcc7940_006.png', 'car_18e16129375e723e6f8f8c736fcc7940_005.png']",0.07878212519071603
car,car_train_c0,car_c0_train_18e16129375e723e6f8f8c736fcc7940_1,0,"['car_f7b9529fb166ee56ac922d597da8f180_002.png', 'car_18e16129375e723e6f8f8c736fcc7940_006.png', 'car_18e16129375e723e6f8f8c736fcc7940_001.png']",0.223495788348268
car,car_train_c0,car_c0_train_18e16129375e723e6f8f8c736fcc7940_2,1,"['car_18e16129375e723e6f8f8c736fcc7940_009.png', 'car_e738466fb6cc90530714334794526d4_000.png', 'car_18e16129375e723e6f8f8c736fcc7940_014.png']",0.07878212519071603
car,car_train_c0,car_c0_train_d85d6bcdc81df377f52657bb1f80be90_0,0,"['car_88161acf1ef955c5d76439fb95cdd2ed_001.png', 'car_d85d6bcdc81df377f52657bb1f80be90_006.png', 'car_d85d6bcdc81df377f52657bb1f80be90_000.png']",0.38252028301669583
car,car_train_c0,car_c0_train_d85d6bcdc81df377f52657bb1f80be90_1,2,"['car_d85d6bcdc81df377f52657bb1f80be90_006.png', 'car_d85d6bcdc81df377f52657bb1f80be90_001.png', 'car_c61ec8875746ab78227375499b768057_011.png']",0.29991197753188437
car,car_train_c0,car_c0_train_d85d6bcdc81df377f52657bb1f80be90_2,0,"['car_88161acf1ef955c5d76439fb95cdd2ed_011.png', 'car_d85d6bcdc81df377f52657bb1f80be90_006.png', 'car_d85d6bcdc81df377f52657bb1f80be90_011.png']",0.38252028301669583
car,car_train_c0,car_c0_train_9aaeb0852a4cca28471ac7b6a0462075_0,2,"['car_9aaeb0852a4cca28471ac7b6a0462075_001.png', 'car_9aaeb0852a4cca28471ac7b6a0462075_000.png', 'car_d2776550e240c0d642fb51f57882f419_014.png']",0.3071529725109112
car,car_train_c0,car_c0_train_9aaeb0852a4cca28471ac7b6a0462075_1,1,"['car_9aaeb0852a4cca28471ac7b6a0462075_009.png', 'car_1c490bf1c6b32ef6ff213501a803f212_013.png', 'car_9aaeb0852a4cca28471ac7b6a0462075_002.png']",0.2726413898256028
car,car_train_c0,car_c0_train_9aaeb0852a4cca28471ac7b6a0462075_2,2,"['car_9aaeb0852a4cca28471ac7b6a0462075_002.png', 'car_9aaeb0852a4cca28471ac7b6a0462075_000.png', 'car_7f2acaeb45b72793ce6183244062e7c_007.png']",0.33264718289197004
car,car_train_c0,car_c0_train_d2776550e240c0d642fb51f57882f419_0,1,"['car_d2776550e240c0d642fb51f57882f419_008.png', 'car_7f2acaeb45b72793ce6183244062e7c_011.png', 'car_d2776550e240c0d642fb51f57882f419_003.png']",0.30234316570667763
car,car_train_c0,car_c0_train_d2776550e240c0d642fb51f57882f419_1,2,"['car_d2776550e240c0d642fb51f57882f419_006.png', 'car_d2776550e240c0d642fb51f57882f419_003.png', 'car_82b9ce9740bfd28fe9fab7ec4b8a907e_014.png']",0.38845015266780536
car,car_train_c0,car_c0_train_d2776550e240c0d642fb51f57882f419_2,2,"['car_d2776550e240c0d642fb51f57882f419_000.png', 'car_d2776550e240c0d642fb51f57882f419_001.png', 'car_7f2acaeb45b72793ce6183244062e7c_011.png']",0.30234316570667763
car,car_train_c0,car_c0_train_dbe0b25edb8508babcf922304761e55e_0,1,"['car_dbe0b25edb8508babcf922304761e55e_001.png', 'car_42af1d5d3b2524003e241901f2025878_010.png', 'car_dbe0b25edb8508babcf922304761e55e_005.png']",0.31649698466950293
car,car_train_c0,car_c0_train_dbe0b25edb8508babcf922304761e55e_1,0,"['car_42af1d5d3b2524003e241901f2025878_007.png', 'car_dbe0b25edb8508babcf922304761e55e_008.png', 'car_dbe0b25edb8508babcf922304761e55e_005.png']",0.31649698466950293
car,car_train_c0,car_c0_train_dbe0b25edb8508babcf922304761e55e_2,1,"['car_dbe0b25edb8508babcf922304761e55e_013.png', 'car_c08d4483e70f02e5322b377b3e7c8ad8_006.png', 'car_dbe0b25edb8508babcf922304761e55e_005.png']",0.30353333664986604
car,car_train_c0,car_c0_train_c61ec8875746ab78227375499b768057_0,2,"['car_c61ec8875746ab78227375499b768057_003.png', 'car_c61ec8875746ab78227375499b768057_008.png', 'car_5a91741d3a0ca58cf200a72c9245aee7_003.png']",0.14414106583731512
car,car_train_c0,car_c0_train_c61ec8875746ab78227375499b768057_1,1,"['car_c61ec8875746ab78227375499b768057_013.png', 'car_1c490bf1c6b32ef6ff213501a803f212_001.png', 'car_c61ec8875746ab78227375499b768057_010.png']",0.3437619095068568
car,car_train_c0,car_c0_train_c61ec8875746ab78227375499b768057_2,2,"['car_c61ec8875746ab78227375499b768057_003.png', 'car_c61ec8875746ab78227375499b768057_011.png', 'car_5a91741d3a0ca58cf200a72c9245aee7_003.png']",0.14414106583731512
car,car_train_c0,car_c0_train_88161acf1ef955c5d76439fb95cdd2ed_0,1,"['car_88161acf1ef955c5d76439fb95cdd2ed_007.png', 'car_42af1d5d3b2524003e241901f2025878_005.png', 'car_88161acf1ef955c5d76439fb95cdd2ed_008.png']",0.22445801898196005
car,car_train_c0,car_c0_train_88161acf1ef955c5d76439fb95cdd2ed_1,0,"['car_d6f8cfdb1659142814fccfc8a25361e_006.png', 'car_88161acf1ef955c5d76439fb95cdd2ed_000.png', 'car_88161acf1ef955c5d76439fb95cdd2ed_008.png']",0.1879300446280775
car,car_train_c0,car_c0_train_88161acf1ef955c5d76439fb95cdd2ed_2,2,"['car_88161acf1ef955c5d76439fb95cdd2ed_002.png', 'car_88161acf1ef955c5d76439fb95cdd2ed_007.png', 'car_c08d4483e70f02e5322b377b3e7c8ad8_005.png']",0.28108412129923244
car,car_train_c0,car_c0_train_f7b9529fb166ee56ac922d597da8f180_0,2,"['car_f7b9529fb166ee56ac922d597da8f180_003.png', 'car_f7b9529fb166ee56ac922d597da8f180_004.png', 'car_dbe0b25edb8508babcf922304761e55e_002.png']",0.38284829689790245
car,car_train_c0,car_c0_train_f7b9529fb166ee56ac922d597da8f180_1,0,"['car_c08d4483e70f02e5322b377b3e7c8ad8_011.png', 'car_f7b9529fb166ee56ac922d597da8f180_013.png', 'car_f7b9529fb166ee56ac922d597da8f180_005.png']",0.3771759431389595
car,car_train_c0,car_c0_train_f7b9529fb166ee56ac922d597da8f180_2,2,"['car_f7b9529fb166ee56ac922d597da8f180_000.png', 'car_f7b9529fb166ee56ac922d597da8f180_013.png', 'car_dbe0b25edb8508babcf922304761e55e_010.png']",0.38284829689790245
car,car_train_c0,car_c0_train_c08d4483e70f02e5322b377b3e7c8ad8_0,2,"['car_c08d4483e70f02e5322b377b3e7c8ad8_008.png', 'car_c08d4483e70f02e5322b377b3e7c8ad8_000.png', 'car_752a3ce746670be176ad064d1c5fdd7c_009.png']",0.31410877321313546
car,car_train_c0,car_c0_train_c08d4483e70f02e5322b377b3e7c8ad8_1,0,"['car_752a3ce746670be176ad064d1c5fdd7c_002.png', 'car_c08d4483e70f02e5322b377b3e7c8ad8_005.png', 'car_c08d4483e70f02e5322b377b3e7c8ad8_010.png']",0.31410877321313546
car,car_train_c0,car_c0_train_c08d4483e70f02e5322b377b3e7c8ad8_2,1,"['car_c08d4483e70f02e5322b377b3e7c8ad8_004.png', 'car_18e16129375e723e6f8f8c736fcc7940_003.png', 'car_c08d4483e70f02e5322b377b3e7c8ad8_014.png']",0.32275160806936953
car,car_train_c0,car_c0_train_e738466fb6cc90530714334794526d4_0,0,"['car_18e16129375e723e6f8f8c736fcc7940_007.png', 'car_e738466fb6cc90530714334794526d4_008.png', 'car_e738466fb6cc90530714334794526d4_006.png']",0.07878212519071603
car,car_train_c0,car_c0_train_e738466fb6cc90530714334794526d4_1,0,"['car_18e16129375e723e6f8f8c736fcc7940_001.png', 'car_e738466fb6cc90530714334794526d4_011.png', 'car_e738466fb6cc90530714334794526d4_012.png']",0.07878212519071603
car,car_train_c0,car_c0_train_e738466fb6cc90530714334794526d4_2,2,"['car_e738466fb6cc90530714334794526d4_000.png', 'car_e738466fb6cc90530714334794526d4_006.png', 'car_18e16129375e723e6f8f8c736fcc7940_001.png']",0.07878212519071603
car,car_train_c0,car_c0_train_7f2acaeb45b72793ce6183244062e7c_0,2,"['car_7f2acaeb45b72793ce6183244062e7c_003.png', 'car_7f2acaeb45b72793ce6183244062e7c_014.png', 'car_1c490bf1c6b32ef6ff213501a803f212_005.png']",0.49139729193000226
car,car_train_c0,car_c0_train_7f2acaeb45b72793ce6183244062e7c_1,0,"['car_d2776550e240c0d642fb51f57882f419_003.png', 'car_7f2acaeb45b72793ce6183244062e7c_012.png', 'car_7f2acaeb45b72793ce6183244062e7c_014.png']",0.30234316570667763
car,car_train_c0,car_c0_train_7f2acaeb45b72793ce6183244062e7c_2,1,"['car_7f2acaeb45b72793ce6183244062e7c_013.png', 'car_1c490bf1c6b32ef6ff213501a803f212_006.png', 'car_7f2acaeb45b72793ce6183244062e7c_003.png']",0.49139729193000226
car,car_train_c0,car_c0_train_df1081dd18fa7bcd57d7020aed3513bb_0,1,"['car_df1081dd18fa7bcd57d7020aed3513bb_004.png', 'car_9aaeb0852a4cca28471ac7b6a0462075_013.png', 'car_df1081dd18fa7bcd57d7020aed3513bb_000.png']",0.4066287515296837
car,car_train_c0,car_c0_train_df1081dd18fa7bcd57d7020aed3513bb_1,0,"['car_5a91741d3a0ca58cf200a72c9245aee7_009.png', 'car_df1081dd18fa7bcd57d7020aed3513bb_012.png', 'car_df1081dd18fa7bcd57d7020aed3513bb_013.png']",0.21423609331258509
car,car_train_c0,car_c0_train_df1081dd18fa7bcd57d7020aed3513bb_2,2,"['car_df1081dd18fa7bcd57d7020aed3513bb_009.png', 'car_df1081dd18fa7bcd57d7020aed3513bb_010.png', 'car_d85d6bcdc81df377f52657bb1f80be90_003.png']",0.28004878434111735
car,car_train_c0,car_c0_train_d6f8cfdb1659142814fccfc8a25361e_0,2,"['car_d6f8cfdb1659142814fccfc8a25361e_010.png', 'car_d6f8cfdb1659142814fccfc8a25361e_001.png', 'car_dbe0b25edb8508babcf922304761e55e_001.png']",0.3222318856974694
car,car_train_c0,car_c0_train_d6f8cfdb1659142814fccfc8a25361e_1,0,"['car_e738466fb6cc90530714334794526d4_005.png', 'car_d6f8cfdb1659142814fccfc8a25361e_002.png', 'car_d6f8cfdb1659142814fccfc8a25361e_003.png']",0.33672919910821586
car,car_train_c0,car_c0_train_d6f8cfdb1659142814fccfc8a25361e_2,1,"['car_d6f8cfdb1659142814fccfc8a25361e_005.png', 'car_e738466fb6cc90530714334794526d4_011.png', 'car_d6f8cfdb1659142814fccfc8a25361e_014.png']",0.33672919910821586
car,car_train_c0,car_c0_train_1c490bf1c6b32ef6ff213501a803f212_0,0,"['car_d2776550e240c0d642fb51f57882f419_004.png', 'car_1c490bf1c6b32ef6ff213501a803f212_009.png', 'car_1c490bf1c6b32ef6ff213501a803f212_008.png']",0.25443382028171213
car,car_train_c0,car_c0_train_1c490bf1c6b32ef6ff213501a803f212_1,0,"['car_d2776550e240c0d642fb51f57882f419_009.png', 'car_1c490bf1c6b32ef6ff213501a803f212_004.png', 'car_1c490bf1c6b32ef6ff213501a803f212_000.png']",0.25443382028171213
car,car_train_c0,car_c0_train_1c490bf1c6b32ef6ff213501a803f212_2,1,"['car_1c490bf1c6b32ef6ff213501a803f212_004.png', 'car_c61ec8875746ab78227375499b768057_012.png', 'car_1c490bf1c6b32ef6ff213501a803f212_012.png']",0.3437619095068568
car,car_train_c0,car_c0_train_8b8f4f12e5b142c016abce8cb03e7794_0,2,"['car_8b8f4f12e5b142c016abce8cb03e7794_014.png', 'car_8b8f4f12e5b142c016abce8cb03e7794_005.png', 'car_1c490bf1c6b32ef6ff213501a803f212_012.png']",0.2598643185114077
car,car_train_c0,car_c0_train_8b8f4f12e5b142c016abce8cb03e7794_1,2,"['car_8b8f4f12e5b142c016abce8cb03e7794_004.png', 'car_8b8f4f12e5b142c016abce8cb03e7794_013.png', 'car_4e9a489d830e285b59139efcde1fedcb_005.png']",0.27157952814738506
car,car_train_c0,car_c0_train_8b8f4f12e5b142c016abce8cb03e7794_2,0,"['car_9aaeb0852a4cca28471ac7b6a0462075_012.png', 'car_8b8f4f12e5b142c016abce8cb03e7794_001.png', 'car_8b8f4f12e5b142c016abce8cb03e7794_005.png']",0.3568455425894549
car,car_train_c0,car_c0_train_15f605c6fffea827e7436c0fba14b4d2_0,0,"['car_3e37a76f38d057cd3f823401cb5b3c88_005.png', 'car_15f605c6fffea827e7436c0fba14b4d2_003.png', 'car_15f605c6fffea827e7436c0fba14b4d2_004.png']",0.5645529962783804
car,car_train_c0,car_c0_train_15f605c6fffea827e7436c0fba14b4d2_1,1,"['car_15f605c6fffea827e7436c0fba14b4d2_004.png', 'car_3e37a76f38d057cd3f823401cb5b3c88_006.png', 'car_15f605c6fffea827e7436c0fba14b4d2_008.png']",0.5645529962783804
car,car_train_c0,car_c0_train_15f605c6fffea827e7436c0fba14b4d2_2,0,"['car_dbe0b25edb8508babcf922304761e55e_001.png', 'car_15f605c6fffea827e7436c0fba14b4d2_003.png', 'car_15f605c6fffea827e7436c0fba14b4d2_012.png']",0.6207268394754502
car,car_train_c0,car_c0_train_8402d2237afac94a1cf6f8e565096a1e_0,1,"['car_8402d2237afac94a1cf6f8e565096a1e_000.png', 'car_d85d6bcdc81df377f52657bb1f80be90_003.png', 'car_8402d2237afac94a1cf6f8e565096a1e_011.png']",0.446839870087298
car,car_train_c0,car_c0_train_8402d2237afac94a1cf6f8e565096a1e_1,0,"['car_d85d6bcdc81df377f52657bb1f80be90_007.png', 'car_8402d2237afac94a1cf6f8e565096a1e_011.png', 'car_8402d2237afac94a1cf6f8e565096a1e_008.png']",0.446839870087298
car,car_train_c0,car_c0_train_8402d2237afac94a1cf6f8e565096a1e_2,1,"['car_8402d2237afac94a1cf6f8e565096a1e_001.png', 'car_d85d6bcdc81df377f52657bb1f80be90_000.png', 'car_8402d2237afac94a1cf6f8e565096a1e_005.png']",0.446839870087298
car,car_train_c0,car_c0_train_752a3ce746670be176ad064d1c5fdd7c_0,0,"['car_18e16129375e723e6f8f8c736fcc7940_012.png', 'car_752a3ce746670be176ad064d1c5fdd7c_014.png', 'car_752a3ce746670be176ad064d1c5fdd7c_006.png']",0.10196451669597362
car,car_train_c0,car_c0_train_752a3ce746670be176ad064d1c5fdd7c_1,2,"['car_752a3ce746670be176ad064d1c5fdd7c_008.png', 'car_752a3ce746670be176ad064d1c5fdd7c_007.png', 'car_f7b9529fb166ee56ac922d597da8f180_012.png']",0.2540219322697922
car,car_train_c0,car_c0_train_752a3ce746670be176ad064d1c5fdd7c_2,1,"['car_752a3ce746670be176ad064d1c5fdd7c_009.png', 'car_18e16129375e723e6f8f8c736fcc7940_006.png', 'car_752a3ce746670be176ad064d1c5fdd7c_002.png']",0.10196451669597362
car,car_train_c0,car_c0_train_3e37a76f38d057cd3f823401cb5b3c88_0,2,"['car_3e37a76f38d057cd3f823401cb5b3c88_006.png', 'car_3e37a76f38d057cd3f823401cb5b3c88_010.png', 'car_f7b9529fb166ee56ac922d597da8f180_009.png']",0.38669622398735304
car,car_train_c0,car_c0_train_3e37a76f38d057cd3f823401cb5b3c88_1,0,"['car_df1081dd18fa7bcd57d7020aed3513bb_009.png', 'car_3e37a76f38d057cd3f823401cb5b3c88_012.png', 'car_3e37a76f38d057cd3f823401cb5b3c88_007.png']",0.2580665764353448
car,car_train_c0,car_c0_train_3e37a76f38d057cd3f823401cb5b3c88_2,2,"['car_3e37a76f38d057cd3f823401cb5b3c88_004.png', 'car_3e37a76f38d057cd3f823401cb5b3c88_009.png', 'car_f7b9529fb166ee56ac922d597da8f180_005.png']",0.38669622398735304
car,car_train_c0,car_c0_train_82b9ce9740bfd28fe9fab7ec4b8a907e_0,2,"['car_82b9ce9740bfd28fe9fab7ec4b8a907e_006.png', 'car_82b9ce9740bfd28fe9fab7ec4b8a907e_005.png', 'car_9aaeb0852a4cca28471ac7b6a0462075_005.png']",0.32502780692034494
car,car_train_c0,car_c0_train_82b9ce9740bfd28fe9fab7ec4b8a907e_1,0,"['car_d2776550e240c0d642fb51f57882f419_013.png', 'car_82b9ce9740bfd28fe9fab7ec4b8a907e_013.png', 'car_82b9ce9740bfd28fe9fab7ec4b8a907e_005.png']",0.38845015266780536
car,car_train_c0,car_c0_train_82b9ce9740bfd28fe9fab7ec4b8a907e_2,1,"['car_82b9ce9740bfd28fe9fab7ec4b8a907e_008.png', 'car_d2776550e240c0d642fb51f57882f419_002.png', 'car_82b9ce9740bfd28fe9fab7ec4b8a907e_005.png']",0.38845015266780536
car,car_train_c0,car_c0_train_78c5d8e9acc120ce16abce8cb03e7794_0,1,"['car_78c5d8e9acc120ce16abce8cb03e7794_003.png', 'car_82b9ce9740bfd28fe9fab7ec4b8a907e_014.png', 'car_78c5d8e9acc120ce16abce8cb03e7794_012.png']",0.43652165734576054
car,car_train_c0,car_c0_train_78c5d8e9acc120ce16abce8cb03e7794_1,0,"['car_8b8f4f12e5b142c016abce8cb03e7794_013.png', 'car_78c5d8e9acc120ce16abce8cb03e7794_014.png', 'car_78c5d8e9acc120ce16abce8cb03e7794_012.png']",0.19941817153718155
car,car_train_c0,car_c0_train_78c5d8e9acc120ce16abce8cb03e7794_2,1,"['car_78c5d8e9acc120ce16abce8cb03e7794_001.png', 'car_8b8f4f12e5b142c016abce8cb03e7794_003.png', 'car_78c5d8e9acc120ce16abce8cb03e7794_000.png']",0.19941817153718155
car,car_train_c0,car_c0_train_42af1d5d3b2524003e241901f2025878_0,0,"['car_88161acf1ef955c5d76439fb95cdd2ed_004.png', 'car_42af1d5d3b2524003e241901f2025878_005.png', 'car_42af1d5d3b2524003e241901f2025878_008.png']",0.22445801898196005
car,car_train_c0,car_c0_train_42af1d5d3b2524003e241901f2025878_1,1,"['car_42af1d5d3b2524003e241901f2025878_010.png', 'car_d6f8cfdb1659142814fccfc8a25361e_008.png', 'car_42af1d5d3b2524003e241901f2025878_005.png']",0.1031382281785459
car,car_train_c0,car_c0_train_42af1d5d3b2524003e241901f2025878_2,0,"['car_c08d4483e70f02e5322b377b3e7c8ad8_007.png', 'car_42af1d5d3b2524003e241901f2025878_011.png', 'car_42af1d5d3b2524003e241901f2025878_003.png']",0.40594283523939445
car,car_train_c0,car_c0_train_16ba461c0d7c8435dd141480e2c154d3_0,2,"['car_16ba461c0d7c8435dd141480e2c154d3_009.png', 'car_16ba461c0d7c8435dd141480e2c154d3_007.png', 'car_15f605c6fffea827e7436c0fba14b4d2_007.png']",0.4427641338708109
car,car_train_c0,car_c0_train_16ba461c0d7c8435dd141480e2c154d3_1,1,"['car_16ba461c0d7c8435dd141480e2c154d3_006.png', 'car_dbe0b25edb8508babcf922304761e55e_010.png', 'car_16ba461c0d7c8435dd141480e2c154d3_012.png']",0.44339785524575204
car,car_train_c0,car_c0_train_16ba461c0d7c8435dd141480e2c154d3_2,0,"['car_15f605c6fffea827e7436c0fba14b4d2_014.png', 'car_16ba461c0d7c8435dd141480e2c154d3_013.png', 'car_16ba461c0d7c8435dd141480e2c154d3_008.png']",0.4427641338708109
car,car_train_c0,car_c0_train_5a91741d3a0ca58cf200a72c9245aee7_0,0,"['car_3e37a76f38d057cd3f823401cb5b3c88_014.png', 'car_5a91741d3a0ca58cf200a72c9245aee7_001.png', 'car_5a91741d3a0ca58cf200a72c9245aee7_005.png']",0.3285762829915516
car,car_train_c0,car_c0_train_5a91741d3a0ca58cf200a72c9245aee7_1,2,"['car_5a91741d3a0ca58cf200a72c9245aee7_010.png', 'car_5a91741d3a0ca58cf200a72c9245aee7_003.png', 'car_df1081dd18fa7bcd57d7020aed3513bb_002.png']",0.21423609331258509
car,car_train_c0,car_c0_train_5a91741d3a0ca58cf200a72c9245aee7_2,1,"['car_5a91741d3a0ca58cf200a72c9245aee7_005.png', 'car_3e37a76f38d057cd3f823401cb5b3c88_003.png', 'car_5a91741d3a0ca58cf200a72c9245aee7_008.png']",0.3285762829915516
car,car_train_c0,car_c0_train_4e9a489d830e285b59139efcde1fedcb_0,0,"['car_8402d2237afac94a1cf6f8e565096a1e_007.png', 'car_4e9a489d830e285b59139efcde1fedcb_006.png', 'car_4e9a489d830e285b59139efcde1fedcb_004.png']",0.4546177816334068
car,car_train_c0,car_c0_train_4e9a489d830e285b59139efcde1fedcb_1,2,"['car_4e9a489d830e285b59139efcde1fedcb_007.png', 'car_4e9a489d830e285b59139efcde1fedcb_010.png', 'car_78c5d8e9acc120ce16abce8cb03e7794_000.png']",0.4332483194446205
car,car_train_c0,car_c0_train_4e9a489d830e285b59139efcde1fedcb_2,1,"['car_4e9a489d830e285b59139efcde1fedcb_013.png', 'car_9aaeb0852a4cca28471ac7b6a0462075_003.png', 'car_4e9a489d830e285b59139efcde1fedcb_001.png']",0.48955943203686403
car,car_train_c1,car_c1_train_33395dcb83b43eee21e570d3da54bf9d_0,0,"['car_128ad72f92a3e96db96212c8f6cd06e_001.png', 'car_33395dcb83b43eee21e570d3da54bf9d_007.png', 'car_33395dcb83b43eee21e570d3da54bf9d_008.png']",0.06492490775258986
car,car_train_c1,car_c1_train_33395dcb83b43eee21e570d3da54bf9d_1,0,"['car_77e3ac704a2933d0921cb81cb1632a5e_000.png', 'car_33395dcb83b43eee21e570d3da54bf9d_002.png', 'car_33395dcb83b43eee21e570d3da54bf9d_013.png']",0.11229718491852547
car,car_train_c1,car_c1_train_33395dcb83b43eee21e570d3da54bf9d_2,1,"['car_33395dcb83b43eee21e570d3da54bf9d_002.png', 'car_128ad72f92a3e96db96212c8f6cd06e_004.png', 'car_33395dcb83b43eee21e570d3da54bf9d_006.png']",0.06492490775258986
car,car_train_c1,car_c1_train_7e6da78c8dde0479f30da7304391ba9f_0,1,"['car_7e6da78c8dde0479f30da7304391ba9f_003.png', 'car_4c3b9ecbafc80b9cd485372bb746f3c7_007.png', 'car_7e6da78c8dde0479f30da7304391ba9f_005.png']",0.04402945394354518
car,car_train_c1,car_c1_train_7e6da78c8dde0479f30da7304391ba9f_1,2,"['car_7e6da78c8dde0479f30da7304391ba9f_008.png', 'car_7e6da78c8dde0479f30da7304391ba9f_009.png', 'car_77a759df0166630adeb0f0d7312576e9_005.png']",0.04471237469438416
car,car_train_c1,car_c1_train_7e6da78c8dde0479f30da7304391ba9f_2,2,"['car_7e6da78c8dde0479f30da7304391ba9f_001.png', 'car_7e6da78c8dde0479f30da7304391ba9f_004.png', 'car_fd7741b7927726bda37f3fc191551700_005.png']",0.017041950646960347
car,car_train_c1,car_c1_train_72b2c7b2a49d46ac2a9eb0f146e94477_0,1,"['car_72b2c7b2a49d46ac2a9eb0f146e94477_007.png', 'car_95d8510258f7f919c9be4fc52f26b7f5_004.png', 'car_72b2c7b2a49d46ac2a9eb0f146e94477_013.png']",0.06683788367937327
car,car_train_c1,car_c1_train_72b2c7b2a49d46ac2a9eb0f146e94477_1,1,"['car_72b2c7b2a49d46ac2a9eb0f146e94477_012.png', 'car_95d8510258f7f919c9be4fc52f26b7f5_007.png', 'car_72b2c7b2a49d46ac2a9eb0f146e94477_013.png']",0.06683788367937327
car,car_train_c1,car_c1_train_72b2c7b2a49d46ac2a9eb0f146e94477_2,2,"['car_72b2c7b2a49d46ac2a9eb0f146e94477_007.png', 'car_72b2c7b2a49d46ac2a9eb0f146e94477_001.png', 'car_95d8510258f7f919c9be4fc52f26b7f5_005.png']",0.06683788367937327
car,car_train_c1,car_c1_train_bd29875d6aa7be1b2a80b185a779af6c_0,1,"['car_bd29875d6aa7be1b2a80b185a779af6c_014.png', 'car_95d8510258f7f919c9be4fc52f26b7f5_009.png', 'car_bd29875d6aa7be1b2a80b185a779af6c_007.png']",0.061891821751441034
car,car_train_c1,car_c1_train_bd29875d6aa7be1b2a80b185a779af6c_1,1,"['car_bd29875d6aa7be1b2a80b185a779af6c_012.png', 'car_72b2c7b2a49d46ac2a9eb0f146e94477_007.png', 'car_bd29875d6aa7be1b2a80b185a779af6c_004.png']",0.047332502688749334
car,car_train_c1,car_c1_train_bd29875d6aa7be1b2a80b185a779af6c_2,2,"['car_bd29875d6aa7be1b2a80b185a779af6c_002.png', 'car_bd29875d6aa7be1b2a80b185a779af6c_001.png', 'car_77a759df0166630adeb0f0d7312576e9_009.png']",0.05342400081732834
car,car_train_c1,car_c1_train_4e6131bad4ae8b6c91af0bf49336b8c6_0,2,"['car_4e6131bad4ae8b6c91af0bf49336b8c6_009.png', 'car_4e6131bad4ae8b6c91af0bf49336b8c6_007.png', 'car_77a759df0166630adeb0f0d7312576e9_003.png']",0.12159197652019849
car,car_train_c1,car_c1_train_4e6131bad4ae8b6c91af0bf49336b8c6_1,1,"['car_4e6131bad4ae8b6c91af0bf49336b8c6_004.png', 'car_209c79dbd4f7ad944ee32d005103a21a_014.png', 'car_4e6131bad4ae8b6c91af0bf49336b8c6_011.png']",0.10206987750351548
car,car_train_c1,car_c1_train_4e6131bad4ae8b6c91af0bf49336b8c6_2,2,"['car_4e6131bad4ae8b6c91af0bf49336b8c6_003.png', 'car_4e6131bad4ae8b6c91af0bf49336b8c6_001.png', 'car_77e3ac704a2933d0921cb81cb1632a5e_010.png']",0.12147674432067035
car,car_train_c1,car_c1_train_2525b83c84bd3afbde2d51ea8231791_0,0,"['car_e7b9a6485b15921d51a95aaa6caba1d3_010.png', 'car_2525b83c84bd3afbde2d51ea8231791_013.png', 'car_2525b83c84bd3afbde2d51ea8231791_008.png']",0.09540128590217689
car,car_train_c1,car_c1_train_2525b83c84bd3afbde2d51ea8231791_1,2,"['car_2525b83c84bd3afbde2d51ea8231791_012.png', 'car_2525b83c84bd3afbde2d51ea8231791_014.png', 'car_4c3b9ecbafc80b9cd485372bb746f3c7_006.png']",0.06418641075248233
car,car_train_c1,car_c1_train_2525b83c84bd3afbde2d51ea8231791_2,0,"['car_e7b9a6485b15921d51a95aaa6caba1d3_000.png', 'car_2525b83c84bd3afbde2d51ea8231791_014.png', 'car_2525b83c84bd3afbde2d51ea8231791_007.png']",0.09540128590217689
car,car_train_c1,car_c1_train_c59c26c90a724e84ce27281f3b76d1f5_0,0,"['car_209c79dbd4f7ad944ee32d005103a21a_010.png', 'car_c59c26c90a724e84ce27281f3b76d1f5_008.png', 'car_c59c26c90a724e84ce27281f3b76d1f5_005.png']",0.08801464213311128
car,car_train_c1,car_c1_train_c59c26c90a724e84ce27281f3b76d1f5_1,1,"['car_c59c26c90a724e84ce27281f3b76d1f5_010.png', 'car_209c79dbd4f7ad944ee32d005103a21a_003.png', 'car_c59c26c90a724e84ce27281f3b76d1f5_004.png']",0.08801464213311128
car,car_train_c1,car_c1_train_c59c26c90a724e84ce27281f3b76d1f5_2,0,"['car_209c79dbd4f7ad944ee32d005103a21a_004.png', 'car_c59c26c90a724e84ce27281f3b76d1f5_014.png', 'car_c59c26c90a724e84ce27281f3b76d1f5_001.png']",0.08801464213311128
car,car_train_c1,car_c1_train_7611c8605cb47d74b11647ffa4306609_0,2,"['car_7611c8605cb47d74b11647ffa4306609_008.png', 'car_7611c8605cb47d74b11647ffa4306609_006.png', 'car_2525b83c84bd3afbde2d51ea8231791_000.png']",0.04753234430156339
car,car_train_c1,car_c1_train_7611c8605cb47d74b11647ffa4306609_1,0,"['car_4c3b9ecbafc80b9cd485372bb746f3c7_014.png', 'car_7611c8605cb47d74b11647ffa4306609_013.png', 'car_7611c8605cb47d74b11647ffa4306609_009.png']",0.045512146371333495
car,car_train_c1,car_c1_train_7611c8605cb47d74b11647ffa4306609_2,0,"['car_2525b83c84bd3afbde2d51ea8231791_012.png', 'car_7611c8605cb47d74b11647ffa4306609_011.png', 'car_7611c8605cb47d74b11647ffa4306609_014.png']",0.04753234430156339
car,car_train_c1,car_c1_train_5d6160c6e87be84631d01cb0ca6cb2e2_0,2,"['car_5d6160c6e87be84631d01cb0ca6cb2e2_002.png', 'car_5d6160c6e87be84631d01cb0ca6cb2e2_001.png', 'car_77a759df0166630adeb0f0d7312576e9_000.png']",0.13081330758247278
car,car_train_c1,car_c1_train_5d6160c6e87be84631d01cb0ca6cb2e2_1,0,"['car_77a759df0166630adeb0f0d7312576e9_012.png', 'car_5d6160c6e87be84631d01cb0ca6cb2e2_000.png', 'car_5d6160c6e87be84631d01cb0ca6cb2e2_001.png']",0.13081330758247278
car,car_train_c1,car_c1_train_5d6160c6e87be84631d01cb0ca6cb2e2_2,0,"['car_77a759df0166630adeb0f0d7312576e9_001.png', 'car_5d6160c6e87be84631d01cb0ca6cb2e2_003.png', 'car_5d6160c6e87be84631d01cb0ca6cb2e2_012.png']",0.13081330758247278
car,car_train_c1,car_c1_train_aefcbac53b05ed5a27404deef339faa_0,1,"['car_aefcbac53b05ed5a27404deef339faa_009.png', 'car_4e6131bad4ae8b6c91af0bf49336b8c6_012.png', 'car_aefcbac53b05ed5a27404deef339faa_004.png']",0.09988512287278961
car,car_train_c1,car_c1_train_aefcbac53b05ed5a27404deef339faa_1,1,"['car_aefcbac53b05ed5a27404deef339faa_011.png', 'car_7611c8605cb47d74b11647ffa4306609_007.png', 'car_aefcbac53b05ed5a27404deef339faa_014.png']",0.14547225623238547
car,car_train_c1,car_c1_train_aefcbac53b05ed5a27404deef339faa_2,0,"['car_4e6131bad4ae8b6c91af0bf49336b8c6_009.png', 'car_aefcbac53b05ed5a27404deef339faa_000.png', 'car_aefcbac53b05ed5a27404deef339faa_010.png']",0.09988512287278961
car,car_train_c1,car_c1_train_34d28083d9f0c31fa2e586b3e41e79ff_0,0,"['car_128ad72f92a3e96db96212c8f6cd06e_013.png', 'car_34d28083d9f0c31fa2e586b3e41e79ff_008.png', 'car_34d28083d9f0c31fa2e586b3e41e79ff_003.png']",0.10249067465981221
car,car_train_c1,car_c1_train_34d28083d9f0c31fa2e586b3e41e79ff_1,2,"['car_34d28083d9f0c31fa2e586b3e41e79ff_001.png', 'car_34d28083d9f0c31fa2e586b3e41e79ff_000.png', 'car_77e3ac704a2933d0921cb81cb1632a5e_013.png']",0.07310662506700816
car,car_train_c1,car_c1_train_34d28083d9f0c31fa2e586b3e41e79ff_2,2,"['car_34d28083d9f0c31fa2e586b3e41e79ff_000.png', 'car_34d28083d9f0c31fa2e586b3e41e79ff_013.png', 'car_e7b9a6485b15921d51a95aaa6caba1d3_014.png']",0.06202299274821754
car,car_train_c1,car_c1_train_4c3b9ecbafc80b9cd485372bb746f3c7_0,2,"['car_4c3b9ecbafc80b9cd485372bb746f3c7_008.png', 'car_4c3b9ecbafc80b9cd485372bb746f3c7_010.png', 'car_7611c8605cb47d74b11647ffa4306609_006.png']",0.045512146371333495
car,car_train_c1,car_c1_train_4c3b9ecbafc80b9cd485372bb746f3c7_1,0,"['car_2525b83c84bd3afbde2d51ea8231791_009.png', 'car_4c3b9ecbafc80b9cd485372bb746f3c7_003.png', 'car_4c3b9ecbafc80b9cd485372bb746f3c7_011.png']",0.06418641075248233
car,car_train_c1,car_c1_train_4c3b9ecbafc80b9cd485372bb746f3c7_2,2,"['car_4c3b9ecbafc80b9cd485372bb746f3c7_010.png', 'car_4c3b9ecbafc80b9cd485372bb746f3c7_008.png', 'car_2525b83c84bd3afbde2d51ea8231791_007.png']",0.06418641075248233
car,car_train_c1,car_c1_train_365af82203c96fbca92a4cdad802b45_0,1,"['car_365af82203c96fbca92a4cdad802b45_007.png', 'car_7611c8605cb47d74b11647ffa4306609_011.png', 'car_365af82203c96fbca92a4cdad802b45_014.png']",0.02287771551210449
car,car_train_c1,car_c1_train_365af82203c96fbca92a4cdad802b45_1,2,"['car_365af82203c96fbca92a4cdad802b45_011.png', 'car_365af82203c96fbca92a4cdad802b45_009.png', 'car_fd7741b7927726bda37f3fc191551700_008.png']",0.048964517329543655
car,car_train_c1,car_c1_train_365af82203c96fbca92a4cdad802b45_2,1,"['car_365af82203c96fbca92a4cdad802b45_002.png', 'car_7611c8605cb47d74b11647ffa4306609_000.png', 'car_365af82203c96fbca92a4cdad802b45_010.png']",0.02287771551210449
car,car_train_c1,car_c1_train_1836f75baa094cd9372ca62e6806c5c3_0,0,"['car_7e6da78c8dde0479f30da7304391ba9f_002.png', 'car_1836f75baa094cd9372ca62e6806c5c3_009.png', 'car_1836f75baa094cd9372ca62e6806c5c3_007.png']",0.05595380290334462
car,car_train_c1,car_c1_train_1836f75baa094cd9372ca62e6806c5c3_1,2,"['car_1836f75baa094cd9372ca62e6806c5c3_006.png', 'car_1836f75baa094cd9372ca62e6806c5c3_010.png', 'car_9a152b11907b11074549b3c52ae0632e_006.png']",0.061920986418616986
car,car_train_c1,car_c1_train_1836f75baa094cd9372ca62e6806c5c3_2,2,"['car_1836f75baa094cd9372ca62e6806c5c3_001.png', 'car_1836f75baa094cd9372ca62e6806c5c3_009.png', 'car_bd29875d6aa7be1b2a80b185a779af6c_002.png']",0.07141513295832425
car,car_train_c1,car_c1_train_9a152b11907b11074549b3c52ae0632e_0,2,"['car_9a152b11907b11074549b3c52ae0632e_006.png', 'car_9a152b11907b11074549b3c52ae0632e_014.png', 'car_bd29875d6aa7be1b2a80b185a779af6c_001.png']",0.06292088100481441
car,car_train_c1,car_c1_train_9a152b11907b11074549b3c52ae0632e_1,2,"['car_9a152b11907b11074549b3c52ae0632e_009.png', 'car_9a152b11907b11074549b3c52ae0632e_000.png', 'car_bd29875d6aa7be1b2a80b185a779af6c_012.png']",0.06292088100481441
car,car_train_c1,car_c1_train_9a152b11907b11074549b3c52ae0632e_2,1,"['car_9a152b11907b11074549b3c52ae0632e_010.png', 'car_7e6da78c8dde0479f30da7304391ba9f_007.png', 'car_9a152b11907b11074549b3c52ae0632e_012.png']",0.06735205004627853
car,car_train_c1,car_c1_train_7b01d9b011361e82a7fd25564c2e888e_0,1,"['car_7b01d9b011361e82a7fd25564c2e888e_013.png', 'car_fd7741b7927726bda37f3fc191551700_005.png', 'car_7b01d9b011361e82a7fd25564c2e888e_006.png']",0.10423606749838865
car,car_train_c1,car_c1_train_7b01d9b011361e82a7fd25564c2e888e_1,0,"['car_fd7741b7927726bda37f3fc191551700_013.png', 'car_7b01d9b011361e82a7fd25564c2e888e_007.png', 'car_7b01d9b011361e82a7fd25564c2e888e_011.png']",0.10423606749838865
car,car_train_c1,car_c1_train_7b01d9b011361e82a7fd25564c2e888e_2,1,"['car_7b01d9b011361e82a7fd25564c2e888e_004.png', 'car_7611c8605cb47d74b11647ffa4306609_005.png', 'car_7b01d9b011361e82a7fd25564c2e888e_003.png']",0.0959219618960534
car,car_train_c1,car_c1_train_e7b9a6485b15921d51a95aaa6caba1d3_0,1,"['car_e7b9a6485b15921d51a95aaa6caba1d3_013.png', 'car_77e3ac704a2933d0921cb81cb1632a5e_001.png', 'car_e7b9a6485b15921d51a95aaa6caba1d3_004.png']",0.06125142147424434
car,car_train_c1,car_c1_train_e7b9a6485b15921d51a95aaa6caba1d3_1,2,"['car_e7b9a6485b15921d51a95aaa6caba1d3_013.png', 'car_e7b9a6485b15921d51a95aaa6caba1d3_011.png', 'car_34d28083d9f0c31fa2e586b3e41e79ff_009.png']",0.06202299274821754
car,car_train_c1,car_c1_train_e7b9a6485b15921d51a95aaa6caba1d3_2,1,"['car_e7b9a6485b15921d51a95aaa6caba1d3_013.png', 'car_209c79dbd4f7ad944ee32d005103a21a_005.png', 'car_e7b9a6485b15921d51a95aaa6caba1d3_014.png']",0.07515874425645064
car,car_train_c1,car_c1_train_fd7741b7927726bda37f3fc191551700_0,2,"['car_fd7741b7927726bda37f3fc191551700_004.png', 'car_fd7741b7927726bda37f3fc191551700_010.png', 'car_9a152b11907b11074549b3c52ae0632e_014.png']",0.06430316467403241
car,car_train_c1,car_c1_train_fd7741b7927726bda37f3fc191551700_1,0,"['car_77a759df0166630adeb0f0d7312576e9_008.png', 'car_fd7741b7927726bda37f3fc191551700_008.png', 'car_fd7741b7927726bda37f3fc191551700_000.png']",0.06651351282913764
car,car_train_c1,car_c1_train_fd7741b7927726bda37f3fc191551700_2,0,"['car_365af82203c96fbca92a4cdad802b45_001.png', 'car_fd7741b7927726bda37f3fc191551700_013.png', 'car_fd7741b7927726bda37f3fc191551700_007.png']",0.048964517329543655
car,car_train_c1,car_c1_train_77a759df0166630adeb0f0d7312576e9_0,2,"['car_77a759df0166630adeb0f0d7312576e9_008.png', 'car_77a759df0166630adeb0f0d7312576e9_001.png', 'car_bd29875d6aa7be1b2a80b185a779af6c_009.png']",0.05342400081732834
car,car_train_c1,car_c1_train_77a759df0166630adeb0f0d7312576e9_1,2,"['car_77a759df0166630adeb0f0d7312576e9_014.png', 'car_77a759df0166630adeb0f0d7312576e9_005.png', 'car_7611c8605cb47d74b11647ffa4306609_005.png']",0.024272768246779042
car,car_train_c1,car_c1_train_77a759df0166630adeb0f0d7312576e9_2,2,"['car_77a759df0166630adeb0f0d7312576e9_002.png', 'car_77a759df0166630adeb0f0d7312576e9_000.png', 'car_7e6da78c8dde0479f30da7304391ba9f_004.png']",0.04471237469438416
car,car_train_c1,car_c1_train_77e3ac704a2933d0921cb81cb1632a5e_0,2,"['car_77e3ac704a2933d0921cb81cb1632a5e_005.png', 'car_77e3ac704a2933d0921cb81cb1632a5e_002.png', 'car_209c79dbd4f7ad944ee32d005103a21a_009.png']",0.093183930065314
car,car_train_c1,car_c1_train_77e3ac704a2933d0921cb81cb1632a5e_1,2,"['car_77e3ac704a2933d0921cb81cb1632a5e_003.png', 'car_77e3ac704a2933d0921cb81cb1632a5e_014.png', 'car_209c79dbd4f7ad944ee32d005103a21a_007.png']",0.093183930065314
car,car_train_c1,car_c1_train_77e3ac704a2933d0921cb81cb1632a5e_2,0,"['car_72b2c7b2a49d46ac2a9eb0f146e94477_000.png', 'car_77e3ac704a2933d0921cb81cb1632a5e_000.png', 'car_77e3ac704a2933d0921cb81cb1632a5e_007.png']",0.09267824952359083
car,car_train_c1,car_c1_train_128ad72f92a3e96db96212c8f6cd06e_0,2,"['car_128ad72f92a3e96db96212c8f6cd06e_005.png', 'car_128ad72f92a3e96db96212c8f6cd06e_011.png', 'car_209c79dbd4f7ad944ee32d005103a21a_004.png']",0.0565707793067034
car,car_train_c1,car_c1_train_128ad72f92a3e96db96212c8f6cd06e_1,2,"['car_128ad72f92a3e96db96212c8f6cd06e_003.png', 'car_128ad72f92a3e96db96212c8f6cd06e_007.png', 'car_72b2c7b2a49d46ac2a9eb0f146e94477_001.png']",0.049481086406235275
car,car_train_c1,car_c1_train_128ad72f92a3e96db96212c8f6cd06e_2,1,"['car_128ad72f92a3e96db96212c8f6cd06e_012.png', 'car_209c79dbd4f7ad944ee32d005103a21a_003.png', 'car_128ad72f92a3e96db96212c8f6cd06e_003.png']",0.0565707793067034
car,car_train_c1,car_c1_train_209c79dbd4f7ad944ee32d005103a21a_0,0,"['car_77a759df0166630adeb0f0d7312576e9_009.png', 'car_209c79dbd4f7ad944ee32d005103a21a_003.png', 'car_209c79dbd4f7ad944ee32d005103a21a_002.png']",0.07366468885960076
car,car_train_c1,car_c1_train_209c79dbd4f7ad944ee32d005103a21a_1,2,"['car_209c79dbd4f7ad944ee32d005103a21a_010.png', 'car_209c79dbd4f7ad944ee32d005103a21a_013.png', 'car_77a759df0166630adeb0f0d7312576e9_012.png']",0.07366468885960076
car,car_train_c1,car_c1_train_209c79dbd4f7ad944ee32d005103a21a_2,1,"['car_209c79dbd4f7ad944ee32d005103a21a_010.png', 'car_e7b9a6485b15921d51a95aaa6caba1d3_002.png', 'car_209c79dbd4f7ad944ee32d005103a21a_001.png']",0.07515874425645064
car,car_train_c1,car_c1_train_584a78bbf7932674d4fdf31cc2d78fd0_0,0,"['car_4c3b9ecbafc80b9cd485372bb746f3c7_009.png', 'car_584a78bbf7932674d4fdf31cc2d78fd0_012.png', 'car_584a78bbf7932674d4fdf31cc2d78fd0_013.png']",0.18672677749100086
car,car_train_c1,car_c1_train_584a78bbf7932674d4fdf31cc2d78fd0_1,1,"['car_584a78bbf7932674d4fdf31cc2d78fd0_012.png', 'car_7e6da78c8dde0479f30da7304391ba9f_009.png', 'car_584a78bbf7932674d4fdf31cc2d78fd0_002.png']",0.2150228713548621
car,car_train_c1,car_c1_train_584a78bbf7932674d4fdf31cc2d78fd0_2,0,"['car_7611c8605cb47d74b11647ffa4306609_007.png', 'car_584a78bbf7932674d4fdf31cc2d78fd0_001.png', 'car_584a78bbf7932674d4fdf31cc2d78fd0_007.png']",0.23201367313871668
car,car_train_c1,car_c1_train_5fe9cca902d8135aa36fba949f601317_0,0,"['car_95d8510258f7f919c9be4fc52f26b7f5_001.png', 'car_5fe9cca902d8135aa36fba949f601317_011.png', 'car_5fe9cca902d8135aa36fba949f601317_005.png']",0.04178887599939929
car,car_train_c1,car_c1_train_5fe9cca902d8135aa36fba949f601317_1,1,"['car_5fe9cca902d8135aa36fba949f601317_012.png', 'car_128ad72f92a3e96db96212c8f6cd06e_005.png', 'car_5fe9cca902d8135aa36fba949f601317_010.png']",0.09250279031905206
car,car_train_c1,car_c1_train_5fe9cca902d8135aa36fba949f601317_2,1,"['car_5fe9cca902d8135aa36fba949f601317_006.png', 'car_bd29875d6aa7be1b2a80b185a779af6c_013.png', 'car_5fe9cca902d8135aa36fba949f601317_011.png']",0.10667256711710082
car,car_train_c1,car_c1_train_95d8510258f7f919c9be4fc52f26b7f5_0,1,"['car_95d8510258f7f919c9be4fc52f26b7f5_001.png', 'car_128ad72f92a3e96db96212c8f6cd06e_012.png', 'car_95d8510258f7f919c9be4fc52f26b7f5_005.png']",0.08678283840917622
car,car_train_c1,car_c1_train_95d8510258f7f919c9be4fc52f26b7f5_1,0,"['car_209c79dbd4f7ad944ee32d005103a21a_009.png', 'car_95d8510258f7f919c9be4fc52f26b7f5_001.png', 'car_95d8510258f7f919c9be4fc52f26b7f5_008.png']",0.08065726094201298
car,car_train_c1,car_c1_train_95d8510258f7f919c9be4fc52f26b7f5_2,2,"['car_95d8510258f7f919c9be4fc52f26b7f5_013.png', 'car_95d8510258f7f919c9be4fc52f26b7f5_014.png', 'car_5fe9cca902d8135aa36fba949f601317_012.png']",0.04178887599939929
car,car_train_c2,car_c2_train_53e7ed598e9c3a09405f29f7fa3f25df_0,0,"['car_70cf106dd369bf3ac427f8508e3d634b_011.png', 'car_53e7ed598e9c3a09405f29f7fa3f25df_006.png', 'car_53e7ed598e9c3a09405f29f7fa3f25df_007.png']",0.04986607577782298
car,car_train_c2,car_c2_train_53e7ed598e9c3a09405f29f7fa3f25df_1,0,"['car_cfb6c8867c6dd84c80e74058ee862f05_004.png', 'car_53e7ed598e9c3a09405f29f7fa3f25df_012.png', 'car_53e7ed598e9c3a09405f29f7fa3f25df_006.png']",0.044866601842015075
car,car_train_c2,car_c2_train_53e7ed598e9c3a09405f29f7fa3f25df_2,1,"['car_53e7ed598e9c3a09405f29f7fa3f25df_002.png', 'car_abd0aa2e0ca4fc4793249f89773e858_002.png', 'car_53e7ed598e9c3a09405f29f7fa3f25df_005.png']",0.04293393404419743
car,car_train_c2,car_c2_train_492f36ac59d2d3eb450d7227edc25975_0,0,"['car_924e1a54fad65f4de74f89cd7bde93ef_010.png', 'car_492f36ac59d2d3eb450d7227edc25975_011.png', 'car_492f36ac59d2d3eb450d7227edc25975_000.png']",0.015364897143611334
car,car_train_c2,car_c2_train_492f36ac59d2d3eb450d7227edc25975_1,0,"['car_1acfbda4ce0ec524bedced414fad522f_013.png', 'car_492f36ac59d2d3eb450d7227edc25975_012.png', 'car_492f36ac59d2d3eb450d7227edc25975_010.png']",0.04143254900075355
car,car_train_c2,car_c2_train_492f36ac59d2d3eb450d7227edc25975_2,2,"['car_492f36ac59d2d3eb450d7227edc25975_009.png', 'car_492f36ac59d2d3eb450d7227edc25975_002.png', 'car_f60779c934ee51eddd1e15301c83686f_002.png']",0.01926661412088515
car,car_train_c2,car_c2_train_488e4530f2b157c2e877e82c90c24d_0,2,"['car_488e4530f2b157c2e877e82c90c24d_003.png', 'car_488e4530f2b157c2e877e82c90c24d_002.png', 'car_cdba926f41c3b1ce92dd8154d7e0933a_012.png']",0.0840980318410719
car,car_train_c2,car_c2_train_488e4530f2b157c2e877e82c90c24d_1,1,"['car_488e4530f2b157c2e877e82c90c24d_002.png', 'car_924e1a54fad65f4de74f89cd7bde93ef_009.png', 'car_488e4530f2b157c2e877e82c90c24d_005.png']",0.0792224719114547
car,car_train_c2,car_c2_train_488e4530f2b157c2e877e82c90c24d_2,1,"['car_488e4530f2b157c2e877e82c90c24d_000.png', 'car_30776fb35aa99150ee3dd0c47654345b_009.png', 'car_488e4530f2b157c2e877e82c90c24d_014.png']",0.07568982664039403
car,car_train_c2,car_c2_train_924e1a54fad65f4de74f89cd7bde93ef_0,0,"['car_180d1e3463c29355bda72093f9b5aa73_010.png', 'car_924e1a54fad65f4de74f89cd7bde93ef_013.png', 'car_924e1a54fad65f4de74f89cd7bde93ef_000.png']",0.03736429288152687
car,car_train_c2,car_c2_train_924e1a54fad65f4de74f89cd7bde93ef_1,0,"['car_9232d8834704e5f9dd141480e2c154d3_006.png', 'car_924e1a54fad65f4de74f89cd7bde93ef_004.png', 'car_924e1a54fad65f4de74f89cd7bde93ef_010.png']",0.03144449159955487
car,car_train_c2,car_c2_train_924e1a54fad65f4de74f89cd7bde93ef_2,2,"['car_924e1a54fad65f4de74f89cd7bde93ef_007.png', 'car_924e1a54fad65f4de74f89cd7bde93ef_002.png', 'car_23bfcd49917919006a34aa94ca8a3355_003.png']",0.031105769277788964
car,car_train_c2,car_c2_train_70cf106dd369bf3ac427f8508e3d634b_0,0,"['car_180d1e3463c29355bda72093f9b5aa73_005.png', 'car_70cf106dd369bf3ac427f8508e3d634b_008.png', 'car_70cf106dd369bf3ac427f8508e3d634b_004.png']",0.04188622295205746
car,car_train_c2,car_c2_train_70cf106dd369bf3ac427f8508e3d634b_1,2,"['car_70cf106dd369bf3ac427f8508e3d634b_010.png', 'car_70cf106dd369bf3ac427f8508e3d634b_002.png', 'car_53e7ed598e9c3a09405f29f7fa3f25df_002.png']",0.04986607577782298
car,car_train_c2,car_c2_train_70cf106dd369bf3ac427f8508e3d634b_2,2,"['car_70cf106dd369bf3ac427f8508e3d634b_013.png', 'car_70cf106dd369bf3ac427f8508e3d634b_008.png', 'car_180d1e3463c29355bda72093f9b5aa73_007.png']",0.04188622295205746
car,car_train_c2,car_c2_train_c06a5f0315b3784dcece4698ae3579cc_0,1,"['car_c06a5f0315b3784dcece4698ae3579cc_005.png', 'car_f60779c934ee51eddd1e15301c83686f_011.png', 'car_c06a5f0315b3784dcece4698ae3579cc_002.png']",0.09519280070787528
car,car_train_c2,car_c2_train_c06a5f0315b3784dcece4698ae3579cc_1,1,"['car_c06a5f0315b3784dcece4698ae3579cc_012.png', 'car_ac813039f9a4468ccc777d23edf2f8d8_013.png', 'car_c06a5f0315b3784dcece4698ae3579cc_000.png']",0.08961883539614024
car,car_train_c2,car_c2_train_c06a5f0315b3784dcece4698ae3579cc_2,0,"['car_ac813039f9a4468ccc777d23edf2f8d8_005.png', 'car_c06a5f0315b3784dcece4698ae3579cc_013.png', 'car_c06a5f0315b3784dcece4698ae3579cc_006.png']",0.08961883539614024
car,car_train_c2,car_c2_train_23bfcd49917919006a34aa94ca8a3355_0,0,"['car_9232d8834704e5f9dd141480e2c154d3_005.png', 'car_23bfcd49917919006a34aa94ca8a3355_009.png', 'car_23bfcd49917919006a34aa94ca8a3355_002.png']",0.044588341878573856
car,car_train_c2,car_c2_train_23bfcd49917919006a34aa94ca8a3355_1,2,"['car_23bfcd49917919006a34aa94ca8a3355_004.png', 'car_23bfcd49917919006a34aa94ca8a3355_006.png', 'car_492f36ac59d2d3eb450d7227edc25975_011.png']",0.03633481877416589
car,car_train_c2,car_c2_train_23bfcd49917919006a34aa94ca8a3355_2,0,"['car_180d1e3463c29355bda72093f9b5aa73_001.png', 'car_23bfcd49917919006a34aa94ca8a3355_007.png', 'car_23bfcd49917919006a34aa94ca8a3355_006.png']",0.03936594614255595
car,car_train_c2,car_c2_train_9232d8834704e5f9dd141480e2c154d3_0,0,"['car_180d1e3463c29355bda72093f9b5aa73_005.png', 'car_9232d8834704e5f9dd141480e2c154d3_004.png', 'car_9232d8834704e5f9dd141480e2c154d3_002.png']",0.03751734076819124
car,car_train_c2,car_c2_train_9232d8834704e5f9dd141480e2c154d3_1,0,"['car_abd0aa2e0ca4fc4793249f89773e858_001.png', 'car_9232d8834704e5f9dd141480e2c154d3_012.png', 'car_9232d8834704e5f9dd141480e2c154d3_002.png']",0.029609509631989717
car,car_train_c2,car_c2_train_9232d8834704e5f9dd141480e2c154d3_2,0,"['car_abd0aa2e0ca4fc4793249f89773e858_013.png', 'car_9232d8834704e5f9dd141480e2c154d3_004.png', 'car_9232d8834704e5f9dd141480e2c154d3_013.png']",0.029609509631989717
car,car_train_c2,car_c2_train_abd0aa2e0ca4fc4793249f89773e858_0,2,"['car_abd0aa2e0ca4fc4793249f89773e858_005.png', 'car_abd0aa2e0ca4fc4793249f89773e858_007.png', 'car_53e7ed598e9c3a09405f29f7fa3f25df_004.png']",0.04293393404419743
car,car_train_c2,car_c2_train_abd0aa2e0ca4fc4793249f89773e858_1,1,"['car_abd0aa2e0ca4fc4793249f89773e858_001.png', 'car_924e1a54fad65f4de74f89cd7bde93ef_014.png', 'car_abd0aa2e0ca4fc4793249f89773e858_006.png']",0.05201283629906883
car,car_train_c2,car_c2_train_abd0aa2e0ca4fc4793249f89773e858_2,0,"['car_9232d8834704e5f9dd141480e2c154d3_008.png', 'car_abd0aa2e0ca4fc4793249f89773e858_004.png', 'car_abd0aa2e0ca4fc4793249f89773e858_012.png']",0.029609509631989717
car,car_train_c2,car_c2_train_a86655c0ca05c2646d3e11439c6c22c8_0,2,"['car_a86655c0ca05c2646d3e11439c6c22c8_000.png', 'car_a86655c0ca05c2646d3e11439c6c22c8_010.png', 'car_53e7ed598e9c3a09405f29f7fa3f25df_013.png']",0.06249418929545536
car,car_train_c2,car_c2_train_a86655c0ca05c2646d3e11439c6c22c8_1,0,"['car_70cf106dd369bf3ac427f8508e3d634b_007.png', 'car_a86655c0ca05c2646d3e11439c6c22c8_009.png', 'car_a86655c0ca05c2646d3e11439c6c22c8_004.png']",0.07753443116915282
car,car_train_c2,car_c2_train_a86655c0ca05c2646d3e11439c6c22c8_2,2,"['car_a86655c0ca05c2646d3e11439c6c22c8_010.png', 'car_a86655c0ca05c2646d3e11439c6c22c8_013.png', 'car_d1f100f660eae4548acb0ff76f4aec7d_010.png']",0.09989798952298512
car,car_train_c2,car_c2_train_ac813039f9a4468ccc777d23edf2f8d8_0,1,"['car_ac813039f9a4468ccc777d23edf2f8d8_010.png', 'car_924e1a54fad65f4de74f89cd7bde93ef_002.png', 'car_ac813039f9a4468ccc777d23edf2f8d8_002.png']",0.06315820175690967
car,car_train_c2,car_c2_train_ac813039f9a4468ccc777d23edf2f8d8_1,0,"['car_f60779c934ee51eddd1e15301c83686f_010.png', 'car_ac813039f9a4468ccc777d23edf2f8d8_000.png', 'car_ac813039f9a4468ccc777d23edf2f8d8_006.png']",0.05620393893439524
car,car_train_c2,car_c2_train_ac813039f9a4468ccc777d23edf2f8d8_2,1,"['car_ac813039f9a4468ccc777d23edf2f8d8_003.png', 'car_f60779c934ee51eddd1e15301c83686f_009.png', 'car_ac813039f9a4468ccc777d23edf2f8d8_007.png']",0.05620393893439524
car,car_train_c2,car_c2_train_df037c72470d33217fbbc45f009914a6_0,2,"['car_df037c72470d33217fbbc45f009914a6_007.png', 'car_df037c72470d33217fbbc45f009914a6_011.png', 'car_ac813039f9a4468ccc777d23edf2f8d8_000.png']",0.03759798122634039
car,car_train_c2,car_c2_train_df037c72470d33217fbbc45f009914a6_1,0,"['car_f60779c934ee51eddd1e15301c83686f_011.png', 'car_df037c72470d33217fbbc45f009914a6_007.png', 'car_df037c72470d33217fbbc45f009914a6_006.png']",0.03428130930502382
car,car_train_c2,car_c2_train_df037c72470d33217fbbc45f009914a6_2,1,"['car_df037c72470d33217fbbc45f009914a6_004.png', 'car_492f36ac59d2d3eb450d7227edc25975_000.png', 'car_df037c72470d33217fbbc45f009914a6_005.png']",0.04933548788316444
car,car_train_c2,car_c2_train_180d1e3463c29355bda72093f9b5aa73_0,1,"['car_180d1e3463c29355bda72093f9b5aa73_000.png', 'car_924e1a54fad65f4de74f89cd7bde93ef_004.png', 'car_180d1e3463c29355bda72093f9b5aa73_002.png']",0.03736429288152687
car,car_train_c2,car_c2_train_180d1e3463c29355bda72093f9b5aa73_1,2,"['car_180d1e3463c29355bda72093f9b5aa73_003.png', 'car_180d1e3463c29355bda72093f9b5aa73_011.png', 'car_924e1a54fad65f4de74f89cd7bde93ef_011.png']",0.03736429288152687
car,car_train_c2,car_c2_train_180d1e3463c29355bda72093f9b5aa73_2,0,"['car_9232d8834704e5f9dd141480e2c154d3_004.png', 'car_180d1e3463c29355bda72093f9b5aa73_006.png', 'car_180d1e3463c29355bda72093f9b5aa73_011.png']",0.03751734076819124
car,car_train_c2,car_c2_train_b9c0f9dbfb5a1c0f99684c8184952917_0,2,"['car_b9c0f9dbfb5a1c0f99684c8184952917_002.png', 'car_b9c0f9dbfb5a1c0f99684c8184952917_001.png', 'car_180d1e3463c29355bda72093f9b5aa73_011.png']",0.05758338052304657
car,car_train_c2,car_c2_train_b9c0f9dbfb5a1c0f99684c8184952917_1,2,"['car_b9c0f9dbfb5a1c0f99684c8184952917_010.png', 'car_b9c0f9dbfb5a1c0f99684c8184952917_000.png', 'car_924e1a54fad65f4de74f89cd7bde93ef_006.png']",0.056146217017900235
car,car_train_c2,car_c2_train_b9c0f9dbfb5a1c0f99684c8184952917_2,0,"['car_180d1e3463c29355bda72093f9b5aa73_003.png', 'car_b9c0f9dbfb5a1c0f99684c8184952917_004.png', 'car_b9c0f9dbfb5a1c0f99684c8184952917_009.png']",0.05758338052304657
car,car_train_c2,car_c2_train_f60779c934ee51eddd1e15301c83686f_0,2,"['car_f60779c934ee51eddd1e15301c83686f_003.png', 'car_f60779c934ee51eddd1e15301c83686f_014.png', 'car_9232d8834704e5f9dd141480e2c154d3_000.png']",0.030011200560056128
car,car_train_c2,car_c2_train_f60779c934ee51eddd1e15301c83686f_1,0,"['car_924e1a54fad65f4de74f89cd7bde93ef_008.png', 'car_f60779c934ee51eddd1e15301c83686f_006.png', 'car_f60779c934ee51eddd1e15301c83686f_003.png']",0.012435257169752245
car,car_train_c2,car_c2_train_f60779c934ee51eddd1e15301c83686f_2,1,"['car_f60779c934ee51eddd1e15301c83686f_008.png', 'car_492f36ac59d2d3eb450d7227edc25975_005.png', 'car_f60779c934ee51eddd1e15301c83686f_004.png']",0.01926661412088515
car,car_train_c2,car_c2_train_1acfbda4ce0ec524bedced414fad522f_0,2,"['car_1acfbda4ce0ec524bedced414fad522f_012.png', 'car_1acfbda4ce0ec524bedced414fad522f_011.png', 'car_492f36ac59d2d3eb450d7227edc25975_012.png']",0.04143254900075355
car,car_train_c2,car_c2_train_1acfbda4ce0ec524bedced414fad522f_1,1,"['car_1acfbda4ce0ec524bedced414fad522f_001.png', 'car_df037c72470d33217fbbc45f009914a6_001.png', 'car_1acfbda4ce0ec524bedced414fad522f_006.png']",0.03259315051660561
car,car_train_c2,car_c2_train_1acfbda4ce0ec524bedced414fad522f_2,2,"['car_1acfbda4ce0ec524bedced414fad522f_010.png', 'car_1acfbda4ce0ec524bedced414fad522f_005.png', 'car_df037c72470d33217fbbc45f009914a6_014.png']",0.03259315051660561
car,car_train_c2,car_c2_train_cdba926f41c3b1ce92dd8154d7e0933a_0,1,"['car_cdba926f41c3b1ce92dd8154d7e0933a_000.png', 'car_488e4530f2b157c2e877e82c90c24d_005.png', 'car_cdba926f41c3b1ce92dd8154d7e0933a_007.png']",0.0840980318410719
car,car_train_c2,car_c2_train_cdba926f41c3b1ce92dd8154d7e0933a_1,0,"['car_924e1a54fad65f4de74f89cd7bde93ef_007.png', 'car_cdba926f41c3b1ce92dd8154d7e0933a_014.png', 'car_cdba926f41c3b1ce92dd8154d7e0933a_012.png']",0.08616599681176496
car,car_train_c2,car_c2_train_cdba926f41c3b1ce92dd8154d7e0933a_2,1,"['car_cdba926f41c3b1ce92dd8154d7e0933a_005.png', 'car_924e1a54fad65f4de74f89cd7bde93ef_001.png', 'car_cdba926f41c3b1ce92dd8154d7e0933a_013.png']",0.08616599681176496
car,car_train_c2,car_c2_train_30776fb35aa99150ee3dd0c47654345b_0,0,"['car_492f36ac59d2d3eb450d7227edc25975_010.png', 'car_30776fb35aa99150ee3dd0c47654345b_001.png', 'car_30776fb35aa99150ee3dd0c47654345b_002.png']",0.07511155980835871
car,car_train_c2,car_c2_train_30776fb35aa99150ee3dd0c47654345b_1,0,"['car_488e4530f2b157c2e877e82c90c24d_014.png', 'car_30776fb35aa99150ee3dd0c47654345b_004.png', 'car_30776fb35aa99150ee3dd0c47654345b_005.png']",0.07568982664039403
car,car_train_c2,car_c2_train_30776fb35aa99150ee3dd0c47654345b_2,2,"['car_30776fb35aa99150ee3dd0c47654345b_007.png', 'car_30776fb35aa99150ee3dd0c47654345b_012.png', 'car_924e1a54fad65f4de74f89cd7bde93ef_003.png']",0.07555950504714071
car,car_train_c2,car_c2_train_d1f100f660eae4548acb0ff76f4aec7d_0,0,"['car_f60779c934ee51eddd1e15301c83686f_012.png', 'car_d1f100f660eae4548acb0ff76f4aec7d_009.png', 'car_d1f100f660eae4548acb0ff76f4aec7d_012.png']",0.03925581861676841
car,car_train_c2,car_c2_train_d1f100f660eae4548acb0ff76f4aec7d_1,2,"['car_d1f100f660eae4548acb0ff76f4aec7d_000.png', 'car_d1f100f660eae4548acb0ff76f4aec7d_012.png', 'car_53e7ed598e9c3a09405f29f7fa3f25df_013.png']",0.04477459600825251
car,car_train_c2,car_c2_train_d1f100f660eae4548acb0ff76f4aec7d_2,2,"['car_d1f100f660eae4548acb0ff76f4aec7d_011.png', 'car_d1f100f660eae4548acb0ff76f4aec7d_006.png', 'car_f60779c934ee51eddd1e15301c83686f_001.png']",0.03925581861676841
car,car_train_c2,car_c2_train_f9eaaf5abb238c22851f021b9ed69c58_0,0,"['car_924e1a54fad65f4de74f89cd7bde93ef_004.png', 'car_f9eaaf5abb238c22851f021b9ed69c58_006.png', 'car_f9eaaf5abb238c22851f021b9ed69c58_007.png']",0.054620742641477205
car,car_train_c2,car_c2_train_f9eaaf5abb238c22851f021b9ed69c58_1,2,"['car_f9eaaf5abb238c22851f021b9ed69c58_013.png', 'car_f9eaaf5abb238c22851f021b9ed69c58_003.png', 'car_30776fb35aa99150ee3dd0c47654345b_005.png']",0.04071160998981227
car,car_train_c2,car_c2_train_f9eaaf5abb238c22851f021b9ed69c58_2,2,"['car_f9eaaf5abb238c22851f021b9ed69c58_003.png', 'car_f9eaaf5abb238c22851f021b9ed69c58_005.png', 'car_30776fb35aa99150ee3dd0c47654345b_003.png']",0.04071160998981227
car,car_train_c2,car_c2_train_c0b2a4cec94f10436f0bd9fb2f72f93d_0,2,"['car_c0b2a4cec94f10436f0bd9fb2f72f93d_003.png', 'car_c0b2a4cec94f10436f0bd9fb2f72f93d_005.png', 'car_1acfbda4ce0ec524bedced414fad522f_013.png']",0.06681381369519668
car,car_train_c2,car_c2_train_c0b2a4cec94f10436f0bd9fb2f72f93d_1,2,"['car_c0b2a4cec94f10436f0bd9fb2f72f93d_001.png', 'car_c0b2a4cec94f10436f0bd9fb2f72f93d_004.png', 'car_23bfcd49917919006a34aa94ca8a3355_011.png']",0.06462923438630919
car,car_train_c2,car_c2_train_c0b2a4cec94f10436f0bd9fb2f72f93d_2,0,"['car_924e1a54fad65f4de74f89cd7bde93ef_010.png', 'car_c0b2a4cec94f10436f0bd9fb2f72f93d_009.png', 'car_c0b2a4cec94f10436f0bd9fb2f72f93d_012.png']",0.060110928499626404
car,car_train_c2,car_c2_train_6ee9f222a540a905e4b68d3b17c43658_0,0,"['car_d1f100f660eae4548acb0ff76f4aec7d_011.png', 'car_6ee9f222a540a905e4b68d3b17c43658_014.png', 'car_6ee9f222a540a905e4b68d3b17c43658_008.png']",0.07056415969591012
car,car_train_c2,car_c2_train_6ee9f222a540a905e4b68d3b17c43658_1,1,"['car_6ee9f222a540a905e4b68d3b17c43658_008.png', 'car_9232d8834704e5f9dd141480e2c154d3_007.png', 'car_6ee9f222a540a905e4b68d3b17c43658_000.png']",0.04974197945518244
car,car_train_c2,car_c2_train_6ee9f222a540a905e4b68d3b17c43658_2,0,"['car_492f36ac59d2d3eb450d7227edc25975_000.png', 'car_6ee9f222a540a905e4b68d3b17c43658_006.png', 'car_6ee9f222a540a905e4b68d3b17c43658_004.png']",0.049184276801754745
car,car_train_c2,car_c2_train_62fa029fb8053560a37f3fc191551700_0,0,"['car_f9eaaf5abb238c22851f021b9ed69c58_013.png', 'car_62fa029fb8053560a37f3fc191551700_001.png', 'car_62fa029fb8053560a37f3fc191551700_002.png']",0.06150600391846128
car,car_train_c2,car_c2_train_62fa029fb8053560a37f3fc191551700_1,1,"['car_62fa029fb8053560a37f3fc191551700_014.png', 'car_30776fb35aa99150ee3dd0c47654345b_007.png', 'car_62fa029fb8053560a37f3fc191551700_004.png']",0.07214489548740899
car,car_train_c2,car_c2_train_62fa029fb8053560a37f3fc191551700_2,1,"['car_62fa029fb8053560a37f3fc191551700_003.png', 'car_30776fb35aa99150ee3dd0c47654345b_006.png', 'car_62fa029fb8053560a37f3fc191551700_005.png']",0.07214489548740899
car,car_train_c2,car_c2_train_28093822cc7fe487ed3696d854eee1ec_0,1,"['car_28093822cc7fe487ed3696d854eee1ec_000.png', 'car_924e1a54fad65f4de74f89cd7bde93ef_007.png', 'car_28093822cc7fe487ed3696d854eee1ec_009.png']",0.06727099842914808
car,car_train_c2,car_c2_train_28093822cc7fe487ed3696d854eee1ec_1,0,"['car_cfb6c8867c6dd84c80e74058ee862f05_006.png', 'car_28093822cc7fe487ed3696d854eee1ec_010.png', 'car_28093822cc7fe487ed3696d854eee1ec_004.png']",0.03942037210616056
car,car_train_c2,car_c2_train_28093822cc7fe487ed3696d854eee1ec_2,1,"['car_28093822cc7fe487ed3696d854eee1ec_002.png', 'car_b9c0f9dbfb5a1c0f99684c8184952917_006.png', 'car_28093822cc7fe487ed3696d854eee1ec_005.png']",0.05937105067339221
car,car_train_c2,car_c2_train_cfb6c8867c6dd84c80e74058ee862f05_0,0,"['car_28093822cc7fe487ed3696d854eee1ec_014.png', 'car_cfb6c8867c6dd84c80e74058ee862f05_014.png', 'car_cfb6c8867c6dd84c80e74058ee862f05_001.png']",0.03942037210616056
car,car_train_c2,car_c2_train_cfb6c8867c6dd84c80e74058ee862f05_1,0,"['car_924e1a54fad65f4de74f89cd7bde93ef_010.png', 'car_cfb6c8867c6dd84c80e74058ee862f05_004.png', 'car_cfb6c8867c6dd84c80e74058ee862f05_007.png']",0.04174000680311074
car,car_train_c2,car_c2_train_cfb6c8867c6dd84c80e74058ee862f05_2,2,"['car_cfb6c8867c6dd84c80e74058ee862f05_003.png', 'car_cfb6c8867c6dd84c80e74058ee862f05_006.png', 'car_f60779c934ee51eddd1e15301c83686f_006.png']",0.05113052281881303
chair,chair_train_c0,chair_c0_train_263cb748cb81e69cc329e2758ab09ecb_0,0,"['chair_815f436a40c28da51f56aa11cd5e0c3e_007.png', 'chair_263cb748cb81e69cc329e2758ab09ecb_011.png', 'chair_263cb748cb81e69cc329e2758ab09ecb_009.png']",0.3885376423202933
chair,chair_train_c0,chair_c0_train_263cb748cb81e69cc329e2758ab09ecb_1,0,"['chair_780809a0d1b68f4a8ef4ac3a24abb05b_009.png', 'chair_263cb748cb81e69cc329e2758ab09ecb_002.png', 'chair_263cb748cb81e69cc329e2758ab09ecb_005.png']",0.2814384454335148
chair,chair_train_c0,chair_c0_train_263cb748cb81e69cc329e2758ab09ecb_2,2,"['chair_263cb748cb81e69cc329e2758ab09ecb_013.png', 'chair_263cb748cb81e69cc329e2758ab09ecb_014.png', 'chair_815f436a40c28da51f56aa11cd5e0c3e_010.png']",0.3885376423202933
chair,chair_train_c0,chair_c0_train_34ce485c1fbb9af578785e24320d5ee9_0,2,"['chair_34ce485c1fbb9af578785e24320d5ee9_007.png', 'chair_34ce485c1fbb9af578785e24320d5ee9_013.png', 'chair_bd3e65b625c9d994b022c94235bc8601_010.png']",0.25241640440888424
chair,chair_train_c0,chair_c0_train_34ce485c1fbb9af578785e24320d5ee9_1,1,"['chair_34ce485c1fbb9af578785e24320d5ee9_006.png', 'chair_3f11833d3d9309bc9952c05a06935ddc_000.png', 'chair_34ce485c1fbb9af578785e24320d5ee9_008.png']",0.26435478264000467
chair,chair_train_c0,chair_c0_train_34ce485c1fbb9af578785e24320d5ee9_2,2,"['chair_34ce485c1fbb9af578785e24320d5ee9_004.png', 'chair_34ce485c1fbb9af578785e24320d5ee9_010.png', 'chair_bf39672eec1e343284c6c80813d54fe5_004.png']",0.31080922903213937
chair,chair_train_c0,chair_c0_train_3f11833d3d9309bc9952c05a06935ddc_0,2,"['chair_3f11833d3d9309bc9952c05a06935ddc_003.png', 'chair_3f11833d3d9309bc9952c05a06935ddc_013.png', 'chair_5d3cfbc8bae19e701f580a0f9153317f_000.png']",0.2767020620195134
chair,chair_train_c0,chair_c0_train_3f11833d3d9309bc9952c05a06935ddc_1,1,"['chair_3f11833d3d9309bc9952c05a06935ddc_000.png', 'chair_6d5d42d1272467953b63c9ead28992f1_011.png', 'chair_3f11833d3d9309bc9952c05a06935ddc_002.png']",0.22558529281503414
chair,chair_train_c0,chair_c0_train_3f11833d3d9309bc9952c05a06935ddc_2,0,"['chair_5d3cfbc8bae19e701f580a0f9153317f_007.png', 'chair_3f11833d3d9309bc9952c05a06935ddc_011.png', 'chair_3f11833d3d9309bc9952c05a06935ddc_008.png']",0.2767020620195134
chair,chair_train_c0,chair_c0_train_d54100efac3ab743626ced72908b525d_0,2,"['chair_d54100efac3ab743626ced72908b525d_000.png', 'chair_d54100efac3ab743626ced72908b525d_013.png', 'chair_3f11833d3d9309bc9952c05a06935ddc_010.png']",0.2532136376739831
chair,chair_train_c0,chair_c0_train_d54100efac3ab743626ced72908b525d_1,1,"['chair_d54100efac3ab743626ced72908b525d_009.png', 'chair_34ce485c1fbb9af578785e24320d5ee9_009.png', 'chair_d54100efac3ab743626ced72908b525d_008.png']",0.35452239068015023
chair,chair_train_c0,chair_c0_train_d54100efac3ab743626ced72908b525d_2,1,"['chair_d54100efac3ab743626ced72908b525d_014.png', 'chair_6d5d42d1272467953b63c9ead28992f1_001.png', 'chair_d54100efac3ab743626ced72908b525d_004.png']",0.32954029941350915
chair,chair_train_c0,chair_c0_train_fdc7f288b8c65494a7101992f797b6a_0,0,"['chair_75369f55718d5adba0bb10bfbc5d4718_013.png', 'chair_fdc7f288b8c65494a7101992f797b6a_005.png', 'chair_fdc7f288b8c65494a7101992f797b6a_002.png']",0.6576272412558084
chair,chair_train_c0,chair_c0_train_fdc7f288b8c65494a7101992f797b6a_1,0,"['chair_bd0fab2e72b445bd1e722bceee6e83aa_013.png', 'chair_fdc7f288b8c65494a7101992f797b6a_009.png', 'chair_fdc7f288b8c65494a7101992f797b6a_014.png']",0.6302075249102708
chair,chair_train_c0,chair_c0_train_fdc7f288b8c65494a7101992f797b6a_2,2,"['chair_fdc7f288b8c65494a7101992f797b6a_012.png', 'chair_fdc7f288b8c65494a7101992f797b6a_005.png', 'chair_75369f55718d5adba0bb10bfbc5d4718_011.png']",0.6576272412558084
chair,chair_train_c0,chair_c0_train_ec7076f7f37a6e124e234a6f5a66d6d3_0,2,"['chair_ec7076f7f37a6e124e234a6f5a66d6d3_000.png', 'chair_ec7076f7f37a6e124e234a6f5a66d6d3_004.png', 'chair_27a8827b0ba5d743169bfe841050f4a4_007.png']",0.3759312445175579
chair,chair_train_c0,chair_c0_train_ec7076f7f37a6e124e234a6f5a66d6d3_1,2,"['chair_ec7076f7f37a6e124e234a6f5a66d6d3_009.png', 'chair_ec7076f7f37a6e124e234a6f5a66d6d3_006.png', 'chair_75369f55718d5adba0bb10bfbc5d4718_006.png']",0.4482054156970382
chair,chair_train_c0,chair_c0_train_ec7076f7f37a6e124e234a6f5a66d6d3_2,1,"['chair_ec7076f7f37a6e124e234a6f5a66d6d3_005.png', 'chair_bd3e65b625c9d994b022c94235bc8601_007.png', 'chair_ec7076f7f37a6e124e234a6f5a66d6d3_012.png']",0.3277783928619855
chair,chair_train_c0,chair_c0_train_bd3e65b625c9d994b022c94235bc8601_0,2,"['chair_bd3e65b625c9d994b022c94235bc8601_006.png', 'chair_bd3e65b625c9d994b022c94235bc8601_008.png', 'chair_34ce485c1fbb9af578785e24320d5ee9_005.png']",0.25241640440888424
chair,chair_train_c0,chair_c0_train_bd3e65b625c9d994b022c94235bc8601_1,1,"['chair_bd3e65b625c9d994b022c94235bc8601_014.png', 'chair_34ce485c1fbb9af578785e24320d5ee9_008.png', 'chair_bd3e65b625c9d994b022c94235bc8601_010.png']",0.25241640440888424
chair,chair_train_c0,chair_c0_train_bd3e65b625c9d994b022c94235bc8601_2,0,"['chair_3f11833d3d9309bc9952c05a06935ddc_003.png', 'chair_bd3e65b625c9d994b022c94235bc8601_013.png', 'chair_bd3e65b625c9d994b022c94235bc8601_010.png']",0.32745387297382333
chair,chair_train_c0,chair_c0_train_8b22c3e3be1f8fd8b645b903fc5f4135_0,2,"['chair_8b22c3e3be1f8fd8b645b903fc5f4135_003.png', 'chair_8b22c3e3be1f8fd8b645b903fc5f4135_005.png', 'chair_263cb748cb81e69cc329e2758ab09ecb_008.png']",0.8448802543226761
chair,chair_train_c0,chair_c0_train_8b22c3e3be1f8fd8b645b903fc5f4135_1,1,"['chair_8b22c3e3be1f8fd8b645b903fc5f4135_002.png', 'chair_df2b3ab36704f9e944ebbc705ad8c07_008.png', 'chair_8b22c3e3be1f8fd8b645b903fc5f4135_010.png']",0.8202734251618367
chair,chair_train_c0,chair_c0_train_8b22c3e3be1f8fd8b645b903fc5f4135_2,1,"['chair_8b22c3e3be1f8fd8b645b903fc5f4135_013.png', 'chair_df2b3ab36704f9e944ebbc705ad8c07_002.png', 'chair_8b22c3e3be1f8fd8b645b903fc5f4135_005.png']",0.8202734251618367
chair,chair_train_c0,chair_c0_train_bf39672eec1e343284c6c80813d54fe5_0,2,"['chair_bf39672eec1e343284c6c80813d54fe5_006.png', 'chair_bf39672eec1e343284c6c80813d54fe5_014.png', 'chair_bd0fab2e72b445bd1e722bceee6e83aa_001.png']",0.31522243938887073
chair,chair_train_c0,chair_c0_train_bf39672eec1e343284c6c80813d54fe5_1,2,"['chair_bf39672eec1e343284c6c80813d54fe5_005.png', 'chair_bf39672eec1e343284c6c80813d54fe5_008.png', 'chair_6d5d42d1272467953b63c9ead28992f1_004.png']",0.24413931989357807
chair,chair_train_c0,chair_c0_train_bf39672eec1e343284c6c80813d54fe5_2,2,"['chair_bf39672eec1e343284c6c80813d54fe5_007.png', 'chair_bf39672eec1e343284c6c80813d54fe5_009.png', 'chair_bafa7e4e50e0b2bec8687ff9b0b4e4ac_005.png']",0.30594698732336734
chair,chair_train_c0,chair_c0_train_9d443b06a03742b9bf6931cd2a81bae5_0,0,"['chair_5d3cfbc8bae19e701f580a0f9153317f_000.png', 'chair_9d443b06a03742b9bf6931cd2a81bae5_006.png', 'chair_9d443b06a03742b9bf6931cd2a81bae5_004.png']",0.44729370632113685
chair,chair_train_c0,chair_c0_train_9d443b06a03742b9bf6931cd2a81bae5_1,0,"['chair_52310bca00e6a3671201d487ecde379e_010.png', 'chair_9d443b06a03742b9bf6931cd2a81bae5_008.png', 'chair_9d443b06a03742b9bf6931cd2a81bae5_000.png']",0.42854363460236444
chair,chair_train_c0,chair_c0_train_9d443b06a03742b9bf6931cd2a81bae5_2,2,"['chair_9d443b06a03742b9bf6931cd2a81bae5_000.png', 'chair_9d443b06a03742b9bf6931cd2a81bae5_013.png', 'chair_52310bca00e6a3671201d487ecde379e_001.png']",0.42854363460236444
chair,chair_train_c0,chair_c0_train_e1ab1f421891fb01f302352a74d4e413_0,2,"['chair_e1ab1f421891fb01f302352a74d4e413_014.png', 'chair_e1ab1f421891fb01f302352a74d4e413_011.png', 'chair_815f436a40c28da51f56aa11cd5e0c3e_008.png']",0.25539767339667374
chair,chair_train_c0,chair_c0_train_e1ab1f421891fb01f302352a74d4e413_1,1,"['chair_e1ab1f421891fb01f302352a74d4e413_008.png', 'chair_815f436a40c28da51f56aa11cd5e0c3e_011.png', 'chair_e1ab1f421891fb01f302352a74d4e413_006.png']",0.25539767339667374
chair,chair_train_c0,chair_c0_train_e1ab1f421891fb01f302352a74d4e413_2,2,"['chair_e1ab1f421891fb01f302352a74d4e413_003.png', 'chair_e1ab1f421891fb01f302352a74d4e413_007.png', 'chair_6d5d42d1272467953b63c9ead28992f1_009.png']",0.4144084104627209
chair,chair_train_c0,chair_c0_train_780809a0d1b68f4a8ef4ac3a24abb05b_0,0,"['chair_263cb748cb81e69cc329e2758ab09ecb_009.png', 'chair_780809a0d1b68f4a8ef4ac3a24abb05b_000.png', 'chair_780809a0d1b68f4a8ef4ac3a24abb05b_012.png']",0.2814384454335148
chair,chair_train_c0,chair_c0_train_780809a0d1b68f4a8ef4ac3a24abb05b_1,2,"['chair_780809a0d1b68f4a8ef4ac3a24abb05b_009.png', 'chair_780809a0d1b68f4a8ef4ac3a24abb05b_001.png', 'chair_f609378d4f5c755c9df2fbafa78e52d9_004.png']",0.21487837864571746
chair,chair_train_c0,chair_c0_train_780809a0d1b68f4a8ef4ac3a24abb05b_2,0,"['chair_263cb748cb81e69cc329e2758ab09ecb_012.png', 'chair_780809a0d1b68f4a8ef4ac3a24abb05b_003.png', 'chair_780809a0d1b68f4a8ef4ac3a24abb05b_011.png']",0.2814384454335148
chair,chair_train_c0,chair_c0_train_5d3cfbc8bae19e701f580a0f9153317f_0,0,"['chair_d54100efac3ab743626ced72908b525d_014.png', 'chair_5d3cfbc8bae19e701f580a0f9153317f_007.png', 'chair_5d3cfbc8bae19e701f580a0f9153317f_005.png']",0.4310771931666322
chair,chair_train_c0,chair_c0_train_5d3cfbc8bae19e701f580a0f9153317f_1,2,"['chair_5d3cfbc8bae19e701f580a0f9153317f_006.png', 'chair_5d3cfbc8bae19e701f580a0f9153317f_007.png', 'chair_34ce485c1fbb9af578785e24320d5ee9_001.png']",0.38264949536285786
chair,chair_train_c0,chair_c0_train_5d3cfbc8bae19e701f580a0f9153317f_2,0,"['chair_d54100efac3ab743626ced72908b525d_007.png', 'chair_5d3cfbc8bae19e701f580a0f9153317f_002.png', 'chair_5d3cfbc8bae19e701f580a0f9153317f_009.png']",0.4310771931666322
chair,chair_train_c0,chair_c0_train_f609378d4f5c755c9df2fbafa78e52d9_0,2,"['chair_f609378d4f5c755c9df2fbafa78e52d9_003.png', 'chair_f609378d4f5c755c9df2fbafa78e52d9_009.png', 'chair_780809a0d1b68f4a8ef4ac3a24abb05b_006.png']",0.21487837864571746
chair,chair_train_c0,chair_c0_train_f609378d4f5c755c9df2fbafa78e52d9_1,2,"['chair_f609378d4f5c755c9df2fbafa78e52d9_003.png', 'chair_f609378d4f5c755c9df2fbafa78e52d9_009.png', 'chair_780809a0d1b68f4a8ef4ac3a24abb05b_002.png']",0.21487837864571746
chair,chair_train_c0,chair_c0_train_f609378d4f5c755c9df2fbafa78e52d9_2,1,"['chair_f609378d4f5c755c9df2fbafa78e52d9_001.png', 'chair_263cb748cb81e69cc329e2758ab09ecb_004.png', 'chair_f609378d4f5c755c9df2fbafa78e52d9_000.png']",0.3947825385574245
chair,chair_train_c0,chair_c0_train_52310bca00e6a3671201d487ecde379e_0,0,"['chair_27a8827b0ba5d743169bfe841050f4a4_010.png', 'chair_52310bca00e6a3671201d487ecde379e_001.png', 'chair_52310bca00e6a3671201d487ecde379e_003.png']",0.15019777644846688
chair,chair_train_c0,chair_c0_train_52310bca00e6a3671201d487ecde379e_1,0,"['chair_3f11833d3d9309bc9952c05a06935ddc_010.png', 'chair_52310bca00e6a3671201d487ecde379e_009.png', 'chair_52310bca00e6a3671201d487ecde379e_013.png']",0.39391733933547757
chair,chair_train_c0,chair_c0_train_52310bca00e6a3671201d487ecde379e_2,2,"['chair_52310bca00e6a3671201d487ecde379e_001.png', 'chair_52310bca00e6a3671201d487ecde379e_002.png', 'chair_27a8827b0ba5d743169bfe841050f4a4_004.png']",0.15019777644846688
chair,chair_train_c0,chair_c0_train_57d4b5a07e67c24af77e1de7c7a7b6e7_0,1,"['chair_57d4b5a07e67c24af77e1de7c7a7b6e7_004.png', 'chair_bd0fab2e72b445bd1e722bceee6e83aa_010.png', 'chair_57d4b5a07e67c24af77e1de7c7a7b6e7_010.png']",0.5690008585835712
chair,chair_train_c0,chair_c0_train_57d4b5a07e67c24af77e1de7c7a7b6e7_1,2,"['chair_57d4b5a07e67c24af77e1de7c7a7b6e7_002.png', 'chair_57d4b5a07e67c24af77e1de7c7a7b6e7_001.png', 'chair_d54100efac3ab743626ced72908b525d_008.png']",0.6246661982243453
chair,chair_train_c0,chair_c0_train_57d4b5a07e67c24af77e1de7c7a7b6e7_2,2,"['chair_57d4b5a07e67c24af77e1de7c7a7b6e7_002.png', 'chair_57d4b5a07e67c24af77e1de7c7a7b6e7_010.png', 'chair_6cf4bcb8a694242473ae2443c97a1733_000.png']",0.5323210249267343
chair,chair_train_c0,chair_c0_train_815f436a40c28da51f56aa11cd5e0c3e_0,2,"['chair_815f436a40c28da51f56aa11cd5e0c3e_006.png', 'chair_815f436a40c28da51f56aa11cd5e0c3e_007.png', 'chair_e1ab1f421891fb01f302352a74d4e413_000.png']",0.25539767339667374
chair,chair_train_c0,chair_c0_train_815f436a40c28da51f56aa11cd5e0c3e_1,1,"['chair_815f436a40c28da51f56aa11cd5e0c3e_010.png', 'chair_bafa7e4e50e0b2bec8687ff9b0b4e4ac_012.png', 'chair_815f436a40c28da51f56aa11cd5e0c3e_012.png']",0.2561153866879341
chair,chair_train_c0,chair_c0_train_815f436a40c28da51f56aa11cd5e0c3e_2,2,"['chair_815f436a40c28da51f56aa11cd5e0c3e_009.png', 'chair_815f436a40c28da51f56aa11cd5e0c3e_001.png', 'chair_6d5d42d1272467953b63c9ead28992f1_000.png']",0.16272888090092263
chair,chair_train_c0,chair_c0_train_bd0fab2e72b445bd1e722bceee6e83aa_0,1,"['chair_bd0fab2e72b445bd1e722bceee6e83aa_007.png', 'chair_34ce485c1fbb9af578785e24320d5ee9_008.png', 'chair_bd0fab2e72b445bd1e722bceee6e83aa_004.png']",0.2455212033334272
chair,chair_train_c0,chair_c0_train_bd0fab2e72b445bd1e722bceee6e83aa_1,0,"['chair_34ce485c1fbb9af578785e24320d5ee9_011.png', 'chair_bd0fab2e72b445bd1e722bceee6e83aa_014.png', 'chair_bd0fab2e72b445bd1e722bceee6e83aa_013.png']",0.2455212033334272
chair,chair_train_c0,chair_c0_train_bd0fab2e72b445bd1e722bceee6e83aa_2,1,"['chair_bd0fab2e72b445bd1e722bceee6e83aa_006.png', 'chair_6d5d42d1272467953b63c9ead28992f1_013.png', 'chair_bd0fab2e72b445bd1e722bceee6e83aa_012.png']",0.29523144897337184
chair,chair_train_c0,chair_c0_train_bafa7e4e50e0b2bec8687ff9b0b4e4ac_0,1,"['chair_bafa7e4e50e0b2bec8687ff9b0b4e4ac_014.png', 'chair_780809a0d1b68f4a8ef4ac3a24abb05b_000.png', 'chair_bafa7e4e50e0b2bec8687ff9b0b4e4ac_004.png']",0.347968885672433
chair,chair_train_c0,chair_c0_train_bafa7e4e50e0b2bec8687ff9b0b4e4ac_1,1,"['chair_bafa7e4e50e0b2bec8687ff9b0b4e4ac_007.png', 'chair_815f436a40c28da51f56aa11cd5e0c3e_009.png', 'chair_bafa7e4e50e0b2bec8687ff9b0b4e4ac_003.png']",0.2561153866879341
chair,chair_train_c0,chair_c0_train_bafa7e4e50e0b2bec8687ff9b0b4e4ac_2,0,"['chair_bf39672eec1e343284c6c80813d54fe5_000.png', 'chair_bafa7e4e50e0b2bec8687ff9b0b4e4ac_001.png', 'chair_bafa7e4e50e0b2bec8687ff9b0b4e4ac_006.png']",0.30594698732336734
chair,chair_train_c0,chair_c0_train_df2b3ab36704f9e944ebbc705ad8c07_0,0,"['chair_d54100efac3ab743626ced72908b525d_004.png', 'chair_df2b3ab36704f9e944ebbc705ad8c07_001.png', 'chair_df2b3ab36704f9e944ebbc705ad8c07_011.png']",0.6650976662907871
chair,chair_train_c0,chair_c0_train_df2b3ab36704f9e944ebbc705ad8c07_1,2,"['chair_df2b3ab36704f9e944ebbc705ad8c07_013.png', 'chair_df2b3ab36704f9e944ebbc705ad8c07_008.png', 'chair_d54100efac3ab743626ced72908b525d_003.png']",0.6650976662907871
chair,chair_train_c0,chair_c0_train_df2b3ab36704f9e944ebbc705ad8c07_2,1,"['chair_df2b3ab36704f9e944ebbc705ad8c07_013.png', 'chair_d54100efac3ab743626ced72908b525d_011.png', 'chair_df2b3ab36704f9e944ebbc705ad8c07_004.png']",0.6650976662907871
chair,chair_train_c0,chair_c0_train_27a8827b0ba5d743169bfe841050f4a4_0,2,"['chair_27a8827b0ba5d743169bfe841050f4a4_003.png', 'chair_27a8827b0ba5d743169bfe841050f4a4_005.png', 'chair_52310bca00e6a3671201d487ecde379e_008.png']",0.15019777644846688
chair,chair_train_c0,chair_c0_train_27a8827b0ba5d743169bfe841050f4a4_1,2,"['chair_27a8827b0ba5d743169bfe841050f4a4_000.png', 'chair_27a8827b0ba5d743169bfe841050f4a4_010.png', 'chair_ec7076f7f37a6e124e234a6f5a66d6d3_006.png']",0.3759312445175579
chair,chair_train_c0,chair_c0_train_27a8827b0ba5d743169bfe841050f4a4_2,0,"['chair_f609378d4f5c755c9df2fbafa78e52d9_012.png', 'chair_27a8827b0ba5d743169bfe841050f4a4_005.png', 'chair_27a8827b0ba5d743169bfe841050f4a4_012.png']",0.4507209923085497
chair,chair_train_c0,chair_c0_train_6d5d42d1272467953b63c9ead28992f1_0,0,"['chair_34ce485c1fbb9af578785e24320d5ee9_009.png', 'chair_6d5d42d1272467953b63c9ead28992f1_003.png', 'chair_6d5d42d1272467953b63c9ead28992f1_009.png']",0.2686578708050258
chair,chair_train_c0,chair_c0_train_6d5d42d1272467953b63c9ead28992f1_1,0,"['chair_bf39672eec1e343284c6c80813d54fe5_004.png', 'chair_6d5d42d1272467953b63c9ead28992f1_000.png', 'chair_6d5d42d1272467953b63c9ead28992f1_004.png']",0.24413931989357807
chair,chair_train_c0,chair_c0_train_6d5d42d1272467953b63c9ead28992f1_2,0,"['chair_815f436a40c28da51f56aa11cd5e0c3e_001.png', 'chair_6d5d42d1272467953b63c9ead28992f1_001.png', 'chair_6d5d42d1272467953b63c9ead28992f1_007.png']",0.16272888090092263
chair,chair_train_c0,chair_c0_train_4a17e5189aafa9afc8687ff9b0b4e4ac_0,0,"['chair_bd3e65b625c9d994b022c94235bc8601_014.png', 'chair_4a17e5189aafa9afc8687ff9b0b4e4ac_008.png', 'chair_4a17e5189aafa9afc8687ff9b0b4e4ac_004.png']",0.39209000698193275
chair,chair_train_c0,chair_c0_train_4a17e5189aafa9afc8687ff9b0b4e4ac_1,1,"['chair_4a17e5189aafa9afc8687ff9b0b4e4ac_004.png', 'chair_bd3e65b625c9d994b022c94235bc8601_011.png', 'chair_4a17e5189aafa9afc8687ff9b0b4e4ac_012.png']",0.39209000698193275
chair,chair_train_c0,chair_c0_train_4a17e5189aafa9afc8687ff9b0b4e4ac_2,0,"['chair_6cf4bcb8a694242473ae2443c97a1733_012.png', 'chair_4a17e5189aafa9afc8687ff9b0b4e4ac_002.png', 'chair_4a17e5189aafa9afc8687ff9b0b4e4ac_004.png']",0.2939989388283063
chair,chair_train_c0,chair_c0_train_6cf4bcb8a694242473ae2443c97a1733_0,1,"['chair_6cf4bcb8a694242473ae2443c97a1733_013.png', 'chair_4a17e5189aafa9afc8687ff9b0b4e4ac_012.png', 'chair_6cf4bcb8a694242473ae2443c97a1733_003.png']",0.2939989388283063
chair,chair_train_c0,chair_c0_train_6cf4bcb8a694242473ae2443c97a1733_1,0,"['chair_52310bca00e6a3671201d487ecde379e_007.png', 'chair_6cf4bcb8a694242473ae2443c97a1733_011.png', 'chair_6cf4bcb8a694242473ae2443c97a1733_003.png']",0.4337805257660019
chair,chair_train_c0,chair_c0_train_6cf4bcb8a694242473ae2443c97a1733_2,1,"['chair_6cf4bcb8a694242473ae2443c97a1733_009.png', 'chair_4a17e5189aafa9afc8687ff9b0b4e4ac_008.png', 'chair_6cf4bcb8a694242473ae2443c97a1733_012.png']",0.2939989388283063
chair,chair_train_c0,chair_c0_train_75369f55718d5adba0bb10bfbc5d4718_0,0,"['chair_6d5d42d1272467953b63c9ead28992f1_013.png', 'chair_75369f55718d5adba0bb10bfbc5d4718_000.png', 'chair_75369f55718d5adba0bb10bfbc5d4718_007.png']",0.3550416113343613
chair,chair_train_c0,chair_c0_train_75369f55718d5adba0bb10bfbc5d4718_1,0,"['chair_6d5d42d1272467953b63c9ead28992f1_007.png', 'chair_75369f55718d5adba0bb10bfbc5d4718_003.png', 'chair_75369f55718d5adba0bb10bfbc5d4718_006.png']",0.3550416113343613
chair,chair_train_c0,chair_c0_train_75369f55718d5adba0bb10bfbc5d4718_2,0,"['chair_d54100efac3ab743626ced72908b525d_009.png', 'chair_75369f55718d5adba0bb10bfbc5d4718_013.png', 'chair_75369f55718d5adba0bb10bfbc5d4718_009.png']",0.35947987842048457
chair,chair_train_c1,chair_c1_train_fc5f813d499cfd84d540c52e6ddbbebc_0,1,"['chair_fc5f813d499cfd84d540c52e6ddbbebc_009.png', 'chair_79bd56e6a44e5bf1a3f600c356573d21_006.png', 'chair_fc5f813d499cfd84d540c52e6ddbbebc_003.png']",0.3699174829676728
chair,chair_train_c1,chair_c1_train_fc5f813d499cfd84d540c52e6ddbbebc_1,1,"['chair_fc5f813d499cfd84d540c52e6ddbbebc_006.png', 'chair_2828b98d980480cec3bd24f986301745_005.png', 'chair_fc5f813d499cfd84d540c52e6ddbbebc_009.png']",0.4952278545425546
chair,chair_train_c1,chair_c1_train_fc5f813d499cfd84d540c52e6ddbbebc_2,2,"['chair_fc5f813d499cfd84d540c52e6ddbbebc_003.png', 'chair_fc5f813d499cfd84d540c52e6ddbbebc_001.png', 'chair_u1e22cc04-7c4d-4ed5-bda3-8ff8067f22ee_004.png']",0.5137604806042624
chair,chair_train_c1,chair_c1_train_8c281caf626df58671a782a4379556c7_0,2,"['chair_8c281caf626df58671a782a4379556c7_001.png', 'chair_8c281caf626df58671a782a4379556c7_008.png', 'chair_u1e22cc04-7c4d-4ed5-bda3-8ff8067f22ee_003.png']",0.26883411713056693
chair,chair_train_c1,chair_c1_train_8c281caf626df58671a782a4379556c7_1,2,"['chair_8c281caf626df58671a782a4379556c7_007.png', 'chair_8c281caf626df58671a782a4379556c7_004.png', 'chair_u1e22cc04-7c4d-4ed5-bda3-8ff8067f22ee_001.png']",0.26883411713056693
chair,chair_train_c1,chair_c1_train_8c281caf626df58671a782a4379556c7_2,1,"['chair_8c281caf626df58671a782a4379556c7_014.png', 'chair_9e9dc51a4e0db2e4c3bd24f986301745_008.png', 'chair_8c281caf626df58671a782a4379556c7_002.png']",0.3966281113850689
chair,chair_train_c1,chair_c1_train_51c858aec859bafad1e274d497440a3e_0,0,"['chair_c0fa1417c0cf2f20593ebeeedbff73b_010.png', 'chair_51c858aec859bafad1e274d497440a3e_000.png', 'chair_51c858aec859bafad1e274d497440a3e_012.png']",0.4386258484215322
chair,chair_train_c1,chair_c1_train_51c858aec859bafad1e274d497440a3e_1,2,"['chair_51c858aec859bafad1e274d497440a3e_004.png', 'chair_51c858aec859bafad1e274d497440a3e_013.png', 'chair_8fa742589b47b596e8f8c11a24c52ebb_011.png']",0.5192726225404607
chair,chair_train_c1,chair_c1_train_51c858aec859bafad1e274d497440a3e_2,2,"['chair_51c858aec859bafad1e274d497440a3e_001.png', 'chair_51c858aec859bafad1e274d497440a3e_000.png', 'chair_c0fa1417c0cf2f20593ebeeedbff73b_009.png']",0.4386258484215322
chair,chair_train_c1,chair_c1_train_2828b98d980480cec3bd24f986301745_0,0,"['chair_fc5f813d499cfd84d540c52e6ddbbebc_012.png', 'chair_2828b98d980480cec3bd24f986301745_007.png', 'chair_2828b98d980480cec3bd24f986301745_004.png']",0.4952278545425546
chair,chair_train_c1,chair_c1_train_2828b98d980480cec3bd24f986301745_1,1,"['chair_2828b98d980480cec3bd24f986301745_011.png', 'chair_9e9dc51a4e0db2e4c3bd24f986301745_003.png', 'chair_2828b98d980480cec3bd24f986301745_010.png']",0.40614146497828096
chair,chair_train_c1,chair_c1_train_2828b98d980480cec3bd24f986301745_2,2,"['chair_2828b98d980480cec3bd24f986301745_000.png', 'chair_2828b98d980480cec3bd24f986301745_002.png', 'chair_9e9dc51a4e0db2e4c3bd24f986301745_008.png']",0.40614146497828096
chair,chair_train_c1,chair_c1_train_1d8d16c0750f22f5ece93f2bb0b6d036_0,2,"['chair_1d8d16c0750f22f5ece93f2bb0b6d036_012.png', 'chair_1d8d16c0750f22f5ece93f2bb0b6d036_013.png', 'chair_662f95ed8d41a24bf63bf7d908efc575_010.png']",0.5379041578052867
chair,chair_train_c1,chair_c1_train_1d8d16c0750f22f5ece93f2bb0b6d036_1,1,"['chair_1d8d16c0750f22f5ece93f2bb0b6d036_008.png', 'chair_1e276a016b664e424d678187b8261d95_001.png', 'chair_1d8d16c0750f22f5ece93f2bb0b6d036_006.png']",0.5306077642607347
chair,chair_train_c1,chair_c1_train_1d8d16c0750f22f5ece93f2bb0b6d036_2,0,"['chair_6dfb7b5b4bd0d5f9febad4f49b26ec52_002.png', 'chair_1d8d16c0750f22f5ece93f2bb0b6d036_006.png', 'chair_1d8d16c0750f22f5ece93f2bb0b6d036_004.png']",0.4214046605597037
chair,chair_train_c1,chair_c1_train_5427106126c9851dc862eec8232fff1e_0,1,"['chair_5427106126c9851dc862eec8232fff1e_008.png', 'chair_b091984264b4600f3ba7aee980c3a0ca_003.png', 'chair_5427106126c9851dc862eec8232fff1e_006.png']",0.4054443086169637
chair,chair_train_c1,chair_c1_train_5427106126c9851dc862eec8232fff1e_1,0,"['chair_c0fa1417c0cf2f20593ebeeedbff73b_002.png', 'chair_5427106126c9851dc862eec8232fff1e_003.png', 'chair_5427106126c9851dc862eec8232fff1e_012.png']",0.41268325760946034
chair,chair_train_c1,chair_c1_train_5427106126c9851dc862eec8232fff1e_2,2,"['chair_5427106126c9851dc862eec8232fff1e_006.png', 'chair_5427106126c9851dc862eec8232fff1e_010.png', 'chair_f76d50f900b034af19fb4103277a6b93_010.png']",0.48854915764859097
chair,chair_train_c1,chair_c1_train_f0b50b64918ef41b990561fc34164364_0,1,"['chair_f0b50b64918ef41b990561fc34164364_006.png', 'chair_2e37697d32d085415634c21965ee6bab_006.png', 'chair_f0b50b64918ef41b990561fc34164364_002.png']",0.526724913237999
chair,chair_train_c1,chair_c1_train_f0b50b64918ef41b990561fc34164364_1,1,"['chair_f0b50b64918ef41b990561fc34164364_003.png', 'chair_11347c7e8bc5881775907ca70d2973a4_008.png', 'chair_f0b50b64918ef41b990561fc34164364_006.png']",0.392277757353955
chair,chair_train_c1,chair_c1_train_f0b50b64918ef41b990561fc34164364_2,0,"['chair_f76d50f900b034af19fb4103277a6b93_011.png', 'chair_f0b50b64918ef41b990561fc34164364_010.png', 'chair_f0b50b64918ef41b990561fc34164364_001.png']",0.4904319198837782
chair,chair_train_c1,chair_c1_train_79bd56e6a44e5bf1a3f600c356573d21_0,1,"['chair_79bd56e6a44e5bf1a3f600c356573d21_006.png', 'chair_2e37697d32d085415634c21965ee6bab_002.png', 'chair_79bd56e6a44e5bf1a3f600c356573d21_009.png']",0.2669064048538431
chair,chair_train_c1,chair_c1_train_79bd56e6a44e5bf1a3f600c356573d21_1,2,"['chair_79bd56e6a44e5bf1a3f600c356573d21_003.png', 'chair_79bd56e6a44e5bf1a3f600c356573d21_000.png', 'chair_ae9e1ff1ae0b0a8f6ee473575a9f31bd_013.png']",0.41645053599584525
chair,chair_train_c1,chair_c1_train_79bd56e6a44e5bf1a3f600c356573d21_2,1,"['chair_79bd56e6a44e5bf1a3f600c356573d21_014.png', 'chair_ae9e1ff1ae0b0a8f6ee473575a9f31bd_007.png', 'chair_79bd56e6a44e5bf1a3f600c356573d21_007.png']",0.41645053599584525
chair,chair_train_c1,chair_c1_train_6dfb7b5b4bd0d5f9febad4f49b26ec52_0,0,"['chair_f76d50f900b034af19fb4103277a6b93_006.png', 'chair_6dfb7b5b4bd0d5f9febad4f49b26ec52_008.png', 'chair_6dfb7b5b4bd0d5f9febad4f49b26ec52_007.png']",0.35553496595049205
chair,chair_train_c1,chair_c1_train_6dfb7b5b4bd0d5f9febad4f49b26ec52_1,1,"['chair_6dfb7b5b4bd0d5f9febad4f49b26ec52_005.png', 'chair_1d8d16c0750f22f5ece93f2bb0b6d036_000.png', 'chair_6dfb7b5b4bd0d5f9febad4f49b26ec52_007.png']",0.4214046605597037
chair,chair_train_c1,chair_c1_train_6dfb7b5b4bd0d5f9febad4f49b26ec52_2,0,"['chair_6fd5a9839c5caa52e8f8c11a24c52ebb_003.png', 'chair_6dfb7b5b4bd0d5f9febad4f49b26ec52_004.png', 'chair_6dfb7b5b4bd0d5f9febad4f49b26ec52_013.png']",0.3818193407948939
chair,chair_train_c1,chair_c1_train_6fd5a9839c5caa52e8f8c11a24c52ebb_0,1,"['chair_6fd5a9839c5caa52e8f8c11a24c52ebb_011.png', 'chair_662f95ed8d41a24bf63bf7d908efc575_001.png', 'chair_6fd5a9839c5caa52e8f8c11a24c52ebb_008.png']",0.483288670315529
chair,chair_train_c1,chair_c1_train_6fd5a9839c5caa52e8f8c11a24c52ebb_1,2,"['chair_6fd5a9839c5caa52e8f8c11a24c52ebb_000.png', 'chair_6fd5a9839c5caa52e8f8c11a24c52ebb_003.png', 'chair_2e37697d32d085415634c21965ee6bab_005.png']",0.4271557098453541
chair,chair_train_c1,chair_c1_train_6fd5a9839c5caa52e8f8c11a24c52ebb_2,1,"['chair_6fd5a9839c5caa52e8f8c11a24c52ebb_002.png', 'chair_2e37697d32d085415634c21965ee6bab_001.png', 'chair_6fd5a9839c5caa52e8f8c11a24c52ebb_005.png']",0.4271557098453541
chair,chair_train_c1,chair_c1_train_8fa742589b47b596e8f8c11a24c52ebb_0,0,"['chair_9c7c3478edebfc1031d38697be8abe58_002.png', 'chair_8fa742589b47b596e8f8c11a24c52ebb_001.png', 'chair_8fa742589b47b596e8f8c11a24c52ebb_012.png']",0.4845697215394018
chair,chair_train_c1,chair_c1_train_8fa742589b47b596e8f8c11a24c52ebb_1,1,"['chair_8fa742589b47b596e8f8c11a24c52ebb_005.png', 'chair_c0fa1417c0cf2f20593ebeeedbff73b_008.png', 'chair_8fa742589b47b596e8f8c11a24c52ebb_001.png']",0.5502107489299191
chair,chair_train_c1,chair_c1_train_8fa742589b47b596e8f8c11a24c52ebb_2,0,"['chair_51c858aec859bafad1e274d497440a3e_007.png', 'chair_8fa742589b47b596e8f8c11a24c52ebb_001.png', 'chair_8fa742589b47b596e8f8c11a24c52ebb_009.png']",0.5192726225404607
chair,chair_train_c1,chair_c1_train_c0fa1417c0cf2f20593ebeeedbff73b_0,2,"['chair_c0fa1417c0cf2f20593ebeeedbff73b_001.png', 'chair_c0fa1417c0cf2f20593ebeeedbff73b_006.png', 'chair_1e276a016b664e424d678187b8261d95_011.png']",0.30038526683793
chair,chair_train_c1,chair_c1_train_c0fa1417c0cf2f20593ebeeedbff73b_1,0,"['chair_5427106126c9851dc862eec8232fff1e_014.png', 'chair_c0fa1417c0cf2f20593ebeeedbff73b_014.png', 'chair_c0fa1417c0cf2f20593ebeeedbff73b_001.png']",0.41268325760946034
chair,chair_train_c1,chair_c1_train_c0fa1417c0cf2f20593ebeeedbff73b_2,1,"['chair_c0fa1417c0cf2f20593ebeeedbff73b_010.png', 'chair_1e276a016b664e424d678187b8261d95_008.png', 'chair_c0fa1417c0cf2f20593ebeeedbff73b_012.png']",0.30038526683793
chair,chair_train_c1,chair_c1_train_9c7c3478edebfc1031d38697be8abe58_0,1,"['chair_9c7c3478edebfc1031d38697be8abe58_012.png', 'chair_11347c7e8bc5881775907ca70d2973a4_011.png', 'chair_9c7c3478edebfc1031d38697be8abe58_007.png']",0.5655831253954654
chair,chair_train_c1,chair_c1_train_9c7c3478edebfc1031d38697be8abe58_1,1,"['chair_9c7c3478edebfc1031d38697be8abe58_014.png', 'chair_51c858aec859bafad1e274d497440a3e_011.png', 'chair_9c7c3478edebfc1031d38697be8abe58_002.png']",0.49934161493792095
chair,chair_train_c1,chair_c1_train_9c7c3478edebfc1031d38697be8abe58_2,2,"['chair_9c7c3478edebfc1031d38697be8abe58_014.png', 'chair_9c7c3478edebfc1031d38697be8abe58_013.png', 'chair_8fa742589b47b596e8f8c11a24c52ebb_009.png']",0.4845697215394018
chair,chair_train_c1,chair_c1_train_38201114b7f2c48d6c63709946cf3bde_0,1,"['chair_38201114b7f2c48d6c63709946cf3bde_008.png', 'chair_b091984264b4600f3ba7aee980c3a0ca_006.png', 'chair_38201114b7f2c48d6c63709946cf3bde_012.png']",0.5750582167978319
chair,chair_train_c1,chair_c1_train_38201114b7f2c48d6c63709946cf3bde_1,0,"['chair_b091984264b4600f3ba7aee980c3a0ca_004.png', 'chair_38201114b7f2c48d6c63709946cf3bde_005.png', 'chair_38201114b7f2c48d6c63709946cf3bde_004.png']",0.5750582167978319
chair,chair_train_c1,chair_c1_train_38201114b7f2c48d6c63709946cf3bde_2,0,"['chair_c0fa1417c0cf2f20593ebeeedbff73b_001.png', 'chair_38201114b7f2c48d6c63709946cf3bde_010.png', 'chair_38201114b7f2c48d6c63709946cf3bde_014.png']",0.5733956751814827
chair,chair_train_c1,chair_c1_train_8117c55b8bbdbbc54c5c5c89015f1980_0,2,"['chair_8117c55b8bbdbbc54c5c5c89015f1980_009.png', 'chair_8117c55b8bbdbbc54c5c5c89015f1980_004.png', 'chair_5427106126c9851dc862eec8232fff1e_005.png']",0.3767910983399769
chair,chair_train_c1,chair_c1_train_8117c55b8bbdbbc54c5c5c89015f1980_1,2,"['chair_8117c55b8bbdbbc54c5c5c89015f1980_002.png', 'chair_8117c55b8bbdbbc54c5c5c89015f1980_008.png', 'chair_2e37697d32d085415634c21965ee6bab_005.png']",0.5176515855306948
chair,chair_train_c1,chair_c1_train_8117c55b8bbdbbc54c5c5c89015f1980_2,2,"['chair_8117c55b8bbdbbc54c5c5c89015f1980_002.png', 'chair_8117c55b8bbdbbc54c5c5c89015f1980_006.png', 'chair_2e37697d32d085415634c21965ee6bab_010.png']",0.5176515855306948
chair,chair_train_c1,chair_c1_train_1e276a016b664e424d678187b8261d95_0,2,"['chair_1e276a016b664e424d678187b8261d95_009.png', 'chair_1e276a016b664e424d678187b8261d95_000.png', 'chair_11347c7e8bc5881775907ca70d2973a4_006.png']",0.37487427068996804
chair,chair_train_c1,chair_c1_train_1e276a016b664e424d678187b8261d95_1,1,"['chair_1e276a016b664e424d678187b8261d95_004.png', 'chair_11347c7e8bc5881775907ca70d2973a4_006.png', 'chair_1e276a016b664e424d678187b8261d95_007.png']",0.37487427068996804
chair,chair_train_c1,chair_c1_train_1e276a016b664e424d678187b8261d95_2,0,"['chair_4a1510e398260ba36b31862e09495f2_003.png', 'chair_1e276a016b664e424d678187b8261d95_012.png', 'chair_1e276a016b664e424d678187b8261d95_013.png']",0.3698149656680929
chair,chair_train_c1,chair_c1_train_662f95ed8d41a24bf63bf7d908efc575_0,0,"['chair_c0fa1417c0cf2f20593ebeeedbff73b_014.png', 'chair_662f95ed8d41a24bf63bf7d908efc575_001.png', 'chair_662f95ed8d41a24bf63bf7d908efc575_005.png']",0.35550848648402456
chair,chair_train_c1,chair_c1_train_662f95ed8d41a24bf63bf7d908efc575_1,2,"['chair_662f95ed8d41a24bf63bf7d908efc575_013.png', 'chair_662f95ed8d41a24bf63bf7d908efc575_010.png', 'chair_2e37697d32d085415634c21965ee6bab_012.png']",0.2782974853808182
chair,chair_train_c1,chair_c1_train_662f95ed8d41a24bf63bf7d908efc575_2,1,"['chair_662f95ed8d41a24bf63bf7d908efc575_003.png', 'chair_u1e22cc04-7c4d-4ed5-bda3-8ff8067f22ee_005.png', 'chair_662f95ed8d41a24bf63bf7d908efc575_002.png']",0.3956361892099092
chair,chair_train_c1,chair_c1_train_f76d50f900b034af19fb4103277a6b93_0,1,"['chair_f76d50f900b034af19fb4103277a6b93_008.png', 'chair_2e37697d32d085415634c21965ee6bab_009.png', 'chair_f76d50f900b034af19fb4103277a6b93_003.png']",0.4376904140530621
chair,chair_train_c1,chair_c1_train_f76d50f900b034af19fb4103277a6b93_1,2,"['chair_f76d50f900b034af19fb4103277a6b93_004.png', 'chair_f76d50f900b034af19fb4103277a6b93_002.png', 'chair_6dfb7b5b4bd0d5f9febad4f49b26ec52_000.png']",0.35553496595049205
chair,chair_train_c1,chair_c1_train_f76d50f900b034af19fb4103277a6b93_2,2,"['chair_f76d50f900b034af19fb4103277a6b93_000.png', 'chair_f76d50f900b034af19fb4103277a6b93_009.png', 'chair_5427106126c9851dc862eec8232fff1e_006.png']",0.48854915764859097
chair,chair_train_c1,chair_c1_train_11347c7e8bc5881775907ca70d2973a4_0,2,"['chair_11347c7e8bc5881775907ca70d2973a4_003.png', 'chair_11347c7e8bc5881775907ca70d2973a4_001.png', 'chair_f0b50b64918ef41b990561fc34164364_004.png']",0.392277757353955
chair,chair_train_c1,chair_c1_train_11347c7e8bc5881775907ca70d2973a4_1,1,"['chair_11347c7e8bc5881775907ca70d2973a4_003.png', 'chair_6fd5a9839c5caa52e8f8c11a24c52ebb_001.png', 'chair_11347c7e8bc5881775907ca70d2973a4_013.png']",0.47126949486548275
chair,chair_train_c1,chair_c1_train_11347c7e8bc5881775907ca70d2973a4_2,1,"['chair_11347c7e8bc5881775907ca70d2973a4_008.png', 'chair_1e276a016b664e424d678187b8261d95_000.png', 'chair_11347c7e8bc5881775907ca70d2973a4_005.png']",0.37487427068996804
chair,chair_train_c1,chair_c1_train_9e9dc51a4e0db2e4c3bd24f986301745_0,1,"['chair_9e9dc51a4e0db2e4c3bd24f986301745_012.png', 'chair_ae9e1ff1ae0b0a8f6ee473575a9f31bd_006.png', 'chair_9e9dc51a4e0db2e4c3bd24f986301745_014.png']",0.5236913053072664
chair,chair_train_c1,chair_c1_train_9e9dc51a4e0db2e4c3bd24f986301745_1,2,"['chair_9e9dc51a4e0db2e4c3bd24f986301745_005.png', 'chair_9e9dc51a4e0db2e4c3bd24f986301745_009.png', 'chair_2828b98d980480cec3bd24f986301745_013.png']",0.40614146497828096
chair,chair_train_c1,chair_c1_train_9e9dc51a4e0db2e4c3bd24f986301745_2,2,"['chair_9e9dc51a4e0db2e4c3bd24f986301745_003.png', 'chair_9e9dc51a4e0db2e4c3bd24f986301745_002.png', 'chair_8c281caf626df58671a782a4379556c7_009.png']",0.3966281113850689
chair,chair_train_c1,chair_c1_train_4a1510e398260ba36b31862e09495f2_0,0,"['chair_c0fa1417c0cf2f20593ebeeedbff73b_007.png', 'chair_4a1510e398260ba36b31862e09495f2_000.png', 'chair_4a1510e398260ba36b31862e09495f2_011.png']",0.5798635931360842
chair,chair_train_c1,chair_c1_train_4a1510e398260ba36b31862e09495f2_1,2,"['chair_4a1510e398260ba36b31862e09495f2_007.png', 'chair_4a1510e398260ba36b31862e09495f2_009.png', 'chair_c0fa1417c0cf2f20593ebeeedbff73b_002.png']",0.5798635931360842
chair,chair_train_c1,chair_c1_train_4a1510e398260ba36b31862e09495f2_2,2,"['chair_4a1510e398260ba36b31862e09495f2_000.png', 'chair_4a1510e398260ba36b31862e09495f2_008.png', 'chair_1e276a016b664e424d678187b8261d95_009.png']",0.3698149656680929
chair,chair_train_c1,chair_c1_train_u1e22cc04-7c4d-4ed5-bda3-8ff8067f22ee_0,1,"['chair_u1e22cc04-7c4d-4ed5-bda3-8ff8067f22ee_010.png', 'chair_662f95ed8d41a24bf63bf7d908efc575_003.png', 'chair_u1e22cc04-7c4d-4ed5-bda3-8ff8067f22ee_011.png']",0.3956361892099092
chair,chair_train_c1,chair_c1_train_u1e22cc04-7c4d-4ed5-bda3-8ff8067f22ee_1,2,"['chair_u1e22cc04-7c4d-4ed5-bda3-8ff8067f22ee_007.png', 'chair_u1e22cc04-7c4d-4ed5-bda3-8ff8067f22ee_012.png', 'chair_79bd56e6a44e5bf1a3f600c356573d21_014.png']",0.20208276081526177
chair,chair_train_c1,chair_c1_train_u1e22cc04-7c4d-4ed5-bda3-8ff8067f22ee_2,2,"['chair_u1e22cc04-7c4d-4ed5-bda3-8ff8067f22ee_004.png', 'chair_u1e22cc04-7c4d-4ed5-bda3-8ff8067f22ee_009.png', 'chair_662f95ed8d41a24bf63bf7d908efc575_001.png']",0.3956361892099092
chair,chair_train_c1,chair_c1_train_b091984264b4600f3ba7aee980c3a0ca_0,1,"['chair_b091984264b4600f3ba7aee980c3a0ca_010.png', 'chair_2e37697d32d085415634c21965ee6bab_005.png', 'chair_b091984264b4600f3ba7aee980c3a0ca_009.png']",0.447723710514332
chair,chair_train_c1,chair_c1_train_b091984264b4600f3ba7aee980c3a0ca_1,1,"['chair_b091984264b4600f3ba7aee980c3a0ca_010.png', 'chair_2e37697d32d085415634c21965ee6bab_013.png', 'chair_b091984264b4600f3ba7aee980c3a0ca_012.png']",0.447723710514332
chair,chair_train_c1,chair_c1_train_b091984264b4600f3ba7aee980c3a0ca_2,1,"['chair_b091984264b4600f3ba7aee980c3a0ca_001.png', 'chair_2e37697d32d085415634c21965ee6bab_002.png', 'chair_b091984264b4600f3ba7aee980c3a0ca_008.png']",0.447723710514332
chair,chair_train_c1,chair_c1_train_ae9e1ff1ae0b0a8f6ee473575a9f31bd_0,0,"['chair_9e9dc51a4e0db2e4c3bd24f986301745_003.png', 'chair_ae9e1ff1ae0b0a8f6ee473575a9f31bd_000.png', 'chair_ae9e1ff1ae0b0a8f6ee473575a9f31bd_005.png']",0.5236913053072664
chair,chair_train_c1,chair_c1_train_ae9e1ff1ae0b0a8f6ee473575a9f31bd_1,1,"['chair_ae9e1ff1ae0b0a8f6ee473575a9f31bd_002.png', 'chair_79bd56e6a44e5bf1a3f600c356573d21_001.png', 'chair_ae9e1ff1ae0b0a8f6ee473575a9f31bd_012.png']",0.41645053599584525
chair,chair_train_c1,chair_c1_train_ae9e1ff1ae0b0a8f6ee473575a9f31bd_2,2,"['chair_ae9e1ff1ae0b0a8f6ee473575a9f31bd_008.png', 'chair_ae9e1ff1ae0b0a8f6ee473575a9f31bd_005.png', 'chair_u1e22cc04-7c4d-4ed5-bda3-8ff8067f22ee_010.png']",0.4820522146674079
chair,chair_train_c1,chair_c1_train_2e37697d32d085415634c21965ee6bab_0,2,"['chair_2e37697d32d085415634c21965ee6bab_006.png', 'chair_2e37697d32d085415634c21965ee6bab_004.png', 'chair_662f95ed8d41a24bf63bf7d908efc575_004.png']",0.2782974853808182
chair,chair_train_c1,chair_c1_train_2e37697d32d085415634c21965ee6bab_1,1,"['chair_2e37697d32d085415634c21965ee6bab_003.png', 'chair_79bd56e6a44e5bf1a3f600c356573d21_006.png', 'chair_2e37697d32d085415634c21965ee6bab_007.png']",0.2669064048538431
chair,chair_train_c1,chair_c1_train_2e37697d32d085415634c21965ee6bab_2,2,"['chair_2e37697d32d085415634c21965ee6bab_000.png', 'chair_2e37697d32d085415634c21965ee6bab_013.png', 'chair_u1e22cc04-7c4d-4ed5-bda3-8ff8067f22ee_010.png']",0.3094518888940452
chair,chair_train_c2,chair_c2_train_c8265e04c94bcb5a1346e336f65f96f6_0,0,"['chair_7a962a612d7cd0feb7611322d07bb05e_004.png', 'chair_c8265e04c94bcb5a1346e336f65f96f6_003.png', 'chair_c8265e04c94bcb5a1346e336f65f96f6_014.png']",0.26368799184587255
chair,chair_train_c2,chair_c2_train_c8265e04c94bcb5a1346e336f65f96f6_1,1,"['chair_c8265e04c94bcb5a1346e336f65f96f6_008.png', 'chair_fdd21f7f2ca9f0bcbdcbca499b446e89_010.png', 'chair_c8265e04c94bcb5a1346e336f65f96f6_013.png']",0.31791796845977427
chair,chair_train_c2,chair_c2_train_c8265e04c94bcb5a1346e336f65f96f6_2,0,"['chair_fdd21f7f2ca9f0bcbdcbca499b446e89_012.png', 'chair_c8265e04c94bcb5a1346e336f65f96f6_013.png', 'chair_c8265e04c94bcb5a1346e336f65f96f6_008.png']",0.31791796845977427
chair,chair_train_c2,chair_c2_train_fe5310a3457bf0e5c4e8952b27b5f370_0,0,"['chair_efa83c67ce47bfca304edcf7c4314468_011.png', 'chair_fe5310a3457bf0e5c4e8952b27b5f370_013.png', 'chair_fe5310a3457bf0e5c4e8952b27b5f370_000.png']",0.31285582493420894
chair,chair_train_c2,chair_c2_train_fe5310a3457bf0e5c4e8952b27b5f370_1,1,"['chair_fe5310a3457bf0e5c4e8952b27b5f370_013.png', 'chair_490384776503eea9e2dee6f9fbe318ea_005.png', 'chair_fe5310a3457bf0e5c4e8952b27b5f370_009.png']",0.2848301844705028
chair,chair_train_c2,chair_c2_train_fe5310a3457bf0e5c4e8952b27b5f370_2,1,"['chair_fe5310a3457bf0e5c4e8952b27b5f370_012.png', 'chair_fdd21f7f2ca9f0bcbdcbca499b446e89_008.png', 'chair_fe5310a3457bf0e5c4e8952b27b5f370_007.png']",0.18157012196731448
chair,chair_train_c2,chair_c2_train_46c6dec63dd7c45854ca97f654da3901_0,2,"['chair_46c6dec63dd7c45854ca97f654da3901_002.png', 'chair_46c6dec63dd7c45854ca97f654da3901_010.png', 'chair_21cd62313612a7a168c2f5eb1dd4dfaa_003.png']",0.32623526020576676
chair,chair_train_c2,chair_c2_train_46c6dec63dd7c45854ca97f654da3901_1,0,"['chair_9d28a066df22319cca2e16d6cd76503c_013.png', 'chair_46c6dec63dd7c45854ca97f654da3901_009.png', 'chair_46c6dec63dd7c45854ca97f654da3901_004.png']",0.4178530987607292
chair,chair_train_c2,chair_c2_train_46c6dec63dd7c45854ca97f654da3901_2,2,"['chair_46c6dec63dd7c45854ca97f654da3901_014.png', 'chair_46c6dec63dd7c45854ca97f654da3901_004.png', 'chair_21cd62313612a7a168c2f5eb1dd4dfaa_003.png']",0.32623526020576676
chair,chair_train_c2,chair_c2_train_4a2b8f9d13afb39f8f1abd08ebea3018_0,0,"['chair_c07c96f19ea1d431d4f67da0de6a1054_001.png', 'chair_4a2b8f9d13afb39f8f1abd08ebea3018_007.png', 'chair_4a2b8f9d13afb39f8f1abd08ebea3018_010.png']",0.44721894582414545
chair,chair_train_c2,chair_c2_train_4a2b8f9d13afb39f8f1abd08ebea3018_1,0,"['chair_2ae70fbab330779e3bff5a09107428a5_011.png', 'chair_4a2b8f9d13afb39f8f1abd08ebea3018_008.png', 'chair_4a2b8f9d13afb39f8f1abd08ebea3018_002.png']",0.37218677112484944
chair,chair_train_c2,chair_c2_train_4a2b8f9d13afb39f8f1abd08ebea3018_2,2,"['chair_4a2b8f9d13afb39f8f1abd08ebea3018_010.png', 'chair_4a2b8f9d13afb39f8f1abd08ebea3018_003.png', 'chair_9d28a066df22319cca2e16d6cd76503c_000.png']",0.5229270815159217
chair,chair_train_c2,chair_c2_train_dc77b920bda118d54627f3cd8db22919_0,2,"['chair_dc77b920bda118d54627f3cd8db22919_011.png', 'chair_dc77b920bda118d54627f3cd8db22919_000.png', 'chair_fdd21f7f2ca9f0bcbdcbca499b446e89_014.png']",0.3990110504917894
chair,chair_train_c2,chair_c2_train_dc77b920bda118d54627f3cd8db22919_1,1,"['chair_dc77b920bda118d54627f3cd8db22919_000.png', 'chair_efa83c67ce47bfca304edcf7c4314468_010.png', 'chair_dc77b920bda118d54627f3cd8db22919_002.png']",0.4131855379028473
chair,chair_train_c2,chair_c2_train_dc77b920bda118d54627f3cd8db22919_2,0,"['chair_d915d2f1664bf76e71a70be9f12ce8b0_005.png', 'chair_dc77b920bda118d54627f3cd8db22919_011.png', 'chair_dc77b920bda118d54627f3cd8db22919_003.png']",0.37928842179181066
chair,chair_train_c2,chair_c2_train_d915d2f1664bf76e71a70be9f12ce8b0_0,1,"['chair_d915d2f1664bf76e71a70be9f12ce8b0_014.png', 'chair_fe5310a3457bf0e5c4e8952b27b5f370_000.png', 'chair_d915d2f1664bf76e71a70be9f12ce8b0_006.png']",0.22624191822548667
chair,chair_train_c2,chair_c2_train_d915d2f1664bf76e71a70be9f12ce8b0_1,0,"['chair_fe5310a3457bf0e5c4e8952b27b5f370_012.png', 'chair_d915d2f1664bf76e71a70be9f12ce8b0_008.png', 'chair_d915d2f1664bf76e71a70be9f12ce8b0_007.png']",0.22624191822548667
chair,chair_train_c2,chair_c2_train_d915d2f1664bf76e71a70be9f12ce8b0_2,2,"['chair_d915d2f1664bf76e71a70be9f12ce8b0_013.png', 'chair_d915d2f1664bf76e71a70be9f12ce8b0_012.png', 'chair_f85f33b3f6cac48a512d71be7dbf2d60_008.png']",0.3345562716028103
chair,chair_train_c2,chair_c2_train_6e6ab9da02b8e3bd9bcd01fc6568d728_0,2,"['chair_6e6ab9da02b8e3bd9bcd01fc6568d728_001.png', 'chair_6e6ab9da02b8e3bd9bcd01fc6568d728_008.png', 'chair_fdd21f7f2ca9f0bcbdcbca499b446e89_010.png']",0.4134347487080299
chair,chair_train_c2,chair_c2_train_6e6ab9da02b8e3bd9bcd01fc6568d728_1,2,"['chair_6e6ab9da02b8e3bd9bcd01fc6568d728_001.png', 'chair_6e6ab9da02b8e3bd9bcd01fc6568d728_005.png', 'chair_fdd21f7f2ca9f0bcbdcbca499b446e89_007.png']",0.4134347487080299
chair,chair_train_c2,chair_c2_train_6e6ab9da02b8e3bd9bcd01fc6568d728_2,2,"['chair_6e6ab9da02b8e3bd9bcd01fc6568d728_004.png', 'chair_6e6ab9da02b8e3bd9bcd01fc6568d728_010.png', 'chair_c8265e04c94bcb5a1346e336f65f96f6_002.png']",0.3721146554568493
chair,chair_train_c2,chair_c2_train_969375970515e5f6492d9da2668ec34c_0,2,"['chair_969375970515e5f6492d9da2668ec34c_007.png', 'chair_969375970515e5f6492d9da2668ec34c_004.png', 'chair_894f033f10abba014038d588fd1342f_009.png']",0.3456090998834036
chair,chair_train_c2,chair_c2_train_969375970515e5f6492d9da2668ec34c_1,2,"['chair_969375970515e5f6492d9da2668ec34c_004.png', 'chair_969375970515e5f6492d9da2668ec34c_001.png', 'chair_2d74dcc00e449a5462a510b8f97c658e_001.png']",0.3830900342758412
chair,chair_train_c2,chair_c2_train_969375970515e5f6492d9da2668ec34c_2,0,"['chair_f85f33b3f6cac48a512d71be7dbf2d60_007.png', 'chair_969375970515e5f6492d9da2668ec34c_004.png', 'chair_969375970515e5f6492d9da2668ec34c_009.png']",0.4964581905973371
chair,chair_train_c2,chair_c2_train_c07c96f19ea1d431d4f67da0de6a1054_0,0,"['chair_4a2b8f9d13afb39f8f1abd08ebea3018_000.png', 'chair_c07c96f19ea1d431d4f67da0de6a1054_001.png', 'chair_c07c96f19ea1d431d4f67da0de6a1054_007.png']",0.44721894582414545
chair,chair_train_c2,chair_c2_train_c07c96f19ea1d431d4f67da0de6a1054_1,0,"['chair_d915d2f1664bf76e71a70be9f12ce8b0_002.png', 'chair_c07c96f19ea1d431d4f67da0de6a1054_010.png', 'chair_c07c96f19ea1d431d4f67da0de6a1054_006.png']",0.4513003787807598
chair,chair_train_c2,chair_c2_train_c07c96f19ea1d431d4f67da0de6a1054_2,0,"['chair_4a2b8f9d13afb39f8f1abd08ebea3018_012.png', 'chair_c07c96f19ea1d431d4f67da0de6a1054_009.png', 'chair_c07c96f19ea1d431d4f67da0de6a1054_008.png']",0.44721894582414545
chair,chair_train_c2,chair_c2_train_764abaffc5872775f0dff71ec76b46f7_0,2,"['chair_764abaffc5872775f0dff71ec76b46f7_006.png', 'chair_764abaffc5872775f0dff71ec76b46f7_013.png', 'chair_c605d4742f68a00ece45069973024eb1_006.png']",0.3235485543029688
chair,chair_train_c2,chair_c2_train_764abaffc5872775f0dff71ec76b46f7_1,1,"['chair_764abaffc5872775f0dff71ec76b46f7_008.png', 'chair_9d28a066df22319cca2e16d6cd76503c_007.png', 'chair_764abaffc5872775f0dff71ec76b46f7_006.png']",0.4691414629056343
chair,chair_train_c2,chair_c2_train_764abaffc5872775f0dff71ec76b46f7_2,1,"['chair_764abaffc5872775f0dff71ec76b46f7_012.png', 'chair_2759711dbb8b66ce66e463776e370597_013.png', 'chair_764abaffc5872775f0dff71ec76b46f7_008.png']",0.24137562355386222
chair,chair_train_c2,chair_c2_train_40e6fb27aeb9c9ab44f999802029a79a_0,0,"['chair_894f033f10abba014038d588fd1342f_004.png', 'chair_40e6fb27aeb9c9ab44f999802029a79a_012.png', 'chair_40e6fb27aeb9c9ab44f999802029a79a_001.png']",0.2631245879372025
chair,chair_train_c2,chair_c2_train_40e6fb27aeb9c9ab44f999802029a79a_1,2,"['chair_40e6fb27aeb9c9ab44f999802029a79a_012.png', 'chair_40e6fb27aeb9c9ab44f999802029a79a_010.png', 'chair_f85f33b3f6cac48a512d71be7dbf2d60_004.png']",0.26604240158324066
chair,chair_train_c2,chair_c2_train_40e6fb27aeb9c9ab44f999802029a79a_2,1,"['chair_40e6fb27aeb9c9ab44f999802029a79a_006.png', 'chair_c605d4742f68a00ece45069973024eb1_008.png', 'chair_40e6fb27aeb9c9ab44f999802029a79a_008.png']",0.3353902334036084
chair,chair_train_c2,chair_c2_train_7ff2f20512e7ce8e572f8e1c1caad99e_0,2,"['chair_7ff2f20512e7ce8e572f8e1c1caad99e_007.png', 'chair_7ff2f20512e7ce8e572f8e1c1caad99e_003.png', 'chair_21cd62313612a7a168c2f5eb1dd4dfaa_014.png']",0.462603131592599
chair,chair_train_c2,chair_c2_train_7ff2f20512e7ce8e572f8e1c1caad99e_1,0,"['chair_a06114a07a68c995c8687ff9b0b4e4ac_014.png', 'chair_7ff2f20512e7ce8e572f8e1c1caad99e_001.png', 'chair_7ff2f20512e7ce8e572f8e1c1caad99e_004.png']",0.42562562131801274
chair,chair_train_c2,chair_c2_train_7ff2f20512e7ce8e572f8e1c1caad99e_2,2,"['chair_7ff2f20512e7ce8e572f8e1c1caad99e_006.png', 'chair_7ff2f20512e7ce8e572f8e1c1caad99e_009.png', 'chair_a06114a07a68c995c8687ff9b0b4e4ac_005.png']",0.42562562131801274
chair,chair_train_c2,chair_c2_train_490384776503eea9e2dee6f9fbe318ea_0,1,"['chair_490384776503eea9e2dee6f9fbe318ea_012.png', 'chair_2d74dcc00e449a5462a510b8f97c658e_009.png', 'chair_490384776503eea9e2dee6f9fbe318ea_003.png']",0.38518497062220924
chair,chair_train_c2,chair_c2_train_490384776503eea9e2dee6f9fbe318ea_1,0,"['chair_fdd21f7f2ca9f0bcbdcbca499b446e89_001.png', 'chair_490384776503eea9e2dee6f9fbe318ea_007.png', 'chair_490384776503eea9e2dee6f9fbe318ea_014.png']",0.27113732573917826
chair,chair_train_c2,chair_c2_train_490384776503eea9e2dee6f9fbe318ea_2,2,"['chair_490384776503eea9e2dee6f9fbe318ea_000.png', 'chair_490384776503eea9e2dee6f9fbe318ea_013.png', 'chair_fdd21f7f2ca9f0bcbdcbca499b446e89_006.png']",0.27113732573917826
chair,chair_train_c2,chair_c2_train_7a962a612d7cd0feb7611322d07bb05e_0,2,"['chair_7a962a612d7cd0feb7611322d07bb05e_009.png', 'chair_7a962a612d7cd0feb7611322d07bb05e_006.png', 'chair_d915d2f1664bf76e71a70be9f12ce8b0_005.png']",0.49710985856999834
chair,chair_train_c2,chair_c2_train_7a962a612d7cd0feb7611322d07bb05e_1,2,"['chair_7a962a612d7cd0feb7611322d07bb05e_010.png', 'chair_7a962a612d7cd0feb7611322d07bb05e_006.png', 'chair_a06114a07a68c995c8687ff9b0b4e4ac_000.png']",0.4430574281494333
chair,chair_train_c2,chair_c2_train_7a962a612d7cd0feb7611322d07bb05e_2,2,"['chair_7a962a612d7cd0feb7611322d07bb05e_008.png', 'chair_7a962a612d7cd0feb7611322d07bb05e_005.png', 'chair_fdd21f7f2ca9f0bcbdcbca499b446e89_005.png']",0.45089652995980767
chair,chair_train_c2,chair_c2_train_2ae70fbab330779e3bff5a09107428a5_0,2,"['chair_2ae70fbab330779e3bff5a09107428a5_013.png', 'chair_2ae70fbab330779e3bff5a09107428a5_006.png', 'chair_a06114a07a68c995c8687ff9b0b4e4ac_006.png']",0.32308659036759235
chair,chair_train_c2,chair_c2_train_2ae70fbab330779e3bff5a09107428a5_1,1,"['chair_2ae70fbab330779e3bff5a09107428a5_001.png', 'chair_a06114a07a68c995c8687ff9b0b4e4ac_005.png', 'chair_2ae70fbab330779e3bff5a09107428a5_007.png']",0.32308659036759235
chair,chair_train_c2,chair_c2_train_2ae70fbab330779e3bff5a09107428a5_2,1,"['chair_2ae70fbab330779e3bff5a09107428a5_013.png', 'chair_2759711dbb8b66ce66e463776e370597_004.png', 'chair_2ae70fbab330779e3bff5a09107428a5_010.png']",0.3365217952660673
chair,chair_train_c2,chair_c2_train_2759711dbb8b66ce66e463776e370597_0,2,"['chair_2759711dbb8b66ce66e463776e370597_001.png', 'chair_2759711dbb8b66ce66e463776e370597_014.png', 'chair_764abaffc5872775f0dff71ec76b46f7_003.png']",0.24137562355386222
chair,chair_train_c2,chair_c2_train_2759711dbb8b66ce66e463776e370597_1,1,"['chair_2759711dbb8b66ce66e463776e370597_008.png', 'chair_764abaffc5872775f0dff71ec76b46f7_005.png', 'chair_2759711dbb8b66ce66e463776e370597_001.png']",0.24137562355386222
chair,chair_train_c2,chair_c2_train_2759711dbb8b66ce66e463776e370597_2,0,"['chair_a06114a07a68c995c8687ff9b0b4e4ac_005.png', 'chair_2759711dbb8b66ce66e463776e370597_011.png', 'chair_2759711dbb8b66ce66e463776e370597_013.png']",0.2400631164075987
chair,chair_train_c2,chair_c2_train_efa83c67ce47bfca304edcf7c4314468_0,1,"['chair_efa83c67ce47bfca304edcf7c4314468_003.png', 'chair_2d74dcc00e449a5462a510b8f97c658e_006.png', 'chair_efa83c67ce47bfca304edcf7c4314468_014.png']",0.36186828572679564
chair,chair_train_c2,chair_c2_train_efa83c67ce47bfca304edcf7c4314468_1,1,"['chair_efa83c67ce47bfca304edcf7c4314468_012.png', 'chair_fdd21f7f2ca9f0bcbdcbca499b446e89_011.png', 'chair_efa83c67ce47bfca304edcf7c4314468_001.png']",0.2633019007588491
chair,chair_train_c2,chair_c2_train_efa83c67ce47bfca304edcf7c4314468_2,2,"['chair_efa83c67ce47bfca304edcf7c4314468_013.png', 'chair_efa83c67ce47bfca304edcf7c4314468_000.png', 'chair_fdd21f7f2ca9f0bcbdcbca499b446e89_011.png']",0.2633019007588491
chair,chair_train_c2,chair_c2_train_fdd21f7f2ca9f0bcbdcbca499b446e89_0,2,"['chair_fdd21f7f2ca9f0bcbdcbca499b446e89_006.png', 'chair_fdd21f7f2ca9f0bcbdcbca499b446e89_010.png', 'chair_2d74dcc00e449a5462a510b8f97c658e_009.png']",0.24618547258062484
chair,chair_train_c2,chair_c2_train_fdd21f7f2ca9f0bcbdcbca499b446e89_1,0,"['chair_2d74dcc00e449a5462a510b8f97c658e_008.png', 'chair_fdd21f7f2ca9f0bcbdcbca499b446e89_013.png', 'chair_fdd21f7f2ca9f0bcbdcbca499b446e89_000.png']",0.24618547258062484
chair,chair_train_c2,chair_c2_train_fdd21f7f2ca9f0bcbdcbca499b446e89_2,1,"['chair_fdd21f7f2ca9f0bcbdcbca499b446e89_012.png', 'chair_d915d2f1664bf76e71a70be9f12ce8b0_002.png', 'chair_fdd21f7f2ca9f0bcbdcbca499b446e89_004.png']",0.2716255269318062
chair,chair_train_c2,chair_c2_train_894f033f10abba014038d588fd1342f_0,0,"['chair_969375970515e5f6492d9da2668ec34c_012.png', 'chair_894f033f10abba014038d588fd1342f_013.png', 'chair_894f033f10abba014038d588fd1342f_007.png']",0.3456090998834036
chair,chair_train_c2,chair_c2_train_894f033f10abba014038d588fd1342f_1,1,"['chair_894f033f10abba014038d588fd1342f_014.png', 'chair_c605d4742f68a00ece45069973024eb1_002.png', 'chair_894f033f10abba014038d588fd1342f_011.png']",0.3794441937168882
chair,chair_train_c2,chair_c2_train_894f033f10abba014038d588fd1342f_2,2,"['chair_894f033f10abba014038d588fd1342f_006.png', 'chair_894f033f10abba014038d588fd1342f_002.png', 'chair_c605d4742f68a00ece45069973024eb1_014.png']",0.3794441937168882
chair,chair_train_c2,chair_c2_train_c605d4742f68a00ece45069973024eb1_0,2,"['chair_c605d4742f68a00ece45069973024eb1_014.png', 'chair_c605d4742f68a00ece45069973024eb1_007.png', 'chair_f85f33b3f6cac48a512d71be7dbf2d60_009.png']",0.3333095406279445
chair,chair_train_c2,chair_c2_train_c605d4742f68a00ece45069973024eb1_1,1,"['chair_c605d4742f68a00ece45069973024eb1_013.png', 'chair_40e6fb27aeb9c9ab44f999802029a79a_002.png', 'chair_c605d4742f68a00ece45069973024eb1_002.png']",0.3353902334036084
chair,chair_train_c2,chair_c2_train_c605d4742f68a00ece45069973024eb1_2,0,"['chair_764abaffc5872775f0dff71ec76b46f7_007.png', 'chair_c605d4742f68a00ece45069973024eb1_009.png', 'chair_c605d4742f68a00ece45069973024eb1_013.png']",0.3235485543029688
chair,chair_train_c2,chair_c2_train_f85f33b3f6cac48a512d71be7dbf2d60_0,2,"['chair_f85f33b3f6cac48a512d71be7dbf2d60_014.png', 'chair_f85f33b3f6cac48a512d71be7dbf2d60_004.png', 'chair_40e6fb27aeb9c9ab44f999802029a79a_002.png']",0.26604240158324066
chair,chair_train_c2,chair_c2_train_f85f33b3f6cac48a512d71be7dbf2d60_1,0,"['chair_c605d4742f68a00ece45069973024eb1_005.png', 'chair_f85f33b3f6cac48a512d71be7dbf2d60_009.png', 'chair_f85f33b3f6cac48a512d71be7dbf2d60_013.png']",0.3333095406279445
chair,chair_train_c2,chair_c2_train_f85f33b3f6cac48a512d71be7dbf2d60_2,0,"['chair_c605d4742f68a00ece45069973024eb1_009.png', 'chair_f85f33b3f6cac48a512d71be7dbf2d60_012.png', 'chair_f85f33b3f6cac48a512d71be7dbf2d60_001.png']",0.3333095406279445
chair,chair_train_c2,chair_c2_train_2d74dcc00e449a5462a510b8f97c658e_0,0,"['chair_a06114a07a68c995c8687ff9b0b4e4ac_009.png', 'chair_2d74dcc00e449a5462a510b8f97c658e_010.png', 'chair_2d74dcc00e449a5462a510b8f97c658e_007.png']",0.3430956904775503
chair,chair_train_c2,chair_c2_train_2d74dcc00e449a5462a510b8f97c658e_1,0,"['chair_fe5310a3457bf0e5c4e8952b27b5f370_014.png', 'chair_2d74dcc00e449a5462a510b8f97c658e_001.png', 'chair_2d74dcc00e449a5462a510b8f97c658e_013.png']",0.3283934605968025
chair,chair_train_c2,chair_c2_train_2d74dcc00e449a5462a510b8f97c658e_2,2,"['chair_2d74dcc00e449a5462a510b8f97c658e_012.png', 'chair_2d74dcc00e449a5462a510b8f97c658e_009.png', 'chair_fdd21f7f2ca9f0bcbdcbca499b446e89_007.png']",0.24618547258062484
chair,chair_train_c2,chair_c2_train_21cd62313612a7a168c2f5eb1dd4dfaa_0,2,"['chair_21cd62313612a7a168c2f5eb1dd4dfaa_010.png', 'chair_21cd62313612a7a168c2f5eb1dd4dfaa_004.png', 'chair_894f033f10abba014038d588fd1342f_007.png']",0.49697179130723734
chair,chair_train_c2,chair_c2_train_21cd62313612a7a168c2f5eb1dd4dfaa_1,2,"['chair_21cd62313612a7a168c2f5eb1dd4dfaa_008.png', 'chair_21cd62313612a7a168c2f5eb1dd4dfaa_007.png', 'chair_2ae70fbab330779e3bff5a09107428a5_003.png']",0.44746677304697047
chair,chair_train_c2,chair_c2_train_21cd62313612a7a168c2f5eb1dd4dfaa_2,2,"['chair_21cd62313612a7a168c2f5eb1dd4dfaa_000.png', 'chair_21cd62313612a7a168c2f5eb1dd4dfaa_012.png', 'chair_894f033f10abba014038d588fd1342f_003.png']",0.49697179130723734
chair,chair_train_c2,chair_c2_train_9d28a066df22319cca2e16d6cd76503c_0,2,"['chair_9d28a066df22319cca2e16d6cd76503c_009.png', 'chair_9d28a066df22319cca2e16d6cd76503c_007.png', 'chair_764abaffc5872775f0dff71ec76b46f7_004.png']",0.4691414629056343
chair,chair_train_c2,chair_c2_train_9d28a066df22319cca2e16d6cd76503c_1,1,"['chair_9d28a066df22319cca2e16d6cd76503c_013.png', 'chair_2759711dbb8b66ce66e463776e370597_013.png', 'chair_9d28a066df22319cca2e16d6cd76503c_006.png']",0.38958240589741877
chair,chair_train_c2,chair_c2_train_9d28a066df22319cca2e16d6cd76503c_2,1,"['chair_9d28a066df22319cca2e16d6cd76503c_001.png', 'chair_c605d4742f68a00ece45069973024eb1_008.png', 'chair_9d28a066df22319cca2e16d6cd76503c_014.png']",0.49148067196166556
chair,chair_train_c2,chair_c2_train_a06114a07a68c995c8687ff9b0b4e4ac_0,1,"['chair_a06114a07a68c995c8687ff9b0b4e4ac_013.png', 'chair_c605d4742f68a00ece45069973024eb1_003.png', 'chair_a06114a07a68c995c8687ff9b0b4e4ac_012.png']",0.33650981733350005
chair,chair_train_c2,chair_c2_train_a06114a07a68c995c8687ff9b0b4e4ac_1,0,"['chair_c605d4742f68a00ece45069973024eb1_014.png', 'chair_a06114a07a68c995c8687ff9b0b4e4ac_007.png', 'chair_a06114a07a68c995c8687ff9b0b4e4ac_000.png']",0.33650981733350005
chair,chair_train_c2,chair_c2_train_a06114a07a68c995c8687ff9b0b4e4ac_2,1,"['chair_a06114a07a68c995c8687ff9b0b4e4ac_011.png', 'chair_c605d4742f68a00ece45069973024eb1_014.png', 'chair_a06114a07a68c995c8687ff9b0b4e4ac_006.png']",0.33650981733350005
display,display_train_c0,display_c0_train_93b702bd7ae98bd16942161d780bcaa0_0,2,"['display_93b702bd7ae98bd16942161d780bcaa0_001.png', 'display_93b702bd7ae98bd16942161d780bcaa0_003.png', 'display_fd19c9fe3d5e58549c4081063e213a15_001.png']",0.07912724173642938
display,display_train_c0,display_c0_train_93b702bd7ae98bd16942161d780bcaa0_1,1,"['display_93b702bd7ae98bd16942161d780bcaa0_011.png', 'display_fd19c9fe3d5e58549c4081063e213a15_013.png', 'display_93b702bd7ae98bd16942161d780bcaa0_005.png']",0.07912724173642938
display,display_train_c0,display_c0_train_93b702bd7ae98bd16942161d780bcaa0_2,1,"['display_93b702bd7ae98bd16942161d780bcaa0_002.png', 'display_8f9c63f788d0044dedea6f8de4918c9e_004.png', 'display_93b702bd7ae98bd16942161d780bcaa0_012.png']",0.08213590743686883
display,display_train_c0,display_c0_train_eab36391bd7fb745585e5281d7025178_0,2,"['display_eab36391bd7fb745585e5281d7025178_009.png', 'display_eab36391bd7fb745585e5281d7025178_001.png', 'display_58837198e067db4cde008fce66fdc56a_010.png']",0.02071370655856386
display,display_train_c0,display_c0_train_eab36391bd7fb745585e5281d7025178_1,1,"['display_eab36391bd7fb745585e5281d7025178_003.png', 'display_58837198e067db4cde008fce66fdc56a_013.png', 'display_eab36391bd7fb745585e5281d7025178_002.png']",0.02071370655856386
display,display_train_c0,display_c0_train_eab36391bd7fb745585e5281d7025178_2,0,"['display_fc314f1e3325a47af287ec53a469521_003.png', 'display_eab36391bd7fb745585e5281d7025178_006.png', 'display_eab36391bd7fb745585e5281d7025178_007.png']",0.05495854734510208
display,display_train_c0,display_c0_train_58837198e067db4cde008fce66fdc56a_0,0,"['display_93b702bd7ae98bd16942161d780bcaa0_009.png', 'display_58837198e067db4cde008fce66fdc56a_008.png', 'display_58837198e067db4cde008fce66fdc56a_002.png']",0.06524888115824745
display,display_train_c0,display_c0_train_58837198e067db4cde008fce66fdc56a_1,2,"['display_58837198e067db4cde008fce66fdc56a_007.png', 'display_58837198e067db4cde008fce66fdc56a_013.png', 'display_93b702bd7ae98bd16942161d780bcaa0_009.png']",0.06524888115824745
display,display_train_c0,display_c0_train_58837198e067db4cde008fce66fdc56a_2,0,"['display_3e1d0fb46bc7f84f9c4081063e213a15_011.png', 'display_58837198e067db4cde008fce66fdc56a_003.png', 'display_58837198e067db4cde008fce66fdc56a_006.png']",0.017421486279447507
display,display_train_c0,display_c0_train_b2ec76ac8a5c7afa40ff33d80c1d7d1e_0,0,"['display_1063cfe209bdaeb340ff33d80c1d7d1e_004.png', 'display_b2ec76ac8a5c7afa40ff33d80c1d7d1e_014.png', 'display_b2ec76ac8a5c7afa40ff33d80c1d7d1e_009.png']",0.0866333110093982
display,display_train_c0,display_c0_train_b2ec76ac8a5c7afa40ff33d80c1d7d1e_1,2,"['display_b2ec76ac8a5c7afa40ff33d80c1d7d1e_001.png', 'display_b2ec76ac8a5c7afa40ff33d80c1d7d1e_004.png', 'display_25913689394d86bd158b0b2e23af3d37_003.png']",0.10267069487493252
display,display_train_c0,display_c0_train_b2ec76ac8a5c7afa40ff33d80c1d7d1e_2,1,"['display_b2ec76ac8a5c7afa40ff33d80c1d7d1e_004.png', 'display_25913689394d86bd158b0b2e23af3d37_009.png', 'display_b2ec76ac8a5c7afa40ff33d80c1d7d1e_002.png']",0.10267069487493252
display,display_train_c0,display_c0_train_7a5a80c7a2d89bc6728fa2df514c65d4_0,0,"['display_58837198e067db4cde008fce66fdc56a_014.png', 'display_7a5a80c7a2d89bc6728fa2df514c65d4_009.png', 'display_7a5a80c7a2d89bc6728fa2df514c65d4_010.png']",0.1969919150129692
display,display_train_c0,display_c0_train_7a5a80c7a2d89bc6728fa2df514c65d4_1,1,"['display_7a5a80c7a2d89bc6728fa2df514c65d4_007.png', 'display_2ba6e0c4ea459f84f5f79806bd65844f_008.png', 'display_7a5a80c7a2d89bc6728fa2df514c65d4_014.png']",0.18099145372582726
display,display_train_c0,display_c0_train_7a5a80c7a2d89bc6728fa2df514c65d4_2,1,"['display_7a5a80c7a2d89bc6728fa2df514c65d4_005.png', 'display_93b702bd7ae98bd16942161d780bcaa0_010.png', 'display_7a5a80c7a2d89bc6728fa2df514c65d4_012.png']",0.16224360606532684
display,display_train_c0,display_c0_train_a6a5497848d40c4a46738cc3b1934e6b_0,2,"['display_a6a5497848d40c4a46738cc3b1934e6b_000.png', 'display_a6a5497848d40c4a46738cc3b1934e6b_002.png', 'display_75ba7901816b273fe24979df4ff99c50_011.png']",0.17693038360903302
display,display_train_c0,display_c0_train_a6a5497848d40c4a46738cc3b1934e6b_1,2,"['display_a6a5497848d40c4a46738cc3b1934e6b_010.png', 'display_a6a5497848d40c4a46738cc3b1934e6b_011.png', 'display_e42fdc1419328bd7efdd13124d5ebc47_005.png']",0.19609681452608907
display,display_train_c0,display_c0_train_a6a5497848d40c4a46738cc3b1934e6b_2,2,"['display_a6a5497848d40c4a46738cc3b1934e6b_014.png', 'display_a6a5497848d40c4a46738cc3b1934e6b_008.png', 'display_e42fdc1419328bd7efdd13124d5ebc47_013.png']",0.19609681452608907
display,display_train_c0,display_c0_train_b86af5698f9a04a4d0d1157c0bfa4669_0,1,"['display_b86af5698f9a04a4d0d1157c0bfa4669_013.png', 'display_e42fdc1419328bd7efdd13124d5ebc47_012.png', 'display_b86af5698f9a04a4d0d1157c0bfa4669_012.png']",0.21495292965695312
display,display_train_c0,display_c0_train_b86af5698f9a04a4d0d1157c0bfa4669_1,1,"['display_b86af5698f9a04a4d0d1157c0bfa4669_000.png', 'display_5a9951b9945e67566d260179aed5cd80_003.png', 'display_b86af5698f9a04a4d0d1157c0bfa4669_004.png']",0.20964099649714962
display,display_train_c0,display_c0_train_b86af5698f9a04a4d0d1157c0bfa4669_2,1,"['display_b86af5698f9a04a4d0d1157c0bfa4669_014.png', 'display_5a9951b9945e67566d260179aed5cd80_010.png', 'display_b86af5698f9a04a4d0d1157c0bfa4669_011.png']",0.20964099649714962
display,display_train_c0,display_c0_train_1063cfe209bdaeb340ff33d80c1d7d1e_0,0,"['display_eab36391bd7fb745585e5281d7025178_009.png', 'display_1063cfe209bdaeb340ff33d80c1d7d1e_007.png', 'display_1063cfe209bdaeb340ff33d80c1d7d1e_000.png']",0.05039586342066005
display,display_train_c0,display_c0_train_1063cfe209bdaeb340ff33d80c1d7d1e_1,2,"['display_1063cfe209bdaeb340ff33d80c1d7d1e_002.png', 'display_1063cfe209bdaeb340ff33d80c1d7d1e_005.png', 'display_58837198e067db4cde008fce66fdc56a_007.png']",0.029970913390790166
display,display_train_c0,display_c0_train_1063cfe209bdaeb340ff33d80c1d7d1e_2,1,"['display_1063cfe209bdaeb340ff33d80c1d7d1e_010.png', 'display_eab36391bd7fb745585e5281d7025178_008.png', 'display_1063cfe209bdaeb340ff33d80c1d7d1e_008.png']",0.05039586342066005
display,display_train_c0,display_c0_train_e42fdc1419328bd7efdd13124d5ebc47_0,1,"['display_e42fdc1419328bd7efdd13124d5ebc47_012.png', 'display_3ee0923254671a1ef2bc9da1ba799c60_001.png', 'display_e42fdc1419328bd7efdd13124d5ebc47_005.png']",0.14634192254238965
display,display_train_c0,display_c0_train_e42fdc1419328bd7efdd13124d5ebc47_1,0,"['display_f2f41913123a7a7e4b87db09ac4cfa73_013.png', 'display_e42fdc1419328bd7efdd13124d5ebc47_010.png', 'display_e42fdc1419328bd7efdd13124d5ebc47_002.png']",0.175938021306697
display,display_train_c0,display_c0_train_e42fdc1419328bd7efdd13124d5ebc47_2,0,"['display_4f46683ad627700edb09a997c699dabd_008.png', 'display_e42fdc1419328bd7efdd13124d5ebc47_005.png', 'display_e42fdc1419328bd7efdd13124d5ebc47_012.png']",0.10555505326537362
display,display_train_c0,display_c0_train_4f46683ad627700edb09a997c699dabd_0,1,"['display_4f46683ad627700edb09a997c699dabd_004.png', 'display_e42fdc1419328bd7efdd13124d5ebc47_004.png', 'display_4f46683ad627700edb09a997c699dabd_002.png']",0.10555505326537362
display,display_train_c0,display_c0_train_4f46683ad627700edb09a997c699dabd_1,2,"['display_4f46683ad627700edb09a997c699dabd_008.png', 'display_4f46683ad627700edb09a997c699dabd_005.png', 'display_fc314f1e3325a47af287ec53a469521_014.png']",0.1088128658170352
display,display_train_c0,display_c0_train_4f46683ad627700edb09a997c699dabd_2,2,"['display_4f46683ad627700edb09a997c699dabd_002.png', 'display_4f46683ad627700edb09a997c699dabd_007.png', 'display_3ee0923254671a1ef2bc9da1ba799c60_010.png']",0.08602382770663786
display,display_train_c0,display_c0_train_75ba7901816b273fe24979df4ff99c50_0,0,"['display_fc314f1e3325a47af287ec53a469521_013.png', 'display_75ba7901816b273fe24979df4ff99c50_008.png', 'display_75ba7901816b273fe24979df4ff99c50_006.png']",0.1539836376327941
display,display_train_c0,display_c0_train_75ba7901816b273fe24979df4ff99c50_1,1,"['display_75ba7901816b273fe24979df4ff99c50_006.png', 'display_4f46683ad627700edb09a997c699dabd_012.png', 'display_75ba7901816b273fe24979df4ff99c50_009.png']",0.07800910871039568
display,display_train_c0,display_c0_train_75ba7901816b273fe24979df4ff99c50_2,0,"['display_3ee0923254671a1ef2bc9da1ba799c60_001.png', 'display_75ba7901816b273fe24979df4ff99c50_007.png', 'display_75ba7901816b273fe24979df4ff99c50_003.png']",0.08342979706238862
display,display_train_c0,display_c0_train_2ba6e0c4ea459f84f5f79806bd65844f_0,2,"['display_2ba6e0c4ea459f84f5f79806bd65844f_003.png', 'display_2ba6e0c4ea459f84f5f79806bd65844f_008.png', 'display_8f9c63f788d0044dedea6f8de4918c9e_003.png']",0.06267327710437309
display,display_train_c0,display_c0_train_2ba6e0c4ea459f84f5f79806bd65844f_1,1,"['display_2ba6e0c4ea459f84f5f79806bd65844f_014.png', 'display_ffc224f284b63b17b0f6d70666df2668_013.png', 'display_2ba6e0c4ea459f84f5f79806bd65844f_004.png']",0.1307044100615421
display,display_train_c0,display_c0_train_2ba6e0c4ea459f84f5f79806bd65844f_2,0,"['display_3ee0923254671a1ef2bc9da1ba799c60_005.png', 'display_2ba6e0c4ea459f84f5f79806bd65844f_000.png', 'display_2ba6e0c4ea459f84f5f79806bd65844f_006.png']",0.07491716011752758
display,display_train_c0,display_c0_train_fc314f1e3325a47af287ec53a469521_0,2,"['display_fc314f1e3325a47af287ec53a469521_006.png', 'display_fc314f1e3325a47af287ec53a469521_012.png', 'display_8f9c63f788d0044dedea6f8de4918c9e_009.png']",0.10263505612377499
display,display_train_c0,display_c0_train_fc314f1e3325a47af287ec53a469521_1,0,"['display_f2f41913123a7a7e4b87db09ac4cfa73_008.png', 'display_fc314f1e3325a47af287ec53a469521_002.png', 'display_fc314f1e3325a47af287ec53a469521_006.png']",0.08401569364432993
display,display_train_c0,display_c0_train_fc314f1e3325a47af287ec53a469521_2,0,"['display_f2f41913123a7a7e4b87db09ac4cfa73_004.png', 'display_fc314f1e3325a47af287ec53a469521_004.png', 'display_fc314f1e3325a47af287ec53a469521_005.png']",0.08401569364432993
display,display_train_c0,display_c0_train_25913689394d86bd158b0b2e23af3d37_0,2,"['display_25913689394d86bd158b0b2e23af3d37_009.png', 'display_25913689394d86bd158b0b2e23af3d37_002.png', 'display_58837198e067db4cde008fce66fdc56a_001.png']",0.06571371972169548
display,display_train_c0,display_c0_train_25913689394d86bd158b0b2e23af3d37_1,2,"['display_25913689394d86bd158b0b2e23af3d37_010.png', 'display_25913689394d86bd158b0b2e23af3d37_000.png', 'display_fd19c9fe3d5e58549c4081063e213a15_003.png']",0.057816589214762515
display,display_train_c0,display_c0_train_25913689394d86bd158b0b2e23af3d37_2,2,"['display_25913689394d86bd158b0b2e23af3d37_014.png', 'display_25913689394d86bd158b0b2e23af3d37_008.png', 'display_fd19c9fe3d5e58549c4081063e213a15_012.png']",0.057816589214762515
display,display_train_c0,display_c0_train_fd19c9fe3d5e58549c4081063e213a15_0,1,"['display_fd19c9fe3d5e58549c4081063e213a15_009.png', 'display_58837198e067db4cde008fce66fdc56a_001.png', 'display_fd19c9fe3d5e58549c4081063e213a15_006.png']",0.038012821092093585
display,display_train_c0,display_c0_train_fd19c9fe3d5e58549c4081063e213a15_1,2,"['display_fd19c9fe3d5e58549c4081063e213a15_009.png', 'display_fd19c9fe3d5e58549c4081063e213a15_006.png', 'display_1063cfe209bdaeb340ff33d80c1d7d1e_011.png']",0.04216405379502164
display,display_train_c0,display_c0_train_fd19c9fe3d5e58549c4081063e213a15_2,2,"['display_fd19c9fe3d5e58549c4081063e213a15_003.png', 'display_fd19c9fe3d5e58549c4081063e213a15_013.png', 'display_3e1d0fb46bc7f84f9c4081063e213a15_003.png']",0.040193910829299684
display,display_train_c0,display_c0_train_f2f41913123a7a7e4b87db09ac4cfa73_0,2,"['display_f2f41913123a7a7e4b87db09ac4cfa73_007.png', 'display_f2f41913123a7a7e4b87db09ac4cfa73_001.png', 'display_bba0cad6dbbef2589fb287620a60b403_003.png']",0.11642498524498035
display,display_train_c0,display_c0_train_f2f41913123a7a7e4b87db09ac4cfa73_1,2,"['display_f2f41913123a7a7e4b87db09ac4cfa73_000.png', 'display_f2f41913123a7a7e4b87db09ac4cfa73_011.png', 'display_bba0cad6dbbef2589fb287620a60b403_012.png']",0.11642498524498035
display,display_train_c0,display_c0_train_f2f41913123a7a7e4b87db09ac4cfa73_2,0,"['display_fc314f1e3325a47af287ec53a469521_001.png', 'display_f2f41913123a7a7e4b87db09ac4cfa73_014.png', 'display_f2f41913123a7a7e4b87db09ac4cfa73_005.png']",0.08401569364432993
display,display_train_c0,display_c0_train_3ee0923254671a1ef2bc9da1ba799c60_0,0,"['display_2ba6e0c4ea459f84f5f79806bd65844f_008.png', 'display_3ee0923254671a1ef2bc9da1ba799c60_001.png', 'display_3ee0923254671a1ef2bc9da1ba799c60_004.png']",0.07491716011752758
display,display_train_c0,display_c0_train_3ee0923254671a1ef2bc9da1ba799c60_1,2,"['display_3ee0923254671a1ef2bc9da1ba799c60_004.png', 'display_3ee0923254671a1ef2bc9da1ba799c60_005.png', 'display_f2f41913123a7a7e4b87db09ac4cfa73_007.png']",0.022511938464932935
display,display_train_c0,display_c0_train_3ee0923254671a1ef2bc9da1ba799c60_2,2,"['display_3ee0923254671a1ef2bc9da1ba799c60_005.png', 'display_3ee0923254671a1ef2bc9da1ba799c60_009.png', 'display_2ba6e0c4ea459f84f5f79806bd65844f_001.png']",0.07491716011752758
display,display_train_c0,display_c0_train_bba0cad6dbbef2589fb287620a60b403_0,0,"['display_8f9c63f788d0044dedea6f8de4918c9e_008.png', 'display_bba0cad6dbbef2589fb287620a60b403_013.png', 'display_bba0cad6dbbef2589fb287620a60b403_014.png']",0.07505120604972448
display,display_train_c0,display_c0_train_bba0cad6dbbef2589fb287620a60b403_1,2,"['display_bba0cad6dbbef2589fb287620a60b403_001.png', 'display_bba0cad6dbbef2589fb287620a60b403_002.png', 'display_3ee0923254671a1ef2bc9da1ba799c60_008.png']",0.0901430551017749
display,display_train_c0,display_c0_train_bba0cad6dbbef2589fb287620a60b403_2,2,"['display_bba0cad6dbbef2589fb287620a60b403_001.png', 'display_bba0cad6dbbef2589fb287620a60b403_011.png', 'display_bb6392ddfeb98b19822cf0bd2945d4dd_006.png']",0.10969551229356966
display,display_train_c0,display_c0_train_e767c4f34fdce88a9c4081063e213a15_0,0,"['display_fd19c9fe3d5e58549c4081063e213a15_003.png', 'display_e767c4f34fdce88a9c4081063e213a15_014.png', 'display_e767c4f34fdce88a9c4081063e213a15_008.png']",0.058687070054239454
display,display_train_c0,display_c0_train_e767c4f34fdce88a9c4081063e213a15_1,2,"['display_e767c4f34fdce88a9c4081063e213a15_000.png', 'display_e767c4f34fdce88a9c4081063e213a15_014.png', 'display_1063cfe209bdaeb340ff33d80c1d7d1e_012.png']",0.05886090976725189
display,display_train_c0,display_c0_train_e767c4f34fdce88a9c4081063e213a15_2,2,"['display_e767c4f34fdce88a9c4081063e213a15_014.png', 'display_e767c4f34fdce88a9c4081063e213a15_007.png', 'display_58837198e067db4cde008fce66fdc56a_007.png']",0.07345426545332145
display,display_train_c0,display_c0_train_5a9951b9945e67566d260179aed5cd80_0,1,"['display_5a9951b9945e67566d260179aed5cd80_000.png', 'display_b2ec76ac8a5c7afa40ff33d80c1d7d1e_005.png', 'display_5a9951b9945e67566d260179aed5cd80_014.png']",0.059092977545567416
display,display_train_c0,display_c0_train_5a9951b9945e67566d260179aed5cd80_1,1,"['display_5a9951b9945e67566d260179aed5cd80_008.png', 'display_25913689394d86bd158b0b2e23af3d37_001.png', 'display_5a9951b9945e67566d260179aed5cd80_007.png']",0.06619589654385816
display,display_train_c0,display_c0_train_5a9951b9945e67566d260179aed5cd80_2,1,"['display_5a9951b9945e67566d260179aed5cd80_003.png', 'display_25913689394d86bd158b0b2e23af3d37_005.png', 'display_5a9951b9945e67566d260179aed5cd80_007.png']",0.06619589654385816
display,display_train_c0,display_c0_train_bb6392ddfeb98b19822cf0bd2945d4dd_0,1,"['display_bb6392ddfeb98b19822cf0bd2945d4dd_013.png', 'display_2ba6e0c4ea459f84f5f79806bd65844f_009.png', 'display_bb6392ddfeb98b19822cf0bd2945d4dd_002.png']",0.15438685609291136
display,display_train_c0,display_c0_train_bb6392ddfeb98b19822cf0bd2945d4dd_1,1,"['display_bb6392ddfeb98b19822cf0bd2945d4dd_005.png', 'display_ffc224f284b63b17b0f6d70666df2668_010.png', 'display_bb6392ddfeb98b19822cf0bd2945d4dd_014.png']",0.14399879282097927
display,display_train_c0,display_c0_train_bb6392ddfeb98b19822cf0bd2945d4dd_2,0,"['display_2ba6e0c4ea459f84f5f79806bd65844f_003.png', 'display_bb6392ddfeb98b19822cf0bd2945d4dd_011.png', 'display_bb6392ddfeb98b19822cf0bd2945d4dd_004.png']",0.15438685609291136
display,display_train_c0,display_c0_train_8f9c63f788d0044dedea6f8de4918c9e_0,1,"['display_8f9c63f788d0044dedea6f8de4918c9e_005.png', 'display_58837198e067db4cde008fce66fdc56a_009.png', 'display_8f9c63f788d0044dedea6f8de4918c9e_009.png']",0.07851206503097541
display,display_train_c0,display_c0_train_8f9c63f788d0044dedea6f8de4918c9e_1,0,"['display_93b702bd7ae98bd16942161d780bcaa0_000.png', 'display_8f9c63f788d0044dedea6f8de4918c9e_007.png', 'display_8f9c63f788d0044dedea6f8de4918c9e_000.png']",0.08213590743686883
display,display_train_c0,display_c0_train_8f9c63f788d0044dedea6f8de4918c9e_2,2,"['display_8f9c63f788d0044dedea6f8de4918c9e_012.png', 'display_8f9c63f788d0044dedea6f8de4918c9e_007.png', 'display_eab36391bd7fb745585e5281d7025178_010.png']",0.05706619004140345
display,display_train_c0,display_c0_train_6f7689fbca875b034302674f512c0e5e_0,0,"['display_bb6392ddfeb98b19822cf0bd2945d4dd_012.png', 'display_6f7689fbca875b034302674f512c0e5e_007.png', 'display_6f7689fbca875b034302674f512c0e5e_014.png']",0.12466538660984205
display,display_train_c0,display_c0_train_6f7689fbca875b034302674f512c0e5e_1,1,"['display_6f7689fbca875b034302674f512c0e5e_003.png', 'display_bba0cad6dbbef2589fb287620a60b403_003.png', 'display_6f7689fbca875b034302674f512c0e5e_009.png']",0.19860060994456863
display,display_train_c0,display_c0_train_6f7689fbca875b034302674f512c0e5e_2,1,"['display_6f7689fbca875b034302674f512c0e5e_004.png', 'display_ffc224f284b63b17b0f6d70666df2668_006.png', 'display_6f7689fbca875b034302674f512c0e5e_007.png']",0.1505274733029739
display,display_train_c0,display_c0_train_ffc224f284b63b17b0f6d70666df2668_0,0,"['display_93b702bd7ae98bd16942161d780bcaa0_003.png', 'display_ffc224f284b63b17b0f6d70666df2668_012.png', 'display_ffc224f284b63b17b0f6d70666df2668_011.png']",0.14763067757023451
display,display_train_c0,display_c0_train_ffc224f284b63b17b0f6d70666df2668_1,0,"['display_2ba6e0c4ea459f84f5f79806bd65844f_004.png', 'display_ffc224f284b63b17b0f6d70666df2668_011.png', 'display_ffc224f284b63b17b0f6d70666df2668_007.png']",0.1307044100615421
display,display_train_c0,display_c0_train_ffc224f284b63b17b0f6d70666df2668_2,2,"['display_ffc224f284b63b17b0f6d70666df2668_009.png', 'display_ffc224f284b63b17b0f6d70666df2668_003.png', 'display_2ba6e0c4ea459f84f5f79806bd65844f_003.png']",0.1307044100615421
display,display_train_c0,display_c0_train_3e1d0fb46bc7f84f9c4081063e213a15_0,1,"['display_3e1d0fb46bc7f84f9c4081063e213a15_000.png', 'display_eab36391bd7fb745585e5281d7025178_006.png', 'display_3e1d0fb46bc7f84f9c4081063e213a15_013.png']",0.053668331110766854
display,display_train_c0,display_c0_train_3e1d0fb46bc7f84f9c4081063e213a15_1,2,"['display_3e1d0fb46bc7f84f9c4081063e213a15_008.png', 'display_3e1d0fb46bc7f84f9c4081063e213a15_003.png', 'display_25913689394d86bd158b0b2e23af3d37_009.png']",0.057720444919429625
display,display_train_c0,display_c0_train_3e1d0fb46bc7f84f9c4081063e213a15_2,2,"['display_3e1d0fb46bc7f84f9c4081063e213a15_009.png', 'display_3e1d0fb46bc7f84f9c4081063e213a15_011.png', 'display_58837198e067db4cde008fce66fdc56a_004.png']",0.017421486279447507
display,display_train_c1,display_c1_train_ab69e803c34c6b8536871b478a4420ba_0,2,"['display_ab69e803c34c6b8536871b478a4420ba_002.png', 'display_ab69e803c34c6b8536871b478a4420ba_010.png', 'display_a33702c33c345df57dee7bb3061fcbd3_011.png']",0.295210424103894
display,display_train_c1,display_c1_train_ab69e803c34c6b8536871b478a4420ba_1,0,"['display_6bc1a795d199d952f97ef3b999ddb957_009.png', 'display_ab69e803c34c6b8536871b478a4420ba_002.png', 'display_ab69e803c34c6b8536871b478a4420ba_003.png']",0.3642519652045897
display,display_train_c1,display_c1_train_ab69e803c34c6b8536871b478a4420ba_2,1,"['display_ab69e803c34c6b8536871b478a4420ba_010.png', 'display_a33702c33c345df57dee7bb3061fcbd3_004.png', 'display_ab69e803c34c6b8536871b478a4420ba_011.png']",0.295210424103894
display,display_train_c1,display_c1_train_5a4add4da7414d11f2a521bdff0d8feb_0,0,"['display_b7315a68691210ebb25884c97d065d99_008.png', 'display_5a4add4da7414d11f2a521bdff0d8feb_009.png', 'display_5a4add4da7414d11f2a521bdff0d8feb_000.png']",0.32501908657913103
display,display_train_c1,display_c1_train_5a4add4da7414d11f2a521bdff0d8feb_1,2,"['display_5a4add4da7414d11f2a521bdff0d8feb_011.png', 'display_5a4add4da7414d11f2a521bdff0d8feb_003.png', 'display_14add565ff90153855f9913e822d5318_009.png']",0.11453885700322808
display,display_train_c1,display_c1_train_5a4add4da7414d11f2a521bdff0d8feb_2,0,"['display_d24f05f573621080af70f0a098b23d33_009.png', 'display_5a4add4da7414d11f2a521bdff0d8feb_010.png', 'display_5a4add4da7414d11f2a521bdff0d8feb_005.png']",0.22673564313964323
display,display_train_c1,display_c1_train_cadc40a7bb182a40cc229b563d900f4b_0,1,"['display_cadc40a7bb182a40cc229b563d900f4b_014.png', 'display_aa73f1b28817376c6cf19e722198d69_007.png', 'display_cadc40a7bb182a40cc229b563d900f4b_007.png']",0.22419707878878292
display,display_train_c1,display_c1_train_cadc40a7bb182a40cc229b563d900f4b_1,1,"['display_cadc40a7bb182a40cc229b563d900f4b_008.png', 'display_b7315a68691210ebb25884c97d065d99_011.png', 'display_cadc40a7bb182a40cc229b563d900f4b_004.png']",0.21987513165875427
display,display_train_c1,display_c1_train_cadc40a7bb182a40cc229b563d900f4b_2,0,"['display_b7315a68691210ebb25884c97d065d99_013.png', 'display_cadc40a7bb182a40cc229b563d900f4b_011.png', 'display_cadc40a7bb182a40cc229b563d900f4b_005.png']",0.21987513165875427
display,display_train_c1,display_c1_train_3057eaec13a196fd5b244f7c2ed32e73_0,1,"['display_3057eaec13a196fd5b244f7c2ed32e73_000.png', 'display_7ad85d1478f03d4f4532b058befb6326_012.png', 'display_3057eaec13a196fd5b244f7c2ed32e73_003.png']",0.4069834547878296
display,display_train_c1,display_c1_train_3057eaec13a196fd5b244f7c2ed32e73_1,0,"['display_7ad85d1478f03d4f4532b058befb6326_004.png', 'display_3057eaec13a196fd5b244f7c2ed32e73_013.png', 'display_3057eaec13a196fd5b244f7c2ed32e73_007.png']",0.4069834547878296
display,display_train_c1,display_c1_train_3057eaec13a196fd5b244f7c2ed32e73_2,1,"['display_3057eaec13a196fd5b244f7c2ed32e73_001.png', 'display_6e26dd3afa4eb0a889cc5332e945f058_006.png', 'display_3057eaec13a196fd5b244f7c2ed32e73_005.png']",0.2686312239841353
display,display_train_c1,display_c1_train_65582f49b9191ea805062aaa3bb7665_0,1,"['display_65582f49b9191ea805062aaa3bb7665_001.png', 'display_aa73f1b28817376c6cf19e722198d69_014.png', 'display_65582f49b9191ea805062aaa3bb7665_009.png']",0.2864982157811413
display,display_train_c1,display_c1_train_65582f49b9191ea805062aaa3bb7665_1,1,"['display_65582f49b9191ea805062aaa3bb7665_004.png', 'display_aa73f1b28817376c6cf19e722198d69_013.png', 'display_65582f49b9191ea805062aaa3bb7665_013.png']",0.2864982157811413
display,display_train_c1,display_c1_train_65582f49b9191ea805062aaa3bb7665_2,0,"['display_b7315a68691210ebb25884c97d065d99_011.png', 'display_65582f49b9191ea805062aaa3bb7665_006.png', 'display_65582f49b9191ea805062aaa3bb7665_007.png']",0.3021401378101011
display,display_train_c1,display_c1_train_adaceffcf1d89f9552b499dc8d840804_0,2,"['display_adaceffcf1d89f9552b499dc8d840804_009.png', 'display_adaceffcf1d89f9552b499dc8d840804_011.png', 'display_ab68830951b9a5a02ba94c8f6eceab22_006.png']",0.5140419387968429
display,display_train_c1,display_c1_train_adaceffcf1d89f9552b499dc8d840804_1,0,"['display_6e26dd3afa4eb0a889cc5332e945f058_006.png', 'display_adaceffcf1d89f9552b499dc8d840804_013.png', 'display_adaceffcf1d89f9552b499dc8d840804_002.png']",0.33505776433727863
display,display_train_c1,display_c1_train_adaceffcf1d89f9552b499dc8d840804_2,0,"['display_33083674276c5cf5b07a27512172330_002.png', 'display_adaceffcf1d89f9552b499dc8d840804_008.png', 'display_adaceffcf1d89f9552b499dc8d840804_009.png']",0.45048110031594435
display,display_train_c1,display_c1_train_a7dfbb06cf1803b0b6d41c42f7ade8c8_0,1,"['display_a7dfbb06cf1803b0b6d41c42f7ade8c8_010.png', 'display_ab68830951b9a5a02ba94c8f6eceab22_006.png', 'display_a7dfbb06cf1803b0b6d41c42f7ade8c8_011.png']",0.655286880163547
display,display_train_c1,display_c1_train_a7dfbb06cf1803b0b6d41c42f7ade8c8_1,0,"['display_ab69e803c34c6b8536871b478a4420ba_009.png', 'display_a7dfbb06cf1803b0b6d41c42f7ade8c8_012.png', 'display_a7dfbb06cf1803b0b6d41c42f7ade8c8_001.png']",0.6810249036534437
display,display_train_c1,display_c1_train_a7dfbb06cf1803b0b6d41c42f7ade8c8_2,2,"['display_a7dfbb06cf1803b0b6d41c42f7ade8c8_004.png', 'display_a7dfbb06cf1803b0b6d41c42f7ade8c8_006.png', 'display_8798383e9e4181d3f4c39a35147bf949_011.png']",0.601027680189903
display,display_train_c1,display_c1_train_b7315a68691210ebb25884c97d065d99_0,2,"['display_b7315a68691210ebb25884c97d065d99_000.png', 'display_b7315a68691210ebb25884c97d065d99_012.png', 'display_14add565ff90153855f9913e822d5318_003.png']",0.19106720832505475
display,display_train_c1,display_c1_train_b7315a68691210ebb25884c97d065d99_1,0,"['display_6bc1a795d199d952f97ef3b999ddb957_009.png', 'display_b7315a68691210ebb25884c97d065d99_001.png', 'display_b7315a68691210ebb25884c97d065d99_010.png']",0.20694314943546832
display,display_train_c1,display_c1_train_b7315a68691210ebb25884c97d065d99_2,0,"['display_d24f05f573621080af70f0a098b23d33_000.png', 'display_b7315a68691210ebb25884c97d065d99_003.png', 'display_b7315a68691210ebb25884c97d065d99_002.png']",0.13965945375383526
display,display_train_c1,display_c1_train_195ab29b4e0bcdd07b20cb946bceb58f_0,0,"['display_15e411905cf8d7d455c2bf8f07989ec0_000.png', 'display_195ab29b4e0bcdd07b20cb946bceb58f_005.png', 'display_195ab29b4e0bcdd07b20cb946bceb58f_008.png']",0.46371450622164667
display,display_train_c1,display_c1_train_195ab29b4e0bcdd07b20cb946bceb58f_1,0,"['display_fdf3953c665c36fdeb47c06d7d8c2d65_011.png', 'display_195ab29b4e0bcdd07b20cb946bceb58f_010.png', 'display_195ab29b4e0bcdd07b20cb946bceb58f_005.png']",0.4513881688079584
display,display_train_c1,display_c1_train_195ab29b4e0bcdd07b20cb946bceb58f_2,0,"['display_b7315a68691210ebb25884c97d065d99_000.png', 'display_195ab29b4e0bcdd07b20cb946bceb58f_005.png', 'display_195ab29b4e0bcdd07b20cb946bceb58f_012.png']",0.3825134304298723
display,display_train_c1,display_c1_train_d83dcf0d435bbb87b6d41c42f7ade8c8_0,1,"['display_d83dcf0d435bbb87b6d41c42f7ade8c8_002.png', 'display_aa73f1b28817376c6cf19e722198d69_007.png', 'display_d83dcf0d435bbb87b6d41c42f7ade8c8_010.png']",0.6090448373248294
display,display_train_c1,display_c1_train_d83dcf0d435bbb87b6d41c42f7ade8c8_1,0,"['display_ab68830951b9a5a02ba94c8f6eceab22_001.png', 'display_d83dcf0d435bbb87b6d41c42f7ade8c8_005.png', 'display_d83dcf0d435bbb87b6d41c42f7ade8c8_007.png']",0.65527407704792
display,display_train_c1,display_c1_train_d83dcf0d435bbb87b6d41c42f7ade8c8_2,0,"['display_aa73f1b28817376c6cf19e722198d69_005.png', 'display_d83dcf0d435bbb87b6d41c42f7ade8c8_004.png', 'display_d83dcf0d435bbb87b6d41c42f7ade8c8_006.png']",0.6090448373248294
display,display_train_c1,display_c1_train_ab68830951b9a5a02ba94c8f6eceab22_0,1,"['display_ab68830951b9a5a02ba94c8f6eceab22_010.png', 'display_8798383e9e4181d3f4c39a35147bf949_013.png', 'display_ab68830951b9a5a02ba94c8f6eceab22_000.png']",0.20536769477160588
display,display_train_c1,display_c1_train_ab68830951b9a5a02ba94c8f6eceab22_1,1,"['display_ab68830951b9a5a02ba94c8f6eceab22_005.png', 'display_8798383e9e4181d3f4c39a35147bf949_001.png', 'display_ab68830951b9a5a02ba94c8f6eceab22_014.png']",0.20536769477160588
display,display_train_c1,display_c1_train_ab68830951b9a5a02ba94c8f6eceab22_2,2,"['display_ab68830951b9a5a02ba94c8f6eceab22_002.png', 'display_ab68830951b9a5a02ba94c8f6eceab22_001.png', 'display_70c43793136021289261ff87472ba275_011.png']",0.2035195345421511
display,display_train_c1,display_c1_train_6e26dd3afa4eb0a889cc5332e945f058_0,1,"['display_6e26dd3afa4eb0a889cc5332e945f058_004.png', 'display_adaceffcf1d89f9552b499dc8d840804_001.png', 'display_6e26dd3afa4eb0a889cc5332e945f058_011.png']",0.33505776433727863
display,display_train_c1,display_c1_train_6e26dd3afa4eb0a889cc5332e945f058_1,2,"['display_6e26dd3afa4eb0a889cc5332e945f058_001.png', 'display_6e26dd3afa4eb0a889cc5332e945f058_009.png', 'display_3057eaec13a196fd5b244f7c2ed32e73_002.png']",0.2686312239841353
display,display_train_c1,display_c1_train_6e26dd3afa4eb0a889cc5332e945f058_2,1,"['display_6e26dd3afa4eb0a889cc5332e945f058_009.png', 'display_7ad85d1478f03d4f4532b058befb6326_014.png', 'display_6e26dd3afa4eb0a889cc5332e945f058_011.png']",0.5562072492147065
display,display_train_c1,display_c1_train_8798383e9e4181d3f4c39a35147bf949_0,2,"['display_8798383e9e4181d3f4c39a35147bf949_014.png', 'display_8798383e9e4181d3f4c39a35147bf949_007.png', 'display_a33702c33c345df57dee7bb3061fcbd3_010.png']",0.25221034077899795
display,display_train_c1,display_c1_train_8798383e9e4181d3f4c39a35147bf949_1,0,"['display_6bc1a795d199d952f97ef3b999ddb957_007.png', 'display_8798383e9e4181d3f4c39a35147bf949_004.png', 'display_8798383e9e4181d3f4c39a35147bf949_012.png']",0.36416774521415496
display,display_train_c1,display_c1_train_8798383e9e4181d3f4c39a35147bf949_2,2,"['display_8798383e9e4181d3f4c39a35147bf949_007.png', 'display_8798383e9e4181d3f4c39a35147bf949_000.png', 'display_6bc1a795d199d952f97ef3b999ddb957_010.png']",0.36416774521415496
display,display_train_c1,display_c1_train_46cb55835a88ca85eba70eb27950150e_0,2,"['display_46cb55835a88ca85eba70eb27950150e_003.png', 'display_46cb55835a88ca85eba70eb27950150e_007.png', 'display_d24f05f573621080af70f0a098b23d33_013.png']",0.3444996546581828
display,display_train_c1,display_c1_train_46cb55835a88ca85eba70eb27950150e_1,0,"['display_aa73f1b28817376c6cf19e722198d69_001.png', 'display_46cb55835a88ca85eba70eb27950150e_007.png', 'display_46cb55835a88ca85eba70eb27950150e_006.png']",0.363691588657132
display,display_train_c1,display_c1_train_46cb55835a88ca85eba70eb27950150e_2,2,"['display_46cb55835a88ca85eba70eb27950150e_013.png', 'display_46cb55835a88ca85eba70eb27950150e_011.png', 'display_aa73f1b28817376c6cf19e722198d69_008.png']",0.363691588657132
display,display_train_c1,display_c1_train_68944f7b386310c2515fc0d40df6c5c1_0,1,"['display_68944f7b386310c2515fc0d40df6c5c1_001.png', 'display_5a4add4da7414d11f2a521bdff0d8feb_010.png', 'display_68944f7b386310c2515fc0d40df6c5c1_010.png']",0.1366493927305441
display,display_train_c1,display_c1_train_68944f7b386310c2515fc0d40df6c5c1_1,0,"['display_8798383e9e4181d3f4c39a35147bf949_009.png', 'display_68944f7b386310c2515fc0d40df6c5c1_013.png', 'display_68944f7b386310c2515fc0d40df6c5c1_001.png']",0.36259839675283756
display,display_train_c1,display_c1_train_68944f7b386310c2515fc0d40df6c5c1_2,1,"['display_68944f7b386310c2515fc0d40df6c5c1_007.png', 'display_14add565ff90153855f9913e822d5318_010.png', 'display_68944f7b386310c2515fc0d40df6c5c1_000.png']",0.16968893990293654
display,display_train_c1,display_c1_train_70c43793136021289261ff87472ba275_0,1,"['display_70c43793136021289261ff87472ba275_000.png', 'display_a33702c33c345df57dee7bb3061fcbd3_014.png', 'display_70c43793136021289261ff87472ba275_001.png']",0.16654711338098616
display,display_train_c1,display_c1_train_70c43793136021289261ff87472ba275_1,1,"['display_70c43793136021289261ff87472ba275_004.png', 'display_46cb55835a88ca85eba70eb27950150e_009.png', 'display_70c43793136021289261ff87472ba275_010.png']",0.2655202408550662
display,display_train_c1,display_c1_train_70c43793136021289261ff87472ba275_2,0,"['display_46cb55835a88ca85eba70eb27950150e_009.png', 'display_70c43793136021289261ff87472ba275_009.png', 'display_70c43793136021289261ff87472ba275_008.png']",0.2655202408550662
display,display_train_c1,display_c1_train_33083674276c5cf5b07a27512172330_0,0,"['display_7ad85d1478f03d4f4532b058befb6326_010.png', 'display_33083674276c5cf5b07a27512172330_003.png', 'display_33083674276c5cf5b07a27512172330_007.png']",0.6382132019264439
display,display_train_c1,display_c1_train_33083674276c5cf5b07a27512172330_1,0,"['display_3057eaec13a196fd5b244f7c2ed32e73_001.png', 'display_33083674276c5cf5b07a27512172330_005.png', 'display_33083674276c5cf5b07a27512172330_014.png']",0.521341942131579
display,display_train_c1,display_c1_train_33083674276c5cf5b07a27512172330_2,0,"['display_7ad85d1478f03d4f4532b058befb6326_001.png', 'display_33083674276c5cf5b07a27512172330_014.png', 'display_33083674276c5cf5b07a27512172330_005.png']",0.6382132019264439
display,display_train_c1,display_c1_train_aa73f1b28817376c6cf19e722198d69_0,2,"['display_aa73f1b28817376c6cf19e722198d69_014.png', 'display_aa73f1b28817376c6cf19e722198d69_009.png', 'display_6bc1a795d199d952f97ef3b999ddb957_007.png']",0.12433447745596848
display,display_train_c1,display_c1_train_aa73f1b28817376c6cf19e722198d69_1,1,"['display_aa73f1b28817376c6cf19e722198d69_013.png', 'display_cadc40a7bb182a40cc229b563d900f4b_012.png', 'display_aa73f1b28817376c6cf19e722198d69_012.png']",0.22419707878878292
display,display_train_c1,display_c1_train_aa73f1b28817376c6cf19e722198d69_2,2,"['display_aa73f1b28817376c6cf19e722198d69_010.png', 'display_aa73f1b28817376c6cf19e722198d69_014.png', 'display_6bc1a795d199d952f97ef3b999ddb957_004.png']",0.12433447745596848
display,display_train_c1,display_c1_train_6bc1a795d199d952f97ef3b999ddb957_0,2,"['display_6bc1a795d199d952f97ef3b999ddb957_005.png', 'display_6bc1a795d199d952f97ef3b999ddb957_006.png', 'display_b7315a68691210ebb25884c97d065d99_013.png']",0.20694314943546832
display,display_train_c1,display_c1_train_6bc1a795d199d952f97ef3b999ddb957_1,2,"['display_6bc1a795d199d952f97ef3b999ddb957_013.png', 'display_6bc1a795d199d952f97ef3b999ddb957_003.png', 'display_b7315a68691210ebb25884c97d065d99_012.png']",0.20694314943546832
display,display_train_c1,display_c1_train_6bc1a795d199d952f97ef3b999ddb957_2,0,"['display_aa73f1b28817376c6cf19e722198d69_001.png', 'display_6bc1a795d199d952f97ef3b999ddb957_001.png', 'display_6bc1a795d199d952f97ef3b999ddb957_013.png']",0.12433447745596848
display,display_train_c1,display_c1_train_15e411905cf8d7d455c2bf8f07989ec0_0,2,"['display_15e411905cf8d7d455c2bf8f07989ec0_002.png', 'display_15e411905cf8d7d455c2bf8f07989ec0_011.png', 'display_14add565ff90153855f9913e822d5318_006.png']",0.18621939285588962
display,display_train_c1,display_c1_train_15e411905cf8d7d455c2bf8f07989ec0_1,2,"['display_15e411905cf8d7d455c2bf8f07989ec0_014.png', 'display_15e411905cf8d7d455c2bf8f07989ec0_008.png', 'display_cadc40a7bb182a40cc229b563d900f4b_000.png']",0.2577602353161985
display,display_train_c1,display_c1_train_15e411905cf8d7d455c2bf8f07989ec0_2,1,"['display_15e411905cf8d7d455c2bf8f07989ec0_013.png', 'display_cadc40a7bb182a40cc229b563d900f4b_013.png', 'display_15e411905cf8d7d455c2bf8f07989ec0_008.png']",0.2577602353161985
display,display_train_c1,display_c1_train_fdf3953c665c36fdeb47c06d7d8c2d65_0,0,"['display_70c43793136021289261ff87472ba275_002.png', 'display_fdf3953c665c36fdeb47c06d7d8c2d65_007.png', 'display_fdf3953c665c36fdeb47c06d7d8c2d65_008.png']",0.32283032465119366
display,display_train_c1,display_c1_train_fdf3953c665c36fdeb47c06d7d8c2d65_1,1,"['display_fdf3953c665c36fdeb47c06d7d8c2d65_002.png', 'display_d24f05f573621080af70f0a098b23d33_013.png', 'display_fdf3953c665c36fdeb47c06d7d8c2d65_006.png']",0.31172304628213987
display,display_train_c1,display_c1_train_fdf3953c665c36fdeb47c06d7d8c2d65_2,2,"['display_fdf3953c665c36fdeb47c06d7d8c2d65_005.png', 'display_fdf3953c665c36fdeb47c06d7d8c2d65_011.png', 'display_a33702c33c345df57dee7bb3061fcbd3_008.png']",0.2901507619071777
display,display_train_c1,display_c1_train_14add565ff90153855f9913e822d5318_0,2,"['display_14add565ff90153855f9913e822d5318_002.png', 'display_14add565ff90153855f9913e822d5318_009.png', 'display_d24f05f573621080af70f0a098b23d33_002.png']",0.2137242206547455
display,display_train_c1,display_c1_train_14add565ff90153855f9913e822d5318_1,2,"['display_14add565ff90153855f9913e822d5318_005.png', 'display_14add565ff90153855f9913e822d5318_009.png', 'display_15e411905cf8d7d455c2bf8f07989ec0_014.png']",0.18621939285588962
display,display_train_c1,display_c1_train_14add565ff90153855f9913e822d5318_2,2,"['display_14add565ff90153855f9913e822d5318_014.png', 'display_14add565ff90153855f9913e822d5318_005.png', 'display_15e411905cf8d7d455c2bf8f07989ec0_004.png']",0.18621939285588962
display,display_train_c1,display_c1_train_7ad85d1478f03d4f4532b058befb6326_0,0,"['display_3057eaec13a196fd5b244f7c2ed32e73_004.png', 'display_7ad85d1478f03d4f4532b058befb6326_000.png', 'display_7ad85d1478f03d4f4532b058befb6326_002.png']",0.4069834547878296
display,display_train_c1,display_c1_train_7ad85d1478f03d4f4532b058befb6326_1,1,"['display_7ad85d1478f03d4f4532b058befb6326_007.png', 'display_cadc40a7bb182a40cc229b563d900f4b_010.png', 'display_7ad85d1478f03d4f4532b058befb6326_011.png']",0.32962368928948693
display,display_train_c1,display_c1_train_7ad85d1478f03d4f4532b058befb6326_2,2,"['display_7ad85d1478f03d4f4532b058befb6326_002.png', 'display_7ad85d1478f03d4f4532b058befb6326_009.png', 'display_fdf3953c665c36fdeb47c06d7d8c2d65_009.png']",0.2093869703217338
display,display_train_c1,display_c1_train_a33702c33c345df57dee7bb3061fcbd3_0,0,"['display_ab68830951b9a5a02ba94c8f6eceab22_007.png', 'display_a33702c33c345df57dee7bb3061fcbd3_010.png', 'display_a33702c33c345df57dee7bb3061fcbd3_009.png']",0.0429440050880634
display,display_train_c1,display_c1_train_a33702c33c345df57dee7bb3061fcbd3_1,2,"['display_a33702c33c345df57dee7bb3061fcbd3_001.png', 'display_a33702c33c345df57dee7bb3061fcbd3_000.png', 'display_70c43793136021289261ff87472ba275_007.png']",0.16654711338098616
display,display_train_c1,display_c1_train_a33702c33c345df57dee7bb3061fcbd3_2,0,"['display_ab68830951b9a5a02ba94c8f6eceab22_004.png', 'display_a33702c33c345df57dee7bb3061fcbd3_011.png', 'display_a33702c33c345df57dee7bb3061fcbd3_010.png']",0.0429440050880634
display,display_train_c1,display_c1_train_d24f05f573621080af70f0a098b23d33_0,2,"['display_d24f05f573621080af70f0a098b23d33_000.png', 'display_d24f05f573621080af70f0a098b23d33_012.png', 'display_b7315a68691210ebb25884c97d065d99_000.png']",0.13965945375383526
display,display_train_c1,display_c1_train_d24f05f573621080af70f0a098b23d33_1,0,"['display_14add565ff90153855f9913e822d5318_009.png', 'display_d24f05f573621080af70f0a098b23d33_009.png', 'display_d24f05f573621080af70f0a098b23d33_013.png']",0.2137242206547455
display,display_train_c1,display_c1_train_d24f05f573621080af70f0a098b23d33_2,0,"['display_a33702c33c345df57dee7bb3061fcbd3_008.png', 'display_d24f05f573621080af70f0a098b23d33_001.png', 'display_d24f05f573621080af70f0a098b23d33_010.png']",0.2156130084048944
display,display_train_c2,display_c2_train_49ad86b608403b8ce760531185a75b14_0,2,"['display_49ad86b608403b8ce760531185a75b14_005.png', 'display_49ad86b608403b8ce760531185a75b14_012.png', 'display_64abc0ca2670818e441f5bb6f88ca61_006.png']",0.33906465235774474
display,display_train_c2,display_c2_train_49ad86b608403b8ce760531185a75b14_1,0,"['display_246f0b722dff7f16fb7ec8bd3f8b241d_014.png', 'display_49ad86b608403b8ce760531185a75b14_000.png', 'display_49ad86b608403b8ce760531185a75b14_005.png']",0.3375342531383818
display,display_train_c2,display_c2_train_49ad86b608403b8ce760531185a75b14_2,0,"['display_246f0b722dff7f16fb7ec8bd3f8b241d_006.png', 'display_49ad86b608403b8ce760531185a75b14_002.png', 'display_49ad86b608403b8ce760531185a75b14_013.png']",0.3375342531383818
display,display_train_c2,display_c2_train_e3d94861020f97eb37fe7bdc65e35547_0,1,"['display_e3d94861020f97eb37fe7bdc65e35547_000.png', 'display_d911b390503a11f96436916a86a90ed7_006.png', 'display_e3d94861020f97eb37fe7bdc65e35547_010.png']",0.2603677745216397
display,display_train_c2,display_c2_train_e3d94861020f97eb37fe7bdc65e35547_1,2,"['display_e3d94861020f97eb37fe7bdc65e35547_014.png', 'display_e3d94861020f97eb37fe7bdc65e35547_010.png', 'display_f47b9fc9a55a731a7bc6032416bc8ae_008.png']",0.2692503513023624
display,display_train_c2,display_c2_train_e3d94861020f97eb37fe7bdc65e35547_2,0,"['display_ff62121443345bf76cff78602fbd834e_012.png', 'display_e3d94861020f97eb37fe7bdc65e35547_002.png', 'display_e3d94861020f97eb37fe7bdc65e35547_007.png']",0.23750763111656348
display,display_train_c2,display_c2_train_30b5026e1c3f8c8a93e4d36e0c61da87_0,1,"['display_30b5026e1c3f8c8a93e4d36e0c61da87_013.png', 'display_887fdc9a9940ea57bd59d5b2d356dfd7_000.png', 'display_30b5026e1c3f8c8a93e4d36e0c61da87_006.png']",0.21102602211023913
display,display_train_c2,display_c2_train_30b5026e1c3f8c8a93e4d36e0c61da87_1,0,"['display_887fdc9a9940ea57bd59d5b2d356dfd7_010.png', 'display_30b5026e1c3f8c8a93e4d36e0c61da87_008.png', 'display_30b5026e1c3f8c8a93e4d36e0c61da87_009.png']",0.21102602211023913
display,display_train_c2,display_c2_train_30b5026e1c3f8c8a93e4d36e0c61da87_2,2,"['display_30b5026e1c3f8c8a93e4d36e0c61da87_006.png', 'display_30b5026e1c3f8c8a93e4d36e0c61da87_008.png', 'display_536bbf9f697bbe881df9770149d6661b_011.png']",0.09685462790014066
display,display_train_c2,display_c2_train_8c4a886b6b2c8d94d7f301df5d83f77e_0,1,"['display_8c4a886b6b2c8d94d7f301df5d83f77e_010.png', 'display_646b0bd4e03fba8d566636e42679cc7f_013.png', 'display_8c4a886b6b2c8d94d7f301df5d83f77e_011.png']",0.18666296197593046
display,display_train_c2,display_c2_train_8c4a886b6b2c8d94d7f301df5d83f77e_1,0,"['display_646b0bd4e03fba8d566636e42679cc7f_007.png', 'display_8c4a886b6b2c8d94d7f301df5d83f77e_004.png', 'display_8c4a886b6b2c8d94d7f301df5d83f77e_005.png']",0.18666296197593046
display,display_train_c2,display_c2_train_8c4a886b6b2c8d94d7f301df5d83f77e_2,0,"['display_646b0bd4e03fba8d566636e42679cc7f_005.png', 'display_8c4a886b6b2c8d94d7f301df5d83f77e_012.png', 'display_8c4a886b6b2c8d94d7f301df5d83f77e_003.png']",0.18666296197593046
display,display_train_c2,display_c2_train_93b69d3caf90a837e441f5bb6f88ca61_0,1,"['display_93b69d3caf90a837e441f5bb6f88ca61_010.png', 'display_246f0b722dff7f16fb7ec8bd3f8b241d_014.png', 'display_93b69d3caf90a837e441f5bb6f88ca61_000.png']",0.17925577917386248
display,display_train_c2,display_c2_train_93b69d3caf90a837e441f5bb6f88ca61_1,0,"['display_64abc0ca2670818e441f5bb6f88ca61_008.png', 'display_93b69d3caf90a837e441f5bb6f88ca61_011.png', 'display_93b69d3caf90a837e441f5bb6f88ca61_010.png']",3.8383503808692154e-07
display,display_train_c2,display_c2_train_93b69d3caf90a837e441f5bb6f88ca61_2,0,"['display_f47b9fc9a55a731a7bc6032416bc8ae_006.png', 'display_93b69d3caf90a837e441f5bb6f88ca61_001.png', 'display_93b69d3caf90a837e441f5bb6f88ca61_009.png']",0.16979756751231379
display,display_train_c2,display_c2_train_d1b3804c23311181f361255e85d5896f_0,1,"['display_d1b3804c23311181f361255e85d5896f_012.png', 'display_bf5a771386075e449b3250464ea24783_009.png', 'display_d1b3804c23311181f361255e85d5896f_010.png']",0.3103800140510048
display,display_train_c2,display_c2_train_d1b3804c23311181f361255e85d5896f_1,1,"['display_d1b3804c23311181f361255e85d5896f_002.png', 'display_6c56f6063ceb2ba4de1b0b03ca051f02_009.png', 'display_d1b3804c23311181f361255e85d5896f_005.png']",0.34785556048848365
display,display_train_c2,display_c2_train_d1b3804c23311181f361255e85d5896f_2,0,"['display_9a64fd5e660a8725ae95d460d60954d6_005.png', 'display_d1b3804c23311181f361255e85d5896f_014.png', 'display_d1b3804c23311181f361255e85d5896f_011.png']",0.31472587989144873
display,display_train_c2,display_c2_train_b4386438057e85988bfba3df1f776207_0,0,"['display_87d4b97120598dc54e6185a07ec22996_014.png', 'display_b4386438057e85988bfba3df1f776207_004.png', 'display_b4386438057e85988bfba3df1f776207_011.png']",0.3100975953782066
display,display_train_c2,display_c2_train_b4386438057e85988bfba3df1f776207_1,1,"['display_b4386438057e85988bfba3df1f776207_008.png', 'display_810fac004670692fe9d7a3dffbf25100_014.png', 'display_b4386438057e85988bfba3df1f776207_004.png']",0.31371975647172823
display,display_train_c2,display_c2_train_b4386438057e85988bfba3df1f776207_2,0,"['display_8c4a886b6b2c8d94d7f301df5d83f77e_001.png', 'display_b4386438057e85988bfba3df1f776207_002.png', 'display_b4386438057e85988bfba3df1f776207_006.png']",0.2007863930147814
display,display_train_c2,display_c2_train_9a64fd5e660a8725ae95d460d60954d6_0,2,"['display_9a64fd5e660a8725ae95d460d60954d6_013.png', 'display_9a64fd5e660a8725ae95d460d60954d6_000.png', 'display_bf5a771386075e449b3250464ea24783_009.png']",0.09018491730305656
display,display_train_c2,display_c2_train_9a64fd5e660a8725ae95d460d60954d6_1,2,"['display_9a64fd5e660a8725ae95d460d60954d6_009.png', 'display_9a64fd5e660a8725ae95d460d60954d6_002.png', 'display_bf5a771386075e449b3250464ea24783_014.png']",0.09018491730305656
display,display_train_c2,display_c2_train_9a64fd5e660a8725ae95d460d60954d6_2,2,"['display_9a64fd5e660a8725ae95d460d60954d6_008.png', 'display_9a64fd5e660a8725ae95d460d60954d6_002.png', 'display_87d4b97120598dc54e6185a07ec22996_014.png']",0.1970682510049705
display,display_train_c2,display_c2_train_30e739ed4c65f67ab71158027becbea8_0,1,"['display_30e739ed4c65f67ab71158027becbea8_000.png', 'display_f47b9fc9a55a731a7bc6032416bc8ae_003.png', 'display_30e739ed4c65f67ab71158027becbea8_007.png']",0.42987250723463055
display,display_train_c2,display_c2_train_30e739ed4c65f67ab71158027becbea8_1,0,"['display_e3d94861020f97eb37fe7bdc65e35547_002.png', 'display_30e739ed4c65f67ab71158027becbea8_003.png', 'display_30e739ed4c65f67ab71158027becbea8_004.png']",0.35893525709767005
display,display_train_c2,display_c2_train_30e739ed4c65f67ab71158027becbea8_2,1,"['display_30e739ed4c65f67ab71158027becbea8_014.png', 'display_ff62121443345bf76cff78602fbd834e_009.png', 'display_30e739ed4c65f67ab71158027becbea8_000.png']",0.40323214423819975
display,display_train_c2,display_c2_train_23f0e9274d835f2d75796bb36346e6ad_0,2,"['display_23f0e9274d835f2d75796bb36346e6ad_009.png', 'display_23f0e9274d835f2d75796bb36346e6ad_002.png', 'display_49ad86b608403b8ce760531185a75b14_011.png']",0.2978839421134012
display,display_train_c2,display_c2_train_23f0e9274d835f2d75796bb36346e6ad_1,1,"['display_23f0e9274d835f2d75796bb36346e6ad_002.png', 'display_246f0b722dff7f16fb7ec8bd3f8b241d_000.png', 'display_23f0e9274d835f2d75796bb36346e6ad_012.png']",0.18792600496298006
display,display_train_c2,display_c2_train_23f0e9274d835f2d75796bb36346e6ad_2,1,"['display_23f0e9274d835f2d75796bb36346e6ad_011.png', 'display_f47b9fc9a55a731a7bc6032416bc8ae_003.png', 'display_23f0e9274d835f2d75796bb36346e6ad_004.png']",0.32100761089763197
display,display_train_c2,display_c2_train_810fac004670692fe9d7a3dffbf25100_0,0,"['display_887fdc9a9940ea57bd59d5b2d356dfd7_001.png', 'display_810fac004670692fe9d7a3dffbf25100_010.png', 'display_810fac004670692fe9d7a3dffbf25100_000.png']",0.15985086827157147
display,display_train_c2,display_c2_train_810fac004670692fe9d7a3dffbf25100_1,2,"['display_810fac004670692fe9d7a3dffbf25100_013.png', 'display_810fac004670692fe9d7a3dffbf25100_009.png', 'display_536bbf9f697bbe881df9770149d6661b_001.png']",0.10280431626128306
display,display_train_c2,display_c2_train_810fac004670692fe9d7a3dffbf25100_2,0,"['display_536bbf9f697bbe881df9770149d6661b_008.png', 'display_810fac004670692fe9d7a3dffbf25100_008.png', 'display_810fac004670692fe9d7a3dffbf25100_009.png']",0.10280431626128306
display,display_train_c2,display_c2_train_87d4b97120598dc54e6185a07ec22996_0,0,"['display_887fdc9a9940ea57bd59d5b2d356dfd7_008.png', 'display_87d4b97120598dc54e6185a07ec22996_008.png', 'display_87d4b97120598dc54e6185a07ec22996_002.png']",0.1884673465416994
display,display_train_c2,display_c2_train_87d4b97120598dc54e6185a07ec22996_1,0,"['display_810fac004670692fe9d7a3dffbf25100_003.png', 'display_87d4b97120598dc54e6185a07ec22996_008.png', 'display_87d4b97120598dc54e6185a07ec22996_014.png']",0.1073062049455733
display,display_train_c2,display_c2_train_87d4b97120598dc54e6185a07ec22996_2,1,"['display_87d4b97120598dc54e6185a07ec22996_006.png', 'display_810fac004670692fe9d7a3dffbf25100_003.png', 'display_87d4b97120598dc54e6185a07ec22996_005.png']",0.1073062049455733
display,display_train_c2,display_c2_train_246f0b722dff7f16fb7ec8bd3f8b241d_0,2,"['display_246f0b722dff7f16fb7ec8bd3f8b241d_007.png', 'display_246f0b722dff7f16fb7ec8bd3f8b241d_013.png', 'display_64abc0ca2670818e441f5bb6f88ca61_011.png']",0.1792418316961344
display,display_train_c2,display_c2_train_246f0b722dff7f16fb7ec8bd3f8b241d_1,2,"['display_246f0b722dff7f16fb7ec8bd3f8b241d_004.png', 'display_246f0b722dff7f16fb7ec8bd3f8b241d_001.png', 'display_5bace77f1df591e9241640224e45ebea_001.png']",0.1248358355234056
display,display_train_c2,display_c2_train_246f0b722dff7f16fb7ec8bd3f8b241d_2,2,"['display_246f0b722dff7f16fb7ec8bd3f8b241d_009.png', 'display_246f0b722dff7f16fb7ec8bd3f8b241d_005.png', 'display_f47b9fc9a55a731a7bc6032416bc8ae_006.png']",0.17420250241886526
display,display_train_c2,display_c2_train_bf5a771386075e449b3250464ea24783_0,1,"['display_bf5a771386075e449b3250464ea24783_012.png', 'display_ff62121443345bf76cff78602fbd834e_014.png', 'display_bf5a771386075e449b3250464ea24783_006.png']",0.1514131446192577
display,display_train_c2,display_c2_train_bf5a771386075e449b3250464ea24783_1,2,"['display_bf5a771386075e449b3250464ea24783_008.png', 'display_bf5a771386075e449b3250464ea24783_004.png', 'display_e3d94861020f97eb37fe7bdc65e35547_004.png']",0.2507480099783024
display,display_train_c2,display_c2_train_bf5a771386075e449b3250464ea24783_2,2,"['display_bf5a771386075e449b3250464ea24783_005.png', 'display_bf5a771386075e449b3250464ea24783_007.png', 'display_ff62121443345bf76cff78602fbd834e_006.png']",0.1514131446192577
display,display_train_c2,display_c2_train_1f4b16094bd83af82d2d2896f4b277fc_0,0,"['display_246f0b722dff7f16fb7ec8bd3f8b241d_014.png', 'display_1f4b16094bd83af82d2d2896f4b277fc_006.png', 'display_1f4b16094bd83af82d2d2896f4b277fc_007.png']",0.2752331667250819
display,display_train_c2,display_c2_train_1f4b16094bd83af82d2d2896f4b277fc_1,1,"['display_1f4b16094bd83af82d2d2896f4b277fc_007.png', 'display_e3d94861020f97eb37fe7bdc65e35547_001.png', 'display_1f4b16094bd83af82d2d2896f4b277fc_002.png']",0.2791360258707257
display,display_train_c2,display_c2_train_1f4b16094bd83af82d2d2896f4b277fc_2,2,"['display_1f4b16094bd83af82d2d2896f4b277fc_014.png', 'display_1f4b16094bd83af82d2d2896f4b277fc_008.png', 'display_64abc0ca2670818e441f5bb6f88ca61_013.png']",0.3291321034056697
display,display_train_c2,display_c2_train_6c56f6063ceb2ba4de1b0b03ca051f02_0,0,"['display_87d4b97120598dc54e6185a07ec22996_006.png', 'display_6c56f6063ceb2ba4de1b0b03ca051f02_004.png', 'display_6c56f6063ceb2ba4de1b0b03ca051f02_009.png']",0.17550809947925883
display,display_train_c2,display_c2_train_6c56f6063ceb2ba4de1b0b03ca051f02_1,0,"['display_810fac004670692fe9d7a3dffbf25100_004.png', 'display_6c56f6063ceb2ba4de1b0b03ca051f02_009.png', 'display_6c56f6063ceb2ba4de1b0b03ca051f02_001.png']",0.14901330097027643
display,display_train_c2,display_c2_train_6c56f6063ceb2ba4de1b0b03ca051f02_2,1,"['display_6c56f6063ceb2ba4de1b0b03ca051f02_014.png', 'display_536bbf9f697bbe881df9770149d6661b_002.png', 'display_6c56f6063ceb2ba4de1b0b03ca051f02_010.png']",0.18556621357252934
display,display_train_c2,display_c2_train_ff62121443345bf76cff78602fbd834e_0,1,"['display_ff62121443345bf76cff78602fbd834e_013.png', 'display_d1b3804c23311181f361255e85d5896f_010.png', 'display_ff62121443345bf76cff78602fbd834e_009.png']",0.22277643050330154
display,display_train_c2,display_c2_train_ff62121443345bf76cff78602fbd834e_1,1,"['display_ff62121443345bf76cff78602fbd834e_003.png', 'display_d1b3804c23311181f361255e85d5896f_001.png', 'display_ff62121443345bf76cff78602fbd834e_014.png']",0.22277643050330154
display,display_train_c2,display_c2_train_ff62121443345bf76cff78602fbd834e_2,1,"['display_ff62121443345bf76cff78602fbd834e_005.png', 'display_f47b9fc9a55a731a7bc6032416bc8ae_014.png', 'display_ff62121443345bf76cff78602fbd834e_007.png']",0.22669365303503286
display,display_train_c2,display_c2_train_b097e8761c3cafe5a35a7666f0cfa5bb_0,0,"['display_87d4b97120598dc54e6185a07ec22996_014.png', 'display_b097e8761c3cafe5a35a7666f0cfa5bb_008.png', 'display_b097e8761c3cafe5a35a7666f0cfa5bb_007.png']",0.34333021014317777
display,display_train_c2,display_c2_train_b097e8761c3cafe5a35a7666f0cfa5bb_1,0,"['display_810fac004670692fe9d7a3dffbf25100_004.png', 'display_b097e8761c3cafe5a35a7666f0cfa5bb_011.png', 'display_b097e8761c3cafe5a35a7666f0cfa5bb_010.png']",0.2904798538534247
display,display_train_c2,display_c2_train_b097e8761c3cafe5a35a7666f0cfa5bb_2,0,"['display_887fdc9a9940ea57bd59d5b2d356dfd7_002.png', 'display_b097e8761c3cafe5a35a7666f0cfa5bb_014.png', 'display_b097e8761c3cafe5a35a7666f0cfa5bb_003.png']",0.274240668476756
display,display_train_c2,display_c2_train_646b0bd4e03fba8d566636e42679cc7f_0,2,"['display_646b0bd4e03fba8d566636e42679cc7f_006.png', 'display_646b0bd4e03fba8d566636e42679cc7f_003.png', 'display_9a64fd5e660a8725ae95d460d60954d6_010.png']",0.32784536489589156
display,display_train_c2,display_c2_train_646b0bd4e03fba8d566636e42679cc7f_1,0,"['display_bf5a771386075e449b3250464ea24783_010.png', 'display_646b0bd4e03fba8d566636e42679cc7f_013.png', 'display_646b0bd4e03fba8d566636e42679cc7f_003.png']",0.2895215477369594
display,display_train_c2,display_c2_train_646b0bd4e03fba8d566636e42679cc7f_2,2,"['display_646b0bd4e03fba8d566636e42679cc7f_014.png', 'display_646b0bd4e03fba8d566636e42679cc7f_006.png', 'display_bf5a771386075e449b3250464ea24783_014.png']",0.2895215477369594
display,display_train_c2,display_c2_train_f47b9fc9a55a731a7bc6032416bc8ae_0,1,"['display_f47b9fc9a55a731a7bc6032416bc8ae_002.png', 'display_1f4b16094bd83af82d2d2896f4b277fc_007.png', 'display_f47b9fc9a55a731a7bc6032416bc8ae_001.png']",0.16872577840209657
display,display_train_c2,display_c2_train_f47b9fc9a55a731a7bc6032416bc8ae_1,1,"['display_f47b9fc9a55a731a7bc6032416bc8ae_003.png', 'display_93b69d3caf90a837e441f5bb6f88ca61_008.png', 'display_f47b9fc9a55a731a7bc6032416bc8ae_010.png']",0.16979756751231379
display,display_train_c2,display_c2_train_f47b9fc9a55a731a7bc6032416bc8ae_2,0,"['display_246f0b722dff7f16fb7ec8bd3f8b241d_011.png', 'display_f47b9fc9a55a731a7bc6032416bc8ae_000.png', 'display_f47b9fc9a55a731a7bc6032416bc8ae_002.png']",0.17420250241886526
display,display_train_c2,display_c2_train_64abc0ca2670818e441f5bb6f88ca61_0,0,"['display_23f0e9274d835f2d75796bb36346e6ad_011.png', 'display_64abc0ca2670818e441f5bb6f88ca61_009.png', 'display_64abc0ca2670818e441f5bb6f88ca61_014.png']",0.22451951100178125
display,display_train_c2,display_c2_train_64abc0ca2670818e441f5bb6f88ca61_1,2,"['display_64abc0ca2670818e441f5bb6f88ca61_003.png', 'display_64abc0ca2670818e441f5bb6f88ca61_014.png', 'display_93b69d3caf90a837e441f5bb6f88ca61_005.png']",3.8383503808692154e-07
display,display_train_c2,display_c2_train_64abc0ca2670818e441f5bb6f88ca61_2,0,"['display_23f0e9274d835f2d75796bb36346e6ad_003.png', 'display_64abc0ca2670818e441f5bb6f88ca61_009.png', 'display_64abc0ca2670818e441f5bb6f88ca61_002.png']",0.22451951100178125
display,display_train_c2,display_c2_train_5bace77f1df591e9241640224e45ebea_0,0,"['display_64abc0ca2670818e441f5bb6f88ca61_003.png', 'display_5bace77f1df591e9241640224e45ebea_003.png', 'display_5bace77f1df591e9241640224e45ebea_002.png']",0.2253932987725228
display,display_train_c2,display_c2_train_5bace77f1df591e9241640224e45ebea_1,0,"['display_f47b9fc9a55a731a7bc6032416bc8ae_012.png', 'display_5bace77f1df591e9241640224e45ebea_008.png', 'display_5bace77f1df591e9241640224e45ebea_010.png']",0.16462140029251005
display,display_train_c2,display_c2_train_5bace77f1df591e9241640224e45ebea_2,1,"['display_5bace77f1df591e9241640224e45ebea_004.png', 'display_1f4b16094bd83af82d2d2896f4b277fc_007.png', 'display_5bace77f1df591e9241640224e45ebea_002.png']",0.24654691714472066
display,display_train_c2,display_c2_train_887fdc9a9940ea57bd59d5b2d356dfd7_0,1,"['display_887fdc9a9940ea57bd59d5b2d356dfd7_005.png', 'display_6c56f6063ceb2ba4de1b0b03ca051f02_012.png', 'display_887fdc9a9940ea57bd59d5b2d356dfd7_012.png']",0.14288030074266478
display,display_train_c2,display_c2_train_887fdc9a9940ea57bd59d5b2d356dfd7_1,1,"['display_887fdc9a9940ea57bd59d5b2d356dfd7_005.png', 'display_6c56f6063ceb2ba4de1b0b03ca051f02_000.png', 'display_887fdc9a9940ea57bd59d5b2d356dfd7_013.png']",0.14288030074266478
display,display_train_c2,display_c2_train_887fdc9a9940ea57bd59d5b2d356dfd7_2,2,"['display_887fdc9a9940ea57bd59d5b2d356dfd7_003.png', 'display_887fdc9a9940ea57bd59d5b2d356dfd7_004.png', 'display_6c56f6063ceb2ba4de1b0b03ca051f02_007.png']",0.14288030074266478
display,display_train_c2,display_c2_train_d911b390503a11f96436916a86a90ed7_0,0,"['display_646b0bd4e03fba8d566636e42679cc7f_012.png', 'display_d911b390503a11f96436916a86a90ed7_006.png', 'display_d911b390503a11f96436916a86a90ed7_000.png']",0.21763044246427476
display,display_train_c2,display_c2_train_d911b390503a11f96436916a86a90ed7_1,0,"['display_646b0bd4e03fba8d566636e42679cc7f_005.png', 'display_d911b390503a11f96436916a86a90ed7_012.png', 'display_d911b390503a11f96436916a86a90ed7_002.png']",0.21763044246427476
display,display_train_c2,display_c2_train_d911b390503a11f96436916a86a90ed7_2,0,"['display_646b0bd4e03fba8d566636e42679cc7f_005.png', 'display_d911b390503a11f96436916a86a90ed7_008.png', 'display_d911b390503a11f96436916a86a90ed7_004.png']",0.21763044246427476
display,display_train_c2,display_c2_train_536bbf9f697bbe881df9770149d6661b_0,2,"['display_536bbf9f697bbe881df9770149d6661b_004.png', 'display_536bbf9f697bbe881df9770149d6661b_000.png', 'display_810fac004670692fe9d7a3dffbf25100_009.png']",0.10280431626128306
display,display_train_c2,display_c2_train_536bbf9f697bbe881df9770149d6661b_1,1,"['display_536bbf9f697bbe881df9770149d6661b_007.png', 'display_887fdc9a9940ea57bd59d5b2d356dfd7_005.png', 'display_536bbf9f697bbe881df9770149d6661b_002.png']",0.1639592165732735
display,display_train_c2,display_c2_train_536bbf9f697bbe881df9770149d6661b_2,2,"['display_536bbf9f697bbe881df9770149d6661b_013.png', 'display_536bbf9f697bbe881df9770149d6661b_004.png', 'display_887fdc9a9940ea57bd59d5b2d356dfd7_014.png']",0.1639592165732735
lamp,lamp_train_c0,lamp_c0_train_163fb10d7f6f09fcf1c7a32d97b27a4f_0,1,"['lamp_163fb10d7f6f09fcf1c7a32d97b27a4f_003.png', 'lamp_65f11c0c8a86a8ea9813dd6c977cb17e_012.png', 'lamp_163fb10d7f6f09fcf1c7a32d97b27a4f_006.png']",0.5926544301607707
lamp,lamp_train_c0,lamp_c0_train_163fb10d7f6f09fcf1c7a32d97b27a4f_1,1,"['lamp_163fb10d7f6f09fcf1c7a32d97b27a4f_003.png', 'lamp_13e4f5f06cb42211fcb8d8c6d4df8143_011.png', 'lamp_163fb10d7f6f09fcf1c7a32d97b27a4f_011.png']",0.6494087263672705
lamp,lamp_train_c0,lamp_c0_train_163fb10d7f6f09fcf1c7a32d97b27a4f_2,0,"['lamp_65f11c0c8a86a8ea9813dd6c977cb17e_008.png', 'lamp_163fb10d7f6f09fcf1c7a32d97b27a4f_012.png', 'lamp_163fb10d7f6f09fcf1c7a32d97b27a4f_006.png']",0.5926544301607707
lamp,lamp_train_c0,lamp_c0_train_b736ffab5afcc08ace1d463bed0d7bb4_0,0,"['lamp_dd818b0269b1aa15fcb8d8c6d4df8143_002.png', 'lamp_b736ffab5afcc08ace1d463bed0d7bb4_001.png', 'lamp_b736ffab5afcc08ace1d463bed0d7bb4_002.png']",0.6782368889072851
lamp,lamp_train_c0,lamp_c0_train_b736ffab5afcc08ace1d463bed0d7bb4_1,2,"['lamp_b736ffab5afcc08ace1d463bed0d7bb4_001.png', 'lamp_b736ffab5afcc08ace1d463bed0d7bb4_010.png', 'lamp_16249c6e2a76400dfcb8d8c6d4df8143_005.png']",0.7636618482563391
lamp,lamp_train_c0,lamp_c0_train_b736ffab5afcc08ace1d463bed0d7bb4_2,2,"['lamp_b736ffab5afcc08ace1d463bed0d7bb4_006.png', 'lamp_b736ffab5afcc08ace1d463bed0d7bb4_005.png', 'lamp_d82a17b1f646e95dfcb8d8c6d4df8143_007.png']",0.15592264107858755
lamp,lamp_train_c0,lamp_c0_train_eee7062babab62aa8930422448288ea_0,2,"['lamp_eee7062babab62aa8930422448288ea_005.png', 'lamp_eee7062babab62aa8930422448288ea_003.png', 'lamp_13e4f5f06cb42211fcb8d8c6d4df8143_002.png']",0.2550689957597143
lamp,lamp_train_c0,lamp_c0_train_eee7062babab62aa8930422448288ea_1,1,"['lamp_eee7062babab62aa8930422448288ea_003.png', 'lamp_73378b714c5bfed2b922d818b19db1e_005.png', 'lamp_eee7062babab62aa8930422448288ea_014.png']",0.439214332701511
lamp,lamp_train_c0,lamp_c0_train_eee7062babab62aa8930422448288ea_2,0,"['lamp_de063371e5ef119cfcb8d8c6d4df8143_005.png', 'lamp_eee7062babab62aa8930422448288ea_007.png', 'lamp_eee7062babab62aa8930422448288ea_001.png']",0.3091886699820505
lamp,lamp_train_c0,lamp_c0_train_16249c6e2a76400dfcb8d8c6d4df8143_0,2,"['lamp_16249c6e2a76400dfcb8d8c6d4df8143_013.png', 'lamp_16249c6e2a76400dfcb8d8c6d4df8143_001.png', 'lamp_a9d554c5d9d09405fcb8d8c6d4df8143_014.png']",0.006677599890538399
lamp,lamp_train_c0,lamp_c0_train_16249c6e2a76400dfcb8d8c6d4df8143_1,0,"['lamp_6fbc93ef5b90b06ffcb8d8c6d4df8143_009.png', 'lamp_16249c6e2a76400dfcb8d8c6d4df8143_003.png', 'lamp_16249c6e2a76400dfcb8d8c6d4df8143_007.png']",0.008424664333108511
lamp,lamp_train_c0,lamp_c0_train_16249c6e2a76400dfcb8d8c6d4df8143_2,1,"['lamp_16249c6e2a76400dfcb8d8c6d4df8143_000.png', 'lamp_8cf524d8cca9d451fcb8d8c6d4df8143_010.png', 'lamp_16249c6e2a76400dfcb8d8c6d4df8143_003.png']",0.007667368224065663
lamp,lamp_train_c0,lamp_c0_train_6fbc93ef5b90b06ffcb8d8c6d4df8143_0,0,"['lamp_66f7a541e0459b06fcb8d8c6d4df8143_008.png', 'lamp_6fbc93ef5b90b06ffcb8d8c6d4df8143_013.png', 'lamp_6fbc93ef5b90b06ffcb8d8c6d4df8143_010.png']",0.30241087462266325
lamp,lamp_train_c0,lamp_c0_train_6fbc93ef5b90b06ffcb8d8c6d4df8143_1,2,"['lamp_6fbc93ef5b90b06ffcb8d8c6d4df8143_006.png', 'lamp_6fbc93ef5b90b06ffcb8d8c6d4df8143_012.png', 'lamp_16249c6e2a76400dfcb8d8c6d4df8143_007.png']",0.008424664333108511
lamp,lamp_train_c0,lamp_c0_train_6fbc93ef5b90b06ffcb8d8c6d4df8143_2,2,"['lamp_6fbc93ef5b90b06ffcb8d8c6d4df8143_006.png', 'lamp_6fbc93ef5b90b06ffcb8d8c6d4df8143_009.png', 'lamp_66f7a541e0459b06fcb8d8c6d4df8143_003.png']",0.30241087462266325
lamp,lamp_train_c0,lamp_c0_train_bf3e47e405833ab715655d3195f5022b_0,2,"['lamp_bf3e47e405833ab715655d3195f5022b_013.png', 'lamp_bf3e47e405833ab715655d3195f5022b_014.png', 'lamp_9bbe778f05a04009fcb8d8c6d4df8143_004.png']",0.36541406497894446
lamp,lamp_train_c0,lamp_c0_train_bf3e47e405833ab715655d3195f5022b_1,2,"['lamp_bf3e47e405833ab715655d3195f5022b_009.png', 'lamp_bf3e47e405833ab715655d3195f5022b_004.png', 'lamp_dd818b0269b1aa15fcb8d8c6d4df8143_007.png']",0.19333330251489822
lamp,lamp_train_c0,lamp_c0_train_bf3e47e405833ab715655d3195f5022b_2,1,"['lamp_bf3e47e405833ab715655d3195f5022b_012.png', 'lamp_3eb6c3bf89e5c9312569f5d050e29bc5_010.png', 'lamp_bf3e47e405833ab715655d3195f5022b_009.png']",0.45274238865405325
lamp,lamp_train_c0,lamp_c0_train_35b23397ce08256e847d4e46a1f9f05_0,1,"['lamp_35b23397ce08256e847d4e46a1f9f05_004.png', 'lamp_dd818b0269b1aa15fcb8d8c6d4df8143_008.png', 'lamp_35b23397ce08256e847d4e46a1f9f05_014.png']",0.6616470736985567
lamp,lamp_train_c0,lamp_c0_train_35b23397ce08256e847d4e46a1f9f05_1,0,"['lamp_91b7d2915bfede639b3360f500ac52a_008.png', 'lamp_35b23397ce08256e847d4e46a1f9f05_001.png', 'lamp_35b23397ce08256e847d4e46a1f9f05_002.png']",0.4123306117010225
lamp,lamp_train_c0,lamp_c0_train_35b23397ce08256e847d4e46a1f9f05_2,2,"['lamp_35b23397ce08256e847d4e46a1f9f05_003.png', 'lamp_35b23397ce08256e847d4e46a1f9f05_012.png', 'lamp_eee7062babab62aa8930422448288ea_001.png']",0.6543992105555827
lamp,lamp_train_c0,lamp_c0_train_8232dc35ac9ccfb016a2b5862518c93_0,2,"['lamp_8232dc35ac9ccfb016a2b5862518c93_003.png', 'lamp_8232dc35ac9ccfb016a2b5862518c93_002.png', 'lamp_bf3e47e405833ab715655d3195f5022b_001.png']",0.5024039774608346
lamp,lamp_train_c0,lamp_c0_train_8232dc35ac9ccfb016a2b5862518c93_1,2,"['lamp_8232dc35ac9ccfb016a2b5862518c93_007.png', 'lamp_8232dc35ac9ccfb016a2b5862518c93_012.png', 'lamp_978df83c1cee012729a60d6ab40898d_005.png']",0.6222365850813254
lamp,lamp_train_c0,lamp_c0_train_8232dc35ac9ccfb016a2b5862518c93_2,2,"['lamp_8232dc35ac9ccfb016a2b5862518c93_014.png', 'lamp_8232dc35ac9ccfb016a2b5862518c93_013.png', 'lamp_dd818b0269b1aa15fcb8d8c6d4df8143_004.png']",0.5000112370750678
lamp,lamp_train_c0,lamp_c0_train_3eb6c3bf89e5c9312569f5d050e29bc5_0,1,"['lamp_3eb6c3bf89e5c9312569f5d050e29bc5_007.png', 'lamp_35b23397ce08256e847d4e46a1f9f05_007.png', 'lamp_3eb6c3bf89e5c9312569f5d050e29bc5_003.png']",0.48990892831486554
lamp,lamp_train_c0,lamp_c0_train_3eb6c3bf89e5c9312569f5d050e29bc5_1,1,"['lamp_3eb6c3bf89e5c9312569f5d050e29bc5_006.png', 'lamp_bf3e47e405833ab715655d3195f5022b_002.png', 'lamp_3eb6c3bf89e5c9312569f5d050e29bc5_005.png']",0.45274238865405325
lamp,lamp_train_c0,lamp_c0_train_3eb6c3bf89e5c9312569f5d050e29bc5_2,0,"['lamp_dd818b0269b1aa15fcb8d8c6d4df8143_008.png', 'lamp_3eb6c3bf89e5c9312569f5d050e29bc5_008.png', 'lamp_3eb6c3bf89e5c9312569f5d050e29bc5_006.png']",0.3968749906410639
lamp,lamp_train_c0,lamp_c0_train_261cc5f20787f50cdbb57594c19a59cf_0,2,"['lamp_261cc5f20787f50cdbb57594c19a59cf_013.png', 'lamp_261cc5f20787f50cdbb57594c19a59cf_006.png', 'lamp_d82a17b1f646e95dfcb8d8c6d4df8143_005.png']",0.36876273946376714
lamp,lamp_train_c0,lamp_c0_train_261cc5f20787f50cdbb57594c19a59cf_1,2,"['lamp_261cc5f20787f50cdbb57594c19a59cf_014.png', 'lamp_261cc5f20787f50cdbb57594c19a59cf_013.png', 'lamp_ae37dd444b0813b8fcb8d8c6d4df8143_010.png']",0.4567238892478208
lamp,lamp_train_c0,lamp_c0_train_261cc5f20787f50cdbb57594c19a59cf_2,2,"['lamp_261cc5f20787f50cdbb57594c19a59cf_009.png', 'lamp_261cc5f20787f50cdbb57594c19a59cf_007.png', 'lamp_ae37dd444b0813b8fcb8d8c6d4df8143_013.png']",0.4567238892478208
lamp,lamp_train_c0,lamp_c0_train_dd818b0269b1aa15fcb8d8c6d4df8143_0,1,"['lamp_dd818b0269b1aa15fcb8d8c6d4df8143_000.png', 'lamp_9bbe778f05a04009fcb8d8c6d4df8143_010.png', 'lamp_dd818b0269b1aa15fcb8d8c6d4df8143_012.png']",0.4792104984956078
lamp,lamp_train_c0,lamp_c0_train_dd818b0269b1aa15fcb8d8c6d4df8143_1,0,"['lamp_3eb6c3bf89e5c9312569f5d050e29bc5_014.png', 'lamp_dd818b0269b1aa15fcb8d8c6d4df8143_003.png', 'lamp_dd818b0269b1aa15fcb8d8c6d4df8143_006.png']",0.3968749906410639
lamp,lamp_train_c0,lamp_c0_train_dd818b0269b1aa15fcb8d8c6d4df8143_2,1,"['lamp_dd818b0269b1aa15fcb8d8c6d4df8143_001.png', 'lamp_978df83c1cee012729a60d6ab40898d_001.png', 'lamp_dd818b0269b1aa15fcb8d8c6d4df8143_012.png']",0.32857872284608747
lamp,lamp_train_c0,lamp_c0_train_a9d554c5d9d09405fcb8d8c6d4df8143_0,2,"['lamp_a9d554c5d9d09405fcb8d8c6d4df8143_001.png', 'lamp_a9d554c5d9d09405fcb8d8c6d4df8143_003.png', 'lamp_ae37dd444b0813b8fcb8d8c6d4df8143_007.png']",0.006719784891713654
lamp,lamp_train_c0,lamp_c0_train_a9d554c5d9d09405fcb8d8c6d4df8143_1,1,"['lamp_a9d554c5d9d09405fcb8d8c6d4df8143_012.png', 'lamp_66f7a541e0459b06fcb8d8c6d4df8143_010.png', 'lamp_a9d554c5d9d09405fcb8d8c6d4df8143_007.png']",0.2437106600284905
lamp,lamp_train_c0,lamp_c0_train_a9d554c5d9d09405fcb8d8c6d4df8143_2,0,"['lamp_ae37dd444b0813b8fcb8d8c6d4df8143_009.png', 'lamp_a9d554c5d9d09405fcb8d8c6d4df8143_000.png', 'lamp_a9d554c5d9d09405fcb8d8c6d4df8143_006.png']",0.006719784891713654
lamp,lamp_train_c0,lamp_c0_train_73378b714c5bfed2b922d818b19db1e_0,0,"['lamp_13e4f5f06cb42211fcb8d8c6d4df8143_001.png', 'lamp_73378b714c5bfed2b922d818b19db1e_001.png', 'lamp_73378b714c5bfed2b922d818b19db1e_014.png']",0.4487457441253896
lamp,lamp_train_c0,lamp_c0_train_73378b714c5bfed2b922d818b19db1e_1,1,"['lamp_73378b714c5bfed2b922d818b19db1e_001.png', 'lamp_65f11c0c8a86a8ea9813dd6c977cb17e_008.png', 'lamp_73378b714c5bfed2b922d818b19db1e_012.png']",0.4179772123235629
lamp,lamp_train_c0,lamp_c0_train_73378b714c5bfed2b922d818b19db1e_2,1,"['lamp_73378b714c5bfed2b922d818b19db1e_011.png', 'lamp_94f9cf8754e2f080fcb8d8c6d4df8143_007.png', 'lamp_73378b714c5bfed2b922d818b19db1e_009.png']",0.44957742356355257
lamp,lamp_train_c0,lamp_c0_train_9bbe778f05a04009fcb8d8c6d4df8143_0,2,"['lamp_9bbe778f05a04009fcb8d8c6d4df8143_008.png', 'lamp_9bbe778f05a04009fcb8d8c6d4df8143_001.png', 'lamp_dd818b0269b1aa15fcb8d8c6d4df8143_001.png']",0.4792104984956078
lamp,lamp_train_c0,lamp_c0_train_9bbe778f05a04009fcb8d8c6d4df8143_1,0,"['lamp_3eb6c3bf89e5c9312569f5d050e29bc5_014.png', 'lamp_9bbe778f05a04009fcb8d8c6d4df8143_011.png', 'lamp_9bbe778f05a04009fcb8d8c6d4df8143_007.png']",0.5288832635552896
lamp,lamp_train_c0,lamp_c0_train_9bbe778f05a04009fcb8d8c6d4df8143_2,2,"['lamp_9bbe778f05a04009fcb8d8c6d4df8143_002.png', 'lamp_9bbe778f05a04009fcb8d8c6d4df8143_005.png', 'lamp_8232dc35ac9ccfb016a2b5862518c93_005.png']",0.6945890208534979
lamp,lamp_train_c0,lamp_c0_train_978df83c1cee012729a60d6ab40898d_0,0,"['lamp_dd818b0269b1aa15fcb8d8c6d4df8143_002.png', 'lamp_978df83c1cee012729a60d6ab40898d_012.png', 'lamp_978df83c1cee012729a60d6ab40898d_006.png']",0.32857872284608747
lamp,lamp_train_c0,lamp_c0_train_978df83c1cee012729a60d6ab40898d_1,0,"['lamp_3eb6c3bf89e5c9312569f5d050e29bc5_001.png', 'lamp_978df83c1cee012729a60d6ab40898d_003.png', 'lamp_978df83c1cee012729a60d6ab40898d_000.png']",0.6111608249328213
lamp,lamp_train_c0,lamp_c0_train_978df83c1cee012729a60d6ab40898d_2,0,"['lamp_9bbe778f05a04009fcb8d8c6d4df8143_003.png', 'lamp_978df83c1cee012729a60d6ab40898d_014.png', 'lamp_978df83c1cee012729a60d6ab40898d_008.png']",0.6776733913715434
lamp,lamp_train_c0,lamp_c0_train_91b7d2915bfede639b3360f500ac52a_0,1,"['lamp_91b7d2915bfede639b3360f500ac52a_001.png', 'lamp_3eb6c3bf89e5c9312569f5d050e29bc5_007.png', 'lamp_91b7d2915bfede639b3360f500ac52a_005.png']",0.4902629202252978
lamp,lamp_train_c0,lamp_c0_train_91b7d2915bfede639b3360f500ac52a_1,2,"['lamp_91b7d2915bfede639b3360f500ac52a_010.png', 'lamp_91b7d2915bfede639b3360f500ac52a_013.png', 'lamp_eee7062babab62aa8930422448288ea_005.png']",0.6052884507529915
lamp,lamp_train_c0,lamp_c0_train_91b7d2915bfede639b3360f500ac52a_2,1,"['lamp_91b7d2915bfede639b3360f500ac52a_012.png', 'lamp_35b23397ce08256e847d4e46a1f9f05_004.png', 'lamp_91b7d2915bfede639b3360f500ac52a_003.png']",0.4123306117010225
lamp,lamp_train_c0,lamp_c0_train_94f9cf8754e2f080fcb8d8c6d4df8143_0,2,"['lamp_94f9cf8754e2f080fcb8d8c6d4df8143_013.png', 'lamp_94f9cf8754e2f080fcb8d8c6d4df8143_002.png', 'lamp_eee7062babab62aa8930422448288ea_012.png']",0.25470876144156407
lamp,lamp_train_c0,lamp_c0_train_94f9cf8754e2f080fcb8d8c6d4df8143_1,2,"['lamp_94f9cf8754e2f080fcb8d8c6d4df8143_009.png', 'lamp_94f9cf8754e2f080fcb8d8c6d4df8143_007.png', 'lamp_13e4f5f06cb42211fcb8d8c6d4df8143_004.png']",0.0003326257878646377
lamp,lamp_train_c0,lamp_c0_train_94f9cf8754e2f080fcb8d8c6d4df8143_2,0,"['lamp_65f11c0c8a86a8ea9813dd6c977cb17e_000.png', 'lamp_94f9cf8754e2f080fcb8d8c6d4df8143_008.png', 'lamp_94f9cf8754e2f080fcb8d8c6d4df8143_011.png']",0.10531947286759491
lamp,lamp_train_c0,lamp_c0_train_8cf524d8cca9d451fcb8d8c6d4df8143_0,2,"['lamp_8cf524d8cca9d451fcb8d8c6d4df8143_013.png', 'lamp_8cf524d8cca9d451fcb8d8c6d4df8143_010.png', 'lamp_ae37dd444b0813b8fcb8d8c6d4df8143_006.png']",0.009079151912234296
lamp,lamp_train_c0,lamp_c0_train_8cf524d8cca9d451fcb8d8c6d4df8143_1,2,"['lamp_8cf524d8cca9d451fcb8d8c6d4df8143_013.png', 'lamp_8cf524d8cca9d451fcb8d8c6d4df8143_004.png', 'lamp_a9d554c5d9d09405fcb8d8c6d4df8143_009.png']",0.0022420781496479414
lamp,lamp_train_c0,lamp_c0_train_8cf524d8cca9d451fcb8d8c6d4df8143_2,2,"['lamp_8cf524d8cca9d451fcb8d8c6d4df8143_007.png', 'lamp_8cf524d8cca9d451fcb8d8c6d4df8143_010.png', 'lamp_16249c6e2a76400dfcb8d8c6d4df8143_010.png']",0.007667368224065663
lamp,lamp_train_c0,lamp_c0_train_13e4f5f06cb42211fcb8d8c6d4df8143_0,2,"['lamp_13e4f5f06cb42211fcb8d8c6d4df8143_000.png', 'lamp_13e4f5f06cb42211fcb8d8c6d4df8143_007.png', 'lamp_94f9cf8754e2f080fcb8d8c6d4df8143_005.png']",0.0003326257878646377
lamp,lamp_train_c0,lamp_c0_train_13e4f5f06cb42211fcb8d8c6d4df8143_1,1,"['lamp_13e4f5f06cb42211fcb8d8c6d4df8143_008.png', 'lamp_66f7a541e0459b06fcb8d8c6d4df8143_009.png', 'lamp_13e4f5f06cb42211fcb8d8c6d4df8143_006.png']",0.32979734205564615
lamp,lamp_train_c0,lamp_c0_train_13e4f5f06cb42211fcb8d8c6d4df8143_2,0,"['lamp_94f9cf8754e2f080fcb8d8c6d4df8143_008.png', 'lamp_13e4f5f06cb42211fcb8d8c6d4df8143_001.png', 'lamp_13e4f5f06cb42211fcb8d8c6d4df8143_000.png']",0.0003326257878646377
lamp,lamp_train_c0,lamp_c0_train_d82a17b1f646e95dfcb8d8c6d4df8143_0,0,"['lamp_6fbc93ef5b90b06ffcb8d8c6d4df8143_003.png', 'lamp_d82a17b1f646e95dfcb8d8c6d4df8143_014.png', 'lamp_d82a17b1f646e95dfcb8d8c6d4df8143_003.png']",0.712285965401209
lamp,lamp_train_c0,lamp_c0_train_d82a17b1f646e95dfcb8d8c6d4df8143_1,2,"['lamp_d82a17b1f646e95dfcb8d8c6d4df8143_009.png', 'lamp_d82a17b1f646e95dfcb8d8c6d4df8143_001.png', 'lamp_a9d554c5d9d09405fcb8d8c6d4df8143_013.png']",0.7216630998213751
lamp,lamp_train_c0,lamp_c0_train_d82a17b1f646e95dfcb8d8c6d4df8143_2,0,"['lamp_261cc5f20787f50cdbb57594c19a59cf_000.png', 'lamp_d82a17b1f646e95dfcb8d8c6d4df8143_006.png', 'lamp_d82a17b1f646e95dfcb8d8c6d4df8143_009.png']",0.36876273946376714
lamp,lamp_train_c0,lamp_c0_train_de063371e5ef119cfcb8d8c6d4df8143_0,2,"['lamp_de063371e5ef119cfcb8d8c6d4df8143_014.png', 'lamp_de063371e5ef119cfcb8d8c6d4df8143_012.png', 'lamp_eee7062babab62aa8930422448288ea_005.png']",0.3091886699820505
lamp,lamp_train_c0,lamp_c0_train_de063371e5ef119cfcb8d8c6d4df8143_1,0,"['lamp_eee7062babab62aa8930422448288ea_005.png', 'lamp_de063371e5ef119cfcb8d8c6d4df8143_002.png', 'lamp_de063371e5ef119cfcb8d8c6d4df8143_005.png']",0.3091886699820505
lamp,lamp_train_c0,lamp_c0_train_de063371e5ef119cfcb8d8c6d4df8143_2,2,"['lamp_de063371e5ef119cfcb8d8c6d4df8143_013.png', 'lamp_de063371e5ef119cfcb8d8c6d4df8143_006.png', 'lamp_66f7a541e0459b06fcb8d8c6d4df8143_005.png']",0.15444273403668096
lamp,lamp_train_c0,lamp_c0_train_d06ab2779bb0b73b822a33e080d0e71c_0,0,"['lamp_94f9cf8754e2f080fcb8d8c6d4df8143_000.png', 'lamp_d06ab2779bb0b73b822a33e080d0e71c_010.png', 'lamp_d06ab2779bb0b73b822a33e080d0e71c_014.png']",0.6682345366038442
lamp,lamp_train_c0,lamp_c0_train_d06ab2779bb0b73b822a33e080d0e71c_1,1,"['lamp_d06ab2779bb0b73b822a33e080d0e71c_000.png', 'lamp_91b7d2915bfede639b3360f500ac52a_006.png', 'lamp_d06ab2779bb0b73b822a33e080d0e71c_004.png']",0.5730565287370151
lamp,lamp_train_c0,lamp_c0_train_d06ab2779bb0b73b822a33e080d0e71c_2,2,"['lamp_d06ab2779bb0b73b822a33e080d0e71c_009.png', 'lamp_d06ab2779bb0b73b822a33e080d0e71c_013.png', 'lamp_91b7d2915bfede639b3360f500ac52a_001.png']",0.5730565287370151
lamp,lamp_train_c0,lamp_c0_train_66f7a541e0459b06fcb8d8c6d4df8143_0,2,"['lamp_66f7a541e0459b06fcb8d8c6d4df8143_002.png', 'lamp_66f7a541e0459b06fcb8d8c6d4df8143_011.png', 'lamp_de063371e5ef119cfcb8d8c6d4df8143_010.png']",0.15444273403668096
lamp,lamp_train_c0,lamp_c0_train_66f7a541e0459b06fcb8d8c6d4df8143_1,1,"['lamp_66f7a541e0459b06fcb8d8c6d4df8143_011.png', 'lamp_ae37dd444b0813b8fcb8d8c6d4df8143_009.png', 'lamp_66f7a541e0459b06fcb8d8c6d4df8143_006.png']",0.19872412040347576
lamp,lamp_train_c0,lamp_c0_train_66f7a541e0459b06fcb8d8c6d4df8143_2,1,"['lamp_66f7a541e0459b06fcb8d8c6d4df8143_013.png', 'lamp_16249c6e2a76400dfcb8d8c6d4df8143_011.png', 'lamp_66f7a541e0459b06fcb8d8c6d4df8143_008.png']",0.22306015917112176
lamp,lamp_train_c0,lamp_c0_train_ae37dd444b0813b8fcb8d8c6d4df8143_0,2,"['lamp_ae37dd444b0813b8fcb8d8c6d4df8143_000.png', 'lamp_ae37dd444b0813b8fcb8d8c6d4df8143_012.png', 'lamp_8cf524d8cca9d451fcb8d8c6d4df8143_011.png']",0.009079151912234296
lamp,lamp_train_c0,lamp_c0_train_ae37dd444b0813b8fcb8d8c6d4df8143_1,1,"['lamp_ae37dd444b0813b8fcb8d8c6d4df8143_000.png', 'lamp_6fbc93ef5b90b06ffcb8d8c6d4df8143_012.png', 'lamp_ae37dd444b0813b8fcb8d8c6d4df8143_006.png']",0.020381766025888814
lamp,lamp_train_c0,lamp_c0_train_ae37dd444b0813b8fcb8d8c6d4df8143_2,0,"['lamp_a9d554c5d9d09405fcb8d8c6d4df8143_004.png', 'lamp_ae37dd444b0813b8fcb8d8c6d4df8143_000.png', 'lamp_ae37dd444b0813b8fcb8d8c6d4df8143_014.png']",0.006719784891713654
lamp,lamp_train_c0,lamp_c0_train_65f11c0c8a86a8ea9813dd6c977cb17e_0,2,"['lamp_65f11c0c8a86a8ea9813dd6c977cb17e_012.png', 'lamp_65f11c0c8a86a8ea9813dd6c977cb17e_013.png', 'lamp_13e4f5f06cb42211fcb8d8c6d4df8143_010.png']",0.10578669642546346
lamp,lamp_train_c0,lamp_c0_train_65f11c0c8a86a8ea9813dd6c977cb17e_1,1,"['lamp_65f11c0c8a86a8ea9813dd6c977cb17e_004.png', 'lamp_13e4f5f06cb42211fcb8d8c6d4df8143_013.png', 'lamp_65f11c0c8a86a8ea9813dd6c977cb17e_014.png']",0.10578669642546346
lamp,lamp_train_c0,lamp_c0_train_65f11c0c8a86a8ea9813dd6c977cb17e_2,2,"['lamp_65f11c0c8a86a8ea9813dd6c977cb17e_002.png', 'lamp_65f11c0c8a86a8ea9813dd6c977cb17e_012.png', 'lamp_de063371e5ef119cfcb8d8c6d4df8143_010.png']",0.002294167542808312
lamp,lamp_train_c1,lamp_c1_train_20af3e3a79e7023a6c342cf382162bc7_0,2,"['lamp_20af3e3a79e7023a6c342cf382162bc7_005.png', 'lamp_20af3e3a79e7023a6c342cf382162bc7_003.png', 'lamp_6936b0f0e7c88e3bdc22f557e01eba14_009.png']",0.009663107794757653
lamp,lamp_train_c1,lamp_c1_train_20af3e3a79e7023a6c342cf382162bc7_1,1,"['lamp_20af3e3a79e7023a6c342cf382162bc7_010.png', 'lamp_fc8cfb4ad6730207ad90876bf5435820_008.png', 'lamp_20af3e3a79e7023a6c342cf382162bc7_004.png']",0.00894493671148544
lamp,lamp_train_c1,lamp_c1_train_20af3e3a79e7023a6c342cf382162bc7_2,2,"['lamp_20af3e3a79e7023a6c342cf382162bc7_007.png', 'lamp_20af3e3a79e7023a6c342cf382162bc7_003.png', 'lamp_fc8cfb4ad6730207ad90876bf5435820_012.png']",0.00894493671148544
lamp,lamp_train_c1,lamp_c1_train_75c15dd98de4ff17bd4bf7024dfa167d_0,0,"['lamp_fc8cfb4ad6730207ad90876bf5435820_014.png', 'lamp_75c15dd98de4ff17bd4bf7024dfa167d_000.png', 'lamp_75c15dd98de4ff17bd4bf7024dfa167d_001.png']",0.11190263876221296
lamp,lamp_train_c1,lamp_c1_train_75c15dd98de4ff17bd4bf7024dfa167d_1,2,"['lamp_75c15dd98de4ff17bd4bf7024dfa167d_004.png', 'lamp_75c15dd98de4ff17bd4bf7024dfa167d_007.png', 'lamp_955143d7f0b5c70fef76898f881b76a_000.png']",0.11826039577803449
lamp,lamp_train_c1,lamp_c1_train_75c15dd98de4ff17bd4bf7024dfa167d_2,0,"['lamp_bc704db7b62582e5d1cbf3e52b9b6237_004.png', 'lamp_75c15dd98de4ff17bd4bf7024dfa167d_000.png', 'lamp_75c15dd98de4ff17bd4bf7024dfa167d_012.png']",0.11404917404648163
lamp,lamp_train_c1,lamp_c1_train_6936b0f0e7c88e3bdc22f557e01eba14_0,0,"['lamp_fc8cfb4ad6730207ad90876bf5435820_014.png', 'lamp_6936b0f0e7c88e3bdc22f557e01eba14_006.png', 'lamp_6936b0f0e7c88e3bdc22f557e01eba14_007.png']",0.01504899560173556
lamp,lamp_train_c1,lamp_c1_train_6936b0f0e7c88e3bdc22f557e01eba14_1,1,"['lamp_6936b0f0e7c88e3bdc22f557e01eba14_000.png', 'lamp_873aad4a222d541a91c2792fcdc1ca8_008.png', 'lamp_6936b0f0e7c88e3bdc22f557e01eba14_012.png']",0.016872293888154366
lamp,lamp_train_c1,lamp_c1_train_6936b0f0e7c88e3bdc22f557e01eba14_2,0,"['lamp_20af3e3a79e7023a6c342cf382162bc7_008.png', 'lamp_6936b0f0e7c88e3bdc22f557e01eba14_002.png', 'lamp_6936b0f0e7c88e3bdc22f557e01eba14_011.png']",0.009663107794757653
lamp,lamp_train_c1,lamp_c1_train_eb8da4f4245496c57f1cdfc0a8f38f2e_0,0,"['lamp_6936b0f0e7c88e3bdc22f557e01eba14_011.png', 'lamp_eb8da4f4245496c57f1cdfc0a8f38f2e_000.png', 'lamp_eb8da4f4245496c57f1cdfc0a8f38f2e_002.png']",0.013043773062192954
lamp,lamp_train_c1,lamp_c1_train_eb8da4f4245496c57f1cdfc0a8f38f2e_1,2,"['lamp_eb8da4f4245496c57f1cdfc0a8f38f2e_002.png', 'lamp_eb8da4f4245496c57f1cdfc0a8f38f2e_000.png', 'lamp_bc704db7b62582e5d1cbf3e52b9b6237_001.png']",0.0058264450190490535
lamp,lamp_train_c1,lamp_c1_train_eb8da4f4245496c57f1cdfc0a8f38f2e_2,2,"['lamp_eb8da4f4245496c57f1cdfc0a8f38f2e_002.png', 'lamp_eb8da4f4245496c57f1cdfc0a8f38f2e_009.png', 'lamp_6936b0f0e7c88e3bdc22f557e01eba14_009.png']",0.013043773062192954
lamp,lamp_train_c1,lamp_c1_train_ea9ec4d9db2e06202471e6dd5ac3ef92_0,2,"['lamp_ea9ec4d9db2e06202471e6dd5ac3ef92_007.png', 'lamp_ea9ec4d9db2e06202471e6dd5ac3ef92_013.png', 'lamp_6936b0f0e7c88e3bdc22f557e01eba14_001.png']",0.0849857692548639
lamp,lamp_train_c1,lamp_c1_train_ea9ec4d9db2e06202471e6dd5ac3ef92_1,0,"['lamp_bc704db7b62582e5d1cbf3e52b9b6237_002.png', 'lamp_ea9ec4d9db2e06202471e6dd5ac3ef92_000.png', 'lamp_ea9ec4d9db2e06202471e6dd5ac3ef92_008.png']",0.08548988208797659
lamp,lamp_train_c1,lamp_c1_train_ea9ec4d9db2e06202471e6dd5ac3ef92_2,1,"['lamp_ea9ec4d9db2e06202471e6dd5ac3ef92_008.png', 'lamp_20af3e3a79e7023a6c342cf382162bc7_000.png', 'lamp_ea9ec4d9db2e06202471e6dd5ac3ef92_011.png']",0.07538362387541142
lamp,lamp_train_c1,lamp_c1_train_bc704db7b62582e5d1cbf3e52b9b6237_0,0,"['lamp_873aad4a222d541a91c2792fcdc1ca8_003.png', 'lamp_bc704db7b62582e5d1cbf3e52b9b6237_008.png', 'lamp_bc704db7b62582e5d1cbf3e52b9b6237_002.png']",0.007951724742694122
lamp,lamp_train_c1,lamp_c1_train_bc704db7b62582e5d1cbf3e52b9b6237_1,0,"['lamp_6936b0f0e7c88e3bdc22f557e01eba14_013.png', 'lamp_bc704db7b62582e5d1cbf3e52b9b6237_006.png', 'lamp_bc704db7b62582e5d1cbf3e52b9b6237_009.png']",0.009124540980544715
lamp,lamp_train_c1,lamp_c1_train_bc704db7b62582e5d1cbf3e52b9b6237_2,2,"['lamp_bc704db7b62582e5d1cbf3e52b9b6237_012.png', 'lamp_bc704db7b62582e5d1cbf3e52b9b6237_008.png', 'lamp_20af3e3a79e7023a6c342cf382162bc7_005.png']",0.004124460992284695
lamp,lamp_train_c1,lamp_c1_train_c906a9c7ae536a0c7fb7f79251dd7727_0,0,"['lamp_20af3e3a79e7023a6c342cf382162bc7_012.png', 'lamp_c906a9c7ae536a0c7fb7f79251dd7727_002.png', 'lamp_c906a9c7ae536a0c7fb7f79251dd7727_001.png']",0.043715172609025466
lamp,lamp_train_c1,lamp_c1_train_c906a9c7ae536a0c7fb7f79251dd7727_1,2,"['lamp_c906a9c7ae536a0c7fb7f79251dd7727_010.png', 'lamp_c906a9c7ae536a0c7fb7f79251dd7727_000.png', 'lamp_bc704db7b62582e5d1cbf3e52b9b6237_011.png']",0.058794868462194616
lamp,lamp_train_c1,lamp_c1_train_c906a9c7ae536a0c7fb7f79251dd7727_2,0,"['lamp_6936b0f0e7c88e3bdc22f557e01eba14_001.png', 'lamp_c906a9c7ae536a0c7fb7f79251dd7727_006.png', 'lamp_c906a9c7ae536a0c7fb7f79251dd7727_014.png']",0.058392858181303686
lamp,lamp_train_c1,lamp_c1_train_7dcbac101ada832568d026fbc8fe70cb_0,1,"['lamp_7dcbac101ada832568d026fbc8fe70cb_008.png', 'lamp_eb8da4f4245496c57f1cdfc0a8f38f2e_013.png', 'lamp_7dcbac101ada832568d026fbc8fe70cb_009.png']",0.07085227454493226
lamp,lamp_train_c1,lamp_c1_train_7dcbac101ada832568d026fbc8fe70cb_1,2,"['lamp_7dcbac101ada832568d026fbc8fe70cb_012.png', 'lamp_7dcbac101ada832568d026fbc8fe70cb_013.png', 'lamp_eb8da4f4245496c57f1cdfc0a8f38f2e_013.png']",0.07085227454493226
lamp,lamp_train_c1,lamp_c1_train_7dcbac101ada832568d026fbc8fe70cb_2,1,"['lamp_7dcbac101ada832568d026fbc8fe70cb_002.png', 'lamp_bc704db7b62582e5d1cbf3e52b9b6237_009.png', 'lamp_7dcbac101ada832568d026fbc8fe70cb_014.png']",0.06589674198068074
lamp,lamp_train_c1,lamp_c1_train_3259e491870a8c49eef5d83b671bb264_0,1,"['lamp_3259e491870a8c49eef5d83b671bb264_007.png', 'lamp_6936b0f0e7c88e3bdc22f557e01eba14_014.png', 'lamp_3259e491870a8c49eef5d83b671bb264_009.png']",0.04635802148114965
lamp,lamp_train_c1,lamp_c1_train_3259e491870a8c49eef5d83b671bb264_1,2,"['lamp_3259e491870a8c49eef5d83b671bb264_003.png', 'lamp_3259e491870a8c49eef5d83b671bb264_009.png', 'lamp_bc704db7b62582e5d1cbf3e52b9b6237_006.png']",0.04036369938943918
lamp,lamp_train_c1,lamp_c1_train_3259e491870a8c49eef5d83b671bb264_2,2,"['lamp_3259e491870a8c49eef5d83b671bb264_007.png', 'lamp_3259e491870a8c49eef5d83b671bb264_013.png', 'lamp_6936b0f0e7c88e3bdc22f557e01eba14_006.png']",0.04635802148114965
lamp,lamp_train_c1,lamp_c1_train_e333f7f89b74575e9a5046bc3786ad19_0,2,"['lamp_e333f7f89b74575e9a5046bc3786ad19_001.png', 'lamp_e333f7f89b74575e9a5046bc3786ad19_013.png', 'lamp_bc704db7b62582e5d1cbf3e52b9b6237_004.png']",0.04305820336376942
lamp,lamp_train_c1,lamp_c1_train_e333f7f89b74575e9a5046bc3786ad19_1,1,"['lamp_e333f7f89b74575e9a5046bc3786ad19_001.png', 'lamp_873aad4a222d541a91c2792fcdc1ca8_002.png', 'lamp_e333f7f89b74575e9a5046bc3786ad19_008.png']",0.05142057609223982
lamp,lamp_train_c1,lamp_c1_train_e333f7f89b74575e9a5046bc3786ad19_2,0,"['lamp_bc704db7b62582e5d1cbf3e52b9b6237_003.png', 'lamp_e333f7f89b74575e9a5046bc3786ad19_002.png', 'lamp_e333f7f89b74575e9a5046bc3786ad19_014.png']",0.04305820336376942
lamp,lamp_train_c1,lamp_c1_train_955143d7f0b5c70fef76898f881b76a_0,1,"['lamp_955143d7f0b5c70fef76898f881b76a_008.png', 'lamp_bc704db7b62582e5d1cbf3e52b9b6237_005.png', 'lamp_955143d7f0b5c70fef76898f881b76a_002.png']",0.017639326817493917
lamp,lamp_train_c1,lamp_c1_train_955143d7f0b5c70fef76898f881b76a_1,0,"['lamp_bc704db7b62582e5d1cbf3e52b9b6237_007.png', 'lamp_955143d7f0b5c70fef76898f881b76a_011.png', 'lamp_955143d7f0b5c70fef76898f881b76a_010.png']",0.017639326817493917
lamp,lamp_train_c1,lamp_c1_train_955143d7f0b5c70fef76898f881b76a_2,2,"['lamp_955143d7f0b5c70fef76898f881b76a_004.png', 'lamp_955143d7f0b5c70fef76898f881b76a_008.png', 'lamp_20af3e3a79e7023a6c342cf382162bc7_014.png']",0.019875891241736388
lamp,lamp_train_c1,lamp_c1_train_c02a408b63a91d294cccbece4754c7cf_0,1,"['lamp_c02a408b63a91d294cccbece4754c7cf_007.png', 'lamp_20af3e3a79e7023a6c342cf382162bc7_013.png', 'lamp_c02a408b63a91d294cccbece4754c7cf_005.png']",0.15672914269140925
lamp,lamp_train_c1,lamp_c1_train_c02a408b63a91d294cccbece4754c7cf_1,1,"['lamp_c02a408b63a91d294cccbece4754c7cf_012.png', 'lamp_bc704db7b62582e5d1cbf3e52b9b6237_010.png', 'lamp_c02a408b63a91d294cccbece4754c7cf_011.png']",0.15322174934871213
lamp,lamp_train_c1,lamp_c1_train_c02a408b63a91d294cccbece4754c7cf_2,2,"['lamp_c02a408b63a91d294cccbece4754c7cf_005.png', 'lamp_c02a408b63a91d294cccbece4754c7cf_010.png', 'lamp_fc8cfb4ad6730207ad90876bf5435820_013.png']",0.15863676944500404
lamp,lamp_train_c1,lamp_c1_train_776e4b38023091002cd2160e449d45ae_0,0,"['lamp_eb8da4f4245496c57f1cdfc0a8f38f2e_002.png', 'lamp_776e4b38023091002cd2160e449d45ae_009.png', 'lamp_776e4b38023091002cd2160e449d45ae_014.png']",0.0570868298218834
lamp,lamp_train_c1,lamp_c1_train_776e4b38023091002cd2160e449d45ae_1,1,"['lamp_776e4b38023091002cd2160e449d45ae_009.png', 'lamp_873aad4a222d541a91c2792fcdc1ca8_001.png', 'lamp_776e4b38023091002cd2160e449d45ae_001.png']",0.0688111768377685
lamp,lamp_train_c1,lamp_c1_train_776e4b38023091002cd2160e449d45ae_2,0,"['lamp_be61621254d82a6ebb40b038e5e0b7f0_014.png', 'lamp_776e4b38023091002cd2160e449d45ae_012.png', 'lamp_776e4b38023091002cd2160e449d45ae_006.png']",0.05776254408206749
lamp,lamp_train_c1,lamp_c1_train_64eaa45bd2e01db8991ff09eca5b27a8_0,1,"['lamp_64eaa45bd2e01db8991ff09eca5b27a8_002.png', 'lamp_955143d7f0b5c70fef76898f881b76a_009.png', 'lamp_64eaa45bd2e01db8991ff09eca5b27a8_008.png']",0.06859613460369185
lamp,lamp_train_c1,lamp_c1_train_64eaa45bd2e01db8991ff09eca5b27a8_1,1,"['lamp_64eaa45bd2e01db8991ff09eca5b27a8_004.png', 'lamp_20af3e3a79e7023a6c342cf382162bc7_009.png', 'lamp_64eaa45bd2e01db8991ff09eca5b27a8_014.png']",0.06737090225620634
lamp,lamp_train_c1,lamp_c1_train_64eaa45bd2e01db8991ff09eca5b27a8_2,2,"['lamp_64eaa45bd2e01db8991ff09eca5b27a8_009.png', 'lamp_64eaa45bd2e01db8991ff09eca5b27a8_004.png', 'lamp_eb8da4f4245496c57f1cdfc0a8f38f2e_013.png']",0.07092695762851209
lamp,lamp_train_c1,lamp_c1_train_b4aee889d5e2a826f6747912091f1965_0,2,"['lamp_b4aee889d5e2a826f6747912091f1965_000.png', 'lamp_b4aee889d5e2a826f6747912091f1965_006.png', 'lamp_20af3e3a79e7023a6c342cf382162bc7_001.png']",0.14044467919984094
lamp,lamp_train_c1,lamp_c1_train_b4aee889d5e2a826f6747912091f1965_1,1,"['lamp_b4aee889d5e2a826f6747912091f1965_010.png', 'lamp_bc704db7b62582e5d1cbf3e52b9b6237_004.png', 'lamp_b4aee889d5e2a826f6747912091f1965_002.png']",0.13675557348607936
lamp,lamp_train_c1,lamp_c1_train_b4aee889d5e2a826f6747912091f1965_2,1,"['lamp_b4aee889d5e2a826f6747912091f1965_013.png', 'lamp_fc8cfb4ad6730207ad90876bf5435820_014.png', 'lamp_b4aee889d5e2a826f6747912091f1965_004.png']",0.14240367381918484
lamp,lamp_train_c1,lamp_c1_train_3fca250636e2b47a8d0fc77aab7a8d33_0,1,"['lamp_3fca250636e2b47a8d0fc77aab7a8d33_001.png', 'lamp_20af3e3a79e7023a6c342cf382162bc7_014.png', 'lamp_3fca250636e2b47a8d0fc77aab7a8d33_012.png']",0.08955563397569033
lamp,lamp_train_c1,lamp_c1_train_3fca250636e2b47a8d0fc77aab7a8d33_1,2,"['lamp_3fca250636e2b47a8d0fc77aab7a8d33_002.png', 'lamp_3fca250636e2b47a8d0fc77aab7a8d33_003.png', 'lamp_925fe53d5075145981a172d69c52a28a_013.png']",0.08714726386004934
lamp,lamp_train_c1,lamp_c1_train_3fca250636e2b47a8d0fc77aab7a8d33_2,2,"['lamp_3fca250636e2b47a8d0fc77aab7a8d33_008.png', 'lamp_3fca250636e2b47a8d0fc77aab7a8d33_010.png', 'lamp_925fe53d5075145981a172d69c52a28a_002.png']",0.08714726386004934
lamp,lamp_train_c1,lamp_c1_train_2071651fb8407e4314038d588fd1342f_0,2,"['lamp_2071651fb8407e4314038d588fd1342f_011.png', 'lamp_2071651fb8407e4314038d588fd1342f_006.png', 'lamp_bc704db7b62582e5d1cbf3e52b9b6237_005.png']",0.0367190318511702
lamp,lamp_train_c1,lamp_c1_train_2071651fb8407e4314038d588fd1342f_1,1,"['lamp_2071651fb8407e4314038d588fd1342f_011.png', 'lamp_eb8da4f4245496c57f1cdfc0a8f38f2e_009.png', 'lamp_2071651fb8407e4314038d588fd1342f_007.png']",0.041521971078746556
lamp,lamp_train_c1,lamp_c1_train_2071651fb8407e4314038d588fd1342f_2,1,"['lamp_2071651fb8407e4314038d588fd1342f_001.png', 'lamp_fc8cfb4ad6730207ad90876bf5435820_012.png', 'lamp_2071651fb8407e4314038d588fd1342f_011.png']",0.04181625925533372
lamp,lamp_train_c1,lamp_c1_train_925fe53d5075145981a172d69c52a28a_0,1,"['lamp_925fe53d5075145981a172d69c52a28a_014.png', 'lamp_eb8da4f4245496c57f1cdfc0a8f38f2e_012.png', 'lamp_925fe53d5075145981a172d69c52a28a_008.png']",0.01816962133373956
lamp,lamp_train_c1,lamp_c1_train_925fe53d5075145981a172d69c52a28a_1,0,"['lamp_bc704db7b62582e5d1cbf3e52b9b6237_014.png', 'lamp_925fe53d5075145981a172d69c52a28a_004.png', 'lamp_925fe53d5075145981a172d69c52a28a_003.png']",0.013652457110160499
lamp,lamp_train_c1,lamp_c1_train_925fe53d5075145981a172d69c52a28a_2,1,"['lamp_925fe53d5075145981a172d69c52a28a_011.png', 'lamp_fc8cfb4ad6730207ad90876bf5435820_011.png', 'lamp_925fe53d5075145981a172d69c52a28a_004.png']",0.019009806725189815
lamp,lamp_train_c1,lamp_c1_train_fc8cfb4ad6730207ad90876bf5435820_0,0,"['lamp_873aad4a222d541a91c2792fcdc1ca8_000.png', 'lamp_fc8cfb4ad6730207ad90876bf5435820_003.png', 'lamp_fc8cfb4ad6730207ad90876bf5435820_011.png']",0.014475733989569917
lamp,lamp_train_c1,lamp_c1_train_fc8cfb4ad6730207ad90876bf5435820_1,2,"['lamp_fc8cfb4ad6730207ad90876bf5435820_014.png', 'lamp_fc8cfb4ad6730207ad90876bf5435820_012.png', 'lamp_6936b0f0e7c88e3bdc22f557e01eba14_005.png']",0.01504899560173556
lamp,lamp_train_c1,lamp_c1_train_fc8cfb4ad6730207ad90876bf5435820_2,1,"['lamp_fc8cfb4ad6730207ad90876bf5435820_006.png', 'lamp_20af3e3a79e7023a6c342cf382162bc7_005.png', 'lamp_fc8cfb4ad6730207ad90876bf5435820_002.png']",0.00894493671148544
lamp,lamp_train_c1,lamp_c1_train_1ac102f4a452771521e935c3c465f9f_0,2,"['lamp_1ac102f4a452771521e935c3c465f9f_013.png', 'lamp_1ac102f4a452771521e935c3c465f9f_009.png', 'lamp_bc704db7b62582e5d1cbf3e52b9b6237_014.png']",0.056551655459233574
lamp,lamp_train_c1,lamp_c1_train_1ac102f4a452771521e935c3c465f9f_1,2,"['lamp_1ac102f4a452771521e935c3c465f9f_007.png', 'lamp_1ac102f4a452771521e935c3c465f9f_011.png', 'lamp_6936b0f0e7c88e3bdc22f557e01eba14_000.png']",0.062417335012859065
lamp,lamp_train_c1,lamp_c1_train_1ac102f4a452771521e935c3c465f9f_2,0,"['lamp_20af3e3a79e7023a6c342cf382162bc7_003.png', 'lamp_1ac102f4a452771521e935c3c465f9f_000.png', 'lamp_1ac102f4a452771521e935c3c465f9f_004.png']",0.05875760118804296
lamp,lamp_train_c1,lamp_c1_train_b2bdd202470b4166f3a29b1591515940_0,0,"['lamp_bc704db7b62582e5d1cbf3e52b9b6237_010.png', 'lamp_b2bdd202470b4166f3a29b1591515940_004.png', 'lamp_b2bdd202470b4166f3a29b1591515940_013.png']",0.04272732230719478
lamp,lamp_train_c1,lamp_c1_train_b2bdd202470b4166f3a29b1591515940_1,1,"['lamp_b2bdd202470b4166f3a29b1591515940_011.png', 'lamp_20af3e3a79e7023a6c342cf382162bc7_002.png', 'lamp_b2bdd202470b4166f3a29b1591515940_006.png']",0.0471488152172721
lamp,lamp_train_c1,lamp_c1_train_b2bdd202470b4166f3a29b1591515940_2,2,"['lamp_b2bdd202470b4166f3a29b1591515940_009.png', 'lamp_b2bdd202470b4166f3a29b1591515940_006.png', 'lamp_bc704db7b62582e5d1cbf3e52b9b6237_012.png']",0.04272732230719478
lamp,lamp_train_c1,lamp_c1_train_7fc85bf0b0989f864f3443b22038d340_0,1,"['lamp_7fc85bf0b0989f864f3443b22038d340_008.png', 'lamp_955143d7f0b5c70fef76898f881b76a_000.png', 'lamp_7fc85bf0b0989f864f3443b22038d340_010.png']",0.04428132680416352
lamp,lamp_train_c1,lamp_c1_train_7fc85bf0b0989f864f3443b22038d340_1,2,"['lamp_7fc85bf0b0989f864f3443b22038d340_010.png', 'lamp_7fc85bf0b0989f864f3443b22038d340_012.png', 'lamp_873aad4a222d541a91c2792fcdc1ca8_009.png']",0.03999646609627028
lamp,lamp_train_c1,lamp_c1_train_7fc85bf0b0989f864f3443b22038d340_2,2,"['lamp_7fc85bf0b0989f864f3443b22038d340_007.png', 'lamp_7fc85bf0b0989f864f3443b22038d340_003.png', 'lamp_bc704db7b62582e5d1cbf3e52b9b6237_006.png']",0.03359143072489301
lamp,lamp_train_c1,lamp_c1_train_be61621254d82a6ebb40b038e5e0b7f0_0,1,"['lamp_be61621254d82a6ebb40b038e5e0b7f0_008.png', 'lamp_bc704db7b62582e5d1cbf3e52b9b6237_008.png', 'lamp_be61621254d82a6ebb40b038e5e0b7f0_009.png']",0.019663408989343156
lamp,lamp_train_c1,lamp_c1_train_be61621254d82a6ebb40b038e5e0b7f0_1,1,"['lamp_be61621254d82a6ebb40b038e5e0b7f0_010.png', 'lamp_873aad4a222d541a91c2792fcdc1ca8_010.png', 'lamp_be61621254d82a6ebb40b038e5e0b7f0_006.png']",0.02480833024915008
lamp,lamp_train_c1,lamp_c1_train_be61621254d82a6ebb40b038e5e0b7f0_2,1,"['lamp_be61621254d82a6ebb40b038e5e0b7f0_002.png', 'lamp_eb8da4f4245496c57f1cdfc0a8f38f2e_004.png', 'lamp_be61621254d82a6ebb40b038e5e0b7f0_005.png']",0.01585272314907682
lamp,lamp_train_c1,lamp_c1_train_abf04f17d2c84a160e37b3f76995f8b_0,1,"['lamp_abf04f17d2c84a160e37b3f76995f8b_012.png', 'lamp_c906a9c7ae536a0c7fb7f79251dd7727_004.png', 'lamp_abf04f17d2c84a160e37b3f76995f8b_014.png']",0.11612709548382516
lamp,lamp_train_c1,lamp_c1_train_abf04f17d2c84a160e37b3f76995f8b_1,0,"['lamp_2071651fb8407e4314038d588fd1342f_014.png', 'lamp_abf04f17d2c84a160e37b3f76995f8b_012.png', 'lamp_abf04f17d2c84a160e37b3f76995f8b_004.png']",0.11872656211469945
lamp,lamp_train_c1,lamp_c1_train_abf04f17d2c84a160e37b3f76995f8b_2,1,"['lamp_abf04f17d2c84a160e37b3f76995f8b_005.png', 'lamp_20af3e3a79e7023a6c342cf382162bc7_004.png', 'lamp_abf04f17d2c84a160e37b3f76995f8b_012.png']",0.11505079560945508
lamp,lamp_train_c1,lamp_c1_train_873aad4a222d541a91c2792fcdc1ca8_0,1,"['lamp_873aad4a222d541a91c2792fcdc1ca8_000.png', 'lamp_bc704db7b62582e5d1cbf3e52b9b6237_010.png', 'lamp_873aad4a222d541a91c2792fcdc1ca8_013.png']",0.007951724742694122
lamp,lamp_train_c1,lamp_c1_train_873aad4a222d541a91c2792fcdc1ca8_1,2,"['lamp_873aad4a222d541a91c2792fcdc1ca8_011.png', 'lamp_873aad4a222d541a91c2792fcdc1ca8_012.png', 'lamp_fc8cfb4ad6730207ad90876bf5435820_009.png']",0.014475733989569917
lamp,lamp_train_c1,lamp_c1_train_873aad4a222d541a91c2792fcdc1ca8_2,2,"['lamp_873aad4a222d541a91c2792fcdc1ca8_002.png', 'lamp_873aad4a222d541a91c2792fcdc1ca8_013.png', 'lamp_fc8cfb4ad6730207ad90876bf5435820_006.png']",0.014475733989569917
lamp,lamp_train_c2,lamp_c2_train_d1948365bbed9de270bb6bcb670ecdf5_0,0,"['lamp_4b7ba911d5504501b320860840f0eeef_012.png', 'lamp_d1948365bbed9de270bb6bcb670ecdf5_004.png', 'lamp_d1948365bbed9de270bb6bcb670ecdf5_012.png']",0.1817473853239039
lamp,lamp_train_c2,lamp_c2_train_d1948365bbed9de270bb6bcb670ecdf5_1,1,"['lamp_d1948365bbed9de270bb6bcb670ecdf5_012.png', 'lamp_8f7863c4940c99211735ea0e092a805a_013.png', 'lamp_d1948365bbed9de270bb6bcb670ecdf5_007.png']",0.362140665216828
lamp,lamp_train_c2,lamp_c2_train_d1948365bbed9de270bb6bcb670ecdf5_2,2,"['lamp_d1948365bbed9de270bb6bcb670ecdf5_011.png', 'lamp_d1948365bbed9de270bb6bcb670ecdf5_009.png', 'lamp_5d265be0ec25af3a7f772a7ed7ffb61_004.png']",0.2976408575152816
lamp,lamp_train_c2,lamp_c2_train_7b005e23eae2768eb08c032bedc99529_0,1,"['lamp_7b005e23eae2768eb08c032bedc99529_010.png', 'lamp_4b7ba911d5504501b320860840f0eeef_010.png', 'lamp_7b005e23eae2768eb08c032bedc99529_012.png']",0.3572185603645385
lamp,lamp_train_c2,lamp_c2_train_7b005e23eae2768eb08c032bedc99529_1,2,"['lamp_7b005e23eae2768eb08c032bedc99529_001.png', 'lamp_7b005e23eae2768eb08c032bedc99529_014.png', 'lamp_98c7c2542dddd40af24f994bad42f06e_013.png']",0.4455678180484607
lamp,lamp_train_c2,lamp_c2_train_7b005e23eae2768eb08c032bedc99529_2,2,"['lamp_7b005e23eae2768eb08c032bedc99529_009.png', 'lamp_7b005e23eae2768eb08c032bedc99529_013.png', 'lamp_6750d3745d49f7ad3c1ac1040256359a_010.png']",0.2513207517975683
lamp,lamp_train_c2,lamp_c2_train_d00391a3bec2a9456a44fdd49dec8069_0,1,"['lamp_d00391a3bec2a9456a44fdd49dec8069_008.png', 'lamp_bf792ee1a5570858d0615e6a68ba2d50_000.png', 'lamp_d00391a3bec2a9456a44fdd49dec8069_001.png']",0.23812219416050429
lamp,lamp_train_c2,lamp_c2_train_d00391a3bec2a9456a44fdd49dec8069_1,0,"['lamp_221e2caf85f9bc5a2f9aa70de681f2c4_004.png', 'lamp_d00391a3bec2a9456a44fdd49dec8069_009.png', 'lamp_d00391a3bec2a9456a44fdd49dec8069_004.png']",0.0594339529193435
lamp,lamp_train_c2,lamp_c2_train_d00391a3bec2a9456a44fdd49dec8069_2,1,"['lamp_d00391a3bec2a9456a44fdd49dec8069_003.png', 'lamp_cd05ada0981bd85a2c528d33bca1ac2_014.png', 'lamp_d00391a3bec2a9456a44fdd49dec8069_009.png']",0.14573567292315615
lamp,lamp_train_c2,lamp_c2_train_cd05ada0981bd85a2c528d33bca1ac2_0,2,"['lamp_cd05ada0981bd85a2c528d33bca1ac2_001.png', 'lamp_cd05ada0981bd85a2c528d33bca1ac2_012.png', 'lamp_221e2caf85f9bc5a2f9aa70de681f2c4_014.png']",0.1178683906832464
lamp,lamp_train_c2,lamp_c2_train_cd05ada0981bd85a2c528d33bca1ac2_1,1,"['lamp_cd05ada0981bd85a2c528d33bca1ac2_011.png', 'lamp_d00391a3bec2a9456a44fdd49dec8069_012.png', 'lamp_cd05ada0981bd85a2c528d33bca1ac2_001.png']",0.14573567292315615
lamp,lamp_train_c2,lamp_c2_train_cd05ada0981bd85a2c528d33bca1ac2_2,1,"['lamp_cd05ada0981bd85a2c528d33bca1ac2_005.png', 'lamp_221e2caf85f9bc5a2f9aa70de681f2c4_012.png', 'lamp_cd05ada0981bd85a2c528d33bca1ac2_011.png']",0.1178683906832464
lamp,lamp_train_c2,lamp_c2_train_e4c9bb21fe5bfeb3e21f078602e2eda8_0,1,"['lamp_e4c9bb21fe5bfeb3e21f078602e2eda8_001.png', 'lamp_6750d3745d49f7ad3c1ac1040256359a_011.png', 'lamp_e4c9bb21fe5bfeb3e21f078602e2eda8_008.png']",0.3962759749268824
lamp,lamp_train_c2,lamp_c2_train_e4c9bb21fe5bfeb3e21f078602e2eda8_1,1,"['lamp_e4c9bb21fe5bfeb3e21f078602e2eda8_012.png', 'lamp_6750d3745d49f7ad3c1ac1040256359a_012.png', 'lamp_e4c9bb21fe5bfeb3e21f078602e2eda8_013.png']",0.3962759749268824
lamp,lamp_train_c2,lamp_c2_train_e4c9bb21fe5bfeb3e21f078602e2eda8_2,0,"['lamp_d1948365bbed9de270bb6bcb670ecdf5_008.png', 'lamp_e4c9bb21fe5bfeb3e21f078602e2eda8_012.png', 'lamp_e4c9bb21fe5bfeb3e21f078602e2eda8_008.png']",0.17794725367555908
lamp,lamp_train_c2,lamp_c2_train_3ba4b7bb7b6d89415461e7d030e03e48_0,2,"['lamp_3ba4b7bb7b6d89415461e7d030e03e48_014.png', 'lamp_3ba4b7bb7b6d89415461e7d030e03e48_000.png', 'lamp_98c7c2542dddd40af24f994bad42f06e_000.png']",0.4308547588733952
lamp,lamp_train_c2,lamp_c2_train_3ba4b7bb7b6d89415461e7d030e03e48_1,2,"['lamp_3ba4b7bb7b6d89415461e7d030e03e48_008.png', 'lamp_3ba4b7bb7b6d89415461e7d030e03e48_013.png', 'lamp_6750d3745d49f7ad3c1ac1040256359a_008.png']",0.43341664005477587
lamp,lamp_train_c2,lamp_c2_train_3ba4b7bb7b6d89415461e7d030e03e48_2,2,"['lamp_3ba4b7bb7b6d89415461e7d030e03e48_012.png', 'lamp_3ba4b7bb7b6d89415461e7d030e03e48_003.png', 'lamp_7b005e23eae2768eb08c032bedc99529_007.png']",0.30566791983459396
lamp,lamp_train_c2,lamp_c2_train_a5fc64e1faa85794de03ab2a27ba7531_0,0,"['lamp_f5c61ca4acfb7f5435836c728d324152_012.png', 'lamp_a5fc64e1faa85794de03ab2a27ba7531_013.png', 'lamp_a5fc64e1faa85794de03ab2a27ba7531_006.png']",0.5306988983652385
lamp,lamp_train_c2,lamp_c2_train_a5fc64e1faa85794de03ab2a27ba7531_1,2,"['lamp_a5fc64e1faa85794de03ab2a27ba7531_006.png', 'lamp_a5fc64e1faa85794de03ab2a27ba7531_013.png', 'lamp_221e2caf85f9bc5a2f9aa70de681f2c4_005.png']",0.5689035880902662
lamp,lamp_train_c2,lamp_c2_train_a5fc64e1faa85794de03ab2a27ba7531_2,1,"['lamp_a5fc64e1faa85794de03ab2a27ba7531_010.png', 'lamp_50cade4e6f714f2fc72e6d708486db91_003.png', 'lamp_a5fc64e1faa85794de03ab2a27ba7531_001.png']",0.6070263271800336
lamp,lamp_train_c2,lamp_c2_train_b64e98c991d4103170365ad078f710ff_0,2,"['lamp_b64e98c991d4103170365ad078f710ff_003.png', 'lamp_b64e98c991d4103170365ad078f710ff_004.png', 'lamp_cd05ada0981bd85a2c528d33bca1ac2_008.png']",0.38597978935793353
lamp,lamp_train_c2,lamp_c2_train_b64e98c991d4103170365ad078f710ff_1,1,"['lamp_b64e98c991d4103170365ad078f710ff_013.png', 'lamp_d00391a3bec2a9456a44fdd49dec8069_000.png', 'lamp_b64e98c991d4103170365ad078f710ff_003.png']",0.34011411186872065
lamp,lamp_train_c2,lamp_c2_train_b64e98c991d4103170365ad078f710ff_2,2,"['lamp_b64e98c991d4103170365ad078f710ff_008.png', 'lamp_b64e98c991d4103170365ad078f710ff_011.png', 'lamp_d00391a3bec2a9456a44fdd49dec8069_001.png']",0.34011411186872065
lamp,lamp_train_c2,lamp_c2_train_6750d3745d49f7ad3c1ac1040256359a_0,2,"['lamp_6750d3745d49f7ad3c1ac1040256359a_006.png', 'lamp_6750d3745d49f7ad3c1ac1040256359a_007.png', 'lamp_e4c9bb21fe5bfeb3e21f078602e2eda8_011.png']",0.3962759749268824
lamp,lamp_train_c2,lamp_c2_train_6750d3745d49f7ad3c1ac1040256359a_1,2,"['lamp_6750d3745d49f7ad3c1ac1040256359a_011.png', 'lamp_6750d3745d49f7ad3c1ac1040256359a_002.png', 'lamp_4b7ba911d5504501b320860840f0eeef_011.png']",0.4474577734753975
lamp,lamp_train_c2,lamp_c2_train_6750d3745d49f7ad3c1ac1040256359a_2,1,"['lamp_6750d3745d49f7ad3c1ac1040256359a_000.png', 'lamp_e4c9bb21fe5bfeb3e21f078602e2eda8_011.png', 'lamp_6750d3745d49f7ad3c1ac1040256359a_002.png']",0.3962759749268824
lamp,lamp_train_c2,lamp_c2_train_8f7863c4940c99211735ea0e092a805a_0,1,"['lamp_8f7863c4940c99211735ea0e092a805a_000.png', 'lamp_bf792ee1a5570858d0615e6a68ba2d50_008.png', 'lamp_8f7863c4940c99211735ea0e092a805a_001.png']",0.25753622621006833
lamp,lamp_train_c2,lamp_c2_train_8f7863c4940c99211735ea0e092a805a_1,0,"['lamp_5d265be0ec25af3a7f772a7ed7ffb61_012.png', 'lamp_8f7863c4940c99211735ea0e092a805a_007.png', 'lamp_8f7863c4940c99211735ea0e092a805a_000.png']",0.2881229264835721
lamp,lamp_train_c2,lamp_c2_train_8f7863c4940c99211735ea0e092a805a_2,2,"['lamp_8f7863c4940c99211735ea0e092a805a_001.png', 'lamp_8f7863c4940c99211735ea0e092a805a_010.png', 'lamp_bf792ee1a5570858d0615e6a68ba2d50_014.png']",0.25753622621006833
lamp,lamp_train_c2,lamp_c2_train_221e2caf85f9bc5a2f9aa70de681f2c4_0,0,"['lamp_d00391a3bec2a9456a44fdd49dec8069_014.png', 'lamp_221e2caf85f9bc5a2f9aa70de681f2c4_007.png', 'lamp_221e2caf85f9bc5a2f9aa70de681f2c4_000.png']",0.0594339529193435
lamp,lamp_train_c2,lamp_c2_train_221e2caf85f9bc5a2f9aa70de681f2c4_1,0,"['lamp_d00391a3bec2a9456a44fdd49dec8069_012.png', 'lamp_221e2caf85f9bc5a2f9aa70de681f2c4_011.png', 'lamp_221e2caf85f9bc5a2f9aa70de681f2c4_004.png']",0.0594339529193435
lamp,lamp_train_c2,lamp_c2_train_221e2caf85f9bc5a2f9aa70de681f2c4_2,2,"['lamp_221e2caf85f9bc5a2f9aa70de681f2c4_013.png', 'lamp_221e2caf85f9bc5a2f9aa70de681f2c4_004.png', 'lamp_f5c61ca4acfb7f5435836c728d324152_012.png']",0.2875444491741722
lamp,lamp_train_c2,lamp_c2_train_4b7ba911d5504501b320860840f0eeef_0,1,"['lamp_4b7ba911d5504501b320860840f0eeef_001.png', 'lamp_e4c9bb21fe5bfeb3e21f078602e2eda8_011.png', 'lamp_4b7ba911d5504501b320860840f0eeef_004.png']",0.22104930405577106
lamp,lamp_train_c2,lamp_c2_train_4b7ba911d5504501b320860840f0eeef_1,0,"['lamp_7b005e23eae2768eb08c032bedc99529_005.png', 'lamp_4b7ba911d5504501b320860840f0eeef_014.png', 'lamp_4b7ba911d5504501b320860840f0eeef_010.png']",0.3572185603645385
lamp,lamp_train_c2,lamp_c2_train_4b7ba911d5504501b320860840f0eeef_2,0,"['lamp_a26918d26e74fcb796433fd91744c67a_006.png', 'lamp_4b7ba911d5504501b320860840f0eeef_014.png', 'lamp_4b7ba911d5504501b320860840f0eeef_012.png']",0.2847451195941968
lamp,lamp_train_c2,lamp_c2_train_4b6ba211c9731d334c614ad0ec154eb5_0,2,"['lamp_4b6ba211c9731d334c614ad0ec154eb5_001.png', 'lamp_4b6ba211c9731d334c614ad0ec154eb5_010.png', 'lamp_2cdb96501ab2ccbf35836c728d324152_013.png']",0.2618680737592607
lamp,lamp_train_c2,lamp_c2_train_4b6ba211c9731d334c614ad0ec154eb5_1,2,"['lamp_4b6ba211c9731d334c614ad0ec154eb5_006.png', 'lamp_4b6ba211c9731d334c614ad0ec154eb5_008.png', 'lamp_b5c4331e5896bcec1119ad686ed3f611_009.png']",0.42911326084371126
lamp,lamp_train_c2,lamp_c2_train_4b6ba211c9731d334c614ad0ec154eb5_2,0,"['lamp_a26918d26e74fcb796433fd91744c67a_013.png', 'lamp_4b6ba211c9731d334c614ad0ec154eb5_006.png', 'lamp_4b6ba211c9731d334c614ad0ec154eb5_000.png']",0.41809015660436466
lamp,lamp_train_c2,lamp_c2_train_bf792ee1a5570858d0615e6a68ba2d50_0,2,"['lamp_bf792ee1a5570858d0615e6a68ba2d50_002.png', 'lamp_bf792ee1a5570858d0615e6a68ba2d50_013.png', 'lamp_50cade4e6f714f2fc72e6d708486db91_005.png']",0.22424415497770134
lamp,lamp_train_c2,lamp_c2_train_bf792ee1a5570858d0615e6a68ba2d50_1,0,"['lamp_cd05ada0981bd85a2c528d33bca1ac2_013.png', 'lamp_bf792ee1a5570858d0615e6a68ba2d50_009.png', 'lamp_bf792ee1a5570858d0615e6a68ba2d50_013.png']",0.26411280824173977
lamp,lamp_train_c2,lamp_c2_train_bf792ee1a5570858d0615e6a68ba2d50_2,1,"['lamp_bf792ee1a5570858d0615e6a68ba2d50_012.png', 'lamp_50cade4e6f714f2fc72e6d708486db91_008.png', 'lamp_bf792ee1a5570858d0615e6a68ba2d50_004.png']",0.22424415497770134
lamp,lamp_train_c2,lamp_c2_train_a5b8eda3cc13acfbbc8967b0321bd9d2_0,2,"['lamp_a5b8eda3cc13acfbbc8967b0321bd9d2_007.png', 'lamp_a5b8eda3cc13acfbbc8967b0321bd9d2_010.png', 'lamp_b5c4331e5896bcec1119ad686ed3f611_013.png']",0.3765939627271153
lamp,lamp_train_c2,lamp_c2_train_a5b8eda3cc13acfbbc8967b0321bd9d2_1,1,"['lamp_a5b8eda3cc13acfbbc8967b0321bd9d2_008.png', 'lamp_b5c4331e5896bcec1119ad686ed3f611_003.png', 'lamp_a5b8eda3cc13acfbbc8967b0321bd9d2_003.png']",0.3765939627271153
lamp,lamp_train_c2,lamp_c2_train_a5b8eda3cc13acfbbc8967b0321bd9d2_2,2,"['lamp_a5b8eda3cc13acfbbc8967b0321bd9d2_009.png', 'lamp_a5b8eda3cc13acfbbc8967b0321bd9d2_008.png', 'lamp_2cdb96501ab2ccbf35836c728d324152_004.png']",0.41212450456869043
lamp,lamp_train_c2,lamp_c2_train_98c7c2542dddd40af24f994bad42f06e_0,1,"['lamp_98c7c2542dddd40af24f994bad42f06e_002.png', 'lamp_e4c9bb21fe5bfeb3e21f078602e2eda8_007.png', 'lamp_98c7c2542dddd40af24f994bad42f06e_013.png']",0.2399366574653905
lamp,lamp_train_c2,lamp_c2_train_98c7c2542dddd40af24f994bad42f06e_1,0,"['lamp_e4c9bb21fe5bfeb3e21f078602e2eda8_009.png', 'lamp_98c7c2542dddd40af24f994bad42f06e_008.png', 'lamp_98c7c2542dddd40af24f994bad42f06e_004.png']",0.2399366574653905
lamp,lamp_train_c2,lamp_c2_train_98c7c2542dddd40af24f994bad42f06e_2,0,"['lamp_e4c9bb21fe5bfeb3e21f078602e2eda8_002.png', 'lamp_98c7c2542dddd40af24f994bad42f06e_009.png', 'lamp_98c7c2542dddd40af24f994bad42f06e_005.png']",0.2399366574653905
lamp,lamp_train_c2,lamp_c2_train_b8c6a482bc4d5da6fcb8d8c6d4df8143_0,0,"['lamp_5d265be0ec25af3a7f772a7ed7ffb61_010.png', 'lamp_b8c6a482bc4d5da6fcb8d8c6d4df8143_012.png', 'lamp_b8c6a482bc4d5da6fcb8d8c6d4df8143_008.png']",0.33051137361083227
lamp,lamp_train_c2,lamp_c2_train_b8c6a482bc4d5da6fcb8d8c6d4df8143_1,1,"['lamp_b8c6a482bc4d5da6fcb8d8c6d4df8143_004.png', 'lamp_f5c61ca4acfb7f5435836c728d324152_003.png', 'lamp_b8c6a482bc4d5da6fcb8d8c6d4df8143_010.png']",0.33486652066623457
lamp,lamp_train_c2,lamp_c2_train_b8c6a482bc4d5da6fcb8d8c6d4df8143_2,0,"['lamp_f5c61ca4acfb7f5435836c728d324152_007.png', 'lamp_b8c6a482bc4d5da6fcb8d8c6d4df8143_004.png', 'lamp_b8c6a482bc4d5da6fcb8d8c6d4df8143_014.png']",0.33486652066623457
lamp,lamp_train_c2,lamp_c2_train_50cade4e6f714f2fc72e6d708486db91_0,0,"['lamp_221e2caf85f9bc5a2f9aa70de681f2c4_002.png', 'lamp_50cade4e6f714f2fc72e6d708486db91_012.png', 'lamp_50cade4e6f714f2fc72e6d708486db91_014.png']",0.368940419582808
lamp,lamp_train_c2,lamp_c2_train_50cade4e6f714f2fc72e6d708486db91_1,2,"['lamp_50cade4e6f714f2fc72e6d708486db91_007.png', 'lamp_50cade4e6f714f2fc72e6d708486db91_001.png', 'lamp_221e2caf85f9bc5a2f9aa70de681f2c4_011.png']",0.368940419582808
lamp,lamp_train_c2,lamp_c2_train_50cade4e6f714f2fc72e6d708486db91_2,2,"['lamp_50cade4e6f714f2fc72e6d708486db91_012.png', 'lamp_50cade4e6f714f2fc72e6d708486db91_001.png', 'lamp_f5c61ca4acfb7f5435836c728d324152_012.png']",0.39848842651213
lamp,lamp_train_c2,lamp_c2_train_a26918d26e74fcb796433fd91744c67a_0,0,"['lamp_4b7ba911d5504501b320860840f0eeef_011.png', 'lamp_a26918d26e74fcb796433fd91744c67a_008.png', 'lamp_a26918d26e74fcb796433fd91744c67a_001.png']",0.2847451195941968
lamp,lamp_train_c2,lamp_c2_train_a26918d26e74fcb796433fd91744c67a_1,2,"['lamp_a26918d26e74fcb796433fd91744c67a_002.png', 'lamp_a26918d26e74fcb796433fd91744c67a_003.png', 'lamp_b5c4331e5896bcec1119ad686ed3f611_001.png']",0.3335185135110661
lamp,lamp_train_c2,lamp_c2_train_a26918d26e74fcb796433fd91744c67a_2,0,"['lamp_4b6ba211c9731d334c614ad0ec154eb5_002.png', 'lamp_a26918d26e74fcb796433fd91744c67a_013.png', 'lamp_a26918d26e74fcb796433fd91744c67a_009.png']",0.41809015660436466
lamp,lamp_train_c2,lamp_c2_train_2cdb96501ab2ccbf35836c728d324152_0,0,"['lamp_e9b1b74a44465b8b192ae1372f64f330_000.png', 'lamp_2cdb96501ab2ccbf35836c728d324152_009.png', 'lamp_2cdb96501ab2ccbf35836c728d324152_013.png']",0.47054659689475087
lamp,lamp_train_c2,lamp_c2_train_2cdb96501ab2ccbf35836c728d324152_1,0,"['lamp_b8c6a482bc4d5da6fcb8d8c6d4df8143_009.png', 'lamp_2cdb96501ab2ccbf35836c728d324152_013.png', 'lamp_2cdb96501ab2ccbf35836c728d324152_002.png']",0.3534702567139131
lamp,lamp_train_c2,lamp_c2_train_2cdb96501ab2ccbf35836c728d324152_2,0,"['lamp_e9b1b74a44465b8b192ae1372f64f330_003.png', 'lamp_2cdb96501ab2ccbf35836c728d324152_011.png', 'lamp_2cdb96501ab2ccbf35836c728d324152_005.png']",0.47054659689475087
lamp,lamp_train_c2,lamp_c2_train_e9b1b74a44465b8b192ae1372f64f330_0,2,"['lamp_e9b1b74a44465b8b192ae1372f64f330_000.png', 'lamp_e9b1b74a44465b8b192ae1372f64f330_002.png', 'lamp_2cdb96501ab2ccbf35836c728d324152_006.png']",0.47054659689475087
lamp,lamp_train_c2,lamp_c2_train_e9b1b74a44465b8b192ae1372f64f330_1,0,"['lamp_6750d3745d49f7ad3c1ac1040256359a_001.png', 'lamp_e9b1b74a44465b8b192ae1372f64f330_006.png', 'lamp_e9b1b74a44465b8b192ae1372f64f330_001.png']",0.4564233779259861
lamp,lamp_train_c2,lamp_c2_train_e9b1b74a44465b8b192ae1372f64f330_2,0,"['lamp_2cdb96501ab2ccbf35836c728d324152_006.png', 'lamp_e9b1b74a44465b8b192ae1372f64f330_001.png', 'lamp_e9b1b74a44465b8b192ae1372f64f330_000.png']",0.47054659689475087
lamp,lamp_train_c2,lamp_c2_train_8ce777fa2b40476cfcb8d8c6d4df8143_0,2,"['lamp_8ce777fa2b40476cfcb8d8c6d4df8143_014.png', 'lamp_8ce777fa2b40476cfcb8d8c6d4df8143_011.png', 'lamp_a5fc64e1faa85794de03ab2a27ba7531_004.png']",0.4107314702487257
lamp,lamp_train_c2,lamp_c2_train_8ce777fa2b40476cfcb8d8c6d4df8143_1,0,"['lamp_4b7ba911d5504501b320860840f0eeef_013.png', 'lamp_8ce777fa2b40476cfcb8d8c6d4df8143_008.png', 'lamp_8ce777fa2b40476cfcb8d8c6d4df8143_010.png']",0.46043551599802046
lamp,lamp_train_c2,lamp_c2_train_8ce777fa2b40476cfcb8d8c6d4df8143_2,1,"['lamp_8ce777fa2b40476cfcb8d8c6d4df8143_002.png', 'lamp_e9b1b74a44465b8b192ae1372f64f330_011.png', 'lamp_8ce777fa2b40476cfcb8d8c6d4df8143_000.png']",0.49713728453156003
lamp,lamp_train_c2,lamp_c2_train_b5c4331e5896bcec1119ad686ed3f611_0,0,"['lamp_a5b8eda3cc13acfbbc8967b0321bd9d2_000.png', 'lamp_b5c4331e5896bcec1119ad686ed3f611_005.png', 'lamp_b5c4331e5896bcec1119ad686ed3f611_004.png']",0.3765939627271153
lamp,lamp_train_c2,lamp_c2_train_b5c4331e5896bcec1119ad686ed3f611_1,1,"['lamp_b5c4331e5896bcec1119ad686ed3f611_004.png', 'lamp_b8c6a482bc4d5da6fcb8d8c6d4df8143_005.png', 'lamp_b5c4331e5896bcec1119ad686ed3f611_012.png']",0.28957902461350427
lamp,lamp_train_c2,lamp_c2_train_b5c4331e5896bcec1119ad686ed3f611_2,1,"['lamp_b5c4331e5896bcec1119ad686ed3f611_010.png', 'lamp_5d265be0ec25af3a7f772a7ed7ffb61_005.png', 'lamp_b5c4331e5896bcec1119ad686ed3f611_009.png']",0.26994422355141356
lamp,lamp_train_c2,lamp_c2_train_5d265be0ec25af3a7f772a7ed7ffb61_0,0,"['lamp_cd05ada0981bd85a2c528d33bca1ac2_009.png', 'lamp_5d265be0ec25af3a7f772a7ed7ffb61_008.png', 'lamp_5d265be0ec25af3a7f772a7ed7ffb61_014.png']",0.324223179870304
lamp,lamp_train_c2,lamp_c2_train_5d265be0ec25af3a7f772a7ed7ffb61_1,0,"['lamp_8f7863c4940c99211735ea0e092a805a_003.png', 'lamp_5d265be0ec25af3a7f772a7ed7ffb61_010.png', 'lamp_5d265be0ec25af3a7f772a7ed7ffb61_002.png']",0.2881229264835721
lamp,lamp_train_c2,lamp_c2_train_5d265be0ec25af3a7f772a7ed7ffb61_2,2,"['lamp_5d265be0ec25af3a7f772a7ed7ffb61_002.png', 'lamp_5d265be0ec25af3a7f772a7ed7ffb61_011.png', 'lamp_f5c61ca4acfb7f5435836c728d324152_010.png']",0.3231604064563053
lamp,lamp_train_c2,lamp_c2_train_f5c61ca4acfb7f5435836c728d324152_0,1,"['lamp_f5c61ca4acfb7f5435836c728d324152_008.png', 'lamp_bf792ee1a5570858d0615e6a68ba2d50_002.png', 'lamp_f5c61ca4acfb7f5435836c728d324152_014.png']",0.31411848773600615
lamp,lamp_train_c2,lamp_c2_train_f5c61ca4acfb7f5435836c728d324152_1,1,"['lamp_f5c61ca4acfb7f5435836c728d324152_003.png', 'lamp_221e2caf85f9bc5a2f9aa70de681f2c4_009.png', 'lamp_f5c61ca4acfb7f5435836c728d324152_014.png']",0.2875444491741722
lamp,lamp_train_c2,lamp_c2_train_f5c61ca4acfb7f5435836c728d324152_2,2,"['lamp_f5c61ca4acfb7f5435836c728d324152_014.png', 'lamp_f5c61ca4acfb7f5435836c728d324152_009.png', 'lamp_cd05ada0981bd85a2c528d33bca1ac2_012.png']",0.22295190841273416
loudspeaker,loudspeaker_train_c0,loudspeaker_c0_train_17ba9b90304be1b4ebe67d9b32c3ddf8_0,0,"['loudspeaker_b5a2b8202014ae157a3d98bc650d077e_004.png', 'loudspeaker_17ba9b90304be1b4ebe67d9b32c3ddf8_001.png', 'loudspeaker_17ba9b90304be1b4ebe67d9b32c3ddf8_011.png']",0.12151473880097918
loudspeaker,loudspeaker_train_c0,loudspeaker_c0_train_17ba9b90304be1b4ebe67d9b32c3ddf8_1,2,"['loudspeaker_17ba9b90304be1b4ebe67d9b32c3ddf8_001.png', 'loudspeaker_17ba9b90304be1b4ebe67d9b32c3ddf8_006.png', 'loudspeaker_d2426b884d1108e8bdc8d5970acdf989_002.png']",0.3578218970621926
loudspeaker,loudspeaker_train_c0,loudspeaker_c0_train_17ba9b90304be1b4ebe67d9b32c3ddf8_2,0,"['loudspeaker_43990d5a8ffd32774f074cdf0a32eafe_005.png', 'loudspeaker_17ba9b90304be1b4ebe67d9b32c3ddf8_002.png', 'loudspeaker_17ba9b90304be1b4ebe67d9b32c3ddf8_013.png']",0.27942949321881505
loudspeaker,loudspeaker_train_c0,loudspeaker_c0_train_add914368a6ca448732bda87f2718525_0,1,"['loudspeaker_add914368a6ca448732bda87f2718525_009.png', 'loudspeaker_eb7b66a6557a05a4ab7f9d2da6fc61cf_006.png', 'loudspeaker_add914368a6ca448732bda87f2718525_008.png']",0.5815060219718036
loudspeaker,loudspeaker_train_c0,loudspeaker_c0_train_add914368a6ca448732bda87f2718525_1,1,"['loudspeaker_add914368a6ca448732bda87f2718525_011.png', 'loudspeaker_eb7b66a6557a05a4ab7f9d2da6fc61cf_005.png', 'loudspeaker_add914368a6ca448732bda87f2718525_010.png']",0.5815060219718036
loudspeaker,loudspeaker_train_c0,loudspeaker_c0_train_add914368a6ca448732bda87f2718525_2,0,"['loudspeaker_e51ccf3bb4413ceb61775b840d882da9_013.png', 'loudspeaker_add914368a6ca448732bda87f2718525_010.png', 'loudspeaker_add914368a6ca448732bda87f2718525_012.png']",0.7509389102134724
loudspeaker,loudspeaker_train_c0,loudspeaker_c0_train_622a9789d1eaf6e3cf56355417e88d12_0,2,"['loudspeaker_622a9789d1eaf6e3cf56355417e88d12_000.png', 'loudspeaker_622a9789d1eaf6e3cf56355417e88d12_005.png', 'loudspeaker_eb7b66a6557a05a4ab7f9d2da6fc61cf_006.png']",0.883729688292042
loudspeaker,loudspeaker_train_c0,loudspeaker_c0_train_622a9789d1eaf6e3cf56355417e88d12_1,2,"['loudspeaker_622a9789d1eaf6e3cf56355417e88d12_004.png', 'loudspeaker_622a9789d1eaf6e3cf56355417e88d12_014.png', 'loudspeaker_79c0d4ba54cb08ccec29f84f96a7e29f_002.png']",0.822795339297822
loudspeaker,loudspeaker_train_c0,loudspeaker_c0_train_622a9789d1eaf6e3cf56355417e88d12_2,2,"['loudspeaker_622a9789d1eaf6e3cf56355417e88d12_001.png', 'loudspeaker_622a9789d1eaf6e3cf56355417e88d12_012.png', 'loudspeaker_b8b1643518382596aa623a443910bb58_010.png']",0.8875740056969986
loudspeaker,loudspeaker_train_c0,loudspeaker_c0_train_112deef454bb8345c6bd342792702e80_0,1,"['loudspeaker_112deef454bb8345c6bd342792702e80_013.png', 'loudspeaker_add914368a6ca448732bda87f2718525_011.png', 'loudspeaker_112deef454bb8345c6bd342792702e80_007.png']",0.644111588826227
loudspeaker,loudspeaker_train_c0,loudspeaker_c0_train_112deef454bb8345c6bd342792702e80_1,0,"['loudspeaker_79c0d4ba54cb08ccec29f84f96a7e29f_010.png', 'loudspeaker_112deef454bb8345c6bd342792702e80_005.png', 'loudspeaker_112deef454bb8345c6bd342792702e80_014.png']",0.5524831530813575
loudspeaker,loudspeaker_train_c0,loudspeaker_c0_train_112deef454bb8345c6bd342792702e80_2,2,"['loudspeaker_112deef454bb8345c6bd342792702e80_010.png', 'loudspeaker_112deef454bb8345c6bd342792702e80_002.png', 'loudspeaker_add914368a6ca448732bda87f2718525_005.png']",0.644111588826227
loudspeaker,loudspeaker_train_c0,loudspeaker_c0_train_e8dd60afd061fb273ad55e05c29c23ee_0,0,"['loudspeaker_d233b0a03f171cef47e72126a394af4d_012.png', 'loudspeaker_e8dd60afd061fb273ad55e05c29c23ee_001.png', 'loudspeaker_e8dd60afd061fb273ad55e05c29c23ee_011.png']",0.5249251979521925
loudspeaker,loudspeaker_train_c0,loudspeaker_c0_train_e8dd60afd061fb273ad55e05c29c23ee_1,2,"['loudspeaker_e8dd60afd061fb273ad55e05c29c23ee_013.png', 'loudspeaker_e8dd60afd061fb273ad55e05c29c23ee_010.png', 'loudspeaker_d2426b884d1108e8bdc8d5970acdf989_008.png']",0.607855650087554
loudspeaker,loudspeaker_train_c0,loudspeaker_c0_train_e8dd60afd061fb273ad55e05c29c23ee_2,0,"['loudspeaker_b5a2b8202014ae157a3d98bc650d077e_013.png', 'loudspeaker_e8dd60afd061fb273ad55e05c29c23ee_010.png', 'loudspeaker_e8dd60afd061fb273ad55e05c29c23ee_003.png']",0.6675933959040956
loudspeaker,loudspeaker_train_c0,loudspeaker_c0_train_33d9a210df86a437cb3c1170309e6b12_0,2,"['loudspeaker_33d9a210df86a437cb3c1170309e6b12_013.png', 'loudspeaker_33d9a210df86a437cb3c1170309e6b12_000.png', 'loudspeaker_e51ccf3bb4413ceb61775b840d882da9_001.png']",0.7204411825008894
loudspeaker,loudspeaker_train_c0,loudspeaker_c0_train_33d9a210df86a437cb3c1170309e6b12_1,0,"['loudspeaker_add914368a6ca448732bda87f2718525_003.png', 'loudspeaker_33d9a210df86a437cb3c1170309e6b12_009.png', 'loudspeaker_33d9a210df86a437cb3c1170309e6b12_011.png']",0.8493368277617154
loudspeaker,loudspeaker_train_c0,loudspeaker_c0_train_33d9a210df86a437cb3c1170309e6b12_2,2,"['loudspeaker_33d9a210df86a437cb3c1170309e6b12_014.png', 'loudspeaker_33d9a210df86a437cb3c1170309e6b12_012.png', 'loudspeaker_88c9a7928bc35ab392b9c678bb1d631f_003.png']",0.8546411894706772
loudspeaker,loudspeaker_train_c0,loudspeaker_c0_train_d2426b884d1108e8bdc8d5970acdf989_0,0,"['loudspeaker_c58d1c25553a224ad9d271f9da38313c_006.png', 'loudspeaker_d2426b884d1108e8bdc8d5970acdf989_008.png', 'loudspeaker_d2426b884d1108e8bdc8d5970acdf989_005.png']",0.2734060829519489
loudspeaker,loudspeaker_train_c0,loudspeaker_c0_train_d2426b884d1108e8bdc8d5970acdf989_1,2,"['loudspeaker_d2426b884d1108e8bdc8d5970acdf989_011.png', 'loudspeaker_d2426b884d1108e8bdc8d5970acdf989_012.png', 'loudspeaker_17ba9b90304be1b4ebe67d9b32c3ddf8_014.png']",0.3578218970621926
loudspeaker,loudspeaker_train_c0,loudspeaker_c0_train_d2426b884d1108e8bdc8d5970acdf989_2,1,"['loudspeaker_d2426b884d1108e8bdc8d5970acdf989_001.png', 'loudspeaker_17ba9b90304be1b4ebe67d9b32c3ddf8_009.png', 'loudspeaker_d2426b884d1108e8bdc8d5970acdf989_011.png']",0.3578218970621926
loudspeaker,loudspeaker_train_c0,loudspeaker_c0_train_d233b0a03f171cef47e72126a394af4d_0,1,"['loudspeaker_d233b0a03f171cef47e72126a394af4d_011.png', 'loudspeaker_17ba9b90304be1b4ebe67d9b32c3ddf8_013.png', 'loudspeaker_d233b0a03f171cef47e72126a394af4d_012.png']",0.5075564337802557
loudspeaker,loudspeaker_train_c0,loudspeaker_c0_train_d233b0a03f171cef47e72126a394af4d_1,0,"['loudspeaker_a12a46aa47ce021a0ac302bb9c69c6f_012.png', 'loudspeaker_d233b0a03f171cef47e72126a394af4d_014.png', 'loudspeaker_d233b0a03f171cef47e72126a394af4d_008.png']",0.40655768504747336
loudspeaker,loudspeaker_train_c0,loudspeaker_c0_train_d233b0a03f171cef47e72126a394af4d_2,1,"['loudspeaker_d233b0a03f171cef47e72126a394af4d_010.png', 'loudspeaker_a12a46aa47ce021a0ac302bb9c69c6f_012.png', 'loudspeaker_d233b0a03f171cef47e72126a394af4d_004.png']",0.40655768504747336
loudspeaker,loudspeaker_train_c0,loudspeaker_c0_train_c58d1c25553a224ad9d271f9da38313c_0,0,"['loudspeaker_dc9c9ce6dc9a771f500158c23c4c5a8e_014.png', 'loudspeaker_c58d1c25553a224ad9d271f9da38313c_003.png', 'loudspeaker_c58d1c25553a224ad9d271f9da38313c_001.png']",0.511188042483963
loudspeaker,loudspeaker_train_c0,loudspeaker_c0_train_c58d1c25553a224ad9d271f9da38313c_1,0,"['loudspeaker_d2426b884d1108e8bdc8d5970acdf989_000.png', 'loudspeaker_c58d1c25553a224ad9d271f9da38313c_013.png', 'loudspeaker_c58d1c25553a224ad9d271f9da38313c_014.png']",0.2734060829519489
loudspeaker,loudspeaker_train_c0,loudspeaker_c0_train_c58d1c25553a224ad9d271f9da38313c_2,2,"['loudspeaker_c58d1c25553a224ad9d271f9da38313c_002.png', 'loudspeaker_c58d1c25553a224ad9d271f9da38313c_000.png', 'loudspeaker_b5a2b8202014ae157a3d98bc650d077e_011.png']",0.4358874967507622
loudspeaker,loudspeaker_train_c0,loudspeaker_c0_train_b8b1643518382596aa623a443910bb58_0,2,"['loudspeaker_b8b1643518382596aa623a443910bb58_010.png', 'loudspeaker_b8b1643518382596aa623a443910bb58_006.png', 'loudspeaker_dc9c9ce6dc9a771f500158c23c4c5a8e_003.png']",0.8205575785000925
loudspeaker,loudspeaker_train_c0,loudspeaker_c0_train_b8b1643518382596aa623a443910bb58_1,1,"['loudspeaker_b8b1643518382596aa623a443910bb58_002.png', 'loudspeaker_dc9c9ce6dc9a771f500158c23c4c5a8e_011.png', 'loudspeaker_b8b1643518382596aa623a443910bb58_014.png']",0.8205575785000925
loudspeaker,loudspeaker_train_c0,loudspeaker_c0_train_b8b1643518382596aa623a443910bb58_2,2,"['loudspeaker_b8b1643518382596aa623a443910bb58_010.png', 'loudspeaker_b8b1643518382596aa623a443910bb58_013.png', 'loudspeaker_421eb9597a33cffdfdd1073b17e9e51e_003.png']",0.6975051890921133
loudspeaker,loudspeaker_train_c0,loudspeaker_c0_train_30bf1d16fb6c28fefa70f8d6bbdfb0f4_0,2,"['loudspeaker_30bf1d16fb6c28fefa70f8d6bbdfb0f4_004.png', 'loudspeaker_30bf1d16fb6c28fefa70f8d6bbdfb0f4_006.png', 'loudspeaker_e8dd60afd061fb273ad55e05c29c23ee_000.png']",1.0124817833612145
loudspeaker,loudspeaker_train_c0,loudspeaker_c0_train_30bf1d16fb6c28fefa70f8d6bbdfb0f4_1,0,"['loudspeaker_90120bf8e84315de6873d49607c1f87_014.png', 'loudspeaker_30bf1d16fb6c28fefa70f8d6bbdfb0f4_008.png', 'loudspeaker_30bf1d16fb6c28fefa70f8d6bbdfb0f4_011.png']",1.0759332804982162
loudspeaker,loudspeaker_train_c0,loudspeaker_c0_train_30bf1d16fb6c28fefa70f8d6bbdfb0f4_2,1,"['loudspeaker_30bf1d16fb6c28fefa70f8d6bbdfb0f4_006.png', 'loudspeaker_79c0d4ba54cb08ccec29f84f96a7e29f_011.png', 'loudspeaker_30bf1d16fb6c28fefa70f8d6bbdfb0f4_005.png']",1.049696138083058
loudspeaker,loudspeaker_train_c0,loudspeaker_c0_train_90120bf8e84315de6873d49607c1f87_0,1,"['loudspeaker_90120bf8e84315de6873d49607c1f87_000.png', 'loudspeaker_e51ccf3bb4413ceb61775b840d882da9_013.png', 'loudspeaker_90120bf8e84315de6873d49607c1f87_013.png']",0.9221632655776997
loudspeaker,loudspeaker_train_c0,loudspeaker_c0_train_90120bf8e84315de6873d49607c1f87_1,2,"['loudspeaker_90120bf8e84315de6873d49607c1f87_002.png', 'loudspeaker_90120bf8e84315de6873d49607c1f87_011.png', 'loudspeaker_d2426b884d1108e8bdc8d5970acdf989_000.png']",0.886836872015883
loudspeaker,loudspeaker_train_c0,loudspeaker_c0_train_90120bf8e84315de6873d49607c1f87_2,1,"['loudspeaker_90120bf8e84315de6873d49607c1f87_011.png', 'loudspeaker_d2426b884d1108e8bdc8d5970acdf989_008.png', 'loudspeaker_90120bf8e84315de6873d49607c1f87_008.png']",0.886836872015883
loudspeaker,loudspeaker_train_c0,loudspeaker_c0_train_88c9a7928bc35ab392b9c678bb1d631f_0,2,"['loudspeaker_88c9a7928bc35ab392b9c678bb1d631f_011.png', 'loudspeaker_88c9a7928bc35ab392b9c678bb1d631f_013.png', 'loudspeaker_43990d5a8ffd32774f074cdf0a32eafe_003.png']",0.6729643607031885
loudspeaker,loudspeaker_train_c0,loudspeaker_c0_train_88c9a7928bc35ab392b9c678bb1d631f_1,2,"['loudspeaker_88c9a7928bc35ab392b9c678bb1d631f_004.png', 'loudspeaker_88c9a7928bc35ab392b9c678bb1d631f_007.png', 'loudspeaker_a12a46aa47ce021a0ac302bb9c69c6f_013.png']",0.6631826539586915
loudspeaker,loudspeaker_train_c0,loudspeaker_c0_train_88c9a7928bc35ab392b9c678bb1d631f_2,2,"['loudspeaker_88c9a7928bc35ab392b9c678bb1d631f_005.png', 'loudspeaker_88c9a7928bc35ab392b9c678bb1d631f_014.png', 'loudspeaker_a9d5719c3c2af900ce029fab54b6cfbd_000.png']",0.7153708561627811
loudspeaker,loudspeaker_train_c0,loudspeaker_c0_train_dc9c9ce6dc9a771f500158c23c4c5a8e_0,0,"['loudspeaker_43990d5a8ffd32774f074cdf0a32eafe_007.png', 'loudspeaker_dc9c9ce6dc9a771f500158c23c4c5a8e_007.png', 'loudspeaker_dc9c9ce6dc9a771f500158c23c4c5a8e_009.png']",0.4567968661463536
loudspeaker,loudspeaker_train_c0,loudspeaker_c0_train_dc9c9ce6dc9a771f500158c23c4c5a8e_1,1,"['loudspeaker_dc9c9ce6dc9a771f500158c23c4c5a8e_003.png', 'loudspeaker_a9d5719c3c2af900ce029fab54b6cfbd_002.png', 'loudspeaker_dc9c9ce6dc9a771f500158c23c4c5a8e_001.png']",0.5283611769554715
loudspeaker,loudspeaker_train_c0,loudspeaker_c0_train_dc9c9ce6dc9a771f500158c23c4c5a8e_2,1,"['loudspeaker_dc9c9ce6dc9a771f500158c23c4c5a8e_001.png', 'loudspeaker_a9d5719c3c2af900ce029fab54b6cfbd_013.png', 'loudspeaker_dc9c9ce6dc9a771f500158c23c4c5a8e_008.png']",0.5283611769554715
loudspeaker,loudspeaker_train_c0,loudspeaker_c0_train_c134c61a5b45dc281574d21c0c95092f_0,0,"['loudspeaker_112deef454bb8345c6bd342792702e80_006.png', 'loudspeaker_c134c61a5b45dc281574d21c0c95092f_013.png', 'loudspeaker_c134c61a5b45dc281574d21c0c95092f_006.png']",0.23818421454465533
loudspeaker,loudspeaker_train_c0,loudspeaker_c0_train_c134c61a5b45dc281574d21c0c95092f_1,1,"['loudspeaker_c134c61a5b45dc281574d21c0c95092f_011.png', 'loudspeaker_eb7b66a6557a05a4ab7f9d2da6fc61cf_008.png', 'loudspeaker_c134c61a5b45dc281574d21c0c95092f_003.png']",0.26750655444715377
loudspeaker,loudspeaker_train_c0,loudspeaker_c0_train_c134c61a5b45dc281574d21c0c95092f_2,1,"['loudspeaker_c134c61a5b45dc281574d21c0c95092f_004.png', 'loudspeaker_add914368a6ca448732bda87f2718525_001.png', 'loudspeaker_c134c61a5b45dc281574d21c0c95092f_010.png']",0.6008367722797983
loudspeaker,loudspeaker_train_c0,loudspeaker_c0_train_c1fd0e8de18620ba27e7754e513f7fef_0,2,"['loudspeaker_c1fd0e8de18620ba27e7754e513f7fef_000.png', 'loudspeaker_c1fd0e8de18620ba27e7754e513f7fef_010.png', 'loudspeaker_79c0d4ba54cb08ccec29f84f96a7e29f_012.png']",0.6229538148917764
loudspeaker,loudspeaker_train_c0,loudspeaker_c0_train_c1fd0e8de18620ba27e7754e513f7fef_1,0,"['loudspeaker_112deef454bb8345c6bd342792702e80_006.png', 'loudspeaker_c1fd0e8de18620ba27e7754e513f7fef_005.png', 'loudspeaker_c1fd0e8de18620ba27e7754e513f7fef_004.png']",0.7203732438908592
loudspeaker,loudspeaker_train_c0,loudspeaker_c0_train_c1fd0e8de18620ba27e7754e513f7fef_2,0,"['loudspeaker_add914368a6ca448732bda87f2718525_004.png', 'loudspeaker_c1fd0e8de18620ba27e7754e513f7fef_006.png', 'loudspeaker_c1fd0e8de18620ba27e7754e513f7fef_011.png']",0.6102132346490128
loudspeaker,loudspeaker_train_c0,loudspeaker_c0_train_b5a2b8202014ae157a3d98bc650d077e_0,0,"['loudspeaker_d233b0a03f171cef47e72126a394af4d_008.png', 'loudspeaker_b5a2b8202014ae157a3d98bc650d077e_013.png', 'loudspeaker_b5a2b8202014ae157a3d98bc650d077e_006.png']",0.38609240646782683
loudspeaker,loudspeaker_train_c0,loudspeaker_c0_train_b5a2b8202014ae157a3d98bc650d077e_1,2,"['loudspeaker_b5a2b8202014ae157a3d98bc650d077e_006.png', 'loudspeaker_b5a2b8202014ae157a3d98bc650d077e_003.png', 'loudspeaker_17ba9b90304be1b4ebe67d9b32c3ddf8_014.png']",0.12151473880097918
loudspeaker,loudspeaker_train_c0,loudspeaker_c0_train_b5a2b8202014ae157a3d98bc650d077e_2,2,"['loudspeaker_b5a2b8202014ae157a3d98bc650d077e_012.png', 'loudspeaker_b5a2b8202014ae157a3d98bc650d077e_007.png', 'loudspeaker_17ba9b90304be1b4ebe67d9b32c3ddf8_003.png']",0.12151473880097918
loudspeaker,loudspeaker_train_c0,loudspeaker_c0_train_a12a46aa47ce021a0ac302bb9c69c6f_0,1,"['loudspeaker_a12a46aa47ce021a0ac302bb9c69c6f_000.png', 'loudspeaker_d233b0a03f171cef47e72126a394af4d_006.png', 'loudspeaker_a12a46aa47ce021a0ac302bb9c69c6f_003.png']",0.40655768504747336
loudspeaker,loudspeaker_train_c0,loudspeaker_c0_train_a12a46aa47ce021a0ac302bb9c69c6f_1,0,"['loudspeaker_17ba9b90304be1b4ebe67d9b32c3ddf8_008.png', 'loudspeaker_a12a46aa47ce021a0ac302bb9c69c6f_000.png', 'loudspeaker_a12a46aa47ce021a0ac302bb9c69c6f_001.png']",0.3400334196123421
loudspeaker,loudspeaker_train_c0,loudspeaker_c0_train_a12a46aa47ce021a0ac302bb9c69c6f_2,2,"['loudspeaker_a12a46aa47ce021a0ac302bb9c69c6f_001.png', 'loudspeaker_a12a46aa47ce021a0ac302bb9c69c6f_013.png', 'loudspeaker_d2426b884d1108e8bdc8d5970acdf989_001.png']",0.41556884072030176
loudspeaker,loudspeaker_train_c0,loudspeaker_c0_train_a76f63c6b3702a4981c9b20aad15512_0,1,"['loudspeaker_a76f63c6b3702a4981c9b20aad15512_008.png', 'loudspeaker_43990d5a8ffd32774f074cdf0a32eafe_013.png', 'loudspeaker_a76f63c6b3702a4981c9b20aad15512_005.png']",0.9713245057201405
loudspeaker,loudspeaker_train_c0,loudspeaker_c0_train_a76f63c6b3702a4981c9b20aad15512_1,0,"['loudspeaker_dc9c9ce6dc9a771f500158c23c4c5a8e_003.png', 'loudspeaker_a76f63c6b3702a4981c9b20aad15512_009.png', 'loudspeaker_a76f63c6b3702a4981c9b20aad15512_003.png']",1.0370932608188126
loudspeaker,loudspeaker_train_c0,loudspeaker_c0_train_a76f63c6b3702a4981c9b20aad15512_2,1,"['loudspeaker_a76f63c6b3702a4981c9b20aad15512_007.png', 'loudspeaker_dc9c9ce6dc9a771f500158c23c4c5a8e_011.png', 'loudspeaker_a76f63c6b3702a4981c9b20aad15512_000.png']",1.0370932608188126
loudspeaker,loudspeaker_train_c0,loudspeaker_c0_train_421eb9597a33cffdfdd1073b17e9e51e_0,1,"['loudspeaker_421eb9597a33cffdfdd1073b17e9e51e_000.png', 'loudspeaker_b8b1643518382596aa623a443910bb58_005.png', 'loudspeaker_421eb9597a33cffdfdd1073b17e9e51e_004.png']",0.6975051890921133
loudspeaker,loudspeaker_train_c0,loudspeaker_c0_train_421eb9597a33cffdfdd1073b17e9e51e_1,0,"['loudspeaker_b8b1643518382596aa623a443910bb58_001.png', 'loudspeaker_421eb9597a33cffdfdd1073b17e9e51e_011.png', 'loudspeaker_421eb9597a33cffdfdd1073b17e9e51e_012.png']",0.6975051890921133
loudspeaker,loudspeaker_train_c0,loudspeaker_c0_train_421eb9597a33cffdfdd1073b17e9e51e_2,2,"['loudspeaker_421eb9597a33cffdfdd1073b17e9e51e_011.png', 'loudspeaker_421eb9597a33cffdfdd1073b17e9e51e_009.png', 'loudspeaker_add914368a6ca448732bda87f2718525_004.png']",0.809656853606213
loudspeaker,loudspeaker_train_c0,loudspeaker_c0_train_a9d5719c3c2af900ce029fab54b6cfbd_0,2,"['loudspeaker_a9d5719c3c2af900ce029fab54b6cfbd_013.png', 'loudspeaker_a9d5719c3c2af900ce029fab54b6cfbd_002.png', 'loudspeaker_b5a2b8202014ae157a3d98bc650d077e_014.png']",0.4707413861853138
loudspeaker,loudspeaker_train_c0,loudspeaker_c0_train_a9d5719c3c2af900ce029fab54b6cfbd_1,2,"['loudspeaker_a9d5719c3c2af900ce029fab54b6cfbd_001.png', 'loudspeaker_a9d5719c3c2af900ce029fab54b6cfbd_014.png', 'loudspeaker_a12a46aa47ce021a0ac302bb9c69c6f_011.png']",0.4258871421205467
loudspeaker,loudspeaker_train_c0,loudspeaker_c0_train_a9d5719c3c2af900ce029fab54b6cfbd_2,1,"['loudspeaker_a9d5719c3c2af900ce029fab54b6cfbd_000.png', 'loudspeaker_a12a46aa47ce021a0ac302bb9c69c6f_008.png', 'loudspeaker_a9d5719c3c2af900ce029fab54b6cfbd_011.png']",0.4258871421205467
loudspeaker,loudspeaker_train_c0,loudspeaker_c0_train_eb7b66a6557a05a4ab7f9d2da6fc61cf_0,1,"['loudspeaker_eb7b66a6557a05a4ab7f9d2da6fc61cf_013.png', 'loudspeaker_add914368a6ca448732bda87f2718525_002.png', 'loudspeaker_eb7b66a6557a05a4ab7f9d2da6fc61cf_010.png']",0.5815060219718036
loudspeaker,loudspeaker_train_c0,loudspeaker_c0_train_eb7b66a6557a05a4ab7f9d2da6fc61cf_1,2,"['loudspeaker_eb7b66a6557a05a4ab7f9d2da6fc61cf_007.png', 'loudspeaker_eb7b66a6557a05a4ab7f9d2da6fc61cf_004.png', 'loudspeaker_add914368a6ca448732bda87f2718525_008.png']",0.5815060219718036
loudspeaker,loudspeaker_train_c0,loudspeaker_c0_train_eb7b66a6557a05a4ab7f9d2da6fc61cf_2,0,"['loudspeaker_add914368a6ca448732bda87f2718525_009.png', 'loudspeaker_eb7b66a6557a05a4ab7f9d2da6fc61cf_012.png', 'loudspeaker_eb7b66a6557a05a4ab7f9d2da6fc61cf_005.png']",0.5815060219718036
loudspeaker,loudspeaker_train_c0,loudspeaker_c0_train_43990d5a8ffd32774f074cdf0a32eafe_0,1,"['loudspeaker_43990d5a8ffd32774f074cdf0a32eafe_007.png', 'loudspeaker_17ba9b90304be1b4ebe67d9b32c3ddf8_013.png', 'loudspeaker_43990d5a8ffd32774f074cdf0a32eafe_003.png']",0.27942949321881505
loudspeaker,loudspeaker_train_c0,loudspeaker_c0_train_43990d5a8ffd32774f074cdf0a32eafe_1,2,"['loudspeaker_43990d5a8ffd32774f074cdf0a32eafe_002.png', 'loudspeaker_43990d5a8ffd32774f074cdf0a32eafe_011.png', 'loudspeaker_17ba9b90304be1b4ebe67d9b32c3ddf8_006.png']",0.27942949321881505
loudspeaker,loudspeaker_train_c0,loudspeaker_c0_train_43990d5a8ffd32774f074cdf0a32eafe_2,2,"['loudspeaker_43990d5a8ffd32774f074cdf0a32eafe_013.png', 'loudspeaker_43990d5a8ffd32774f074cdf0a32eafe_002.png', 'loudspeaker_a12a46aa47ce021a0ac302bb9c69c6f_009.png']",0.37551389043869743
loudspeaker,loudspeaker_train_c0,loudspeaker_c0_train_79c0d4ba54cb08ccec29f84f96a7e29f_0,0,"['loudspeaker_eb7b66a6557a05a4ab7f9d2da6fc61cf_009.png', 'loudspeaker_79c0d4ba54cb08ccec29f84f96a7e29f_009.png', 'loudspeaker_79c0d4ba54cb08ccec29f84f96a7e29f_007.png']",0.5241082982153052
loudspeaker,loudspeaker_train_c0,loudspeaker_c0_train_79c0d4ba54cb08ccec29f84f96a7e29f_1,0,"['loudspeaker_c1fd0e8de18620ba27e7754e513f7fef_013.png', 'loudspeaker_79c0d4ba54cb08ccec29f84f96a7e29f_011.png', 'loudspeaker_79c0d4ba54cb08ccec29f84f96a7e29f_012.png']",0.6229538148917764
loudspeaker,loudspeaker_train_c0,loudspeaker_c0_train_79c0d4ba54cb08ccec29f84f96a7e29f_2,0,"['loudspeaker_eb7b66a6557a05a4ab7f9d2da6fc61cf_012.png', 'loudspeaker_79c0d4ba54cb08ccec29f84f96a7e29f_003.png', 'loudspeaker_79c0d4ba54cb08ccec29f84f96a7e29f_008.png']",0.5241082982153052
loudspeaker,loudspeaker_train_c0,loudspeaker_c0_train_e51ccf3bb4413ceb61775b840d882da9_0,0,"['loudspeaker_33d9a210df86a437cb3c1170309e6b12_010.png', 'loudspeaker_e51ccf3bb4413ceb61775b840d882da9_006.png', 'loudspeaker_e51ccf3bb4413ceb61775b840d882da9_009.png']",0.7204411825008894
loudspeaker,loudspeaker_train_c0,loudspeaker_c0_train_e51ccf3bb4413ceb61775b840d882da9_1,2,"['loudspeaker_e51ccf3bb4413ceb61775b840d882da9_009.png', 'loudspeaker_e51ccf3bb4413ceb61775b840d882da9_006.png', 'loudspeaker_d2426b884d1108e8bdc8d5970acdf989_010.png']",0.8126506559674468
loudspeaker,loudspeaker_train_c0,loudspeaker_c0_train_e51ccf3bb4413ceb61775b840d882da9_2,1,"['loudspeaker_e51ccf3bb4413ceb61775b840d882da9_008.png', 'loudspeaker_c58d1c25553a224ad9d271f9da38313c_009.png', 'loudspeaker_e51ccf3bb4413ceb61775b840d882da9_004.png']",0.775084319557375
loudspeaker,loudspeaker_train_c1,loudspeaker_c1_train_1071f82bd0d6a23935cd53a06b1d2317_0,0,"['loudspeaker_83cdedb3431e8d8a41c95631f0cd177d_011.png', 'loudspeaker_1071f82bd0d6a23935cd53a06b1d2317_001.png', 'loudspeaker_1071f82bd0d6a23935cd53a06b1d2317_009.png']",0.08960137361362863
loudspeaker,loudspeaker_train_c1,loudspeaker_c1_train_1071f82bd0d6a23935cd53a06b1d2317_1,1,"['loudspeaker_1071f82bd0d6a23935cd53a06b1d2317_012.png', 'loudspeaker_4a158b46d8e943f2d612e9885a7318aa_003.png', 'loudspeaker_1071f82bd0d6a23935cd53a06b1d2317_014.png']",0.13039637128130177
loudspeaker,loudspeaker_train_c1,loudspeaker_c1_train_1071f82bd0d6a23935cd53a06b1d2317_2,2,"['loudspeaker_1071f82bd0d6a23935cd53a06b1d2317_006.png', 'loudspeaker_1071f82bd0d6a23935cd53a06b1d2317_001.png', 'loudspeaker_4a158b46d8e943f2d612e9885a7318aa_008.png']",0.13039637128130177
loudspeaker,loudspeaker_train_c1,loudspeaker_c1_train_88c752eedbb2e133f7f12bd413763dc6_0,2,"['loudspeaker_88c752eedbb2e133f7f12bd413763dc6_014.png', 'loudspeaker_88c752eedbb2e133f7f12bd413763dc6_005.png', 'loudspeaker_83cdedb3431e8d8a41c95631f0cd177d_010.png']",0.11893573269660318
loudspeaker,loudspeaker_train_c1,loudspeaker_c1_train_88c752eedbb2e133f7f12bd413763dc6_1,1,"['loudspeaker_88c752eedbb2e133f7f12bd413763dc6_009.png', 'loudspeaker_a872cbdc66e671ec29d1e4faf5d375_001.png', 'loudspeaker_88c752eedbb2e133f7f12bd413763dc6_005.png']",0.21049711417520656
loudspeaker,loudspeaker_train_c1,loudspeaker_c1_train_88c752eedbb2e133f7f12bd413763dc6_2,1,"['loudspeaker_88c752eedbb2e133f7f12bd413763dc6_004.png', 'loudspeaker_a88fabb4286706afbb9b205a4c97698a_009.png', 'loudspeaker_88c752eedbb2e133f7f12bd413763dc6_008.png']",0.1967489886395043
loudspeaker,loudspeaker_train_c1,loudspeaker_c1_train_4a158b46d8e943f2d612e9885a7318aa_0,2,"['loudspeaker_4a158b46d8e943f2d612e9885a7318aa_001.png', 'loudspeaker_4a158b46d8e943f2d612e9885a7318aa_006.png', 'loudspeaker_529f3a898bd030f558b060a361031075_007.png']",0.13550522590637493
loudspeaker,loudspeaker_train_c1,loudspeaker_c1_train_4a158b46d8e943f2d612e9885a7318aa_1,2,"['loudspeaker_4a158b46d8e943f2d612e9885a7318aa_001.png', 'loudspeaker_4a158b46d8e943f2d612e9885a7318aa_013.png', 'loudspeaker_83cdedb3431e8d8a41c95631f0cd177d_007.png']",0.07886499266373137
loudspeaker,loudspeaker_train_c1,loudspeaker_c1_train_4a158b46d8e943f2d612e9885a7318aa_2,0,"['loudspeaker_1071f82bd0d6a23935cd53a06b1d2317_011.png', 'loudspeaker_4a158b46d8e943f2d612e9885a7318aa_004.png', 'loudspeaker_4a158b46d8e943f2d612e9885a7318aa_008.png']",0.13039637128130177
loudspeaker,loudspeaker_train_c1,loudspeaker_c1_train_83cdedb3431e8d8a41c95631f0cd177d_0,2,"['loudspeaker_83cdedb3431e8d8a41c95631f0cd177d_004.png', 'loudspeaker_83cdedb3431e8d8a41c95631f0cd177d_008.png', 'loudspeaker_1071f82bd0d6a23935cd53a06b1d2317_002.png']",0.08960137361362863
loudspeaker,loudspeaker_train_c1,loudspeaker_c1_train_83cdedb3431e8d8a41c95631f0cd177d_1,1,"['loudspeaker_83cdedb3431e8d8a41c95631f0cd177d_007.png', 'loudspeaker_1071f82bd0d6a23935cd53a06b1d2317_012.png', 'loudspeaker_83cdedb3431e8d8a41c95631f0cd177d_012.png']",0.08960137361362863
loudspeaker,loudspeaker_train_c1,loudspeaker_c1_train_83cdedb3431e8d8a41c95631f0cd177d_2,0,"['loudspeaker_88c752eedbb2e133f7f12bd413763dc6_011.png', 'loudspeaker_83cdedb3431e8d8a41c95631f0cd177d_014.png', 'loudspeaker_83cdedb3431e8d8a41c95631f0cd177d_009.png']",0.11893573269660318
loudspeaker,loudspeaker_train_c1,loudspeaker_c1_train_6c2a8b174ee60c241ad88f716ea80910_0,0,"['loudspeaker_a872cbdc66e671ec29d1e4faf5d375_010.png', 'loudspeaker_6c2a8b174ee60c241ad88f716ea80910_011.png', 'loudspeaker_6c2a8b174ee60c241ad88f716ea80910_010.png']",0.19715917561650997
loudspeaker,loudspeaker_train_c1,loudspeaker_c1_train_6c2a8b174ee60c241ad88f716ea80910_1,2,"['loudspeaker_6c2a8b174ee60c241ad88f716ea80910_010.png', 'loudspeaker_6c2a8b174ee60c241ad88f716ea80910_002.png', 'loudspeaker_ebbb434aba6d7c271ad88f716ea80910_006.png']",0.18348783414159664
loudspeaker,loudspeaker_train_c1,loudspeaker_c1_train_6c2a8b174ee60c241ad88f716ea80910_2,2,"['loudspeaker_6c2a8b174ee60c241ad88f716ea80910_014.png', 'loudspeaker_6c2a8b174ee60c241ad88f716ea80910_002.png', 'loudspeaker_4a158b46d8e943f2d612e9885a7318aa_014.png']",0.18268844361309156
loudspeaker,loudspeaker_train_c1,loudspeaker_c1_train_a88fabb4286706afbb9b205a4c97698a_0,1,"['loudspeaker_a88fabb4286706afbb9b205a4c97698a_000.png', 'loudspeaker_529f3a898bd030f558b060a361031075_012.png', 'loudspeaker_a88fabb4286706afbb9b205a4c97698a_008.png']",0.046940877161650185
loudspeaker,loudspeaker_train_c1,loudspeaker_c1_train_a88fabb4286706afbb9b205a4c97698a_1,0,"['loudspeaker_4a158b46d8e943f2d612e9885a7318aa_009.png', 'loudspeaker_a88fabb4286706afbb9b205a4c97698a_007.png', 'loudspeaker_a88fabb4286706afbb9b205a4c97698a_004.png']",0.10308574002894866
loudspeaker,loudspeaker_train_c1,loudspeaker_c1_train_a88fabb4286706afbb9b205a4c97698a_2,1,"['loudspeaker_a88fabb4286706afbb9b205a4c97698a_014.png', 'loudspeaker_cf45708ed1ed436970f2559ee6f59e37_008.png', 'loudspeaker_a88fabb4286706afbb9b205a4c97698a_008.png']",0.13436440150017515
loudspeaker,loudspeaker_train_c1,loudspeaker_c1_train_7599541dac4a89ada1efd4f01acbedc_0,2,"['loudspeaker_7599541dac4a89ada1efd4f01acbedc_014.png', 'loudspeaker_7599541dac4a89ada1efd4f01acbedc_007.png', 'loudspeaker_869225f275f3dee12a42340e65c9f0ec_001.png']",0.027027705067442565
loudspeaker,loudspeaker_train_c1,loudspeaker_c1_train_7599541dac4a89ada1efd4f01acbedc_1,1,"['loudspeaker_7599541dac4a89ada1efd4f01acbedc_010.png', 'loudspeaker_ebbb434aba6d7c271ad88f716ea80910_006.png', 'loudspeaker_7599541dac4a89ada1efd4f01acbedc_000.png']",0.10525696791027273
loudspeaker,loudspeaker_train_c1,loudspeaker_c1_train_7599541dac4a89ada1efd4f01acbedc_2,1,"['loudspeaker_7599541dac4a89ada1efd4f01acbedc_004.png', 'loudspeaker_ebbb434aba6d7c271ad88f716ea80910_014.png', 'loudspeaker_7599541dac4a89ada1efd4f01acbedc_000.png']",0.10525696791027273
loudspeaker,loudspeaker_train_c1,loudspeaker_c1_train_3fcff447f43c75c3ea3d2e9efa07ccad_0,1,"['loudspeaker_3fcff447f43c75c3ea3d2e9efa07ccad_007.png', 'loudspeaker_529f3a898bd030f558b060a361031075_002.png', 'loudspeaker_3fcff447f43c75c3ea3d2e9efa07ccad_012.png']",0.41307280630194254
loudspeaker,loudspeaker_train_c1,loudspeaker_c1_train_3fcff447f43c75c3ea3d2e9efa07ccad_1,1,"['loudspeaker_3fcff447f43c75c3ea3d2e9efa07ccad_004.png', 'loudspeaker_529f3a898bd030f558b060a361031075_000.png', 'loudspeaker_3fcff447f43c75c3ea3d2e9efa07ccad_012.png']",0.41307280630194254
loudspeaker,loudspeaker_train_c1,loudspeaker_c1_train_3fcff447f43c75c3ea3d2e9efa07ccad_2,1,"['loudspeaker_3fcff447f43c75c3ea3d2e9efa07ccad_008.png', 'loudspeaker_68e85f236ca1b43467cfbcdcd1be46c8_006.png', 'loudspeaker_3fcff447f43c75c3ea3d2e9efa07ccad_005.png']",0.3843891856777565
loudspeaker,loudspeaker_train_c1,loudspeaker_c1_train_869225f275f3dee12a42340e65c9f0ec_0,2,"['loudspeaker_869225f275f3dee12a42340e65c9f0ec_005.png', 'loudspeaker_869225f275f3dee12a42340e65c9f0ec_013.png', 'loudspeaker_a872cbdc66e671ec29d1e4faf5d375_007.png']",0.1152062113937905
loudspeaker,loudspeaker_train_c1,loudspeaker_c1_train_869225f275f3dee12a42340e65c9f0ec_1,2,"['loudspeaker_869225f275f3dee12a42340e65c9f0ec_007.png', 'loudspeaker_869225f275f3dee12a42340e65c9f0ec_010.png', 'loudspeaker_a872cbdc66e671ec29d1e4faf5d375_008.png']",0.1152062113937905
loudspeaker,loudspeaker_train_c1,loudspeaker_c1_train_869225f275f3dee12a42340e65c9f0ec_2,0,"['loudspeaker_a872cbdc66e671ec29d1e4faf5d375_005.png', 'loudspeaker_869225f275f3dee12a42340e65c9f0ec_008.png', 'loudspeaker_869225f275f3dee12a42340e65c9f0ec_009.png']",0.1152062113937905
loudspeaker,loudspeaker_train_c1,loudspeaker_c1_train_853f3c53280aa44fb63369d5dd85d25_0,1,"['loudspeaker_853f3c53280aa44fb63369d5dd85d25_000.png', 'loudspeaker_1e9032f25c5d068fa7a69b946cbafa2f_004.png', 'loudspeaker_853f3c53280aa44fb63369d5dd85d25_013.png']",0.09732810971503003
loudspeaker,loudspeaker_train_c1,loudspeaker_c1_train_853f3c53280aa44fb63369d5dd85d25_1,1,"['loudspeaker_853f3c53280aa44fb63369d5dd85d25_002.png', 'loudspeaker_a872cbdc66e671ec29d1e4faf5d375_004.png', 'loudspeaker_853f3c53280aa44fb63369d5dd85d25_006.png']",0.0782294816212099
loudspeaker,loudspeaker_train_c1,loudspeaker_c1_train_853f3c53280aa44fb63369d5dd85d25_2,0,"['loudspeaker_bda24b02920f91d1887e8faf8f33b0c5_014.png', 'loudspeaker_853f3c53280aa44fb63369d5dd85d25_010.png', 'loudspeaker_853f3c53280aa44fb63369d5dd85d25_004.png']",0.13103889308712902
loudspeaker,loudspeaker_train_c1,loudspeaker_c1_train_161de75c52763afade3a1fb6044fe536_0,1,"['loudspeaker_161de75c52763afade3a1fb6044fe536_014.png', 'loudspeaker_eb0c85cc627406b5d33b16aac56dbe59_002.png', 'loudspeaker_161de75c52763afade3a1fb6044fe536_012.png']",0.1749456049702205
loudspeaker,loudspeaker_train_c1,loudspeaker_c1_train_161de75c52763afade3a1fb6044fe536_1,2,"['loudspeaker_161de75c52763afade3a1fb6044fe536_014.png', 'loudspeaker_161de75c52763afade3a1fb6044fe536_002.png', 'loudspeaker_8453a71333241062f1b584cbe791b374_012.png']",0.1763098782721647
loudspeaker,loudspeaker_train_c1,loudspeaker_c1_train_161de75c52763afade3a1fb6044fe536_2,1,"['loudspeaker_161de75c52763afade3a1fb6044fe536_005.png', 'loudspeaker_bda24b02920f91d1887e8faf8f33b0c5_007.png', 'loudspeaker_161de75c52763afade3a1fb6044fe536_001.png']",0.24204396569999387
loudspeaker,loudspeaker_train_c1,loudspeaker_c1_train_529f3a898bd030f558b060a361031075_0,1,"['loudspeaker_529f3a898bd030f558b060a361031075_006.png', 'loudspeaker_4a158b46d8e943f2d612e9885a7318aa_006.png', 'loudspeaker_529f3a898bd030f558b060a361031075_013.png']",0.13550522590637493
loudspeaker,loudspeaker_train_c1,loudspeaker_c1_train_529f3a898bd030f558b060a361031075_1,1,"['loudspeaker_529f3a898bd030f558b060a361031075_009.png', 'loudspeaker_5ea9cb9068520d3bac80666502f7b62e_009.png', 'loudspeaker_529f3a898bd030f558b060a361031075_011.png']",0.1645697470409765
loudspeaker,loudspeaker_train_c1,loudspeaker_c1_train_529f3a898bd030f558b060a361031075_2,2,"['loudspeaker_529f3a898bd030f558b060a361031075_004.png', 'loudspeaker_529f3a898bd030f558b060a361031075_002.png', 'loudspeaker_68e85f236ca1b43467cfbcdcd1be46c8_009.png']",0.1514798881712579
loudspeaker,loudspeaker_train_c1,loudspeaker_c1_train_bda24b02920f91d1887e8faf8f33b0c5_0,1,"['loudspeaker_bda24b02920f91d1887e8faf8f33b0c5_003.png', 'loudspeaker_1e9032f25c5d068fa7a69b946cbafa2f_007.png', 'loudspeaker_bda24b02920f91d1887e8faf8f33b0c5_014.png']",0.10206205685120417
loudspeaker,loudspeaker_train_c1,loudspeaker_c1_train_bda24b02920f91d1887e8faf8f33b0c5_1,1,"['loudspeaker_bda24b02920f91d1887e8faf8f33b0c5_004.png', 'loudspeaker_7599541dac4a89ada1efd4f01acbedc_007.png', 'loudspeaker_bda24b02920f91d1887e8faf8f33b0c5_008.png']",0.11323258240826561
loudspeaker,loudspeaker_train_c1,loudspeaker_c1_train_bda24b02920f91d1887e8faf8f33b0c5_2,0,"['loudspeaker_ebbb434aba6d7c271ad88f716ea80910_011.png', 'loudspeaker_bda24b02920f91d1887e8faf8f33b0c5_007.png', 'loudspeaker_bda24b02920f91d1887e8faf8f33b0c5_003.png']",0.11893163873180201
loudspeaker,loudspeaker_train_c1,loudspeaker_c1_train_1e9032f25c5d068fa7a69b946cbafa2f_0,0,"['loudspeaker_ebbb434aba6d7c271ad88f716ea80910_002.png', 'loudspeaker_1e9032f25c5d068fa7a69b946cbafa2f_002.png', 'loudspeaker_1e9032f25c5d068fa7a69b946cbafa2f_011.png']",0.07626673732605616
loudspeaker,loudspeaker_train_c1,loudspeaker_c1_train_1e9032f25c5d068fa7a69b946cbafa2f_1,2,"['loudspeaker_1e9032f25c5d068fa7a69b946cbafa2f_000.png', 'loudspeaker_1e9032f25c5d068fa7a69b946cbafa2f_002.png', 'loudspeaker_869225f275f3dee12a42340e65c9f0ec_004.png']",0.07092122100234954
loudspeaker,loudspeaker_train_c1,loudspeaker_c1_train_1e9032f25c5d068fa7a69b946cbafa2f_2,2,"['loudspeaker_1e9032f25c5d068fa7a69b946cbafa2f_001.png', 'loudspeaker_1e9032f25c5d068fa7a69b946cbafa2f_007.png', 'loudspeaker_869225f275f3dee12a42340e65c9f0ec_000.png']",0.07092122100234954
loudspeaker,loudspeaker_train_c1,loudspeaker_c1_train_8453a71333241062f1b584cbe791b374_0,2,"['loudspeaker_8453a71333241062f1b584cbe791b374_001.png', 'loudspeaker_8453a71333241062f1b584cbe791b374_008.png', 'loudspeaker_161de75c52763afade3a1fb6044fe536_005.png']",0.1763098782721647
loudspeaker,loudspeaker_train_c1,loudspeaker_c1_train_8453a71333241062f1b584cbe791b374_1,0,"['loudspeaker_529f3a898bd030f558b060a361031075_003.png', 'loudspeaker_8453a71333241062f1b584cbe791b374_012.png', 'loudspeaker_8453a71333241062f1b584cbe791b374_001.png']",0.21186553714268053
loudspeaker,loudspeaker_train_c1,loudspeaker_c1_train_8453a71333241062f1b584cbe791b374_2,1,"['loudspeaker_8453a71333241062f1b584cbe791b374_009.png', 'loudspeaker_cf45708ed1ed436970f2559ee6f59e37_004.png', 'loudspeaker_8453a71333241062f1b584cbe791b374_000.png']",0.18184382233573537
loudspeaker,loudspeaker_train_c1,loudspeaker_c1_train_cf45708ed1ed436970f2559ee6f59e37_0,1,"['loudspeaker_cf45708ed1ed436970f2559ee6f59e37_014.png', 'loudspeaker_529f3a898bd030f558b060a361031075_007.png', 'loudspeaker_cf45708ed1ed436970f2559ee6f59e37_004.png']",0.11441834634261006
loudspeaker,loudspeaker_train_c1,loudspeaker_c1_train_cf45708ed1ed436970f2559ee6f59e37_1,1,"['loudspeaker_cf45708ed1ed436970f2559ee6f59e37_001.png', 'loudspeaker_68e85f236ca1b43467cfbcdcd1be46c8_010.png', 'loudspeaker_cf45708ed1ed436970f2559ee6f59e37_000.png']",0.12417816531158077
loudspeaker,loudspeaker_train_c1,loudspeaker_c1_train_cf45708ed1ed436970f2559ee6f59e37_2,2,"['loudspeaker_cf45708ed1ed436970f2559ee6f59e37_007.png', 'loudspeaker_cf45708ed1ed436970f2559ee6f59e37_004.png', 'loudspeaker_5ea9cb9068520d3bac80666502f7b62e_001.png']",0.13174843279789894
loudspeaker,loudspeaker_train_c1,loudspeaker_c1_train_8a536e4254674fbb73e1b2d018c0512_0,1,"['loudspeaker_8a536e4254674fbb73e1b2d018c0512_007.png', 'loudspeaker_1e9032f25c5d068fa7a69b946cbafa2f_000.png', 'loudspeaker_8a536e4254674fbb73e1b2d018c0512_003.png']",0.10507364675463648
loudspeaker,loudspeaker_train_c1,loudspeaker_c1_train_8a536e4254674fbb73e1b2d018c0512_1,1,"['loudspeaker_8a536e4254674fbb73e1b2d018c0512_006.png', 'loudspeaker_7599541dac4a89ada1efd4f01acbedc_010.png', 'loudspeaker_8a536e4254674fbb73e1b2d018c0512_003.png']",0.12125967787642433
loudspeaker,loudspeaker_train_c1,loudspeaker_c1_train_8a536e4254674fbb73e1b2d018c0512_2,0,"['loudspeaker_7599541dac4a89ada1efd4f01acbedc_011.png', 'loudspeaker_8a536e4254674fbb73e1b2d018c0512_000.png', 'loudspeaker_8a536e4254674fbb73e1b2d018c0512_001.png']",0.12125967787642433
loudspeaker,loudspeaker_train_c1,loudspeaker_c1_train_a872cbdc66e671ec29d1e4faf5d375_0,2,"['loudspeaker_a872cbdc66e671ec29d1e4faf5d375_006.png', 'loudspeaker_a872cbdc66e671ec29d1e4faf5d375_014.png', 'loudspeaker_bda24b02920f91d1887e8faf8f33b0c5_000.png']",0.1295558419471381
loudspeaker,loudspeaker_train_c1,loudspeaker_c1_train_a872cbdc66e671ec29d1e4faf5d375_1,1,"['loudspeaker_a872cbdc66e671ec29d1e4faf5d375_002.png', 'loudspeaker_bda24b02920f91d1887e8faf8f33b0c5_005.png', 'loudspeaker_a872cbdc66e671ec29d1e4faf5d375_010.png']",0.1295558419471381
loudspeaker,loudspeaker_train_c1,loudspeaker_c1_train_a872cbdc66e671ec29d1e4faf5d375_2,2,"['loudspeaker_a872cbdc66e671ec29d1e4faf5d375_000.png', 'loudspeaker_a872cbdc66e671ec29d1e4faf5d375_006.png', 'loudspeaker_bda24b02920f91d1887e8faf8f33b0c5_013.png']",0.1295558419471381
loudspeaker,loudspeaker_train_c1,loudspeaker_c1_train_46d03a4d9dec071d1047e2dc3fdce97a_0,1,"['loudspeaker_46d03a4d9dec071d1047e2dc3fdce97a_003.png', 'loudspeaker_5ea9cb9068520d3bac80666502f7b62e_001.png', 'loudspeaker_46d03a4d9dec071d1047e2dc3fdce97a_000.png']",0.2962910799213295
loudspeaker,loudspeaker_train_c1,loudspeaker_c1_train_46d03a4d9dec071d1047e2dc3fdce97a_1,0,"['loudspeaker_5ea9cb9068520d3bac80666502f7b62e_013.png', 'loudspeaker_46d03a4d9dec071d1047e2dc3fdce97a_004.png', 'loudspeaker_46d03a4d9dec071d1047e2dc3fdce97a_005.png']",0.2962910799213295
loudspeaker,loudspeaker_train_c1,loudspeaker_c1_train_46d03a4d9dec071d1047e2dc3fdce97a_2,2,"['loudspeaker_46d03a4d9dec071d1047e2dc3fdce97a_013.png', 'loudspeaker_46d03a4d9dec071d1047e2dc3fdce97a_002.png', 'loudspeaker_5ea9cb9068520d3bac80666502f7b62e_000.png']",0.2962910799213295
loudspeaker,loudspeaker_train_c1,loudspeaker_c1_train_5ea9cb9068520d3bac80666502f7b62e_0,1,"['loudspeaker_5ea9cb9068520d3bac80666502f7b62e_000.png', 'loudspeaker_cf45708ed1ed436970f2559ee6f59e37_010.png', 'loudspeaker_5ea9cb9068520d3bac80666502f7b62e_011.png']",0.13174843279789894
loudspeaker,loudspeaker_train_c1,loudspeaker_c1_train_5ea9cb9068520d3bac80666502f7b62e_1,1,"['loudspeaker_5ea9cb9068520d3bac80666502f7b62e_014.png', 'loudspeaker_a88fabb4286706afbb9b205a4c97698a_003.png', 'loudspeaker_5ea9cb9068520d3bac80666502f7b62e_011.png']",0.13509253904094565
loudspeaker,loudspeaker_train_c1,loudspeaker_c1_train_5ea9cb9068520d3bac80666502f7b62e_2,0,"['loudspeaker_a88fabb4286706afbb9b205a4c97698a_002.png', 'loudspeaker_5ea9cb9068520d3bac80666502f7b62e_012.png', 'loudspeaker_5ea9cb9068520d3bac80666502f7b62e_008.png']",0.13509253904094565
loudspeaker,loudspeaker_train_c1,loudspeaker_c1_train_d3e279ab7bb0dcbb85d9d97241397921_0,0,"['loudspeaker_88c752eedbb2e133f7f12bd413763dc6_014.png', 'loudspeaker_d3e279ab7bb0dcbb85d9d97241397921_010.png', 'loudspeaker_d3e279ab7bb0dcbb85d9d97241397921_009.png']",0.2737886648307194
loudspeaker,loudspeaker_train_c1,loudspeaker_c1_train_d3e279ab7bb0dcbb85d9d97241397921_1,1,"['loudspeaker_d3e279ab7bb0dcbb85d9d97241397921_000.png', 'loudspeaker_1071f82bd0d6a23935cd53a06b1d2317_006.png', 'loudspeaker_d3e279ab7bb0dcbb85d9d97241397921_014.png']",0.22027523624154932
loudspeaker,loudspeaker_train_c1,loudspeaker_c1_train_d3e279ab7bb0dcbb85d9d97241397921_2,1,"['loudspeaker_d3e279ab7bb0dcbb85d9d97241397921_007.png', 'loudspeaker_88c752eedbb2e133f7f12bd413763dc6_010.png', 'loudspeaker_d3e279ab7bb0dcbb85d9d97241397921_005.png']",0.2737886648307194
loudspeaker,loudspeaker_train_c1,loudspeaker_c1_train_eb0c85cc627406b5d33b16aac56dbe59_0,2,"['loudspeaker_eb0c85cc627406b5d33b16aac56dbe59_003.png', 'loudspeaker_eb0c85cc627406b5d33b16aac56dbe59_012.png', 'loudspeaker_8453a71333241062f1b584cbe791b374_001.png']",0.13363324418663014
loudspeaker,loudspeaker_train_c1,loudspeaker_c1_train_eb0c85cc627406b5d33b16aac56dbe59_1,0,"['loudspeaker_161de75c52763afade3a1fb6044fe536_007.png', 'loudspeaker_eb0c85cc627406b5d33b16aac56dbe59_008.png', 'loudspeaker_eb0c85cc627406b5d33b16aac56dbe59_002.png']",0.1749456049702205
loudspeaker,loudspeaker_train_c1,loudspeaker_c1_train_eb0c85cc627406b5d33b16aac56dbe59_2,0,"['loudspeaker_8a536e4254674fbb73e1b2d018c0512_003.png', 'loudspeaker_eb0c85cc627406b5d33b16aac56dbe59_006.png', 'loudspeaker_eb0c85cc627406b5d33b16aac56dbe59_011.png']",0.22116100682138173
loudspeaker,loudspeaker_train_c1,loudspeaker_c1_train_68e85f236ca1b43467cfbcdcd1be46c8_0,1,"['loudspeaker_68e85f236ca1b43467cfbcdcd1be46c8_008.png', 'loudspeaker_529f3a898bd030f558b060a361031075_014.png', 'loudspeaker_68e85f236ca1b43467cfbcdcd1be46c8_013.png']",0.1514798881712579
loudspeaker,loudspeaker_train_c1,loudspeaker_c1_train_68e85f236ca1b43467cfbcdcd1be46c8_1,0,"['loudspeaker_eb0c85cc627406b5d33b16aac56dbe59_002.png', 'loudspeaker_68e85f236ca1b43467cfbcdcd1be46c8_002.png', 'loudspeaker_68e85f236ca1b43467cfbcdcd1be46c8_011.png']",0.15073039846575853
loudspeaker,loudspeaker_train_c1,loudspeaker_c1_train_68e85f236ca1b43467cfbcdcd1be46c8_2,0,"['loudspeaker_161de75c52763afade3a1fb6044fe536_012.png', 'loudspeaker_68e85f236ca1b43467cfbcdcd1be46c8_004.png', 'loudspeaker_68e85f236ca1b43467cfbcdcd1be46c8_011.png']",0.1375808876037673
loudspeaker,loudspeaker_train_c1,loudspeaker_c1_train_ebbb434aba6d7c271ad88f716ea80910_0,2,"['loudspeaker_ebbb434aba6d7c271ad88f716ea80910_007.png', 'loudspeaker_ebbb434aba6d7c271ad88f716ea80910_001.png', 'loudspeaker_bda24b02920f91d1887e8faf8f33b0c5_004.png']",0.11893163873180201
loudspeaker,loudspeaker_train_c1,loudspeaker_c1_train_ebbb434aba6d7c271ad88f716ea80910_1,0,"['loudspeaker_8a536e4254674fbb73e1b2d018c0512_008.png', 'loudspeaker_ebbb434aba6d7c271ad88f716ea80910_005.png', 'loudspeaker_ebbb434aba6d7c271ad88f716ea80910_000.png']",0.10360723149265683
loudspeaker,loudspeaker_train_c1,loudspeaker_c1_train_ebbb434aba6d7c271ad88f716ea80910_2,2,"['loudspeaker_ebbb434aba6d7c271ad88f716ea80910_004.png', 'loudspeaker_ebbb434aba6d7c271ad88f716ea80910_013.png', 'loudspeaker_7599541dac4a89ada1efd4f01acbedc_007.png']",0.10525696791027273
loudspeaker,loudspeaker_train_c1,loudspeaker_c1_train_e4edc21690f623a35587d8c9be86464a_0,1,"['loudspeaker_e4edc21690f623a35587d8c9be86464a_004.png', 'loudspeaker_7599541dac4a89ada1efd4f01acbedc_002.png', 'loudspeaker_e4edc21690f623a35587d8c9be86464a_012.png']",0.15293403304242337
loudspeaker,loudspeaker_train_c1,loudspeaker_c1_train_e4edc21690f623a35587d8c9be86464a_1,0,"['loudspeaker_7599541dac4a89ada1efd4f01acbedc_010.png', 'loudspeaker_e4edc21690f623a35587d8c9be86464a_010.png', 'loudspeaker_e4edc21690f623a35587d8c9be86464a_008.png']",0.15293403304242337
loudspeaker,loudspeaker_train_c1,loudspeaker_c1_train_e4edc21690f623a35587d8c9be86464a_2,0,"['loudspeaker_853f3c53280aa44fb63369d5dd85d25_009.png', 'loudspeaker_e4edc21690f623a35587d8c9be86464a_004.png', 'loudspeaker_e4edc21690f623a35587d8c9be86464a_003.png']",0.19906353991331072
loudspeaker,loudspeaker_train_c2,loudspeaker_c2_train_3bf8ec07e1643746b319b8417d912123_0,1,"['loudspeaker_3bf8ec07e1643746b319b8417d912123_014.png', 'loudspeaker_ce21542cb2b0bb3458107383640dddec_008.png', 'loudspeaker_3bf8ec07e1643746b319b8417d912123_005.png']",0.11670146520963187
loudspeaker,loudspeaker_train_c2,loudspeaker_c2_train_3bf8ec07e1643746b319b8417d912123_1,2,"['loudspeaker_3bf8ec07e1643746b319b8417d912123_001.png', 'loudspeaker_3bf8ec07e1643746b319b8417d912123_000.png', 'loudspeaker_63f06aff0721b648f322c3e7acea58f1_007.png']",0.23919552797179
loudspeaker,loudspeaker_train_c2,loudspeaker_c2_train_3bf8ec07e1643746b319b8417d912123_2,0,"['loudspeaker_ce21542cb2b0bb3458107383640dddec_003.png', 'loudspeaker_3bf8ec07e1643746b319b8417d912123_005.png', 'loudspeaker_3bf8ec07e1643746b319b8417d912123_007.png']",0.11670146520963187
loudspeaker,loudspeaker_train_c2,loudspeaker_c2_train_6341662056860c3e225f3f0d46b4fca3_0,0,"['loudspeaker_96778a7607802a72ce1db673cf70420f_012.png', 'loudspeaker_6341662056860c3e225f3f0d46b4fca3_010.png', 'loudspeaker_6341662056860c3e225f3f0d46b4fca3_002.png']",0.536739651979478
loudspeaker,loudspeaker_train_c2,loudspeaker_c2_train_6341662056860c3e225f3f0d46b4fca3_1,2,"['loudspeaker_6341662056860c3e225f3f0d46b4fca3_003.png', 'loudspeaker_6341662056860c3e225f3f0d46b4fca3_000.png', 'loudspeaker_5b6ffc53d44363b57f2a00f370c25e25_004.png']",0.47783462726639936
loudspeaker,loudspeaker_train_c2,loudspeaker_c2_train_6341662056860c3e225f3f0d46b4fca3_2,0,"['loudspeaker_7ba65164444ed5be3df08ed7d70af1ee_011.png', 'loudspeaker_6341662056860c3e225f3f0d46b4fca3_014.png', 'loudspeaker_6341662056860c3e225f3f0d46b4fca3_005.png']",0.5770192475334209
loudspeaker,loudspeaker_train_c2,loudspeaker_c2_train_16eec6c601ae44c06299da17267bf77_0,1,"['loudspeaker_16eec6c601ae44c06299da17267bf77_003.png', 'loudspeaker_374df728f54322363b0edb55efd49670_013.png', 'loudspeaker_16eec6c601ae44c06299da17267bf77_002.png']",0.5958871149560945
loudspeaker,loudspeaker_train_c2,loudspeaker_c2_train_16eec6c601ae44c06299da17267bf77_1,2,"['loudspeaker_16eec6c601ae44c06299da17267bf77_008.png', 'loudspeaker_16eec6c601ae44c06299da17267bf77_014.png', 'loudspeaker_451f3d4fd10530b9d5a56ecdb5a1cd39_007.png']",0.7039954520035661
loudspeaker,loudspeaker_train_c2,loudspeaker_c2_train_16eec6c601ae44c06299da17267bf77_2,1,"['loudspeaker_16eec6c601ae44c06299da17267bf77_000.png', 'loudspeaker_63f06aff0721b648f322c3e7acea58f1_000.png', 'loudspeaker_16eec6c601ae44c06299da17267bf77_011.png']",0.6636037799696201
loudspeaker,loudspeaker_train_c2,loudspeaker_c2_train_4a1ffed169f04f5fd084cd4069686980_0,1,"['loudspeaker_4a1ffed169f04f5fd084cd4069686980_006.png', 'loudspeaker_4d698b1e935897905e97b1b6281b6b04_009.png', 'loudspeaker_4a1ffed169f04f5fd084cd4069686980_010.png']",0.5436618727209827
loudspeaker,loudspeaker_train_c2,loudspeaker_c2_train_4a1ffed169f04f5fd084cd4069686980_1,1,"['loudspeaker_4a1ffed169f04f5fd084cd4069686980_008.png', 'loudspeaker_26369dd5c4cc8c55e9e3ed40810044f_013.png', 'loudspeaker_4a1ffed169f04f5fd084cd4069686980_007.png']",0.5117501560397606
loudspeaker,loudspeaker_train_c2,loudspeaker_c2_train_4a1ffed169f04f5fd084cd4069686980_2,2,"['loudspeaker_4a1ffed169f04f5fd084cd4069686980_012.png', 'loudspeaker_4a1ffed169f04f5fd084cd4069686980_013.png', 'loudspeaker_95268fb7d50ddf77f398d0c5832df00e_007.png']",0.42636647703439634
loudspeaker,loudspeaker_train_c2,loudspeaker_c2_train_4cd3259a06b904a36a6d1e86c6266511_0,1,"['loudspeaker_4cd3259a06b904a36a6d1e86c6266511_009.png', 'loudspeaker_2c8cb15e2d973bc847cf5450436b1047_012.png', 'loudspeaker_4cd3259a06b904a36a6d1e86c6266511_010.png']",0.27694260018971883
loudspeaker,loudspeaker_train_c2,loudspeaker_c2_train_4cd3259a06b904a36a6d1e86c6266511_1,0,"['loudspeaker_2c8cb15e2d973bc847cf5450436b1047_011.png', 'loudspeaker_4cd3259a06b904a36a6d1e86c6266511_007.png', 'loudspeaker_4cd3259a06b904a36a6d1e86c6266511_002.png']",0.27694260018971883
loudspeaker,loudspeaker_train_c2,loudspeaker_c2_train_4cd3259a06b904a36a6d1e86c6266511_2,1,"['loudspeaker_4cd3259a06b904a36a6d1e86c6266511_010.png', 'loudspeaker_2dc57057c96ae0f74c24a2a9e289662d_010.png', 'loudspeaker_4cd3259a06b904a36a6d1e86c6266511_002.png']",0.18686279381396265
loudspeaker,loudspeaker_train_c2,loudspeaker_c2_train_96778a7607802a72ce1db673cf70420f_0,2,"['loudspeaker_96778a7607802a72ce1db673cf70420f_007.png', 'loudspeaker_96778a7607802a72ce1db673cf70420f_008.png', 'loudspeaker_5b6ffc53d44363b57f2a00f370c25e25_004.png']",0.20295885892994403
loudspeaker,loudspeaker_train_c2,loudspeaker_c2_train_96778a7607802a72ce1db673cf70420f_1,0,"['loudspeaker_d14285fb64811217e50f6aaad9a07bc_013.png', 'loudspeaker_96778a7607802a72ce1db673cf70420f_013.png', 'loudspeaker_96778a7607802a72ce1db673cf70420f_014.png']",0.29186889227194657
loudspeaker,loudspeaker_train_c2,loudspeaker_c2_train_96778a7607802a72ce1db673cf70420f_2,2,"['loudspeaker_96778a7607802a72ce1db673cf70420f_007.png', 'loudspeaker_96778a7607802a72ce1db673cf70420f_012.png', 'loudspeaker_95268fb7d50ddf77f398d0c5832df00e_010.png']",0.21761881568322294
loudspeaker,loudspeaker_train_c2,loudspeaker_c2_train_5b6ffc53d44363b57f2a00f370c25e25_0,0,"['loudspeaker_7ba65164444ed5be3df08ed7d70af1ee_005.png', 'loudspeaker_5b6ffc53d44363b57f2a00f370c25e25_008.png', 'loudspeaker_5b6ffc53d44363b57f2a00f370c25e25_000.png']",0.2587773992144554
loudspeaker,loudspeaker_train_c2,loudspeaker_c2_train_5b6ffc53d44363b57f2a00f370c25e25_1,1,"['loudspeaker_5b6ffc53d44363b57f2a00f370c25e25_009.png', 'loudspeaker_576e85200907fec189d3b4ea8dc19f36_012.png', 'loudspeaker_5b6ffc53d44363b57f2a00f370c25e25_008.png']",0.36398028866148857
loudspeaker,loudspeaker_train_c2,loudspeaker_c2_train_5b6ffc53d44363b57f2a00f370c25e25_2,1,"['loudspeaker_5b6ffc53d44363b57f2a00f370c25e25_011.png', 'loudspeaker_2c8cb15e2d973bc847cf5450436b1047_003.png', 'loudspeaker_5b6ffc53d44363b57f2a00f370c25e25_012.png']",0.23778569339222955
loudspeaker,loudspeaker_train_c2,loudspeaker_c2_train_4d698b1e935897905e97b1b6281b6b04_0,2,"['loudspeaker_4d698b1e935897905e97b1b6281b6b04_013.png', 'loudspeaker_4d698b1e935897905e97b1b6281b6b04_003.png', 'loudspeaker_2dc57057c96ae0f74c24a2a9e289662d_008.png']",0.23957660524937585
loudspeaker,loudspeaker_train_c2,loudspeaker_c2_train_4d698b1e935897905e97b1b6281b6b04_1,0,"['loudspeaker_4cd3259a06b904a36a6d1e86c6266511_000.png', 'loudspeaker_4d698b1e935897905e97b1b6281b6b04_006.png', 'loudspeaker_4d698b1e935897905e97b1b6281b6b04_013.png']",0.35510440362638684
loudspeaker,loudspeaker_train_c2,loudspeaker_c2_train_4d698b1e935897905e97b1b6281b6b04_2,2,"['loudspeaker_4d698b1e935897905e97b1b6281b6b04_000.png', 'loudspeaker_4d698b1e935897905e97b1b6281b6b04_013.png', 'loudspeaker_2dc57057c96ae0f74c24a2a9e289662d_013.png']",0.23957660524937585
loudspeaker,loudspeaker_train_c2,loudspeaker_c2_train_2336a8ba5ba8a9f0ce029fab54b6cfbd_0,1,"['loudspeaker_2336a8ba5ba8a9f0ce029fab54b6cfbd_009.png', 'loudspeaker_ce21542cb2b0bb3458107383640dddec_006.png', 'loudspeaker_2336a8ba5ba8a9f0ce029fab54b6cfbd_007.png']",0.2621130050755316
loudspeaker,loudspeaker_train_c2,loudspeaker_c2_train_2336a8ba5ba8a9f0ce029fab54b6cfbd_1,2,"['loudspeaker_2336a8ba5ba8a9f0ce029fab54b6cfbd_013.png', 'loudspeaker_2336a8ba5ba8a9f0ce029fab54b6cfbd_004.png', 'loudspeaker_3bf8ec07e1643746b319b8417d912123_014.png']",0.21606059724236903
loudspeaker,loudspeaker_train_c2,loudspeaker_c2_train_2336a8ba5ba8a9f0ce029fab54b6cfbd_2,2,"['loudspeaker_2336a8ba5ba8a9f0ce029fab54b6cfbd_002.png', 'loudspeaker_2336a8ba5ba8a9f0ce029fab54b6cfbd_008.png', 'loudspeaker_451f3d4fd10530b9d5a56ecdb5a1cd39_002.png']",0.3443074673339871
loudspeaker,loudspeaker_train_c2,loudspeaker_c2_train_451f3d4fd10530b9d5a56ecdb5a1cd39_0,0,"['loudspeaker_df678ca1f17e32ec3d65eaf8cbd60895_003.png', 'loudspeaker_451f3d4fd10530b9d5a56ecdb5a1cd39_012.png', 'loudspeaker_451f3d4fd10530b9d5a56ecdb5a1cd39_002.png']",0.5820093514187925
loudspeaker,loudspeaker_train_c2,loudspeaker_c2_train_451f3d4fd10530b9d5a56ecdb5a1cd39_1,0,"['loudspeaker_df678ca1f17e32ec3d65eaf8cbd60895_014.png', 'loudspeaker_451f3d4fd10530b9d5a56ecdb5a1cd39_013.png', 'loudspeaker_451f3d4fd10530b9d5a56ecdb5a1cd39_002.png']",0.5820093514187925
loudspeaker,loudspeaker_train_c2,loudspeaker_c2_train_451f3d4fd10530b9d5a56ecdb5a1cd39_2,0,"['loudspeaker_63f06aff0721b648f322c3e7acea58f1_011.png', 'loudspeaker_451f3d4fd10530b9d5a56ecdb5a1cd39_002.png', 'loudspeaker_451f3d4fd10530b9d5a56ecdb5a1cd39_001.png']",0.25530496280476345
loudspeaker,loudspeaker_train_c2,loudspeaker_c2_train_374df728f54322363b0edb55efd49670_0,1,"['loudspeaker_374df728f54322363b0edb55efd49670_013.png', 'loudspeaker_ce21542cb2b0bb3458107383640dddec_008.png', 'loudspeaker_374df728f54322363b0edb55efd49670_006.png']",0.5196444639218707
loudspeaker,loudspeaker_train_c2,loudspeaker_c2_train_374df728f54322363b0edb55efd49670_1,0,"['loudspeaker_7ba65164444ed5be3df08ed7d70af1ee_000.png', 'loudspeaker_374df728f54322363b0edb55efd49670_005.png', 'loudspeaker_374df728f54322363b0edb55efd49670_004.png']",0.43386933133628525
loudspeaker,loudspeaker_train_c2,loudspeaker_c2_train_374df728f54322363b0edb55efd49670_2,0,"['loudspeaker_7ba65164444ed5be3df08ed7d70af1ee_011.png', 'loudspeaker_374df728f54322363b0edb55efd49670_004.png', 'loudspeaker_374df728f54322363b0edb55efd49670_005.png']",0.43386933133628525
loudspeaker,loudspeaker_train_c2,loudspeaker_c2_train_df678ca1f17e32ec3d65eaf8cbd60895_0,1,"['loudspeaker_df678ca1f17e32ec3d65eaf8cbd60895_008.png', 'loudspeaker_ce21542cb2b0bb3458107383640dddec_006.png', 'loudspeaker_df678ca1f17e32ec3d65eaf8cbd60895_006.png']",0.22505397261449334
loudspeaker,loudspeaker_train_c2,loudspeaker_c2_train_df678ca1f17e32ec3d65eaf8cbd60895_1,1,"['loudspeaker_df678ca1f17e32ec3d65eaf8cbd60895_013.png', 'loudspeaker_3bf8ec07e1643746b319b8417d912123_014.png', 'loudspeaker_df678ca1f17e32ec3d65eaf8cbd60895_002.png']",0.27952052149815276
loudspeaker,loudspeaker_train_c2,loudspeaker_c2_train_df678ca1f17e32ec3d65eaf8cbd60895_2,0,"['loudspeaker_2dc57057c96ae0f74c24a2a9e289662d_006.png', 'loudspeaker_df678ca1f17e32ec3d65eaf8cbd60895_008.png', 'loudspeaker_df678ca1f17e32ec3d65eaf8cbd60895_006.png']",0.23794338705348705
loudspeaker,loudspeaker_train_c2,loudspeaker_c2_train_8d5064233fdf0624b6d9c2cee7f2f72b_0,2,"['loudspeaker_8d5064233fdf0624b6d9c2cee7f2f72b_007.png', 'loudspeaker_8d5064233fdf0624b6d9c2cee7f2f72b_008.png', 'loudspeaker_2c8cb15e2d973bc847cf5450436b1047_011.png']",0.3131319366807147
loudspeaker,loudspeaker_train_c2,loudspeaker_c2_train_8d5064233fdf0624b6d9c2cee7f2f72b_1,0,"['loudspeaker_d14285fb64811217e50f6aaad9a07bc_004.png', 'loudspeaker_8d5064233fdf0624b6d9c2cee7f2f72b_000.png', 'loudspeaker_8d5064233fdf0624b6d9c2cee7f2f72b_013.png']",0.30994087273442794
loudspeaker,loudspeaker_train_c2,loudspeaker_c2_train_8d5064233fdf0624b6d9c2cee7f2f72b_2,2,"['loudspeaker_8d5064233fdf0624b6d9c2cee7f2f72b_006.png', 'loudspeaker_8d5064233fdf0624b6d9c2cee7f2f72b_008.png', 'loudspeaker_2dc57057c96ae0f74c24a2a9e289662d_010.png']",0.2764165729663226
loudspeaker,loudspeaker_train_c2,loudspeaker_c2_train_ce21542cb2b0bb3458107383640dddec_0,1,"['loudspeaker_ce21542cb2b0bb3458107383640dddec_009.png', 'loudspeaker_df678ca1f17e32ec3d65eaf8cbd60895_014.png', 'loudspeaker_ce21542cb2b0bb3458107383640dddec_013.png']",0.22505397261449334
loudspeaker,loudspeaker_train_c2,loudspeaker_c2_train_ce21542cb2b0bb3458107383640dddec_1,0,"['loudspeaker_2dc57057c96ae0f74c24a2a9e289662d_006.png', 'loudspeaker_ce21542cb2b0bb3458107383640dddec_004.png', 'loudspeaker_ce21542cb2b0bb3458107383640dddec_010.png']",0.2925633680411497
loudspeaker,loudspeaker_train_c2,loudspeaker_c2_train_ce21542cb2b0bb3458107383640dddec_2,2,"['loudspeaker_ce21542cb2b0bb3458107383640dddec_010.png', 'loudspeaker_ce21542cb2b0bb3458107383640dddec_005.png', 'loudspeaker_2dc57057c96ae0f74c24a2a9e289662d_004.png']",0.2925633680411497
loudspeaker,loudspeaker_train_c2,loudspeaker_c2_train_95268fb7d50ddf77f398d0c5832df00e_0,2,"['loudspeaker_95268fb7d50ddf77f398d0c5832df00e_006.png', 'loudspeaker_95268fb7d50ddf77f398d0c5832df00e_003.png', 'loudspeaker_2dc57057c96ae0f74c24a2a9e289662d_000.png']",0.23118823604465832
loudspeaker,loudspeaker_train_c2,loudspeaker_c2_train_95268fb7d50ddf77f398d0c5832df00e_1,0,"['loudspeaker_2c8cb15e2d973bc847cf5450436b1047_007.png', 'loudspeaker_95268fb7d50ddf77f398d0c5832df00e_009.png', 'loudspeaker_95268fb7d50ddf77f398d0c5832df00e_014.png']",0.11252835421984053
loudspeaker,loudspeaker_train_c2,loudspeaker_c2_train_95268fb7d50ddf77f398d0c5832df00e_2,2,"['loudspeaker_95268fb7d50ddf77f398d0c5832df00e_014.png', 'loudspeaker_95268fb7d50ddf77f398d0c5832df00e_002.png', 'loudspeaker_96778a7607802a72ce1db673cf70420f_012.png']",0.21761881568322294
loudspeaker,loudspeaker_train_c2,loudspeaker_c2_train_1f6b0aa7568e70675c91d2edd70c353_0,2,"['loudspeaker_1f6b0aa7568e70675c91d2edd70c353_011.png', 'loudspeaker_1f6b0aa7568e70675c91d2edd70c353_009.png', 'loudspeaker_6341662056860c3e225f3f0d46b4fca3_011.png']",0.39641790475168726
loudspeaker,loudspeaker_train_c2,loudspeaker_c2_train_1f6b0aa7568e70675c91d2edd70c353_1,2,"['loudspeaker_1f6b0aa7568e70675c91d2edd70c353_008.png', 'loudspeaker_1f6b0aa7568e70675c91d2edd70c353_014.png', 'loudspeaker_6341662056860c3e225f3f0d46b4fca3_003.png']",0.39641790475168726
loudspeaker,loudspeaker_train_c2,loudspeaker_c2_train_1f6b0aa7568e70675c91d2edd70c353_2,2,"['loudspeaker_1f6b0aa7568e70675c91d2edd70c353_005.png', 'loudspeaker_1f6b0aa7568e70675c91d2edd70c353_008.png', 'loudspeaker_5b6ffc53d44363b57f2a00f370c25e25_013.png']",0.4693774841149846
loudspeaker,loudspeaker_train_c2,loudspeaker_c2_train_2c8cb15e2d973bc847cf5450436b1047_0,2,"['loudspeaker_2c8cb15e2d973bc847cf5450436b1047_001.png', 'loudspeaker_2c8cb15e2d973bc847cf5450436b1047_014.png', 'loudspeaker_8675e32f2e122ea5c13bcab6e4ecd7e4_002.png']",0.18758692358204243
loudspeaker,loudspeaker_train_c2,loudspeaker_c2_train_2c8cb15e2d973bc847cf5450436b1047_1,1,"['loudspeaker_2c8cb15e2d973bc847cf5450436b1047_005.png', 'loudspeaker_2dc57057c96ae0f74c24a2a9e289662d_005.png', 'loudspeaker_2c8cb15e2d973bc847cf5450436b1047_013.png']",0.19936695047510922
loudspeaker,loudspeaker_train_c2,loudspeaker_c2_train_2c8cb15e2d973bc847cf5450436b1047_2,1,"['loudspeaker_2c8cb15e2d973bc847cf5450436b1047_000.png', 'loudspeaker_95268fb7d50ddf77f398d0c5832df00e_008.png', 'loudspeaker_2c8cb15e2d973bc847cf5450436b1047_009.png']",0.11252835421984053
loudspeaker,loudspeaker_train_c2,loudspeaker_c2_train_63f06aff0721b648f322c3e7acea58f1_0,1,"['loudspeaker_63f06aff0721b648f322c3e7acea58f1_000.png', 'loudspeaker_3bf8ec07e1643746b319b8417d912123_000.png', 'loudspeaker_63f06aff0721b648f322c3e7acea58f1_007.png']",0.23919552797179
loudspeaker,loudspeaker_train_c2,loudspeaker_c2_train_63f06aff0721b648f322c3e7acea58f1_1,2,"['loudspeaker_63f06aff0721b648f322c3e7acea58f1_004.png', 'loudspeaker_63f06aff0721b648f322c3e7acea58f1_003.png', 'loudspeaker_451f3d4fd10530b9d5a56ecdb5a1cd39_009.png']",0.25530496280476345
loudspeaker,loudspeaker_train_c2,loudspeaker_c2_train_63f06aff0721b648f322c3e7acea58f1_2,1,"['loudspeaker_63f06aff0721b648f322c3e7acea58f1_010.png', 'loudspeaker_2336a8ba5ba8a9f0ce029fab54b6cfbd_014.png', 'loudspeaker_63f06aff0721b648f322c3e7acea58f1_003.png']",0.17224181340063827
loudspeaker,loudspeaker_train_c2,loudspeaker_c2_train_15c6b5792b19af3fe99c48db5f195989_0,2,"['loudspeaker_15c6b5792b19af3fe99c48db5f195989_008.png', 'loudspeaker_15c6b5792b19af3fe99c48db5f195989_010.png', 'loudspeaker_4cd3259a06b904a36a6d1e86c6266511_000.png']",0.5123665552311776
loudspeaker,loudspeaker_train_c2,loudspeaker_c2_train_15c6b5792b19af3fe99c48db5f195989_1,0,"['loudspeaker_ce21542cb2b0bb3458107383640dddec_007.png', 'loudspeaker_15c6b5792b19af3fe99c48db5f195989_010.png', 'loudspeaker_15c6b5792b19af3fe99c48db5f195989_005.png']",0.46858276176854763
loudspeaker,loudspeaker_train_c2,loudspeaker_c2_train_15c6b5792b19af3fe99c48db5f195989_2,0,"['loudspeaker_7ba65164444ed5be3df08ed7d70af1ee_006.png', 'loudspeaker_15c6b5792b19af3fe99c48db5f195989_011.png', 'loudspeaker_15c6b5792b19af3fe99c48db5f195989_004.png']",0.342677889251514
loudspeaker,loudspeaker_train_c2,loudspeaker_c2_train_8675e32f2e122ea5c13bcab6e4ecd7e4_0,0,"['loudspeaker_2dc57057c96ae0f74c24a2a9e289662d_009.png', 'loudspeaker_8675e32f2e122ea5c13bcab6e4ecd7e4_003.png', 'loudspeaker_8675e32f2e122ea5c13bcab6e4ecd7e4_012.png']",0.15936210265432393
loudspeaker,loudspeaker_train_c2,loudspeaker_c2_train_8675e32f2e122ea5c13bcab6e4ecd7e4_1,0,"['loudspeaker_96778a7607802a72ce1db673cf70420f_011.png', 'loudspeaker_8675e32f2e122ea5c13bcab6e4ecd7e4_002.png', 'loudspeaker_8675e32f2e122ea5c13bcab6e4ecd7e4_006.png']",0.27845748808592397
loudspeaker,loudspeaker_train_c2,loudspeaker_c2_train_8675e32f2e122ea5c13bcab6e4ecd7e4_2,0,"['loudspeaker_96778a7607802a72ce1db673cf70420f_002.png', 'loudspeaker_8675e32f2e122ea5c13bcab6e4ecd7e4_013.png', 'loudspeaker_8675e32f2e122ea5c13bcab6e4ecd7e4_008.png']",0.27845748808592397
loudspeaker,loudspeaker_train_c2,loudspeaker_c2_train_576e85200907fec189d3b4ea8dc19f36_0,2,"['loudspeaker_576e85200907fec189d3b4ea8dc19f36_008.png', 'loudspeaker_576e85200907fec189d3b4ea8dc19f36_001.png', 'loudspeaker_2c8cb15e2d973bc847cf5450436b1047_007.png']",0.4539638010399354
loudspeaker,loudspeaker_train_c2,loudspeaker_c2_train_576e85200907fec189d3b4ea8dc19f36_1,2,"['loudspeaker_576e85200907fec189d3b4ea8dc19f36_008.png', 'loudspeaker_576e85200907fec189d3b4ea8dc19f36_000.png', 'loudspeaker_7ba65164444ed5be3df08ed7d70af1ee_004.png']",0.3339443113197952
loudspeaker,loudspeaker_train_c2,loudspeaker_c2_train_576e85200907fec189d3b4ea8dc19f36_2,0,"['loudspeaker_2c8cb15e2d973bc847cf5450436b1047_012.png', 'loudspeaker_576e85200907fec189d3b4ea8dc19f36_010.png', 'loudspeaker_576e85200907fec189d3b4ea8dc19f36_009.png']",0.4539638010399354
loudspeaker,loudspeaker_train_c2,loudspeaker_c2_train_7ba65164444ed5be3df08ed7d70af1ee_0,2,"['loudspeaker_7ba65164444ed5be3df08ed7d70af1ee_011.png', 'loudspeaker_7ba65164444ed5be3df08ed7d70af1ee_010.png', 'loudspeaker_15c6b5792b19af3fe99c48db5f195989_005.png']",0.342677889251514
loudspeaker,loudspeaker_train_c2,loudspeaker_c2_train_7ba65164444ed5be3df08ed7d70af1ee_1,1,"['loudspeaker_7ba65164444ed5be3df08ed7d70af1ee_007.png', 'loudspeaker_15c6b5792b19af3fe99c48db5f195989_006.png', 'loudspeaker_7ba65164444ed5be3df08ed7d70af1ee_011.png']",0.342677889251514
loudspeaker,loudspeaker_train_c2,loudspeaker_c2_train_7ba65164444ed5be3df08ed7d70af1ee_2,2,"['loudspeaker_7ba65164444ed5be3df08ed7d70af1ee_001.png', 'loudspeaker_7ba65164444ed5be3df08ed7d70af1ee_002.png', 'loudspeaker_576e85200907fec189d3b4ea8dc19f36_003.png']",0.3339443113197952
loudspeaker,loudspeaker_train_c2,loudspeaker_c2_train_26369dd5c4cc8c55e9e3ed40810044f_0,1,"['loudspeaker_26369dd5c4cc8c55e9e3ed40810044f_002.png', 'loudspeaker_8675e32f2e122ea5c13bcab6e4ecd7e4_001.png', 'loudspeaker_26369dd5c4cc8c55e9e3ed40810044f_001.png']",0.33304550207484385
loudspeaker,loudspeaker_train_c2,loudspeaker_c2_train_26369dd5c4cc8c55e9e3ed40810044f_1,0,"['loudspeaker_8d5064233fdf0624b6d9c2cee7f2f72b_014.png', 'loudspeaker_26369dd5c4cc8c55e9e3ed40810044f_008.png', 'loudspeaker_26369dd5c4cc8c55e9e3ed40810044f_006.png']",0.3464899411500213
loudspeaker,loudspeaker_train_c2,loudspeaker_c2_train_26369dd5c4cc8c55e9e3ed40810044f_2,2,"['loudspeaker_26369dd5c4cc8c55e9e3ed40810044f_003.png', 'loudspeaker_26369dd5c4cc8c55e9e3ed40810044f_009.png', 'loudspeaker_d14285fb64811217e50f6aaad9a07bc_010.png']",0.34787237965712026
loudspeaker,loudspeaker_train_c2,loudspeaker_c2_train_2dc57057c96ae0f74c24a2a9e289662d_0,2,"['loudspeaker_2dc57057c96ae0f74c24a2a9e289662d_012.png', 'loudspeaker_2dc57057c96ae0f74c24a2a9e289662d_007.png', 'loudspeaker_2c8cb15e2d973bc847cf5450436b1047_006.png']",0.19936695047510922
loudspeaker,loudspeaker_train_c2,loudspeaker_c2_train_2dc57057c96ae0f74c24a2a9e289662d_1,0,"['loudspeaker_95268fb7d50ddf77f398d0c5832df00e_000.png', 'loudspeaker_2dc57057c96ae0f74c24a2a9e289662d_003.png', 'loudspeaker_2dc57057c96ae0f74c24a2a9e289662d_002.png']",0.23118823604465832
loudspeaker,loudspeaker_train_c2,loudspeaker_c2_train_2dc57057c96ae0f74c24a2a9e289662d_2,2,"['loudspeaker_2dc57057c96ae0f74c24a2a9e289662d_009.png', 'loudspeaker_2dc57057c96ae0f74c24a2a9e289662d_013.png', 'loudspeaker_95268fb7d50ddf77f398d0c5832df00e_012.png']",0.23118823604465832
loudspeaker,loudspeaker_train_c2,loudspeaker_c2_train_d14285fb64811217e50f6aaad9a07bc_0,0,"['loudspeaker_2c8cb15e2d973bc847cf5450436b1047_002.png', 'loudspeaker_d14285fb64811217e50f6aaad9a07bc_010.png', 'loudspeaker_d14285fb64811217e50f6aaad9a07bc_013.png']",0.17413331754310923
loudspeaker,loudspeaker_train_c2,loudspeaker_c2_train_d14285fb64811217e50f6aaad9a07bc_1,0,"['loudspeaker_2c8cb15e2d973bc847cf5450436b1047_011.png', 'loudspeaker_d14285fb64811217e50f6aaad9a07bc_013.png', 'loudspeaker_d14285fb64811217e50f6aaad9a07bc_008.png']",0.17413331754310923
loudspeaker,loudspeaker_train_c2,loudspeaker_c2_train_d14285fb64811217e50f6aaad9a07bc_2,0,"['loudspeaker_2c8cb15e2d973bc847cf5450436b1047_000.png', 'loudspeaker_d14285fb64811217e50f6aaad9a07bc_012.png', 'loudspeaker_d14285fb64811217e50f6aaad9a07bc_006.png']",0.17413331754310923
sofa,sofa_train_c0,sofa_c0_train_a1b02adc96a97e176eb9b08c8a74d159_0,0,"['sofa_93b4258c377ade381deb48513aeadf93_004.png', 'sofa_a1b02adc96a97e176eb9b08c8a74d159_005.png', 'sofa_a1b02adc96a97e176eb9b08c8a74d159_009.png']",0.059280546525873556
sofa,sofa_train_c0,sofa_c0_train_a1b02adc96a97e176eb9b08c8a74d159_1,2,"['sofa_a1b02adc96a97e176eb9b08c8a74d159_005.png', 'sofa_a1b02adc96a97e176eb9b08c8a74d159_003.png', 'sofa_2780834da1be89d1f51f77a6d7299806_011.png']",0.19856609064702258
sofa,sofa_train_c0,sofa_c0_train_a1b02adc96a97e176eb9b08c8a74d159_2,0,"['sofa_bab33dad5baa7983ecaafbe064b13083_008.png', 'sofa_a1b02adc96a97e176eb9b08c8a74d159_004.png', 'sofa_a1b02adc96a97e176eb9b08c8a74d159_007.png']",0.10774639330632962
sofa,sofa_train_c0,sofa_c0_train_60ad8be4124fda92408442c6701ebe92_0,1,"['sofa_60ad8be4124fda92408442c6701ebe92_008.png', 'sofa_fd2f1f0d3c4b90d535ae67400a94a6fe_005.png', 'sofa_60ad8be4124fda92408442c6701ebe92_011.png']",0.22806867731384328
sofa,sofa_train_c0,sofa_c0_train_60ad8be4124fda92408442c6701ebe92_1,2,"['sofa_60ad8be4124fda92408442c6701ebe92_000.png', 'sofa_60ad8be4124fda92408442c6701ebe92_011.png', 'sofa_207c81a9bbdccbb8e8058cf23f6382c1_001.png']",0.19169011147523285
sofa,sofa_train_c0,sofa_c0_train_60ad8be4124fda92408442c6701ebe92_2,2,"['sofa_60ad8be4124fda92408442c6701ebe92_001.png', 'sofa_60ad8be4124fda92408442c6701ebe92_003.png', 'sofa_207c81a9bbdccbb8e8058cf23f6382c1_011.png']",0.19169011147523285
sofa,sofa_train_c0,sofa_c0_train_fd2f1f0d3c4b90d535ae67400a94a6fe_0,1,"['sofa_fd2f1f0d3c4b90d535ae67400a94a6fe_001.png', 'sofa_2780834da1be89d1f51f77a6d7299806_003.png', 'sofa_fd2f1f0d3c4b90d535ae67400a94a6fe_009.png']",0.11532550096345351
sofa,sofa_train_c0,sofa_c0_train_fd2f1f0d3c4b90d535ae67400a94a6fe_1,0,"['sofa_cb7cee345d3e7f75593ebeeedbff73b_011.png', 'sofa_fd2f1f0d3c4b90d535ae67400a94a6fe_006.png', 'sofa_fd2f1f0d3c4b90d535ae67400a94a6fe_012.png']",0.14070704801421074
sofa,sofa_train_c0,sofa_c0_train_fd2f1f0d3c4b90d535ae67400a94a6fe_2,2,"['sofa_fd2f1f0d3c4b90d535ae67400a94a6fe_011.png', 'sofa_fd2f1f0d3c4b90d535ae67400a94a6fe_001.png', 'sofa_2bb1b5865455b2b814513156cf2b8d0d_006.png']",0.08688042125918916
sofa,sofa_train_c0,sofa_c0_train_899389d5ac054e7f33a851a05440ba33_0,1,"['sofa_899389d5ac054e7f33a851a05440ba33_004.png', 'sofa_93b4258c377ade381deb48513aeadf93_012.png', 'sofa_899389d5ac054e7f33a851a05440ba33_006.png']",0.16214609176175487
sofa,sofa_train_c0,sofa_c0_train_899389d5ac054e7f33a851a05440ba33_1,2,"['sofa_899389d5ac054e7f33a851a05440ba33_009.png', 'sofa_899389d5ac054e7f33a851a05440ba33_004.png', 'sofa_1a9d0480b74d782698f5bccb3529a48d_011.png']",0.20050125241911398
sofa,sofa_train_c0,sofa_c0_train_899389d5ac054e7f33a851a05440ba33_2,0,"['sofa_2780834da1be89d1f51f77a6d7299806_001.png', 'sofa_899389d5ac054e7f33a851a05440ba33_009.png', 'sofa_899389d5ac054e7f33a851a05440ba33_014.png']",0.19097499910732318
sofa,sofa_train_c0,sofa_c0_train_2bb1b5865455b2b814513156cf2b8d0d_0,0,"['sofa_cb7cee345d3e7f75593ebeeedbff73b_014.png', 'sofa_2bb1b5865455b2b814513156cf2b8d0d_000.png', 'sofa_2bb1b5865455b2b814513156cf2b8d0d_011.png']",0.15471185017471223
sofa,sofa_train_c0,sofa_c0_train_2bb1b5865455b2b814513156cf2b8d0d_1,1,"['sofa_2bb1b5865455b2b814513156cf2b8d0d_006.png', 'sofa_aa36fd4d76afcaf8bdcda0bf7e7b4744_011.png', 'sofa_2bb1b5865455b2b814513156cf2b8d0d_003.png']",0.13685451726943654
sofa,sofa_train_c0,sofa_c0_train_2bb1b5865455b2b814513156cf2b8d0d_2,0,"['sofa_a90cf2c399b7052cd4061e538ffc8def_014.png', 'sofa_2bb1b5865455b2b814513156cf2b8d0d_002.png', 'sofa_2bb1b5865455b2b814513156cf2b8d0d_005.png']",0.0844081642903125
sofa,sofa_train_c0,sofa_c0_train_4e925afce2f8fcedec9587880f9bd7d8_0,1,"['sofa_4e925afce2f8fcedec9587880f9bd7d8_002.png', 'sofa_9c1b448ec62cb9fb36dd029536673b0b_001.png', 'sofa_4e925afce2f8fcedec9587880f9bd7d8_007.png']",0.07981257569042322
sofa,sofa_train_c0,sofa_c0_train_4e925afce2f8fcedec9587880f9bd7d8_1,1,"['sofa_4e925afce2f8fcedec9587880f9bd7d8_010.png', 'sofa_1a9d0480b74d782698f5bccb3529a48d_013.png', 'sofa_4e925afce2f8fcedec9587880f9bd7d8_006.png']",0.18092737188321706
sofa,sofa_train_c0,sofa_c0_train_4e925afce2f8fcedec9587880f9bd7d8_2,1,"['sofa_4e925afce2f8fcedec9587880f9bd7d8_001.png', 'sofa_2d1dbcb6802bf2017879e882bea3b8aa_014.png', 'sofa_4e925afce2f8fcedec9587880f9bd7d8_008.png']",0.060764678857949894
sofa,sofa_train_c0,sofa_c0_train_2d1dbcb6802bf2017879e882bea3b8aa_0,0,"['sofa_2b49c5bb1f8f8e50febad4f49b26ec52_004.png', 'sofa_2d1dbcb6802bf2017879e882bea3b8aa_010.png', 'sofa_2d1dbcb6802bf2017879e882bea3b8aa_006.png']",0.06484988059441632
sofa,sofa_train_c0,sofa_c0_train_2d1dbcb6802bf2017879e882bea3b8aa_1,0,"['sofa_2b49c5bb1f8f8e50febad4f49b26ec52_008.png', 'sofa_2d1dbcb6802bf2017879e882bea3b8aa_012.png', 'sofa_2d1dbcb6802bf2017879e882bea3b8aa_011.png']",0.06484988059441632
sofa,sofa_train_c0,sofa_c0_train_2d1dbcb6802bf2017879e882bea3b8aa_2,2,"['sofa_2d1dbcb6802bf2017879e882bea3b8aa_010.png', 'sofa_2d1dbcb6802bf2017879e882bea3b8aa_004.png', 'sofa_1a9d0480b74d782698f5bccb3529a48d_009.png']",0.2314650190501043
sofa,sofa_train_c0,sofa_c0_train_93b4258c377ade381deb48513aeadf93_0,0,"['sofa_a1b02adc96a97e176eb9b08c8a74d159_003.png', 'sofa_93b4258c377ade381deb48513aeadf93_014.png', 'sofa_93b4258c377ade381deb48513aeadf93_007.png']",0.059280546525873556
sofa,sofa_train_c0,sofa_c0_train_93b4258c377ade381deb48513aeadf93_1,1,"['sofa_93b4258c377ade381deb48513aeadf93_004.png', 'sofa_cb7cee345d3e7f75593ebeeedbff73b_007.png', 'sofa_93b4258c377ade381deb48513aeadf93_002.png']",0.05885322931328418
sofa,sofa_train_c0,sofa_c0_train_93b4258c377ade381deb48513aeadf93_2,1,"['sofa_93b4258c377ade381deb48513aeadf93_010.png', 'sofa_cb7cee345d3e7f75593ebeeedbff73b_005.png', 'sofa_93b4258c377ade381deb48513aeadf93_006.png']",0.05885322931328418
sofa,sofa_train_c0,sofa_c0_train_9ee861bebbc312d97fac4224dd2383a7_0,2,"['sofa_9ee861bebbc312d97fac4224dd2383a7_003.png', 'sofa_9ee861bebbc312d97fac4224dd2383a7_007.png', 'sofa_cb7cee345d3e7f75593ebeeedbff73b_005.png']",0.2958184691834037
sofa,sofa_train_c0,sofa_c0_train_9ee861bebbc312d97fac4224dd2383a7_1,0,"['sofa_dc6308addc91fd9eb9e8bdc9c4a49aa2_014.png', 'sofa_9ee861bebbc312d97fac4224dd2383a7_011.png', 'sofa_9ee861bebbc312d97fac4224dd2383a7_005.png']",0.3300797824943572
sofa,sofa_train_c0,sofa_c0_train_9ee861bebbc312d97fac4224dd2383a7_2,0,"['sofa_4e925afce2f8fcedec9587880f9bd7d8_003.png', 'sofa_9ee861bebbc312d97fac4224dd2383a7_011.png', 'sofa_9ee861bebbc312d97fac4224dd2383a7_013.png']",0.2929286599428822
sofa,sofa_train_c0,sofa_c0_train_2b49c5bb1f8f8e50febad4f49b26ec52_0,0,"['sofa_2780834da1be89d1f51f77a6d7299806_011.png', 'sofa_2b49c5bb1f8f8e50febad4f49b26ec52_007.png', 'sofa_2b49c5bb1f8f8e50febad4f49b26ec52_013.png']",0.2260523524042113
sofa,sofa_train_c0,sofa_c0_train_2b49c5bb1f8f8e50febad4f49b26ec52_1,0,"['sofa_4e925afce2f8fcedec9587880f9bd7d8_005.png', 'sofa_2b49c5bb1f8f8e50febad4f49b26ec52_002.png', 'sofa_2b49c5bb1f8f8e50febad4f49b26ec52_013.png']",0.12580499567919567
sofa,sofa_train_c0,sofa_c0_train_2b49c5bb1f8f8e50febad4f49b26ec52_2,0,"['sofa_8d61836ca7137a07291d22c7a0bd7119_005.png', 'sofa_2b49c5bb1f8f8e50febad4f49b26ec52_005.png', 'sofa_2b49c5bb1f8f8e50febad4f49b26ec52_009.png']",0.2252899468582743
sofa,sofa_train_c0,sofa_c0_train_583ccd71c56aed45f14c803eab703899_0,2,"['sofa_583ccd71c56aed45f14c803eab703899_009.png', 'sofa_583ccd71c56aed45f14c803eab703899_014.png', 'sofa_fd2f1f0d3c4b90d535ae67400a94a6fe_001.png']",0.17175772375172804
sofa,sofa_train_c0,sofa_c0_train_583ccd71c56aed45f14c803eab703899_1,0,"['sofa_a90cf2c399b7052cd4061e538ffc8def_002.png', 'sofa_583ccd71c56aed45f14c803eab703899_014.png', 'sofa_583ccd71c56aed45f14c803eab703899_013.png']",0.1216917767108393
sofa,sofa_train_c0,sofa_c0_train_583ccd71c56aed45f14c803eab703899_2,2,"['sofa_583ccd71c56aed45f14c803eab703899_003.png', 'sofa_583ccd71c56aed45f14c803eab703899_009.png', 'sofa_a90cf2c399b7052cd4061e538ffc8def_011.png']",0.1216917767108393
sofa,sofa_train_c0,sofa_c0_train_cb7cee345d3e7f75593ebeeedbff73b_0,0,"['sofa_a1b02adc96a97e176eb9b08c8a74d159_007.png', 'sofa_cb7cee345d3e7f75593ebeeedbff73b_004.png', 'sofa_cb7cee345d3e7f75593ebeeedbff73b_014.png']",0.09866781926363877
sofa,sofa_train_c0,sofa_c0_train_cb7cee345d3e7f75593ebeeedbff73b_1,2,"['sofa_cb7cee345d3e7f75593ebeeedbff73b_000.png', 'sofa_cb7cee345d3e7f75593ebeeedbff73b_005.png', 'sofa_bab33dad5baa7983ecaafbe064b13083_002.png']",0.1246058105681963
sofa,sofa_train_c0,sofa_c0_train_cb7cee345d3e7f75593ebeeedbff73b_2,1,"['sofa_cb7cee345d3e7f75593ebeeedbff73b_000.png', 'sofa_a1b02adc96a97e176eb9b08c8a74d159_012.png', 'sofa_cb7cee345d3e7f75593ebeeedbff73b_002.png']",0.09866781926363877
sofa,sofa_train_c0,sofa_c0_train_bab33dad5baa7983ecaafbe064b13083_0,0,"['sofa_cb7cee345d3e7f75593ebeeedbff73b_009.png', 'sofa_bab33dad5baa7983ecaafbe064b13083_001.png', 'sofa_bab33dad5baa7983ecaafbe064b13083_006.png']",0.1246058105681963
sofa,sofa_train_c0,sofa_c0_train_bab33dad5baa7983ecaafbe064b13083_1,2,"['sofa_bab33dad5baa7983ecaafbe064b13083_001.png', 'sofa_bab33dad5baa7983ecaafbe064b13083_005.png', 'sofa_1a9d0480b74d782698f5bccb3529a48d_003.png']",0.18459034428205534
sofa,sofa_train_c0,sofa_c0_train_bab33dad5baa7983ecaafbe064b13083_2,1,"['sofa_bab33dad5baa7983ecaafbe064b13083_012.png', 'sofa_cb7cee345d3e7f75593ebeeedbff73b_005.png', 'sofa_bab33dad5baa7983ecaafbe064b13083_004.png']",0.1246058105681963
sofa,sofa_train_c0,sofa_c0_train_9c1b448ec62cb9fb36dd029536673b0b_0,2,"['sofa_9c1b448ec62cb9fb36dd029536673b0b_011.png', 'sofa_9c1b448ec62cb9fb36dd029536673b0b_002.png', 'sofa_dc6308addc91fd9eb9e8bdc9c4a49aa2_004.png']",0.1690363548184356
sofa,sofa_train_c0,sofa_c0_train_9c1b448ec62cb9fb36dd029536673b0b_1,2,"['sofa_9c1b448ec62cb9fb36dd029536673b0b_005.png', 'sofa_9c1b448ec62cb9fb36dd029536673b0b_001.png', 'sofa_1a9d0480b74d782698f5bccb3529a48d_006.png']",0.0682764723213588
sofa,sofa_train_c0,sofa_c0_train_9c1b448ec62cb9fb36dd029536673b0b_2,0,"['sofa_1a9d0480b74d782698f5bccb3529a48d_008.png', 'sofa_9c1b448ec62cb9fb36dd029536673b0b_006.png', 'sofa_9c1b448ec62cb9fb36dd029536673b0b_014.png']",0.0682764723213588
sofa,sofa_train_c0,sofa_c0_train_dc6308addc91fd9eb9e8bdc9c4a49aa2_0,2,"['sofa_dc6308addc91fd9eb9e8bdc9c4a49aa2_003.png', 'sofa_dc6308addc91fd9eb9e8bdc9c4a49aa2_010.png', 'sofa_9c1b448ec62cb9fb36dd029536673b0b_013.png']",0.1690363548184356
sofa,sofa_train_c0,sofa_c0_train_dc6308addc91fd9eb9e8bdc9c4a49aa2_1,2,"['sofa_dc6308addc91fd9eb9e8bdc9c4a49aa2_006.png', 'sofa_dc6308addc91fd9eb9e8bdc9c4a49aa2_013.png', 'sofa_c0036465dcbeed6a912f115faa04d51_005.png']",0.17537396931108995
sofa,sofa_train_c0,sofa_c0_train_dc6308addc91fd9eb9e8bdc9c4a49aa2_2,0,"['sofa_c0036465dcbeed6a912f115faa04d51_014.png', 'sofa_dc6308addc91fd9eb9e8bdc9c4a49aa2_008.png', 'sofa_dc6308addc91fd9eb9e8bdc9c4a49aa2_012.png']",0.17537396931108995
sofa,sofa_train_c0,sofa_c0_train_8d61836ca7137a07291d22c7a0bd7119_0,1,"['sofa_8d61836ca7137a07291d22c7a0bd7119_014.png', 'sofa_fd2f1f0d3c4b90d535ae67400a94a6fe_013.png', 'sofa_8d61836ca7137a07291d22c7a0bd7119_000.png']",0.1734971671385288
sofa,sofa_train_c0,sofa_c0_train_8d61836ca7137a07291d22c7a0bd7119_1,1,"['sofa_8d61836ca7137a07291d22c7a0bd7119_001.png', 'sofa_aa36fd4d76afcaf8bdcda0bf7e7b4744_005.png', 'sofa_8d61836ca7137a07291d22c7a0bd7119_009.png']",0.11069534865041553
sofa,sofa_train_c0,sofa_c0_train_8d61836ca7137a07291d22c7a0bd7119_2,2,"['sofa_8d61836ca7137a07291d22c7a0bd7119_011.png', 'sofa_8d61836ca7137a07291d22c7a0bd7119_002.png', 'sofa_a90cf2c399b7052cd4061e538ffc8def_013.png']",0.1757433026684545
sofa,sofa_train_c0,sofa_c0_train_2b5d99fd8dbdb44141cf86c757faf4f9_0,2,"['sofa_2b5d99fd8dbdb44141cf86c757faf4f9_006.png', 'sofa_2b5d99fd8dbdb44141cf86c757faf4f9_002.png', 'sofa_93b4258c377ade381deb48513aeadf93_011.png']",0.2736087326626361
sofa,sofa_train_c0,sofa_c0_train_2b5d99fd8dbdb44141cf86c757faf4f9_1,1,"['sofa_2b5d99fd8dbdb44141cf86c757faf4f9_000.png', 'sofa_93b4258c377ade381deb48513aeadf93_003.png', 'sofa_2b5d99fd8dbdb44141cf86c757faf4f9_011.png']",0.2736087326626361
sofa,sofa_train_c0,sofa_c0_train_2b5d99fd8dbdb44141cf86c757faf4f9_2,1,"['sofa_2b5d99fd8dbdb44141cf86c757faf4f9_003.png', 'sofa_207c81a9bbdccbb8e8058cf23f6382c1_013.png', 'sofa_2b5d99fd8dbdb44141cf86c757faf4f9_009.png']",0.2778717081247968
sofa,sofa_train_c0,sofa_c0_train_207c81a9bbdccbb8e8058cf23f6382c1_0,2,"['sofa_207c81a9bbdccbb8e8058cf23f6382c1_006.png', 'sofa_207c81a9bbdccbb8e8058cf23f6382c1_001.png', 'sofa_1a9d0480b74d782698f5bccb3529a48d_000.png']",0.11759806338840106
sofa,sofa_train_c0,sofa_c0_train_207c81a9bbdccbb8e8058cf23f6382c1_1,2,"['sofa_207c81a9bbdccbb8e8058cf23f6382c1_001.png', 'sofa_207c81a9bbdccbb8e8058cf23f6382c1_013.png', 'sofa_fd2f1f0d3c4b90d535ae67400a94a6fe_008.png']",0.1476059962902092
sofa,sofa_train_c0,sofa_c0_train_207c81a9bbdccbb8e8058cf23f6382c1_2,1,"['sofa_207c81a9bbdccbb8e8058cf23f6382c1_006.png', 'sofa_2780834da1be89d1f51f77a6d7299806_011.png', 'sofa_207c81a9bbdccbb8e8058cf23f6382c1_002.png']",0.1355390187913761
sofa,sofa_train_c0,sofa_c0_train_fab5f1daa52608365768db72e79a5dd5_0,1,"['sofa_fab5f1daa52608365768db72e79a5dd5_010.png', 'sofa_c0036465dcbeed6a912f115faa04d51_000.png', 'sofa_fab5f1daa52608365768db72e79a5dd5_001.png']",0.2353248595858778
sofa,sofa_train_c0,sofa_c0_train_fab5f1daa52608365768db72e79a5dd5_1,2,"['sofa_fab5f1daa52608365768db72e79a5dd5_008.png', 'sofa_fab5f1daa52608365768db72e79a5dd5_004.png', 'sofa_2bb1b5865455b2b814513156cf2b8d0d_010.png']",0.17025773444434444
sofa,sofa_train_c0,sofa_c0_train_fab5f1daa52608365768db72e79a5dd5_2,1,"['sofa_fab5f1daa52608365768db72e79a5dd5_002.png', 'sofa_c0036465dcbeed6a912f115faa04d51_013.png', 'sofa_fab5f1daa52608365768db72e79a5dd5_009.png']",0.2353248595858778
sofa,sofa_train_c0,sofa_c0_train_1a9d0480b74d782698f5bccb3529a48d_0,2,"['sofa_1a9d0480b74d782698f5bccb3529a48d_014.png', 'sofa_1a9d0480b74d782698f5bccb3529a48d_012.png', 'sofa_207c81a9bbdccbb8e8058cf23f6382c1_006.png']",0.11759806338840106
sofa,sofa_train_c0,sofa_c0_train_1a9d0480b74d782698f5bccb3529a48d_1,2,"['sofa_1a9d0480b74d782698f5bccb3529a48d_000.png', 'sofa_1a9d0480b74d782698f5bccb3529a48d_012.png', 'sofa_207c81a9bbdccbb8e8058cf23f6382c1_005.png']",0.11759806338840106
sofa,sofa_train_c0,sofa_c0_train_1a9d0480b74d782698f5bccb3529a48d_2,1,"['sofa_1a9d0480b74d782698f5bccb3529a48d_006.png', 'sofa_207c81a9bbdccbb8e8058cf23f6382c1_006.png', 'sofa_1a9d0480b74d782698f5bccb3529a48d_009.png']",0.11759806338840106
sofa,sofa_train_c0,sofa_c0_train_a90cf2c399b7052cd4061e538ffc8def_0,2,"['sofa_a90cf2c399b7052cd4061e538ffc8def_013.png', 'sofa_a90cf2c399b7052cd4061e538ffc8def_001.png', 'sofa_fd2f1f0d3c4b90d535ae67400a94a6fe_007.png']",0.05758079412065509
sofa,sofa_train_c0,sofa_c0_train_a90cf2c399b7052cd4061e538ffc8def_1,2,"['sofa_a90cf2c399b7052cd4061e538ffc8def_010.png', 'sofa_a90cf2c399b7052cd4061e538ffc8def_011.png', 'sofa_2bb1b5865455b2b814513156cf2b8d0d_010.png']",0.0844081642903125
sofa,sofa_train_c0,sofa_c0_train_a90cf2c399b7052cd4061e538ffc8def_2,0,"['sofa_2780834da1be89d1f51f77a6d7299806_006.png', 'sofa_a90cf2c399b7052cd4061e538ffc8def_012.png', 'sofa_a90cf2c399b7052cd4061e538ffc8def_000.png']",0.1096753424975232
sofa,sofa_train_c0,sofa_c0_train_c0036465dcbeed6a912f115faa04d51_0,2,"['sofa_c0036465dcbeed6a912f115faa04d51_004.png', 'sofa_c0036465dcbeed6a912f115faa04d51_013.png', 'sofa_a1b02adc96a97e176eb9b08c8a74d159_002.png']",0.14295800851592755
sofa,sofa_train_c0,sofa_c0_train_c0036465dcbeed6a912f115faa04d51_1,0,"['sofa_cb7cee345d3e7f75593ebeeedbff73b_011.png', 'sofa_c0036465dcbeed6a912f115faa04d51_006.png', 'sofa_c0036465dcbeed6a912f115faa04d51_005.png']",0.058522532604157074
sofa,sofa_train_c0,sofa_c0_train_c0036465dcbeed6a912f115faa04d51_2,2,"['sofa_c0036465dcbeed6a912f115faa04d51_007.png', 'sofa_c0036465dcbeed6a912f115faa04d51_005.png', 'sofa_2bb1b5865455b2b814513156cf2b8d0d_002.png']",0.11437140534345369
sofa,sofa_train_c0,sofa_c0_train_7051b028c8c1facfced9bf2a92246703_0,2,"['sofa_7051b028c8c1facfced9bf2a92246703_011.png', 'sofa_7051b028c8c1facfced9bf2a92246703_013.png', 'sofa_2bb1b5865455b2b814513156cf2b8d0d_014.png']",0.18010075390045388
sofa,sofa_train_c0,sofa_c0_train_7051b028c8c1facfced9bf2a92246703_1,1,"['sofa_7051b028c8c1facfced9bf2a92246703_004.png', 'sofa_a90cf2c399b7052cd4061e538ffc8def_013.png', 'sofa_7051b028c8c1facfced9bf2a92246703_008.png']",0.1697231442185838
sofa,sofa_train_c0,sofa_c0_train_7051b028c8c1facfced9bf2a92246703_2,2,"['sofa_7051b028c8c1facfced9bf2a92246703_010.png', 'sofa_7051b028c8c1facfced9bf2a92246703_007.png', 'sofa_2bb1b5865455b2b814513156cf2b8d0d_010.png']",0.18010075390045388
sofa,sofa_train_c0,sofa_c0_train_2780834da1be89d1f51f77a6d7299806_0,2,"['sofa_2780834da1be89d1f51f77a6d7299806_005.png', 'sofa_2780834da1be89d1f51f77a6d7299806_007.png', 'sofa_cb7cee345d3e7f75593ebeeedbff73b_007.png']",0.14627364337479332
sofa,sofa_train_c0,sofa_c0_train_2780834da1be89d1f51f77a6d7299806_1,0,"['sofa_a90cf2c399b7052cd4061e538ffc8def_012.png', 'sofa_2780834da1be89d1f51f77a6d7299806_008.png', 'sofa_2780834da1be89d1f51f77a6d7299806_013.png']",0.1096753424975232
sofa,sofa_train_c0,sofa_c0_train_2780834da1be89d1f51f77a6d7299806_2,2,"['sofa_2780834da1be89d1f51f77a6d7299806_000.png', 'sofa_2780834da1be89d1f51f77a6d7299806_013.png', 'sofa_93b4258c377ade381deb48513aeadf93_010.png']",0.14981904738425544
sofa,sofa_train_c0,sofa_c0_train_aa36fd4d76afcaf8bdcda0bf7e7b4744_0,2,"['sofa_aa36fd4d76afcaf8bdcda0bf7e7b4744_007.png', 'sofa_aa36fd4d76afcaf8bdcda0bf7e7b4744_002.png', 'sofa_fd2f1f0d3c4b90d535ae67400a94a6fe_011.png']",0.12472529897117224
sofa,sofa_train_c0,sofa_c0_train_aa36fd4d76afcaf8bdcda0bf7e7b4744_1,2,"['sofa_aa36fd4d76afcaf8bdcda0bf7e7b4744_011.png', 'sofa_aa36fd4d76afcaf8bdcda0bf7e7b4744_000.png', 'sofa_7051b028c8c1facfced9bf2a92246703_007.png']",0.10523444347970234
sofa,sofa_train_c0,sofa_c0_train_aa36fd4d76afcaf8bdcda0bf7e7b4744_2,1,"['sofa_aa36fd4d76afcaf8bdcda0bf7e7b4744_009.png', 'sofa_fd2f1f0d3c4b90d535ae67400a94a6fe_003.png', 'sofa_aa36fd4d76afcaf8bdcda0bf7e7b4744_005.png']",0.12472529897117224
sofa,sofa_train_c1,sofa_c1_train_a37d0d0598d73b07165fd9581927b6ad_0,1,"['sofa_a37d0d0598d73b07165fd9581927b6ad_001.png', 'sofa_e9e54de1814ccae5bbb6a513934583ce_010.png', 'sofa_a37d0d0598d73b07165fd9581927b6ad_004.png']",0.1117625308005975
sofa,sofa_train_c1,sofa_c1_train_a37d0d0598d73b07165fd9581927b6ad_1,0,"['sofa_1f741437c1dcadc82d19175e7d19b7cb_000.png', 'sofa_a37d0d0598d73b07165fd9581927b6ad_009.png', 'sofa_a37d0d0598d73b07165fd9581927b6ad_008.png']",0.18306199119387823
sofa,sofa_train_c1,sofa_c1_train_a37d0d0598d73b07165fd9581927b6ad_2,1,"['sofa_a37d0d0598d73b07165fd9581927b6ad_001.png', 'sofa_1f741437c1dcadc82d19175e7d19b7cb_002.png', 'sofa_a37d0d0598d73b07165fd9581927b6ad_013.png']",0.18306199119387823
sofa,sofa_train_c1,sofa_c1_train_5d27c5cc1395586c66eb0dcc2b2e2221_0,1,"['sofa_5d27c5cc1395586c66eb0dcc2b2e2221_008.png', 'sofa_6f271a6c941038a6efc579970fcfc006_012.png', 'sofa_5d27c5cc1395586c66eb0dcc2b2e2221_014.png']",0.2416464060532696
sofa,sofa_train_c1,sofa_c1_train_5d27c5cc1395586c66eb0dcc2b2e2221_1,1,"['sofa_5d27c5cc1395586c66eb0dcc2b2e2221_006.png', 'sofa_1670f9ce4de8a548d08f8c5dee475682_009.png', 'sofa_5d27c5cc1395586c66eb0dcc2b2e2221_013.png']",0.33172232238660926
sofa,sofa_train_c1,sofa_c1_train_5d27c5cc1395586c66eb0dcc2b2e2221_2,0,"['sofa_6f271a6c941038a6efc579970fcfc006_000.png', 'sofa_5d27c5cc1395586c66eb0dcc2b2e2221_009.png', 'sofa_5d27c5cc1395586c66eb0dcc2b2e2221_006.png']",0.2416464060532696
sofa,sofa_train_c1,sofa_c1_train_7cfccaf7557934911ee8243f54292d6_0,0,"['sofa_f7c79c7a8fb79212ddf7c7c2aa2325be_001.png', 'sofa_7cfccaf7557934911ee8243f54292d6_000.png', 'sofa_7cfccaf7557934911ee8243f54292d6_008.png']",0.27859768929725237
sofa,sofa_train_c1,sofa_c1_train_7cfccaf7557934911ee8243f54292d6_1,2,"['sofa_7cfccaf7557934911ee8243f54292d6_012.png', 'sofa_7cfccaf7557934911ee8243f54292d6_005.png', 'sofa_b1d7bbccf07f38d34338dd5307c2e704_009.png']",0.13094257679869892
sofa,sofa_train_c1,sofa_c1_train_7cfccaf7557934911ee8243f54292d6_2,0,"['sofa_b1d7bbccf07f38d34338dd5307c2e704_004.png', 'sofa_7cfccaf7557934911ee8243f54292d6_002.png', 'sofa_7cfccaf7557934911ee8243f54292d6_013.png']",0.13094257679869892
sofa,sofa_train_c1,sofa_c1_train_b1d7bbccf07f38d34338dd5307c2e704_0,2,"['sofa_b1d7bbccf07f38d34338dd5307c2e704_003.png', 'sofa_b1d7bbccf07f38d34338dd5307c2e704_005.png', 'sofa_9e9707ea4d5c5968a283d3d51bc54a1_001.png']",0.15134521487435038
sofa,sofa_train_c1,sofa_c1_train_b1d7bbccf07f38d34338dd5307c2e704_1,2,"['sofa_b1d7bbccf07f38d34338dd5307c2e704_014.png', 'sofa_b1d7bbccf07f38d34338dd5307c2e704_001.png', 'sofa_f7c79c7a8fb79212ddf7c7c2aa2325be_010.png']",0.15281226334857512
sofa,sofa_train_c1,sofa_c1_train_b1d7bbccf07f38d34338dd5307c2e704_2,2,"['sofa_b1d7bbccf07f38d34338dd5307c2e704_001.png', 'sofa_b1d7bbccf07f38d34338dd5307c2e704_014.png', 'sofa_f7c79c7a8fb79212ddf7c7c2aa2325be_009.png']",0.15281226334857512
sofa,sofa_train_c1,sofa_c1_train_7e2fb2fd4c604bb1ef6c510e24348d3b_0,1,"['sofa_7e2fb2fd4c604bb1ef6c510e24348d3b_010.png', 'sofa_711c7f25142a3e2a57253dccd1b3fd5_013.png', 'sofa_7e2fb2fd4c604bb1ef6c510e24348d3b_009.png']",0.2884285730938999
sofa,sofa_train_c1,sofa_c1_train_7e2fb2fd4c604bb1ef6c510e24348d3b_1,1,"['sofa_7e2fb2fd4c604bb1ef6c510e24348d3b_007.png', 'sofa_a0bb04577e35ca2440ea7eb155c4e420_009.png', 'sofa_7e2fb2fd4c604bb1ef6c510e24348d3b_013.png']",0.2511088049358602
sofa,sofa_train_c1,sofa_c1_train_7e2fb2fd4c604bb1ef6c510e24348d3b_2,1,"['sofa_7e2fb2fd4c604bb1ef6c510e24348d3b_005.png', 'sofa_711c7f25142a3e2a57253dccd1b3fd5_014.png', 'sofa_7e2fb2fd4c604bb1ef6c510e24348d3b_004.png']",0.2884285730938999
sofa,sofa_train_c1,sofa_c1_train_f7c79c7a8fb79212ddf7c7c2aa2325be_0,2,"['sofa_f7c79c7a8fb79212ddf7c7c2aa2325be_003.png', 'sofa_f7c79c7a8fb79212ddf7c7c2aa2325be_013.png', 'sofa_7cfccaf7557934911ee8243f54292d6_006.png']",0.27859768929725237
sofa,sofa_train_c1,sofa_c1_train_f7c79c7a8fb79212ddf7c7c2aa2325be_1,2,"['sofa_f7c79c7a8fb79212ddf7c7c2aa2325be_011.png', 'sofa_f7c79c7a8fb79212ddf7c7c2aa2325be_002.png', 'sofa_b1d7bbccf07f38d34338dd5307c2e704_002.png']",0.15281226334857512
sofa,sofa_train_c1,sofa_c1_train_f7c79c7a8fb79212ddf7c7c2aa2325be_2,1,"['sofa_f7c79c7a8fb79212ddf7c7c2aa2325be_012.png', 'sofa_9e9707ea4d5c5968a283d3d51bc54a1_012.png', 'sofa_f7c79c7a8fb79212ddf7c7c2aa2325be_010.png']",0.23921326433165335
sofa,sofa_train_c1,sofa_c1_train_711c7f25142a3e2a57253dccd1b3fd5_0,0,"['sofa_6f0b36b76bb0946ce642ef37786b5c80_011.png', 'sofa_711c7f25142a3e2a57253dccd1b3fd5_006.png', 'sofa_711c7f25142a3e2a57253dccd1b3fd5_002.png']",0.20794652931846191
sofa,sofa_train_c1,sofa_c1_train_711c7f25142a3e2a57253dccd1b3fd5_1,2,"['sofa_711c7f25142a3e2a57253dccd1b3fd5_007.png', 'sofa_711c7f25142a3e2a57253dccd1b3fd5_003.png', 'sofa_f7c79c7a8fb79212ddf7c7c2aa2325be_000.png']",0.2828874134997208
sofa,sofa_train_c1,sofa_c1_train_711c7f25142a3e2a57253dccd1b3fd5_2,2,"['sofa_711c7f25142a3e2a57253dccd1b3fd5_012.png', 'sofa_711c7f25142a3e2a57253dccd1b3fd5_003.png', 'sofa_7cfccaf7557934911ee8243f54292d6_004.png']",0.28475498372565844
sofa,sofa_train_c1,sofa_c1_train_a0bb04577e35ca2440ea7eb155c4e420_0,0,"['sofa_6ec8a2dc3bae5a9b8b709c58c1c5ee96_004.png', 'sofa_a0bb04577e35ca2440ea7eb155c4e420_004.png', 'sofa_a0bb04577e35ca2440ea7eb155c4e420_005.png']",0.34278289464204303
sofa,sofa_train_c1,sofa_c1_train_a0bb04577e35ca2440ea7eb155c4e420_1,1,"['sofa_a0bb04577e35ca2440ea7eb155c4e420_004.png', 'sofa_6f0b36b76bb0946ce642ef37786b5c80_010.png', 'sofa_a0bb04577e35ca2440ea7eb155c4e420_012.png']",0.2927919651129641
sofa,sofa_train_c1,sofa_c1_train_a0bb04577e35ca2440ea7eb155c4e420_2,0,"['sofa_8b3b675ddd2305b98eca6e74f79ccd04_004.png', 'sofa_a0bb04577e35ca2440ea7eb155c4e420_004.png', 'sofa_a0bb04577e35ca2440ea7eb155c4e420_000.png']",0.3882059961436257
sofa,sofa_train_c1,sofa_c1_train_6f0b36b76bb0946ce642ef37786b5c80_0,2,"['sofa_6f0b36b76bb0946ce642ef37786b5c80_001.png', 'sofa_6f0b36b76bb0946ce642ef37786b5c80_006.png', 'sofa_7e2fb2fd4c604bb1ef6c510e24348d3b_009.png']",0.10129593107415957
sofa,sofa_train_c1,sofa_c1_train_6f0b36b76bb0946ce642ef37786b5c80_1,0,"['sofa_a0bb04577e35ca2440ea7eb155c4e420_007.png', 'sofa_6f0b36b76bb0946ce642ef37786b5c80_006.png', 'sofa_6f0b36b76bb0946ce642ef37786b5c80_003.png']",0.2927919651129641
sofa,sofa_train_c1,sofa_c1_train_6f0b36b76bb0946ce642ef37786b5c80_2,0,"['sofa_a0bb04577e35ca2440ea7eb155c4e420_007.png', 'sofa_6f0b36b76bb0946ce642ef37786b5c80_004.png', 'sofa_6f0b36b76bb0946ce642ef37786b5c80_014.png']",0.2927919651129641
sofa,sofa_train_c1,sofa_c1_train_3ced29b0f7f38bcb8964df2a32faa49f_0,0,"['sofa_5d27c5cc1395586c66eb0dcc2b2e2221_000.png', 'sofa_3ced29b0f7f38bcb8964df2a32faa49f_014.png', 'sofa_3ced29b0f7f38bcb8964df2a32faa49f_010.png']",0.4369653169388641
sofa,sofa_train_c1,sofa_c1_train_3ced29b0f7f38bcb8964df2a32faa49f_1,0,"['sofa_5d27c5cc1395586c66eb0dcc2b2e2221_011.png', 'sofa_3ced29b0f7f38bcb8964df2a32faa49f_007.png', 'sofa_3ced29b0f7f38bcb8964df2a32faa49f_014.png']",0.4369653169388641
sofa,sofa_train_c1,sofa_c1_train_3ced29b0f7f38bcb8964df2a32faa49f_2,0,"['sofa_6f271a6c941038a6efc579970fcfc006_001.png', 'sofa_3ced29b0f7f38bcb8964df2a32faa49f_011.png', 'sofa_3ced29b0f7f38bcb8964df2a32faa49f_012.png']",0.34915669760004897
sofa,sofa_train_c1,sofa_c1_train_6f271a6c941038a6efc579970fcfc006_0,0,"['sofa_b4a72257eff26336d7231c5bdc5ab135_001.png', 'sofa_6f271a6c941038a6efc579970fcfc006_011.png', 'sofa_6f271a6c941038a6efc579970fcfc006_001.png']",0.16451896598622318
sofa,sofa_train_c1,sofa_c1_train_6f271a6c941038a6efc579970fcfc006_1,2,"['sofa_6f271a6c941038a6efc579970fcfc006_009.png', 'sofa_6f271a6c941038a6efc579970fcfc006_010.png', 'sofa_1f741437c1dcadc82d19175e7d19b7cb_002.png']",0.12862255089632868
sofa,sofa_train_c1,sofa_c1_train_6f271a6c941038a6efc579970fcfc006_2,0,"['sofa_1670f9ce4de8a548d08f8c5dee475682_006.png', 'sofa_6f271a6c941038a6efc579970fcfc006_008.png', 'sofa_6f271a6c941038a6efc579970fcfc006_009.png']",0.15007038672050466
sofa,sofa_train_c1,sofa_c1_train_1670f9ce4de8a548d08f8c5dee475682_0,1,"['sofa_1670f9ce4de8a548d08f8c5dee475682_003.png', 'sofa_b0aab89e3318b09724a8d949d07d1308_002.png', 'sofa_1670f9ce4de8a548d08f8c5dee475682_012.png']",0.14855771555953168
sofa,sofa_train_c1,sofa_c1_train_1670f9ce4de8a548d08f8c5dee475682_1,2,"['sofa_1670f9ce4de8a548d08f8c5dee475682_014.png', 'sofa_1670f9ce4de8a548d08f8c5dee475682_001.png', 'sofa_b4a72257eff26336d7231c5bdc5ab135_013.png']",0.28556864819491
sofa,sofa_train_c1,sofa_c1_train_1670f9ce4de8a548d08f8c5dee475682_2,0,"['sofa_b0aab89e3318b09724a8d949d07d1308_012.png', 'sofa_1670f9ce4de8a548d08f8c5dee475682_001.png', 'sofa_1670f9ce4de8a548d08f8c5dee475682_010.png']",0.14855771555953168
sofa,sofa_train_c1,sofa_c1_train_5f93127875373b8657f15fc9385a8a01_0,1,"['sofa_5f93127875373b8657f15fc9385a8a01_013.png', 'sofa_3637b0d6db204c0414038d588fd1342f_001.png', 'sofa_5f93127875373b8657f15fc9385a8a01_002.png']",0.4079577554864129
sofa,sofa_train_c1,sofa_c1_train_5f93127875373b8657f15fc9385a8a01_1,2,"['sofa_5f93127875373b8657f15fc9385a8a01_009.png', 'sofa_5f93127875373b8657f15fc9385a8a01_008.png', 'sofa_3637b0d6db204c0414038d588fd1342f_002.png']",0.4079577554864129
sofa,sofa_train_c1,sofa_c1_train_5f93127875373b8657f15fc9385a8a01_2,2,"['sofa_5f93127875373b8657f15fc9385a8a01_005.png', 'sofa_5f93127875373b8657f15fc9385a8a01_014.png', 'sofa_b4a72257eff26336d7231c5bdc5ab135_014.png']",0.47396516260253885
sofa,sofa_train_c1,sofa_c1_train_294afbd7a0e90ba9490ad276cd2af3a4_0,0,"['sofa_f7c79c7a8fb79212ddf7c7c2aa2325be_014.png', 'sofa_294afbd7a0e90ba9490ad276cd2af3a4_007.png', 'sofa_294afbd7a0e90ba9490ad276cd2af3a4_008.png']",0.14279862893077744
sofa,sofa_train_c1,sofa_c1_train_294afbd7a0e90ba9490ad276cd2af3a4_1,0,"['sofa_b1d7bbccf07f38d34338dd5307c2e704_001.png', 'sofa_294afbd7a0e90ba9490ad276cd2af3a4_010.png', 'sofa_294afbd7a0e90ba9490ad276cd2af3a4_001.png']",0.14240088711227317
sofa,sofa_train_c1,sofa_c1_train_294afbd7a0e90ba9490ad276cd2af3a4_2,2,"['sofa_294afbd7a0e90ba9490ad276cd2af3a4_002.png', 'sofa_294afbd7a0e90ba9490ad276cd2af3a4_013.png', 'sofa_4b11124f5ccf051086708ca48528bc8c_006.png']",0.09381424314616649
sofa,sofa_train_c1,sofa_c1_train_4b11124f5ccf051086708ca48528bc8c_0,2,"['sofa_4b11124f5ccf051086708ca48528bc8c_007.png', 'sofa_4b11124f5ccf051086708ca48528bc8c_013.png', 'sofa_f7c79c7a8fb79212ddf7c7c2aa2325be_000.png']",0.14871617100198264
sofa,sofa_train_c1,sofa_c1_train_4b11124f5ccf051086708ca48528bc8c_1,1,"['sofa_4b11124f5ccf051086708ca48528bc8c_008.png', 'sofa_7cfccaf7557934911ee8243f54292d6_003.png', 'sofa_4b11124f5ccf051086708ca48528bc8c_002.png']",0.14522853587428552
sofa,sofa_train_c1,sofa_c1_train_4b11124f5ccf051086708ca48528bc8c_2,2,"['sofa_4b11124f5ccf051086708ca48528bc8c_005.png', 'sofa_4b11124f5ccf051086708ca48528bc8c_003.png', 'sofa_294afbd7a0e90ba9490ad276cd2af3a4_014.png']",0.09381424314616649
sofa,sofa_train_c1,sofa_c1_train_b4a72257eff26336d7231c5bdc5ab135_0,2,"['sofa_b4a72257eff26336d7231c5bdc5ab135_008.png', 'sofa_b4a72257eff26336d7231c5bdc5ab135_000.png', 'sofa_1f741437c1dcadc82d19175e7d19b7cb_014.png']",0.30035907980294685
sofa,sofa_train_c1,sofa_c1_train_b4a72257eff26336d7231c5bdc5ab135_1,0,"['sofa_1f741437c1dcadc82d19175e7d19b7cb_006.png', 'sofa_b4a72257eff26336d7231c5bdc5ab135_004.png', 'sofa_b4a72257eff26336d7231c5bdc5ab135_002.png']",0.30035907980294685
sofa,sofa_train_c1,sofa_c1_train_b4a72257eff26336d7231c5bdc5ab135_2,1,"['sofa_b4a72257eff26336d7231c5bdc5ab135_005.png', 'sofa_b0aab89e3318b09724a8d949d07d1308_007.png', 'sofa_b4a72257eff26336d7231c5bdc5ab135_004.png']",0.23386652812558428
sofa,sofa_train_c1,sofa_c1_train_b0aab89e3318b09724a8d949d07d1308_0,2,"['sofa_b0aab89e3318b09724a8d949d07d1308_008.png', 'sofa_b0aab89e3318b09724a8d949d07d1308_000.png', 'sofa_1670f9ce4de8a548d08f8c5dee475682_013.png']",0.14855771555953168
sofa,sofa_train_c1,sofa_c1_train_b0aab89e3318b09724a8d949d07d1308_1,0,"['sofa_6f271a6c941038a6efc579970fcfc006_014.png', 'sofa_b0aab89e3318b09724a8d949d07d1308_003.png', 'sofa_b0aab89e3318b09724a8d949d07d1308_014.png']",0.20005649679017434
sofa,sofa_train_c1,sofa_c1_train_b0aab89e3318b09724a8d949d07d1308_2,2,"['sofa_b0aab89e3318b09724a8d949d07d1308_007.png', 'sofa_b0aab89e3318b09724a8d949d07d1308_004.png', 'sofa_e9e54de1814ccae5bbb6a513934583ce_005.png']",0.19397176288005147
sofa,sofa_train_c1,sofa_c1_train_8b3b675ddd2305b98eca6e74f79ccd04_0,0,"['sofa_6ec8a2dc3bae5a9b8b709c58c1c5ee96_006.png', 'sofa_8b3b675ddd2305b98eca6e74f79ccd04_000.png', 'sofa_8b3b675ddd2305b98eca6e74f79ccd04_006.png']",0.38247230500973195
sofa,sofa_train_c1,sofa_c1_train_8b3b675ddd2305b98eca6e74f79ccd04_1,1,"['sofa_8b3b675ddd2305b98eca6e74f79ccd04_008.png', 'sofa_1f741437c1dcadc82d19175e7d19b7cb_012.png', 'sofa_8b3b675ddd2305b98eca6e74f79ccd04_003.png']",0.2685944764350646
sofa,sofa_train_c1,sofa_c1_train_8b3b675ddd2305b98eca6e74f79ccd04_2,0,"['sofa_6ec8a2dc3bae5a9b8b709c58c1c5ee96_003.png', 'sofa_8b3b675ddd2305b98eca6e74f79ccd04_014.png', 'sofa_8b3b675ddd2305b98eca6e74f79ccd04_008.png']",0.38247230500973195
sofa,sofa_train_c1,sofa_c1_train_1f741437c1dcadc82d19175e7d19b7cb_0,0,"['sofa_e9e54de1814ccae5bbb6a513934583ce_000.png', 'sofa_1f741437c1dcadc82d19175e7d19b7cb_007.png', 'sofa_1f741437c1dcadc82d19175e7d19b7cb_000.png']",0.1227061120562567
sofa,sofa_train_c1,sofa_c1_train_1f741437c1dcadc82d19175e7d19b7cb_1,2,"['sofa_1f741437c1dcadc82d19175e7d19b7cb_008.png', 'sofa_1f741437c1dcadc82d19175e7d19b7cb_004.png', 'sofa_a37d0d0598d73b07165fd9581927b6ad_003.png']",0.18306199119387823
sofa,sofa_train_c1,sofa_c1_train_1f741437c1dcadc82d19175e7d19b7cb_2,1,"['sofa_1f741437c1dcadc82d19175e7d19b7cb_001.png', 'sofa_1670f9ce4de8a548d08f8c5dee475682_010.png', 'sofa_1f741437c1dcadc82d19175e7d19b7cb_005.png']",0.22458509720437192
sofa,sofa_train_c1,sofa_c1_train_3637b0d6db204c0414038d588fd1342f_0,2,"['sofa_3637b0d6db204c0414038d588fd1342f_001.png', 'sofa_3637b0d6db204c0414038d588fd1342f_008.png', 'sofa_6f271a6c941038a6efc579970fcfc006_001.png']",0.3727695140816776
sofa,sofa_train_c1,sofa_c1_train_3637b0d6db204c0414038d588fd1342f_1,1,"['sofa_3637b0d6db204c0414038d588fd1342f_011.png', 'sofa_8b3b675ddd2305b98eca6e74f79ccd04_012.png', 'sofa_3637b0d6db204c0414038d588fd1342f_006.png']",0.23982574053678163
sofa,sofa_train_c1,sofa_c1_train_3637b0d6db204c0414038d588fd1342f_2,0,"['sofa_a0bb04577e35ca2440ea7eb155c4e420_003.png', 'sofa_3637b0d6db204c0414038d588fd1342f_014.png', 'sofa_3637b0d6db204c0414038d588fd1342f_003.png']",0.42821892921897875
sofa,sofa_train_c1,sofa_c1_train_5b7b8b094a52794675543092060e57fe_0,1,"['sofa_5b7b8b094a52794675543092060e57fe_007.png', 'sofa_3ced29b0f7f38bcb8964df2a32faa49f_010.png', 'sofa_5b7b8b094a52794675543092060e57fe_013.png']",0.8520232842191586
sofa,sofa_train_c1,sofa_c1_train_5b7b8b094a52794675543092060e57fe_1,2,"['sofa_5b7b8b094a52794675543092060e57fe_008.png', 'sofa_5b7b8b094a52794675543092060e57fe_000.png', 'sofa_b4a72257eff26336d7231c5bdc5ab135_003.png']",0.7950476938707562
sofa,sofa_train_c1,sofa_c1_train_5b7b8b094a52794675543092060e57fe_2,0,"['sofa_6f271a6c941038a6efc579970fcfc006_013.png', 'sofa_5b7b8b094a52794675543092060e57fe_002.png', 'sofa_5b7b8b094a52794675543092060e57fe_014.png']",0.9293341036702747
sofa,sofa_train_c1,sofa_c1_train_6ec8a2dc3bae5a9b8b709c58c1c5ee96_0,2,"['sofa_6ec8a2dc3bae5a9b8b709c58c1c5ee96_007.png', 'sofa_6ec8a2dc3bae5a9b8b709c58c1c5ee96_009.png', 'sofa_1f741437c1dcadc82d19175e7d19b7cb_006.png']",0.4416069367508585
sofa,sofa_train_c1,sofa_c1_train_6ec8a2dc3bae5a9b8b709c58c1c5ee96_1,0,"['sofa_1f741437c1dcadc82d19175e7d19b7cb_001.png', 'sofa_6ec8a2dc3bae5a9b8b709c58c1c5ee96_002.png', 'sofa_6ec8a2dc3bae5a9b8b709c58c1c5ee96_000.png']",0.4416069367508585
sofa,sofa_train_c1,sofa_c1_train_6ec8a2dc3bae5a9b8b709c58c1c5ee96_2,2,"['sofa_6ec8a2dc3bae5a9b8b709c58c1c5ee96_006.png', 'sofa_6ec8a2dc3bae5a9b8b709c58c1c5ee96_014.png', 'sofa_1f741437c1dcadc82d19175e7d19b7cb_000.png']",0.4416069367508585
sofa,sofa_train_c1,sofa_c1_train_e4e660790950c277cb1362eb0fa793e9_0,0,"['sofa_e9e54de1814ccae5bbb6a513934583ce_009.png', 'sofa_e4e660790950c277cb1362eb0fa793e9_007.png', 'sofa_e4e660790950c277cb1362eb0fa793e9_003.png']",0.22930834970074265
sofa,sofa_train_c1,sofa_c1_train_e4e660790950c277cb1362eb0fa793e9_1,2,"['sofa_e4e660790950c277cb1362eb0fa793e9_004.png', 'sofa_e4e660790950c277cb1362eb0fa793e9_002.png', 'sofa_a37d0d0598d73b07165fd9581927b6ad_000.png']",0.2336992695502701
sofa,sofa_train_c1,sofa_c1_train_e4e660790950c277cb1362eb0fa793e9_2,1,"['sofa_e4e660790950c277cb1362eb0fa793e9_003.png', 'sofa_1f741437c1dcadc82d19175e7d19b7cb_001.png', 'sofa_e4e660790950c277cb1362eb0fa793e9_011.png']",0.33954090375638435
sofa,sofa_train_c1,sofa_c1_train_9e9707ea4d5c5968a283d3d51bc54a1_0,0,"['sofa_f7c79c7a8fb79212ddf7c7c2aa2325be_003.png', 'sofa_9e9707ea4d5c5968a283d3d51bc54a1_011.png', 'sofa_9e9707ea4d5c5968a283d3d51bc54a1_003.png']",0.23921326433165335
sofa,sofa_train_c1,sofa_c1_train_9e9707ea4d5c5968a283d3d51bc54a1_1,1,"['sofa_9e9707ea4d5c5968a283d3d51bc54a1_007.png', 'sofa_4b11124f5ccf051086708ca48528bc8c_005.png', 'sofa_9e9707ea4d5c5968a283d3d51bc54a1_012.png']",0.10804242757150861
sofa,sofa_train_c1,sofa_c1_train_9e9707ea4d5c5968a283d3d51bc54a1_2,2,"['sofa_9e9707ea4d5c5968a283d3d51bc54a1_005.png', 'sofa_9e9707ea4d5c5968a283d3d51bc54a1_008.png', 'sofa_4b11124f5ccf051086708ca48528bc8c_003.png']",0.10804242757150861
sofa,sofa_train_c1,sofa_c1_train_e9e54de1814ccae5bbb6a513934583ce_0,2,"['sofa_e9e54de1814ccae5bbb6a513934583ce_004.png', 'sofa_e9e54de1814ccae5bbb6a513934583ce_001.png', 'sofa_b0aab89e3318b09724a8d949d07d1308_007.png']",0.19397176288005147
sofa,sofa_train_c1,sofa_c1_train_e9e54de1814ccae5bbb6a513934583ce_1,2,"['sofa_e9e54de1814ccae5bbb6a513934583ce_013.png', 'sofa_e9e54de1814ccae5bbb6a513934583ce_000.png', 'sofa_a37d0d0598d73b07165fd9581927b6ad_003.png']",0.1117625308005975
sofa,sofa_train_c1,sofa_c1_train_e9e54de1814ccae5bbb6a513934583ce_2,2,"['sofa_e9e54de1814ccae5bbb6a513934583ce_014.png', 'sofa_e9e54de1814ccae5bbb6a513934583ce_007.png', 'sofa_a37d0d0598d73b07165fd9581927b6ad_014.png']",0.1117625308005975
sofa,sofa_train_c2,sofa_c2_train_f813edee6c5acaff4fb315ce917a9ec2_0,0,"['sofa_6ed0a767dc4c570e4cb7bc8e4c7cdd90_002.png', 'sofa_f813edee6c5acaff4fb315ce917a9ec2_012.png', 'sofa_f813edee6c5acaff4fb315ce917a9ec2_007.png']",0.17786922783020542
sofa,sofa_train_c2,sofa_c2_train_f813edee6c5acaff4fb315ce917a9ec2_1,0,"['sofa_ed1acc5b1cf032b94fb315ce917a9ec2_000.png', 'sofa_f813edee6c5acaff4fb315ce917a9ec2_008.png', 'sofa_f813edee6c5acaff4fb315ce917a9ec2_006.png']",0.1240656243027487
sofa,sofa_train_c2,sofa_c2_train_f813edee6c5acaff4fb315ce917a9ec2_2,0,"['sofa_ed1acc5b1cf032b94fb315ce917a9ec2_009.png', 'sofa_f813edee6c5acaff4fb315ce917a9ec2_004.png', 'sofa_f813edee6c5acaff4fb315ce917a9ec2_011.png']",0.1240656243027487
sofa,sofa_train_c2,sofa_c2_train_b6de66042941f5691301e24e9e27a9c3_0,2,"['sofa_b6de66042941f5691301e24e9e27a9c3_011.png', 'sofa_b6de66042941f5691301e24e9e27a9c3_012.png', 'sofa_1fb52b6bac60286afebad4f49b26ec52_011.png']",0.1861884198826922
sofa,sofa_train_c2,sofa_c2_train_b6de66042941f5691301e24e9e27a9c3_1,1,"['sofa_b6de66042941f5691301e24e9e27a9c3_004.png', 'sofa_13181141c0d32f2e593ebeeedbff73b_013.png', 'sofa_b6de66042941f5691301e24e9e27a9c3_014.png']",0.11424958856541079
sofa,sofa_train_c2,sofa_c2_train_b6de66042941f5691301e24e9e27a9c3_2,2,"['sofa_b6de66042941f5691301e24e9e27a9c3_014.png', 'sofa_b6de66042941f5691301e24e9e27a9c3_004.png', 'sofa_13181141c0d32f2e593ebeeedbff73b_005.png']",0.11424958856541079
sofa,sofa_train_c2,sofa_c2_train_d4dddfd40635a72f1cda25fa42fa5ece_0,2,"['sofa_d4dddfd40635a72f1cda25fa42fa5ece_010.png', 'sofa_d4dddfd40635a72f1cda25fa42fa5ece_007.png', 'sofa_90ccc3b3b344b3ea2250bf58700b4d8f_007.png']",0.2385304391838391
sofa,sofa_train_c2,sofa_c2_train_d4dddfd40635a72f1cda25fa42fa5ece_1,2,"['sofa_d4dddfd40635a72f1cda25fa42fa5ece_007.png', 'sofa_d4dddfd40635a72f1cda25fa42fa5ece_012.png', 'sofa_f813edee6c5acaff4fb315ce917a9ec2_000.png']",0.2301754933346707
sofa,sofa_train_c2,sofa_c2_train_d4dddfd40635a72f1cda25fa42fa5ece_2,1,"['sofa_d4dddfd40635a72f1cda25fa42fa5ece_007.png', 'sofa_f813edee6c5acaff4fb315ce917a9ec2_010.png', 'sofa_d4dddfd40635a72f1cda25fa42fa5ece_003.png']",0.2301754933346707
sofa,sofa_train_c2,sofa_c2_train_8e7d422141080fee59f8e31ca87c470e_0,1,"['sofa_8e7d422141080fee59f8e31ca87c470e_009.png', 'sofa_2e12af86321da41284e6e639680867d1_004.png', 'sofa_8e7d422141080fee59f8e31ca87c470e_001.png']",0.14625051522872212
sofa,sofa_train_c2,sofa_c2_train_8e7d422141080fee59f8e31ca87c470e_1,1,"['sofa_8e7d422141080fee59f8e31ca87c470e_004.png', 'sofa_2e12af86321da41284e6e639680867d1_001.png', 'sofa_8e7d422141080fee59f8e31ca87c470e_014.png']",0.14625051522872212
sofa,sofa_train_c2,sofa_c2_train_8e7d422141080fee59f8e31ca87c470e_2,1,"['sofa_8e7d422141080fee59f8e31ca87c470e_013.png', 'sofa_89045848f586c0a729404a50338e24e7_003.png', 'sofa_8e7d422141080fee59f8e31ca87c470e_005.png']",0.06019063927494406
sofa,sofa_train_c2,sofa_c2_train_a46f3d5b1d3382d5cb11c9bb51caa476_0,2,"['sofa_a46f3d5b1d3382d5cb11c9bb51caa476_013.png', 'sofa_a46f3d5b1d3382d5cb11c9bb51caa476_007.png', 'sofa_2e12af86321da41284e6e639680867d1_009.png']",0.23859485850093942
sofa,sofa_train_c2,sofa_c2_train_a46f3d5b1d3382d5cb11c9bb51caa476_1,2,"['sofa_a46f3d5b1d3382d5cb11c9bb51caa476_005.png', 'sofa_a46f3d5b1d3382d5cb11c9bb51caa476_003.png', 'sofa_16a5920c004800ca76e9713f57a5fcb6_011.png']",0.20577667437550062
sofa,sofa_train_c2,sofa_c2_train_a46f3d5b1d3382d5cb11c9bb51caa476_2,1,"['sofa_a46f3d5b1d3382d5cb11c9bb51caa476_013.png', 'sofa_89045848f586c0a729404a50338e24e7_011.png', 'sofa_a46f3d5b1d3382d5cb11c9bb51caa476_007.png']",0.2453310744948083
sofa,sofa_train_c2,sofa_c2_train_90ccc3b3b344b3ea2250bf58700b4d8f_0,0,"['sofa_ec77376330a7975214e726c15c7dc200_006.png', 'sofa_90ccc3b3b344b3ea2250bf58700b4d8f_009.png', 'sofa_90ccc3b3b344b3ea2250bf58700b4d8f_006.png']",0.15354900429803364
sofa,sofa_train_c2,sofa_c2_train_90ccc3b3b344b3ea2250bf58700b4d8f_1,0,"['sofa_9805e011defa15f37fbc060fd555478_013.png', 'sofa_90ccc3b3b344b3ea2250bf58700b4d8f_012.png', 'sofa_90ccc3b3b344b3ea2250bf58700b4d8f_008.png']",0.09245730784587458
sofa,sofa_train_c2,sofa_c2_train_90ccc3b3b344b3ea2250bf58700b4d8f_2,2,"['sofa_90ccc3b3b344b3ea2250bf58700b4d8f_013.png', 'sofa_90ccc3b3b344b3ea2250bf58700b4d8f_009.png', 'sofa_6ed0a767dc4c570e4cb7bc8e4c7cdd90_007.png']",0.08332874785302602
sofa,sofa_train_c2,sofa_c2_train_89045848f586c0a729404a50338e24e7_0,0,"['sofa_c365bb7af1fd9fd490ad276cd2af3a4_002.png', 'sofa_89045848f586c0a729404a50338e24e7_000.png', 'sofa_89045848f586c0a729404a50338e24e7_009.png']",0.15494825275267943
sofa,sofa_train_c2,sofa_c2_train_89045848f586c0a729404a50338e24e7_1,1,"['sofa_89045848f586c0a729404a50338e24e7_014.png', 'sofa_9805e011defa15f37fbc060fd555478_005.png', 'sofa_89045848f586c0a729404a50338e24e7_012.png']",0.15777497504663007
sofa,sofa_train_c2,sofa_c2_train_89045848f586c0a729404a50338e24e7_2,1,"['sofa_89045848f586c0a729404a50338e24e7_008.png', 'sofa_16a5920c004800ca76e9713f57a5fcb6_010.png', 'sofa_89045848f586c0a729404a50338e24e7_004.png']",0.14478966769718749
sofa,sofa_train_c2,sofa_c2_train_86d2aa8a80fd9f38dcdd187a6a5d68ad_0,1,"['sofa_86d2aa8a80fd9f38dcdd187a6a5d68ad_001.png', 'sofa_2e12af86321da41284e6e639680867d1_013.png', 'sofa_86d2aa8a80fd9f38dcdd187a6a5d68ad_004.png']",0.23829162943743687
sofa,sofa_train_c2,sofa_c2_train_86d2aa8a80fd9f38dcdd187a6a5d68ad_1,0,"['sofa_2e12af86321da41284e6e639680867d1_012.png', 'sofa_86d2aa8a80fd9f38dcdd187a6a5d68ad_013.png', 'sofa_86d2aa8a80fd9f38dcdd187a6a5d68ad_005.png']",0.23829162943743687
sofa,sofa_train_c2,sofa_c2_train_86d2aa8a80fd9f38dcdd187a6a5d68ad_2,1,"['sofa_86d2aa8a80fd9f38dcdd187a6a5d68ad_001.png', 'sofa_1fb52b6bac60286afebad4f49b26ec52_010.png', 'sofa_86d2aa8a80fd9f38dcdd187a6a5d68ad_008.png']",0.24771393143477216
sofa,sofa_train_c2,sofa_c2_train_c0580211c63f4fc9cd3f9e8648111d1_0,0,"['sofa_f9f8f089be14d5b672b33dfe598bdd77_002.png', 'sofa_c0580211c63f4fc9cd3f9e8648111d1_012.png', 'sofa_c0580211c63f4fc9cd3f9e8648111d1_009.png']",0.20123372705497966
sofa,sofa_train_c2,sofa_c2_train_c0580211c63f4fc9cd3f9e8648111d1_1,2,"['sofa_c0580211c63f4fc9cd3f9e8648111d1_001.png', 'sofa_c0580211c63f4fc9cd3f9e8648111d1_002.png', 'sofa_2e12af86321da41284e6e639680867d1_003.png']",0.23890837681997068
sofa,sofa_train_c2,sofa_c2_train_c0580211c63f4fc9cd3f9e8648111d1_2,0,"['sofa_ed1acc5b1cf032b94fb315ce917a9ec2_000.png', 'sofa_c0580211c63f4fc9cd3f9e8648111d1_006.png', 'sofa_c0580211c63f4fc9cd3f9e8648111d1_002.png']",0.2371032115047349
sofa,sofa_train_c2,sofa_c2_train_53c81bd4b93b14491e6d59363e6e833_0,1,"['sofa_53c81bd4b93b14491e6d59363e6e833_001.png', 'sofa_78fa28a031f1042f3bd16075d47dda52_011.png', 'sofa_53c81bd4b93b14491e6d59363e6e833_009.png']",0.03108000786895626
sofa,sofa_train_c2,sofa_c2_train_53c81bd4b93b14491e6d59363e6e833_1,0,"['sofa_78fa28a031f1042f3bd16075d47dda52_002.png', 'sofa_53c81bd4b93b14491e6d59363e6e833_000.png', 'sofa_53c81bd4b93b14491e6d59363e6e833_006.png']",0.03108000786895626
sofa,sofa_train_c2,sofa_c2_train_53c81bd4b93b14491e6d59363e6e833_2,1,"['sofa_53c81bd4b93b14491e6d59363e6e833_004.png', 'sofa_6ed0a767dc4c570e4cb7bc8e4c7cdd90_002.png', 'sofa_53c81bd4b93b14491e6d59363e6e833_007.png']",0.17181934147885358
sofa,sofa_train_c2,sofa_c2_train_16a5920c004800ca76e9713f57a5fcb6_0,1,"['sofa_16a5920c004800ca76e9713f57a5fcb6_007.png', 'sofa_c365bb7af1fd9fd490ad276cd2af3a4_000.png', 'sofa_16a5920c004800ca76e9713f57a5fcb6_004.png']",0.12416758197360378
sofa,sofa_train_c2,sofa_c2_train_16a5920c004800ca76e9713f57a5fcb6_1,1,"['sofa_16a5920c004800ca76e9713f57a5fcb6_013.png', 'sofa_2e12af86321da41284e6e639680867d1_002.png', 'sofa_16a5920c004800ca76e9713f57a5fcb6_000.png']",0.13444843911544546
sofa,sofa_train_c2,sofa_c2_train_16a5920c004800ca76e9713f57a5fcb6_2,2,"['sofa_16a5920c004800ca76e9713f57a5fcb6_010.png', 'sofa_16a5920c004800ca76e9713f57a5fcb6_012.png', 'sofa_c365bb7af1fd9fd490ad276cd2af3a4_001.png']",0.12416758197360378
sofa,sofa_train_c2,sofa_c2_train_9805e011defa15f37fbc060fd555478_0,2,"['sofa_9805e011defa15f37fbc060fd555478_008.png', 'sofa_9805e011defa15f37fbc060fd555478_011.png', 'sofa_90ccc3b3b344b3ea2250bf58700b4d8f_004.png']",0.09245730784587458
sofa,sofa_train_c2,sofa_c2_train_9805e011defa15f37fbc060fd555478_1,1,"['sofa_9805e011defa15f37fbc060fd555478_001.png', 'sofa_8e7d422141080fee59f8e31ca87c470e_003.png', 'sofa_9805e011defa15f37fbc060fd555478_009.png']",0.15030655464364895
sofa,sofa_train_c2,sofa_c2_train_9805e011defa15f37fbc060fd555478_2,1,"['sofa_9805e011defa15f37fbc060fd555478_011.png', 'sofa_6ed0a767dc4c570e4cb7bc8e4c7cdd90_013.png', 'sofa_9805e011defa15f37fbc060fd555478_006.png']",0.1505566517043978
sofa,sofa_train_c2,sofa_c2_train_78fa28a031f1042f3bd16075d47dda52_0,0,"['sofa_2e12af86321da41284e6e639680867d1_011.png', 'sofa_78fa28a031f1042f3bd16075d47dda52_003.png', 'sofa_78fa28a031f1042f3bd16075d47dda52_005.png']",0.1161776846394722
sofa,sofa_train_c2,sofa_c2_train_78fa28a031f1042f3bd16075d47dda52_1,1,"['sofa_78fa28a031f1042f3bd16075d47dda52_009.png', 'sofa_6ed0a767dc4c570e4cb7bc8e4c7cdd90_004.png', 'sofa_78fa28a031f1042f3bd16075d47dda52_012.png']",0.1610001843970491
sofa,sofa_train_c2,sofa_c2_train_78fa28a031f1042f3bd16075d47dda52_2,0,"['sofa_2e12af86321da41284e6e639680867d1_012.png', 'sofa_78fa28a031f1042f3bd16075d47dda52_001.png', 'sofa_78fa28a031f1042f3bd16075d47dda52_013.png']",0.1161776846394722
sofa,sofa_train_c2,sofa_c2_train_1fb52b6bac60286afebad4f49b26ec52_0,2,"['sofa_1fb52b6bac60286afebad4f49b26ec52_003.png', 'sofa_1fb52b6bac60286afebad4f49b26ec52_005.png', 'sofa_89045848f586c0a729404a50338e24e7_009.png']",0.21129059224160895
sofa,sofa_train_c2,sofa_c2_train_1fb52b6bac60286afebad4f49b26ec52_1,0,"['sofa_89045848f586c0a729404a50338e24e7_012.png', 'sofa_1fb52b6bac60286afebad4f49b26ec52_008.png', 'sofa_1fb52b6bac60286afebad4f49b26ec52_001.png']",0.21129059224160895
sofa,sofa_train_c2,sofa_c2_train_1fb52b6bac60286afebad4f49b26ec52_2,0,"['sofa_ec77376330a7975214e726c15c7dc200_004.png', 'sofa_1fb52b6bac60286afebad4f49b26ec52_010.png', 'sofa_1fb52b6bac60286afebad4f49b26ec52_005.png']",0.19132798078252555
sofa,sofa_train_c2,sofa_c2_train_c365bb7af1fd9fd490ad276cd2af3a4_0,0,"['sofa_89045848f586c0a729404a50338e24e7_009.png', 'sofa_c365bb7af1fd9fd490ad276cd2af3a4_013.png', 'sofa_c365bb7af1fd9fd490ad276cd2af3a4_011.png']",0.15494825275267943
sofa,sofa_train_c2,sofa_c2_train_c365bb7af1fd9fd490ad276cd2af3a4_1,2,"['sofa_c365bb7af1fd9fd490ad276cd2af3a4_000.png', 'sofa_c365bb7af1fd9fd490ad276cd2af3a4_001.png', 'sofa_2e12af86321da41284e6e639680867d1_001.png']",0.12460150003846993
sofa,sofa_train_c2,sofa_c2_train_c365bb7af1fd9fd490ad276cd2af3a4_2,0,"['sofa_89045848f586c0a729404a50338e24e7_014.png', 'sofa_c365bb7af1fd9fd490ad276cd2af3a4_013.png', 'sofa_c365bb7af1fd9fd490ad276cd2af3a4_007.png']",0.15494825275267943
sofa,sofa_train_c2,sofa_c2_train_9d1e8c37315e292f31a50841704a69bf_0,2,"['sofa_9d1e8c37315e292f31a50841704a69bf_004.png', 'sofa_9d1e8c37315e292f31a50841704a69bf_011.png', 'sofa_ec77376330a7975214e726c15c7dc200_006.png']",0.17559342204546602
sofa,sofa_train_c2,sofa_c2_train_9d1e8c37315e292f31a50841704a69bf_1,1,"['sofa_9d1e8c37315e292f31a50841704a69bf_006.png', 'sofa_ec77376330a7975214e726c15c7dc200_006.png', 'sofa_9d1e8c37315e292f31a50841704a69bf_002.png']",0.17559342204546602
sofa,sofa_train_c2,sofa_c2_train_9d1e8c37315e292f31a50841704a69bf_2,2,"['sofa_9d1e8c37315e292f31a50841704a69bf_013.png', 'sofa_9d1e8c37315e292f31a50841704a69bf_011.png', 'sofa_ed1acc5b1cf032b94fb315ce917a9ec2_002.png']",0.20465748157252794
sofa,sofa_train_c2,sofa_c2_train_6ed0a767dc4c570e4cb7bc8e4c7cdd90_0,2,"['sofa_6ed0a767dc4c570e4cb7bc8e4c7cdd90_004.png', 'sofa_6ed0a767dc4c570e4cb7bc8e4c7cdd90_000.png', 'sofa_90ccc3b3b344b3ea2250bf58700b4d8f_012.png']",0.08332874785302602
sofa,sofa_train_c2,sofa_c2_train_6ed0a767dc4c570e4cb7bc8e4c7cdd90_1,1,"['sofa_6ed0a767dc4c570e4cb7bc8e4c7cdd90_002.png', 'sofa_90ccc3b3b344b3ea2250bf58700b4d8f_012.png', 'sofa_6ed0a767dc4c570e4cb7bc8e4c7cdd90_009.png']",0.08332874785302602
sofa,sofa_train_c2,sofa_c2_train_6ed0a767dc4c570e4cb7bc8e4c7cdd90_2,0,"['sofa_d4dddfd40635a72f1cda25fa42fa5ece_005.png', 'sofa_6ed0a767dc4c570e4cb7bc8e4c7cdd90_006.png', 'sofa_6ed0a767dc4c570e4cb7bc8e4c7cdd90_013.png']",0.15874655097046564
sofa,sofa_train_c2,sofa_c2_train_2aa0288017b4e249f6a7b03b801e1d47_0,2,"['sofa_2aa0288017b4e249f6a7b03b801e1d47_004.png', 'sofa_2aa0288017b4e249f6a7b03b801e1d47_007.png', 'sofa_16a5920c004800ca76e9713f57a5fcb6_005.png']",0.053898153162564744
sofa,sofa_train_c2,sofa_c2_train_2aa0288017b4e249f6a7b03b801e1d47_1,1,"['sofa_2aa0288017b4e249f6a7b03b801e1d47_013.png', 'sofa_78fa28a031f1042f3bd16075d47dda52_002.png', 'sofa_2aa0288017b4e249f6a7b03b801e1d47_011.png']",0.11047132307384211
sofa,sofa_train_c2,sofa_c2_train_2aa0288017b4e249f6a7b03b801e1d47_2,1,"['sofa_2aa0288017b4e249f6a7b03b801e1d47_004.png', 'sofa_ed1acc5b1cf032b94fb315ce917a9ec2_001.png', 'sofa_2aa0288017b4e249f6a7b03b801e1d47_012.png']",0.16501445154134542
sofa,sofa_train_c2,sofa_c2_train_8a5a40fe10eb2b2eb022c94235bc8601_0,0,"['sofa_8e7d422141080fee59f8e31ca87c470e_001.png', 'sofa_8a5a40fe10eb2b2eb022c94235bc8601_001.png', 'sofa_8a5a40fe10eb2b2eb022c94235bc8601_000.png']",0.2309917757369495
sofa,sofa_train_c2,sofa_c2_train_8a5a40fe10eb2b2eb022c94235bc8601_1,0,"['sofa_16a5920c004800ca76e9713f57a5fcb6_010.png', 'sofa_8a5a40fe10eb2b2eb022c94235bc8601_005.png', 'sofa_8a5a40fe10eb2b2eb022c94235bc8601_007.png']",0.22230015690172888
sofa,sofa_train_c2,sofa_c2_train_8a5a40fe10eb2b2eb022c94235bc8601_2,1,"['sofa_8a5a40fe10eb2b2eb022c94235bc8601_010.png', 'sofa_c365bb7af1fd9fd490ad276cd2af3a4_002.png', 'sofa_8a5a40fe10eb2b2eb022c94235bc8601_006.png']",0.09456012599241093
sofa,sofa_train_c2,sofa_c2_train_ec77376330a7975214e726c15c7dc200_0,1,"['sofa_ec77376330a7975214e726c15c7dc200_007.png', 'sofa_8e7d422141080fee59f8e31ca87c470e_005.png', 'sofa_ec77376330a7975214e726c15c7dc200_013.png']",0.10222082919430997
sofa,sofa_train_c2,sofa_c2_train_ec77376330a7975214e726c15c7dc200_1,0,"['sofa_89045848f586c0a729404a50338e24e7_003.png', 'sofa_ec77376330a7975214e726c15c7dc200_010.png', 'sofa_ec77376330a7975214e726c15c7dc200_013.png']",0.11067078477734904
sofa,sofa_train_c2,sofa_c2_train_ec77376330a7975214e726c15c7dc200_2,0,"['sofa_90ccc3b3b344b3ea2250bf58700b4d8f_013.png', 'sofa_ec77376330a7975214e726c15c7dc200_013.png', 'sofa_ec77376330a7975214e726c15c7dc200_012.png']",0.15354900429803364
sofa,sofa_train_c2,sofa_c2_train_2e12af86321da41284e6e639680867d1_0,2,"['sofa_2e12af86321da41284e6e639680867d1_012.png', 'sofa_2e12af86321da41284e6e639680867d1_008.png', 'sofa_78fa28a031f1042f3bd16075d47dda52_014.png']",0.1161776846394722
sofa,sofa_train_c2,sofa_c2_train_2e12af86321da41284e6e639680867d1_1,0,"['sofa_16a5920c004800ca76e9713f57a5fcb6_003.png', 'sofa_2e12af86321da41284e6e639680867d1_009.png', 'sofa_2e12af86321da41284e6e639680867d1_004.png']",0.13444843911544546
sofa,sofa_train_c2,sofa_c2_train_2e12af86321da41284e6e639680867d1_2,1,"['sofa_2e12af86321da41284e6e639680867d1_009.png', 'sofa_8e7d422141080fee59f8e31ca87c470e_002.png', 'sofa_2e12af86321da41284e6e639680867d1_010.png']",0.14625051522872212
sofa,sofa_train_c2,sofa_c2_train_f9f8f089be14d5b672b33dfe598bdd77_0,0,"['sofa_ec77376330a7975214e726c15c7dc200_014.png', 'sofa_f9f8f089be14d5b672b33dfe598bdd77_008.png', 'sofa_f9f8f089be14d5b672b33dfe598bdd77_011.png']",0.1873223454071511
sofa,sofa_train_c2,sofa_c2_train_f9f8f089be14d5b672b33dfe598bdd77_1,0,"['sofa_16a5920c004800ca76e9713f57a5fcb6_007.png', 'sofa_f9f8f089be14d5b672b33dfe598bdd77_012.png', 'sofa_f9f8f089be14d5b672b33dfe598bdd77_002.png']",0.1792591515165599
sofa,sofa_train_c2,sofa_c2_train_f9f8f089be14d5b672b33dfe598bdd77_2,0,"['sofa_16a5920c004800ca76e9713f57a5fcb6_006.png', 'sofa_f9f8f089be14d5b672b33dfe598bdd77_003.png', 'sofa_f9f8f089be14d5b672b33dfe598bdd77_005.png']",0.1792591515165599
sofa,sofa_train_c2,sofa_c2_train_13181141c0d32f2e593ebeeedbff73b_0,1,"['sofa_13181141c0d32f2e593ebeeedbff73b_013.png', 'sofa_9d1e8c37315e292f31a50841704a69bf_004.png', 'sofa_13181141c0d32f2e593ebeeedbff73b_000.png']",0.27300903468059345
sofa,sofa_train_c2,sofa_c2_train_13181141c0d32f2e593ebeeedbff73b_1,0,"['sofa_89045848f586c0a729404a50338e24e7_013.png', 'sofa_13181141c0d32f2e593ebeeedbff73b_014.png', 'sofa_13181141c0d32f2e593ebeeedbff73b_000.png']",0.24001469424187927
sofa,sofa_train_c2,sofa_c2_train_13181141c0d32f2e593ebeeedbff73b_2,0,"['sofa_ec77376330a7975214e726c15c7dc200_003.png', 'sofa_13181141c0d32f2e593ebeeedbff73b_013.png', 'sofa_13181141c0d32f2e593ebeeedbff73b_014.png']",0.2549373558521527
sofa,sofa_train_c2,sofa_c2_train_1db7c7411c5d957918f52c8a4cfcbe33_0,1,"['sofa_1db7c7411c5d957918f52c8a4cfcbe33_003.png', 'sofa_c0580211c63f4fc9cd3f9e8648111d1_000.png', 'sofa_1db7c7411c5d957918f52c8a4cfcbe33_004.png']",0.16988410979254076
sofa,sofa_train_c2,sofa_c2_train_1db7c7411c5d957918f52c8a4cfcbe33_1,2,"['sofa_1db7c7411c5d957918f52c8a4cfcbe33_007.png', 'sofa_1db7c7411c5d957918f52c8a4cfcbe33_014.png', 'sofa_c0580211c63f4fc9cd3f9e8648111d1_013.png']",0.16988410979254076
sofa,sofa_train_c2,sofa_c2_train_1db7c7411c5d957918f52c8a4cfcbe33_2,1,"['sofa_1db7c7411c5d957918f52c8a4cfcbe33_014.png', 'sofa_c0580211c63f4fc9cd3f9e8648111d1_007.png', 'sofa_1db7c7411c5d957918f52c8a4cfcbe33_009.png']",0.16988410979254076
sofa,sofa_train_c2,sofa_c2_train_ed1acc5b1cf032b94fb315ce917a9ec2_0,1,"['sofa_ed1acc5b1cf032b94fb315ce917a9ec2_014.png', 'sofa_6ed0a767dc4c570e4cb7bc8e4c7cdd90_000.png', 'sofa_ed1acc5b1cf032b94fb315ce917a9ec2_009.png']",0.14226956962379422
sofa,sofa_train_c2,sofa_c2_train_ed1acc5b1cf032b94fb315ce917a9ec2_1,2,"['sofa_ed1acc5b1cf032b94fb315ce917a9ec2_000.png', 'sofa_ed1acc5b1cf032b94fb315ce917a9ec2_009.png', 'sofa_f813edee6c5acaff4fb315ce917a9ec2_004.png']",0.1240656243027487
sofa,sofa_train_c2,sofa_c2_train_ed1acc5b1cf032b94fb315ce917a9ec2_2,1,"['sofa_ed1acc5b1cf032b94fb315ce917a9ec2_005.png', 'sofa_9805e011defa15f37fbc060fd555478_003.png', 'sofa_ed1acc5b1cf032b94fb315ce917a9ec2_012.png']",0.08984325492712064
table,table_train_c0,table_c0_train_2e632844af2fd0892ad0b8f780281bcb_0,1,"['table_2e632844af2fd0892ad0b8f780281bcb_004.png', 'table_5d59c0f64642450911794406b17d66b_013.png', 'table_2e632844af2fd0892ad0b8f780281bcb_002.png']",0.529682699946685
table,table_train_c0,table_c0_train_2e632844af2fd0892ad0b8f780281bcb_1,1,"['table_2e632844af2fd0892ad0b8f780281bcb_009.png', 'table_84c52a5ac0f8d1d060ddc468fe733ed1_002.png', 'table_2e632844af2fd0892ad0b8f780281bcb_002.png']",0.3446893658180845
table,table_train_c0,table_c0_train_2e632844af2fd0892ad0b8f780281bcb_2,0,"['table_84c52a5ac0f8d1d060ddc468fe733ed1_002.png', 'table_2e632844af2fd0892ad0b8f780281bcb_014.png', 'table_2e632844af2fd0892ad0b8f780281bcb_009.png']",0.3446893658180845
table,table_train_c0,table_c0_train_c2369a8875367b56fab6e40cce6926d7_0,1,"['table_c2369a8875367b56fab6e40cce6926d7_001.png', 'table_89c095a52766ecb05d2ac47f638a4ea4_002.png', 'table_c2369a8875367b56fab6e40cce6926d7_000.png']",0.4643474710953128
table,table_train_c0,table_c0_train_c2369a8875367b56fab6e40cce6926d7_1,2,"['table_c2369a8875367b56fab6e40cce6926d7_000.png', 'table_c2369a8875367b56fab6e40cce6926d7_001.png', 'table_5d59c0f64642450911794406b17d66b_004.png']",0.5367904249953971
table,table_train_c0,table_c0_train_c2369a8875367b56fab6e40cce6926d7_2,2,"['table_c2369a8875367b56fab6e40cce6926d7_000.png', 'table_c2369a8875367b56fab6e40cce6926d7_006.png', 'table_2fa78f97515a4d5624760bcb862cdd1b_002.png']",0.47352839117658607
table,table_train_c0,table_c0_train_ddb760d364ee3c5aa7257db74b7b377_0,1,"['table_ddb760d364ee3c5aa7257db74b7b377_012.png', 'table_2fa78f97515a4d5624760bcb862cdd1b_007.png', 'table_ddb760d364ee3c5aa7257db74b7b377_000.png']",0.4721649520625588
table,table_train_c0,table_c0_train_ddb760d364ee3c5aa7257db74b7b377_1,0,"['table_854b885039dd51e7ba57e2d7b7436136_002.png', 'table_ddb760d364ee3c5aa7257db74b7b377_005.png', 'table_ddb760d364ee3c5aa7257db74b7b377_010.png']",0.28541346757046704
table,table_train_c0,table_c0_train_ddb760d364ee3c5aa7257db74b7b377_2,1,"['table_ddb760d364ee3c5aa7257db74b7b377_000.png', 'table_5d59c0f64642450911794406b17d66b_010.png', 'table_ddb760d364ee3c5aa7257db74b7b377_006.png']",0.4817268252376915
table,table_train_c0,table_c0_train_8768002c872788b8e513931a191fd77c_0,0,"['table_442546c2af24d782d197f67767b32741_008.png', 'table_8768002c872788b8e513931a191fd77c_001.png', 'table_8768002c872788b8e513931a191fd77c_003.png']",0.3731256369980096
table,table_train_c0,table_c0_train_8768002c872788b8e513931a191fd77c_1,0,"['table_d05c4f1b47e37e574b3c42e318f3affc_013.png', 'table_8768002c872788b8e513931a191fd77c_011.png', 'table_8768002c872788b8e513931a191fd77c_005.png']",0.12664543329726885
table,table_train_c0,table_c0_train_8768002c872788b8e513931a191fd77c_2,0,"['table_d05c4f1b47e37e574b3c42e318f3affc_014.png', 'table_8768002c872788b8e513931a191fd77c_010.png', 'table_8768002c872788b8e513931a191fd77c_012.png']",0.12664543329726885
table,table_train_c0,table_c0_train_854b885039dd51e7ba57e2d7b7436136_0,2,"['table_854b885039dd51e7ba57e2d7b7436136_008.png', 'table_854b885039dd51e7ba57e2d7b7436136_009.png', 'table_c2369a8875367b56fab6e40cce6926d7_005.png']",0.5501656235697936
table,table_train_c0,table_c0_train_854b885039dd51e7ba57e2d7b7436136_1,1,"['table_854b885039dd51e7ba57e2d7b7436136_014.png', 'table_c2369a8875367b56fab6e40cce6926d7_001.png', 'table_854b885039dd51e7ba57e2d7b7436136_006.png']",0.5501656235697936
table,table_train_c0,table_c0_train_854b885039dd51e7ba57e2d7b7436136_2,1,"['table_854b885039dd51e7ba57e2d7b7436136_014.png', 'table_84c52a5ac0f8d1d060ddc468fe733ed1_009.png', 'table_854b885039dd51e7ba57e2d7b7436136_002.png']",0.5363819026412395
table,table_train_c0,table_c0_train_832607835e99761c276b6f6d90ee3a83_0,2,"['table_832607835e99761c276b6f6d90ee3a83_013.png', 'table_832607835e99761c276b6f6d90ee3a83_006.png', 'table_2fa78f97515a4d5624760bcb862cdd1b_014.png']",0.6621151534343375
table,table_train_c0,table_c0_train_832607835e99761c276b6f6d90ee3a83_1,0,"['table_747f70e41b927e13b73481345ae9d2cd_010.png', 'table_832607835e99761c276b6f6d90ee3a83_014.png', 'table_832607835e99761c276b6f6d90ee3a83_010.png']",0.6296015500194392
table,table_train_c0,table_c0_train_832607835e99761c276b6f6d90ee3a83_2,2,"['table_832607835e99761c276b6f6d90ee3a83_000.png', 'table_832607835e99761c276b6f6d90ee3a83_009.png', 'table_2fa78f97515a4d5624760bcb862cdd1b_011.png']",0.6621151534343375
table,table_train_c0,table_c0_train_5d59c0f64642450911794406b17d66b_0,2,"['table_5d59c0f64642450911794406b17d66b_002.png', 'table_5d59c0f64642450911794406b17d66b_004.png', 'table_747f70e41b927e13b73481345ae9d2cd_011.png']",0.4119316154235839
table,table_train_c0,table_c0_train_5d59c0f64642450911794406b17d66b_1,0,"['table_89c095a52766ecb05d2ac47f638a4ea4_006.png', 'table_5d59c0f64642450911794406b17d66b_001.png', 'table_5d59c0f64642450911794406b17d66b_012.png']",0.37441743049227794
table,table_train_c0,table_c0_train_5d59c0f64642450911794406b17d66b_2,1,"['table_5d59c0f64642450911794406b17d66b_003.png', 'table_747f70e41b927e13b73481345ae9d2cd_000.png', 'table_5d59c0f64642450911794406b17d66b_000.png']",0.4119316154235839
table,table_train_c0,table_c0_train_9e408f772321bb1920768660cf080d12_0,0,"['table_c9ad9501c31fae5c71a782a4379556c7_011.png', 'table_9e408f772321bb1920768660cf080d12_007.png', 'table_9e408f772321bb1920768660cf080d12_010.png']",0.2651167225408123
table,table_train_c0,table_c0_train_9e408f772321bb1920768660cf080d12_1,1,"['table_9e408f772321bb1920768660cf080d12_012.png', 'table_89c095a52766ecb05d2ac47f638a4ea4_012.png', 'table_9e408f772321bb1920768660cf080d12_006.png']",0.32634678968484
table,table_train_c0,table_c0_train_9e408f772321bb1920768660cf080d12_2,2,"['table_9e408f772321bb1920768660cf080d12_004.png', 'table_9e408f772321bb1920768660cf080d12_003.png', 'table_c9ad9501c31fae5c71a782a4379556c7_003.png']",0.2651167225408123
table,table_train_c0,table_c0_train_b87594dec9d851c035836c728d324152_0,0,"['table_442546c2af24d782d197f67767b32741_005.png', 'table_b87594dec9d851c035836c728d324152_005.png', 'table_b87594dec9d851c035836c728d324152_010.png']",0.6229753708435093
table,table_train_c0,table_c0_train_b87594dec9d851c035836c728d324152_1,2,"['table_b87594dec9d851c035836c728d324152_013.png', 'table_b87594dec9d851c035836c728d324152_010.png', 'table_d05c4f1b47e37e574b3c42e318f3affc_000.png']",0.6523107250907683
table,table_train_c0,table_c0_train_b87594dec9d851c035836c728d324152_2,1,"['table_b87594dec9d851c035836c728d324152_008.png', 'table_442546c2af24d782d197f67767b32741_003.png', 'table_b87594dec9d851c035836c728d324152_002.png']",0.6229753708435093
table,table_train_c0,table_c0_train_2fa78f97515a4d5624760bcb862cdd1b_0,1,"['table_2fa78f97515a4d5624760bcb862cdd1b_003.png', 'table_c2369a8875367b56fab6e40cce6926d7_006.png', 'table_2fa78f97515a4d5624760bcb862cdd1b_009.png']",0.47352839117658607
table,table_train_c0,table_c0_train_2fa78f97515a4d5624760bcb862cdd1b_1,0,"['table_89c095a52766ecb05d2ac47f638a4ea4_014.png', 'table_2fa78f97515a4d5624760bcb862cdd1b_010.png', 'table_2fa78f97515a4d5624760bcb862cdd1b_004.png']",0.42479940579394393
table,table_train_c0,table_c0_train_2fa78f97515a4d5624760bcb862cdd1b_2,2,"['table_2fa78f97515a4d5624760bcb862cdd1b_005.png', 'table_2fa78f97515a4d5624760bcb862cdd1b_010.png', 'table_c2369a8875367b56fab6e40cce6926d7_005.png']",0.47352839117658607
table,table_train_c0,table_c0_train_84c52a5ac0f8d1d060ddc468fe733ed1_0,1,"['table_84c52a5ac0f8d1d060ddc468fe733ed1_001.png', 'table_747f70e41b927e13b73481345ae9d2cd_006.png', 'table_84c52a5ac0f8d1d060ddc468fe733ed1_014.png']",0.217205531580569
table,table_train_c0,table_c0_train_84c52a5ac0f8d1d060ddc468fe733ed1_1,1,"['table_84c52a5ac0f8d1d060ddc468fe733ed1_007.png', 'table_2e632844af2fd0892ad0b8f780281bcb_008.png', 'table_84c52a5ac0f8d1d060ddc468fe733ed1_010.png']",0.3446893658180845
table,table_train_c0,table_c0_train_84c52a5ac0f8d1d060ddc468fe733ed1_2,1,"['table_84c52a5ac0f8d1d060ddc468fe733ed1_009.png', 'table_5d59c0f64642450911794406b17d66b_008.png', 'table_84c52a5ac0f8d1d060ddc468fe733ed1_013.png']",0.31639898733129035
table,table_train_c0,table_c0_train_89c095a52766ecb05d2ac47f638a4ea4_0,0,"['table_84c52a5ac0f8d1d060ddc468fe733ed1_005.png', 'table_89c095a52766ecb05d2ac47f638a4ea4_010.png', 'table_89c095a52766ecb05d2ac47f638a4ea4_006.png']",0.38315139292750944
table,table_train_c0,table_c0_train_89c095a52766ecb05d2ac47f638a4ea4_1,0,"['table_5d59c0f64642450911794406b17d66b_014.png', 'table_89c095a52766ecb05d2ac47f638a4ea4_008.png', 'table_89c095a52766ecb05d2ac47f638a4ea4_006.png']",0.37441743049227794
table,table_train_c0,table_c0_train_89c095a52766ecb05d2ac47f638a4ea4_2,2,"['table_89c095a52766ecb05d2ac47f638a4ea4_007.png', 'table_89c095a52766ecb05d2ac47f638a4ea4_001.png', 'table_c9ad9501c31fae5c71a782a4379556c7_012.png']",0.36740131551165456
table,table_train_c0,table_c0_train_747f70e41b927e13b73481345ae9d2cd_0,0,"['table_2e632844af2fd0892ad0b8f780281bcb_001.png', 'table_747f70e41b927e13b73481345ae9d2cd_001.png', 'table_747f70e41b927e13b73481345ae9d2cd_013.png']",0.3733648240951205
table,table_train_c0,table_c0_train_747f70e41b927e13b73481345ae9d2cd_1,0,"['table_9e408f772321bb1920768660cf080d12_014.png', 'table_747f70e41b927e13b73481345ae9d2cd_003.png', 'table_747f70e41b927e13b73481345ae9d2cd_005.png']",0.4096747988290961
table,table_train_c0,table_c0_train_747f70e41b927e13b73481345ae9d2cd_2,1,"['table_747f70e41b927e13b73481345ae9d2cd_011.png', 'table_84c52a5ac0f8d1d060ddc468fe733ed1_003.png', 'table_747f70e41b927e13b73481345ae9d2cd_010.png']",0.217205531580569
table,table_train_c0,table_c0_train_4fb805fd299207e7848af3cb674ead1_0,0,"['table_854b885039dd51e7ba57e2d7b7436136_004.png', 'table_4fb805fd299207e7848af3cb674ead1_006.png', 'table_4fb805fd299207e7848af3cb674ead1_007.png']",0.574818074985318
table,table_train_c0,table_c0_train_4fb805fd299207e7848af3cb674ead1_1,0,"['table_854b885039dd51e7ba57e2d7b7436136_013.png', 'table_4fb805fd299207e7848af3cb674ead1_013.png', 'table_4fb805fd299207e7848af3cb674ead1_010.png']",0.574818074985318
table,table_train_c0,table_c0_train_4fb805fd299207e7848af3cb674ead1_2,0,"['table_2fa78f97515a4d5624760bcb862cdd1b_007.png', 'table_4fb805fd299207e7848af3cb674ead1_000.png', 'table_4fb805fd299207e7848af3cb674ead1_003.png']",0.5671053413092593
table,table_train_c0,table_c0_train_14c35137c3612fd0d409d3400adf2d96_0,2,"['table_14c35137c3612fd0d409d3400adf2d96_009.png', 'table_14c35137c3612fd0d409d3400adf2d96_007.png', 'table_3b391b1f9337fb5490ad276cd2af3a4_012.png']",0.4072474115064506
table,table_train_c0,table_c0_train_14c35137c3612fd0d409d3400adf2d96_1,1,"['table_14c35137c3612fd0d409d3400adf2d96_009.png', 'table_6f052c8606dd3ac3de03ab2a27ba7531_000.png', 'table_14c35137c3612fd0d409d3400adf2d96_005.png']",0.7354284169818347
table,table_train_c0,table_c0_train_14c35137c3612fd0d409d3400adf2d96_2,1,"['table_14c35137c3612fd0d409d3400adf2d96_011.png', 'table_6f052c8606dd3ac3de03ab2a27ba7531_005.png', 'table_14c35137c3612fd0d409d3400adf2d96_002.png']",0.7354284169818347
table,table_train_c0,table_c0_train_c9ad9501c31fae5c71a782a4379556c7_0,2,"['table_c9ad9501c31fae5c71a782a4379556c7_010.png', 'table_c9ad9501c31fae5c71a782a4379556c7_013.png', 'table_88140d7ce3a1f6c4664b3b9b23ddfcbc_000.png']",0.28149002325055317
table,table_train_c0,table_c0_train_c9ad9501c31fae5c71a782a4379556c7_1,1,"['table_c9ad9501c31fae5c71a782a4379556c7_003.png', 'table_442546c2af24d782d197f67767b32741_007.png', 'table_c9ad9501c31fae5c71a782a4379556c7_000.png']",0.15443453185411848
table,table_train_c0,table_c0_train_c9ad9501c31fae5c71a782a4379556c7_2,2,"['table_c9ad9501c31fae5c71a782a4379556c7_005.png', 'table_c9ad9501c31fae5c71a782a4379556c7_003.png', 'table_442546c2af24d782d197f67767b32741_006.png']",0.15443453185411848
table,table_train_c0,table_c0_train_37726dbb4357739bded526a7be77b30e_0,2,"['table_37726dbb4357739bded526a7be77b30e_000.png', 'table_37726dbb4357739bded526a7be77b30e_006.png', 'table_9dfcd3488a7109745b5b328c62af5142_014.png']",0.542679292762245
table,table_train_c0,table_c0_train_37726dbb4357739bded526a7be77b30e_1,2,"['table_37726dbb4357739bded526a7be77b30e_001.png', 'table_37726dbb4357739bded526a7be77b30e_009.png', 'table_14c35137c3612fd0d409d3400adf2d96_009.png']",0.603593885130308
table,table_train_c0,table_c0_train_37726dbb4357739bded526a7be77b30e_2,2,"['table_37726dbb4357739bded526a7be77b30e_004.png', 'table_37726dbb4357739bded526a7be77b30e_011.png', 'table_14c35137c3612fd0d409d3400adf2d96_012.png']",0.603593885130308
table,table_train_c0,table_c0_train_442546c2af24d782d197f67767b32741_0,1,"['table_442546c2af24d782d197f67767b32741_014.png', 'table_8768002c872788b8e513931a191fd77c_011.png', 'table_442546c2af24d782d197f67767b32741_001.png']",0.3731256369980096
table,table_train_c0,table_c0_train_442546c2af24d782d197f67767b32741_1,2,"['table_442546c2af24d782d197f67767b32741_010.png', 'table_442546c2af24d782d197f67767b32741_005.png', 'table_c9ad9501c31fae5c71a782a4379556c7_000.png']",0.15443453185411848
table,table_train_c0,table_c0_train_442546c2af24d782d197f67767b32741_2,1,"['table_442546c2af24d782d197f67767b32741_013.png', 'table_d05c4f1b47e37e574b3c42e318f3affc_004.png', 'table_442546c2af24d782d197f67767b32741_012.png']",0.3532274183238473
table,table_train_c0,table_c0_train_984ccfa5aa5c87334187eeeb0dea4986_0,1,"['table_984ccfa5aa5c87334187eeeb0dea4986_001.png', 'table_84c52a5ac0f8d1d060ddc468fe733ed1_003.png', 'table_984ccfa5aa5c87334187eeeb0dea4986_013.png']",0.5340658796567681
table,table_train_c0,table_c0_train_984ccfa5aa5c87334187eeeb0dea4986_1,0,"['table_84c52a5ac0f8d1d060ddc468fe733ed1_013.png', 'table_984ccfa5aa5c87334187eeeb0dea4986_000.png', 'table_984ccfa5aa5c87334187eeeb0dea4986_012.png']",0.5340658796567681
table,table_train_c0,table_c0_train_984ccfa5aa5c87334187eeeb0dea4986_2,2,"['table_984ccfa5aa5c87334187eeeb0dea4986_000.png', 'table_984ccfa5aa5c87334187eeeb0dea4986_006.png', 'table_84c52a5ac0f8d1d060ddc468fe733ed1_006.png']",0.5340658796567681
table,table_train_c0,table_c0_train_d05c4f1b47e37e574b3c42e318f3affc_0,2,"['table_d05c4f1b47e37e574b3c42e318f3affc_004.png', 'table_d05c4f1b47e37e574b3c42e318f3affc_006.png', 'table_88140d7ce3a1f6c4664b3b9b23ddfcbc_012.png']",0.29122352787947303
table,table_train_c0,table_c0_train_d05c4f1b47e37e574b3c42e318f3affc_1,1,"['table_d05c4f1b47e37e574b3c42e318f3affc_002.png', 'table_c9ad9501c31fae5c71a782a4379556c7_002.png', 'table_d05c4f1b47e37e574b3c42e318f3affc_006.png']",0.3323534084067956
table,table_train_c0,table_c0_train_d05c4f1b47e37e574b3c42e318f3affc_2,0,"['table_442546c2af24d782d197f67767b32741_003.png', 'table_d05c4f1b47e37e574b3c42e318f3affc_009.png', 'table_d05c4f1b47e37e574b3c42e318f3affc_001.png']",0.3532274183238473
table,table_train_c0,table_c0_train_6f052c8606dd3ac3de03ab2a27ba7531_0,0,"['table_14c35137c3612fd0d409d3400adf2d96_014.png', 'table_6f052c8606dd3ac3de03ab2a27ba7531_003.png', 'table_6f052c8606dd3ac3de03ab2a27ba7531_013.png']",0.7354284169818347
table,table_train_c0,table_c0_train_6f052c8606dd3ac3de03ab2a27ba7531_1,1,"['table_6f052c8606dd3ac3de03ab2a27ba7531_009.png', 'table_37726dbb4357739bded526a7be77b30e_012.png', 'table_6f052c8606dd3ac3de03ab2a27ba7531_004.png']",0.493345590462388
table,table_train_c0,table_c0_train_6f052c8606dd3ac3de03ab2a27ba7531_2,2,"['table_6f052c8606dd3ac3de03ab2a27ba7531_014.png', 'table_6f052c8606dd3ac3de03ab2a27ba7531_010.png', 'table_37726dbb4357739bded526a7be77b30e_004.png']",0.493345590462388
table,table_train_c0,table_c0_train_3b391b1f9337fb5490ad276cd2af3a4_0,2,"['table_3b391b1f9337fb5490ad276cd2af3a4_005.png', 'table_3b391b1f9337fb5490ad276cd2af3a4_014.png', 'table_ddb760d364ee3c5aa7257db74b7b377_000.png']",0.48284519641044776
table,table_train_c0,table_c0_train_3b391b1f9337fb5490ad276cd2af3a4_1,0,"['table_5d59c0f64642450911794406b17d66b_006.png', 'table_3b391b1f9337fb5490ad276cd2af3a4_008.png', 'table_3b391b1f9337fb5490ad276cd2af3a4_014.png']",0.7268034863871422
table,table_train_c0,table_c0_train_3b391b1f9337fb5490ad276cd2af3a4_2,1,"['table_3b391b1f9337fb5490ad276cd2af3a4_002.png', 'table_ddb760d364ee3c5aa7257db74b7b377_010.png', 'table_3b391b1f9337fb5490ad276cd2af3a4_001.png']",0.48284519641044776
table,table_train_c0,table_c0_train_7d04f5a75055273af9aec59741c69cf7_0,0,"['table_6f052c8606dd3ac3de03ab2a27ba7531_009.png', 'table_7d04f5a75055273af9aec59741c69cf7_009.png', 'table_7d04f5a75055273af9aec59741c69cf7_003.png']",0.6282274957886969
table,table_train_c0,table_c0_train_7d04f5a75055273af9aec59741c69cf7_1,2,"['table_7d04f5a75055273af9aec59741c69cf7_000.png', 'table_7d04f5a75055273af9aec59741c69cf7_011.png', 'table_8768002c872788b8e513931a191fd77c_012.png']",0.7675706622451899
table,table_train_c0,table_c0_train_7d04f5a75055273af9aec59741c69cf7_2,0,"['table_37726dbb4357739bded526a7be77b30e_008.png', 'table_7d04f5a75055273af9aec59741c69cf7_000.png', 'table_7d04f5a75055273af9aec59741c69cf7_007.png']",0.7149548284229723
table,table_train_c0,table_c0_train_88140d7ce3a1f6c4664b3b9b23ddfcbc_0,1,"['table_88140d7ce3a1f6c4664b3b9b23ddfcbc_000.png', 'table_442546c2af24d782d197f67767b32741_004.png', 'table_88140d7ce3a1f6c4664b3b9b23ddfcbc_014.png']",0.2720584289663259
table,table_train_c0,table_c0_train_88140d7ce3a1f6c4664b3b9b23ddfcbc_1,2,"['table_88140d7ce3a1f6c4664b3b9b23ddfcbc_009.png', 'table_88140d7ce3a1f6c4664b3b9b23ddfcbc_013.png', 'table_9e408f772321bb1920768660cf080d12_010.png']",0.37301953393590814
table,table_train_c0,table_c0_train_88140d7ce3a1f6c4664b3b9b23ddfcbc_2,0,"['table_442546c2af24d782d197f67767b32741_003.png', 'table_88140d7ce3a1f6c4664b3b9b23ddfcbc_014.png', 'table_88140d7ce3a1f6c4664b3b9b23ddfcbc_010.png']",0.2720584289663259
table,table_train_c0,table_c0_train_9dfcd3488a7109745b5b328c62af5142_0,0,"['table_7d04f5a75055273af9aec59741c69cf7_014.png', 'table_9dfcd3488a7109745b5b328c62af5142_003.png', 'table_9dfcd3488a7109745b5b328c62af5142_000.png']",0.37875874962934
table,table_train_c0,table_c0_train_9dfcd3488a7109745b5b328c62af5142_1,1,"['table_9dfcd3488a7109745b5b328c62af5142_011.png', 'table_3b391b1f9337fb5490ad276cd2af3a4_000.png', 'table_9dfcd3488a7109745b5b328c62af5142_013.png']",0.8341488581681582
table,table_train_c0,table_c0_train_9dfcd3488a7109745b5b328c62af5142_2,2,"['table_9dfcd3488a7109745b5b328c62af5142_012.png', 'table_9dfcd3488a7109745b5b328c62af5142_000.png', 'table_3b391b1f9337fb5490ad276cd2af3a4_014.png']",0.8341488581681582
table,table_train_c1,table_c1_train_90d87b4d9a5a1e78f4b6538438a0b930_0,1,"['table_90d87b4d9a5a1e78f4b6538438a0b930_003.png', 'table_34df750af2640f576d616bfd695eec80_006.png', 'table_90d87b4d9a5a1e78f4b6538438a0b930_001.png']",0.18317754386121843
table,table_train_c1,table_c1_train_90d87b4d9a5a1e78f4b6538438a0b930_1,0,"['table_34df750af2640f576d616bfd695eec80_003.png', 'table_90d87b4d9a5a1e78f4b6538438a0b930_013.png', 'table_90d87b4d9a5a1e78f4b6538438a0b930_001.png']",0.18317754386121843
table,table_train_c1,table_c1_train_90d87b4d9a5a1e78f4b6538438a0b930_2,2,"['table_90d87b4d9a5a1e78f4b6538438a0b930_011.png', 'table_90d87b4d9a5a1e78f4b6538438a0b930_012.png', 'table_e285d68fe197f968492d9da2668ec34c_011.png']",0.13182319931342468
table,table_train_c1,table_c1_train_33c9515dc8f887bc664b3b9b23ddfcbc_0,2,"['table_33c9515dc8f887bc664b3b9b23ddfcbc_003.png', 'table_33c9515dc8f887bc664b3b9b23ddfcbc_006.png', 'table_549bfb6738e5c5a019fb4103277a6b93_002.png']",0.23398453073279135
table,table_train_c1,table_c1_train_33c9515dc8f887bc664b3b9b23ddfcbc_1,0,"['table_f9a795649f679b578f3be993fec1ba7b_009.png', 'table_33c9515dc8f887bc664b3b9b23ddfcbc_010.png', 'table_33c9515dc8f887bc664b3b9b23ddfcbc_008.png']",0.5223474884163215
table,table_train_c1,table_c1_train_33c9515dc8f887bc664b3b9b23ddfcbc_2,1,"['table_33c9515dc8f887bc664b3b9b23ddfcbc_005.png', 'table_4132539ff314f0654d1fe7f29df13cf6_014.png', 'table_33c9515dc8f887bc664b3b9b23ddfcbc_010.png']",0.28141237403824215
table,table_train_c1,table_c1_train_72bd77bd74cce09cbc6a236746230424_0,2,"['table_72bd77bd74cce09cbc6a236746230424_002.png', 'table_72bd77bd74cce09cbc6a236746230424_000.png', 'table_ebece7c581e3a42c32ba69f5f654ada_009.png']",0.23694860216356328
table,table_train_c1,table_c1_train_72bd77bd74cce09cbc6a236746230424_1,2,"['table_72bd77bd74cce09cbc6a236746230424_005.png', 'table_72bd77bd74cce09cbc6a236746230424_011.png', 'table_7a42b366e7f1da98a5d446d7637cc06a_001.png']",0.33603488743283083
table,table_train_c1,table_c1_train_72bd77bd74cce09cbc6a236746230424_2,2,"['table_72bd77bd74cce09cbc6a236746230424_012.png', 'table_72bd77bd74cce09cbc6a236746230424_004.png', 'table_ebece7c581e3a42c32ba69f5f654ada_008.png']",0.23694860216356328
table,table_train_c1,table_c1_train_e285d68fe197f968492d9da2668ec34c_0,1,"['table_e285d68fe197f968492d9da2668ec34c_005.png', 'table_54bc0f4268150dfc616626762e4bb71d_000.png', 'table_e285d68fe197f968492d9da2668ec34c_001.png']",0.42546029580624944
table,table_train_c1,table_c1_train_e285d68fe197f968492d9da2668ec34c_1,1,"['table_e285d68fe197f968492d9da2668ec34c_003.png', 'table_34df750af2640f576d616bfd695eec80_000.png', 'table_e285d68fe197f968492d9da2668ec34c_000.png']",0.04336996639036028
table,table_train_c1,table_c1_train_e285d68fe197f968492d9da2668ec34c_2,0,"['table_54bc0f4268150dfc616626762e4bb71d_007.png', 'table_e285d68fe197f968492d9da2668ec34c_007.png', 'table_e285d68fe197f968492d9da2668ec34c_013.png']",0.42546029580624944
table,table_train_c1,table_c1_train_e0b333381b21780495e29b6e21e8c291_0,2,"['table_e0b333381b21780495e29b6e21e8c291_011.png', 'table_e0b333381b21780495e29b6e21e8c291_004.png', 'table_8fd9d529453e8d56c09af5354c5cbf4e_007.png']",0.221346407128173
table,table_train_c1,table_c1_train_e0b333381b21780495e29b6e21e8c291_1,1,"['table_e0b333381b21780495e29b6e21e8c291_005.png', 'table_abef0c609ad3e9c2edea4b985280bcc1_012.png', 'table_e0b333381b21780495e29b6e21e8c291_011.png']",0.282463334661087
table,table_train_c1,table_c1_train_e0b333381b21780495e29b6e21e8c291_2,2,"['table_e0b333381b21780495e29b6e21e8c291_003.png', 'table_e0b333381b21780495e29b6e21e8c291_006.png', 'table_abef0c609ad3e9c2edea4b985280bcc1_001.png']",0.282463334661087
table,table_train_c1,table_c1_train_abef0c609ad3e9c2edea4b985280bcc1_0,0,"['table_610709315a0f542552b3505ff8f3d685_014.png', 'table_abef0c609ad3e9c2edea4b985280bcc1_000.png', 'table_abef0c609ad3e9c2edea4b985280bcc1_008.png']",0.4104562769892255
table,table_train_c1,table_c1_train_abef0c609ad3e9c2edea4b985280bcc1_1,0,"['table_8fd9d529453e8d56c09af5354c5cbf4e_004.png', 'table_abef0c609ad3e9c2edea4b985280bcc1_013.png', 'table_abef0c609ad3e9c2edea4b985280bcc1_004.png']",0.2106646048532249
table,table_train_c1,table_c1_train_abef0c609ad3e9c2edea4b985280bcc1_2,1,"['table_abef0c609ad3e9c2edea4b985280bcc1_013.png', 'table_56e00d6764a7205fa9fe1734a6086750_013.png', 'table_abef0c609ad3e9c2edea4b985280bcc1_002.png']",0.46540089707996724
table,table_train_c1,table_c1_train_610709315a0f542552b3505ff8f3d685_0,0,"['table_e0b333381b21780495e29b6e21e8c291_009.png', 'table_610709315a0f542552b3505ff8f3d685_003.png', 'table_610709315a0f542552b3505ff8f3d685_002.png']",0.1914260123549616
table,table_train_c1,table_c1_train_610709315a0f542552b3505ff8f3d685_1,1,"['table_610709315a0f542552b3505ff8f3d685_013.png', 'table_54bc0f4268150dfc616626762e4bb71d_010.png', 'table_610709315a0f542552b3505ff8f3d685_003.png']",0.2761429163701494
table,table_train_c1,table_c1_train_610709315a0f542552b3505ff8f3d685_2,2,"['table_610709315a0f542552b3505ff8f3d685_004.png', 'table_610709315a0f542552b3505ff8f3d685_005.png', 'table_7a42b366e7f1da98a5d446d7637cc06a_000.png']",0.3232823092509852
table,table_train_c1,table_c1_train_54bc0f4268150dfc616626762e4bb71d_0,0,"['table_e0b333381b21780495e29b6e21e8c291_003.png', 'table_54bc0f4268150dfc616626762e4bb71d_000.png', 'table_54bc0f4268150dfc616626762e4bb71d_002.png']",0.26694775877597954
table,table_train_c1,table_c1_train_54bc0f4268150dfc616626762e4bb71d_1,2,"['table_54bc0f4268150dfc616626762e4bb71d_014.png', 'table_54bc0f4268150dfc616626762e4bb71d_008.png', 'table_e0b333381b21780495e29b6e21e8c291_012.png']",0.26694775877597954
table,table_train_c1,table_c1_train_54bc0f4268150dfc616626762e4bb71d_2,2,"['table_54bc0f4268150dfc616626762e4bb71d_003.png', 'table_54bc0f4268150dfc616626762e4bb71d_005.png', 'table_e0b333381b21780495e29b6e21e8c291_005.png']",0.26694775877597954
table,table_train_c1,table_c1_train_7a42b366e7f1da98a5d446d7637cc06a_0,1,"['table_7a42b366e7f1da98a5d446d7637cc06a_009.png', 'table_34df750af2640f576d616bfd695eec80_010.png', 'table_7a42b366e7f1da98a5d446d7637cc06a_008.png']",0.3961250049176175
table,table_train_c1,table_c1_train_7a42b366e7f1da98a5d446d7637cc06a_1,1,"['table_7a42b366e7f1da98a5d446d7637cc06a_009.png', 'table_610709315a0f542552b3505ff8f3d685_002.png', 'table_7a42b366e7f1da98a5d446d7637cc06a_008.png']",0.3232823092509852
table,table_train_c1,table_c1_train_7a42b366e7f1da98a5d446d7637cc06a_2,0,"['table_610709315a0f542552b3505ff8f3d685_012.png', 'table_7a42b366e7f1da98a5d446d7637cc06a_013.png', 'table_7a42b366e7f1da98a5d446d7637cc06a_006.png']",0.3232823092509852
table,table_train_c1,table_c1_train_1534dd45b3253cfd902c0a1a69e25bd9_0,1,"['table_1534dd45b3253cfd902c0a1a69e25bd9_010.png', 'table_f9a795649f679b578f3be993fec1ba7b_013.png', 'table_1534dd45b3253cfd902c0a1a69e25bd9_008.png']",0.5520459485018998
table,table_train_c1,table_c1_train_1534dd45b3253cfd902c0a1a69e25bd9_1,2,"['table_1534dd45b3253cfd902c0a1a69e25bd9_002.png', 'table_1534dd45b3253cfd902c0a1a69e25bd9_005.png', 'table_e285d68fe197f968492d9da2668ec34c_003.png']",0.5066746635197387
table,table_train_c1,table_c1_train_1534dd45b3253cfd902c0a1a69e25bd9_2,1,"['table_1534dd45b3253cfd902c0a1a69e25bd9_001.png', 'table_e285d68fe197f968492d9da2668ec34c_004.png', 'table_1534dd45b3253cfd902c0a1a69e25bd9_003.png']",0.5066746635197387
table,table_train_c1,table_c1_train_ca22c129ee2ad8a1f0ca692121a428c5_0,0,"['table_c53b11ceba592177564c88c75bda3a02_014.png', 'table_ca22c129ee2ad8a1f0ca692121a428c5_004.png', 'table_ca22c129ee2ad8a1f0ca692121a428c5_000.png']",0.26452193850783445
table,table_train_c1,table_c1_train_ca22c129ee2ad8a1f0ca692121a428c5_1,2,"['table_ca22c129ee2ad8a1f0ca692121a428c5_013.png', 'table_ca22c129ee2ad8a1f0ca692121a428c5_005.png', 'table_ebece7c581e3a42c32ba69f5f654ada_001.png']",0.2545322479846397
table,table_train_c1,table_c1_train_ca22c129ee2ad8a1f0ca692121a428c5_2,2,"['table_ca22c129ee2ad8a1f0ca692121a428c5_005.png', 'table_ca22c129ee2ad8a1f0ca692121a428c5_002.png', 'table_610709315a0f542552b3505ff8f3d685_013.png']",0.2672393202862329
table,table_train_c1,table_c1_train_8fd9d529453e8d56c09af5354c5cbf4e_0,1,"['table_8fd9d529453e8d56c09af5354c5cbf4e_004.png', 'table_610709315a0f542552b3505ff8f3d685_004.png', 'table_8fd9d529453e8d56c09af5354c5cbf4e_000.png']",0.29269648588440655
table,table_train_c1,table_c1_train_8fd9d529453e8d56c09af5354c5cbf4e_1,0,"['table_e0b333381b21780495e29b6e21e8c291_002.png', 'table_8fd9d529453e8d56c09af5354c5cbf4e_011.png', 'table_8fd9d529453e8d56c09af5354c5cbf4e_008.png']",0.221346407128173
table,table_train_c1,table_c1_train_8fd9d529453e8d56c09af5354c5cbf4e_2,0,"['table_ca22c129ee2ad8a1f0ca692121a428c5_002.png', 'table_8fd9d529453e8d56c09af5354c5cbf4e_008.png', 'table_8fd9d529453e8d56c09af5354c5cbf4e_005.png']",0.2793492142453565
table,table_train_c1,table_c1_train_a4cd409ceb0aa148d93cf5f5bfd78ab4_0,0,"['table_ca22c129ee2ad8a1f0ca692121a428c5_000.png', 'table_a4cd409ceb0aa148d93cf5f5bfd78ab4_001.png', 'table_a4cd409ceb0aa148d93cf5f5bfd78ab4_013.png']",0.5243534826769962
table,table_train_c1,table_c1_train_a4cd409ceb0aa148d93cf5f5bfd78ab4_1,0,"['table_54bc0f4268150dfc616626762e4bb71d_013.png', 'table_a4cd409ceb0aa148d93cf5f5bfd78ab4_013.png', 'table_a4cd409ceb0aa148d93cf5f5bfd78ab4_014.png']",0.6003802045138016
table,table_train_c1,table_c1_train_a4cd409ceb0aa148d93cf5f5bfd78ab4_2,0,"['table_ca22c129ee2ad8a1f0ca692121a428c5_007.png', 'table_a4cd409ceb0aa148d93cf5f5bfd78ab4_012.png', 'table_a4cd409ceb0aa148d93cf5f5bfd78ab4_000.png']",0.5243534826769962
table,table_train_c1,table_c1_train_d1a0b26d98ee4a877fa6d07b5977c143_0,1,"['table_d1a0b26d98ee4a877fa6d07b5977c143_000.png', 'table_34df750af2640f576d616bfd695eec80_009.png', 'table_d1a0b26d98ee4a877fa6d07b5977c143_004.png']",0.6348172530850573
table,table_train_c1,table_c1_train_d1a0b26d98ee4a877fa6d07b5977c143_1,1,"['table_d1a0b26d98ee4a877fa6d07b5977c143_001.png', 'table_198551bcb90f2fd5ef40cf5f2b241770_004.png', 'table_d1a0b26d98ee4a877fa6d07b5977c143_009.png']",0.6431016252201863
table,table_train_c1,table_c1_train_d1a0b26d98ee4a877fa6d07b5977c143_2,2,"['table_d1a0b26d98ee4a877fa6d07b5977c143_002.png', 'table_d1a0b26d98ee4a877fa6d07b5977c143_012.png', 'table_e285d68fe197f968492d9da2668ec34c_009.png']",0.6063594068634128
table,table_train_c1,table_c1_train_ebece7c581e3a42c32ba69f5f654ada_0,1,"['table_ebece7c581e3a42c32ba69f5f654ada_014.png', 'table_c53b11ceba592177564c88c75bda3a02_000.png', 'table_ebece7c581e3a42c32ba69f5f654ada_010.png']",0.3484125250024578
table,table_train_c1,table_c1_train_ebece7c581e3a42c32ba69f5f654ada_1,1,"['table_ebece7c581e3a42c32ba69f5f654ada_010.png', 'table_72bd77bd74cce09cbc6a236746230424_000.png', 'table_ebece7c581e3a42c32ba69f5f654ada_014.png']",0.23694860216356328
table,table_train_c1,table_c1_train_ebece7c581e3a42c32ba69f5f654ada_2,1,"['table_ebece7c581e3a42c32ba69f5f654ada_006.png', 'table_c53b11ceba592177564c88c75bda3a02_006.png', 'table_ebece7c581e3a42c32ba69f5f654ada_002.png']",0.3484125250024578
table,table_train_c1,table_c1_train_56e00d6764a7205fa9fe1734a6086750_0,2,"['table_56e00d6764a7205fa9fe1734a6086750_004.png', 'table_56e00d6764a7205fa9fe1734a6086750_007.png', 'table_ebece7c581e3a42c32ba69f5f654ada_010.png']",0.3853341531718616
table,table_train_c1,table_c1_train_56e00d6764a7205fa9fe1734a6086750_1,0,"['table_8fd9d529453e8d56c09af5354c5cbf4e_002.png', 'table_56e00d6764a7205fa9fe1734a6086750_001.png', 'table_56e00d6764a7205fa9fe1734a6086750_007.png']",0.3791851677990842
table,table_train_c1,table_c1_train_56e00d6764a7205fa9fe1734a6086750_2,1,"['table_56e00d6764a7205fa9fe1734a6086750_010.png', 'table_54bc0f4268150dfc616626762e4bb71d_003.png', 'table_56e00d6764a7205fa9fe1734a6086750_006.png']",0.4409556683570218
table,table_train_c1,table_c1_train_eeabc27816119ff429ae5ea47a8f21e0_0,2,"['table_eeabc27816119ff429ae5ea47a8f21e0_000.png', 'table_eeabc27816119ff429ae5ea47a8f21e0_003.png', 'table_4132539ff314f0654d1fe7f29df13cf6_000.png']",0.6762431128369009
table,table_train_c1,table_c1_train_eeabc27816119ff429ae5ea47a8f21e0_1,1,"['table_eeabc27816119ff429ae5ea47a8f21e0_002.png', 'table_4132539ff314f0654d1fe7f29df13cf6_000.png', 'table_eeabc27816119ff429ae5ea47a8f21e0_003.png']",0.6762431128369009
table,table_train_c1,table_c1_train_eeabc27816119ff429ae5ea47a8f21e0_2,0,"['table_33c9515dc8f887bc664b3b9b23ddfcbc_002.png', 'table_eeabc27816119ff429ae5ea47a8f21e0_010.png', 'table_eeabc27816119ff429ae5ea47a8f21e0_012.png']",0.6799275963000116
table,table_train_c1,table_c1_train_4d1d28d15b19f9101e0e41d96d3d0a78_0,0,"['table_34df750af2640f576d616bfd695eec80_002.png', 'table_4d1d28d15b19f9101e0e41d96d3d0a78_002.png', 'table_4d1d28d15b19f9101e0e41d96d3d0a78_008.png']",0.5617873755482989
table,table_train_c1,table_c1_train_4d1d28d15b19f9101e0e41d96d3d0a78_1,2,"['table_4d1d28d15b19f9101e0e41d96d3d0a78_006.png', 'table_4d1d28d15b19f9101e0e41d96d3d0a78_000.png', 'table_ebece7c581e3a42c32ba69f5f654ada_009.png']",0.5603127559864924
table,table_train_c1,table_c1_train_4d1d28d15b19f9101e0e41d96d3d0a78_2,0,"['table_ebece7c581e3a42c32ba69f5f654ada_004.png', 'table_4d1d28d15b19f9101e0e41d96d3d0a78_006.png', 'table_4d1d28d15b19f9101e0e41d96d3d0a78_002.png']",0.5603127559864924
table,table_train_c1,table_c1_train_4132539ff314f0654d1fe7f29df13cf6_0,0,"['table_72bd77bd74cce09cbc6a236746230424_013.png', 'table_4132539ff314f0654d1fe7f29df13cf6_004.png', 'table_4132539ff314f0654d1fe7f29df13cf6_002.png']",0.4676013445674627
table,table_train_c1,table_c1_train_4132539ff314f0654d1fe7f29df13cf6_1,0,"['table_549bfb6738e5c5a019fb4103277a6b93_014.png', 'table_4132539ff314f0654d1fe7f29df13cf6_013.png', 'table_4132539ff314f0654d1fe7f29df13cf6_006.png']",0.38560077848286667
table,table_train_c1,table_c1_train_4132539ff314f0654d1fe7f29df13cf6_2,1,"['table_4132539ff314f0654d1fe7f29df13cf6_002.png', 'table_549bfb6738e5c5a019fb4103277a6b93_002.png', 'table_4132539ff314f0654d1fe7f29df13cf6_005.png']",0.38560077848286667
table,table_train_c1,table_c1_train_9cdb0315eda9e8cf9f2c21e46768be21_0,0,"['table_610709315a0f542552b3505ff8f3d685_002.png', 'table_9cdb0315eda9e8cf9f2c21e46768be21_002.png', 'table_9cdb0315eda9e8cf9f2c21e46768be21_000.png']",0.4251932217137696
table,table_train_c1,table_c1_train_9cdb0315eda9e8cf9f2c21e46768be21_1,2,"['table_9cdb0315eda9e8cf9f2c21e46768be21_000.png', 'table_9cdb0315eda9e8cf9f2c21e46768be21_009.png', 'table_72bd77bd74cce09cbc6a236746230424_009.png']",0.4094056712115227
table,table_train_c1,table_c1_train_9cdb0315eda9e8cf9f2c21e46768be21_2,2,"['table_9cdb0315eda9e8cf9f2c21e46768be21_012.png', 'table_9cdb0315eda9e8cf9f2c21e46768be21_005.png', 'table_54bc0f4268150dfc616626762e4bb71d_002.png']",0.27613837664703667
table,table_train_c1,table_c1_train_34df750af2640f576d616bfd695eec80_0,1,"['table_34df750af2640f576d616bfd695eec80_000.png', 'table_e285d68fe197f968492d9da2668ec34c_001.png', 'table_34df750af2640f576d616bfd695eec80_012.png']",0.04336996639036028
table,table_train_c1,table_c1_train_34df750af2640f576d616bfd695eec80_1,0,"['table_e285d68fe197f968492d9da2668ec34c_008.png', 'table_34df750af2640f576d616bfd695eec80_008.png', 'table_34df750af2640f576d616bfd695eec80_006.png']",0.04336996639036028
table,table_train_c1,table_c1_train_34df750af2640f576d616bfd695eec80_2,2,"['table_34df750af2640f576d616bfd695eec80_011.png', 'table_34df750af2640f576d616bfd695eec80_010.png', 'table_54bc0f4268150dfc616626762e4bb71d_005.png']",0.3248710417874796
table,table_train_c1,table_c1_train_c53b11ceba592177564c88c75bda3a02_0,0,"['table_8fd9d529453e8d56c09af5354c5cbf4e_003.png', 'table_c53b11ceba592177564c88c75bda3a02_003.png', 'table_c53b11ceba592177564c88c75bda3a02_012.png']",0.4000708408618032
table,table_train_c1,table_c1_train_c53b11ceba592177564c88c75bda3a02_1,2,"['table_c53b11ceba592177564c88c75bda3a02_008.png', 'table_c53b11ceba592177564c88c75bda3a02_009.png', 'table_8fd9d529453e8d56c09af5354c5cbf4e_003.png']",0.4000708408618032
table,table_train_c1,table_c1_train_c53b11ceba592177564c88c75bda3a02_2,1,"['table_c53b11ceba592177564c88c75bda3a02_005.png', 'table_ebece7c581e3a42c32ba69f5f654ada_014.png', 'table_c53b11ceba592177564c88c75bda3a02_002.png']",0.3484125250024578
table,table_train_c1,table_c1_train_198551bcb90f2fd5ef40cf5f2b241770_0,0,"['table_54bc0f4268150dfc616626762e4bb71d_007.png', 'table_198551bcb90f2fd5ef40cf5f2b241770_007.png', 'table_198551bcb90f2fd5ef40cf5f2b241770_006.png']",0.4581019632980873
table,table_train_c1,table_c1_train_198551bcb90f2fd5ef40cf5f2b241770_1,1,"['table_198551bcb90f2fd5ef40cf5f2b241770_013.png', 'table_34df750af2640f576d616bfd695eec80_013.png', 'table_198551bcb90f2fd5ef40cf5f2b241770_003.png']",0.27664812913726156
table,table_train_c1,table_c1_train_198551bcb90f2fd5ef40cf5f2b241770_2,0,"['table_e285d68fe197f968492d9da2668ec34c_004.png', 'table_198551bcb90f2fd5ef40cf5f2b241770_004.png', 'table_198551bcb90f2fd5ef40cf5f2b241770_005.png']",0.31712195247441544
table,table_train_c1,table_c1_train_549bfb6738e5c5a019fb4103277a6b93_0,1,"['table_549bfb6738e5c5a019fb4103277a6b93_010.png', 'table_4132539ff314f0654d1fe7f29df13cf6_008.png', 'table_549bfb6738e5c5a019fb4103277a6b93_005.png']",0.38560077848286667
table,table_train_c1,table_c1_train_549bfb6738e5c5a019fb4103277a6b93_1,2,"['table_549bfb6738e5c5a019fb4103277a6b93_007.png', 'table_549bfb6738e5c5a019fb4103277a6b93_004.png', 'table_4132539ff314f0654d1fe7f29df13cf6_006.png']",0.38560077848286667
table,table_train_c1,table_c1_train_549bfb6738e5c5a019fb4103277a6b93_2,2,"['table_549bfb6738e5c5a019fb4103277a6b93_003.png', 'table_549bfb6738e5c5a019fb4103277a6b93_014.png', 'table_ebece7c581e3a42c32ba69f5f654ada_014.png']",0.6186773713922846
table,table_train_c1,table_c1_train_f9a795649f679b578f3be993fec1ba7b_0,2,"['table_f9a795649f679b578f3be993fec1ba7b_001.png', 'table_f9a795649f679b578f3be993fec1ba7b_010.png', 'table_72bd77bd74cce09cbc6a236746230424_002.png']",0.3260866180148825
table,table_train_c1,table_c1_train_f9a795649f679b578f3be993fec1ba7b_1,1,"['table_f9a795649f679b578f3be993fec1ba7b_007.png', 'table_34df750af2640f576d616bfd695eec80_005.png', 'table_f9a795649f679b578f3be993fec1ba7b_010.png']",0.4517732101337708
table,table_train_c1,table_c1_train_f9a795649f679b578f3be993fec1ba7b_2,1,"['table_f9a795649f679b578f3be993fec1ba7b_011.png', 'table_72bd77bd74cce09cbc6a236746230424_005.png', 'table_f9a795649f679b578f3be993fec1ba7b_013.png']",0.3260866180148825
table,table_train_c2,table_c2_train_651560f344dd987fda6f0c2ce3101382_0,1,"['table_651560f344dd987fda6f0c2ce3101382_009.png', 'table_121a3040c28295829e4b5aa807bb4e7_005.png', 'table_651560f344dd987fda6f0c2ce3101382_013.png']",0.40734069636099335
table,table_train_c2,table_c2_train_651560f344dd987fda6f0c2ce3101382_1,1,"['table_651560f344dd987fda6f0c2ce3101382_000.png', 'table_424c77a1f39ac41620dd2dd4d7d7656c_001.png', 'table_651560f344dd987fda6f0c2ce3101382_014.png']",0.3681438498576467
table,table_train_c2,table_c2_train_651560f344dd987fda6f0c2ce3101382_2,1,"['table_651560f344dd987fda6f0c2ce3101382_001.png', 'table_9502eecc3a057115b129901f80d24b7b_002.png', 'table_651560f344dd987fda6f0c2ce3101382_005.png']",0.32350818612532484
table,table_train_c2,table_c2_train_7f23cb04feb40ced8161eca940958ba_0,1,"['table_7f23cb04feb40ced8161eca940958ba_013.png', 'table_9502eecc3a057115b129901f80d24b7b_008.png', 'table_7f23cb04feb40ced8161eca940958ba_009.png']",0.31634172805857075
table,table_train_c2,table_c2_train_7f23cb04feb40ced8161eca940958ba_1,2,"['table_7f23cb04feb40ced8161eca940958ba_010.png', 'table_7f23cb04feb40ced8161eca940958ba_009.png', 'table_9502eecc3a057115b129901f80d24b7b_004.png']",0.31634172805857075
table,table_train_c2,table_c2_train_7f23cb04feb40ced8161eca940958ba_2,0,"['table_f64617385056e0b1beedb4c8fd29e2d1_011.png', 'table_7f23cb04feb40ced8161eca940958ba_003.png', 'table_7f23cb04feb40ced8161eca940958ba_007.png']",0.4189868893162587
table,table_train_c2,table_c2_train_9d9d1a2c33b32c2078aeec4d01b034df_0,2,"['table_9d9d1a2c33b32c2078aeec4d01b034df_007.png', 'table_9d9d1a2c33b32c2078aeec4d01b034df_010.png', 'table_6afd8ac8c1a2e31cd42ec7e303174a87_004.png']",0.3483075257512306
table,table_train_c2,table_c2_train_9d9d1a2c33b32c2078aeec4d01b034df_1,0,"['table_ab2967188299bea54cb0654f4cfa9684_011.png', 'table_9d9d1a2c33b32c2078aeec4d01b034df_010.png', 'table_9d9d1a2c33b32c2078aeec4d01b034df_011.png']",0.35105030340329235
table,table_train_c2,table_c2_train_9d9d1a2c33b32c2078aeec4d01b034df_2,0,"['table_6afd8ac8c1a2e31cd42ec7e303174a87_007.png', 'table_9d9d1a2c33b32c2078aeec4d01b034df_003.png', 'table_9d9d1a2c33b32c2078aeec4d01b034df_008.png']",0.3483075257512306
table,table_train_c2,table_c2_train_b10d84b3a04085b17618b16b281bdf56_0,1,"['table_b10d84b3a04085b17618b16b281bdf56_001.png', 'table_78c577ff52f4d79ae0a0b410fb7d15f4_011.png', 'table_b10d84b3a04085b17618b16b281bdf56_012.png']",0.2410788261425304
table,table_train_c2,table_c2_train_b10d84b3a04085b17618b16b281bdf56_1,2,"['table_b10d84b3a04085b17618b16b281bdf56_004.png', 'table_b10d84b3a04085b17618b16b281bdf56_002.png', 'table_6afd8ac8c1a2e31cd42ec7e303174a87_008.png']",0.29938358554082956
table,table_train_c2,table_c2_train_b10d84b3a04085b17618b16b281bdf56_2,0,"['table_78c577ff52f4d79ae0a0b410fb7d15f4_005.png', 'table_b10d84b3a04085b17618b16b281bdf56_010.png', 'table_b10d84b3a04085b17618b16b281bdf56_003.png']",0.2410788261425304
table,table_train_c2,table_c2_train_424c77a1f39ac41620dd2dd4d7d7656c_0,1,"['table_424c77a1f39ac41620dd2dd4d7d7656c_000.png', 'table_6d2783fa677cdfdc14e775cfdf4a76ca_004.png', 'table_424c77a1f39ac41620dd2dd4d7d7656c_012.png']",0.15150975671692613
table,table_train_c2,table_c2_train_424c77a1f39ac41620dd2dd4d7d7656c_1,2,"['table_424c77a1f39ac41620dd2dd4d7d7656c_012.png', 'table_424c77a1f39ac41620dd2dd4d7d7656c_003.png', 'table_f64617385056e0b1beedb4c8fd29e2d1_001.png']",0.082948258083956
table,table_train_c2,table_c2_train_424c77a1f39ac41620dd2dd4d7d7656c_2,0,"['table_6d2783fa677cdfdc14e775cfdf4a76ca_003.png', 'table_424c77a1f39ac41620dd2dd4d7d7656c_006.png', 'table_424c77a1f39ac41620dd2dd4d7d7656c_010.png']",0.15150975671692613
table,table_train_c2,table_c2_train_4b2a7beb13fbe74296610c8d5ae64f96_0,0,"['table_4a27cb9384782ce33e95c55cb020b7e6_004.png', 'table_4b2a7beb13fbe74296610c8d5ae64f96_000.png', 'table_4b2a7beb13fbe74296610c8d5ae64f96_004.png']",0.07354111961819187
table,table_train_c2,table_c2_train_4b2a7beb13fbe74296610c8d5ae64f96_1,1,"['table_4b2a7beb13fbe74296610c8d5ae64f96_011.png', 'table_78c577ff52f4d79ae0a0b410fb7d15f4_002.png', 'table_4b2a7beb13fbe74296610c8d5ae64f96_004.png']",0.0956266000147925
table,table_train_c2,table_c2_train_4b2a7beb13fbe74296610c8d5ae64f96_2,2,"['table_4b2a7beb13fbe74296610c8d5ae64f96_006.png', 'table_4b2a7beb13fbe74296610c8d5ae64f96_007.png', 'table_4a27cb9384782ce33e95c55cb020b7e6_006.png']",0.07354111961819187
table,table_train_c2,table_c2_train_6afd8ac8c1a2e31cd42ec7e303174a87_0,1,"['table_6afd8ac8c1a2e31cd42ec7e303174a87_011.png', 'table_ab2967188299bea54cb0654f4cfa9684_006.png', 'table_6afd8ac8c1a2e31cd42ec7e303174a87_008.png']",0.07098343884045177
table,table_train_c2,table_c2_train_6afd8ac8c1a2e31cd42ec7e303174a87_1,1,"['table_6afd8ac8c1a2e31cd42ec7e303174a87_002.png', 'table_ab2967188299bea54cb0654f4cfa9684_014.png', 'table_6afd8ac8c1a2e31cd42ec7e303174a87_014.png']",0.07098343884045177
table,table_train_c2,table_c2_train_6afd8ac8c1a2e31cd42ec7e303174a87_2,0,"['table_4a27cb9384782ce33e95c55cb020b7e6_010.png', 'table_6afd8ac8c1a2e31cd42ec7e303174a87_006.png', 'table_6afd8ac8c1a2e31cd42ec7e303174a87_001.png']",0.08078275006372326
table,table_train_c2,table_c2_train_649da94b45bafa807f8769b595aa12b0_0,1,"['table_649da94b45bafa807f8769b595aa12b0_011.png', 'table_6afd8ac8c1a2e31cd42ec7e303174a87_007.png', 'table_649da94b45bafa807f8769b595aa12b0_004.png']",0.18637412238230222
table,table_train_c2,table_c2_train_649da94b45bafa807f8769b595aa12b0_1,1,"['table_649da94b45bafa807f8769b595aa12b0_013.png', 'table_ab2967188299bea54cb0654f4cfa9684_010.png', 'table_649da94b45bafa807f8769b595aa12b0_014.png']",0.12753495431834005
table,table_train_c2,table_c2_train_649da94b45bafa807f8769b595aa12b0_2,0,"['table_6afd8ac8c1a2e31cd42ec7e303174a87_008.png', 'table_649da94b45bafa807f8769b595aa12b0_009.png', 'table_649da94b45bafa807f8769b595aa12b0_010.png']",0.18637412238230222
table,table_train_c2,table_c2_train_78c577ff52f4d79ae0a0b410fb7d15f4_0,1,"['table_78c577ff52f4d79ae0a0b410fb7d15f4_005.png', 'table_121a3040c28295829e4b5aa807bb4e7_002.png', 'table_78c577ff52f4d79ae0a0b410fb7d15f4_004.png']",0.08078698068191714
table,table_train_c2,table_c2_train_78c577ff52f4d79ae0a0b410fb7d15f4_1,1,"['table_78c577ff52f4d79ae0a0b410fb7d15f4_010.png', 'table_121a3040c28295829e4b5aa807bb4e7_002.png', 'table_78c577ff52f4d79ae0a0b410fb7d15f4_011.png']",0.08078698068191714
table,table_train_c2,table_c2_train_78c577ff52f4d79ae0a0b410fb7d15f4_2,0,"['table_121a3040c28295829e4b5aa807bb4e7_004.png', 'table_78c577ff52f4d79ae0a0b410fb7d15f4_012.png', 'table_78c577ff52f4d79ae0a0b410fb7d15f4_011.png']",0.08078698068191714
table,table_train_c2,table_c2_train_121a3040c28295829e4b5aa807bb4e7_0,1,"['table_121a3040c28295829e4b5aa807bb4e7_009.png', 'table_4a27cb9384782ce33e95c55cb020b7e6_011.png', 'table_121a3040c28295829e4b5aa807bb4e7_001.png']",0.11915706419051042
table,table_train_c2,table_c2_train_121a3040c28295829e4b5aa807bb4e7_1,2,"['table_121a3040c28295829e4b5aa807bb4e7_006.png', 'table_121a3040c28295829e4b5aa807bb4e7_001.png', 'table_6afd8ac8c1a2e31cd42ec7e303174a87_002.png']",0.07732861834713067
table,table_train_c2,table_c2_train_121a3040c28295829e4b5aa807bb4e7_2,0,"['table_ab2967188299bea54cb0654f4cfa9684_004.png', 'table_121a3040c28295829e4b5aa807bb4e7_011.png', 'table_121a3040c28295829e4b5aa807bb4e7_002.png']",0.09103909117449194
table,table_train_c2,table_c2_train_f64617385056e0b1beedb4c8fd29e2d1_0,0,"['table_32d06518fd07df9bcf004563556ddb36_006.png', 'table_f64617385056e0b1beedb4c8fd29e2d1_004.png', 'table_f64617385056e0b1beedb4c8fd29e2d1_005.png']",0.08344175083246064
table,table_train_c2,table_c2_train_f64617385056e0b1beedb4c8fd29e2d1_1,1,"['table_f64617385056e0b1beedb4c8fd29e2d1_001.png', 'table_121a3040c28295829e4b5aa807bb4e7_010.png', 'table_f64617385056e0b1beedb4c8fd29e2d1_004.png']",0.15354746586463686
table,table_train_c2,table_c2_train_f64617385056e0b1beedb4c8fd29e2d1_2,1,"['table_f64617385056e0b1beedb4c8fd29e2d1_011.png', 'table_32d06518fd07df9bcf004563556ddb36_009.png', 'table_f64617385056e0b1beedb4c8fd29e2d1_003.png']",0.08344175083246064
table,table_train_c2,table_c2_train_4a27cb9384782ce33e95c55cb020b7e6_0,2,"['table_4a27cb9384782ce33e95c55cb020b7e6_014.png', 'table_4a27cb9384782ce33e95c55cb020b7e6_000.png', 'table_adbd3814cdb655a7b11ae648ea92233_013.png']",0.10416216946002532
table,table_train_c2,table_c2_train_4a27cb9384782ce33e95c55cb020b7e6_1,1,"['table_4a27cb9384782ce33e95c55cb020b7e6_011.png', 'table_ab2967188299bea54cb0654f4cfa9684_002.png', 'table_4a27cb9384782ce33e95c55cb020b7e6_004.png']",0.06638471638343135
table,table_train_c2,table_c2_train_4a27cb9384782ce33e95c55cb020b7e6_2,0,"['table_78c577ff52f4d79ae0a0b410fb7d15f4_012.png', 'table_4a27cb9384782ce33e95c55cb020b7e6_009.png', 'table_4a27cb9384782ce33e95c55cb020b7e6_013.png']",0.09185347684015333
table,table_train_c2,table_c2_train_b8fb0a7e5d59693780489003722bd0ee_0,1,"['table_b8fb0a7e5d59693780489003722bd0ee_006.png', 'table_db3f9b48562440acbeedb4c8fd29e2d1_013.png', 'table_b8fb0a7e5d59693780489003722bd0ee_007.png']",0.2613562493865228
table,table_train_c2,table_c2_train_b8fb0a7e5d59693780489003722bd0ee_1,1,"['table_b8fb0a7e5d59693780489003722bd0ee_011.png', 'table_3a3c922623ddb42e5d81820421265171_013.png', 'table_b8fb0a7e5d59693780489003722bd0ee_005.png']",0.2891905907681094
table,table_train_c2,table_c2_train_b8fb0a7e5d59693780489003722bd0ee_2,0,"['table_32d06518fd07df9bcf004563556ddb36_008.png', 'table_b8fb0a7e5d59693780489003722bd0ee_006.png', 'table_b8fb0a7e5d59693780489003722bd0ee_010.png']",0.23401911320434643
table,table_train_c2,table_c2_train_ab2967188299bea54cb0654f4cfa9684_0,1,"['table_ab2967188299bea54cb0654f4cfa9684_012.png', 'table_121a3040c28295829e4b5aa807bb4e7_014.png', 'table_ab2967188299bea54cb0654f4cfa9684_013.png']",0.09103909117449194
table,table_train_c2,table_c2_train_ab2967188299bea54cb0654f4cfa9684_1,1,"['table_ab2967188299bea54cb0654f4cfa9684_003.png', 'table_adbd3814cdb655a7b11ae648ea92233_003.png', 'table_ab2967188299bea54cb0654f4cfa9684_002.png']",0.09707684939812755
table,table_train_c2,table_c2_train_ab2967188299bea54cb0654f4cfa9684_2,2,"['table_ab2967188299bea54cb0654f4cfa9684_004.png', 'table_ab2967188299bea54cb0654f4cfa9684_008.png', 'table_adbd3814cdb655a7b11ae648ea92233_004.png']",0.09707684939812755
table,table_train_c2,table_c2_train_9502eecc3a057115b129901f80d24b7b_0,0,"['table_651560f344dd987fda6f0c2ce3101382_006.png', 'table_9502eecc3a057115b129901f80d24b7b_011.png', 'table_9502eecc3a057115b129901f80d24b7b_014.png']",0.32350818612532484
table,table_train_c2,table_c2_train_9502eecc3a057115b129901f80d24b7b_1,2,"['table_9502eecc3a057115b129901f80d24b7b_005.png', 'table_9502eecc3a057115b129901f80d24b7b_000.png', 'table_121a3040c28295829e4b5aa807bb4e7_004.png']",0.36467291198835416
table,table_train_c2,table_c2_train_9502eecc3a057115b129901f80d24b7b_2,2,"['table_9502eecc3a057115b129901f80d24b7b_013.png', 'table_9502eecc3a057115b129901f80d24b7b_008.png', 'table_db3f9b48562440acbeedb4c8fd29e2d1_009.png']",0.37532271118650995
table,table_train_c2,table_c2_train_ebcd23b7d8d9247292cf95a109e87d7d_0,0,"['table_5f66c21e40105601958cd9a7e5831839_014.png', 'table_ebcd23b7d8d9247292cf95a109e87d7d_002.png', 'table_ebcd23b7d8d9247292cf95a109e87d7d_000.png']",0.15327292221028832
table,table_train_c2,table_c2_train_ebcd23b7d8d9247292cf95a109e87d7d_1,1,"['table_ebcd23b7d8d9247292cf95a109e87d7d_008.png', 'table_ab2967188299bea54cb0654f4cfa9684_009.png', 'table_ebcd23b7d8d9247292cf95a109e87d7d_013.png']",0.41443502258251586
table,table_train_c2,table_c2_train_ebcd23b7d8d9247292cf95a109e87d7d_2,0,"['table_b10d84b3a04085b17618b16b281bdf56_012.png', 'table_ebcd23b7d8d9247292cf95a109e87d7d_007.png', 'table_ebcd23b7d8d9247292cf95a109e87d7d_002.png']",0.06009321146831359
table,table_train_c2,table_c2_train_967d0f37416158b897a6420376995cd0_0,0,"['table_32d06518fd07df9bcf004563556ddb36_003.png', 'table_967d0f37416158b897a6420376995cd0_006.png', 'table_967d0f37416158b897a6420376995cd0_012.png']",0.19225898163884503
table,table_train_c2,table_c2_train_967d0f37416158b897a6420376995cd0_1,2,"['table_967d0f37416158b897a6420376995cd0_005.png', 'table_967d0f37416158b897a6420376995cd0_007.png', 'table_6d2783fa677cdfdc14e775cfdf4a76ca_002.png']",0.1376275152127282
table,table_train_c2,table_c2_train_967d0f37416158b897a6420376995cd0_2,2,"['table_967d0f37416158b897a6420376995cd0_014.png', 'table_967d0f37416158b897a6420376995cd0_011.png', 'table_424c77a1f39ac41620dd2dd4d7d7656c_014.png']",0.12827610020651414
table,table_train_c2,table_c2_train_32d06518fd07df9bcf004563556ddb36_0,1,"['table_32d06518fd07df9bcf004563556ddb36_010.png', 'table_6afd8ac8c1a2e31cd42ec7e303174a87_013.png', 'table_32d06518fd07df9bcf004563556ddb36_002.png']",0.1566280748336898
table,table_train_c2,table_c2_train_32d06518fd07df9bcf004563556ddb36_1,2,"['table_32d06518fd07df9bcf004563556ddb36_001.png', 'table_32d06518fd07df9bcf004563556ddb36_008.png', 'table_db3f9b48562440acbeedb4c8fd29e2d1_008.png']",0.09039808386322468
table,table_train_c2,table_c2_train_32d06518fd07df9bcf004563556ddb36_2,1,"['table_32d06518fd07df9bcf004563556ddb36_004.png', 'table_db3f9b48562440acbeedb4c8fd29e2d1_006.png', 'table_32d06518fd07df9bcf004563556ddb36_001.png']",0.09039808386322468
table,table_train_c2,table_c2_train_adbd3814cdb655a7b11ae648ea92233_0,0,"['table_ab2967188299bea54cb0654f4cfa9684_012.png', 'table_adbd3814cdb655a7b11ae648ea92233_013.png', 'table_adbd3814cdb655a7b11ae648ea92233_010.png']",0.09707684939812755
table,table_train_c2,table_c2_train_adbd3814cdb655a7b11ae648ea92233_1,0,"['table_121a3040c28295829e4b5aa807bb4e7_005.png', 'table_adbd3814cdb655a7b11ae648ea92233_014.png', 'table_adbd3814cdb655a7b11ae648ea92233_010.png']",0.09451978582262277
table,table_train_c2,table_c2_train_adbd3814cdb655a7b11ae648ea92233_2,1,"['table_adbd3814cdb655a7b11ae648ea92233_011.png', 'table_4a27cb9384782ce33e95c55cb020b7e6_006.png', 'table_adbd3814cdb655a7b11ae648ea92233_013.png']",0.10416216946002532
table,table_train_c2,table_c2_train_edb7dfd7fe00c08e25c8be43ebcd1add_0,1,"['table_edb7dfd7fe00c08e25c8be43ebcd1add_014.png', 'table_78c577ff52f4d79ae0a0b410fb7d15f4_010.png', 'table_edb7dfd7fe00c08e25c8be43ebcd1add_001.png']",0.20730210068002597
table,table_train_c2,table_c2_train_edb7dfd7fe00c08e25c8be43ebcd1add_1,0,"['table_4a27cb9384782ce33e95c55cb020b7e6_014.png', 'table_edb7dfd7fe00c08e25c8be43ebcd1add_010.png', 'table_edb7dfd7fe00c08e25c8be43ebcd1add_009.png']",0.16547173574184704
table,table_train_c2,table_c2_train_edb7dfd7fe00c08e25c8be43ebcd1add_2,0,"['table_4a27cb9384782ce33e95c55cb020b7e6_007.png', 'table_edb7dfd7fe00c08e25c8be43ebcd1add_014.png', 'table_edb7dfd7fe00c08e25c8be43ebcd1add_001.png']",0.16547173574184704
table,table_train_c2,table_c2_train_3a3c922623ddb42e5d81820421265171_0,2,"['table_3a3c922623ddb42e5d81820421265171_005.png', 'table_3a3c922623ddb42e5d81820421265171_006.png', 'table_32d06518fd07df9bcf004563556ddb36_008.png']",0.23300560446341956
table,table_train_c2,table_c2_train_3a3c922623ddb42e5d81820421265171_1,0,"['table_32d06518fd07df9bcf004563556ddb36_003.png', 'table_3a3c922623ddb42e5d81820421265171_002.png', 'table_3a3c922623ddb42e5d81820421265171_014.png']",0.23300560446341956
table,table_train_c2,table_c2_train_3a3c922623ddb42e5d81820421265171_2,1,"['table_3a3c922623ddb42e5d81820421265171_011.png', 'table_78c577ff52f4d79ae0a0b410fb7d15f4_000.png', 'table_3a3c922623ddb42e5d81820421265171_001.png']",0.25660340155974637
table,table_train_c2,table_c2_train_6d2783fa677cdfdc14e775cfdf4a76ca_0,2,"['table_6d2783fa677cdfdc14e775cfdf4a76ca_013.png', 'table_6d2783fa677cdfdc14e775cfdf4a76ca_010.png', 'table_121a3040c28295829e4b5aa807bb4e7_006.png']",0.23616789141732564
table,table_train_c2,table_c2_train_6d2783fa677cdfdc14e775cfdf4a76ca_1,2,"['table_6d2783fa677cdfdc14e775cfdf4a76ca_001.png', 'table_6d2783fa677cdfdc14e775cfdf4a76ca_008.png', 'table_121a3040c28295829e4b5aa807bb4e7_003.png']",0.23616789141732564
table,table_train_c2,table_c2_train_6d2783fa677cdfdc14e775cfdf4a76ca_2,0,"['table_121a3040c28295829e4b5aa807bb4e7_002.png', 'table_6d2783fa677cdfdc14e775cfdf4a76ca_012.png', 'table_6d2783fa677cdfdc14e775cfdf4a76ca_011.png']",0.23616789141732564
table,table_train_c2,table_c2_train_5f66c21e40105601958cd9a7e5831839_0,1,"['table_5f66c21e40105601958cd9a7e5831839_011.png', 'table_9502eecc3a057115b129901f80d24b7b_002.png', 'table_5f66c21e40105601958cd9a7e5831839_002.png']",0.651946797612067
table,table_train_c2,table_c2_train_5f66c21e40105601958cd9a7e5831839_1,2,"['table_5f66c21e40105601958cd9a7e5831839_013.png', 'table_5f66c21e40105601958cd9a7e5831839_009.png', 'table_9502eecc3a057115b129901f80d24b7b_010.png']",0.651946797612067
table,table_train_c2,table_c2_train_5f66c21e40105601958cd9a7e5831839_2,1,"['table_5f66c21e40105601958cd9a7e5831839_011.png', 'table_b10d84b3a04085b17618b16b281bdf56_011.png', 'table_5f66c21e40105601958cd9a7e5831839_010.png']",0.2942774315679648
table,table_train_c2,table_c2_train_4e5172cf359d577154ffd0de2b0db5e3_0,2,"['table_4e5172cf359d577154ffd0de2b0db5e3_005.png', 'table_4e5172cf359d577154ffd0de2b0db5e3_011.png', 'table_967d0f37416158b897a6420376995cd0_005.png']",0.18564370299906208
table,table_train_c2,table_c2_train_4e5172cf359d577154ffd0de2b0db5e3_1,2,"['table_4e5172cf359d577154ffd0de2b0db5e3_012.png', 'table_4e5172cf359d577154ffd0de2b0db5e3_006.png', 'table_649da94b45bafa807f8769b595aa12b0_005.png']",0.3038640577901447
table,table_train_c2,table_c2_train_4e5172cf359d577154ffd0de2b0db5e3_2,2,"['table_4e5172cf359d577154ffd0de2b0db5e3_010.png', 'table_4e5172cf359d577154ffd0de2b0db5e3_005.png', 'table_649da94b45bafa807f8769b595aa12b0_008.png']",0.3038640577901447
table,table_train_c2,table_c2_train_db3f9b48562440acbeedb4c8fd29e2d1_0,2,"['table_db3f9b48562440acbeedb4c8fd29e2d1_008.png', 'table_db3f9b48562440acbeedb4c8fd29e2d1_007.png', 'table_6afd8ac8c1a2e31cd42ec7e303174a87_006.png']",0.10873548513988684
table,table_train_c2,table_c2_train_db3f9b48562440acbeedb4c8fd29e2d1_1,1,"['table_db3f9b48562440acbeedb4c8fd29e2d1_007.png', 'table_6afd8ac8c1a2e31cd42ec7e303174a87_011.png', 'table_db3f9b48562440acbeedb4c8fd29e2d1_009.png']",0.10873548513988684
table,table_train_c2,table_c2_train_db3f9b48562440acbeedb4c8fd29e2d1_2,2,"['table_db3f9b48562440acbeedb4c8fd29e2d1_011.png', 'table_db3f9b48562440acbeedb4c8fd29e2d1_006.png', 'table_f64617385056e0b1beedb4c8fd29e2d1_011.png']",0.08506361729610035
telephone,telephone_train_c0,telephone_c0_train_3bd6626a05b4f79bcf17364e7927abd_0,2,"['telephone_3bd6626a05b4f79bcf17364e7927abd_012.png', 'telephone_3bd6626a05b4f79bcf17364e7927abd_000.png', 'telephone_5f919ac1f790280f563028cebd5782b_001.png']",0.005465755727677046
telephone,telephone_train_c0,telephone_c0_train_3bd6626a05b4f79bcf17364e7927abd_1,2,"['telephone_3bd6626a05b4f79bcf17364e7927abd_000.png', 'telephone_3bd6626a05b4f79bcf17364e7927abd_014.png', 'telephone_7e8e9cc2cd70a66d4d1f2fe604198dc9_000.png']",0.009978854339685594
telephone,telephone_train_c0,telephone_c0_train_3bd6626a05b4f79bcf17364e7927abd_2,0,"['telephone_b984d7e958fe9eb961179e7ef17bf7b5_014.png', 'telephone_3bd6626a05b4f79bcf17364e7927abd_001.png', 'telephone_3bd6626a05b4f79bcf17364e7927abd_000.png']",0.009256703592149806
telephone,telephone_train_c0,telephone_c0_train_3621cec4df1ddf421844676433a0aca_0,1,"['telephone_3621cec4df1ddf421844676433a0aca_013.png', 'telephone_b1085da37756ddd1d3f1ccf368ff60f9_003.png', 'telephone_3621cec4df1ddf421844676433a0aca_000.png']",0.0037395986282610094
telephone,telephone_train_c0,telephone_c0_train_3621cec4df1ddf421844676433a0aca_1,2,"['telephone_3621cec4df1ddf421844676433a0aca_008.png', 'telephone_3621cec4df1ddf421844676433a0aca_005.png', 'telephone_420138dffb14f929f0b45b4b4c7e33b7_014.png']",0.008160054145532225
telephone,telephone_train_c0,telephone_c0_train_3621cec4df1ddf421844676433a0aca_2,0,"['telephone_3bd6626a05b4f79bcf17364e7927abd_002.png', 'telephone_3621cec4df1ddf421844676433a0aca_003.png', 'telephone_3621cec4df1ddf421844676433a0aca_006.png']",0.008326324356949688
telephone,telephone_train_c0,telephone_c0_train_ceb47998c0ffa704f1cb19f636b1c2bd_0,0,"['telephone_81ad8af206d6b21b89b367279b017ccc_006.png', 'telephone_ceb47998c0ffa704f1cb19f636b1c2bd_004.png', 'telephone_ceb47998c0ffa704f1cb19f636b1c2bd_011.png']",0.04149383905901549
telephone,telephone_train_c0,telephone_c0_train_ceb47998c0ffa704f1cb19f636b1c2bd_1,1,"['telephone_ceb47998c0ffa704f1cb19f636b1c2bd_001.png', 'telephone_b1085da37756ddd1d3f1ccf368ff60f9_001.png', 'telephone_ceb47998c0ffa704f1cb19f636b1c2bd_004.png']",0.04331950876404578
telephone,telephone_train_c0,telephone_c0_train_ceb47998c0ffa704f1cb19f636b1c2bd_2,2,"['telephone_ceb47998c0ffa704f1cb19f636b1c2bd_002.png', 'telephone_ceb47998c0ffa704f1cb19f636b1c2bd_008.png', 'telephone_b1085da37756ddd1d3f1ccf368ff60f9_003.png']",0.04331950876404578
telephone,telephone_train_c0,telephone_c0_train_7e8e9cc2cd70a66d4d1f2fe604198dc9_0,2,"['telephone_7e8e9cc2cd70a66d4d1f2fe604198dc9_007.png', 'telephone_7e8e9cc2cd70a66d4d1f2fe604198dc9_004.png', 'telephone_81ad8af206d6b21b89b367279b017ccc_005.png']",0.006687719094593647
telephone,telephone_train_c0,telephone_c0_train_7e8e9cc2cd70a66d4d1f2fe604198dc9_1,1,"['telephone_7e8e9cc2cd70a66d4d1f2fe604198dc9_012.png', 'telephone_420138dffb14f929f0b45b4b4c7e33b7_011.png', 'telephone_7e8e9cc2cd70a66d4d1f2fe604198dc9_009.png']",0.007826557960785574
telephone,telephone_train_c0,telephone_c0_train_7e8e9cc2cd70a66d4d1f2fe604198dc9_2,0,"['telephone_7bd964021c9c26e0e4b68d3b17c43658_014.png', 'telephone_7e8e9cc2cd70a66d4d1f2fe604198dc9_010.png', 'telephone_7e8e9cc2cd70a66d4d1f2fe604198dc9_002.png']",5.5919281288230316e-05
telephone,telephone_train_c0,telephone_c0_train_db96e9b2c96c273de7d92dda5756fcfd_0,1,"['telephone_db96e9b2c96c273de7d92dda5756fcfd_011.png', 'telephone_d809653bf5a21f10e5b8860dcdb97aaa_009.png', 'telephone_db96e9b2c96c273de7d92dda5756fcfd_001.png']",0.0020795362919830973
telephone,telephone_train_c0,telephone_c0_train_db96e9b2c96c273de7d92dda5756fcfd_1,1,"['telephone_db96e9b2c96c273de7d92dda5756fcfd_007.png', 'telephone_2d3208fa267160862c611effe1bec8cf_001.png', 'telephone_db96e9b2c96c273de7d92dda5756fcfd_013.png']",0.0009506724705099501
telephone,telephone_train_c0,telephone_c0_train_db96e9b2c96c273de7d92dda5756fcfd_2,1,"['telephone_db96e9b2c96c273de7d92dda5756fcfd_005.png', 'telephone_2a38116473099355498dffe5de12eacd_014.png', 'telephone_db96e9b2c96c273de7d92dda5756fcfd_013.png']",0.0006378977285588228
telephone,telephone_train_c0,telephone_c0_train_420138dffb14f929f0b45b4b4c7e33b7_0,1,"['telephone_420138dffb14f929f0b45b4b4c7e33b7_002.png', 'telephone_7e8e9cc2cd70a66d4d1f2fe604198dc9_005.png', 'telephone_420138dffb14f929f0b45b4b4c7e33b7_009.png']",0.007826557960785574
telephone,telephone_train_c0,telephone_c0_train_420138dffb14f929f0b45b4b4c7e33b7_1,0,"['telephone_7bd964021c9c26e0e4b68d3b17c43658_008.png', 'telephone_420138dffb14f929f0b45b4b4c7e33b7_005.png', 'telephone_420138dffb14f929f0b45b4b4c7e33b7_003.png']",0.007796476554414955
telephone,telephone_train_c0,telephone_c0_train_420138dffb14f929f0b45b4b4c7e33b7_2,1,"['telephone_420138dffb14f929f0b45b4b4c7e33b7_012.png', 'telephone_b984d7e958fe9eb961179e7ef17bf7b5_011.png', 'telephone_420138dffb14f929f0b45b4b4c7e33b7_004.png']",0.006213532317718706
telephone,telephone_train_c0,telephone_c0_train_81ad8af206d6b21b89b367279b017ccc_0,1,"['telephone_81ad8af206d6b21b89b367279b017ccc_014.png', 'telephone_b984d7e958fe9eb961179e7ef17bf7b5_004.png', 'telephone_81ad8af206d6b21b89b367279b017ccc_000.png']",0.005433033496909934
telephone,telephone_train_c0,telephone_c0_train_81ad8af206d6b21b89b367279b017ccc_1,2,"['telephone_81ad8af206d6b21b89b367279b017ccc_000.png', 'telephone_81ad8af206d6b21b89b367279b017ccc_012.png', 'telephone_e0ccc0cae4dc414cb4e7b68321c9d305_014.png']",0.0017179296942750888
telephone,telephone_train_c0,telephone_c0_train_81ad8af206d6b21b89b367279b017ccc_2,1,"['telephone_81ad8af206d6b21b89b367279b017ccc_002.png', 'telephone_b984d7e958fe9eb961179e7ef17bf7b5_005.png', 'telephone_81ad8af206d6b21b89b367279b017ccc_001.png']",0.005433033496909934
telephone,telephone_train_c0,telephone_c0_train_f022d7789de219e1fb7ad0eb0a148aa8_0,1,"['telephone_f022d7789de219e1fb7ad0eb0a148aa8_007.png', 'telephone_2a38116473099355498dffe5de12eacd_005.png', 'telephone_f022d7789de219e1fb7ad0eb0a148aa8_006.png']",0.01956935276268512
telephone,telephone_train_c0,telephone_c0_train_f022d7789de219e1fb7ad0eb0a148aa8_1,0,"['telephone_2a38116473099355498dffe5de12eacd_002.png', 'telephone_f022d7789de219e1fb7ad0eb0a148aa8_012.png', 'telephone_f022d7789de219e1fb7ad0eb0a148aa8_014.png']",0.01956935276268512
telephone,telephone_train_c0,telephone_c0_train_f022d7789de219e1fb7ad0eb0a148aa8_2,1,"['telephone_f022d7789de219e1fb7ad0eb0a148aa8_002.png', 'telephone_7dd788cca7df768495b1245be456cdf5_002.png', 'telephone_f022d7789de219e1fb7ad0eb0a148aa8_010.png']",0.016891989595255508
telephone,telephone_train_c0,telephone_c0_train_d809653bf5a21f10e5b8860dcdb97aaa_0,2,"['telephone_d809653bf5a21f10e5b8860dcdb97aaa_011.png', 'telephone_d809653bf5a21f10e5b8860dcdb97aaa_014.png', 'telephone_db96e9b2c96c273de7d92dda5756fcfd_012.png']",0.0020795362919830973
telephone,telephone_train_c0,telephone_c0_train_d809653bf5a21f10e5b8860dcdb97aaa_1,0,"['telephone_7dd788cca7df768495b1245be456cdf5_002.png', 'telephone_d809653bf5a21f10e5b8860dcdb97aaa_012.png', 'telephone_d809653bf5a21f10e5b8860dcdb97aaa_011.png']",0.009691801526909627
telephone,telephone_train_c0,telephone_c0_train_d809653bf5a21f10e5b8860dcdb97aaa_2,1,"['telephone_d809653bf5a21f10e5b8860dcdb97aaa_000.png', 'telephone_db96e9b2c96c273de7d92dda5756fcfd_002.png', 'telephone_d809653bf5a21f10e5b8860dcdb97aaa_008.png']",0.0020795362919830973
telephone,telephone_train_c0,telephone_c0_train_350dad20c76cb54b7ad5140f7d56e11a_0,2,"['telephone_350dad20c76cb54b7ad5140f7d56e11a_013.png', 'telephone_350dad20c76cb54b7ad5140f7d56e11a_012.png', 'telephone_7bd964021c9c26e0e4b68d3b17c43658_009.png']",0.005580952711220499
telephone,telephone_train_c0,telephone_c0_train_350dad20c76cb54b7ad5140f7d56e11a_1,1,"['telephone_350dad20c76cb54b7ad5140f7d56e11a_003.png', 'telephone_b984d7e958fe9eb961179e7ef17bf7b5_006.png', 'telephone_350dad20c76cb54b7ad5140f7d56e11a_005.png']",0.007465288216935484
telephone,telephone_train_c0,telephone_c0_train_350dad20c76cb54b7ad5140f7d56e11a_2,1,"['telephone_350dad20c76cb54b7ad5140f7d56e11a_010.png', 'telephone_5f919ac1f790280f563028cebd5782b_013.png', 'telephone_350dad20c76cb54b7ad5140f7d56e11a_001.png']",0.015935604119370228
telephone,telephone_train_c0,telephone_c0_train_7bd964021c9c26e0e4b68d3b17c43658_0,0,"['telephone_7e8e9cc2cd70a66d4d1f2fe604198dc9_006.png', 'telephone_7bd964021c9c26e0e4b68d3b17c43658_005.png', 'telephone_7bd964021c9c26e0e4b68d3b17c43658_014.png']",5.5919281288230316e-05
telephone,telephone_train_c0,telephone_c0_train_7bd964021c9c26e0e4b68d3b17c43658_1,2,"['telephone_7bd964021c9c26e0e4b68d3b17c43658_010.png', 'telephone_7bd964021c9c26e0e4b68d3b17c43658_012.png', 'telephone_350dad20c76cb54b7ad5140f7d56e11a_003.png']",0.005580952711220499
telephone,telephone_train_c0,telephone_c0_train_7bd964021c9c26e0e4b68d3b17c43658_2,1,"['telephone_7bd964021c9c26e0e4b68d3b17c43658_001.png', 'telephone_350dad20c76cb54b7ad5140f7d56e11a_008.png', 'telephone_7bd964021c9c26e0e4b68d3b17c43658_012.png']",0.005580952711220499
telephone,telephone_train_c0,telephone_c0_train_d2bce5fd1fd04beeb3db4664acec42ef_0,1,"['telephone_d2bce5fd1fd04beeb3db4664acec42ef_007.png', 'telephone_350dad20c76cb54b7ad5140f7d56e11a_014.png', 'telephone_d2bce5fd1fd04beeb3db4664acec42ef_013.png']",0.039333955382750085
telephone,telephone_train_c0,telephone_c0_train_d2bce5fd1fd04beeb3db4664acec42ef_1,1,"['telephone_d2bce5fd1fd04beeb3db4664acec42ef_000.png', 'telephone_a120a29467045d34c3f199bb1cdfc734_010.png', 'telephone_d2bce5fd1fd04beeb3db4664acec42ef_009.png']",0.0021883866938603447
telephone,telephone_train_c0,telephone_c0_train_d2bce5fd1fd04beeb3db4664acec42ef_2,2,"['telephone_d2bce5fd1fd04beeb3db4664acec42ef_011.png', 'telephone_d2bce5fd1fd04beeb3db4664acec42ef_005.png', 'telephone_f022d7789de219e1fb7ad0eb0a148aa8_013.png']",0.017740955290167504
telephone,telephone_train_c0,telephone_c0_train_b1085da37756ddd1d3f1ccf368ff60f9_0,0,"['telephone_3bd6626a05b4f79bcf17364e7927abd_001.png', 'telephone_b1085da37756ddd1d3f1ccf368ff60f9_007.png', 'telephone_b1085da37756ddd1d3f1ccf368ff60f9_002.png']",0.01047688981550099
telephone,telephone_train_c0,telephone_c0_train_b1085da37756ddd1d3f1ccf368ff60f9_1,2,"['telephone_b1085da37756ddd1d3f1ccf368ff60f9_004.png', 'telephone_b1085da37756ddd1d3f1ccf368ff60f9_006.png', 'telephone_e0ccc0cae4dc414cb4e7b68321c9d305_011.png']",0.01410996112507068
telephone,telephone_train_c0,telephone_c0_train_b1085da37756ddd1d3f1ccf368ff60f9_2,0,"['telephone_e0ccc0cae4dc414cb4e7b68321c9d305_007.png', 'telephone_b1085da37756ddd1d3f1ccf368ff60f9_001.png', 'telephone_b1085da37756ddd1d3f1ccf368ff60f9_012.png']",0.01410996112507068
telephone,telephone_train_c0,telephone_c0_train_a120a29467045d34c3f199bb1cdfc734_0,2,"['telephone_a120a29467045d34c3f199bb1cdfc734_011.png', 'telephone_a120a29467045d34c3f199bb1cdfc734_014.png', 'telephone_d2bce5fd1fd04beeb3db4664acec42ef_005.png']",0.0021883866938603447
telephone,telephone_train_c0,telephone_c0_train_a120a29467045d34c3f199bb1cdfc734_1,1,"['telephone_a120a29467045d34c3f199bb1cdfc734_010.png', 'telephone_7bd964021c9c26e0e4b68d3b17c43658_002.png', 'telephone_a120a29467045d34c3f199bb1cdfc734_009.png']",0.03549950571941829
telephone,telephone_train_c0,telephone_c0_train_a120a29467045d34c3f199bb1cdfc734_2,1,"['telephone_a120a29467045d34c3f199bb1cdfc734_011.png', 'telephone_350dad20c76cb54b7ad5140f7d56e11a_009.png', 'telephone_a120a29467045d34c3f199bb1cdfc734_009.png']",0.029147347641107824
telephone,telephone_train_c0,telephone_c0_train_fabcaa4858df16e35817e30de1dabac4_0,1,"['telephone_fabcaa4858df16e35817e30de1dabac4_008.png', 'telephone_b984d7e958fe9eb961179e7ef17bf7b5_014.png', 'telephone_fabcaa4858df16e35817e30de1dabac4_009.png']",0.01214723064040113
telephone,telephone_train_c0,telephone_c0_train_fabcaa4858df16e35817e30de1dabac4_1,2,"['telephone_fabcaa4858df16e35817e30de1dabac4_012.png', 'telephone_fabcaa4858df16e35817e30de1dabac4_002.png', 'telephone_d809653bf5a21f10e5b8860dcdb97aaa_012.png']",0.013116468278410287
telephone,telephone_train_c0,telephone_c0_train_fabcaa4858df16e35817e30de1dabac4_2,1,"['telephone_fabcaa4858df16e35817e30de1dabac4_005.png', 'telephone_7bd964021c9c26e0e4b68d3b17c43658_013.png', 'telephone_fabcaa4858df16e35817e30de1dabac4_008.png']",0.011077998752432983
telephone,telephone_train_c0,telephone_c0_train_2009fed0ea8d1fc3e2dbe704eec7e8d9_0,2,"['telephone_2009fed0ea8d1fc3e2dbe704eec7e8d9_004.png', 'telephone_2009fed0ea8d1fc3e2dbe704eec7e8d9_011.png', 'telephone_420138dffb14f929f0b45b4b4c7e33b7_010.png']",0.013955482872629488
telephone,telephone_train_c0,telephone_c0_train_2009fed0ea8d1fc3e2dbe704eec7e8d9_1,0,"['telephone_3621cec4df1ddf421844676433a0aca_012.png', 'telephone_2009fed0ea8d1fc3e2dbe704eec7e8d9_005.png', 'telephone_2009fed0ea8d1fc3e2dbe704eec7e8d9_002.png']",0.014531643546985107
telephone,telephone_train_c0,telephone_c0_train_2009fed0ea8d1fc3e2dbe704eec7e8d9_2,2,"['telephone_2009fed0ea8d1fc3e2dbe704eec7e8d9_001.png', 'telephone_2009fed0ea8d1fc3e2dbe704eec7e8d9_002.png', 'telephone_3621cec4df1ddf421844676433a0aca_002.png']",0.014531643546985107
telephone,telephone_train_c0,telephone_c0_train_5f919ac1f790280f563028cebd5782b_0,2,"['telephone_5f919ac1f790280f563028cebd5782b_013.png', 'telephone_5f919ac1f790280f563028cebd5782b_009.png', 'telephone_7bd964021c9c26e0e4b68d3b17c43658_012.png']",0.01144343790389346
telephone,telephone_train_c0,telephone_c0_train_5f919ac1f790280f563028cebd5782b_1,2,"['telephone_5f919ac1f790280f563028cebd5782b_012.png', 'telephone_5f919ac1f790280f563028cebd5782b_014.png', 'telephone_b1085da37756ddd1d3f1ccf368ff60f9_000.png']",0.0038285562413922225
telephone,telephone_train_c0,telephone_c0_train_5f919ac1f790280f563028cebd5782b_2,2,"['telephone_5f919ac1f790280f563028cebd5782b_001.png', 'telephone_5f919ac1f790280f563028cebd5782b_004.png', 'telephone_b1085da37756ddd1d3f1ccf368ff60f9_000.png']",0.0038285562413922225
telephone,telephone_train_c0,telephone_c0_train_30efef3eef4b37eb9ed75a6428ac0ca5_0,1,"['telephone_30efef3eef4b37eb9ed75a6428ac0ca5_000.png', 'telephone_c864337d009c823290a9c3b0b32f8569_005.png', 'telephone_30efef3eef4b37eb9ed75a6428ac0ca5_002.png']",0.02432481780456508
telephone,telephone_train_c0,telephone_c0_train_30efef3eef4b37eb9ed75a6428ac0ca5_1,1,"['telephone_30efef3eef4b37eb9ed75a6428ac0ca5_006.png', 'telephone_c864337d009c823290a9c3b0b32f8569_014.png', 'telephone_30efef3eef4b37eb9ed75a6428ac0ca5_001.png']",0.02432481780456508
telephone,telephone_train_c0,telephone_c0_train_30efef3eef4b37eb9ed75a6428ac0ca5_2,1,"['telephone_30efef3eef4b37eb9ed75a6428ac0ca5_001.png', 'telephone_81ad8af206d6b21b89b367279b017ccc_009.png', 'telephone_30efef3eef4b37eb9ed75a6428ac0ca5_010.png']",0.0277304482453693
telephone,telephone_train_c0,telephone_c0_train_7dd788cca7df768495b1245be456cdf5_0,0,"['telephone_d809653bf5a21f10e5b8860dcdb97aaa_004.png', 'telephone_7dd788cca7df768495b1245be456cdf5_007.png', 'telephone_7dd788cca7df768495b1245be456cdf5_012.png']",0.009691801526909627
telephone,telephone_train_c0,telephone_c0_train_7dd788cca7df768495b1245be456cdf5_1,2,"['telephone_7dd788cca7df768495b1245be456cdf5_000.png', 'telephone_7dd788cca7df768495b1245be456cdf5_008.png', 'telephone_2a38116473099355498dffe5de12eacd_010.png']",0.00990247178287229
telephone,telephone_train_c0,telephone_c0_train_7dd788cca7df768495b1245be456cdf5_2,0,"['telephone_d809653bf5a21f10e5b8860dcdb97aaa_009.png', 'telephone_7dd788cca7df768495b1245be456cdf5_007.png', 'telephone_7dd788cca7df768495b1245be456cdf5_003.png']",0.009691801526909627
telephone,telephone_train_c0,telephone_c0_train_2d3208fa267160862c611effe1bec8cf_0,1,"['telephone_2d3208fa267160862c611effe1bec8cf_009.png', 'telephone_db96e9b2c96c273de7d92dda5756fcfd_006.png', 'telephone_2d3208fa267160862c611effe1bec8cf_010.png']",0.0009506724705099501
telephone,telephone_train_c0,telephone_c0_train_2d3208fa267160862c611effe1bec8cf_1,1,"['telephone_2d3208fa267160862c611effe1bec8cf_004.png', 'telephone_c864337d009c823290a9c3b0b32f8569_005.png', 'telephone_2d3208fa267160862c611effe1bec8cf_006.png']",0.004783940097271011
telephone,telephone_train_c0,telephone_c0_train_2d3208fa267160862c611effe1bec8cf_2,2,"['telephone_2d3208fa267160862c611effe1bec8cf_001.png', 'telephone_2d3208fa267160862c611effe1bec8cf_007.png', 'telephone_2a38116473099355498dffe5de12eacd_013.png']",0.0003216140368443865
telephone,telephone_train_c0,telephone_c0_train_2a38116473099355498dffe5de12eacd_0,0,"['telephone_81ad8af206d6b21b89b367279b017ccc_010.png', 'telephone_2a38116473099355498dffe5de12eacd_001.png', 'telephone_2a38116473099355498dffe5de12eacd_012.png']",0.007424826696201703
telephone,telephone_train_c0,telephone_c0_train_2a38116473099355498dffe5de12eacd_1,0,"['telephone_c864337d009c823290a9c3b0b32f8569_010.png', 'telephone_2a38116473099355498dffe5de12eacd_005.png', 'telephone_2a38116473099355498dffe5de12eacd_004.png']",0.006400384475528376
telephone,telephone_train_c0,telephone_c0_train_2a38116473099355498dffe5de12eacd_2,1,"['telephone_2a38116473099355498dffe5de12eacd_006.png', 'telephone_db96e9b2c96c273de7d92dda5756fcfd_004.png', 'telephone_2a38116473099355498dffe5de12eacd_003.png']",0.0006378977285588228
telephone,telephone_train_c0,telephone_c0_train_c864337d009c823290a9c3b0b32f8569_0,0,"['telephone_2a38116473099355498dffe5de12eacd_006.png', 'telephone_c864337d009c823290a9c3b0b32f8569_003.png', 'telephone_c864337d009c823290a9c3b0b32f8569_001.png']",0.006400384475528376
telephone,telephone_train_c0,telephone_c0_train_c864337d009c823290a9c3b0b32f8569_1,2,"['telephone_c864337d009c823290a9c3b0b32f8569_002.png', 'telephone_c864337d009c823290a9c3b0b32f8569_007.png', 'telephone_81ad8af206d6b21b89b367279b017ccc_000.png']",0.011321317213335513
telephone,telephone_train_c0,telephone_c0_train_c864337d009c823290a9c3b0b32f8569_2,1,"['telephone_c864337d009c823290a9c3b0b32f8569_003.png', 'telephone_d809653bf5a21f10e5b8860dcdb97aaa_011.png', 'telephone_c864337d009c823290a9c3b0b32f8569_000.png']",0.010378097382123919
telephone,telephone_train_c0,telephone_c0_train_b984d7e958fe9eb961179e7ef17bf7b5_0,0,"['telephone_7bd964021c9c26e0e4b68d3b17c43658_012.png', 'telephone_b984d7e958fe9eb961179e7ef17bf7b5_004.png', 'telephone_b984d7e958fe9eb961179e7ef17bf7b5_013.png']",0.0004045582394746061
telephone,telephone_train_c0,telephone_c0_train_b984d7e958fe9eb961179e7ef17bf7b5_1,1,"['telephone_b984d7e958fe9eb961179e7ef17bf7b5_001.png', 'telephone_420138dffb14f929f0b45b4b4c7e33b7_007.png', 'telephone_b984d7e958fe9eb961179e7ef17bf7b5_011.png']",0.006213532317718706
telephone,telephone_train_c0,telephone_c0_train_b984d7e958fe9eb961179e7ef17bf7b5_2,1,"['telephone_b984d7e958fe9eb961179e7ef17bf7b5_011.png', 'telephone_7e8e9cc2cd70a66d4d1f2fe604198dc9_010.png', 'telephone_b984d7e958fe9eb961179e7ef17bf7b5_001.png']",0.00046002924159016523
telephone,telephone_train_c0,telephone_c0_train_e0ccc0cae4dc414cb4e7b68321c9d305_0,2,"['telephone_e0ccc0cae4dc414cb4e7b68321c9d305_011.png', 'telephone_e0ccc0cae4dc414cb4e7b68321c9d305_005.png', 'telephone_420138dffb14f929f0b45b4b4c7e33b7_010.png']",0.0031150269287941734
telephone,telephone_train_c0,telephone_c0_train_e0ccc0cae4dc414cb4e7b68321c9d305_1,0,"['telephone_b984d7e958fe9eb961179e7ef17bf7b5_009.png', 'telephone_e0ccc0cae4dc414cb4e7b68321c9d305_014.png', 'telephone_e0ccc0cae4dc414cb4e7b68321c9d305_011.png']",0.007488513790506746
telephone,telephone_train_c0,telephone_c0_train_e0ccc0cae4dc414cb4e7b68321c9d305_2,1,"['telephone_e0ccc0cae4dc414cb4e7b68321c9d305_005.png', 'telephone_db96e9b2c96c273de7d92dda5756fcfd_013.png', 'telephone_e0ccc0cae4dc414cb4e7b68321c9d305_014.png']",0.0074142149386629
telephone,telephone_train_c0,telephone_c0_train_338c3f116cd39022a40276c99b77cde3_0,2,"['telephone_338c3f116cd39022a40276c99b77cde3_003.png', 'telephone_338c3f116cd39022a40276c99b77cde3_013.png', 'telephone_7e8e9cc2cd70a66d4d1f2fe604198dc9_002.png']",0.009647052395908018
telephone,telephone_train_c0,telephone_c0_train_338c3f116cd39022a40276c99b77cde3_1,1,"['telephone_338c3f116cd39022a40276c99b77cde3_001.png', 'telephone_7e8e9cc2cd70a66d4d1f2fe604198dc9_000.png', 'telephone_338c3f116cd39022a40276c99b77cde3_014.png']",0.009647052395908018
telephone,telephone_train_c0,telephone_c0_train_338c3f116cd39022a40276c99b77cde3_2,1,"['telephone_338c3f116cd39022a40276c99b77cde3_012.png', 'telephone_b984d7e958fe9eb961179e7ef17bf7b5_007.png', 'telephone_338c3f116cd39022a40276c99b77cde3_003.png']",0.008890685774360918
telephone,telephone_train_c1,telephone_c1_train_80d73417fa12508d7d6b888b4eb1ac9f_0,1,"['telephone_80d73417fa12508d7d6b888b4eb1ac9f_011.png', 'telephone_4f2b1a13f06a85961138452c33de4a3d_001.png', 'telephone_80d73417fa12508d7d6b888b4eb1ac9f_001.png']",0.078926332325151
telephone,telephone_train_c1,telephone_c1_train_80d73417fa12508d7d6b888b4eb1ac9f_1,0,"['telephone_541cc8b3ccf4c799502122ac3599bb74_002.png', 'telephone_80d73417fa12508d7d6b888b4eb1ac9f_013.png', 'telephone_80d73417fa12508d7d6b888b4eb1ac9f_011.png']",0.10190175413147762
telephone,telephone_train_c1,telephone_c1_train_80d73417fa12508d7d6b888b4eb1ac9f_2,1,"['telephone_80d73417fa12508d7d6b888b4eb1ac9f_012.png', 'telephone_d72b00ba0cbe10a1157f4a560c24391b_009.png', 'telephone_80d73417fa12508d7d6b888b4eb1ac9f_007.png']",0.025969426991545475
telephone,telephone_train_c1,telephone_c1_train_19bb5e75692793fd45df661aef5d0a33_0,2,"['telephone_19bb5e75692793fd45df661aef5d0a33_010.png', 'telephone_19bb5e75692793fd45df661aef5d0a33_009.png', 'telephone_4f2b1a13f06a85961138452c33de4a3d_006.png']",0.022778375128489903
telephone,telephone_train_c1,telephone_c1_train_19bb5e75692793fd45df661aef5d0a33_1,1,"['telephone_19bb5e75692793fd45df661aef5d0a33_007.png', 'telephone_4f2b1a13f06a85961138452c33de4a3d_008.png', 'telephone_19bb5e75692793fd45df661aef5d0a33_006.png']",0.022778375128489903
telephone,telephone_train_c1,telephone_c1_train_19bb5e75692793fd45df661aef5d0a33_2,0,"['telephone_57245f4db78fc2be7aa291768a04b26f_009.png', 'telephone_19bb5e75692793fd45df661aef5d0a33_011.png', 'telephone_19bb5e75692793fd45df661aef5d0a33_007.png']",0.011549590720592362
telephone,telephone_train_c1,telephone_c1_train_d7ed913a3888696d289b03e5721252f3_0,2,"['telephone_d7ed913a3888696d289b03e5721252f3_004.png', 'telephone_d7ed913a3888696d289b03e5721252f3_013.png', 'telephone_4f2919438ca46d8de8d8ad3bdef6aca2_009.png']",0.0016233189688700245
telephone,telephone_train_c1,telephone_c1_train_d7ed913a3888696d289b03e5721252f3_1,2,"['telephone_d7ed913a3888696d289b03e5721252f3_007.png', 'telephone_d7ed913a3888696d289b03e5721252f3_003.png', 'telephone_38afc0467599bd6bfa13d53e5e4a7d2a_004.png']",0.039323727057650526
telephone,telephone_train_c1,telephone_c1_train_d7ed913a3888696d289b03e5721252f3_2,2,"['telephone_d7ed913a3888696d289b03e5721252f3_009.png', 'telephone_d7ed913a3888696d289b03e5721252f3_008.png', 'telephone_ab2cdd82bc69255f1fc489fbdec3fa1_004.png']",0.03422157021461436
telephone,telephone_train_c1,telephone_c1_train_d72b00ba0cbe10a1157f4a560c24391b_0,2,"['telephone_d72b00ba0cbe10a1157f4a560c24391b_009.png', 'telephone_d72b00ba0cbe10a1157f4a560c24391b_012.png', 'telephone_57245f4db78fc2be7aa291768a04b26f_000.png']",0.05739086878687749
telephone,telephone_train_c1,telephone_c1_train_d72b00ba0cbe10a1157f4a560c24391b_1,2,"['telephone_d72b00ba0cbe10a1157f4a560c24391b_009.png', 'telephone_d72b00ba0cbe10a1157f4a560c24391b_004.png', 'telephone_4f2b1a13f06a85961138452c33de4a3d_008.png']",0.03681626828546225
telephone,telephone_train_c1,telephone_c1_train_d72b00ba0cbe10a1157f4a560c24391b_2,1,"['telephone_d72b00ba0cbe10a1157f4a560c24391b_012.png', 'telephone_80d73417fa12508d7d6b888b4eb1ac9f_013.png', 'telephone_d72b00ba0cbe10a1157f4a560c24391b_003.png']",0.025969426991545475
telephone,telephone_train_c1,telephone_c1_train_4f2b1a13f06a85961138452c33de4a3d_0,0,"['telephone_ab2cdd82bc69255f1fc489fbdec3fa1_003.png', 'telephone_4f2b1a13f06a85961138452c33de4a3d_010.png', 'telephone_4f2b1a13f06a85961138452c33de4a3d_004.png']",0.01967335864578712
telephone,telephone_train_c1,telephone_c1_train_4f2b1a13f06a85961138452c33de4a3d_1,2,"['telephone_4f2b1a13f06a85961138452c33de4a3d_012.png', 'telephone_4f2b1a13f06a85961138452c33de4a3d_013.png', 'telephone_ab2cdd82bc69255f1fc489fbdec3fa1_010.png']",0.01967335864578712
telephone,telephone_train_c1,telephone_c1_train_4f2b1a13f06a85961138452c33de4a3d_2,2,"['telephone_4f2b1a13f06a85961138452c33de4a3d_004.png', 'telephone_4f2b1a13f06a85961138452c33de4a3d_012.png', 'telephone_4f2919438ca46d8de8d8ad3bdef6aca2_013.png']",0.018028478138896742
telephone,telephone_train_c1,telephone_c1_train_2435be698167b2167120841458f79dbe_0,2,"['telephone_2435be698167b2167120841458f79dbe_004.png', 'telephone_2435be698167b2167120841458f79dbe_001.png', 'telephone_19bb5e75692793fd45df661aef5d0a33_002.png']",0.053352190778051534
telephone,telephone_train_c1,telephone_c1_train_2435be698167b2167120841458f79dbe_1,1,"['telephone_2435be698167b2167120841458f79dbe_009.png', 'telephone_49a51e66314253d3f2a0433fb7c53e0f_001.png', 'telephone_2435be698167b2167120841458f79dbe_011.png']",0.018637985487778286
telephone,telephone_train_c1,telephone_c1_train_2435be698167b2167120841458f79dbe_2,0,"['telephone_49a51e66314253d3f2a0433fb7c53e0f_012.png', 'telephone_2435be698167b2167120841458f79dbe_010.png', 'telephone_2435be698167b2167120841458f79dbe_014.png']",0.018637985487778286
telephone,telephone_train_c1,telephone_c1_train_38afc0467599bd6bfa13d53e5e4a7d2a_0,1,"['telephone_38afc0467599bd6bfa13d53e5e4a7d2a_006.png', 'telephone_17072ff9ec47bfadc3fd2392bc923b2f_014.png', 'telephone_38afc0467599bd6bfa13d53e5e4a7d2a_009.png']",0.033425896166352165
telephone,telephone_train_c1,telephone_c1_train_38afc0467599bd6bfa13d53e5e4a7d2a_1,0,"['telephone_19bb5e75692793fd45df661aef5d0a33_006.png', 'telephone_38afc0467599bd6bfa13d53e5e4a7d2a_009.png', 'telephone_38afc0467599bd6bfa13d53e5e4a7d2a_005.png']",0.013588100610994802
telephone,telephone_train_c1,telephone_c1_train_38afc0467599bd6bfa13d53e5e4a7d2a_2,0,"['telephone_ab2cdd82bc69255f1fc489fbdec3fa1_010.png', 'telephone_38afc0467599bd6bfa13d53e5e4a7d2a_006.png', 'telephone_38afc0467599bd6bfa13d53e5e4a7d2a_010.png']",0.0015126796007691734
telephone,telephone_train_c1,telephone_c1_train_ab2cdd82bc69255f1fc489fbdec3fa1_0,0,"['telephone_17072ff9ec47bfadc3fd2392bc923b2f_012.png', 'telephone_ab2cdd82bc69255f1fc489fbdec3fa1_013.png', 'telephone_ab2cdd82bc69255f1fc489fbdec3fa1_001.png']",0.02550394302238157
telephone,telephone_train_c1,telephone_c1_train_ab2cdd82bc69255f1fc489fbdec3fa1_1,2,"['telephone_ab2cdd82bc69255f1fc489fbdec3fa1_002.png', 'telephone_ab2cdd82bc69255f1fc489fbdec3fa1_008.png', 'telephone_4f2b1a13f06a85961138452c33de4a3d_006.png']",0.01967335864578712
telephone,telephone_train_c1,telephone_c1_train_ab2cdd82bc69255f1fc489fbdec3fa1_2,1,"['telephone_ab2cdd82bc69255f1fc489fbdec3fa1_009.png', 'telephone_17072ff9ec47bfadc3fd2392bc923b2f_011.png', 'telephone_ab2cdd82bc69255f1fc489fbdec3fa1_012.png']",0.02550394302238157
telephone,telephone_train_c1,telephone_c1_train_541cc8b3ccf4c799502122ac3599bb74_0,0,"['telephone_80d73417fa12508d7d6b888b4eb1ac9f_005.png', 'telephone_541cc8b3ccf4c799502122ac3599bb74_014.png', 'telephone_541cc8b3ccf4c799502122ac3599bb74_008.png']",0.10190175413147762
telephone,telephone_train_c1,telephone_c1_train_541cc8b3ccf4c799502122ac3599bb74_1,0,"['telephone_80d73417fa12508d7d6b888b4eb1ac9f_008.png', 'telephone_541cc8b3ccf4c799502122ac3599bb74_003.png', 'telephone_541cc8b3ccf4c799502122ac3599bb74_014.png']",0.10190175413147762
telephone,telephone_train_c1,telephone_c1_train_541cc8b3ccf4c799502122ac3599bb74_2,1,"['telephone_541cc8b3ccf4c799502122ac3599bb74_004.png', 'telephone_4f2b1a13f06a85961138452c33de4a3d_006.png', 'telephone_541cc8b3ccf4c799502122ac3599bb74_013.png']",0.11482686376886897
telephone,telephone_train_c1,telephone_c1_train_7f55d778584ee63d2271b84575f49c3b_0,0,"['telephone_99fcfdd6edb3898a1117cb504804bf09_014.png', 'telephone_7f55d778584ee63d2271b84575f49c3b_000.png', 'telephone_7f55d778584ee63d2271b84575f49c3b_012.png']",0.09764984458819603
telephone,telephone_train_c1,telephone_c1_train_7f55d778584ee63d2271b84575f49c3b_1,0,"['telephone_99fcfdd6edb3898a1117cb504804bf09_006.png', 'telephone_7f55d778584ee63d2271b84575f49c3b_008.png', 'telephone_7f55d778584ee63d2271b84575f49c3b_010.png']",0.09764984458819603
telephone,telephone_train_c1,telephone_c1_train_7f55d778584ee63d2271b84575f49c3b_2,1,"['telephone_7f55d778584ee63d2271b84575f49c3b_005.png', 'telephone_d7ed913a3888696d289b03e5721252f3_008.png', 'telephone_7f55d778584ee63d2271b84575f49c3b_002.png']",0.11767885122736799
telephone,telephone_train_c1,telephone_c1_train_313e9b124e421a4efa9922db9b6aab31_0,0,"['telephone_38afc0467599bd6bfa13d53e5e4a7d2a_013.png', 'telephone_313e9b124e421a4efa9922db9b6aab31_002.png', 'telephone_313e9b124e421a4efa9922db9b6aab31_011.png']",0.03651633553840816
telephone,telephone_train_c1,telephone_c1_train_313e9b124e421a4efa9922db9b6aab31_1,1,"['telephone_313e9b124e421a4efa9922db9b6aab31_007.png', 'telephone_ab2cdd82bc69255f1fc489fbdec3fa1_014.png', 'telephone_313e9b124e421a4efa9922db9b6aab31_013.png']",0.03308244889667944
telephone,telephone_train_c1,telephone_c1_train_313e9b124e421a4efa9922db9b6aab31_2,1,"['telephone_313e9b124e421a4efa9922db9b6aab31_006.png', 'telephone_57245f4db78fc2be7aa291768a04b26f_014.png', 'telephone_313e9b124e421a4efa9922db9b6aab31_001.png']",0.02150270670695953
telephone,telephone_train_c1,telephone_c1_train_471a1ba8c1e1fb0a5b031707d900d7ec_0,2,"['telephone_471a1ba8c1e1fb0a5b031707d900d7ec_005.png', 'telephone_471a1ba8c1e1fb0a5b031707d900d7ec_001.png', 'telephone_313e9b124e421a4efa9922db9b6aab31_006.png']",0.09777072428427802
telephone,telephone_train_c1,telephone_c1_train_471a1ba8c1e1fb0a5b031707d900d7ec_1,0,"['telephone_49a51e66314253d3f2a0433fb7c53e0f_011.png', 'telephone_471a1ba8c1e1fb0a5b031707d900d7ec_010.png', 'telephone_471a1ba8c1e1fb0a5b031707d900d7ec_004.png']",0.07171994353886457
telephone,telephone_train_c1,telephone_c1_train_471a1ba8c1e1fb0a5b031707d900d7ec_2,0,"['telephone_313e9b124e421a4efa9922db9b6aab31_011.png', 'telephone_471a1ba8c1e1fb0a5b031707d900d7ec_010.png', 'telephone_471a1ba8c1e1fb0a5b031707d900d7ec_013.png']",0.09777072428427802
telephone,telephone_train_c1,telephone_c1_train_57245f4db78fc2be7aa291768a04b26f_0,0,"['telephone_ab2cdd82bc69255f1fc489fbdec3fa1_011.png', 'telephone_57245f4db78fc2be7aa291768a04b26f_008.png', 'telephone_57245f4db78fc2be7aa291768a04b26f_000.png']",0.02692159236682834
telephone,telephone_train_c1,telephone_c1_train_57245f4db78fc2be7aa291768a04b26f_1,2,"['telephone_57245f4db78fc2be7aa291768a04b26f_009.png', 'telephone_57245f4db78fc2be7aa291768a04b26f_010.png', 'telephone_313e9b124e421a4efa9922db9b6aab31_000.png']",0.02150270670695953
telephone,telephone_train_c1,telephone_c1_train_57245f4db78fc2be7aa291768a04b26f_2,1,"['telephone_57245f4db78fc2be7aa291768a04b26f_010.png', 'telephone_313e9b124e421a4efa9922db9b6aab31_005.png', 'telephone_57245f4db78fc2be7aa291768a04b26f_013.png']",0.02150270670695953
telephone,telephone_train_c1,telephone_c1_train_d61ddb57397143e38d03482ac0270137_0,0,"['telephone_60193289e8d9689b62f6b877265e2679_006.png', 'telephone_d61ddb57397143e38d03482ac0270137_005.png', 'telephone_d61ddb57397143e38d03482ac0270137_003.png']",0.12265410147116662
telephone,telephone_train_c1,telephone_c1_train_d61ddb57397143e38d03482ac0270137_1,2,"['telephone_d61ddb57397143e38d03482ac0270137_006.png', 'telephone_d61ddb57397143e38d03482ac0270137_010.png', 'telephone_1847d3782970e60679510444cc61f839_014.png']",0.10277479603484818
telephone,telephone_train_c1,telephone_c1_train_d61ddb57397143e38d03482ac0270137_2,2,"['telephone_d61ddb57397143e38d03482ac0270137_000.png', 'telephone_d61ddb57397143e38d03482ac0270137_006.png', 'telephone_1847d3782970e60679510444cc61f839_010.png']",0.10277479603484818
telephone,telephone_train_c1,telephone_c1_train_3ef3e3008fd2696ca1033de17902ec9b_0,0,"['telephone_60193289e8d9689b62f6b877265e2679_014.png', 'telephone_3ef3e3008fd2696ca1033de17902ec9b_011.png', 'telephone_3ef3e3008fd2696ca1033de17902ec9b_008.png']",0.1696966731811249
telephone,telephone_train_c1,telephone_c1_train_3ef3e3008fd2696ca1033de17902ec9b_1,0,"['telephone_99fcfdd6edb3898a1117cb504804bf09_011.png', 'telephone_3ef3e3008fd2696ca1033de17902ec9b_011.png', 'telephone_3ef3e3008fd2696ca1033de17902ec9b_012.png']",0.17590492744512343
telephone,telephone_train_c1,telephone_c1_train_3ef3e3008fd2696ca1033de17902ec9b_2,1,"['telephone_3ef3e3008fd2696ca1033de17902ec9b_008.png', 'telephone_7f55d778584ee63d2271b84575f49c3b_002.png', 'telephone_3ef3e3008fd2696ca1033de17902ec9b_000.png']",0.18330333300627732
telephone,telephone_train_c1,telephone_c1_train_177a44b5e36fe9856e10bfa9f3e32b96_0,1,"['telephone_177a44b5e36fe9856e10bfa9f3e32b96_011.png', 'telephone_3ef3e3008fd2696ca1033de17902ec9b_002.png', 'telephone_177a44b5e36fe9856e10bfa9f3e32b96_005.png']",0.27928182277924296
telephone,telephone_train_c1,telephone_c1_train_177a44b5e36fe9856e10bfa9f3e32b96_1,1,"['telephone_177a44b5e36fe9856e10bfa9f3e32b96_010.png', 'telephone_99fcfdd6edb3898a1117cb504804bf09_002.png', 'telephone_177a44b5e36fe9856e10bfa9f3e32b96_008.png']",0.3000653043910271
telephone,telephone_train_c1,telephone_c1_train_177a44b5e36fe9856e10bfa9f3e32b96_2,1,"['telephone_177a44b5e36fe9856e10bfa9f3e32b96_003.png', 'telephone_f77811bd35b9215dfd06b6d6f44d62dc_005.png', 'telephone_177a44b5e36fe9856e10bfa9f3e32b96_009.png']",0.2439875826457889
telephone,telephone_train_c1,telephone_c1_train_17072ff9ec47bfadc3fd2392bc923b2f_0,1,"['telephone_17072ff9ec47bfadc3fd2392bc923b2f_006.png', 'telephone_ab2cdd82bc69255f1fc489fbdec3fa1_014.png', 'telephone_17072ff9ec47bfadc3fd2392bc923b2f_013.png']",0.02550394302238157
telephone,telephone_train_c1,telephone_c1_train_17072ff9ec47bfadc3fd2392bc923b2f_1,1,"['telephone_17072ff9ec47bfadc3fd2392bc923b2f_011.png', 'telephone_d7ed913a3888696d289b03e5721252f3_011.png', 'telephone_17072ff9ec47bfadc3fd2392bc923b2f_005.png']",0.016619872691108983
telephone,telephone_train_c1,telephone_c1_train_17072ff9ec47bfadc3fd2392bc923b2f_2,0,"['telephone_57245f4db78fc2be7aa291768a04b26f_013.png', 'telephone_17072ff9ec47bfadc3fd2392bc923b2f_013.png', 'telephone_17072ff9ec47bfadc3fd2392bc923b2f_010.png']",0.021610863007362147
telephone,telephone_train_c1,telephone_c1_train_99fcfdd6edb3898a1117cb504804bf09_0,0,"['telephone_17072ff9ec47bfadc3fd2392bc923b2f_013.png', 'telephone_99fcfdd6edb3898a1117cb504804bf09_010.png', 'telephone_99fcfdd6edb3898a1117cb504804bf09_007.png']",0.0755194779485624
telephone,telephone_train_c1,telephone_c1_train_99fcfdd6edb3898a1117cb504804bf09_1,1,"['telephone_99fcfdd6edb3898a1117cb504804bf09_010.png', 'telephone_4f2b1a13f06a85961138452c33de4a3d_006.png', 'telephone_99fcfdd6edb3898a1117cb504804bf09_004.png']",0.06849731637655687
telephone,telephone_train_c1,telephone_c1_train_99fcfdd6edb3898a1117cb504804bf09_2,0,"['telephone_ab2cdd82bc69255f1fc489fbdec3fa1_004.png', 'telephone_99fcfdd6edb3898a1117cb504804bf09_010.png', 'telephone_99fcfdd6edb3898a1117cb504804bf09_005.png']",0.07070499677678499
telephone,telephone_train_c1,telephone_c1_train_f77811bd35b9215dfd06b6d6f44d62dc_0,0,"['telephone_99fcfdd6edb3898a1117cb504804bf09_005.png', 'telephone_f77811bd35b9215dfd06b6d6f44d62dc_001.png', 'telephone_f77811bd35b9215dfd06b6d6f44d62dc_005.png']",0.27189724072936117
telephone,telephone_train_c1,telephone_c1_train_f77811bd35b9215dfd06b6d6f44d62dc_1,0,"['telephone_4f2919438ca46d8de8d8ad3bdef6aca2_005.png', 'telephone_f77811bd35b9215dfd06b6d6f44d62dc_000.png', 'telephone_f77811bd35b9215dfd06b6d6f44d62dc_008.png']",0.3235710641504347
telephone,telephone_train_c1,telephone_c1_train_f77811bd35b9215dfd06b6d6f44d62dc_2,1,"['telephone_f77811bd35b9215dfd06b6d6f44d62dc_012.png', 'telephone_7f55d778584ee63d2271b84575f49c3b_011.png', 'telephone_f77811bd35b9215dfd06b6d6f44d62dc_006.png']",0.2024216283138982
telephone,telephone_train_c1,telephone_c1_train_60193289e8d9689b62f6b877265e2679_0,2,"['telephone_60193289e8d9689b62f6b877265e2679_000.png', 'telephone_60193289e8d9689b62f6b877265e2679_005.png', 'telephone_471a1ba8c1e1fb0a5b031707d900d7ec_007.png']",0.034522450011057915
telephone,telephone_train_c1,telephone_c1_train_60193289e8d9689b62f6b877265e2679_1,1,"['telephone_60193289e8d9689b62f6b877265e2679_005.png', 'telephone_1847d3782970e60679510444cc61f839_004.png', 'telephone_60193289e8d9689b62f6b877265e2679_001.png']",0.050583639857183726
telephone,telephone_train_c1,telephone_c1_train_60193289e8d9689b62f6b877265e2679_2,1,"['telephone_60193289e8d9689b62f6b877265e2679_014.png', 'telephone_ab2cdd82bc69255f1fc489fbdec3fa1_007.png', 'telephone_60193289e8d9689b62f6b877265e2679_000.png']",0.08774536661716281
telephone,telephone_train_c1,telephone_c1_train_e06b902efc1576c62fd4061aba358325_0,2,"['telephone_e06b902efc1576c62fd4061aba358325_003.png', 'telephone_e06b902efc1576c62fd4061aba358325_011.png', 'telephone_d7ed913a3888696d289b03e5721252f3_007.png']",0.09914773767321472
telephone,telephone_train_c1,telephone_c1_train_e06b902efc1576c62fd4061aba358325_1,1,"['telephone_e06b902efc1576c62fd4061aba358325_011.png', 'telephone_d7ed913a3888696d289b03e5721252f3_002.png', 'telephone_e06b902efc1576c62fd4061aba358325_006.png']",0.09914773767321472
telephone,telephone_train_c1,telephone_c1_train_e06b902efc1576c62fd4061aba358325_2,0,"['telephone_4f2919438ca46d8de8d8ad3bdef6aca2_001.png', 'telephone_e06b902efc1576c62fd4061aba358325_002.png', 'telephone_e06b902efc1576c62fd4061aba358325_013.png']",0.10342080926738795
telephone,telephone_train_c1,telephone_c1_train_4f2919438ca46d8de8d8ad3bdef6aca2_0,2,"['telephone_4f2919438ca46d8de8d8ad3bdef6aca2_003.png', 'telephone_4f2919438ca46d8de8d8ad3bdef6aca2_010.png', 'telephone_4f2b1a13f06a85961138452c33de4a3d_008.png']",0.018028478138896742
telephone,telephone_train_c1,telephone_c1_train_4f2919438ca46d8de8d8ad3bdef6aca2_1,2,"['telephone_4f2919438ca46d8de8d8ad3bdef6aca2_013.png', 'telephone_4f2919438ca46d8de8d8ad3bdef6aca2_014.png', 'telephone_4f2b1a13f06a85961138452c33de4a3d_011.png']",0.018028478138896742
telephone,telephone_train_c1,telephone_c1_train_4f2919438ca46d8de8d8ad3bdef6aca2_2,0,"['telephone_38afc0467599bd6bfa13d53e5e4a7d2a_005.png', 'telephone_4f2919438ca46d8de8d8ad3bdef6aca2_003.png', 'telephone_4f2919438ca46d8de8d8ad3bdef6aca2_012.png']",0.0354213649834656
telephone,telephone_train_c1,telephone_c1_train_237b8445c70b1749ce2eca356a0e3474_0,1,"['telephone_237b8445c70b1749ce2eca356a0e3474_003.png', 'telephone_19bb5e75692793fd45df661aef5d0a33_000.png', 'telephone_237b8445c70b1749ce2eca356a0e3474_012.png']",0.14817412768982108
telephone,telephone_train_c1,telephone_c1_train_237b8445c70b1749ce2eca356a0e3474_1,1,"['telephone_237b8445c70b1749ce2eca356a0e3474_012.png', 'telephone_38afc0467599bd6bfa13d53e5e4a7d2a_011.png', 'telephone_237b8445c70b1749ce2eca356a0e3474_008.png']",0.15473374944506335
telephone,telephone_train_c1,telephone_c1_train_237b8445c70b1749ce2eca356a0e3474_2,1,"['telephone_237b8445c70b1749ce2eca356a0e3474_002.png', 'telephone_19bb5e75692793fd45df661aef5d0a33_002.png', 'telephone_237b8445c70b1749ce2eca356a0e3474_013.png']",0.14817412768982108
telephone,telephone_train_c1,telephone_c1_train_1847d3782970e60679510444cc61f839_0,1,"['telephone_1847d3782970e60679510444cc61f839_013.png', 'telephone_2435be698167b2167120841458f79dbe_009.png', 'telephone_1847d3782970e60679510444cc61f839_005.png']",0.007118328326243151
telephone,telephone_train_c1,telephone_c1_train_1847d3782970e60679510444cc61f839_1,2,"['telephone_1847d3782970e60679510444cc61f839_011.png', 'telephone_1847d3782970e60679510444cc61f839_006.png', 'telephone_49a51e66314253d3f2a0433fb7c53e0f_011.png']",0.018769314922373548
telephone,telephone_train_c1,telephone_c1_train_1847d3782970e60679510444cc61f839_2,1,"['telephone_1847d3782970e60679510444cc61f839_008.png', 'telephone_471a1ba8c1e1fb0a5b031707d900d7ec_003.png', 'telephone_1847d3782970e60679510444cc61f839_002.png']",0.033959787471586345
telephone,telephone_train_c1,telephone_c1_train_49a51e66314253d3f2a0433fb7c53e0f_0,1,"['telephone_49a51e66314253d3f2a0433fb7c53e0f_012.png', 'telephone_38afc0467599bd6bfa13d53e5e4a7d2a_013.png', 'telephone_49a51e66314253d3f2a0433fb7c53e0f_014.png']",0.03491081880236535
telephone,telephone_train_c1,telephone_c1_train_49a51e66314253d3f2a0433fb7c53e0f_1,2,"['telephone_49a51e66314253d3f2a0433fb7c53e0f_003.png', 'telephone_49a51e66314253d3f2a0433fb7c53e0f_006.png', 'telephone_313e9b124e421a4efa9922db9b6aab31_012.png']",0.02372354670646415
telephone,telephone_train_c1,telephone_c1_train_49a51e66314253d3f2a0433fb7c53e0f_2,0,"['telephone_19bb5e75692793fd45df661aef5d0a33_013.png', 'telephone_49a51e66314253d3f2a0433fb7c53e0f_007.png', 'telephone_49a51e66314253d3f2a0433fb7c53e0f_004.png']",0.024490306846052357
telephone,telephone_train_c2,telephone_c2_train_774bec08bd534dd28a1687774f473322_0,1,"['telephone_774bec08bd534dd28a1687774f473322_000.png', 'telephone_2278cc8b5a50421613fcb9cbc590fba_003.png', 'telephone_774bec08bd534dd28a1687774f473322_003.png']",0.20789594939219758
telephone,telephone_train_c2,telephone_c2_train_774bec08bd534dd28a1687774f473322_1,2,"['telephone_774bec08bd534dd28a1687774f473322_004.png', 'telephone_774bec08bd534dd28a1687774f473322_013.png', 'telephone_52494d36a6d136f6b34ae4286be3d813_002.png']",0.2196599299160379
telephone,telephone_train_c2,telephone_c2_train_774bec08bd534dd28a1687774f473322_2,0,"['telephone_2278cc8b5a50421613fcb9cbc590fba_002.png', 'telephone_774bec08bd534dd28a1687774f473322_010.png', 'telephone_774bec08bd534dd28a1687774f473322_004.png']",0.20789594939219758
telephone,telephone_train_c2,telephone_c2_train_bef91c1804ec226e5b1c02ea3a290822_0,1,"['telephone_bef91c1804ec226e5b1c02ea3a290822_002.png', 'telephone_98f0a229291ea982d670fbfea4c122db_001.png', 'telephone_bef91c1804ec226e5b1c02ea3a290822_009.png']",0.03275544862742519
telephone,telephone_train_c2,telephone_c2_train_bef91c1804ec226e5b1c02ea3a290822_1,1,"['telephone_bef91c1804ec226e5b1c02ea3a290822_006.png', 'telephone_2682cb34e7db8735bdc7fd7cf135ade2_007.png', 'telephone_bef91c1804ec226e5b1c02ea3a290822_012.png']",0.01751113540351623
telephone,telephone_train_c2,telephone_c2_train_bef91c1804ec226e5b1c02ea3a290822_2,2,"['telephone_bef91c1804ec226e5b1c02ea3a290822_012.png', 'telephone_bef91c1804ec226e5b1c02ea3a290822_004.png', 'telephone_f760cdb0f8cbc6fa3c28e819722231b4_014.png']",0.012529978826647081
telephone,telephone_train_c2,telephone_c2_train_738e377ef785ee92d3429357dd0adcaa_0,0,"['telephone_2682cb34e7db8735bdc7fd7cf135ade2_012.png', 'telephone_738e377ef785ee92d3429357dd0adcaa_012.png', 'telephone_738e377ef785ee92d3429357dd0adcaa_006.png']",0.1812143362330747
telephone,telephone_train_c2,telephone_c2_train_738e377ef785ee92d3429357dd0adcaa_1,1,"['telephone_738e377ef785ee92d3429357dd0adcaa_001.png', 'telephone_5cf5bbb8f745033195c9a4bc0e92777e_010.png', 'telephone_738e377ef785ee92d3429357dd0adcaa_004.png']",0.13262592059280787
telephone,telephone_train_c2,telephone_c2_train_738e377ef785ee92d3429357dd0adcaa_2,1,"['telephone_738e377ef785ee92d3429357dd0adcaa_002.png', 'telephone_b21610e986fa4c9c7cef36fa43392c52_013.png', 'telephone_738e377ef785ee92d3429357dd0adcaa_010.png']",0.1574587168309406
telephone,telephone_train_c2,telephone_c2_train_e7bb86cd04cfd98758f1d9dcdcb62d55_0,1,"['telephone_e7bb86cd04cfd98758f1d9dcdcb62d55_000.png', 'telephone_609321c1351a955c1e1f8455cdf1c0bb_001.png', 'telephone_e7bb86cd04cfd98758f1d9dcdcb62d55_013.png']",0.02550664166534289
telephone,telephone_train_c2,telephone_c2_train_e7bb86cd04cfd98758f1d9dcdcb62d55_1,1,"['telephone_e7bb86cd04cfd98758f1d9dcdcb62d55_010.png', 'telephone_c145f0b0f18d4afe99aee91747c9768_003.png', 'telephone_e7bb86cd04cfd98758f1d9dcdcb62d55_006.png']",0.024023379454218285
telephone,telephone_train_c2,telephone_c2_train_e7bb86cd04cfd98758f1d9dcdcb62d55_2,1,"['telephone_e7bb86cd04cfd98758f1d9dcdcb62d55_001.png', 'telephone_f760cdb0f8cbc6fa3c28e819722231b4_002.png', 'telephone_e7bb86cd04cfd98758f1d9dcdcb62d55_006.png']",0.017311796978034866
telephone,telephone_train_c2,telephone_c2_train_b21610e986fa4c9c7cef36fa43392c52_0,2,"['telephone_b21610e986fa4c9c7cef36fa43392c52_004.png', 'telephone_b21610e986fa4c9c7cef36fa43392c52_010.png', 'telephone_8b08eb5ebea05e49a3ed2b429444c197_011.png']",0.02919374416694287
telephone,telephone_train_c2,telephone_c2_train_b21610e986fa4c9c7cef36fa43392c52_1,1,"['telephone_b21610e986fa4c9c7cef36fa43392c52_006.png', 'telephone_8b08eb5ebea05e49a3ed2b429444c197_005.png', 'telephone_b21610e986fa4c9c7cef36fa43392c52_007.png']",0.02919374416694287
telephone,telephone_train_c2,telephone_c2_train_b21610e986fa4c9c7cef36fa43392c52_2,1,"['telephone_b21610e986fa4c9c7cef36fa43392c52_010.png', 'telephone_ba21b515df2f8a8f19db431d2a67219_005.png', 'telephone_b21610e986fa4c9c7cef36fa43392c52_008.png']",0.007569677564391752
telephone,telephone_train_c2,telephone_c2_train_234d1646b21fd765ee45e1eced971f52_0,1,"['telephone_234d1646b21fd765ee45e1eced971f52_004.png', 'telephone_bef91c1804ec226e5b1c02ea3a290822_007.png', 'telephone_234d1646b21fd765ee45e1eced971f52_005.png']",0.016598546634982392
telephone,telephone_train_c2,telephone_c2_train_234d1646b21fd765ee45e1eced971f52_1,1,"['telephone_234d1646b21fd765ee45e1eced971f52_007.png', 'telephone_f760cdb0f8cbc6fa3c28e819722231b4_011.png', 'telephone_234d1646b21fd765ee45e1eced971f52_013.png']",0.03978079949821367
telephone,telephone_train_c2,telephone_c2_train_234d1646b21fd765ee45e1eced971f52_2,1,"['telephone_234d1646b21fd765ee45e1eced971f52_010.png', 'telephone_bef91c1804ec226e5b1c02ea3a290822_014.png', 'telephone_234d1646b21fd765ee45e1eced971f52_009.png']",0.016598546634982392
telephone,telephone_train_c2,telephone_c2_train_84cff93cb8ed08e55acbb5d30672759_0,2,"['telephone_84cff93cb8ed08e55acbb5d30672759_009.png', 'telephone_84cff93cb8ed08e55acbb5d30672759_007.png', 'telephone_774bec08bd534dd28a1687774f473322_002.png']",0.32502255068985375
telephone,telephone_train_c2,telephone_c2_train_84cff93cb8ed08e55acbb5d30672759_1,1,"['telephone_84cff93cb8ed08e55acbb5d30672759_006.png', 'telephone_2278cc8b5a50421613fcb9cbc590fba_007.png', 'telephone_84cff93cb8ed08e55acbb5d30672759_001.png']",0.36264701563326607
telephone,telephone_train_c2,telephone_c2_train_84cff93cb8ed08e55acbb5d30672759_2,0,"['telephone_271bc457eb5f8f4d2bcf2225e929a245_008.png', 'telephone_84cff93cb8ed08e55acbb5d30672759_003.png', 'telephone_84cff93cb8ed08e55acbb5d30672759_009.png']",0.3838640526377809
telephone,telephone_train_c2,telephone_c2_train_ff8676e76a0fd471fc115be4ff5cfb9e_0,0,"['telephone_234d1646b21fd765ee45e1eced971f52_007.png', 'telephone_ff8676e76a0fd471fc115be4ff5cfb9e_000.png', 'telephone_ff8676e76a0fd471fc115be4ff5cfb9e_002.png']",0.07625250119766336
telephone,telephone_train_c2,telephone_c2_train_ff8676e76a0fd471fc115be4ff5cfb9e_1,0,"['telephone_234d1646b21fd765ee45e1eced971f52_010.png', 'telephone_ff8676e76a0fd471fc115be4ff5cfb9e_012.png', 'telephone_ff8676e76a0fd471fc115be4ff5cfb9e_004.png']",0.07625250119766336
telephone,telephone_train_c2,telephone_c2_train_ff8676e76a0fd471fc115be4ff5cfb9e_2,2,"['telephone_ff8676e76a0fd471fc115be4ff5cfb9e_000.png', 'telephone_ff8676e76a0fd471fc115be4ff5cfb9e_008.png', 'telephone_ce0ad218c6b19e76e7eb1b9b386befd_003.png']",0.1350312938467474
telephone,telephone_train_c2,telephone_c2_train_98f0a229291ea982d670fbfea4c122db_0,0,"['telephone_b21610e986fa4c9c7cef36fa43392c52_007.png', 'telephone_98f0a229291ea982d670fbfea4c122db_004.png', 'telephone_98f0a229291ea982d670fbfea4c122db_003.png']",0.05381535887058042
telephone,telephone_train_c2,telephone_c2_train_98f0a229291ea982d670fbfea4c122db_1,1,"['telephone_98f0a229291ea982d670fbfea4c122db_005.png', 'telephone_2682cb34e7db8735bdc7fd7cf135ade2_007.png', 'telephone_98f0a229291ea982d670fbfea4c122db_011.png']",0.030712791213456048
telephone,telephone_train_c2,telephone_c2_train_98f0a229291ea982d670fbfea4c122db_2,0,"['telephone_ce0ad218c6b19e76e7eb1b9b386befd_006.png', 'telephone_98f0a229291ea982d670fbfea4c122db_001.png', 'telephone_98f0a229291ea982d670fbfea4c122db_008.png']",0.04385626944654197
telephone,telephone_train_c2,telephone_c2_train_8e9c97d54060d1282085d549612807d7_0,0,"['telephone_271bc457eb5f8f4d2bcf2225e929a245_013.png', 'telephone_8e9c97d54060d1282085d549612807d7_009.png', 'telephone_8e9c97d54060d1282085d549612807d7_012.png']",0.01579461752683531
telephone,telephone_train_c2,telephone_c2_train_8e9c97d54060d1282085d549612807d7_1,1,"['telephone_8e9c97d54060d1282085d549612807d7_012.png', 'telephone_271bc457eb5f8f4d2bcf2225e929a245_012.png', 'telephone_8e9c97d54060d1282085d549612807d7_010.png']",0.01579461752683531
telephone,telephone_train_c2,telephone_c2_train_8e9c97d54060d1282085d549612807d7_2,2,"['telephone_8e9c97d54060d1282085d549612807d7_007.png', 'telephone_8e9c97d54060d1282085d549612807d7_013.png', 'telephone_271bc457eb5f8f4d2bcf2225e929a245_010.png']",0.01579461752683531
telephone,telephone_train_c2,telephone_c2_train_f760cdb0f8cbc6fa3c28e819722231b4_0,2,"['telephone_f760cdb0f8cbc6fa3c28e819722231b4_012.png', 'telephone_f760cdb0f8cbc6fa3c28e819722231b4_004.png', 'telephone_609321c1351a955c1e1f8455cdf1c0bb_011.png']",0.0230831057146913
telephone,telephone_train_c2,telephone_c2_train_f760cdb0f8cbc6fa3c28e819722231b4_1,1,"['telephone_f760cdb0f8cbc6fa3c28e819722231b4_006.png', 'telephone_bef91c1804ec226e5b1c02ea3a290822_014.png', 'telephone_f760cdb0f8cbc6fa3c28e819722231b4_005.png']",0.012529978826647081
telephone,telephone_train_c2,telephone_c2_train_f760cdb0f8cbc6fa3c28e819722231b4_2,0,"['telephone_609321c1351a955c1e1f8455cdf1c0bb_005.png', 'telephone_f760cdb0f8cbc6fa3c28e819722231b4_010.png', 'telephone_f760cdb0f8cbc6fa3c28e819722231b4_009.png']",0.0230831057146913
telephone,telephone_train_c2,telephone_c2_train_609321c1351a955c1e1f8455cdf1c0bb_0,0,"['telephone_e7bb86cd04cfd98758f1d9dcdcb62d55_001.png', 'telephone_609321c1351a955c1e1f8455cdf1c0bb_013.png', 'telephone_609321c1351a955c1e1f8455cdf1c0bb_014.png']",0.02550664166534289
telephone,telephone_train_c2,telephone_c2_train_609321c1351a955c1e1f8455cdf1c0bb_1,0,"['telephone_e7bb86cd04cfd98758f1d9dcdcb62d55_006.png', 'telephone_609321c1351a955c1e1f8455cdf1c0bb_005.png', 'telephone_609321c1351a955c1e1f8455cdf1c0bb_013.png']",0.02550664166534289
telephone,telephone_train_c2,telephone_c2_train_609321c1351a955c1e1f8455cdf1c0bb_2,1,"['telephone_609321c1351a955c1e1f8455cdf1c0bb_001.png', 'telephone_e7bb86cd04cfd98758f1d9dcdcb62d55_001.png', 'telephone_609321c1351a955c1e1f8455cdf1c0bb_007.png']",0.02550664166534289
telephone,telephone_train_c2,telephone_c2_train_a2953e7ff6dcd4465af22172f09754fd_0,0,"['telephone_8b08eb5ebea05e49a3ed2b429444c197_002.png', 'telephone_a2953e7ff6dcd4465af22172f09754fd_004.png', 'telephone_a2953e7ff6dcd4465af22172f09754fd_001.png']",0.06026707895741246
telephone,telephone_train_c2,telephone_c2_train_a2953e7ff6dcd4465af22172f09754fd_1,1,"['telephone_a2953e7ff6dcd4465af22172f09754fd_002.png', 'telephone_976a8d10e8423f8d8f15e8aad14ff29e_010.png', 'telephone_a2953e7ff6dcd4465af22172f09754fd_013.png']",0.13085948338051678
telephone,telephone_train_c2,telephone_c2_train_a2953e7ff6dcd4465af22172f09754fd_2,0,"['telephone_b21610e986fa4c9c7cef36fa43392c52_003.png', 'telephone_a2953e7ff6dcd4465af22172f09754fd_003.png', 'telephone_a2953e7ff6dcd4465af22172f09754fd_013.png']",0.09392504323661921
telephone,telephone_train_c2,telephone_c2_train_5cf5bbb8f745033195c9a4bc0e92777e_0,0,"['telephone_8e9c97d54060d1282085d549612807d7_003.png', 'telephone_5cf5bbb8f745033195c9a4bc0e92777e_001.png', 'telephone_5cf5bbb8f745033195c9a4bc0e92777e_013.png']",0.118504218498792
telephone,telephone_train_c2,telephone_c2_train_5cf5bbb8f745033195c9a4bc0e92777e_1,0,"['telephone_738e377ef785ee92d3429357dd0adcaa_004.png', 'telephone_5cf5bbb8f745033195c9a4bc0e92777e_012.png', 'telephone_5cf5bbb8f745033195c9a4bc0e92777e_014.png']",0.13262592059280787
telephone,telephone_train_c2,telephone_c2_train_5cf5bbb8f745033195c9a4bc0e92777e_2,2,"['telephone_5cf5bbb8f745033195c9a4bc0e92777e_009.png', 'telephone_5cf5bbb8f745033195c9a4bc0e92777e_010.png', 'telephone_738e377ef785ee92d3429357dd0adcaa_003.png']",0.13262592059280787
telephone,telephone_train_c2,telephone_c2_train_c145f0b0f18d4afe99aee91747c9768_0,2,"['telephone_c145f0b0f18d4afe99aee91747c9768_006.png', 'telephone_c145f0b0f18d4afe99aee91747c9768_013.png', 'telephone_f760cdb0f8cbc6fa3c28e819722231b4_005.png']",0.02496522718882621
telephone,telephone_train_c2,telephone_c2_train_c145f0b0f18d4afe99aee91747c9768_1,2,"['telephone_c145f0b0f18d4afe99aee91747c9768_008.png', 'telephone_c145f0b0f18d4afe99aee91747c9768_014.png', 'telephone_f760cdb0f8cbc6fa3c28e819722231b4_003.png']",0.02496522718882621
telephone,telephone_train_c2,telephone_c2_train_c145f0b0f18d4afe99aee91747c9768_2,2,"['telephone_c145f0b0f18d4afe99aee91747c9768_011.png', 'telephone_c145f0b0f18d4afe99aee91747c9768_006.png', 'telephone_f760cdb0f8cbc6fa3c28e819722231b4_000.png']",0.02496522718882621
telephone,telephone_train_c2,telephone_c2_train_8b08eb5ebea05e49a3ed2b429444c197_0,2,"['telephone_8b08eb5ebea05e49a3ed2b429444c197_011.png', 'telephone_8b08eb5ebea05e49a3ed2b429444c197_000.png', 'telephone_ce0ad218c6b19e76e7eb1b9b386befd_002.png']",0.05728353095892358
telephone,telephone_train_c2,telephone_c2_train_8b08eb5ebea05e49a3ed2b429444c197_1,1,"['telephone_8b08eb5ebea05e49a3ed2b429444c197_010.png', 'telephone_b21610e986fa4c9c7cef36fa43392c52_014.png', 'telephone_8b08eb5ebea05e49a3ed2b429444c197_006.png']",0.02919374416694287
telephone,telephone_train_c2,telephone_c2_train_8b08eb5ebea05e49a3ed2b429444c197_2,1,"['telephone_8b08eb5ebea05e49a3ed2b429444c197_006.png', 'telephone_ba21b515df2f8a8f19db431d2a67219_008.png', 'telephone_8b08eb5ebea05e49a3ed2b429444c197_013.png']",0.015650988291268875
telephone,telephone_train_c2,telephone_c2_train_ce0ad218c6b19e76e7eb1b9b386befd_0,2,"['telephone_ce0ad218c6b19e76e7eb1b9b386befd_013.png', 'telephone_ce0ad218c6b19e76e7eb1b9b386befd_007.png', 'telephone_8b08eb5ebea05e49a3ed2b429444c197_003.png']",0.05728353095892358
telephone,telephone_train_c2,telephone_c2_train_ce0ad218c6b19e76e7eb1b9b386befd_1,0,"['telephone_ba21b515df2f8a8f19db431d2a67219_005.png', 'telephone_ce0ad218c6b19e76e7eb1b9b386befd_008.png', 'telephone_ce0ad218c6b19e76e7eb1b9b386befd_006.png']",0.024547764641325687
telephone,telephone_train_c2,telephone_c2_train_ce0ad218c6b19e76e7eb1b9b386befd_2,2,"['telephone_ce0ad218c6b19e76e7eb1b9b386befd_002.png', 'telephone_ce0ad218c6b19e76e7eb1b9b386befd_003.png', 'telephone_b21610e986fa4c9c7cef36fa43392c52_006.png']",0.031128854944243778
telephone,telephone_train_c2,telephone_c2_train_2682cb34e7db8735bdc7fd7cf135ade2_0,1,"['telephone_2682cb34e7db8735bdc7fd7cf135ade2_003.png', 'telephone_234d1646b21fd765ee45e1eced971f52_004.png', 'telephone_2682cb34e7db8735bdc7fd7cf135ade2_001.png']",0.039759588530668966
telephone,telephone_train_c2,telephone_c2_train_2682cb34e7db8735bdc7fd7cf135ade2_1,2,"['telephone_2682cb34e7db8735bdc7fd7cf135ade2_002.png', 'telephone_2682cb34e7db8735bdc7fd7cf135ade2_014.png', 'telephone_234d1646b21fd765ee45e1eced971f52_009.png']",0.039759588530668966
telephone,telephone_train_c2,telephone_c2_train_2682cb34e7db8735bdc7fd7cf135ade2_2,2,"['telephone_2682cb34e7db8735bdc7fd7cf135ade2_014.png', 'telephone_2682cb34e7db8735bdc7fd7cf135ade2_002.png', 'telephone_f760cdb0f8cbc6fa3c28e819722231b4_008.png']",0.023424088347369976
telephone,telephone_train_c2,telephone_c2_train_f4eda7905f55d1b382476058422e4a4d_0,0,"['telephone_8e9c97d54060d1282085d549612807d7_008.png', 'telephone_f4eda7905f55d1b382476058422e4a4d_000.png', 'telephone_f4eda7905f55d1b382476058422e4a4d_006.png']",0.04807640377579303
telephone,telephone_train_c2,telephone_c2_train_f4eda7905f55d1b382476058422e4a4d_1,0,"['telephone_609321c1351a955c1e1f8455cdf1c0bb_006.png', 'telephone_f4eda7905f55d1b382476058422e4a4d_009.png', 'telephone_f4eda7905f55d1b382476058422e4a4d_002.png']",0.037493134959528995
telephone,telephone_train_c2,telephone_c2_train_f4eda7905f55d1b382476058422e4a4d_2,2,"['telephone_f4eda7905f55d1b382476058422e4a4d_014.png', 'telephone_f4eda7905f55d1b382476058422e4a4d_012.png', 'telephone_271bc457eb5f8f4d2bcf2225e929a245_005.png']",0.04624591108077036
telephone,telephone_train_c2,telephone_c2_train_976a8d10e8423f8d8f15e8aad14ff29e_0,0,"['telephone_8e9c97d54060d1282085d549612807d7_006.png', 'telephone_976a8d10e8423f8d8f15e8aad14ff29e_000.png', 'telephone_976a8d10e8423f8d8f15e8aad14ff29e_013.png']",0.022670936658392482
telephone,telephone_train_c2,telephone_c2_train_976a8d10e8423f8d8f15e8aad14ff29e_1,0,"['telephone_271bc457eb5f8f4d2bcf2225e929a245_004.png', 'telephone_976a8d10e8423f8d8f15e8aad14ff29e_012.png', 'telephone_976a8d10e8423f8d8f15e8aad14ff29e_006.png']",0.008923677971674038
telephone,telephone_train_c2,telephone_c2_train_976a8d10e8423f8d8f15e8aad14ff29e_2,0,"['telephone_271bc457eb5f8f4d2bcf2225e929a245_006.png', 'telephone_976a8d10e8423f8d8f15e8aad14ff29e_014.png', 'telephone_976a8d10e8423f8d8f15e8aad14ff29e_007.png']",0.008923677971674038
telephone,telephone_train_c2,telephone_c2_train_ba21b515df2f8a8f19db431d2a67219_0,1,"['telephone_ba21b515df2f8a8f19db431d2a67219_000.png', 'telephone_ce0ad218c6b19e76e7eb1b9b386befd_005.png', 'telephone_ba21b515df2f8a8f19db431d2a67219_001.png']",0.024547764641325687
telephone,telephone_train_c2,telephone_c2_train_ba21b515df2f8a8f19db431d2a67219_1,2,"['telephone_ba21b515df2f8a8f19db431d2a67219_008.png', 'telephone_ba21b515df2f8a8f19db431d2a67219_013.png', 'telephone_8b08eb5ebea05e49a3ed2b429444c197_001.png']",0.015650988291268875
telephone,telephone_train_c2,telephone_c2_train_ba21b515df2f8a8f19db431d2a67219_2,0,"['telephone_98f0a229291ea982d670fbfea4c122db_002.png', 'telephone_ba21b515df2f8a8f19db431d2a67219_012.png', 'telephone_ba21b515df2f8a8f19db431d2a67219_000.png']",0.05701399788671235
telephone,telephone_train_c2,telephone_c2_train_d932fb5d06d5e4f8da8c8a88ff86c5a7_0,2,"['telephone_d932fb5d06d5e4f8da8c8a88ff86c5a7_001.png', 'telephone_d932fb5d06d5e4f8da8c8a88ff86c5a7_005.png', 'telephone_f4eda7905f55d1b382476058422e4a4d_005.png']",0.04859981602302932
telephone,telephone_train_c2,telephone_c2_train_d932fb5d06d5e4f8da8c8a88ff86c5a7_1,0,"['telephone_609321c1351a955c1e1f8455cdf1c0bb_000.png', 'telephone_d932fb5d06d5e4f8da8c8a88ff86c5a7_005.png', 'telephone_d932fb5d06d5e4f8da8c8a88ff86c5a7_001.png']",0.05262476887157952
telephone,telephone_train_c2,telephone_c2_train_d932fb5d06d5e4f8da8c8a88ff86c5a7_2,0,"['telephone_8e9c97d54060d1282085d549612807d7_005.png', 'telephone_d932fb5d06d5e4f8da8c8a88ff86c5a7_014.png', 'telephone_d932fb5d06d5e4f8da8c8a88ff86c5a7_011.png']",0.09831826578927705
telephone,telephone_train_c2,telephone_c2_train_52494d36a6d136f6b34ae4286be3d813_0,0,"['telephone_8e9c97d54060d1282085d549612807d7_011.png', 'telephone_52494d36a6d136f6b34ae4286be3d813_010.png', 'telephone_52494d36a6d136f6b34ae4286be3d813_002.png']",0.014461903053544667
telephone,telephone_train_c2,telephone_c2_train_52494d36a6d136f6b34ae4286be3d813_1,1,"['telephone_52494d36a6d136f6b34ae4286be3d813_007.png', 'telephone_2278cc8b5a50421613fcb9cbc590fba_012.png', 'telephone_52494d36a6d136f6b34ae4286be3d813_009.png']",0.015595068601919282
telephone,telephone_train_c2,telephone_c2_train_52494d36a6d136f6b34ae4286be3d813_2,2,"['telephone_52494d36a6d136f6b34ae4286be3d813_001.png', 'telephone_52494d36a6d136f6b34ae4286be3d813_011.png', 'telephone_f4eda7905f55d1b382476058422e4a4d_007.png']",0.05585359777909826
telephone,telephone_train_c2,telephone_c2_train_2278cc8b5a50421613fcb9cbc590fba_0,0,"['telephone_976a8d10e8423f8d8f15e8aad14ff29e_001.png', 'telephone_2278cc8b5a50421613fcb9cbc590fba_011.png', 'telephone_2278cc8b5a50421613fcb9cbc590fba_006.png']",0.021534073949320276
telephone,telephone_train_c2,telephone_c2_train_2278cc8b5a50421613fcb9cbc590fba_1,2,"['telephone_2278cc8b5a50421613fcb9cbc590fba_000.png', 'telephone_2278cc8b5a50421613fcb9cbc590fba_012.png', 'telephone_271bc457eb5f8f4d2bcf2225e929a245_005.png']",0.010747616907493485
telephone,telephone_train_c2,telephone_c2_train_2278cc8b5a50421613fcb9cbc590fba_2,0,"['telephone_52494d36a6d136f6b34ae4286be3d813_009.png', 'telephone_2278cc8b5a50421613fcb9cbc590fba_002.png', 'telephone_2278cc8b5a50421613fcb9cbc590fba_004.png']",0.015595068601919282
telephone,telephone_train_c2,telephone_c2_train_271bc457eb5f8f4d2bcf2225e929a245_0,1,"['telephone_271bc457eb5f8f4d2bcf2225e929a245_013.png', 'telephone_8e9c97d54060d1282085d549612807d7_008.png', 'telephone_271bc457eb5f8f4d2bcf2225e929a245_010.png']",0.01579461752683531
telephone,telephone_train_c2,telephone_c2_train_271bc457eb5f8f4d2bcf2225e929a245_1,0,"['telephone_2278cc8b5a50421613fcb9cbc590fba_012.png', 'telephone_271bc457eb5f8f4d2bcf2225e929a245_011.png', 'telephone_271bc457eb5f8f4d2bcf2225e929a245_002.png']",0.010747616907493485
telephone,telephone_train_c2,telephone_c2_train_271bc457eb5f8f4d2bcf2225e929a245_2,0,"['telephone_976a8d10e8423f8d8f15e8aad14ff29e_006.png', 'telephone_271bc457eb5f8f4d2bcf2225e929a245_002.png', 'telephone_271bc457eb5f8f4d2bcf2225e929a245_004.png']",0.008923677971674038
watercraft,watercraft_train_c0,watercraft_c0_train_c00a8f1dc19a0e5341213ed93def741e_0,1,"['watercraft_c00a8f1dc19a0e5341213ed93def741e_014.png', 'watercraft_68babb87d66a981dd187e410b169ccd0_001.png', 'watercraft_c00a8f1dc19a0e5341213ed93def741e_002.png']",0.24582056897187066
watercraft,watercraft_train_c0,watercraft_c0_train_c00a8f1dc19a0e5341213ed93def741e_1,2,"['watercraft_c00a8f1dc19a0e5341213ed93def741e_002.png', 'watercraft_c00a8f1dc19a0e5341213ed93def741e_010.png', 'watercraft_37aeaa30913d6ac73e7331a68f273ff6_011.png']",0.26557159557824395
watercraft,watercraft_train_c0,watercraft_c0_train_c00a8f1dc19a0e5341213ed93def741e_2,0,"['watercraft_68babb87d66a981dd187e410b169ccd0_005.png', 'watercraft_c00a8f1dc19a0e5341213ed93def741e_001.png', 'watercraft_c00a8f1dc19a0e5341213ed93def741e_000.png']",0.24582056897187066
watercraft,watercraft_train_c0,watercraft_c0_train_8b3cf3842a88136c67c16c85d5f8c7d7_0,1,"['watercraft_8b3cf3842a88136c67c16c85d5f8c7d7_006.png', 'watercraft_b8905c60432aadddb4a8f569bbe9f7c5_004.png', 'watercraft_8b3cf3842a88136c67c16c85d5f8c7d7_011.png']",4.749993910868611e-05
watercraft,watercraft_train_c0,watercraft_c0_train_8b3cf3842a88136c67c16c85d5f8c7d7_1,2,"['watercraft_8b3cf3842a88136c67c16c85d5f8c7d7_012.png', 'watercraft_8b3cf3842a88136c67c16c85d5f8c7d7_007.png', 'watercraft_9b91a683da8c4781f990230c33049243_014.png']",0.37487798954221496
watercraft,watercraft_train_c0,watercraft_c0_train_8b3cf3842a88136c67c16c85d5f8c7d7_2,0,"['watercraft_b8905c60432aadddb4a8f569bbe9f7c5_002.png', 'watercraft_8b3cf3842a88136c67c16c85d5f8c7d7_000.png', 'watercraft_8b3cf3842a88136c67c16c85d5f8c7d7_004.png']",4.749993910868611e-05
watercraft,watercraft_train_c0,watercraft_c0_train_f4923b4ce88bdda3a9142e7277ee08f1_0,2,"['watercraft_f4923b4ce88bdda3a9142e7277ee08f1_004.png', 'watercraft_f4923b4ce88bdda3a9142e7277ee08f1_008.png', 'watercraft_d0aa1202f01227f7b9528bf167ff877e_001.png']",0.1922530778683823
watercraft,watercraft_train_c0,watercraft_c0_train_f4923b4ce88bdda3a9142e7277ee08f1_1,0,"['watercraft_d0aa1202f01227f7b9528bf167ff877e_005.png', 'watercraft_f4923b4ce88bdda3a9142e7277ee08f1_010.png', 'watercraft_f4923b4ce88bdda3a9142e7277ee08f1_001.png']",0.1922530778683823
watercraft,watercraft_train_c0,watercraft_c0_train_f4923b4ce88bdda3a9142e7277ee08f1_2,0,"['watercraft_37aeaa30913d6ac73e7331a68f273ff6_011.png', 'watercraft_f4923b4ce88bdda3a9142e7277ee08f1_007.png', 'watercraft_f4923b4ce88bdda3a9142e7277ee08f1_012.png']",0.23220465995894235
watercraft,watercraft_train_c0,watercraft_c0_train_306aa8588bead6f3ccbb877d944b8a64_0,1,"['watercraft_306aa8588bead6f3ccbb877d944b8a64_001.png', 'watercraft_91eda08cecf2e0f1c6cb0dfa2f14f9d4_013.png', 'watercraft_306aa8588bead6f3ccbb877d944b8a64_012.png']",0.19123668423606777
watercraft,watercraft_train_c0,watercraft_c0_train_306aa8588bead6f3ccbb877d944b8a64_1,2,"['watercraft_306aa8588bead6f3ccbb877d944b8a64_005.png', 'watercraft_306aa8588bead6f3ccbb877d944b8a64_013.png', 'watercraft_adb1b651af34dc6f42534f02c8e8b5ac_012.png']",0.1931537868672284
watercraft,watercraft_train_c0,watercraft_c0_train_306aa8588bead6f3ccbb877d944b8a64_2,0,"['watercraft_1b5e114692abf9a5fdbbffe94281448_009.png', 'watercraft_306aa8588bead6f3ccbb877d944b8a64_004.png', 'watercraft_306aa8588bead6f3ccbb877d944b8a64_012.png']",0.21059460711171674
watercraft,watercraft_train_c0,watercraft_c0_train_f582d2315b6182ec6f6b59ea659e8324_0,1,"['watercraft_f582d2315b6182ec6f6b59ea659e8324_003.png', 'watercraft_991dab2b2339600a27da61c271c9c6a1_011.png', 'watercraft_f582d2315b6182ec6f6b59ea659e8324_005.png']",0.4376309421990019
watercraft,watercraft_train_c0,watercraft_c0_train_f582d2315b6182ec6f6b59ea659e8324_1,1,"['watercraft_f582d2315b6182ec6f6b59ea659e8324_007.png', 'watercraft_8b5ccc3b1eba2c9bdf921d807a1adbf_007.png', 'watercraft_f582d2315b6182ec6f6b59ea659e8324_004.png']",0.47027782483002845
watercraft,watercraft_train_c0,watercraft_c0_train_f582d2315b6182ec6f6b59ea659e8324_2,1,"['watercraft_f582d2315b6182ec6f6b59ea659e8324_006.png', 'watercraft_991dab2b2339600a27da61c271c9c6a1_007.png', 'watercraft_f582d2315b6182ec6f6b59ea659e8324_007.png']",0.4376309421990019
watercraft,watercraft_train_c0,watercraft_c0_train_b8905c60432aadddb4a8f569bbe9f7c5_0,0,"['watercraft_8b3cf3842a88136c67c16c85d5f8c7d7_007.png', 'watercraft_b8905c60432aadddb4a8f569bbe9f7c5_011.png', 'watercraft_b8905c60432aadddb4a8f569bbe9f7c5_002.png']",4.749993910868611e-05
watercraft,watercraft_train_c0,watercraft_c0_train_b8905c60432aadddb4a8f569bbe9f7c5_1,2,"['watercraft_b8905c60432aadddb4a8f569bbe9f7c5_012.png', 'watercraft_b8905c60432aadddb4a8f569bbe9f7c5_011.png', 'watercraft_d7755acf25baf326e625a0837cc45a0f_008.png']",0.40358644066735216
watercraft,watercraft_train_c0,watercraft_c0_train_b8905c60432aadddb4a8f569bbe9f7c5_2,2,"['watercraft_b8905c60432aadddb4a8f569bbe9f7c5_009.png', 'watercraft_b8905c60432aadddb4a8f569bbe9f7c5_014.png', 'watercraft_8b3cf3842a88136c67c16c85d5f8c7d7_014.png']",4.749993910868611e-05
watercraft,watercraft_train_c0,watercraft_c0_train_1b19bc5a09198bc85fa2a5df3ce5bc40_0,0,"['watercraft_f4923b4ce88bdda3a9142e7277ee08f1_008.png', 'watercraft_1b19bc5a09198bc85fa2a5df3ce5bc40_002.png', 'watercraft_1b19bc5a09198bc85fa2a5df3ce5bc40_004.png']",0.22687489377621672
watercraft,watercraft_train_c0,watercraft_c0_train_1b19bc5a09198bc85fa2a5df3ce5bc40_1,1,"['watercraft_1b19bc5a09198bc85fa2a5df3ce5bc40_002.png', 'watercraft_f4923b4ce88bdda3a9142e7277ee08f1_008.png', 'watercraft_1b19bc5a09198bc85fa2a5df3ce5bc40_003.png']",0.22687489377621672
watercraft,watercraft_train_c0,watercraft_c0_train_1b19bc5a09198bc85fa2a5df3ce5bc40_2,2,"['watercraft_1b19bc5a09198bc85fa2a5df3ce5bc40_004.png', 'watercraft_1b19bc5a09198bc85fa2a5df3ce5bc40_007.png', 'watercraft_991dab2b2339600a27da61c271c9c6a1_006.png']",0.20196731735717333
watercraft,watercraft_train_c0,watercraft_c0_train_49861c22df11a02b910f44c20a5d1839_0,1,"['watercraft_49861c22df11a02b910f44c20a5d1839_013.png', 'watercraft_991dab2b2339600a27da61c271c9c6a1_005.png', 'watercraft_49861c22df11a02b910f44c20a5d1839_011.png']",0.2880393585023826
watercraft,watercraft_train_c0,watercraft_c0_train_49861c22df11a02b910f44c20a5d1839_1,0,"['watercraft_d0aa1202f01227f7b9528bf167ff877e_012.png', 'watercraft_49861c22df11a02b910f44c20a5d1839_009.png', 'watercraft_49861c22df11a02b910f44c20a5d1839_001.png']",0.29280673923940015
watercraft,watercraft_train_c0,watercraft_c0_train_49861c22df11a02b910f44c20a5d1839_2,0,"['watercraft_d0aa1202f01227f7b9528bf167ff877e_005.png', 'watercraft_49861c22df11a02b910f44c20a5d1839_003.png', 'watercraft_49861c22df11a02b910f44c20a5d1839_014.png']",0.29280673923940015
watercraft,watercraft_train_c0,watercraft_c0_train_d7755acf25baf326e625a0837cc45a0f_0,2,"['watercraft_d7755acf25baf326e625a0837cc45a0f_004.png', 'watercraft_d7755acf25baf326e625a0837cc45a0f_000.png', 'watercraft_9b91a683da8c4781f990230c33049243_013.png']",0.32748060806773904
watercraft,watercraft_train_c0,watercraft_c0_train_d7755acf25baf326e625a0837cc45a0f_1,2,"['watercraft_d7755acf25baf326e625a0837cc45a0f_004.png', 'watercraft_d7755acf25baf326e625a0837cc45a0f_006.png', 'watercraft_873b7ab23a5c85e365a308491a8f2afe_012.png']",0.3636827070479083
watercraft,watercraft_train_c0,watercraft_c0_train_d7755acf25baf326e625a0837cc45a0f_2,2,"['watercraft_d7755acf25baf326e625a0837cc45a0f_001.png', 'watercraft_d7755acf25baf326e625a0837cc45a0f_003.png', 'watercraft_6419254bff42d878e820a92cdd43b76d_001.png']",0.35309445420233154
watercraft,watercraft_train_c0,watercraft_c0_train_1b5e114692abf9a5fdbbffe94281448_0,2,"['watercraft_1b5e114692abf9a5fdbbffe94281448_000.png', 'watercraft_1b5e114692abf9a5fdbbffe94281448_009.png', 'watercraft_64ceb6b8d122c2b3c9b5311300e82c12_000.png']",0.2351915825203339
watercraft,watercraft_train_c0,watercraft_c0_train_1b5e114692abf9a5fdbbffe94281448_1,2,"['watercraft_1b5e114692abf9a5fdbbffe94281448_014.png', 'watercraft_1b5e114692abf9a5fdbbffe94281448_001.png', 'watercraft_d0aa1202f01227f7b9528bf167ff877e_005.png']",0.2237246450006245
watercraft,watercraft_train_c0,watercraft_c0_train_1b5e114692abf9a5fdbbffe94281448_2,1,"['watercraft_1b5e114692abf9a5fdbbffe94281448_008.png', 'watercraft_64ceb6b8d122c2b3c9b5311300e82c12_000.png', 'watercraft_1b5e114692abf9a5fdbbffe94281448_006.png']",0.2351915825203339
watercraft,watercraft_train_c0,watercraft_c0_train_efc4de2b174c736dc99bbfcf5650bf52_0,1,"['watercraft_efc4de2b174c736dc99bbfcf5650bf52_011.png', 'watercraft_306aa8588bead6f3ccbb877d944b8a64_007.png', 'watercraft_efc4de2b174c736dc99bbfcf5650bf52_013.png']",0.26979204027200376
watercraft,watercraft_train_c0,watercraft_c0_train_efc4de2b174c736dc99bbfcf5650bf52_1,0,"['watercraft_91eda08cecf2e0f1c6cb0dfa2f14f9d4_002.png', 'watercraft_efc4de2b174c736dc99bbfcf5650bf52_005.png', 'watercraft_efc4de2b174c736dc99bbfcf5650bf52_003.png']",0.24706456201145788
watercraft,watercraft_train_c0,watercraft_c0_train_efc4de2b174c736dc99bbfcf5650bf52_2,2,"['watercraft_efc4de2b174c736dc99bbfcf5650bf52_014.png', 'watercraft_efc4de2b174c736dc99bbfcf5650bf52_011.png', 'watercraft_306aa8588bead6f3ccbb877d944b8a64_002.png']",0.26979204027200376
watercraft,watercraft_train_c0,watercraft_c0_train_d0aa1202f01227f7b9528bf167ff877e_0,1,"['watercraft_d0aa1202f01227f7b9528bf167ff877e_000.png', 'watercraft_873b7ab23a5c85e365a308491a8f2afe_002.png', 'watercraft_d0aa1202f01227f7b9528bf167ff877e_001.png']",0.2384864232706465
watercraft,watercraft_train_c0,watercraft_c0_train_d0aa1202f01227f7b9528bf167ff877e_1,2,"['watercraft_d0aa1202f01227f7b9528bf167ff877e_010.png', 'watercraft_d0aa1202f01227f7b9528bf167ff877e_001.png', 'watercraft_1b5e114692abf9a5fdbbffe94281448_008.png']",0.2237246450006245
watercraft,watercraft_train_c0,watercraft_c0_train_d0aa1202f01227f7b9528bf167ff877e_2,0,"['watercraft_64ceb6b8d122c2b3c9b5311300e82c12_007.png', 'watercraft_d0aa1202f01227f7b9528bf167ff877e_008.png', 'watercraft_d0aa1202f01227f7b9528bf167ff877e_012.png']",0.2589282008656568
watercraft,watercraft_train_c0,watercraft_c0_train_cdb70178e2562e7a80ac63732535bbcc_0,2,"['watercraft_cdb70178e2562e7a80ac63732535bbcc_010.png', 'watercraft_cdb70178e2562e7a80ac63732535bbcc_009.png', 'watercraft_68babb87d66a981dd187e410b169ccd0_005.png']",0.24974511719094894
watercraft,watercraft_train_c0,watercraft_c0_train_cdb70178e2562e7a80ac63732535bbcc_1,1,"['watercraft_cdb70178e2562e7a80ac63732535bbcc_010.png', 'watercraft_d0aa1202f01227f7b9528bf167ff877e_004.png', 'watercraft_cdb70178e2562e7a80ac63732535bbcc_013.png']",0.30285862719658674
watercraft,watercraft_train_c0,watercraft_c0_train_cdb70178e2562e7a80ac63732535bbcc_2,2,"['watercraft_cdb70178e2562e7a80ac63732535bbcc_012.png', 'watercraft_cdb70178e2562e7a80ac63732535bbcc_008.png', 'watercraft_873b7ab23a5c85e365a308491a8f2afe_008.png']",0.2795505546421674
watercraft,watercraft_train_c0,watercraft_c0_train_68babb87d66a981dd187e410b169ccd0_0,1,"['watercraft_68babb87d66a981dd187e410b169ccd0_010.png', 'watercraft_c00a8f1dc19a0e5341213ed93def741e_003.png', 'watercraft_68babb87d66a981dd187e410b169ccd0_005.png']",0.24582056897187066
watercraft,watercraft_train_c0,watercraft_c0_train_68babb87d66a981dd187e410b169ccd0_1,0,"['watercraft_c00a8f1dc19a0e5341213ed93def741e_011.png', 'watercraft_68babb87d66a981dd187e410b169ccd0_011.png', 'watercraft_68babb87d66a981dd187e410b169ccd0_014.png']",0.24582056897187066
watercraft,watercraft_train_c0,watercraft_c0_train_68babb87d66a981dd187e410b169ccd0_2,2,"['watercraft_68babb87d66a981dd187e410b169ccd0_005.png', 'watercraft_68babb87d66a981dd187e410b169ccd0_006.png', 'watercraft_f4923b4ce88bdda3a9142e7277ee08f1_005.png']",0.30190228140035413
watercraft,watercraft_train_c0,watercraft_c0_train_64ceb6b8d122c2b3c9b5311300e82c12_0,2,"['watercraft_64ceb6b8d122c2b3c9b5311300e82c12_007.png', 'watercraft_64ceb6b8d122c2b3c9b5311300e82c12_004.png', 'watercraft_991dab2b2339600a27da61c271c9c6a1_013.png']",0.24674038715953417
watercraft,watercraft_train_c0,watercraft_c0_train_64ceb6b8d122c2b3c9b5311300e82c12_1,0,"['watercraft_d0aa1202f01227f7b9528bf167ff877e_001.png', 'watercraft_64ceb6b8d122c2b3c9b5311300e82c12_005.png', 'watercraft_64ceb6b8d122c2b3c9b5311300e82c12_009.png']",0.2589282008656568
watercraft,watercraft_train_c0,watercraft_c0_train_64ceb6b8d122c2b3c9b5311300e82c12_2,0,"['watercraft_1b19bc5a09198bc85fa2a5df3ce5bc40_005.png', 'watercraft_64ceb6b8d122c2b3c9b5311300e82c12_013.png', 'watercraft_64ceb6b8d122c2b3c9b5311300e82c12_007.png']",0.24751679166062535
watercraft,watercraft_train_c0,watercraft_c0_train_9b91a683da8c4781f990230c33049243_0,0,"['watercraft_91eda08cecf2e0f1c6cb0dfa2f14f9d4_008.png', 'watercraft_9b91a683da8c4781f990230c33049243_009.png', 'watercraft_9b91a683da8c4781f990230c33049243_007.png']",0.3071829867229039
watercraft,watercraft_train_c0,watercraft_c0_train_9b91a683da8c4781f990230c33049243_1,2,"['watercraft_9b91a683da8c4781f990230c33049243_006.png', 'watercraft_9b91a683da8c4781f990230c33049243_013.png', 'watercraft_8b5ccc3b1eba2c9bdf921d807a1adbf_002.png']",0.2881389982647853
watercraft,watercraft_train_c0,watercraft_c0_train_9b91a683da8c4781f990230c33049243_2,1,"['watercraft_9b91a683da8c4781f990230c33049243_009.png', 'watercraft_1b19bc5a09198bc85fa2a5df3ce5bc40_006.png', 'watercraft_9b91a683da8c4781f990230c33049243_001.png']",0.2555862160263992
watercraft,watercraft_train_c0,watercraft_c0_train_6419254bff42d878e820a92cdd43b76d_0,2,"['watercraft_6419254bff42d878e820a92cdd43b76d_000.png', 'watercraft_6419254bff42d878e820a92cdd43b76d_009.png', 'watercraft_f4923b4ce88bdda3a9142e7277ee08f1_009.png']",0.27655542704627545
watercraft,watercraft_train_c0,watercraft_c0_train_6419254bff42d878e820a92cdd43b76d_1,2,"['watercraft_6419254bff42d878e820a92cdd43b76d_013.png', 'watercraft_6419254bff42d878e820a92cdd43b76d_001.png', 'watercraft_cdb70178e2562e7a80ac63732535bbcc_005.png']",0.25406986799189324
watercraft,watercraft_train_c0,watercraft_c0_train_6419254bff42d878e820a92cdd43b76d_2,1,"['watercraft_6419254bff42d878e820a92cdd43b76d_000.png', 'watercraft_9b91a683da8c4781f990230c33049243_014.png', 'watercraft_6419254bff42d878e820a92cdd43b76d_013.png']",0.2514812474981999
watercraft,watercraft_train_c0,watercraft_c0_train_5c9d5cedcb75cd2bad7daee13cc76c38_0,2,"['watercraft_5c9d5cedcb75cd2bad7daee13cc76c38_007.png', 'watercraft_5c9d5cedcb75cd2bad7daee13cc76c38_002.png', 'watercraft_1b19bc5a09198bc85fa2a5df3ce5bc40_006.png']",0.35980460552961624
watercraft,watercraft_train_c0,watercraft_c0_train_5c9d5cedcb75cd2bad7daee13cc76c38_1,1,"['watercraft_5c9d5cedcb75cd2bad7daee13cc76c38_000.png', 'watercraft_1b19bc5a09198bc85fa2a5df3ce5bc40_009.png', 'watercraft_5c9d5cedcb75cd2bad7daee13cc76c38_010.png']",0.35980460552961624
watercraft,watercraft_train_c0,watercraft_c0_train_5c9d5cedcb75cd2bad7daee13cc76c38_2,1,"['watercraft_5c9d5cedcb75cd2bad7daee13cc76c38_011.png', 'watercraft_f4923b4ce88bdda3a9142e7277ee08f1_009.png', 'watercraft_5c9d5cedcb75cd2bad7daee13cc76c38_007.png']",0.3238987730102769
watercraft,watercraft_train_c0,watercraft_c0_train_91eda08cecf2e0f1c6cb0dfa2f14f9d4_0,2,"['watercraft_91eda08cecf2e0f1c6cb0dfa2f14f9d4_011.png', 'watercraft_91eda08cecf2e0f1c6cb0dfa2f14f9d4_003.png', 'watercraft_991dab2b2339600a27da61c271c9c6a1_014.png']",0.1875996221817705
watercraft,watercraft_train_c0,watercraft_c0_train_91eda08cecf2e0f1c6cb0dfa2f14f9d4_1,0,"['watercraft_1b19bc5a09198bc85fa2a5df3ce5bc40_007.png', 'watercraft_91eda08cecf2e0f1c6cb0dfa2f14f9d4_002.png', 'watercraft_91eda08cecf2e0f1c6cb0dfa2f14f9d4_004.png']",0.25511326814020785
watercraft,watercraft_train_c0,watercraft_c0_train_91eda08cecf2e0f1c6cb0dfa2f14f9d4_2,1,"['watercraft_91eda08cecf2e0f1c6cb0dfa2f14f9d4_013.png', 'watercraft_1b19bc5a09198bc85fa2a5df3ce5bc40_006.png', 'watercraft_91eda08cecf2e0f1c6cb0dfa2f14f9d4_006.png']",0.25511326814020785
watercraft,watercraft_train_c0,watercraft_c0_train_991dab2b2339600a27da61c271c9c6a1_0,0,"['watercraft_1b19bc5a09198bc85fa2a5df3ce5bc40_003.png', 'watercraft_991dab2b2339600a27da61c271c9c6a1_010.png', 'watercraft_991dab2b2339600a27da61c271c9c6a1_013.png']",0.20196731735717333
watercraft,watercraft_train_c0,watercraft_c0_train_991dab2b2339600a27da61c271c9c6a1_1,1,"['watercraft_991dab2b2339600a27da61c271c9c6a1_010.png', 'watercraft_adb1b651af34dc6f42534f02c8e8b5ac_008.png', 'watercraft_991dab2b2339600a27da61c271c9c6a1_006.png']",0.1590036668826713
watercraft,watercraft_train_c0,watercraft_c0_train_991dab2b2339600a27da61c271c9c6a1_2,2,"['watercraft_991dab2b2339600a27da61c271c9c6a1_009.png', 'watercraft_991dab2b2339600a27da61c271c9c6a1_003.png', 'watercraft_1b19bc5a09198bc85fa2a5df3ce5bc40_007.png']",0.20196731735717333
watercraft,watercraft_train_c0,watercraft_c0_train_873b7ab23a5c85e365a308491a8f2afe_0,1,"['watercraft_873b7ab23a5c85e365a308491a8f2afe_006.png', 'watercraft_f4923b4ce88bdda3a9142e7277ee08f1_002.png', 'watercraft_873b7ab23a5c85e365a308491a8f2afe_007.png']",0.303829029383894
watercraft,watercraft_train_c0,watercraft_c0_train_873b7ab23a5c85e365a308491a8f2afe_1,0,"['watercraft_68babb87d66a981dd187e410b169ccd0_011.png', 'watercraft_873b7ab23a5c85e365a308491a8f2afe_013.png', 'watercraft_873b7ab23a5c85e365a308491a8f2afe_012.png']",0.3044777766156571
watercraft,watercraft_train_c0,watercraft_c0_train_873b7ab23a5c85e365a308491a8f2afe_2,2,"['watercraft_873b7ab23a5c85e365a308491a8f2afe_005.png', 'watercraft_873b7ab23a5c85e365a308491a8f2afe_014.png', 'watercraft_d0aa1202f01227f7b9528bf167ff877e_001.png']",0.2384864232706465
watercraft,watercraft_train_c0,watercraft_c0_train_adb1b651af34dc6f42534f02c8e8b5ac_0,0,"['watercraft_1b19bc5a09198bc85fa2a5df3ce5bc40_002.png', 'watercraft_adb1b651af34dc6f42534f02c8e8b5ac_000.png', 'watercraft_adb1b651af34dc6f42534f02c8e8b5ac_001.png']",0.26324105103548634
watercraft,watercraft_train_c0,watercraft_c0_train_adb1b651af34dc6f42534f02c8e8b5ac_1,1,"['watercraft_adb1b651af34dc6f42534f02c8e8b5ac_001.png', 'watercraft_1b19bc5a09198bc85fa2a5df3ce5bc40_003.png', 'watercraft_adb1b651af34dc6f42534f02c8e8b5ac_006.png']",0.26324105103548634
watercraft,watercraft_train_c0,watercraft_c0_train_adb1b651af34dc6f42534f02c8e8b5ac_2,0,"['watercraft_306aa8588bead6f3ccbb877d944b8a64_011.png', 'watercraft_adb1b651af34dc6f42534f02c8e8b5ac_010.png', 'watercraft_adb1b651af34dc6f42534f02c8e8b5ac_001.png']",0.1931537868672284
watercraft,watercraft_train_c0,watercraft_c0_train_2f682d31b26398cc2218383c174cbd7c_0,2,"['watercraft_2f682d31b26398cc2218383c174cbd7c_010.png', 'watercraft_2f682d31b26398cc2218383c174cbd7c_007.png', 'watercraft_49861c22df11a02b910f44c20a5d1839_013.png']",0.38844866722040705
watercraft,watercraft_train_c0,watercraft_c0_train_2f682d31b26398cc2218383c174cbd7c_1,1,"['watercraft_2f682d31b26398cc2218383c174cbd7c_004.png', 'watercraft_8b5ccc3b1eba2c9bdf921d807a1adbf_009.png', 'watercraft_2f682d31b26398cc2218383c174cbd7c_011.png']",0.3077204155241018
watercraft,watercraft_train_c0,watercraft_c0_train_2f682d31b26398cc2218383c174cbd7c_2,0,"['watercraft_37aeaa30913d6ac73e7331a68f273ff6_012.png', 'watercraft_2f682d31b26398cc2218383c174cbd7c_014.png', 'watercraft_2f682d31b26398cc2218383c174cbd7c_009.png']",0.35361331742319857
watercraft,watercraft_train_c0,watercraft_c0_train_8b5ccc3b1eba2c9bdf921d807a1adbf_0,1,"['watercraft_8b5ccc3b1eba2c9bdf921d807a1adbf_011.png', 'watercraft_991dab2b2339600a27da61c271c9c6a1_012.png', 'watercraft_8b5ccc3b1eba2c9bdf921d807a1adbf_012.png']",0.24439295596958688
watercraft,watercraft_train_c0,watercraft_c0_train_8b5ccc3b1eba2c9bdf921d807a1adbf_1,0,"['watercraft_f4923b4ce88bdda3a9142e7277ee08f1_005.png', 'watercraft_8b5ccc3b1eba2c9bdf921d807a1adbf_014.png', 'watercraft_8b5ccc3b1eba2c9bdf921d807a1adbf_001.png']",0.16025073608627238
watercraft,watercraft_train_c0,watercraft_c0_train_8b5ccc3b1eba2c9bdf921d807a1adbf_2,1,"['watercraft_8b5ccc3b1eba2c9bdf921d807a1adbf_004.png', 'watercraft_991dab2b2339600a27da61c271c9c6a1_010.png', 'watercraft_8b5ccc3b1eba2c9bdf921d807a1adbf_005.png']",0.24439295596958688
watercraft,watercraft_train_c0,watercraft_c0_train_37aeaa30913d6ac73e7331a68f273ff6_0,1,"['watercraft_37aeaa30913d6ac73e7331a68f273ff6_012.png', 'watercraft_c00a8f1dc19a0e5341213ed93def741e_011.png', 'watercraft_37aeaa30913d6ac73e7331a68f273ff6_005.png']",0.26557159557824395
watercraft,watercraft_train_c0,watercraft_c0_train_37aeaa30913d6ac73e7331a68f273ff6_1,2,"['watercraft_37aeaa30913d6ac73e7331a68f273ff6_009.png', 'watercraft_37aeaa30913d6ac73e7331a68f273ff6_013.png', 'watercraft_c00a8f1dc19a0e5341213ed93def741e_001.png']",0.26557159557824395
watercraft,watercraft_train_c0,watercraft_c0_train_37aeaa30913d6ac73e7331a68f273ff6_2,1,"['watercraft_37aeaa30913d6ac73e7331a68f273ff6_008.png', 'watercraft_8b5ccc3b1eba2c9bdf921d807a1adbf_002.png', 'watercraft_37aeaa30913d6ac73e7331a68f273ff6_010.png']",0.2629413429523384
watercraft,watercraft_train_c1,watercraft_c1_train_a6af4bc3629fc5101998595492ff7acf_0,2,"['watercraft_a6af4bc3629fc5101998595492ff7acf_003.png', 'watercraft_a6af4bc3629fc5101998595492ff7acf_012.png', 'watercraft_bf4386d3e823a09e57a4e26112104eae_004.png']",0.06453571112846224
watercraft,watercraft_train_c1,watercraft_c1_train_a6af4bc3629fc5101998595492ff7acf_1,0,"['watercraft_bf4386d3e823a09e57a4e26112104eae_002.png', 'watercraft_a6af4bc3629fc5101998595492ff7acf_009.png', 'watercraft_a6af4bc3629fc5101998595492ff7acf_005.png']",0.06453571112846224
watercraft,watercraft_train_c1,watercraft_c1_train_a6af4bc3629fc5101998595492ff7acf_2,2,"['watercraft_a6af4bc3629fc5101998595492ff7acf_005.png', 'watercraft_a6af4bc3629fc5101998595492ff7acf_009.png', 'watercraft_c8bce97e59665f2811b9a587ace886f7_005.png']",0.07270418709638737
watercraft,watercraft_train_c1,watercraft_c1_train_38b55fc61393e40653d45bb9e1743653_0,1,"['watercraft_38b55fc61393e40653d45bb9e1743653_004.png', 'watercraft_fbc2e96b16209642fc86577bf738024a_013.png', 'watercraft_38b55fc61393e40653d45bb9e1743653_011.png']",0.08403662676113044
watercraft,watercraft_train_c1,watercraft_c1_train_38b55fc61393e40653d45bb9e1743653_1,0,"['watercraft_79a13d8bffa87b8ba8ae9698506bed5_010.png', 'watercraft_38b55fc61393e40653d45bb9e1743653_010.png', 'watercraft_38b55fc61393e40653d45bb9e1743653_013.png']",0.05416839752508129
watercraft,watercraft_train_c1,watercraft_c1_train_38b55fc61393e40653d45bb9e1743653_2,2,"['watercraft_38b55fc61393e40653d45bb9e1743653_010.png', 'watercraft_38b55fc61393e40653d45bb9e1743653_003.png', 'watercraft_6737f75bb87e3cc0847c4e55bb965ab0_007.png']",0.0362288120033617
watercraft,watercraft_train_c1,watercraft_c1_train_efa50c4e3e691d3bda1b3e013aeb1e59_0,1,"['watercraft_efa50c4e3e691d3bda1b3e013aeb1e59_004.png', 'watercraft_79a13d8bffa87b8ba8ae9698506bed5_003.png', 'watercraft_efa50c4e3e691d3bda1b3e013aeb1e59_012.png']",0.10278271986753307
watercraft,watercraft_train_c1,watercraft_c1_train_efa50c4e3e691d3bda1b3e013aeb1e59_1,1,"['watercraft_efa50c4e3e691d3bda1b3e013aeb1e59_002.png', 'watercraft_6737f75bb87e3cc0847c4e55bb965ab0_003.png', 'watercraft_efa50c4e3e691d3bda1b3e013aeb1e59_011.png']",0.07806001566580267
watercraft,watercraft_train_c1,watercraft_c1_train_efa50c4e3e691d3bda1b3e013aeb1e59_2,2,"['watercraft_efa50c4e3e691d3bda1b3e013aeb1e59_013.png', 'watercraft_efa50c4e3e691d3bda1b3e013aeb1e59_006.png', 'watercraft_fbc2e96b16209642fc86577bf738024a_000.png']",0.09001320210652652
watercraft,watercraft_train_c1,watercraft_c1_train_6c1c628f4ff60addc5b0cf694baa734f_0,1,"['watercraft_6c1c628f4ff60addc5b0cf694baa734f_010.png', 'watercraft_38b55fc61393e40653d45bb9e1743653_011.png', 'watercraft_6c1c628f4ff60addc5b0cf694baa734f_001.png']",0.12708280288285356
watercraft,watercraft_train_c1,watercraft_c1_train_6c1c628f4ff60addc5b0cf694baa734f_1,0,"['watercraft_5a3924c1fb78bb908dea00b146cfa3de_003.png', 'watercraft_6c1c628f4ff60addc5b0cf694baa734f_001.png', 'watercraft_6c1c628f4ff60addc5b0cf694baa734f_012.png']",0.17667904610801843
watercraft,watercraft_train_c1,watercraft_c1_train_6c1c628f4ff60addc5b0cf694baa734f_2,0,"['watercraft_db3a31bb1fb188c727ca48a52046110e_006.png', 'watercraft_6c1c628f4ff60addc5b0cf694baa734f_000.png', 'watercraft_6c1c628f4ff60addc5b0cf694baa734f_004.png']",0.14941578265231847
watercraft,watercraft_train_c1,watercraft_c1_train_6737f75bb87e3cc0847c4e55bb965ab0_0,0,"['watercraft_38b55fc61393e40653d45bb9e1743653_002.png', 'watercraft_6737f75bb87e3cc0847c4e55bb965ab0_002.png', 'watercraft_6737f75bb87e3cc0847c4e55bb965ab0_011.png']",0.0362288120033617
watercraft,watercraft_train_c1,watercraft_c1_train_6737f75bb87e3cc0847c4e55bb965ab0_1,0,"['watercraft_bf4386d3e823a09e57a4e26112104eae_010.png', 'watercraft_6737f75bb87e3cc0847c4e55bb965ab0_001.png', 'watercraft_6737f75bb87e3cc0847c4e55bb965ab0_011.png']",0.0841068034318353
watercraft,watercraft_train_c1,watercraft_c1_train_6737f75bb87e3cc0847c4e55bb965ab0_2,0,"['watercraft_79a13d8bffa87b8ba8ae9698506bed5_000.png', 'watercraft_6737f75bb87e3cc0847c4e55bb965ab0_013.png', 'watercraft_6737f75bb87e3cc0847c4e55bb965ab0_000.png']",0.014948896452755545
watercraft,watercraft_train_c1,watercraft_c1_train_421db3c87037e7d6c2363c2f18a57bf4_0,1,"['watercraft_421db3c87037e7d6c2363c2f18a57bf4_007.png', 'watercraft_82be57a43d5d1e14fa286e2f06a75d07_005.png', 'watercraft_421db3c87037e7d6c2363c2f18a57bf4_003.png']",0.11086628137386412
watercraft,watercraft_train_c1,watercraft_c1_train_421db3c87037e7d6c2363c2f18a57bf4_1,0,"['watercraft_aba35304010a7ca093f1a6337ed3a54c_007.png', 'watercraft_421db3c87037e7d6c2363c2f18a57bf4_007.png', 'watercraft_421db3c87037e7d6c2363c2f18a57bf4_002.png']",0.08294739615395619
watercraft,watercraft_train_c1,watercraft_c1_train_421db3c87037e7d6c2363c2f18a57bf4_2,0,"['watercraft_82be57a43d5d1e14fa286e2f06a75d07_014.png', 'watercraft_421db3c87037e7d6c2363c2f18a57bf4_003.png', 'watercraft_421db3c87037e7d6c2363c2f18a57bf4_004.png']",0.11086628137386412
watercraft,watercraft_train_c1,watercraft_c1_train_2fcb8c472f1cbdef185cce17ce166549_0,2,"['watercraft_2fcb8c472f1cbdef185cce17ce166549_009.png', 'watercraft_2fcb8c472f1cbdef185cce17ce166549_001.png', 'watercraft_61053086346058bd2b477561b6a06f5c_008.png']",0.0876275557960533
watercraft,watercraft_train_c1,watercraft_c1_train_2fcb8c472f1cbdef185cce17ce166549_1,2,"['watercraft_2fcb8c472f1cbdef185cce17ce166549_000.png', 'watercraft_2fcb8c472f1cbdef185cce17ce166549_008.png', 'watercraft_82be57a43d5d1e14fa286e2f06a75d07_006.png']",0.09372727718927432
watercraft,watercraft_train_c1,watercraft_c1_train_2fcb8c472f1cbdef185cce17ce166549_2,1,"['watercraft_2fcb8c472f1cbdef185cce17ce166549_003.png', 'watercraft_72f4c3c433492d585001cb19c4a0eee4_004.png', 'watercraft_2fcb8c472f1cbdef185cce17ce166549_014.png']",0.08855823936327167
watercraft,watercraft_train_c1,watercraft_c1_train_a45cbcfb2763423a6540eb087d7e15bd_0,2,"['watercraft_a45cbcfb2763423a6540eb087d7e15bd_002.png', 'watercraft_a45cbcfb2763423a6540eb087d7e15bd_000.png', 'watercraft_fbc2e96b16209642fc86577bf738024a_012.png']",0.08915115190647283
watercraft,watercraft_train_c1,watercraft_c1_train_a45cbcfb2763423a6540eb087d7e15bd_1,1,"['watercraft_a45cbcfb2763423a6540eb087d7e15bd_012.png', 'watercraft_aba35304010a7ca093f1a6337ed3a54c_005.png', 'watercraft_a45cbcfb2763423a6540eb087d7e15bd_009.png']",0.0750059183201428
watercraft,watercraft_train_c1,watercraft_c1_train_a45cbcfb2763423a6540eb087d7e15bd_2,1,"['watercraft_a45cbcfb2763423a6540eb087d7e15bd_003.png', 'watercraft_c8bce97e59665f2811b9a587ace886f7_013.png', 'watercraft_a45cbcfb2763423a6540eb087d7e15bd_005.png']",0.07283217428881295
watercraft,watercraft_train_c1,watercraft_c1_train_beacf34e9b0c0597894b951d14f8e56_0,2,"['watercraft_beacf34e9b0c0597894b951d14f8e56_005.png', 'watercraft_beacf34e9b0c0597894b951d14f8e56_006.png', 'watercraft_4bb41171f7e6505bc32f927674bfca67_012.png']",0.07973730656368183
watercraft,watercraft_train_c1,watercraft_c1_train_beacf34e9b0c0597894b951d14f8e56_1,1,"['watercraft_beacf34e9b0c0597894b951d14f8e56_002.png', 'watercraft_c8bce97e59665f2811b9a587ace886f7_004.png', 'watercraft_beacf34e9b0c0597894b951d14f8e56_003.png']",0.16419099264806336
watercraft,watercraft_train_c1,watercraft_c1_train_beacf34e9b0c0597894b951d14f8e56_2,0,"['watercraft_c8bce97e59665f2811b9a587ace886f7_006.png', 'watercraft_beacf34e9b0c0597894b951d14f8e56_006.png', 'watercraft_beacf34e9b0c0597894b951d14f8e56_002.png']",0.16419099264806336
watercraft,watercraft_train_c1,watercraft_c1_train_72f4c3c433492d585001cb19c4a0eee4_0,2,"['watercraft_72f4c3c433492d585001cb19c4a0eee4_005.png', 'watercraft_72f4c3c433492d585001cb19c4a0eee4_010.png', 'watercraft_c8bce97e59665f2811b9a587ace886f7_002.png']",0.06278546535259455
watercraft,watercraft_train_c1,watercraft_c1_train_72f4c3c433492d585001cb19c4a0eee4_1,2,"['watercraft_72f4c3c433492d585001cb19c4a0eee4_010.png', 'watercraft_72f4c3c433492d585001cb19c4a0eee4_004.png', 'watercraft_fbc2e96b16209642fc86577bf738024a_008.png']",0.04675563051572895
watercraft,watercraft_train_c1,watercraft_c1_train_72f4c3c433492d585001cb19c4a0eee4_2,2,"['watercraft_72f4c3c433492d585001cb19c4a0eee4_003.png', 'watercraft_72f4c3c433492d585001cb19c4a0eee4_012.png', 'watercraft_bf4386d3e823a09e57a4e26112104eae_009.png']",0.032452148569396266
watercraft,watercraft_train_c1,watercraft_c1_train_79a13d8bffa87b8ba8ae9698506bed5_0,1,"['watercraft_79a13d8bffa87b8ba8ae9698506bed5_014.png', 'watercraft_efa50c4e3e691d3bda1b3e013aeb1e59_012.png', 'watercraft_79a13d8bffa87b8ba8ae9698506bed5_010.png']",0.10278271986753307
watercraft,watercraft_train_c1,watercraft_c1_train_79a13d8bffa87b8ba8ae9698506bed5_1,1,"['watercraft_79a13d8bffa87b8ba8ae9698506bed5_008.png', 'watercraft_38b55fc61393e40653d45bb9e1743653_000.png', 'watercraft_79a13d8bffa87b8ba8ae9698506bed5_007.png']",0.05416839752508129
watercraft,watercraft_train_c1,watercraft_c1_train_79a13d8bffa87b8ba8ae9698506bed5_2,1,"['watercraft_79a13d8bffa87b8ba8ae9698506bed5_003.png', 'watercraft_bf4386d3e823a09e57a4e26112104eae_011.png', 'watercraft_79a13d8bffa87b8ba8ae9698506bed5_002.png']",0.14012756361841072
watercraft,watercraft_train_c1,watercraft_c1_train_31ddf87b5ef64c9080c9c53be28cd7ba_0,2,"['watercraft_31ddf87b5ef64c9080c9c53be28cd7ba_014.png', 'watercraft_31ddf87b5ef64c9080c9c53be28cd7ba_010.png', 'watercraft_61053086346058bd2b477561b6a06f5c_004.png']",0.14837915590503814
watercraft,watercraft_train_c1,watercraft_c1_train_31ddf87b5ef64c9080c9c53be28cd7ba_1,1,"['watercraft_31ddf87b5ef64c9080c9c53be28cd7ba_005.png', 'watercraft_2fcb8c472f1cbdef185cce17ce166549_004.png', 'watercraft_31ddf87b5ef64c9080c9c53be28cd7ba_002.png']",0.16372281717577908
watercraft,watercraft_train_c1,watercraft_c1_train_31ddf87b5ef64c9080c9c53be28cd7ba_2,1,"['watercraft_31ddf87b5ef64c9080c9c53be28cd7ba_002.png', 'watercraft_2fcb8c472f1cbdef185cce17ce166549_000.png', 'watercraft_31ddf87b5ef64c9080c9c53be28cd7ba_001.png']",0.16372281717577908
watercraft,watercraft_train_c1,watercraft_c1_train_4bb41171f7e6505bc32f927674bfca67_0,0,"['watercraft_db3a31bb1fb188c727ca48a52046110e_008.png', 'watercraft_4bb41171f7e6505bc32f927674bfca67_000.png', 'watercraft_4bb41171f7e6505bc32f927674bfca67_012.png']",0.15734962116777162
watercraft,watercraft_train_c1,watercraft_c1_train_4bb41171f7e6505bc32f927674bfca67_1,2,"['watercraft_4bb41171f7e6505bc32f927674bfca67_014.png', 'watercraft_4bb41171f7e6505bc32f927674bfca67_010.png', 'watercraft_2fcb8c472f1cbdef185cce17ce166549_007.png']",0.14733441725024654
watercraft,watercraft_train_c1,watercraft_c1_train_4bb41171f7e6505bc32f927674bfca67_2,0,"['watercraft_31ddf87b5ef64c9080c9c53be28cd7ba_010.png', 'watercraft_4bb41171f7e6505bc32f927674bfca67_014.png', 'watercraft_4bb41171f7e6505bc32f927674bfca67_006.png']",0.16790615248332252
watercraft,watercraft_train_c1,watercraft_c1_train_1e3400a7a099823371feee345701e9eb_0,2,"['watercraft_1e3400a7a099823371feee345701e9eb_000.png', 'watercraft_1e3400a7a099823371feee345701e9eb_007.png', 'watercraft_5a3924c1fb78bb908dea00b146cfa3de_000.png']",0.19160732329246266
watercraft,watercraft_train_c1,watercraft_c1_train_1e3400a7a099823371feee345701e9eb_1,0,"['watercraft_2fcb8c472f1cbdef185cce17ce166549_012.png', 'watercraft_1e3400a7a099823371feee345701e9eb_010.png', 'watercraft_1e3400a7a099823371feee345701e9eb_001.png']",0.21722835777234828
watercraft,watercraft_train_c1,watercraft_c1_train_1e3400a7a099823371feee345701e9eb_2,2,"['watercraft_1e3400a7a099823371feee345701e9eb_001.png', 'watercraft_1e3400a7a099823371feee345701e9eb_005.png', 'watercraft_421db3c87037e7d6c2363c2f18a57bf4_012.png']",0.211798880806488
watercraft,watercraft_train_c1,watercraft_c1_train_fbc2e96b16209642fc86577bf738024a_0,2,"['watercraft_fbc2e96b16209642fc86577bf738024a_007.png', 'watercraft_fbc2e96b16209642fc86577bf738024a_010.png', 'watercraft_72f4c3c433492d585001cb19c4a0eee4_009.png']",0.04675563051572895
watercraft,watercraft_train_c1,watercraft_c1_train_fbc2e96b16209642fc86577bf738024a_1,0,"['watercraft_82be57a43d5d1e14fa286e2f06a75d07_009.png', 'watercraft_fbc2e96b16209642fc86577bf738024a_008.png', 'watercraft_fbc2e96b16209642fc86577bf738024a_000.png']",0.04900030988144677
watercraft,watercraft_train_c1,watercraft_c1_train_fbc2e96b16209642fc86577bf738024a_2,2,"['watercraft_fbc2e96b16209642fc86577bf738024a_011.png', 'watercraft_fbc2e96b16209642fc86577bf738024a_004.png', 'watercraft_82be57a43d5d1e14fa286e2f06a75d07_013.png']",0.04900030988144677
watercraft,watercraft_train_c1,watercraft_c1_train_db3a31bb1fb188c727ca48a52046110e_0,2,"['watercraft_db3a31bb1fb188c727ca48a52046110e_001.png', 'watercraft_db3a31bb1fb188c727ca48a52046110e_013.png', 'watercraft_38b55fc61393e40653d45bb9e1743653_003.png']",0.12671848128926066
watercraft,watercraft_train_c1,watercraft_c1_train_db3a31bb1fb188c727ca48a52046110e_1,2,"['watercraft_db3a31bb1fb188c727ca48a52046110e_010.png', 'watercraft_db3a31bb1fb188c727ca48a52046110e_008.png', 'watercraft_5261e8e52d1581d2398589a18564a81_010.png']",0.12566605784467433
watercraft,watercraft_train_c1,watercraft_c1_train_db3a31bb1fb188c727ca48a52046110e_2,1,"['watercraft_db3a31bb1fb188c727ca48a52046110e_008.png', 'watercraft_cc4f56a126353cd81985296f8eaaf6ef_012.png', 'watercraft_db3a31bb1fb188c727ca48a52046110e_011.png']",0.1469569919001802
watercraft,watercraft_train_c1,watercraft_c1_train_cc4f56a126353cd81985296f8eaaf6ef_0,1,"['watercraft_cc4f56a126353cd81985296f8eaaf6ef_010.png', 'watercraft_6c1c628f4ff60addc5b0cf694baa734f_008.png', 'watercraft_cc4f56a126353cd81985296f8eaaf6ef_003.png']",0.1762943508853415
watercraft,watercraft_train_c1,watercraft_c1_train_cc4f56a126353cd81985296f8eaaf6ef_1,1,"['watercraft_cc4f56a126353cd81985296f8eaaf6ef_009.png', 'watercraft_db3a31bb1fb188c727ca48a52046110e_013.png', 'watercraft_cc4f56a126353cd81985296f8eaaf6ef_003.png']",0.1469569919001802
watercraft,watercraft_train_c1,watercraft_c1_train_cc4f56a126353cd81985296f8eaaf6ef_2,0,"['watercraft_efa50c4e3e691d3bda1b3e013aeb1e59_009.png', 'watercraft_cc4f56a126353cd81985296f8eaaf6ef_005.png', 'watercraft_cc4f56a126353cd81985296f8eaaf6ef_003.png']",0.15117868313787874
watercraft,watercraft_train_c1,watercraft_c1_train_bf4386d3e823a09e57a4e26112104eae_0,0,"['watercraft_fbc2e96b16209642fc86577bf738024a_008.png', 'watercraft_bf4386d3e823a09e57a4e26112104eae_008.png', 'watercraft_bf4386d3e823a09e57a4e26112104eae_002.png']",0.013547114092059998
watercraft,watercraft_train_c1,watercraft_c1_train_bf4386d3e823a09e57a4e26112104eae_1,2,"['watercraft_bf4386d3e823a09e57a4e26112104eae_000.png', 'watercraft_bf4386d3e823a09e57a4e26112104eae_008.png', 'watercraft_82be57a43d5d1e14fa286e2f06a75d07_004.png']",0.037289040109931726
watercraft,watercraft_train_c1,watercraft_c1_train_bf4386d3e823a09e57a4e26112104eae_2,0,"['watercraft_c8bce97e59665f2811b9a587ace886f7_007.png', 'watercraft_bf4386d3e823a09e57a4e26112104eae_000.png', 'watercraft_bf4386d3e823a09e57a4e26112104eae_014.png']",0.04743915597709736
watercraft,watercraft_train_c1,watercraft_c1_train_aba35304010a7ca093f1a6337ed3a54c_0,2,"['watercraft_aba35304010a7ca093f1a6337ed3a54c_012.png', 'watercraft_aba35304010a7ca093f1a6337ed3a54c_002.png', 'watercraft_fbc2e96b16209642fc86577bf738024a_001.png']",0.025740755527244197
watercraft,watercraft_train_c1,watercraft_c1_train_aba35304010a7ca093f1a6337ed3a54c_1,0,"['watercraft_61053086346058bd2b477561b6a06f5c_012.png', 'watercraft_aba35304010a7ca093f1a6337ed3a54c_003.png', 'watercraft_aba35304010a7ca093f1a6337ed3a54c_014.png']",0.05387195148475854
watercraft,watercraft_train_c1,watercraft_c1_train_aba35304010a7ca093f1a6337ed3a54c_2,2,"['watercraft_aba35304010a7ca093f1a6337ed3a54c_002.png', 'watercraft_aba35304010a7ca093f1a6337ed3a54c_007.png', 'watercraft_82be57a43d5d1e14fa286e2f06a75d07_014.png']",0.03230480677222081
watercraft,watercraft_train_c1,watercraft_c1_train_ee09bd0664e0a02292b9fcc49a614e2b_0,2,"['watercraft_ee09bd0664e0a02292b9fcc49a614e2b_004.png', 'watercraft_ee09bd0664e0a02292b9fcc49a614e2b_005.png', 'watercraft_db3a31bb1fb188c727ca48a52046110e_006.png']",0.15118298305911204
watercraft,watercraft_train_c1,watercraft_c1_train_ee09bd0664e0a02292b9fcc49a614e2b_1,1,"['watercraft_ee09bd0664e0a02292b9fcc49a614e2b_012.png', 'watercraft_6737f75bb87e3cc0847c4e55bb965ab0_010.png', 'watercraft_ee09bd0664e0a02292b9fcc49a614e2b_011.png']",0.13884362026489283
watercraft,watercraft_train_c1,watercraft_c1_train_ee09bd0664e0a02292b9fcc49a614e2b_2,2,"['watercraft_ee09bd0664e0a02292b9fcc49a614e2b_008.png', 'watercraft_ee09bd0664e0a02292b9fcc49a614e2b_014.png', 'watercraft_79a13d8bffa87b8ba8ae9698506bed5_009.png']",0.15921597298139156
watercraft,watercraft_train_c1,watercraft_c1_train_82be57a43d5d1e14fa286e2f06a75d07_0,1,"['watercraft_82be57a43d5d1e14fa286e2f06a75d07_006.png', 'watercraft_fbc2e96b16209642fc86577bf738024a_006.png', 'watercraft_82be57a43d5d1e14fa286e2f06a75d07_014.png']",0.04900030988144677
watercraft,watercraft_train_c1,watercraft_c1_train_82be57a43d5d1e14fa286e2f06a75d07_1,2,"['watercraft_82be57a43d5d1e14fa286e2f06a75d07_001.png', 'watercraft_82be57a43d5d1e14fa286e2f06a75d07_010.png', 'watercraft_fbc2e96b16209642fc86577bf738024a_013.png']",0.04900030988144677
watercraft,watercraft_train_c1,watercraft_c1_train_82be57a43d5d1e14fa286e2f06a75d07_2,1,"['watercraft_82be57a43d5d1e14fa286e2f06a75d07_006.png', 'watercraft_bf4386d3e823a09e57a4e26112104eae_004.png', 'watercraft_82be57a43d5d1e14fa286e2f06a75d07_009.png']",0.037289040109931726
watercraft,watercraft_train_c1,watercraft_c1_train_61053086346058bd2b477561b6a06f5c_0,0,"['watercraft_82be57a43d5d1e14fa286e2f06a75d07_008.png', 'watercraft_61053086346058bd2b477561b6a06f5c_009.png', 'watercraft_61053086346058bd2b477561b6a06f5c_005.png']",0.050247121594862
watercraft,watercraft_train_c1,watercraft_c1_train_61053086346058bd2b477561b6a06f5c_1,0,"['watercraft_82be57a43d5d1e14fa286e2f06a75d07_001.png', 'watercraft_61053086346058bd2b477561b6a06f5c_011.png', 'watercraft_61053086346058bd2b477561b6a06f5c_012.png']",0.050247121594862
watercraft,watercraft_train_c1,watercraft_c1_train_61053086346058bd2b477561b6a06f5c_2,2,"['watercraft_61053086346058bd2b477561b6a06f5c_011.png', 'watercraft_61053086346058bd2b477561b6a06f5c_002.png', 'watercraft_82be57a43d5d1e14fa286e2f06a75d07_009.png']",0.050247121594862
watercraft,watercraft_train_c1,watercraft_c1_train_c8bce97e59665f2811b9a587ace886f7_0,0,"['watercraft_fbc2e96b16209642fc86577bf738024a_009.png', 'watercraft_c8bce97e59665f2811b9a587ace886f7_003.png', 'watercraft_c8bce97e59665f2811b9a587ace886f7_012.png']",0.050684428031226636
watercraft,watercraft_train_c1,watercraft_c1_train_c8bce97e59665f2811b9a587ace886f7_1,2,"['watercraft_c8bce97e59665f2811b9a587ace886f7_005.png', 'watercraft_c8bce97e59665f2811b9a587ace886f7_004.png', 'watercraft_a6af4bc3629fc5101998595492ff7acf_002.png']",0.07270418709638737
watercraft,watercraft_train_c1,watercraft_c1_train_c8bce97e59665f2811b9a587ace886f7_2,0,"['watercraft_fbc2e96b16209642fc86577bf738024a_004.png', 'watercraft_c8bce97e59665f2811b9a587ace886f7_012.png', 'watercraft_c8bce97e59665f2811b9a587ace886f7_006.png']",0.050684428031226636
watercraft,watercraft_train_c1,watercraft_c1_train_5261e8e52d1581d2398589a18564a81_0,0,"['watercraft_6737f75bb87e3cc0847c4e55bb965ab0_007.png', 'watercraft_5261e8e52d1581d2398589a18564a81_000.png', 'watercraft_5261e8e52d1581d2398589a18564a81_011.png']",0.17027705619570255
watercraft,watercraft_train_c1,watercraft_c1_train_5261e8e52d1581d2398589a18564a81_1,2,"['watercraft_5261e8e52d1581d2398589a18564a81_001.png', 'watercraft_5261e8e52d1581d2398589a18564a81_007.png', 'watercraft_cc4f56a126353cd81985296f8eaaf6ef_009.png']",0.1003010960582501
watercraft,watercraft_train_c1,watercraft_c1_train_5261e8e52d1581d2398589a18564a81_2,0,"['watercraft_cc4f56a126353cd81985296f8eaaf6ef_006.png', 'watercraft_5261e8e52d1581d2398589a18564a81_009.png', 'watercraft_5261e8e52d1581d2398589a18564a81_005.png']",0.1003010960582501
watercraft,watercraft_train_c1,watercraft_c1_train_5a3924c1fb78bb908dea00b146cfa3de_0,0,"['watercraft_4bb41171f7e6505bc32f927674bfca67_013.png', 'watercraft_5a3924c1fb78bb908dea00b146cfa3de_013.png', 'watercraft_5a3924c1fb78bb908dea00b146cfa3de_007.png']",0.14205950382092503
watercraft,watercraft_train_c1,watercraft_c1_train_5a3924c1fb78bb908dea00b146cfa3de_1,1,"['watercraft_5a3924c1fb78bb908dea00b146cfa3de_010.png', 'watercraft_c8bce97e59665f2811b9a587ace886f7_012.png', 'watercraft_5a3924c1fb78bb908dea00b146cfa3de_004.png']",0.17288774127674866
watercraft,watercraft_train_c1,watercraft_c1_train_5a3924c1fb78bb908dea00b146cfa3de_2,1,"['watercraft_5a3924c1fb78bb908dea00b146cfa3de_009.png', 'watercraft_2fcb8c472f1cbdef185cce17ce166549_011.png', 'watercraft_5a3924c1fb78bb908dea00b146cfa3de_012.png']",0.16217559931553305
watercraft,watercraft_train_c2,watercraft_c2_train_e0d1f833e8dc5c604947b319a9e09fd_0,1,"['watercraft_e0d1f833e8dc5c604947b319a9e09fd_013.png', 'watercraft_969163f17ce6467d9378da473ee38a8d_000.png', 'watercraft_e0d1f833e8dc5c604947b319a9e09fd_010.png']",0.027513551097634315
watercraft,watercraft_train_c2,watercraft_c2_train_e0d1f833e8dc5c604947b319a9e09fd_1,0,"['watercraft_6fbf3621aa1d3a8e49f0e3dd7767881_008.png', 'watercraft_e0d1f833e8dc5c604947b319a9e09fd_007.png', 'watercraft_e0d1f833e8dc5c604947b319a9e09fd_003.png']",0.04740812295494379
watercraft,watercraft_train_c2,watercraft_c2_train_e0d1f833e8dc5c604947b319a9e09fd_2,1,"['watercraft_e0d1f833e8dc5c604947b319a9e09fd_005.png', 'watercraft_6fbf3621aa1d3a8e49f0e3dd7767881_011.png', 'watercraft_e0d1f833e8dc5c604947b319a9e09fd_000.png']",0.04740812295494379
watercraft,watercraft_train_c2,watercraft_c2_train_587793fcbae6a6fbf5abe4b4be4c3d4b_0,0,"['watercraft_1eac28fe0b2d620bf0f75e254acd7ce4_010.png', 'watercraft_587793fcbae6a6fbf5abe4b4be4c3d4b_003.png', 'watercraft_587793fcbae6a6fbf5abe4b4be4c3d4b_013.png']",0.06588658734466446
watercraft,watercraft_train_c2,watercraft_c2_train_587793fcbae6a6fbf5abe4b4be4c3d4b_1,0,"['watercraft_9a0c149f5c47207f22252c899eb7861f_014.png', 'watercraft_587793fcbae6a6fbf5abe4b4be4c3d4b_010.png', 'watercraft_587793fcbae6a6fbf5abe4b4be4c3d4b_011.png']",0.05648013510295524
watercraft,watercraft_train_c2,watercraft_c2_train_587793fcbae6a6fbf5abe4b4be4c3d4b_2,1,"['watercraft_587793fcbae6a6fbf5abe4b4be4c3d4b_012.png', 'watercraft_e5ede813e9f07ee4f3e39f2e17005efc_011.png', 'watercraft_587793fcbae6a6fbf5abe4b4be4c3d4b_008.png']",0.06926124895338992
watercraft,watercraft_train_c2,watercraft_c2_train_81358250f7b811e73c70f7afafd32393_0,1,"['watercraft_81358250f7b811e73c70f7afafd32393_000.png', 'watercraft_65f78142a6c33a89ea7dce1646d86149_003.png', 'watercraft_81358250f7b811e73c70f7afafd32393_007.png']",0.0640856334840032
watercraft,watercraft_train_c2,watercraft_c2_train_81358250f7b811e73c70f7afafd32393_1,1,"['watercraft_81358250f7b811e73c70f7afafd32393_001.png', 'watercraft_65f78142a6c33a89ea7dce1646d86149_001.png', 'watercraft_81358250f7b811e73c70f7afafd32393_000.png']",0.0640856334840032
watercraft,watercraft_train_c2,watercraft_c2_train_81358250f7b811e73c70f7afafd32393_2,0,"['watercraft_950ebca8ad7d94051fba2cab1ada6bf6_001.png', 'watercraft_81358250f7b811e73c70f7afafd32393_005.png', 'watercraft_81358250f7b811e73c70f7afafd32393_010.png']",0.047711595836771536
watercraft,watercraft_train_c2,watercraft_c2_train_ab9359cafda4fd98a726cf6fcecd0742_0,0,"['watercraft_6fbf3621aa1d3a8e49f0e3dd7767881_006.png', 'watercraft_ab9359cafda4fd98a726cf6fcecd0742_008.png', 'watercraft_ab9359cafda4fd98a726cf6fcecd0742_014.png']",0.047317052034213325
watercraft,watercraft_train_c2,watercraft_c2_train_ab9359cafda4fd98a726cf6fcecd0742_1,1,"['watercraft_ab9359cafda4fd98a726cf6fcecd0742_001.png', 'watercraft_e0d1f833e8dc5c604947b319a9e09fd_002.png', 'watercraft_ab9359cafda4fd98a726cf6fcecd0742_000.png']",0.07039220110584865
watercraft,watercraft_train_c2,watercraft_c2_train_ab9359cafda4fd98a726cf6fcecd0742_2,0,"['watercraft_81358250f7b811e73c70f7afafd32393_000.png', 'watercraft_ab9359cafda4fd98a726cf6fcecd0742_007.png', 'watercraft_ab9359cafda4fd98a726cf6fcecd0742_005.png']",0.04210678935412793
watercraft,watercraft_train_c2,watercraft_c2_train_8cf34976d5cb61b0f8901acdb7280141_0,1,"['watercraft_8cf34976d5cb61b0f8901acdb7280141_010.png', 'watercraft_74093f3d2583f3be7b0299baad14624c_009.png', 'watercraft_8cf34976d5cb61b0f8901acdb7280141_001.png']",0.07535925001868282
watercraft,watercraft_train_c2,watercraft_c2_train_8cf34976d5cb61b0f8901acdb7280141_1,2,"['watercraft_8cf34976d5cb61b0f8901acdb7280141_003.png', 'watercraft_8cf34976d5cb61b0f8901acdb7280141_002.png', 'watercraft_d3043fff20dad5c41dc762869682f4f_002.png']",0.07093147566197011
watercraft,watercraft_train_c2,watercraft_c2_train_8cf34976d5cb61b0f8901acdb7280141_2,1,"['watercraft_8cf34976d5cb61b0f8901acdb7280141_012.png', 'watercraft_9a0c149f5c47207f22252c899eb7861f_005.png', 'watercraft_8cf34976d5cb61b0f8901acdb7280141_002.png']",0.055596589676062846
watercraft,watercraft_train_c2,watercraft_c2_train_74093f3d2583f3be7b0299baad14624c_0,1,"['watercraft_74093f3d2583f3be7b0299baad14624c_003.png', 'watercraft_e5ede813e9f07ee4f3e39f2e17005efc_013.png', 'watercraft_74093f3d2583f3be7b0299baad14624c_007.png']",0.056771098087659344
watercraft,watercraft_train_c2,watercraft_c2_train_74093f3d2583f3be7b0299baad14624c_1,1,"['watercraft_74093f3d2583f3be7b0299baad14624c_010.png', 'watercraft_e5ede813e9f07ee4f3e39f2e17005efc_014.png', 'watercraft_74093f3d2583f3be7b0299baad14624c_009.png']",0.056771098087659344
watercraft,watercraft_train_c2,watercraft_c2_train_74093f3d2583f3be7b0299baad14624c_2,2,"['watercraft_74093f3d2583f3be7b0299baad14624c_002.png', 'watercraft_74093f3d2583f3be7b0299baad14624c_001.png', 'watercraft_e5ede813e9f07ee4f3e39f2e17005efc_001.png']",0.056771098087659344
watercraft,watercraft_train_c2,watercraft_c2_train_a8db7dcc16750af73c83f6e156ad107a_0,0,"['watercraft_d3043fff20dad5c41dc762869682f4f_012.png', 'watercraft_a8db7dcc16750af73c83f6e156ad107a_003.png', 'watercraft_a8db7dcc16750af73c83f6e156ad107a_014.png']",0.058168290033207004
watercraft,watercraft_train_c2,watercraft_c2_train_a8db7dcc16750af73c83f6e156ad107a_1,1,"['watercraft_a8db7dcc16750af73c83f6e156ad107a_006.png', 'watercraft_6fbf3621aa1d3a8e49f0e3dd7767881_006.png', 'watercraft_a8db7dcc16750af73c83f6e156ad107a_008.png']",0.04223420966485836
watercraft,watercraft_train_c2,watercraft_c2_train_a8db7dcc16750af73c83f6e156ad107a_2,1,"['watercraft_a8db7dcc16750af73c83f6e156ad107a_005.png', 'watercraft_e0d1f833e8dc5c604947b319a9e09fd_002.png', 'watercraft_a8db7dcc16750af73c83f6e156ad107a_012.png']",0.05221142192162498
watercraft,watercraft_train_c2,watercraft_c2_train_65f78142a6c33a89ea7dce1646d86149_0,0,"['watercraft_f4aa1a1c7216fdfcd3d8a17e1b074875_003.png', 'watercraft_65f78142a6c33a89ea7dce1646d86149_001.png', 'watercraft_65f78142a6c33a89ea7dce1646d86149_004.png']",0.05072704343243517
watercraft,watercraft_train_c2,watercraft_c2_train_65f78142a6c33a89ea7dce1646d86149_1,0,"['watercraft_4fbc7c634bd4488798b8c800ae001b66_004.png', 'watercraft_65f78142a6c33a89ea7dce1646d86149_004.png', 'watercraft_65f78142a6c33a89ea7dce1646d86149_012.png']",0.02579311813770857
watercraft,watercraft_train_c2,watercraft_c2_train_65f78142a6c33a89ea7dce1646d86149_2,0,"['watercraft_4fbc7c634bd4488798b8c800ae001b66_009.png', 'watercraft_65f78142a6c33a89ea7dce1646d86149_000.png', 'watercraft_65f78142a6c33a89ea7dce1646d86149_011.png']",0.02579311813770857
watercraft,watercraft_train_c2,watercraft_c2_train_969163f17ce6467d9378da473ee38a8d_0,1,"['watercraft_969163f17ce6467d9378da473ee38a8d_011.png', 'watercraft_23c31b1c25689d2a7ba04de7d6d93ce8_007.png', 'watercraft_969163f17ce6467d9378da473ee38a8d_001.png']",0.04144592152524218
watercraft,watercraft_train_c2,watercraft_c2_train_969163f17ce6467d9378da473ee38a8d_1,1,"['watercraft_969163f17ce6467d9378da473ee38a8d_004.png', 'watercraft_e0d1f833e8dc5c604947b319a9e09fd_007.png', 'watercraft_969163f17ce6467d9378da473ee38a8d_005.png']",0.027513551097634315
watercraft,watercraft_train_c2,watercraft_c2_train_969163f17ce6467d9378da473ee38a8d_2,2,"['watercraft_969163f17ce6467d9378da473ee38a8d_001.png', 'watercraft_969163f17ce6467d9378da473ee38a8d_006.png', 'watercraft_23c31b1c25689d2a7ba04de7d6d93ce8_013.png']",0.04144592152524218
watercraft,watercraft_train_c2,watercraft_c2_train_9a0c149f5c47207f22252c899eb7861f_0,1,"['watercraft_9a0c149f5c47207f22252c899eb7861f_010.png', 'watercraft_587793fcbae6a6fbf5abe4b4be4c3d4b_009.png', 'watercraft_9a0c149f5c47207f22252c899eb7861f_005.png']",0.05648013510295524
watercraft,watercraft_train_c2,watercraft_c2_train_9a0c149f5c47207f22252c899eb7861f_1,1,"['watercraft_9a0c149f5c47207f22252c899eb7861f_009.png', 'watercraft_969163f17ce6467d9378da473ee38a8d_005.png', 'watercraft_9a0c149f5c47207f22252c899eb7861f_004.png']",0.04855836373689171
watercraft,watercraft_train_c2,watercraft_c2_train_9a0c149f5c47207f22252c899eb7861f_2,1,"['watercraft_9a0c149f5c47207f22252c899eb7861f_014.png', 'watercraft_587793fcbae6a6fbf5abe4b4be4c3d4b_005.png', 'watercraft_9a0c149f5c47207f22252c899eb7861f_007.png']",0.05648013510295524
watercraft,watercraft_train_c2,watercraft_c2_train_e5ede813e9f07ee4f3e39f2e17005efc_0,2,"['watercraft_e5ede813e9f07ee4f3e39f2e17005efc_003.png', 'watercraft_e5ede813e9f07ee4f3e39f2e17005efc_001.png', 'watercraft_6cc258399daf767ae1942965937d3cef_013.png']",0.0703143827435685
watercraft,watercraft_train_c2,watercraft_c2_train_e5ede813e9f07ee4f3e39f2e17005efc_1,2,"['watercraft_e5ede813e9f07ee4f3e39f2e17005efc_013.png', 'watercraft_e5ede813e9f07ee4f3e39f2e17005efc_014.png', 'watercraft_9a0c149f5c47207f22252c899eb7861f_009.png']",0.10811090095913012
watercraft,watercraft_train_c2,watercraft_c2_train_e5ede813e9f07ee4f3e39f2e17005efc_2,2,"['watercraft_e5ede813e9f07ee4f3e39f2e17005efc_001.png', 'watercraft_e5ede813e9f07ee4f3e39f2e17005efc_004.png', 'watercraft_6cc258399daf767ae1942965937d3cef_014.png']",0.0703143827435685
watercraft,watercraft_train_c2,watercraft_c2_train_f4aa1a1c7216fdfcd3d8a17e1b074875_0,0,"['watercraft_950ebca8ad7d94051fba2cab1ada6bf6_011.png', 'watercraft_f4aa1a1c7216fdfcd3d8a17e1b074875_013.png', 'watercraft_f4aa1a1c7216fdfcd3d8a17e1b074875_004.png']",0.0889002745543509
watercraft,watercraft_train_c2,watercraft_c2_train_f4aa1a1c7216fdfcd3d8a17e1b074875_1,2,"['watercraft_f4aa1a1c7216fdfcd3d8a17e1b074875_012.png', 'watercraft_f4aa1a1c7216fdfcd3d8a17e1b074875_013.png', 'watercraft_4fbc7c634bd4488798b8c800ae001b66_004.png']",0.0663738700947466
watercraft,watercraft_train_c2,watercraft_c2_train_f4aa1a1c7216fdfcd3d8a17e1b074875_2,1,"['watercraft_f4aa1a1c7216fdfcd3d8a17e1b074875_000.png', 'watercraft_950ebca8ad7d94051fba2cab1ada6bf6_003.png', 'watercraft_f4aa1a1c7216fdfcd3d8a17e1b074875_008.png']",0.0889002745543509
watercraft,watercraft_train_c2,watercraft_c2_train_6fbf3621aa1d3a8e49f0e3dd7767881_0,0,"['watercraft_ab9359cafda4fd98a726cf6fcecd0742_009.png', 'watercraft_6fbf3621aa1d3a8e49f0e3dd7767881_005.png', 'watercraft_6fbf3621aa1d3a8e49f0e3dd7767881_007.png']",0.047317052034213325
watercraft,watercraft_train_c2,watercraft_c2_train_6fbf3621aa1d3a8e49f0e3dd7767881_1,2,"['watercraft_6fbf3621aa1d3a8e49f0e3dd7767881_000.png', 'watercraft_6fbf3621aa1d3a8e49f0e3dd7767881_014.png', 'watercraft_7aeadfeb93825b387b3c166137b0d772_008.png']",0.0385757160123098
watercraft,watercraft_train_c2,watercraft_c2_train_6fbf3621aa1d3a8e49f0e3dd7767881_2,2,"['watercraft_6fbf3621aa1d3a8e49f0e3dd7767881_000.png', 'watercraft_6fbf3621aa1d3a8e49f0e3dd7767881_012.png', 'watercraft_969163f17ce6467d9378da473ee38a8d_012.png']",0.05072020240025776
watercraft,watercraft_train_c2,watercraft_c2_train_d3043fff20dad5c41dc762869682f4f_0,2,"['watercraft_d3043fff20dad5c41dc762869682f4f_007.png', 'watercraft_d3043fff20dad5c41dc762869682f4f_010.png', 'watercraft_4fbc7c634bd4488798b8c800ae001b66_009.png']",0.06878974542264849
watercraft,watercraft_train_c2,watercraft_c2_train_d3043fff20dad5c41dc762869682f4f_1,2,"['watercraft_d3043fff20dad5c41dc762869682f4f_010.png', 'watercraft_d3043fff20dad5c41dc762869682f4f_009.png', 'watercraft_f4aa1a1c7216fdfcd3d8a17e1b074875_014.png']",0.060420887482065866
watercraft,watercraft_train_c2,watercraft_c2_train_d3043fff20dad5c41dc762869682f4f_2,0,"['watercraft_a8db7dcc16750af73c83f6e156ad107a_002.png', 'watercraft_d3043fff20dad5c41dc762869682f4f_006.png', 'watercraft_d3043fff20dad5c41dc762869682f4f_011.png']",0.058168290033207004
watercraft,watercraft_train_c2,watercraft_c2_train_7aeadfeb93825b387b3c166137b0d772_0,2,"['watercraft_7aeadfeb93825b387b3c166137b0d772_001.png', 'watercraft_7aeadfeb93825b387b3c166137b0d772_003.png', 'watercraft_ab9359cafda4fd98a726cf6fcecd0742_006.png']",0.041139346947157374
watercraft,watercraft_train_c2,watercraft_c2_train_7aeadfeb93825b387b3c166137b0d772_1,2,"['watercraft_7aeadfeb93825b387b3c166137b0d772_005.png', 'watercraft_7aeadfeb93825b387b3c166137b0d772_010.png', 'watercraft_969163f17ce6467d9378da473ee38a8d_008.png']",0.049332820677218336
watercraft,watercraft_train_c2,watercraft_c2_train_7aeadfeb93825b387b3c166137b0d772_2,1,"['watercraft_7aeadfeb93825b387b3c166137b0d772_010.png', 'watercraft_969163f17ce6467d9378da473ee38a8d_000.png', 'watercraft_7aeadfeb93825b387b3c166137b0d772_006.png']",0.049332820677218336
watercraft,watercraft_train_c2,watercraft_c2_train_b5b320871c5dd884a24134966691a2dc_0,1,"['watercraft_b5b320871c5dd884a24134966691a2dc_000.png', 'watercraft_e0d1f833e8dc5c604947b319a9e09fd_002.png', 'watercraft_b5b320871c5dd884a24134966691a2dc_014.png']",0.06577917414002432
watercraft,watercraft_train_c2,watercraft_c2_train_b5b320871c5dd884a24134966691a2dc_1,1,"['watercraft_b5b320871c5dd884a24134966691a2dc_002.png', 'watercraft_ff77dc4561e1a8a531d119333f70ecc8_010.png', 'watercraft_b5b320871c5dd884a24134966691a2dc_001.png']",0.09113733002585611
watercraft,watercraft_train_c2,watercraft_c2_train_b5b320871c5dd884a24134966691a2dc_2,1,"['watercraft_b5b320871c5dd884a24134966691a2dc_001.png', 'watercraft_969163f17ce6467d9378da473ee38a8d_013.png', 'watercraft_b5b320871c5dd884a24134966691a2dc_007.png']",0.06386830847543401
watercraft,watercraft_train_c2,watercraft_c2_train_950ebca8ad7d94051fba2cab1ada6bf6_0,2,"['watercraft_950ebca8ad7d94051fba2cab1ada6bf6_014.png', 'watercraft_950ebca8ad7d94051fba2cab1ada6bf6_001.png', 'watercraft_4fbc7c634bd4488798b8c800ae001b66_013.png']",0.040447873059904715
watercraft,watercraft_train_c2,watercraft_c2_train_950ebca8ad7d94051fba2cab1ada6bf6_1,0,"['watercraft_4fbc7c634bd4488798b8c800ae001b66_000.png', 'watercraft_950ebca8ad7d94051fba2cab1ada6bf6_006.png', 'watercraft_950ebca8ad7d94051fba2cab1ada6bf6_001.png']",0.040447873059904715
watercraft,watercraft_train_c2,watercraft_c2_train_950ebca8ad7d94051fba2cab1ada6bf6_2,2,"['watercraft_950ebca8ad7d94051fba2cab1ada6bf6_000.png', 'watercraft_950ebca8ad7d94051fba2cab1ada6bf6_012.png', 'watercraft_8cf34976d5cb61b0f8901acdb7280141_010.png']",0.056020952844065164
watercraft,watercraft_train_c2,watercraft_c2_train_47adcb0683a3de6cd202a4790115f0c_0,0,"['watercraft_74093f3d2583f3be7b0299baad14624c_010.png', 'watercraft_47adcb0683a3de6cd202a4790115f0c_003.png', 'watercraft_47adcb0683a3de6cd202a4790115f0c_014.png']",0.09613771709677255
watercraft,watercraft_train_c2,watercraft_c2_train_47adcb0683a3de6cd202a4790115f0c_1,1,"['watercraft_47adcb0683a3de6cd202a4790115f0c_012.png', 'watercraft_f4aa1a1c7216fdfcd3d8a17e1b074875_013.png', 'watercraft_47adcb0683a3de6cd202a4790115f0c_002.png']",0.08348865408698802
watercraft,watercraft_train_c2,watercraft_c2_train_47adcb0683a3de6cd202a4790115f0c_2,2,"['watercraft_47adcb0683a3de6cd202a4790115f0c_011.png', 'watercraft_47adcb0683a3de6cd202a4790115f0c_010.png', 'watercraft_74093f3d2583f3be7b0299baad14624c_012.png']",0.09613771709677255
watercraft,watercraft_train_c2,watercraft_c2_train_ff77dc4561e1a8a531d119333f70ecc8_0,2,"['watercraft_ff77dc4561e1a8a531d119333f70ecc8_010.png', 'watercraft_ff77dc4561e1a8a531d119333f70ecc8_006.png', 'watercraft_74093f3d2583f3be7b0299baad14624c_003.png']",0.1446414363206565
watercraft,watercraft_train_c2,watercraft_c2_train_ff77dc4561e1a8a531d119333f70ecc8_1,0,"['watercraft_74093f3d2583f3be7b0299baad14624c_014.png', 'watercraft_ff77dc4561e1a8a531d119333f70ecc8_005.png', 'watercraft_ff77dc4561e1a8a531d119333f70ecc8_013.png']",0.1446414363206565
watercraft,watercraft_train_c2,watercraft_c2_train_ff77dc4561e1a8a531d119333f70ecc8_2,1,"['watercraft_ff77dc4561e1a8a531d119333f70ecc8_001.png', 'watercraft_74093f3d2583f3be7b0299baad14624c_003.png', 'watercraft_ff77dc4561e1a8a531d119333f70ecc8_009.png']",0.1446414363206565
watercraft,watercraft_train_c2,watercraft_c2_train_1eac28fe0b2d620bf0f75e254acd7ce4_0,1,"['watercraft_1eac28fe0b2d620bf0f75e254acd7ce4_004.png', 'watercraft_65f78142a6c33a89ea7dce1646d86149_014.png', 'watercraft_1eac28fe0b2d620bf0f75e254acd7ce4_011.png']",0.07543942490302724
watercraft,watercraft_train_c2,watercraft_c2_train_1eac28fe0b2d620bf0f75e254acd7ce4_1,1,"['watercraft_1eac28fe0b2d620bf0f75e254acd7ce4_011.png', 'watercraft_9a0c149f5c47207f22252c899eb7861f_004.png', 'watercraft_1eac28fe0b2d620bf0f75e254acd7ce4_013.png']",0.029173096305636692
watercraft,watercraft_train_c2,watercraft_c2_train_1eac28fe0b2d620bf0f75e254acd7ce4_2,2,"['watercraft_1eac28fe0b2d620bf0f75e254acd7ce4_013.png', 'watercraft_1eac28fe0b2d620bf0f75e254acd7ce4_009.png', 'watercraft_6cc258399daf767ae1942965937d3cef_010.png']",0.07235157351395938
watercraft,watercraft_train_c2,watercraft_c2_train_4fbc7c634bd4488798b8c800ae001b66_0,1,"['watercraft_4fbc7c634bd4488798b8c800ae001b66_005.png', 'watercraft_950ebca8ad7d94051fba2cab1ada6bf6_005.png', 'watercraft_4fbc7c634bd4488798b8c800ae001b66_000.png']",0.040447873059904715
watercraft,watercraft_train_c2,watercraft_c2_train_4fbc7c634bd4488798b8c800ae001b66_1,2,"['watercraft_4fbc7c634bd4488798b8c800ae001b66_013.png', 'watercraft_4fbc7c634bd4488798b8c800ae001b66_010.png', 'watercraft_65f78142a6c33a89ea7dce1646d86149_010.png']",0.02579311813770857
watercraft,watercraft_train_c2,watercraft_c2_train_4fbc7c634bd4488798b8c800ae001b66_2,0,"['watercraft_950ebca8ad7d94051fba2cab1ada6bf6_013.png', 'watercraft_4fbc7c634bd4488798b8c800ae001b66_004.png', 'watercraft_4fbc7c634bd4488798b8c800ae001b66_014.png']",0.040447873059904715
watercraft,watercraft_train_c2,watercraft_c2_train_6cc258399daf767ae1942965937d3cef_0,2,"['watercraft_6cc258399daf767ae1942965937d3cef_012.png', 'watercraft_6cc258399daf767ae1942965937d3cef_008.png', 'watercraft_23c31b1c25689d2a7ba04de7d6d93ce8_001.png']",0.02474472113307724
watercraft,watercraft_train_c2,watercraft_c2_train_6cc258399daf767ae1942965937d3cef_1,0,"['watercraft_e0d1f833e8dc5c604947b319a9e09fd_000.png', 'watercraft_6cc258399daf767ae1942965937d3cef_001.png', 'watercraft_6cc258399daf767ae1942965937d3cef_014.png']",0.06400854421897728
watercraft,watercraft_train_c2,watercraft_c2_train_6cc258399daf767ae1942965937d3cef_2,2,"['watercraft_6cc258399daf767ae1942965937d3cef_012.png', 'watercraft_6cc258399daf767ae1942965937d3cef_010.png', 'watercraft_e0d1f833e8dc5c604947b319a9e09fd_012.png']",0.06400854421897728
watercraft,watercraft_train_c2,watercraft_c2_train_23c31b1c25689d2a7ba04de7d6d93ce8_0,2,"['watercraft_23c31b1c25689d2a7ba04de7d6d93ce8_007.png', 'watercraft_23c31b1c25689d2a7ba04de7d6d93ce8_008.png', 'watercraft_6cc258399daf767ae1942965937d3cef_003.png']",0.02474472113307724
watercraft,watercraft_train_c2,watercraft_c2_train_23c31b1c25689d2a7ba04de7d6d93ce8_1,2,"['watercraft_23c31b1c25689d2a7ba04de7d6d93ce8_012.png', 'watercraft_23c31b1c25689d2a7ba04de7d6d93ce8_003.png', 'watercraft_e0d1f833e8dc5c604947b319a9e09fd_011.png']",0.050192366711879766
watercraft,watercraft_train_c2,watercraft_c2_train_23c31b1c25689d2a7ba04de7d6d93ce8_2,1,"['watercraft_23c31b1c25689d2a7ba04de7d6d93ce8_001.png', 'watercraft_e0d1f833e8dc5c604947b319a9e09fd_005.png', 'watercraft_23c31b1c25689d2a7ba04de7d6d93ce8_002.png']",0.050192366711879766
watercraft,watercraft_train_c2,watercraft_c2_train_89ca399e4ab129a60014fe834c82238_0,1,"['watercraft_89ca399e4ab129a60014fe834c82238_013.png', 'watercraft_b5b320871c5dd884a24134966691a2dc_002.png', 'watercraft_89ca399e4ab129a60014fe834c82238_008.png']",0.11296341171023372
watercraft,watercraft_train_c2,watercraft_c2_train_89ca399e4ab129a60014fe834c82238_1,2,"['watercraft_89ca399e4ab129a60014fe834c82238_002.png', 'watercraft_89ca399e4ab129a60014fe834c82238_000.png', 'watercraft_e0d1f833e8dc5c604947b319a9e09fd_009.png']",0.11660709708248262
watercraft,watercraft_train_c2,watercraft_c2_train_89ca399e4ab129a60014fe834c82238_2,1,"['watercraft_89ca399e4ab129a60014fe834c82238_000.png', 'watercraft_23c31b1c25689d2a7ba04de7d6d93ce8_005.png', 'watercraft_89ca399e4ab129a60014fe834c82238_009.png']",0.13065623323735698
watercraft,watercraft_train_c2,watercraft_c2_train_1f2e662c92843dc9c083d5272d526845_0,2,"['watercraft_1f2e662c92843dc9c083d5272d526845_012.png', 'watercraft_1f2e662c92843dc9c083d5272d526845_011.png', 'watercraft_ff77dc4561e1a8a531d119333f70ecc8_002.png']",0.12078854367191705
watercraft,watercraft_train_c2,watercraft_c2_train_1f2e662c92843dc9c083d5272d526845_1,0,"['watercraft_7aeadfeb93825b387b3c166137b0d772_007.png', 'watercraft_1f2e662c92843dc9c083d5272d526845_009.png', 'watercraft_1f2e662c92843dc9c083d5272d526845_000.png']",0.0988522628924201
watercraft,watercraft_train_c2,watercraft_c2_train_1f2e662c92843dc9c083d5272d526845_2,0,"['watercraft_ff77dc4561e1a8a531d119333f70ecc8_013.png', 'watercraft_1f2e662c92843dc9c083d5272d526845_001.png', 'watercraft_1f2e662c92843dc9c083d5272d526845_007.png']",0.12078854367191705
