trial,dAB,dist2000,pre,ft2000
chair_c0_c0f2673cb32574014e972edcee1ee23_0,0.3280252935900221,0.2113114105620374,0.1652801930904388,0.2371997833251953
chair_c0_c0f2673cb32574014e972edcee1ee23_1,0.27825201700770685,0.1689136568062317,-0.0361708998680114,0.1156729161739349
chair_c0_c0f2673cb32574014e972edcee1ee23_2,0.32193544323518886,0.1913788432536014,-0.0607917010784149,0.1028567254543304
chair_c0_dbf5ea40382c5efed30107faf024a18b_0,0.32878929922761047,0.172488277626757,0.1052289009094238,0.2856848835945129
chair_c0_dbf5ea40382c5efed30107faf024a18b_1,0.3239822582278802,0.1611254982439424,-0.0309948921203613,0.013731300830841
chair_c0_dbf5ea40382c5efed30107faf024a18b_2,0.3488122460182441,0.1928476833361321,0.0420413017272949,0.0179274082183837
chair_c0_c50c2887ba2b5535c32fd7e88552aa9_0,0.44063768044172624,0.2527855082673083,-0.0361590385437011,-0.0108662247657775
chair_c0_c50c2887ba2b5535c32fd7e88552aa9_1,0.5182612052673661,0.2225666780724365,-0.0961970686912536,-0.041012167930603
chair_c0_c50c2887ba2b5535c32fd7e88552aa9_2,0.43610287645990486,0.2824127058642139,0.0444910526275634,0.1616668999195099
chair_c0_1b8e84935fdc3ec82be289de70e8db31_0,0.3883996811962249,0.239590847592599,0.106860339641571,0.0702695250511169
chair_c0_1b8e84935fdc3ec82be289de70e8db31_1,0.3858082966160652,0.2432151136963496,0.1175865530967712,0.2272844314575195
chair_c0_1b8e84935fdc3ec82be289de70e8db31_2,0.35792349532321843,0.208527572585695,0.0387850999832153,0.0876414775848388
chair_c0_f8c5604f39699e0fbbc2b2aef664ba29_0,0.1735185754951979,0.1768561843896235,0.0494109988212585,0.0953207314014434
chair_c0_f8c5604f39699e0fbbc2b2aef664ba29_1,0.24298008311513208,0.1688457404645392,0.0262672305107116,0.110440194606781
chair_c0_f8c5604f39699e0fbbc2b2aef664ba29_2,0.2560057033939638,0.1737075243673108,-0.0230713486671447,-0.0014137625694274
chair_c0_7ee09fdece7d9142afdb9a672b7d3b8a_0,0.10537794760498898,0.1147037806441162,0.0703915357589721,0.0808164477348327
chair_c0_7ee09fdece7d9142afdb9a672b7d3b8a_1,0.1874375156273307,0.1247126475171482,0.0139998793601989,0.0349076390266418
chair_c0_7ee09fdece7d9142afdb9a672b7d3b8a_2,0.10537794760498898,0.1147037806441162,0.057830274105072,0.1596270203590393
chair_c0_447a5eee395026fa8d09bc92d0fc6d3a_0,0.2632109526867463,0.1657373704721082,-0.1337974071502685,-0.0052408277988433
chair_c0_447a5eee395026fa8d09bc92d0fc6d3a_1,0.18026098081967679,0.1635929855475242,0.0357685685157775,0.1448915600776672
chair_c0_447a5eee395026fa8d09bc92d0fc6d3a_2,0.3083888241221213,0.1374219371091831,0.0893009901046752,0.1676843166351318
chair_c0_47dcabdd8618e5c4b3c9a4ebefe3bae0_0,0.3442274464313396,0.1664478296761221,0.1832132935523986,0.2200349569320678
chair_c0_47dcabdd8618e5c4b3c9a4ebefe3bae0_1,0.3490161763302049,0.2410002076975756,0.181084007024765,0.2359631657600402
chair_c0_47dcabdd8618e5c4b3c9a4ebefe3bae0_2,0.33794771170669713,0.1642643207333352,0.0284993052482604,0.1101459264755249
chair_c0_4e438ade91769be8c8687ff9b0b4e4ac_0,0.18307012739125084,0.1125202717013293,-0.0089417695999145,0.134255051612854
chair_c0_4e438ade91769be8c8687ff9b0b4e4ac_1,0.24313091901637174,0.1227866550740217,0.0469532012939453,0.1228560209274292
chair_c0_4e438ade91769be8c8687ff9b0b4e4ac_2,0.2338770570242119,0.1242159853982948,0.0213528275489807,0.1030521690845489
chair_c0_cb78334a5ad9517d7a31dd5af93fdb5c_0,0.3120303582563446,0.1589125969255103,0.2166720032691955,0.3526302129030227
chair_c0_cb78334a5ad9517d7a31dd5af93fdb5c_1,0.2597892063252175,0.171368916499848,0.1793325245380401,0.2294617742300033
chair_c0_cb78334a5ad9517d7a31dd5af93fdb5c_2,0.17179373445750024,0.1999373198804703,0.1180670857429504,0.1659705638885498
chair_c0_30d2d3c887f9592551ae1a6e89264401_0,0.3577248248439042,0.1761931201440243,0.0457529425621032,0.1421741843223571
chair_c0_30d2d3c887f9592551ae1a6e89264401_1,0.3461117881442859,0.164306806600696,0.0647159218788147,0.0394052863121032
chair_c0_30d2d3c887f9592551ae1a6e89264401_2,0.36261958355368873,0.1520410868727212,-0.0532894730567932,0.0408973693847656
chair_c0_6549c13a4c96b926f51fa0238791f5dc_0,0.3659439698244418,0.3306028371185472,0.2432047426700592,0.230561226606369
chair_c0_6549c13a4c96b926f51fa0238791f5dc_1,0.3386259916329597,0.3033256750365008,-0.0129452049732208,0.0576784610748291
chair_c0_6549c13a4c96b926f51fa0238791f5dc_2,0.47107374281564807,0.2964344566618581,0.039910078048706,0.0928854644298553
chair_c0_fe31beab802cfc56c2bcda262700befe_0,0.21021123975768263,0.1426510734571165,-0.0113915205001831,0.0509803593158721
chair_c0_fe31beab802cfc56c2bcda262700befe_1,0.2922296169280021,0.1553505196214336,0.2431484758853912,0.3615845143795013
chair_c0_fe31beab802cfc56c2bcda262700befe_2,0.32646667489732817,0.17799997446638,-0.0133426189422607,0.0719165205955505
chair_c0_2a8b0d30928d3161f7b783634bf3f92f_0,0.1922605653640469,0.1281128062041455,0.0005043745040893,0.0091012716293334
chair_c0_2a8b0d30928d3161f7b783634bf3f92f_1,0.17845443681878226,0.0919522985896959,0.0466598868370056,0.035943865776062
chair_c0_2a8b0d30928d3161f7b783634bf3f92f_2,0.1922605653640469,0.1281128062041455,-0.0250177383422851,-0.0019857883453369
chair_c0_a1adf14b24469f8835acfdef2ece21c0_0,0.37741354457906817,0.2369469926675199,0.0038134455680847,0.0961186289787292
chair_c0_a1adf14b24469f8835acfdef2ece21c0_1,0.2761516897920788,0.1673518127508928,0.2705458998680115,0.3663140833377838
chair_c0_a1adf14b24469f8835acfdef2ece21c0_2,0.3722747333733245,0.18661348623008,0.1216497421264648,0.208381175994873
chair_c0_969730a19872b564fdb60f509d2616e0_0,0.4433576745496217,0.3159123193302992,0.2015583217144012,0.2819317281246185
chair_c0_969730a19872b564fdb60f509d2616e0_1,0.5069627436043433,0.2654502955829377,-0.102408617734909,-0.0790396928787231
chair_c0_969730a19872b564fdb60f509d2616e0_2,0.3984362639288703,0.2807170343512291,0.0687099695205688,0.1289600729942321
chair_c0_8b39b501c9fa4d349b9f2eb77f5e247e_0,0.08508179217209155,0.0767167407124616,0.0297760367393493,-0.0022048950195312
chair_c0_8b39b501c9fa4d349b9f2eb77f5e247e_1,0.1520625239931609,0.0910441193432035,-0.0559892058372497,0.0481877326965332
chair_c0_8b39b501c9fa4d349b9f2eb77f5e247e_2,0.17329003450567115,0.094165263828027,-0.044284164905548,0.0841723084449768
chair_c0_4428b7dc4b6696812905b6e26038a78_0,0.09950904009826589,0.2294325905432543,-0.0315398573875427,-0.0241994857788085
chair_c0_4428b7dc4b6696812905b6e26038a78_1,0.45778024132713446,0.1942373055641842,0.1731653809547424,0.3432759195566177
chair_c0_4428b7dc4b6696812905b6e26038a78_2,0.4244768565242524,0.1702395155132243,0.0368722081184387,0.0656086206436157
chair_c0_6e98c5d61e008b4c2871cc0b3cc1a485_0,0.27831335244005784,0.1842989605607433,0.0325164794921875,0.0962341427803039
chair_c0_6e98c5d61e008b4c2871cc0b3cc1a485_1,0.29107212679151395,0.2137230222223643,0.205634593963623,0.1483022570610046
chair_c0_6e98c5d61e008b4c2871cc0b3cc1a485_2,0.3519394473732189,0.2385088367228588,0.0692323446273803,0.2226971089839935
chair_c0_4460e0885d82b7b5d9987a7cd00eb98d_0,0.2938297718684211,0.1530404377577003,0.0263747572898864,0.1772648692131042
chair_c0_4460e0885d82b7b5d9987a7cd00eb98d_1,0.2938297718684211,0.1530404377577003,0.0668501853942871,0.2845734059810638
chair_c0_4460e0885d82b7b5d9987a7cd00eb98d_2,0.2938297718684211,0.1530404377577003,-0.0849193334579467,0.0533421635627746
chair_c0_89d2cbab56c5a1d7297056ac457c1c31_0,0.2369660407325569,0.1803514969740407,0.0155417323112487,0.0245788097381591
chair_c0_89d2cbab56c5a1d7297056ac457c1c31_1,0.21555391581254124,0.1874818025126542,0.1188166141510009,0.0373076796531677
chair_c0_89d2cbab56c5a1d7297056ac457c1c31_2,0.21555391581254124,0.1874818025126542,-0.088957667350769,-0.0281788706779479
chair_c0_4e8d4cffee2c4361c612776a678dd571_0,0.64107294415253,0.3965437635436594,-0.0316337943077087,0.1407081484794616
chair_c0_4e8d4cffee2c4361c612776a678dd571_1,0.6900652399204119,0.4163554178020685,0.0746977925300598,0.2043758630752563
chair_c0_4e8d4cffee2c4361c612776a678dd571_2,0.6930584364096628,0.4070020617882594,0.079010397195816,0.0859833657741546
chair_c0_3316a00869217c2632ed7dae08823495_0,0.3072716264415347,0.1672275841310982,-0.0576368570327758,0.1799735128879547
chair_c0_3316a00869217c2632ed7dae08823495_1,0.3072716264415347,0.1672275841310982,0.0298032760620117,0.1560325026512146
chair_c0_3316a00869217c2632ed7dae08823495_2,0.3072716264415347,0.1672275841310982,0.2157336473464965,0.2614851593971252
chair_c0_3aab16309520fb21dc0a8cba62d9a78a_0,0.2929435665898402,0.1518677338822631,-0.068098247051239,0.0999854803085327
chair_c0_3aab16309520fb21dc0a8cba62d9a78a_1,0.2929435665898402,0.1518677338822631,-0.0242171287536621,0.0880407392978668
chair_c0_3aab16309520fb21dc0a8cba62d9a78a_2,0.22772309555673276,0.1638505020471845,-0.0435332655906677,0.073723018169403
chair_c0_2dc5055b8d900ec7db4b0ee93cf61ed1_0,0.509991702185567,0.2855291868695799,0.193338930606842,0.248441457748413
chair_c0_2dc5055b8d900ec7db4b0ee93cf61ed1_1,0.44076080205690293,0.2698164238521807,0.0226556062698364,0.0148873925209045
chair_c0_2dc5055b8d900ec7db4b0ee93cf61ed1_2,0.5433117127688778,0.299256003245786,0.0321728587150573,0.1120031476020813
chair_c0_3f60205b1eef5555a4bf007e7299d9cb_0,0.2993434691199366,0.125188381624775,0.1524314284324646,0.1694653034210205
chair_c0_3f60205b1eef5555a4bf007e7299d9cb_1,0.34252542410110554,0.1802959309771748,0.0808086991310119,0.1565006375312805
chair_c0_3f60205b1eef5555a4bf007e7299d9cb_2,0.3440121012162696,0.1655676262181021,0.0014429092407226,0.0232932567596435
chair_c0_78f722590b0885a61efc6aa41666df08_0,0.45038043612866285,0.250153977412525,0.1040617823600769,0.2460631132125854
chair_c0_78f722590b0885a61efc6aa41666df08_1,0.4490111156605664,0.2110357164410796,0.0919503569602966,0.1845597922801971
chair_c0_78f722590b0885a61efc6aa41666df08_2,0.4671607817950538,0.3008918718311146,0.0092990398406982,0.1440067589282989
chair_c0_5283a98b5c693e64ebefe6b1d594ad2e_0,0.3736419670684654,0.2218586978641377,0.0130179524421691,0.0939503908157348
chair_c0_5283a98b5c693e64ebefe6b1d594ad2e_1,0.3574584376170774,0.2186802203271907,0.0444529056549072,0.1246259212493896
chair_c0_5283a98b5c693e64ebefe6b1d594ad2e_2,0.3649204622347755,0.1890655588192068,0.1205508112907409,0.1106795668601989
chair_c0_3d7ebe5de86294b3f6bcd046624c43c9_0,0.22696673584986593,0.1768730465712191,0.1391829550266266,0.307897537946701
chair_c0_3d7ebe5de86294b3f6bcd046624c43c9_1,0.33141623140854726,0.1913851304688151,-0.0669834017753601,-0.0350067615509033
chair_c0_3d7ebe5de86294b3f6bcd046624c43c9_2,0.30288552109448175,0.2035139899878377,0.0521566271781921,0.0949547886848449
chair_c0_ad64210b56ed1bbf9096ff01c3d5022b_0,0.18101715600203527,0.1244864067609837,0.0637187957763671,0.0863301753997802
chair_c0_ad64210b56ed1bbf9096ff01c3d5022b_1,0.18101715600203527,0.1244864067609837,0.0407745242118835,0.0704996585845947
chair_c0_ad64210b56ed1bbf9096ff01c3d5022b_2,0.24298008311513208,0.1688457404645392,0.0446938872337341,0.1727221608161926
chair_c0_ef544a816432b0a78dabc11b24766ce2_0,0.7888046449889231,0.5013119217216666,0.2364178895950317,0.2963711321353912
chair_c0_ef544a816432b0a78dabc11b24766ce2_1,0.7856086101746763,0.5728376128802695,0.1457870006561279,0.1682060956954956
chair_c0_ef544a816432b0a78dabc11b24766ce2_2,0.7643714665845525,0.4429247141167488,0.0439340472221374,0.1444174945354461
chair_c0_33990ef5ffde80fa83bc207d8a5912e3_0,0.6273428200921853,0.2273620418413308,0.1298968493938446,-0.022063136100769
chair_c0_33990ef5ffde80fa83bc207d8a5912e3_1,0.39852834387353975,0.267319202369864,-0.0719649195671081,-0.0068266987800598
chair_c0_33990ef5ffde80fa83bc207d8a5912e3_2,0.2896372225366064,0.3768941382312363,0.1008700728416442,0.0643746852874755
chair_c0_3269630cf8dd9e87bfd5f349b1ab226_0,0.7401968983772951,0.2761683810121469,0.046344369649887,0.1260776221752166
chair_c0_3269630cf8dd9e87bfd5f349b1ab226_1,0.7401968983772951,0.2761683810121469,0.186087429523468,0.1615484058856964
chair_c0_3269630cf8dd9e87bfd5f349b1ab226_2,0.6656151481535793,0.3293802756283371,0.1611606478691101,0.1240806877613067
chair_c0_9bbccaed652a88d0ad4feb1e0e9b77d9_0,0.18575651837196616,0.129145030935233,-0.0208576321601867,-0.0259045958518981
chair_c0_9bbccaed652a88d0ad4feb1e0e9b77d9_1,0.27694618256934966,0.1092356605832785,0.1543289422988891,0.0694575905799865
chair_c0_9bbccaed652a88d0ad4feb1e0e9b77d9_2,0.20098137055633913,0.1427446563416253,-0.0142684578895568,-0.0230137705802917
chair_c0_81b27636162e148bb3fb065fa3089331_0,0.4498634484494404,0.1929100478636203,0.0230443477630615,0.0576924681663513
chair_c0_81b27636162e148bb3fb065fa3089331_1,0.4401986911543634,0.2132874211288907,0.0451453924179077,0.0678527355194091
chair_c0_81b27636162e148bb3fb065fa3089331_2,0.2962579476716699,0.2290705554780698,0.009986937046051,0.0054693222045898
chair_c0_98ef942e35e90be3de8d5f2cba401802_0,0.19270062340546268,0.1687661101237954,0.0463906526565551,0.1018815040588378
chair_c0_98ef942e35e90be3de8d5f2cba401802_1,0.17993382634400645,0.1639068883047714,0.2062675952911377,0.2872582376003265
chair_c0_98ef942e35e90be3de8d5f2cba401802_2,0.2834828428042989,0.1370439250316057,-0.0216751396656036,0.0050534605979919
chair_c0_19c8189116dd7cd3e95c611687989498_0,0.3481151033436207,0.1449374481010743,-0.0247043371200561,-0.0061749219894409
chair_c0_19c8189116dd7cd3e95c611687989498_1,0.33850493653998515,0.1475889599571771,0.0955222845077514,0.1109699010848999
chair_c0_19c8189116dd7cd3e95c611687989498_2,0.368764153998719,0.1778077901520489,0.0301209092140197,0.060850590467453
chair_c0_d343f06da03eccf34c7384dbb75cab0d_0,0.08761293745006005,0.185678365811572,0.1634727716445922,0.0752303004264831
chair_c0_d343f06da03eccf34c7384dbb75cab0d_1,0.2006509332094697,0.1466103910928042,-0.0075980424880981,-0.0576646625995636
chair_c0_d343f06da03eccf34c7384dbb75cab0d_2,0.2006509332094697,0.1466103910928042,0.0598379969596862,0.1524407267570495
chair_c0_51c276e96ac4c04ebe67d9b32c3ddf8_0,0.6793963137980764,0.2917688101465365,0.1120398044586181,0.2838709652423858
chair_c0_51c276e96ac4c04ebe67d9b32c3ddf8_1,0.6978983095956959,0.2963378997618356,0.2972672283649444,0.2756336331367492
chair_c0_51c276e96ac4c04ebe67d9b32c3ddf8_2,0.6978983095956959,0.2963378997618356,0.1396746039390564,0.2391474545001983
chair_c0_600f6f126d0b6c046dbda90cc7f3517e_0,0.2370030772376326,0.0922486699832925,0.1412625908851623,0.2305253148078918
chair_c0_600f6f126d0b6c046dbda90cc7f3517e_1,0.2690792249019641,0.1134997509007655,-0.0027723312377929,0.1410612165927887
chair_c0_600f6f126d0b6c046dbda90cc7f3517e_2,0.2370030772376326,0.0922486699832925,-0.0533515214920043,0.0113790929317474
chair_c0_6a7050042fbc77d5635418e95eea8a17_0,0.20662802493937105,0.1565841618800749,0.044592261314392,0.168165385723114
chair_c0_6a7050042fbc77d5635418e95eea8a17_1,0.21658678429720113,0.1619607562189458,0.1397508978843689,0.2473134398460388
chair_c0_6a7050042fbc77d5635418e95eea8a17_2,0.1870063700616782,0.1571015343999219,0.1627577543258667,0.3282195627689361
chair_c0_19a3ac2ec0312e13c8687ff9b0b4e4ac_0,0.28055759426635873,0.1656407122791134,0.0810834765434265,0.0511969923973083
chair_c0_19a3ac2ec0312e13c8687ff9b0b4e4ac_1,0.23430853153502895,0.1158470864761707,0.1023758053779602,0.0981601476669311
chair_c0_19a3ac2ec0312e13c8687ff9b0b4e4ac_2,0.2571695348157568,0.102916073928112,0.0680598616600036,0.0378967523574829
chair_c0_e9651bd689ba5c14713decb1a0563b12_0,0.20851646431783932,0.1314233639365307,-0.0212587118148803,0.0599203705787658
chair_c0_e9651bd689ba5c14713decb1a0563b12_1,0.15833471325258364,0.0943403181171688,0.0670671463012695,0.1068351864814758
chair_c0_e9651bd689ba5c14713decb1a0563b12_2,0.15833471325258364,0.0943403181171688,0.2860567271709442,0.2051295340061187
chair_c0_8be5b3b2c8c8f067a341228b21d337a9_0,0.5474022097977429,0.2847926221431218,0.0764807760715484,0.2215786725282669
chair_c0_8be5b3b2c8c8f067a341228b21d337a9_1,0.3003903748904364,0.185711311362349,0.1200021505355835,0.1992364525794983
chair_c0_8be5b3b2c8c8f067a341228b21d337a9_2,0.3003903748904364,0.185711311362349,0.1308135390281677,0.313934326171875
chair_c0_50b4851d6e067f9bdfcd57c2094a665f_0,0.35214140283862094,0.2073570513407256,0.2493126690387725,0.2614704668521881
chair_c0_50b4851d6e067f9bdfcd57c2094a665f_1,0.3263457363972533,0.1564463687213176,-0.1001430749893188,-0.0620597004890441
chair_c0_50b4851d6e067f9bdfcd57c2094a665f_2,0.35609539936845225,0.1601732517178649,-0.0621178150177001,0.0867406725883483
chair_c0_b44d32061d313fc1b7a3c315f744bdd8_0,0.06988113606142377,0.0667555663136625,-0.0165505409240722,-0.0173516273498535
chair_c0_b44d32061d313fc1b7a3c315f744bdd8_1,0.11684844941158534,0.0703830698264282,0.0256868600845336,0.0224799513816833
chair_c0_b44d32061d313fc1b7a3c315f744bdd8_2,0.1850871903560647,0.0878315929419935,-0.0306439399719238,0.0102980136871337
chair_c0_79f86911bc86222a4e5aa1f8c960ae63_0,0.4354524987424624,0.217074650057829,-0.0171234607696533,0.016602873802185
chair_c0_79f86911bc86222a4e5aa1f8c960ae63_1,0.5233348313864693,0.2239658684324717,0.1123057603836059,0.1338132619857788
chair_c0_79f86911bc86222a4e5aa1f8c960ae63_2,0.5233348313864693,0.2239658684324717,0.1723686456680297,0.2242878675460815
chair_c0_df23ca11080bb439676c272956dad3c2_0,0.23807451746584873,0.1304915411444533,0.2767214179039001,0.218376874923706
chair_c0_df23ca11080bb439676c272956dad3c2_1,0.29314701676514454,0.1538370886921892,0.1007310152053833,0.1997565627098083
chair_c0_df23ca11080bb439676c272956dad3c2_2,0.247659570450948,0.1370180937102345,0.0283456444740295,0.1824826896190643
chair_c0_b2bfe0be6956fe34f51f77a6d7299806_0,0.4354524987424624,0.217074650057829,0.0203614234924316,0.0483518838882446
chair_c0_b2bfe0be6956fe34f51f77a6d7299806_1,0.31019610578969714,0.2360036866726508,0.1476446390151977,0.2084647417068481
chair_c0_b2bfe0be6956fe34f51f77a6d7299806_2,0.6446161025756945,0.2625261694479545,0.0004656910896301,0.1252594292163849
chair_c0_9fae8d94a028e9ec2818b21315fe1bde_0,0.46032154357318045,0.314095222062549,-0.1322469115257263,-0.0358420312404632
chair_c0_9fae8d94a028e9ec2818b21315fe1bde_1,0.38930406042191446,0.2569919751223235,0.2607981562614441,0.3534976989030838
chair_c0_9fae8d94a028e9ec2818b21315fe1bde_2,0.4010456931955104,0.2513589953754415,0.1425357460975647,0.292546808719635
chair_c0_57406cae1c2978b40c306db1f141b05_0,0.5993720117446961,0.2574581319677741,0.0693267285823822,0.2128621339797973
chair_c0_57406cae1c2978b40c306db1f141b05_1,0.6076666401370585,0.3494977963005959,0.0576768517494201,0.0483885705471038
chair_c0_57406cae1c2978b40c306db1f141b05_2,0.5836890658235079,0.3341940189320145,0.2026260197162628,0.1678680777549743
chair_c0_c93a696c4b6f843122963ea1e168015d_0,0.1812244501358764,0.1296704695518358,0.0418236255645751,0.0893815159797668
chair_c0_c93a696c4b6f843122963ea1e168015d_1,0.21987049687215465,0.1327916140366592,0.0081018209457397,0.0654827952384948
chair_c0_c93a696c4b6f843122963ea1e168015d_2,0.30436800072091164,0.1742758363434081,-0.0419948697090148,0.0559123754501342
chair_c0_2bf69f0fa5be4c3f6ecea8cff53afe1a_0,0.1898532604992953,0.2415798958285158,-0.0558717250823974,0.0616059005260467
chair_c0_2bf69f0fa5be4c3f6ecea8cff53afe1a_1,0.3736419670684654,0.2218586978641377,-0.0746841430664062,-0.0276122093200683
chair_c0_2bf69f0fa5be4c3f6ecea8cff53afe1a_2,0.1898532604992953,0.2415798958285158,-0.0896933674812316,0.0495404005050659
chair_c0_fa277e2693cba669731d11154716a6b8_0,0.3138804484210316,0.1883847746749841,0.0219383835792541,0.0639564394950866
chair_c0_fa277e2693cba669731d11154716a6b8_1,0.2784262581066428,0.1631891421485756,-0.0317183136940002,0.0066263675689697
chair_c0_fa277e2693cba669731d11154716a6b8_2,0.22772309555673276,0.1638505020471845,0.2077352106571197,0.1844413876533508
chair_c0_3358536e8e7c416ea9ef8e11754eeede_0,0.5883957291819986,0.2946973711754339,-0.0900108218193054,-0.0522122383117675
chair_c0_3358536e8e7c416ea9ef8e11754eeede_1,0.540026589889848,0.3306334259753937,0.0007267594337463,0.0939380526542663
chair_c0_3358536e8e7c416ea9ef8e11754eeede_2,0.5883957291819986,0.2946973711754339,0.0702227354049682,0.0470077991485595
chair_c0_bbe63bca5688ac6b7236a8143b10600f_0,0.34249670508866203,0.1293158152487424,-0.1239416003227233,-0.0680321455001831
chair_c0_bbe63bca5688ac6b7236a8143b10600f_1,0.34249670508866203,0.1293158152487424,0.0683023333549499,0.1022985577583313
chair_c0_bbe63bca5688ac6b7236a8143b10600f_2,0.3072712091027474,0.1745994004038298,0.1099789142608642,0.1461101472377777
chair_c0_8cb44a50906b827615e7ec87bf4cc5ab_0,0.2969865588954005,0.1571435900278079,0.2181795835494995,0.3722609877586365
chair_c0_8cb44a50906b827615e7ec87bf4cc5ab_1,0.21632057936307436,0.2087968268647958,0.2324785888195037,0.0669305920600891
chair_c0_8cb44a50906b827615e7ec87bf4cc5ab_2,0.14834692301586383,0.1620053739305794,-0.0860196053981781,-0.0044918060302734
chair_c0_4a2766bf63caa24a4abd5da3f5ea2512_0,0.35997612363382947,0.1526760142814933,0.1194010376930236,0.1468435525894165
chair_c0_4a2766bf63caa24a4abd5da3f5ea2512_1,0.38103158484495614,0.1694175094892462,0.1135543584823608,0.2523654103279114
chair_c0_4a2766bf63caa24a4abd5da3f5ea2512_2,0.3536238878303519,0.1969211462760927,0.0751238465309143,0.0639325380325317
chair_c0_4231883e92a3c1a21c62d11641ffbd35_0,0.307275284949022,0.199823690912533,-0.1539071798324585,-0.0485504865646362
chair_c0_4231883e92a3c1a21c62d11641ffbd35_1,0.3561600442866051,0.1686118121615828,-0.0035792589187622,0.0107820630073547
chair_c0_4231883e92a3c1a21c62d11641ffbd35_2,0.10986189473365082,0.1841109278951338,-0.023324966430664,0.0117759108543396
chair_c0_6a0bd5d9ec4567d9d42216b5daf41a39_0,0.2677098249058729,0.139182213098437,0.0567284226417541,0.0612935423851013
chair_c0_6a0bd5d9ec4567d9d42216b5daf41a39_1,0.3301147117455635,0.2080319177776771,0.0579702258110046,0.1304243803024292
chair_c0_6a0bd5d9ec4567d9d42216b5daf41a39_2,0.32614620940024697,0.2312218774312588,0.2205000519752502,0.195811927318573
chair_c0_6398eb498fa1c291ca22b08889f6ea0c_0,0.33553045079534394,0.1417569225489612,0.1208715438842773,0.2044661939144134
chair_c0_6398eb498fa1c291ca22b08889f6ea0c_1,0.18282945264031025,0.1395734136061743,-0.0591580867767334,-0.0603689551353454
chair_c0_6398eb498fa1c291ca22b08889f6ea0c_2,0.18282945264031025,0.1395734136061743,-0.0307361185550689,-0.0182416141033172
chair_c0_92242be674537e3df6e4c3538272fb27_0,0.4433576745496217,0.3159123193302992,-0.0863711237907409,0.2126104831695556
chair_c0_92242be674537e3df6e4c3538272fb27_1,0.09950904009826589,0.2294325905432543,-0.0062872171401977,-0.0060821771621704
chair_c0_92242be674537e3df6e4c3538272fb27_2,0.09950904009826589,0.2294325905432543,0.0090096592903137,-0.0144788026809692
chair_c0_4003f4046a3a5ed9297936c81e7f6629_0,0.4624417694983123,0.2418644980917184,0.1643730998039245,0.2356869876384735
chair_c0_4003f4046a3a5ed9297936c81e7f6629_1,0.4629341437997896,0.2609926617675726,0.0103538930416107,0.1187692582607269
chair_c0_4003f4046a3a5ed9297936c81e7f6629_2,0.46051390864713015,0.3605918168870524,0.277751624584198,0.309786319732666
chair_c0_4ae919ca418d3625d30ba6a673002f3e_0,0.2342998999520629,0.2089223578434505,0.1060163974761962,0.0492467284202575
chair_c0_4ae919ca418d3625d30ba6a673002f3e_1,0.22352090193751217,0.1526191093311733,0.0453123450279235,0.137887418270111
chair_c0_4ae919ca418d3625d30ba6a673002f3e_2,0.21224749358301565,0.1197487672801987,0.0663716197013855,0.216929018497467
chair_c0_6fa2db75b28cc1375c728bbce49718a0_0,0.17993382634400645,0.1639068883047714,-0.0271542370319366,0.0376625806093215
chair_c0_6fa2db75b28cc1375c728bbce49718a0_1,0.17993382634400645,0.1639068883047714,0.0780306458473205,0.1951971352100372
chair_c0_6fa2db75b28cc1375c728bbce49718a0_2,0.23815722808590212,0.1671104012729539,0.0330062806606292,0.1169417202472686
chair_c0_445d6cef46b853ee713decb1a0563b12_0,0.16556625451085727,0.1195426588082177,-0.0239174365997314,-0.0401701927185058
chair_c0_445d6cef46b853ee713decb1a0563b12_1,0.22239887745550857,0.172535859774754,0.0091210603713989,0.2155095338821411
chair_c0_445d6cef46b853ee713decb1a0563b12_2,0.24083701939412006,0.1427831311991937,0.0493849515914917,0.0764567852020263
chair_c0_cd238045ebff9be59186f15d520c12ad_0,0.19302150355581005,0.0896175648908226,0.0812625885009765,0.0776433944702148
chair_c0_cd238045ebff9be59186f15d520c12ad_1,0.1677371158387173,0.0932997239207532,-0.0261366963386535,0.0440683960914611
chair_c0_cd238045ebff9be59186f15d520c12ad_2,0.11723556265612411,0.1198363950856944,0.103653997182846,0.1146593689918518
chair_c0_f1167a0c4bfc1f3fcf004563556ddb36_0,0.31716241339678997,0.1838097383987663,0.1688076853752136,0.2101719975471496
chair_c0_f1167a0c4bfc1f3fcf004563556ddb36_1,0.3465827205164468,0.1574741961846763,0.1407652497291565,0.0668972730636596
chair_c0_f1167a0c4bfc1f3fcf004563556ddb36_2,0.34386347000855977,0.1751924956101031,0.0480785965919494,0.1066378355026245
chair_c0_cbfa51dd6b795262774ba10f0bcc178a_0,0.3282634360012233,0.234474910311894,0.3207640647888183,0.3202226758003235
chair_c0_cbfa51dd6b795262774ba10f0bcc178a_1,0.3476331034120541,0.2122413365155657,0.2009015679359436,0.262286365032196
chair_c0_cbfa51dd6b795262774ba10f0bcc178a_2,0.3308485963459522,0.1814252740049226,0.1089752316474914,0.1076624989509582
chair_c0_75135e879341721c1cf9f632ab9ad62b_0,0.39620489199944076,0.2068304968985274,0.0502147078514099,0.2067899107933044
chair_c0_75135e879341721c1cf9f632ab9ad62b_1,0.3821892006918226,0.1766116667036555,-0.1001685261726379,0.1800964772701263
chair_c0_75135e879341721c1cf9f632ab9ad62b_2,0.39629030341111526,0.1739601548475527,-0.058555781841278,0.2014523446559906
chair_c0_da918b121ca55feb9b9f2eb77f5e247e_0,0.19444134663783463,0.0946038104457987,-0.0770128965377807,-0.0064519643783569
chair_c0_da918b121ca55feb9b9f2eb77f5e247e_1,0.19444134663783463,0.0946038104457987,0.0540146827697753,0.0669041872024536
chair_c0_da918b121ca55feb9b9f2eb77f5e247e_2,0.09999390705187539,0.0694070781697653,-0.1185849905014038,-0.0592493414878845
chair_c0_4a24652fbf2bed7e93583c67df8faf1_0,0.42300684554469625,0.269112285089124,0.0359644889831543,0.1023216843605041
chair_c0_4a24652fbf2bed7e93583c67df8faf1_1,0.47651623701126666,0.2295643818525306,0.0286867618560791,0.0472779273986816
chair_c0_4a24652fbf2bed7e93583c67df8faf1_2,0.42300684554469625,0.269112285089124,0.0128015279769897,0.1292411088943481
chair_c0_1d2745e280ea2d513c8d0fdfb1cc2535_0,0.5684754333213409,0.2492190464713097,0.1127500832080841,0.1840476393699646
chair_c0_1d2745e280ea2d513c8d0fdfb1cc2535_1,0.5684754333213409,0.2492190464713097,0.2684242129325866,0.3186758756637573
chair_c0_1d2745e280ea2d513c8d0fdfb1cc2535_2,0.5447407737037783,0.252297517379612,0.0706942975521087,0.2034290432929992
chair_c0_2bcf0b0586570ffe6c63b8b48495261a_0,0.2656773254361515,0.132496850686068,0.0602837800979614,0.0943663120269775
chair_c0_2bcf0b0586570ffe6c63b8b48495261a_1,0.14648457861709385,0.1314457967486074,0.0974937677383422,0.1671556830406189
chair_c0_2bcf0b0586570ffe6c63b8b48495261a_2,0.24709621624211986,0.1401768480312759,0.0357686877250671,0.1603509187698364
chair_c0_4e26eab28703c12bdd5f3f2440a93d21_0,0.19924939016708332,0.0996259083646371,-0.0727389454841613,0.0135766267776489
chair_c0_4e26eab28703c12bdd5f3f2440a93d21_1,0.16829381848543812,0.0926475505607412,-0.0025526583194732,0.0117111802101135
chair_c0_4e26eab28703c12bdd5f3f2440a93d21_2,0.11723556265612411,0.1198363950856944,0.0508070588111877,0.0598589777946472
chair_c0_40a9dd43155979e7c40cffb9454b27e_0,0.28300779586801583,0.1650392271272481,0.1337128281593322,0.1235715746879577
chair_c0_40a9dd43155979e7c40cffb9454b27e_1,0.27099130633294033,0.167846705983525,0.1243196725845336,0.3586590588092804
chair_c0_40a9dd43155979e7c40cffb9454b27e_2,0.28300779586801583,0.1650392271272481,0.0114974379539489,0.0167497992515563
chair_c0_52a7930e87e75591a78e44eefea09073_0,0.15062793609140557,0.1178618866773276,0.0791099667549133,0.0396108627319335
chair_c0_52a7930e87e75591a78e44eefea09073_1,0.11412925353090397,0.073034581682531,0.0272352695465087,0.0098923444747924
chair_c0_52a7930e87e75591a78e44eefea09073_2,0.11684844941158534,0.0703830698264282,0.0964305400848388,0.0066654086112976
chair_c0_317b404839dea88d827b401415ba9e3c_0,0.2567759948025312,0.1776929773489209,-0.0214200317859649,0.005904734134674
chair_c0_317b404839dea88d827b401415ba9e3c_1,0.26256832731354507,0.1901492969232586,0.177676647901535,0.2126419842243194
chair_c0_317b404839dea88d827b401415ba9e3c_2,0.373174573080551,0.2249499529237505,0.0746804475784301,0.3079675436019897
chair_c0_59f4a5d8390c3c3d5fce6078044eb87_0,0.2616443800865216,0.1441278423057372,0.1930695176124572,0.0929394364356994
chair_c0_59f4a5d8390c3c3d5fce6078044eb87_1,0.23833605546048253,0.1891867010786429,-0.0500980615615844,-0.0094134211540222
chair_c0_59f4a5d8390c3c3d5fce6078044eb87_2,0.28356007241271985,0.2092321939868515,0.1455020308494568,0.2273834347724914
chair_c0_d5b9579151041cbd9b9f2eb77f5e247e_0,0.09999390705187539,0.0694070781697653,-0.0678772926330566,-0.0108168721199035
chair_c0_d5b9579151041cbd9b9f2eb77f5e247e_1,0.09319043344618883,0.0965959226947184,-0.0717252492904663,-0.067006766796112
chair_c0_d5b9579151041cbd9b9f2eb77f5e247e_2,0.06988113606142377,0.0667555663136625,-0.0156106352806091,0.0385534167289733
chair_c0_e12ac2c1c707b7b2f45a7a3d26bcb6ad_0,0.3749292343765236,0.2587698121962666,0.1013381481170654,0.2957554459571838
chair_c0_e12ac2c1c707b7b2f45a7a3d26bcb6ad_1,0.3675584934214037,0.1899201075170266,0.1891303062438964,0.2134342193603515
chair_c0_e12ac2c1c707b7b2f45a7a3d26bcb6ad_2,0.3955619645184818,0.2675491327389558,-0.044204831123352,0.0469279289245605
chair_c0_fe99f16c2532cdd07ba99ad16fdc05cd_0,0.23055209004581334,0.1622618592592505,0.109283447265625,0.0398190021514892
chair_c0_fe99f16c2532cdd07ba99ad16fdc05cd_1,0.18501619978024997,0.1790033544670034,0.1173365116119384,0.2338160276412964
chair_c0_fe99f16c2532cdd07ba99ad16fdc05cd_2,0.3883996811962249,0.239590847592599,-0.0187162160873413,0.0726333856582641
chair_c0_79030f846b4dee0f9d709998b2d6e774_0,0.6672874567282838,0.4077428455800566,0.0308149456977844,0.1129390597343444
chair_c0_79030f846b4dee0f9d709998b2d6e774_1,0.6371254751948952,0.4419112260367457,0.1187933087348938,0.1335392296314239
chair_c0_79030f846b4dee0f9d709998b2d6e774_2,0.7424673267701463,0.3886292235785286,0.0218288898468017,0.0830443203449249
chair_c0_372118e3595c328c713decb1a0563b12_0,0.4530604561526739,0.2509165841034036,-0.0193575024604797,0.0102568864822387
chair_c0_372118e3595c328c713decb1a0563b12_1,0.38980761233225636,0.2332781236335601,0.1341508626937866,0.1180789768695831
chair_c0_372118e3595c328c713decb1a0563b12_2,0.4322716376960498,0.2341436635408338,0.0583879351615905,0.1162316799163818
chair_c0_81e60b07ea1090bf58e4244f8066a2ba_0,0.7017782550968935,0.3548172053957899,0.225562036037445,0.1916530728340149
chair_c0_81e60b07ea1090bf58e4244f8066a2ba_1,0.5982020573496353,0.350913877439629,-0.1069944500923156,0.0134390592575073
chair_c0_81e60b07ea1090bf58e4244f8066a2ba_2,0.6315735717435998,0.3316878787095307,-0.013494849205017,-0.0093475580215454
chair_c0_e3a838cb224367c59fce07ae6c046b8c_0,0.36789391891761514,0.1462992872169156,0.1353481411933899,0.3220367282629013
chair_c0_e3a838cb224367c59fce07ae6c046b8c_1,0.26770608018053155,0.2204989773015271,0.0445470213890075,0.0392613410949707
chair_c0_e3a838cb224367c59fce07ae6c046b8c_2,0.3553586136250324,0.1990863797114709,0.0229275822639465,0.2231574356555938
chair_c0_4cc4cb9b533e8b84b04cb542e2c50eb4_0,0.4876524893714549,0.2461420813515563,0.1522822380065918,0.2467114329338073
chair_c0_4cc4cb9b533e8b84b04cb542e2c50eb4_1,0.28156735185980675,0.196582852972018,0.0454943180084228,0.0616459250450134
chair_c0_4cc4cb9b533e8b84b04cb542e2c50eb4_2,0.5024581708600018,0.2234077464729216,0.2700662612915039,0.2452355623245239
chair_c0_40f188600cf8362b654ea6737b0d3597_0,0.21958050536079599,0.1302385711267562,0.125154435634613,0.2910609245300293
chair_c0_40f188600cf8362b654ea6737b0d3597_1,0.21378752834071957,0.1596626327883772,0.170544683933258,0.3316561281681061
chair_c0_40f188600cf8362b654ea6737b0d3597_2,0.17440560823831108,0.1571673146245837,0.1044299006462097,0.2853115200996399
chair_c0_28d3e0a4e4201ddb19ed4d1541e44f14_0,0.4572338367025909,0.2596492989990012,0.2035263776779174,0.2945927679538727
chair_c0_28d3e0a4e4201ddb19ed4d1541e44f14_1,0.2630392327475648,0.2620712185369205,0.0487260818481445,0.2230084538459777
chair_c0_28d3e0a4e4201ddb19ed4d1541e44f14_2,0.4572338367025909,0.2596492989990012,0.1187290549278259,0.251382052898407
chair_c0_dee24ea8622e2005dd0e1ff930f92c75_0,0.3882614068820516,0.2234874897206046,0.1580533683300018,0.2364954948425293
chair_c0_dee24ea8622e2005dd0e1ff930f92c75_1,0.2847736130744728,0.1985103037989883,0.0780473947525024,0.077288269996643
chair_c0_dee24ea8622e2005dd0e1ff930f92c75_2,0.3193168980522789,0.214204483774022,0.114009141921997,0.2276641726493835
chair_c0_f2ef238e2e4615e92cf8e80367b40c9a_0,0.36070544874356325,0.1686929341718264,0.0314643383026123,0.0949353575706482
chair_c0_f2ef238e2e4615e92cf8e80367b40c9a_1,0.3030098634484001,0.1665094252290395,0.0122715234756469,0.0130609273910522
chair_c0_f2ef238e2e4615e92cf8e80367b40c9a_2,0.4005325336847855,0.1955905040372809,0.0797144174575805,0.1160402297973632
chair_c0_5ab67b30e17a2ed1c862eec8232fff1e_0,0.33409990464775596,0.1659948869717685,0.1785624027252197,0.2393333911895752
chair_c0_5ab67b30e17a2ed1c862eec8232fff1e_1,0.31499710610490206,0.1557285035990761,0.0043647289276123,0.0096630454063415
chair_c0_5ab67b30e17a2ed1c862eec8232fff1e_2,0.2632109526867463,0.1657373704721082,-0.0771578550338745,-0.0875664353370666
chair_c0_7715c9c229d80afaf487e71bd57b6e0c_0,0.3683021897260307,0.2618244213889272,0.1451067328453064,0.2297114431858062
chair_c0_7715c9c229d80afaf487e71bd57b6e0c_1,0.3683021897260307,0.2618244213889272,0.1806290745735168,0.272040843963623
chair_c0_7715c9c229d80afaf487e71bd57b6e0c_2,0.3282634360012233,0.234474910311894,0.217282623052597,0.3327205181121826
chair_c0_8b4b176d9393676d5e1f306d831137e1_0,0.6661226675216367,0.4123194462850357,0.2184759378433227,0.344254732131958
chair_c0_8b4b176d9393676d5e1f306d831137e1_1,0.7503891073254729,0.20808518261412,-0.0274581909179687,0.0029214620590209
chair_c0_8b4b176d9393676d5e1f306d831137e1_2,0.7427724431899317,0.2782767224882025,0.10578653216362,0.3048599362373352
chair_c0_94b55dcb770626d9c8687ff9b0b4e4ac_0,0.3193168980522789,0.214204483774022,-0.0501374006271362,0.119462251663208
chair_c0_94b55dcb770626d9c8687ff9b0b4e4ac_1,0.2555432659429854,0.1235976035277258,-0.0747967958450317,-0.0386571288108825
chair_c0_94b55dcb770626d9c8687ff9b0b4e4ac_2,0.3058007449492235,0.1401805867360174,0.0368066430091857,0.0337769389152526
chair_c0_510fdcfcba1bc18ea1081ad712f6fb3_0,0.32532447853251223,0.3147597206145553,0.2138409614562988,0.2456808686256408
chair_c0_510fdcfcba1bc18ea1081ad712f6fb3_1,0.5913704909391554,0.2701720671293399,0.1146811544895172,0.1146818995475769
chair_c0_510fdcfcba1bc18ea1081ad712f6fb3_2,0.4512876702989006,0.2779183323413447,0.2436927556991577,0.2931406795978546
chair_c0_91de3157ea61d943f27383fc5a5a711c_0,0.28156735185980675,0.196582852972018,0.1070262789726257,0.2610607743263244
chair_c0_91de3157ea61d943f27383fc5a5a711c_1,0.28156735185980675,0.196582852972018,0.1971157789230346,0.1261167973279953
chair_c0_91de3157ea61d943f27383fc5a5a711c_2,0.3775771379331737,0.2537664466569625,0.2257910966873169,0.1621852368116378
chair_c0_58ef4177c711f38fe302d4da760c718f_0,0.3022594696765448,0.1323781763336739,0.1264103055000305,0.3059300035238266
chair_c0_58ef4177c711f38fe302d4da760c718f_1,0.14834692301586383,0.1620053739305794,-0.0837154388427734,-0.0139538645744323
chair_c0_58ef4177c711f38fe302d4da760c718f_2,0.14834692301586383,0.1620053739305794,0.0860121846199035,0.0818898677825927
chair_c0_e62b187f6741283bd8f27b2e727c3511_0,0.2456068017812726,0.1540888437162814,0.0250435471534729,0.1584085524082183
chair_c0_e62b187f6741283bd8f27b2e727c3511_1,0.29747896977348565,0.1608941976211309,0.1419415473937988,0.200971245765686
chair_c0_e62b187f6741283bd8f27b2e727c3511_2,0.3619423889612787,0.206736875823058,0.1976720988750457,0.2074237465858459
chair_c0_2b9fa5950d81d925cf004563556ddb36_0,0.24042657430555048,0.2506411702592983,0.0379699170589447,0.232730895280838
chair_c0_2b9fa5950d81d925cf004563556ddb36_1,0.4512876702989006,0.2779183323413447,0.2511100769042969,0.2913276553153991
chair_c0_2b9fa5950d81d925cf004563556ddb36_2,0.5519463003055463,0.2340431732781954,-0.0095771551132202,0.0736897885799408
chair_c0_e0df9f745fe38b389bac1502ed0eb150_0,0.36850388923655253,0.1926123931199072,0.2188254594802856,0.1748493611812591
chair_c0_e0df9f745fe38b389bac1502ed0eb150_1,0.38784695895602217,0.2118740665990944,0.1046713590621948,0.1403447985649109
chair_c0_e0df9f745fe38b389bac1502ed0eb150_2,0.38784695895602217,0.2118740665990944,0.260466992855072,0.3120517283678055
chair_c0_e9c9d998f7b0de3ca6afe5903a01a59_0,0.21273760142326492,0.0904831047980963,0.0356940031051635,0.0666882395744323
chair_c0_e9c9d998f7b0de3ca6afe5903a01a59_1,0.12179662303010075,0.1333623905933418,-0.0455227494239807,0.0027670860290527
chair_c0_e9c9d998f7b0de3ca6afe5903a01a59_2,0.21784586862917932,0.1176719493230495,0.1325005888938903,0.1510739922523498
chair_c0_2bd045838a2282ab5205884f75aba3a_0,0.18731247909946847,0.1038386121330243,0.0037429332733154,-0.0149347782135009
chair_c0_2bd045838a2282ab5205884f75aba3a_1,0.2640879526090574,0.1419342848237216,0.0073380470275878,0.0939390063285827
chair_c0_2bd045838a2282ab5205884f75aba3a_2,0.2640879526090574,0.1419342848237216,-0.0279953479766845,0.0754160284996032
chair_c0_74518f7c342b49191030665054ebb2a9_0,0.247659570450948,0.1370180937102345,0.1770651340484619,0.1654953956604004
chair_c0_74518f7c342b49191030665054ebb2a9_1,0.28798276448403615,0.1484608373895029,-0.0517966747283935,-0.0284967422485351
chair_c0_74518f7c342b49191030665054ebb2a9_2,0.2160099144703922,0.1398435946008397,0.1242713034152984,0.1877880096435547
chair_c1_b7e01301bb1eef41f92f3e7bff4c4ab0_0,0.3067640083412082,0.2749091940002584,-0.0622846186161041,-0.0200911164283752
chair_c1_b7e01301bb1eef41f92f3e7bff4c4ab0_1,0.5035982050676777,0.2910263022708134,-0.0080436170101165,0.0397600531578063
chair_c1_b7e01301bb1eef41f92f3e7bff4c4ab0_2,0.3067640083412082,0.2749091940002584,-0.0240552127361297,0.0163949131965637
chair_c1_610b1621d1997ee1daf3c002be658861_0,0.546761396428754,0.291981899553184,0.0571608543395996,0.1055763363838195
chair_c1_610b1621d1997ee1daf3c002be658861_1,0.6906782330087986,0.3239170021452828,0.1569502055644989,0.2268518805503845
chair_c1_610b1621d1997ee1daf3c002be658861_2,0.43600732210981774,0.3223327684342542,0.1148615479469299,0.1202737987041473
chair_c1_e6ea5e70c2f29d881e8fd793667dc14f_0,0.6845578947158131,0.3910526256118023,0.2281024158000946,0.2316105961799621
chair_c1_e6ea5e70c2f29d881e8fd793667dc14f_1,0.553251796024786,0.4055947025701101,0.1326154172420501,0.1359471380710601
chair_c1_e6ea5e70c2f29d881e8fd793667dc14f_2,0.553251796024786,0.4055947025701101,0.2208923101425171,0.1034731268882751
chair_c1_247353514479969ce6fe3612af521500_0,0.485476725397453,0.3163516731275465,0.0503730177879333,0.0847880244255065
chair_c1_247353514479969ce6fe3612af521500_1,0.3827662218415,0.2914306815587868,-0.099543958902359,-0.05916029214859
chair_c1_247353514479969ce6fe3612af521500_2,0.485476725397453,0.3163516731275465,0.0537711381912231,0.1224449872970581
chair_c1_c2076591d588586719fb4103277a6b93_0,0.5951860966642402,0.4181849895889228,0.2848745584487915,0.3636535108089447
chair_c1_c2076591d588586719fb4103277a6b93_1,0.516991453648742,0.331655838143078,-0.0734917819499969,0.0685930848121643
chair_c1_c2076591d588586719fb4103277a6b93_2,0.5951860966642402,0.4181849895889228,0.2336137294769287,0.3019953072071075
chair_c1_9aece6c6436cde6fd9ac1bf1eddffd24_0,0.40273142424766484,0.3114346178092052,-0.0081721544265747,0.0436959862709045
chair_c1_9aece6c6436cde6fd9ac1bf1eddffd24_1,0.33948284575114496,0.3005514790492376,0.0621410906314849,0.1227308511734008
chair_c1_9aece6c6436cde6fd9ac1bf1eddffd24_2,0.4514855793733441,0.3010557031987533,0.0603168606758117,0.1169289052486419
chair_c1_36447db5cf7b5a27ab5c60fa85a57ffd_0,0.48543524664301985,0.3407487291334901,0.0641708374023437,0.1392096579074859
chair_c1_36447db5cf7b5a27ab5c60fa85a57ffd_1,0.24986771395092755,0.2994714694877246,0.0892907381057739,0.0993134379386901
chair_c1_36447db5cf7b5a27ab5c60fa85a57ffd_2,0.5503823748988466,0.3398563110155428,-0.0720757842063903,-0.0745308697223663
chair_c1_3f36e261cc87648ac3bd24f986301745_0,0.5745660816936681,0.2496409516644508,0.1561566293239593,0.1443915069103241
chair_c1_3f36e261cc87648ac3bd24f986301745_1,0.5018032783484652,0.316662958828075,0.1591391861438751,0.1980054378509521
chair_c1_3f36e261cc87648ac3bd24f986301745_2,0.44094262451431876,0.2565799162313628,-0.0004486441612243,0.1310764551162719
chair_c1_ea77c800bba6566aaf7c7ad2549a1b15_0,0.6557041341926657,0.4374435377340492,0.039336621761322,0.0507373213768005
chair_c1_ea77c800bba6566aaf7c7ad2549a1b15_1,0.6916409776398476,0.3897835908117922,0.0342069864273071,0.0154429674148559
chair_c1_ea77c800bba6566aaf7c7ad2549a1b15_2,0.6629251418742006,0.4008361554673273,0.0205385088920593,0.0217985808849334
chair_c1_8a9630332c2cb42644ac83b3e97ad658_0,0.5024817614174765,0.4048691882752274,0.0812429785728454,0.1385942101478576
chair_c1_8a9630332c2cb42644ac83b3e97ad658_1,0.49138046979041916,0.3213974176162876,0.1935789883136749,0.2297740280628204
chair_c1_8a9630332c2cb42644ac83b3e97ad658_2,0.35688463554331984,0.2877460330049741,0.1287735104560852,0.0652615427970886
chair_c1_cc8066a5107a2bf5926f2c1927eee8ee_0,0.6434867600317155,0.4718911954388516,0.1070963740348815,0.1016300320625305
chair_c1_cc8066a5107a2bf5926f2c1927eee8ee_1,0.540654778611241,0.4145587712211789,0.1350198090076446,0.2190928012132644
chair_c1_cc8066a5107a2bf5926f2c1927eee8ee_2,0.5849638995136184,0.3889020166298834,0.0550391674041748,0.1530256271362304
chair_c1_9e1b32f73908cae7e8f8c11a24c52ebb_0,0.4620331626670886,0.3340766966404043,0.2469720840454101,0.2642272114753723
chair_c1_9e1b32f73908cae7e8f8c11a24c52ebb_1,0.6317794560111338,0.3020557663642773,0.2600114345550537,0.304101899266243
chair_c1_9e1b32f73908cae7e8f8c11a24c52ebb_2,0.44145161140093103,0.3801340118626997,-0.0418131351470947,-0.0244870483875274
chair_c1_6932261b5c17f0de4733824eae5cd9ae_0,0.6871320591857552,0.3804276577810854,0.0180357992649078,0.1070414781570434
chair_c1_6932261b5c17f0de4733824eae5cd9ae_1,0.6071375022857922,0.4270564314504158,-0.0981180369853973,-0.0914434790611267
chair_c1_6932261b5c17f0de4733824eae5cd9ae_2,0.6071375022857922,0.4270564314504158,0.0626893043518066,0.090471476316452
chair_c1_512905c0211b947edc6f96c9bb9e3ae6_0,0.3868559518332284,0.3424676294901224,0.0287595987319946,0.123991310596466
chair_c1_512905c0211b947edc6f96c9bb9e3ae6_1,0.5967067889920197,0.3128233157113386,0.0523934960365295,0.1448076367378235
chair_c1_512905c0211b947edc6f96c9bb9e3ae6_2,0.5983202809598152,0.3788278338175467,0.1593011021614074,0.1203543543815612
chair_c1_cbcc5cd1aec9f3413aa677469bbdd68c_0,0.5336693231219352,0.4414173733532019,0.0728747248649597,0.0805713534355163
chair_c1_cbcc5cd1aec9f3413aa677469bbdd68c_1,0.4170778827657746,0.3789705649583937,0.2107492387294769,0.1993585228919983
chair_c1_cbcc5cd1aec9f3413aa677469bbdd68c_2,0.4110612876651334,0.4182098315724437,-0.0420460700988769,0.0334120690822601
chair_c1_f268849e43f64861cb3a30f2c37c38a6_0,0.573073812546014,0.3805586317408197,0.0204024314880371,0.0094559788703918
chair_c1_f268849e43f64861cb3a30f2c37c38a6_1,0.603212850748748,0.4420532569603451,-0.0197742581367492,0.0165596306324005
chair_c1_f268849e43f64861cb3a30f2c37c38a6_2,0.573073812546014,0.3805586317408197,0.1163157224655151,0.0998471975326538
chair_c1_736589cbc46fe6b059f8e31ca87c470e_0,0.6319772613702456,0.4398158852373937,-0.0718711912631988,-0.0184823274612426
chair_c1_736589cbc46fe6b059f8e31ca87c470e_1,0.5820686839640055,0.4223507229093456,0.0235620439052581,0.2089800536632537
chair_c1_736589cbc46fe6b059f8e31ca87c470e_2,0.5147163141358174,0.4682478853282243,0.1854269504547119,0.2297954559326172
chair_c1_7667d0da445e324bba600d75deaf8d3a_0,0.7388572396732764,0.4767891450656604,0.0646510124206543,0.230129599571228
chair_c1_7667d0da445e324bba600d75deaf8d3a_1,0.6838095589813243,0.4452233657410991,-0.0043821930885314,0.0913187265396118
chair_c1_7667d0da445e324bba600d75deaf8d3a_2,0.6902488659760178,0.4595478711541001,0.097287893295288,0.219239741563797
chair_c1_aa154024474ad7d138a720835dbeef20_0,0.6880625037877705,0.4873145357720807,0.068043828010559,0.1577052175998687
chair_c1_aa154024474ad7d138a720835dbeef20_1,0.5152749284926967,0.3600878382339085,-0.0162492096424102,0.0978806018829345
chair_c1_aa154024474ad7d138a720835dbeef20_2,0.5147163141358174,0.4682478853282243,-0.0037294030189514,0.0890593826770782
chair_c1_8d1616ada1d6f239d1f4836ba5ad2863_0,0.4976540903260349,0.3312840757492878,0.0574699938297271,0.0732640027999877
chair_c1_8d1616ada1d6f239d1f4836ba5ad2863_1,0.5033173109445964,0.401303651365917,0.1915485262870788,0.2173168361186981
chair_c1_8d1616ada1d6f239d1f4836ba5ad2863_2,0.4976540903260349,0.3312840757492878,-0.085092693567276,-0.0031158030033111
chair_c1_f1645567130e99a878268642d8df40d1_0,0.3903578956669259,0.3286090233043877,0.1634156107902526,0.2423490285873413
chair_c1_f1645567130e99a878268642d8df40d1_1,0.6264617869850047,0.3414053284688816,0.0963789224624633,0.1947343945503235
chair_c1_f1645567130e99a878268642d8df40d1_2,0.6396291856205727,0.3195753881051729,0.1400855183601379,0.2028364539146423
chair_c1_a9cc6920422b9d9c2af8b1d491b7ebc_0,0.5608319042086383,0.3610529367324124,0.085348904132843,0.1181926429271698
chair_c1_a9cc6920422b9d9c2af8b1d491b7ebc_1,0.4974012893763796,0.3723413892742987,0.2463628053665161,0.2488141059875488
chair_c1_a9cc6920422b9d9c2af8b1d491b7ebc_2,0.331765690388252,0.3510363865991599,0.2611708045005798,0.2342535257339477
chair_c1_672e20cc6ffa29d41c6aa36e5af1449_0,0.49584694465197,0.3487284081319725,-0.0077985227108001,0.0187633633613586
chair_c1_672e20cc6ffa29d41c6aa36e5af1449_1,0.5684024787777475,0.3359321029674785,0.0242922902107238,0.0459067225456237
chair_c1_672e20cc6ffa29d41c6aa36e5af1449_2,0.49584694465197,0.3487284081319725,-0.0101307034492492,0.0755374431610107
chair_c1_3de9a7a40851ceb971a782a4379556c7_0,0.5663042254124357,0.3977495526962181,0.1113379597663879,0.2039813995361328
chair_c1_3de9a7a40851ceb971a782a4379556c7_1,0.4902335873749958,0.3543393118922904,-0.0469663739204406,0.1111287176609039
chair_c1_3de9a7a40851ceb971a782a4379556c7_2,0.4902335873749958,0.3543393118922904,-0.0078962445259094,0.0901811420917511
chair_c1_b267d11790325e6cec7cbf3284585a40_0,0.4312475542387131,0.2747442110272819,0.0508686900138855,0.0894769132137298
chair_c1_b267d11790325e6cec7cbf3284585a40_1,0.39762281023971624,0.2981359999422585,0.1875617802143097,0.2500772476196289
chair_c1_b267d11790325e6cec7cbf3284585a40_2,0.4555053755728453,0.2867073593487627,0.112950325012207,0.0843450427055358
chair_c1_831ca4306245810435836c728d324152_0,0.46488297897479636,0.3562015789549627,-0.0114712119102478,0.1118507981300354
chair_c1_831ca4306245810435836c728d324152_1,0.4649915753251528,0.3928895831027437,0.2728375792503357,0.2034835815429687
chair_c1_831ca4306245810435836c728d324152_2,0.4649915753251528,0.3928895831027437,0.0301313996315002,0.1139182746410369
chair_c1_8cb34663a9e42f95c3bd24f986301745_0,2.040533246638887e-05,0.1848679846413777,-0.0512443780899047,-0.0448713302612304
chair_c1_8cb34663a9e42f95c3bd24f986301745_1,0.6432921280409257,0.2227058439942751,0.1747289896011352,0.2588667571544647
chair_c1_8cb34663a9e42f95c3bd24f986301745_2,0.5489378275363853,0.2529370540587246,0.2118036746978759,0.2484624683856964
chair_c1_6393b49ccd72e8b312cef4e6ce7bea86_0,0.6249776098867047,0.4313073054923461,0.0029680132865905,0.0490188598632812
chair_c1_6393b49ccd72e8b312cef4e6ce7bea86_1,0.5104787131763467,0.4423840000419178,0.0163711905479431,0.1118850409984588
chair_c1_6393b49ccd72e8b312cef4e6ce7bea86_2,0.6651776185789073,0.4081247092264141,0.1016751527786254,0.0986102223396301
chair_c1_2d204f50f33b3994fe52ffd0e748a1ab_0,0.6274033517678028,0.3803253296370429,0.1481079459190368,0.1819987595081329
chair_c1_2d204f50f33b3994fe52ffd0e748a1ab_1,0.6410699363421744,0.369045592722071,0.2554314732551574,0.3060908317565918
chair_c1_2d204f50f33b3994fe52ffd0e748a1ab_2,0.6253907392074124,0.3606546243538439,0.3313723802566528,0.3746931999921798
chair_c1_c8963b0930306a61781cbff504e4168d_0,0.3390058130884551,0.2348153171777082,0.0171180665493011,0.0346944034099578
chair_c1_c8963b0930306a61781cbff504e4168d_1,0.23966251307559894,0.3067871529918907,0.0991532802581787,0.2194041609764099
chair_c1_c8963b0930306a61781cbff504e4168d_2,0.34868109066080266,0.322622085306786,0.0012406110763549,0.0179262161254882
chair_c1_8617fc907ff8cb36597976c675750537_0,0.5485460559128486,0.4325044992843027,0.0952965021133422,0.1202792525291442
chair_c1_8617fc907ff8cb36597976c675750537_1,0.46655001785842654,0.3378703404664804,0.2588066458702087,0.328413188457489
chair_c1_8617fc907ff8cb36597976c675750537_2,0.5608319042086383,0.3610529367324124,0.2916289269924164,0.2907914221286773
chair_c1_317a2cc9f3b54a48283b00891f680579_0,0.7032341924978341,0.4329094778788898,0.0035624802112579,0.018953800201416
chair_c1_317a2cc9f3b54a48283b00891f680579_1,0.5663042254124357,0.3977495526962181,0.1657861769199371,0.2548283338546753
chair_c1_317a2cc9f3b54a48283b00891f680579_2,0.5663042254124357,0.3977495526962181,0.2210339307785034,0.2998814284801483
chair_c1_9979c8433d92fd80d1dcc55e36186e4e_0,0.29776297474646707,0.2283829801714387,-0.0316753387451171,0.0320320725440979
chair_c1_9979c8433d92fd80d1dcc55e36186e4e_1,0.3877762374640682,0.2764757617279266,0.1751845777034759,0.2968529909849167
chair_c1_9979c8433d92fd80d1dcc55e36186e4e_2,0.29776297474646707,0.2283829801714387,0.2042524218559265,0.2957528233528137
chair_c1_b19f85fcd46f456bd5cba62773b8025b_0,0.6747605644267144,0.4303700660570037,0.0191644430160522,0.0732752680778503
chair_c1_b19f85fcd46f456bd5cba62773b8025b_1,0.6747605644267144,0.4303700660570037,-0.0318947434425354,0.0510341823101043
chair_c1_b19f85fcd46f456bd5cba62773b8025b_2,0.8256757768713494,0.3922649847164804,0.0747489929199218,0.1318148374557495
chair_c1_447856e1071e8b83c036a40816608369_0,0.5453397477191277,0.3014044414432871,0.1688455641269683,0.2859205901622772
chair_c1_447856e1071e8b83c036a40816608369_1,0.5098012083620963,0.3175998959737928,0.1506721377372741,0.1498718559741974
chair_c1_447856e1071e8b83c036a40816608369_2,0.35928942959279886,0.3226415817624523,0.0648509860038757,0.0706886053085327
chair_c1_120735afde493c277ff6ace05b36a5_0,0.4409554551031747,0.2565792104568967,0.0625833868980407,0.1170033514499664
chair_c1_120735afde493c277ff6ace05b36a5_1,0.5745734584722328,0.2496402458899847,0.1121973395347595,0.2206409275531768
chair_c1_120735afde493c277ff6ace05b36a5_2,0.5393410779202423,0.275767323890124,0.046442687511444,0.0926902890205383
chair_c1_f34fea2c05dc63d090984ccce1017e45_0,0.7143257116758026,0.336808858166458,0.1563613712787628,0.193164050579071
chair_c1_f34fea2c05dc63d090984ccce1017e45_1,0.5403992335446588,0.4185825800260134,-0.0677433907985687,0.0250341594219207
chair_c1_f34fea2c05dc63d090984ccce1017e45_2,0.5403992335446588,0.4185825800260134,0.1086698770523071,0.1795579493045807
chair_c1_3d9dce1953180fe6f9c9f9697d1ec60_0,0.3864075219046046,0.3013445038640918,-0.0305640399456024,0.1120609939098358
chair_c1_3d9dce1953180fe6f9c9f9697d1ec60_1,0.5918472566402989,0.4165156775946412,0.0244593322277069,0.1003150045871734
chair_c1_3d9dce1953180fe6f9c9f9697d1ec60_2,0.5117523120421483,0.3575497613765938,0.1457403898239135,0.232960969209671
chair_c1_95039795fd8db944608244cbb9b86bf5_0,0.7723265747311159,0.4718880072411081,0.0939421355724334,0.19297856092453
chair_c1_95039795fd8db944608244cbb9b86bf5_1,0.7581011899440353,0.4870906467575727,0.1486468613147735,0.2610557675361633
chair_c1_95039795fd8db944608244cbb9b86bf5_2,0.7581011899440353,0.4870906467575727,0.2913064658641815,0.3490506261587143
chair_c1_733b580501f3e25c21ede3e0ecf73091_0,0.7290280017809267,0.425902720991849,0.1167022287845611,0.2766196131706238
chair_c1_733b580501f3e25c21ede3e0ecf73091_1,0.6784912800254556,0.3606019219824865,0.1498308181762695,0.3532528728246689
chair_c1_733b580501f3e25c21ede3e0ecf73091_2,0.6784943582328231,0.3606026277569525,0.119650661945343,0.2760513573884964
chair_c1_533e0a52acd257bef27383fc5a5a711c_0,0.4486828679698782,0.3510046327837214,0.2418594062328338,0.2563690543174743
chair_c1_533e0a52acd257bef27383fc5a5a711c_1,0.4990387005294703,0.3503771658042218,0.1343094110488891,0.2141591310501098
chair_c1_533e0a52acd257bef27383fc5a5a711c_2,0.4990387005294703,0.3503771658042218,0.1265251040458679,0.1963597536087036
chair_c1_e84d39ce475415399f165f18603a28b1_0,0.44175005654959176,0.2981562565943053,0.1062760651111602,0.2051582634449005
chair_c1_e84d39ce475415399f165f18603a28b1_1,0.44175005654959176,0.2981562565943053,0.042467176914215,0.0750433802604675
chair_c1_e84d39ce475415399f165f18603a28b1_2,0.6468699321339056,0.3446445477877176,0.1942561268806457,0.2261709868907928
chair_c1_6a02133392afc96b40ef1c8b63a628f9_0,0.3039882470056461,0.3708271767144477,0.0459188818931579,0.1206910908222198
chair_c1_6a02133392afc96b40ef1c8b63a628f9_1,0.49584694465197,0.3487284081319725,-0.0599192380905151,0.0049687623977661
chair_c1_6a02133392afc96b40ef1c8b63a628f9_2,0.6139637205270781,0.3496208262499197,0.0336682498455047,0.0774220526218414
chair_c1_3f83565ed40f87c5593ebeeedbff73b_0,0.4118373414802836,0.3022569196155554,-0.0639694333076477,0.0443087816238403
chair_c1_3f83565ed40f87c5593ebeeedbff73b_1,0.4990387005294703,0.3503771658042218,-0.001104861497879,0.1241580843925476
chair_c1_3f83565ed40f87c5593ebeeedbff73b_2,0.4991003866117253,0.3585847377606774,0.095676839351654,0.2002243995666504
chair_c1_a6ab184a68bc67d179b3e1be3524f72f_0,0.3903578956669259,0.3286090233043877,0.0578168928623199,0.0448699593544006
chair_c1_a6ab184a68bc67d179b3e1be3524f72f_1,0.40079239245244325,0.3165814250285565,0.1023942232131958,0.2494255900382995
chair_c1_a6ab184a68bc67d179b3e1be3524f72f_2,0.5564659212874915,0.3548883573704239,0.2381884455680847,0.2013686001300811
chair_c1_df6ca774d390755cbd18e74cb7446915_0,0.6367631935990838,0.3348788487084122,0.2189786732196808,0.3263982571661472
chair_c1_df6ca774d390755cbd18e74cb7446915_1,0.48809825911936244,0.4185940235787443,0.0209043323993682,0.0276210904121398
chair_c1_df6ca774d390755cbd18e74cb7446915_2,0.6278549936848633,0.3880729014689994,0.2053309082984924,0.1996577680110931
chair_c1_69e35c579a68fe146045fdc35419ee6c_0,0.6589674523936173,0.4191136510863632,0.0290743112564086,0.0369524657726287
chair_c1_69e35c579a68fe146045fdc35419ee6c_1,0.6951630958239048,0.3887218947970466,0.1230142712593078,0.2602871060371399
chair_c1_69e35c579a68fe146045fdc35419ee6c_2,0.7194621194297043,0.4366036553979323,0.1147453784942627,0.3152551203966141
chair_c1_e0a473eb557c424320768660cf080d12_0,0.5615100480558739,0.370093037898199,0.3422921597957611,0.3626336753368377
chair_c1_e0a473eb557c424320768660cf080d12_1,0.585061149888371,0.3919927154547322,0.1693498790264129,0.3337929844856262
chair_c1_e0a473eb557c424320768660cf080d12_2,0.585061149888371,0.3919927154547322,0.3115521371364593,0.3623857051134109
chair_c1_95d082c78ea0b1befe52ffd0e748a1ab_0,0.7245481811364463,0.3073336362157954,0.2592587769031524,0.3624776899814605
chair_c1_95d082c78ea0b1befe52ffd0e748a1ab_1,0.3464790097883754,0.4116310319640507,0.0485942363739013,0.0608004331588745
chair_c1_95d082c78ea0b1befe52ffd0e748a1ab_2,0.6449090237414598,0.3985009032266337,0.0948885083198547,0.182575911283493
chair_c1_2fc2b897b6b131c4dc75a59e280f3bf8_0,0.5470214413667102,0.4100405289403425,0.0148302316665649,0.1283321678638458
chair_c1_2fc2b897b6b131c4dc75a59e280f3bf8_1,0.5505625026019978,0.4620631808781299,0.0153374075889587,0.0382691919803619
chair_c1_2fc2b897b6b131c4dc75a59e280f3bf8_2,0.5576924240357606,0.4579222895412281,0.1504846215248108,0.2729220688343048
chair_c1_b33a3b1627ad61eb8ca4809dcf42fe1_0,0.45801680124190647,0.4101263197071296,0.1284742951393127,0.301609918475151
chair_c1_b33a3b1627ad61eb8ca4809dcf42fe1_1,0.5697233567206854,0.3365237622225532,0.1281608939170837,0.2239322066307068
chair_c1_b33a3b1627ad61eb8ca4809dcf42fe1_2,0.5033173109445964,0.401303651365917,0.1841917634010315,0.2127593755722046
chair_c1_b69401b412d9300454d7082b34825ef0_0,0.651706210217827,0.3544757286244666,0.0376702547073364,0.0665039271116256
chair_c1_b69401b412d9300454d7082b34825ef0_1,0.2372490454019296,0.4049695443847018,-0.1845583915710449,-0.1911252737045288
chair_c1_b69401b412d9300454d7082b34825ef0_2,0.6527000188086048,0.3640096869077475,-0.025322139263153,0.0927887111902237
chair_c1_fb794b0b3260794bfebad4f49b26ec52_0,0.331765690388252,0.3510363865991599,0.1806719899177551,0.2185330092906952
chair_c1_fb794b0b3260794bfebad4f49b26ec52_1,0.47025144419942044,0.3244336157863637,0.0752047300338745,0.1298051476478576
chair_c1_fb794b0b3260794bfebad4f49b26ec52_2,0.49138046979041916,0.3213974176162876,0.2190259099006652,0.3118317425251007
chair_c1_ba074c9ff5e36f60e8b2b8dc0c816caf_0,0.5624065024733983,0.276035251652216,0.2516849040985107,0.1772155463695526
chair_c1_ba074c9ff5e36f60e8b2b8dc0c816caf_1,0.5624065024733983,0.276035251652216,0.0820035338401794,0.1432192325592041
chair_c1_ba074c9ff5e36f60e8b2b8dc0c816caf_2,0.5393410779202423,0.275767323890124,0.0867481529712677,0.2184138000011444
chair_c1_5516e76a34984182b6f6d1d58b7b1311_0,0.40388030887285375,0.3947857233542678,0.0334623456001281,0.0394817590713501
chair_c1_5516e76a34984182b6f6d1d58b7b1311_1,0.6373322619586785,0.3850542683278958,0.0434596240520477,0.0392576158046722
chair_c1_5516e76a34984182b6f6d1d58b7b1311_2,0.5812997387373982,0.3777664049224948,0.2114434242248535,0.2605461180210113
chair_c1_92e6546c4aca4ed14b96b665a8ac321_0,0.6785532888350566,0.3277600425113806,-0.0809099674224853,-0.0395290553569793
chair_c1_92e6546c4aca4ed14b96b665a8ac321_1,0.6629038917243287,0.3524931093821066,0.0136019885540008,0.0460718423128128
chair_c1_92e6546c4aca4ed14b96b665a8ac321_2,0.6665152543352658,0.3469846676230136,0.0914113819599151,0.1219318509101867
chair_c1_ea628b4568d4eb527085b4353236aad_0,0.6049185045916817,0.3673539107640269,0.1671651899814605,0.2637717723846435
chair_c1_ea628b4568d4eb527085b4353236aad_1,0.34868109066080266,0.322622085306786,0.1555575728416443,0.1573726534843444
chair_c1_ea628b4568d4eb527085b4353236aad_2,0.6049185045916817,0.3673539107640269,0.1178619265556335,0.2032652199268341
chair_c1_38ff18330fd5aace162bf7725b3fab02_0,0.4152507487751951,0.3202580639469428,0.0341559648513793,0.0317565500736236
chair_c1_38ff18330fd5aace162bf7725b3fab02_1,0.4152507487751951,0.3202580639469428,-0.0259743928909301,0.0422779619693756
chair_c1_38ff18330fd5aace162bf7725b3fab02_2,0.45301533575082964,0.2900462021643967,0.034741997718811,0.1671577095985412
chair_c1_a808d40b66123c7ae9602306ed19eab0_0,0.657680412806082,0.419067774604186,0.2080018222332,0.2948768138885498
chair_c1_a808d40b66123c7ae9602306ed19eab0_1,0.6499131293460738,0.4854509324858654,0.2274739742279052,0.2321973145008087
chair_c1_a808d40b66123c7ae9602306ed19eab0_2,0.5485460559128486,0.4325044992843027,0.004349410533905,0.0918571949005127
chair_c1_3024deb09ba519c517089ab023f65eee_0,0.35614293260583585,0.2589922105001173,0.1400071233510971,0.2236384749412536
chair_c1_3024deb09ba519c517089ab023f65eee_1,0.4531239468546253,0.3339399188667964,0.2404564619064331,0.3118604123592376
chair_c1_3024deb09ba519c517089ab023f65eee_2,0.5152749284926967,0.3600878382339085,0.1252502501010894,0.0568582713603973
chair_c1_b2f125cba550eb8bfebad4f49b26ec52_0,0.3734875532540276,0.2867276160008095,-0.0136379599571228,0.1238451302051544
chair_c1_b2f125cba550eb8bfebad4f49b26ec52_1,0.00021187032972302955,0.2284032368234855,0.0343348979949951,0.0015311241149902
chair_c1_b2f125cba550eb8bfebad4f49b26ec52_2,0.354657806402904,0.2618066244320497,0.0974711179733276,0.1622142791748047
chair_c1_637606c1ca1ecd81b502160362bf1664_0,0.7832636158816165,0.6043661925695376,0.137214183807373,0.1273317337036132
chair_c1_637606c1ca1ecd81b502160362bf1664_1,0.790965662285547,0.4734273447198251,0.1482914388179779,0.3636086136102676
chair_c1_637606c1ca1ecd81b502160362bf1664_2,0.6783256480869464,0.4582226641920499,0.2524142563343048,0.221664547920227
chair_c1_4f188d1f92b859fc283b00891f680579_0,0.45477520655861836,0.3981634286530728,0.2252662777900695,0.3347479104995727
chair_c1_4f188d1f92b859fc283b00891f680579_1,0.6442149236073601,0.3319056503036072,0.1123502850532531,0.1729763746261596
chair_c1_4f188d1f92b859fc283b00891f680579_2,0.23603817681998396,0.4351212481644431,-0.0543870329856872,-0.0379447937011718
chair_c1_933902ec014c6d487135fc51795b4038_0,0.5983202809598152,0.3788278338175467,0.0451186299324035,0.1273700594902038
chair_c1_933902ec014c6d487135fc51795b4038_1,0.5983202809598152,0.3788278338175467,-0.0019856095314025,0.0264439582824707
chair_c1_933902ec014c6d487135fc51795b4038_2,0.5281822707275207,0.2942604379400777,0.1218262910842895,0.1694895625114441
chair_c1_5609756359a6dd2c1933ffef19678834_0,0.5894983928902822,0.33986179431976,0.1518604755401611,0.1428757309913635
chair_c1_5609756359a6dd2c1933ffef19678834_1,0.5434943813630435,0.4162054190181184,0.1467830538749694,0.1700089573860168
chair_c1_5609756359a6dd2c1933ffef19678834_2,0.5809729976874226,0.362389554510626,0.165680706501007,0.2243743538856506
chair_c1_c04f515b688f9d97fff16555386d173d_0,0.7187556845851982,0.4197165293603948,0.0070961713790893,0.0419996976852417
chair_c1_c04f515b688f9d97fff16555386d173d_1,0.7187556845851982,0.4197165293603948,0.0364534854888916,0.0735669136047363
chair_c1_c04f515b688f9d97fff16555386d173d_2,0.6873205367408672,0.3776741763808542,0.1933323442935943,0.1276580393314361
chair_c1_c1841ecc1302f45be798c4323a137f09_0,0.40273142424766484,0.3114346178092052,-0.0466545820236206,-0.0401805639266967
chair_c1_c1841ecc1302f45be798c4323a137f09_1,0.43467378212483043,0.3712950118782784,0.059103786945343,0.129789113998413
chair_c1_c1841ecc1302f45be798c4323a137f09_2,0.4555053755728453,0.2867073593487627,-0.027510792016983,0.0099233388900756
chair_c1_43681f9356e330b36ac40071701c687_0,0.32485132568832165,0.3673070955186545,0.0012831091880798,0.0909924805164337
chair_c1_43681f9356e330b36ac40071701c687_1,0.6006447696063546,0.4042326265414905,0.1473944783210754,0.2136715650558471
chair_c1_43681f9356e330b36ac40071701c687_2,0.5928917215738102,0.4121590975636077,0.0429146289825439,0.092765063047409
chair_c1_53fc74fb69742cab20768660cf080d12_0,0.5717362877309766,0.3151356440237318,-0.0512118935585022,0.1578592658042907
chair_c1_53fc74fb69742cab20768660cf080d12_1,0.5216827748018644,0.3447597011504688,0.0269031822681427,0.0265204012393951
chair_c1_53fc74fb69742cab20768660cf080d12_2,0.5717362877309766,0.3151356440237318,0.2107768654823303,0.3335939645767212
chair_c1_fc97c771d058556f593de14e4664635a_0,0.35614293260583585,0.2589922105001173,0.1273877620697021,0.1545801758766174
chair_c1_fc97c771d058556f593de14e4664635a_1,0.4565157012871103,0.2956692369618577,0.1513529419898986,0.2066017389297485
chair_c1_fc97c771d058556f593de14e4664635a_2,0.4632355455477858,0.3405212390068109,0.0464343726634979,0.1050604283809661
chair_c1_4ae645f3b724a7dcb83ea6cf8ac00397_0,0.6002620623319654,0.382307803560623,0.0562784671783447,0.2012310028076172
chair_c1_4ae645f3b724a7dcb83ea6cf8ac00397_1,0.47856683044576054,0.4215174153071775,0.0871267914772033,0.1175809502601623
chair_c1_4ae645f3b724a7dcb83ea6cf8ac00397_2,0.6906991630525302,0.419233334583459,0.0455547571182251,0.1578255295753479
chair_c1_aa300965dead4fa33f09c790ddd20f8c_0,0.6046783491765828,0.424236413877143,0.0092751383781433,0.0219769477844238
chair_c1_aa300965dead4fa33f09c790ddd20f8c_1,0.48809825911936244,0.4185940235787443,0.1344034671783447,0.0428665876388549
chair_c1_aa300965dead4fa33f09c790ddd20f8c_2,0.563842250231865,0.3831792215939988,0.1510341167449951,0.2062792181968689
chair_c1_41fd861b4f4b8baf3adc3470b30138f3_0,0.5253698965498973,0.442210899787507,0.1953305006027221,0.356331542134285
chair_c1_41fd861b4f4b8baf3adc3470b30138f3_1,0.5803432545919212,0.5051991226177939,0.1952987313270568,0.2561708092689514
chair_c1_41fd861b4f4b8baf3adc3470b30138f3_2,0.6279324355577551,0.4887049116965123,0.0047153234481811,0.1590923070907592
chair_c1_b8e4dfe08a43badabaed5cf8a752d243_0,0.6035912393400751,0.4271598056055762,0.2035210132598877,0.2539620101451874
chair_c1_b8e4dfe08a43badabaed5cf8a752d243_1,0.511553444597852,0.3976651602684903,0.1360733807086944,0.1794703006744384
chair_c1_b8e4dfe08a43badabaed5cf8a752d243_2,0.511553444597852,0.3976651602684903,0.1147888302803039,0.2305682301521301
chair_c1_953a6c4d742f1e44d1dcc55e36186e4e_0,0.5306260040831838,0.4702739679241401,0.2739121317863464,0.347586065530777
chair_c1_953a6c4d742f1e44d1dcc55e36186e4e_1,0.6030059280995952,0.3411550270819566,0.1098132729530334,0.1656560897827148
chair_c1_953a6c4d742f1e44d1dcc55e36186e4e_2,0.49756420058206374,0.4072857450938532,0.2297674715518951,0.3214649558067322
chair_c1_d38a49a15715c46ec3bd24f986301745_0,0.5624065024733983,0.276035251652216,0.180571436882019,0.1852143406867981
chair_c1_d38a49a15715c46ec3bd24f986301745_1,0.5490202001988647,0.2529443718221529,0.1630598902702331,0.1449359655380249
chair_c1_d38a49a15715c46ec3bd24f986301745_2,2.040533246638887e-05,0.1848679846413777,-0.0058243870735168,-0.0212777853012084
chair_c1_a7f9e2612d0764a0656a19d1d18fdbac_0,0.683137907262271,0.4145397905458959,0.1771106123924255,0.2561876475811004
chair_c1_a7f9e2612d0764a0656a19d1d18fdbac_1,0.57855105744166,0.494637967908223,0.004934549331665,0.0685474872589111
chair_c1_a7f9e2612d0764a0656a19d1d18fdbac_2,0.738250188336499,0.3829400514387762,0.0479130148887634,0.1525609791278839
chair_c1_4b3c381658cfe96d4db79ead79f57b22_0,0.5454965267859688,0.4102230333514978,0.0784113705158233,0.2278615832328796
chair_c1_4b3c381658cfe96d4db79ead79f57b22_1,0.603212850748748,0.4420532569603451,-0.0158286690711975,0.0747689604759216
chair_c1_4b3c381658cfe96d4db79ead79f57b22_2,0.6380137369760478,0.4584921188593465,0.2392007708549499,0.3272706046700477
chair_c1_875925d42780159ffebad4f49b26ec52_0,0.572360074504635,0.3893965294591518,0.1446548700332641,0.1628308743238449
chair_c1_875925d42780159ffebad4f49b26ec52_1,0.5496153432891567,0.4602317123984172,-0.0059560537338256,0.0754247307777404
chair_c1_875925d42780159ffebad4f49b26ec52_2,0.5308309425528712,0.4445396024155467,0.0146366357803344,0.0798428654670715
chair_c1_88042e6d331ffba0f63e8e405d49b8ce_0,0.6661090507933342,0.4161325915076731,0.0146757960319519,0.1498379111289978
chair_c1_88042e6d331ffba0f63e8e405d49b8ce_1,0.6502868297579519,0.4129555092557291,0.0754792094230651,0.0835698843002319
chair_c1_88042e6d331ffba0f63e8e405d49b8ce_2,0.6245131457752844,0.4500598673400375,0.0593681335449218,0.1196225583553314
chair_c1_d521a48317d0b14d7ac55d461d1984_0,0.7700014276002214,0.5510348067235487,0.0937104821205139,0.1942560374736786
chair_c1_d521a48317d0b14d7ac55d461d1984_1,0.6658346041501126,0.4836926774278752,0.1915425062179565,0.2126049101352691
chair_c1_d521a48317d0b14d7ac55d461d1984_2,0.7287232641959297,0.5206182084507112,0.1316745579242706,0.2837098836898803
chair_c1_19d3ba04e165e67dcb4387db711dc078_0,0.5174222409889038,0.3480070874663985,0.127194195985794,0.1054683029651641
chair_c1_19d3ba04e165e67dcb4387db711dc078_1,0.44094262451431876,0.2565799162313628,0.031568706035614,0.1541601121425628
chair_c1_19d3ba04e165e67dcb4387db711dc078_2,0.23966251307559894,0.3067871529918907,0.0313411653041839,0.1435245275497436
chair_c1_93e72cd3140b32513b5ed5cb2d36de1e_0,0.4110612876651334,0.4182098315724437,0.2788960635662079,0.2498595118522644
chair_c1_93e72cd3140b32513b5ed5cb2d36de1e_1,0.5377262695178461,0.4268523255592793,0.0059345960617065,0.0660615861415863
chair_c1_93e72cd3140b32513b5ed5cb2d36de1e_2,0.4637688700563567,0.4892991339540875,0.0266402661800384,0.0472034215927124
chair_c1_550fa302257e193ec93d39652bbb58f_0,0.730213663282115,0.4175041364490215,0.2767747938632965,0.2505834400653839
chair_c1_550fa302257e193ec93d39652bbb58f_1,0.688642974221846,0.4395359574903019,0.2642562985420227,0.2719225287437439
chair_c1_550fa302257e193ec93d39652bbb58f_2,0.650625447519651,0.5158510272724139,-0.0956023335456848,0.0077981352806091
chair_c1_17b77403b80de623f1783a44a88d6274_0,0.3876002057026655,0.2763487013903575,0.2190825641155243,0.302308589220047
chair_c1_17b77403b80de623f1783a44a88d6274_1,0.5001389248167323,0.3098791493364907,0.128576785326004,0.2086262106895446
chair_c1_17b77403b80de623f1783a44a88d6274_2,0.5001389248167323,0.3098791493364907,0.1828937828540802,0.1671579778194427
chair_c1_da443e90e376b024b0f7e9a1c9f6c90f_0,0.5000968121633926,0.3834180838238704,0.3039484620094299,0.3416410982608795
chair_c1_da443e90e376b024b0f7e9a1c9f6c90f_1,0.4081253063920307,0.3151974680126193,0.0266432166099548,0.0618327260017395
chair_c1_da443e90e376b024b0f7e9a1c9f6c90f_2,0.5521339661443811,0.3703959333275318,0.094608336687088,0.1333042532205581
chair_c1_a374da8227eca67b89014675a548cbb_0,0.5824543266661184,0.3547680401685983,0.0106540918350219,0.0858614146709442
chair_c1_a374da8227eca67b89014675a548cbb_1,0.4124217969393553,0.2907822311750503,0.1537714600563049,0.1632865369319915
chair_c1_a374da8227eca67b89014675a548cbb_2,0.546761396428754,0.291981899553184,0.0509201288223266,0.0361106395721435
chair_c1_ea62254f0a5650579a8ef44e1d2c5b75_0,0.4124217969393553,0.2907822311750503,0.1832637786865234,0.2934789657592773
chair_c1_ea62254f0a5650579a8ef44e1d2c5b75_1,0.37046158137469354,0.3203859742600001,0.1766560673713684,0.2432676553726196
chair_c1_ea62254f0a5650579a8ef44e1d2c5b75_2,0.32686162519565265,0.302884386595055,0.2350963652133941,0.2281000018119812
chair_c2_64e77e9e5887ce95492d9da2668ec34c_0,0.31716990296778147,0.2312772927343732,-0.0038875341415405,0.0209004282951354
chair_c2_64e77e9e5887ce95492d9da2668ec34c_1,0.32111900670275206,0.2136887550056471,0.2900083661079407,0.3668405562639236
chair_c2_64e77e9e5887ce95492d9da2668ec34c_2,0.31716990296778147,0.2312772927343732,-0.0415830016136169,-0.0380157232284545
chair_c2_3037c7d4d9dcb8f535b063aa516d32d0_0,0.3241082466798567,0.2319749780104538,0.0052415132522583,0.1210386157035827
chair_c2_3037c7d4d9dcb8f535b063aa516d32d0_1,0.30361422841911023,0.2147289863222616,-0.0145727396011352,0.0524318814277648
chair_c2_3037c7d4d9dcb8f535b063aa516d32d0_2,0.2666894079374522,0.2195681543599136,-0.0391517877578735,0.0464440882205963
chair_c2_5bb5b15807158f71504721639e19f609_0,0.45655454164192455,0.2568431187346066,0.1772798895835876,0.114982396364212
chair_c2_5bb5b15807158f71504721639e19f609_1,0.4613109230029234,0.2995268237810524,0.1887904405593872,0.2432537227869033
chair_c2_5bb5b15807158f71504721639e19f609_2,0.45655454164192455,0.2568431187346066,0.1302500367164611,0.0815328657627105
chair_c2_7f11f4251d2faee4492d9da2668ec34c_0,0.3505682527022642,0.2034488432017908,0.1324849724769592,0.2578484416007995
chair_c2_7f11f4251d2faee4492d9da2668ec34c_1,0.25051043895714364,0.1923441080901268,0.0665162205696106,0.0789130330085754
chair_c2_7f11f4251d2faee4492d9da2668ec34c_2,0.25051043895714364,0.1923441080901268,0.1158112287521362,0.0489526391029357
chair_c2_ff8efd10f5e6c5c7c6c0380e62f2644_0,0.5753552014170705,0.2781865953914659,0.1022889018058776,0.1840936243534088
chair_c2_ff8efd10f5e6c5c7c6c0380e62f2644_1,0.3334775304028508,0.2659792287448826,-0.0202171802520751,0.0226993560791015
chair_c2_ff8efd10f5e6c5c7c6c0380e62f2644_2,0.5407877265492866,0.2812602838291939,-0.087247610092163,-0.0052404403686523
chair_c2_6d4ce042f204e89db413bc67c6e4035a_0,0.2969877857194936,0.2081582230065111,0.0717137455940246,0.2586645185947418
chair_c2_6d4ce042f204e89db413bc67c6e4035a_1,0.22215766844113305,0.202870182973855,-0.0143671035766601,0.0929662585258483
chair_c2_6d4ce042f204e89db413bc67c6e4035a_2,0.23401640140390212,0.2150361527798199,0.2400193214416504,0.248634397983551
chair_c2_bcf67dfcbd6c1fe7da8e9e0272759299_0,0.4911345412082828,0.3197797044385128,0.0992587506771087,0.2855608165264129
chair_c2_bcf67dfcbd6c1fe7da8e9e0272759299_1,0.33609683702201276,0.2464988537553056,-0.1441119909286499,-0.0475132465362548
chair_c2_bcf67dfcbd6c1fe7da8e9e0272759299_2,0.4813227314417945,0.3068963889819902,0.1044610440731048,0.2521413266658783
chair_c2_4fae9528f1403fd0f9702e673573a443_0,0.2882987105934611,0.2482837894282427,0.021381139755249,0.1077899932861328
chair_c2_4fae9528f1403fd0f9702e673573a443_1,0.3097970083534025,0.2021227103448791,0.2209276556968689,0.1925419569015503
chair_c2_4fae9528f1403fd0f9702e673573a443_2,0.22955964615982816,0.2163799607476246,0.0434249639511108,0.157170832157135
chair_c2_903a14845425ca3176e30bf48cd56fcd_0,0.36183872675096185,0.2037558458091232,0.2433616518974304,0.3378350287675857
chair_c2_903a14845425ca3176e30bf48cd56fcd_1,0.36183872675096185,0.2037558458091232,0.3756945878267288,0.4212756678462028
chair_c2_903a14845425ca3176e30bf48cd56fcd_2,0.3056132509411038,0.2387995674135037,0.0521548390388488,0.1193333268165588
chair_c2_507a5070cde81fd867936ca58e67cec6_0,0.24014416450875753,0.1858052088985436,-0.0481905937194824,-0.0296760201454162
chair_c2_507a5070cde81fd867936ca58e67cec6_1,0.22215766844113305,0.202870182973855,0.0652902722358703,0.1305878460407257
chair_c2_507a5070cde81fd867936ca58e67cec6_2,0.2934453152754768,0.1847301842243302,0.0098113417625427,0.1093704104423523
chair_c2_d045654d572bc46f19fb4103277a6b93_0,0.25058635067297463,0.189642376274142,0.082315981388092,0.1908590197563171
chair_c2_d045654d572bc46f19fb4103277a6b93_1,0.33680401948827465,0.2178200324947809,-0.0421701073646545,0.0774109363555908
chair_c2_d045654d572bc46f19fb4103277a6b93_2,0.301450903143465,0.2246998933023646,-0.092901587486267,-0.0446235537528991
chair_c2_bbdaf1503b9e2219df6cfab91d65bb91_0,0.4477605629783109,0.3069920944324462,0.0685321688652038,0.0208743810653686
chair_c2_bbdaf1503b9e2219df6cfab91d65bb91_1,0.4628199711926754,0.26903580484605,0.1962587237358093,0.4219254925847053
chair_c2_bbdaf1503b9e2219df6cfab91d65bb91_2,0.42018399349251656,0.3148184138199669,0.2360778748989105,0.3328356295824051
chair_c2_25d40c79ac57891cfebad4f49b26ec52_0,0.409662864769359,0.2402626107363909,0.0022026300430297,0.1083651483058929
chair_c2_25d40c79ac57891cfebad4f49b26ec52_1,0.409662864769359,0.2402626107363909,0.1245695948600769,0.2081979811191558
chair_c2_25d40c79ac57891cfebad4f49b26ec52_2,0.41454685428921,0.2369572205104071,-0.0306446552276611,0.034386783838272
chair_c2_ea7be2b97e78d5b35a4480134e0cdd21_0,0.3901781396015712,0.2464550738483787,0.1585161387920379,0.2853811085224151
chair_c2_ea7be2b97e78d5b35a4480134e0cdd21_1,0.3388330863396879,0.2414383312097336,0.1434170007705688,0.345228910446167
chair_c2_ea7be2b97e78d5b35a4480134e0cdd21_2,0.23022318156713184,0.2811610192569846,-0.030049979686737,-0.016798198223114
chair_c2_58f3e49e746363dcf91663a74ccd2338_0,0.4219680442845575,0.2763103608573802,0.3094418346881866,0.3174857497215271
chair_c2_58f3e49e746363dcf91663a74ccd2338_1,0.4658564746493392,0.2741901841936009,0.0107064843177795,0.0216331481933593
chair_c2_58f3e49e746363dcf91663a74ccd2338_2,0.44213512025825186,0.2983705319579783,-0.0926342606544494,-0.0595216751098632
chair_c2_6aba15a68e745c8d48fda83c10428379_0,0.48018868824659455,0.3089341632039907,0.0913425087928772,0.144862949848175
chair_c2_6aba15a68e745c8d48fda83c10428379_1,0.4727972413720333,0.2717165525168259,0.0026164054870605,0.10667484998703
chair_c2_6aba15a68e745c8d48fda83c10428379_2,0.45245926912386125,0.2772143548994563,0.097724050283432,0.1955422759056091
chair_c2_8fbf9ce2c9cb77bd9cb48411c757aef6_0,0.4344316014413929,0.2426567046116164,0.0876221656799316,0.1837692260742187
chair_c2_8fbf9ce2c9cb77bd9cb48411c757aef6_1,0.48756358306914205,0.3142133864003032,-0.0270862579345703,0.1064788401126861
chair_c2_8fbf9ce2c9cb77bd9cb48411c757aef6_2,0.4344316014413929,0.2426567046116164,0.0614545345306396,0.1140440106391906
chair_c2_e32ee21232d2d5604747ada1cb39a749_0,0.3660374388104748,0.2275323322337366,0.2290742993354797,0.2713075578212738
chair_c2_e32ee21232d2d5604747ada1cb39a749_1,0.42430243150323343,0.2493925275359933,-0.0883161425590515,0.034117043018341
chair_c2_e32ee21232d2d5604747ada1cb39a749_2,0.4373268835798849,0.2611228661726797,0.0564851760864257,0.2021222710609436
chair_c2_a78d31c9dd3cea02f91663a74ccd2338_0,0.04495861457264527,0.2166414655083801,-0.0615971088409423,-0.0474924445152282
chair_c2_a78d31c9dd3cea02f91663a74ccd2338_1,0.33644368504305255,0.2412106304504768,-0.060893714427948,-0.0873100161552429
chair_c2_a78d31c9dd3cea02f91663a74ccd2338_2,0.3299214800311566,0.1815977439039996,0.1984864473342895,0.2787017151713371
chair_c2_65c7a3d8fb95311c492d9da2668ec34c_0,0.39874937256175746,0.2706568574710227,0.2578938007354736,0.367028497159481
chair_c2_65c7a3d8fb95311c492d9da2668ec34c_1,0.4368109215335654,0.3015980780590119,0.0172933340072631,-0.0127091109752655
chair_c2_65c7a3d8fb95311c492d9da2668ec34c_2,0.4368109215335654,0.3015980780590119,0.0501512885093688,0.0627763271331787
chair_c2_b4827a7b42d68aadbeab82a04eef83b6_0,0.4883397499936336,0.2842898344447032,0.1167942881584167,0.1471402049064636
chair_c2_b4827a7b42d68aadbeab82a04eef83b6_1,0.5361852317709624,0.3100674725389186,0.1007313132286071,0.1430550515651703
chair_c2_b4827a7b42d68aadbeab82a04eef83b6_2,0.48628182384974084,0.3017441358724895,0.1213664412498474,0.1032256484031677
chair_c2_4566839a362c5c223ec13b32c4d64f06_0,0.2676640294106075,0.2675769064240914,0.1420701742172241,0.1118764877319336
chair_c2_4566839a362c5c223ec13b32c4d64f06_1,0.2676640294106075,0.2675769064240914,0.1796046495437622,0.2535025328397751
chair_c2_4566839a362c5c223ec13b32c4d64f06_2,0.5092349908548603,0.2612428833762664,0.1912430226802826,0.2513725161552429
chair_c2_bb90094030f369e4305a3b2fd9173d6f_0,0.4530098233052957,0.2498346280421506,0.102903127670288,0.1680271029472351
chair_c2_bb90094030f369e4305a3b2fd9173d6f_1,0.47033089999011035,0.2421161304522588,-0.0556086301803588,-0.0023941397666931
chair_c2_bb90094030f369e4305a3b2fd9173d6f_2,0.34782386704489177,0.2130905844784831,0.0239577293395996,0.1032514572143554
chair_c2_5aea2a227125a81bccda8d28b44378b7_0,0.229374331540937,0.217485171924918,-0.039477527141571,0.0970253944396972
chair_c2_5aea2a227125a81bccda8d28b44378b7_1,0.2159116445815492,0.2072611078112718,-0.0548297762870788,0.0876982808113098
chair_c2_5aea2a227125a81bccda8d28b44378b7_2,0.2609757206518337,0.2181219763503101,0.0345280170440673,0.0652703046798706
chair_c2_20964e03ef001d8910684e111251a45_0,0.5249805954280611,0.2351171596116215,0.1562579274177551,0.2069454789161682
chair_c2_20964e03ef001d8910684e111251a45_1,0.5169674886898525,0.3347130422810008,0.0262742042541503,0.130294919013977
chair_c2_20964e03ef001d8910684e111251a45_2,0.41076061682187714,0.3189586543355259,0.1194658875465393,0.1847741603851318
chair_c2_bdedbb7887d2c1ac6a45b3b48c00378_0,0.3759048836960672,0.2538765432808764,0.0664877295494079,0.2459718883037567
chair_c2_bdedbb7887d2c1ac6a45b3b48c00378_1,0.42685171555328627,0.3168717920622566,0.1534993648529052,0.2966311872005462
chair_c2_bdedbb7887d2c1ac6a45b3b48c00378_2,0.42744267343880393,0.276848048734185,0.1081263422966003,0.2595242857933044
chair_c2_98f42a66467c264377fe1aa9b41a89c5_0,0.3358231292534868,0.2421324340838007,0.24457848072052,0.1005198955535888
chair_c2_98f42a66467c264377fe1aa9b41a89c5_1,0.2754037177151847,0.2187975628335826,0.0386050939559936,0.118218183517456
chair_c2_98f42a66467c264377fe1aa9b41a89c5_2,0.35729184750762677,0.2264272285895731,-0.0117443799972534,0.0845792293548584
chair_c2_5c660775f1c7b202855c835f93769fb8_0,0.20308567291790103,0.1826384386627172,0.1664638519287109,0.2305740714073181
chair_c2_5c660775f1c7b202855c835f93769fb8_1,0.27819564216317527,0.1868972434673758,0.0888034105300903,0.125092476606369
chair_c2_5c660775f1c7b202855c835f93769fb8_2,0.26958371364248124,0.178787839094661,-0.0230035483837127,0.0768373012542724
chair_c2_6a01eed3a575987211e48e4bcdc4a2a3_0,0.5714346418948563,0.3552589421898063,-0.0927775502204895,0.0568422079086303
chair_c2_6a01eed3a575987211e48e4bcdc4a2a3_1,0.5351276070717728,0.3743049696940393,0.3345289677381515,0.3810627460479736
chair_c2_6a01eed3a575987211e48e4bcdc4a2a3_2,0.5783314560845776,0.3852182519597139,-0.0171824991703033,0.2978655099868774
chair_c2_8a845bb67ee8486d6199d6fe090be061_0,0.43311021010346773,0.2883590315855135,0.3041356652975082,0.3810339570045471
chair_c2_8a845bb67ee8486d6199d6fe090be061_1,0.3745915600891223,0.2458952815138147,0.2253963947296142,0.2892048358917236
chair_c2_8a845bb67ee8486d6199d6fe090be061_2,0.41398765344804844,0.2667789203642891,0.1845463216304779,0.2543280869722366
chair_c2_63da17eda9d415b5319c5e90e9cc9126_0,0.42519908303568466,0.2522260257013063,0.0124049186706542,0.1412993669509887
chair_c2_63da17eda9d415b5319c5e90e9cc9126_1,0.39921814035366066,0.1884743330678857,-0.0056634545326232,0.0189284682273864
chair_c2_63da17eda9d415b5319c5e90e9cc9126_2,0.42519908303568466,0.2522260257013063,0.1174125075340271,0.173456460237503
chair_c2_9b9cfaea2a7ba04c461ec9f1803b17a7_0,0.2969877857194936,0.2081582230065111,0.2317244112491607,0.1372549831867218
chair_c2_9b9cfaea2a7ba04c461ec9f1803b17a7_1,0.26801109375973886,0.2058244159059332,0.1281439065933227,0.1014294028282165
chair_c2_9b9cfaea2a7ba04c461ec9f1803b17a7_2,0.24729056842530261,0.1910932489311997,-0.029805839061737,0.0729790478944778
chair_c2_40ee8ed17f6ea51224669056e0d19a1_0,0.33609683702201276,0.2464988537553056,-0.1361317634582519,-0.0614057779312133
chair_c2_40ee8ed17f6ea51224669056e0d19a1_1,0.23543125152545885,0.1997924131207137,0.1631566286087036,0.0686837434768676
chair_c2_40ee8ed17f6ea51224669056e0d19a1_2,0.25292494998331394,0.2076509483342005,-0.1060801744461059,-0.0198479294776916
chair_c2_92175cfac21b10e76e5b9257c4084ca2_0,0.315693147663342,0.177380260487841,0.2525259852409363,0.375368982553482
chair_c2_92175cfac21b10e76e5b9257c4084ca2_1,0.26056406801839094,0.1976170807725114,0.0997494459152221,0.1252210438251495
chair_c2_92175cfac21b10e76e5b9257c4084ca2_2,0.2273378344520609,0.1938380145845771,0.0456303358078002,0.1326563358306884
chair_c2_4aa9b5829edec8ac4671d97b0fd17f51_0,0.41291108913516583,0.26780185883901,0.3237503170967102,0.3498810976743698
chair_c2_4aa9b5829edec8ac4671d97b0fd17f51_1,0.4206053984856213,0.2512268086972528,0.0260983109474182,0.139532208442688
chair_c2_4aa9b5829edec8ac4671d97b0fd17f51_2,0.25378670792842273,0.2388656216387766,-0.034655213356018,0.0024273991584777
chair_c2_4365a4d98c9b979019149a7f35de06bd_0,0.497868261487345,0.2858462302324125,0.359503835439682,0.4117375239729881
chair_c2_4365a4d98c9b979019149a7f35de06bd_1,0.34865354099371926,0.3155413702587304,0.232768028974533,0.3784278407692909
chair_c2_4365a4d98c9b979019149a7f35de06bd_2,0.3703474317453932,0.3235309759777336,0.0821045637130737,0.072499930858612
chair_c2_e9e224bc0a0787d8320f10afdfbaa18_0,0.4613781535200835,0.3038835283546839,0.2144676744937896,0.3175258636474609
chair_c2_e9e224bc0a0787d8320f10afdfbaa18_1,0.4821391079156583,0.2892593476341282,0.0655285120010376,0.1743177473545074
chair_c2_e9e224bc0a0787d8320f10afdfbaa18_2,0.4613781535200835,0.3038835283546839,0.1598128080368042,0.2868753969669342
chair_c2_8da327a8eea887fd492d9da2668ec34c_0,0.25378670792842273,0.2388656216387766,-0.0079416036605834,-0.0270404815673828
chair_c2_8da327a8eea887fd492d9da2668ec34c_1,0.22650945376435316,0.2090950619075194,-0.0144385695457458,0.0081110596656799
chair_c2_8da327a8eea887fd492d9da2668ec34c_2,0.3251415710271154,0.2679574692003882,0.0211963057518005,0.0026202797889709
chair_c2_81158ce36c90c319740641939c9d6dc9_0,0.3723389840484732,0.2694418378543265,0.0733179748058319,0.2163640856742859
chair_c2_81158ce36c90c319740641939c9d6dc9_1,0.4278071885638496,0.2983036573625391,0.2209963500499725,0.0998060703277587
chair_c2_81158ce36c90c319740641939c9d6dc9_2,0.4278071885638496,0.2983036573625391,0.0487100481986999,0.0827862024307251
chair_c2_b6e662b81c62dc9b688f5a44034a346_0,0.30557139085259266,0.1719233893521057,0.2022179961204528,0.1705289483070373
chair_c2_b6e662b81c62dc9b688f5a44034a346_1,0.29146732711281653,0.2024562488101632,0.0572475790977478,0.0399321317672729
chair_c2_b6e662b81c62dc9b688f5a44034a346_2,0.29146732711281653,0.2024562488101632,-0.0049858689308166,0.0069170892238616
chair_c2_2e0beb3b6927a2b7e45ef4135c266a12_0,0.37494389740977174,0.207323443075531,0.0318659543991088,0.1506918370723724
chair_c2_2e0beb3b6927a2b7e45ef4135c266a12_1,0.3482326223418728,0.2663100175672821,0.1021333336830139,0.1539586186408996
chair_c2_2e0beb3b6927a2b7e45ef4135c266a12_2,0.38319208107069347,0.1996620658434429,-0.0591614097356796,0.0055844187736511
chair_c2_a6009749fd05fed82d19175e7d19b7cb_0,0.21381115762556413,0.2119679678993956,0.0506606101989746,0.0981347560882568
chair_c2_a6009749fd05fed82d19175e7d19b7cb_1,0.3249245587344155,0.2034635153232014,0.0285676717758178,0.0241671800613403
chair_c2_a6009749fd05fed82d19175e7d19b7cb_2,0.229374331540937,0.217485171924918,-0.0262715220451354,-0.0427752137184143
chair_c2_594d5b7f3e705a1ab3234e0da44b11e4_0,0.39729573124715734,0.278611723623994,0.0856920182704925,0.2127562463283538
chair_c2_594d5b7f3e705a1ab3234e0da44b11e4_1,0.3640368027403519,0.2199894672787029,0.2143667340278625,0.4099587574601173
chair_c2_594d5b7f3e705a1ab3234e0da44b11e4_2,0.31458374003308065,0.2688582930673368,0.168406069278717,0.3380248546600342
chair_c2_6b10b9f8b8f38cfadebf8d14d5516c20_0,0.4013792246477781,0.2058819093301709,0.1659939885139465,0.2079926133155822
chair_c2_6b10b9f8b8f38cfadebf8d14d5516c20_1,0.36929661531463087,0.2667274209197472,-0.0738817751407623,0.011940062046051
chair_c2_6b10b9f8b8f38cfadebf8d14d5516c20_2,0.3581798608165172,0.215680737761156,-0.1005013585090637,-0.0879168808460235
chair_c2_95c5a8897fa78d3883b06dcdd869d9ac_0,0.3531951495468615,0.2249489181780246,0.3223639130592346,0.3068626224994659
chair_c2_95c5a8897fa78d3883b06dcdd869d9ac_1,0.32422814436614444,0.1594545555584633,-0.0430436134338378,0.0432677865028381
chair_c2_95c5a8897fa78d3883b06dcdd869d9ac_2,0.3531951495468615,0.2249489181780246,0.0783885717391967,0.1046565175056457
chair_c2_bfb93705c05ecd0d31e7ccd4db190c0d_0,0.3769522070557203,0.2236697257711908,-0.1021553874015808,-0.0150376558303833
chair_c2_bfb93705c05ecd0d31e7ccd4db190c0d_1,0.2609757206518337,0.2181219763503101,-0.1215298771858215,0.0005098581314086
chair_c2_bfb93705c05ecd0d31e7ccd4db190c0d_2,0.25678427287585204,0.216201847260201,-0.0287132263183593,0.0441685616970062
chair_c2_99e4c4b39b75a06b30e06a011e63236a_0,0.35430483743581365,0.295153904811929,0.0608031749725341,0.0902202129364013
chair_c2_99e4c4b39b75a06b30e06a011e63236a_1,0.4484017344842839,0.3434436521856134,0.0838956236839294,0.2241479754447937
chair_c2_99e4c4b39b75a06b30e06a011e63236a_2,0.4534237140133808,0.282001525679559,0.0555261373519897,0.1457513868808746
chair_c2_d52e7e39bed3ed954f62c7a282978009_0,0.28221708625943354,0.2137961336419302,0.0465390086174011,0.1819763779640197
chair_c2_d52e7e39bed3ed954f62c7a282978009_1,0.3305622152381814,0.1953082867100944,0.0339978337287902,0.1540558040142059
chair_c2_d52e7e39bed3ed954f62c7a282978009_2,0.29127879212357466,0.2074330689350608,0.0602685213088989,-0.0356568694114685
chair_c2_9a522f446662bd23a07a1bace8cff15c_0,0.4105904498261598,0.2381055881179636,-0.0037552714347839,0.0652103722095489
chair_c2_9a522f446662bd23a07a1bace8cff15c_1,0.40367465717618245,0.2859919061124237,0.2267953157424926,0.2711564898490906
chair_c2_9a522f446662bd23a07a1bace8cff15c_2,0.3845187451223533,0.2939530180968861,0.1321725994348526,0.1398165076971054
chair_c2_df6a3bc55f86781218930ac69342cc5c_0,0.31845778718104667,0.1871498493046527,0.0658667683601379,0.1817438006401062
chair_c2_df6a3bc55f86781218930ac69342cc5c_1,0.29254985957396484,0.1633316007221288,0.1779917478561401,0.2496537566184997
chair_c2_df6a3bc55f86781218930ac69342cc5c_2,0.29254985957396484,0.1633316007221288,0.1665868759155273,0.2637837529182434
chair_c2_4363eb3e65ada91ae3f7a74e12a274ef_0,0.2609257099583686,0.2249619429188725,0.1031428575515747,0.0761606097221374
chair_c2_4363eb3e65ada91ae3f7a74e12a274ef_1,0.2609257099583686,0.2249619429188725,0.049343466758728,0.0648896694183349
chair_c2_4363eb3e65ada91ae3f7a74e12a274ef_2,0.2609257099583686,0.2249619429188725,0.0087270736694335,0.0548123717308044
chair_c2_61943ed43201e59ed7f7a4c4609b0913_0,0.26326242580056003,0.2214256844711813,0.334004282951355,0.3659718483686447
chair_c2_61943ed43201e59ed7f7a4c4609b0913_1,0.26801109375973886,0.2058244159059332,0.2372609972953796,0.2016600668430328
chair_c2_61943ed43201e59ed7f7a4c4609b0913_2,0.3323438468692397,0.2390085524524776,0.0025442838668823,-0.0001775622367858
chair_c2_7f11908f7ea9483c415dbfd895473b4f_0,0.4278026644766538,0.3194069791591963,0.0026094913482666,0.0622044801712036
chair_c2_7f11908f7ea9483c415dbfd895473b4f_1,0.40847913484319376,0.2915499439062565,0.0047892332077026,0.0184887647628784
chair_c2_7f11908f7ea9483c415dbfd895473b4f_2,0.3564440579371766,0.2863909457887565,-0.0508972406387329,-0.0190967321395874
chair_c2_23b52ffd037c95223704253c4a874401_0,0.5810441916590819,0.2705126037020162,0.3038047552108764,0.2832624614238739
chair_c2_23b52ffd037c95223704253c4a874401_1,0.5783314560845776,0.3852182519597139,0.1870204210281372,0.2775365114212036
chair_c2_23b52ffd037c95223704253c4a874401_2,0.4248481673835953,0.3405889225086219,0.138327419757843,0.2076208293437957
chair_c2_4422c64dffcd8662eaf288f952624966_0,0.3867160280236833,0.2812965618271729,0.1112840771675109,0.1880279779434204
chair_c2_4422c64dffcd8662eaf288f952624966_1,0.414465853081159,0.3058886224926188,0.2093593478202819,0.147815465927124
chair_c2_4422c64dffcd8662eaf288f952624966_2,0.26914751236640844,0.242012010415063,0.0616477131843566,0.1062347888946533
chair_c2_6534de9a07438b52ee3907b60a74e8f8_0,0.5922230832034542,0.2909645790144288,0.1341118514537811,0.1625728607177734
chair_c2_6534de9a07438b52ee3907b60a74e8f8_1,0.48357921143393723,0.2767073286116834,-0.06072998046875,-0.0075900554656982
chair_c2_6534de9a07438b52ee3907b60a74e8f8_2,0.4893488895119965,0.2918413949064223,0.2761008143424988,0.2788336873054504
chair_c2_eba001ddae2ce5eed5d673747c0e3adb_0,0.45218234075793995,0.2965308074644176,0.0211564302444458,0.0276455879211425
chair_c2_eba001ddae2ce5eed5d673747c0e3adb_1,0.45218234075793995,0.2965308074644176,-0.0555751621723175,0.0649890303611755
chair_c2_eba001ddae2ce5eed5d673747c0e3adb_2,0.3872354148208762,0.2202565684790286,0.0040096938610076,0.2310326993465423
chair_c2_aa3e5b5828912c0b5d11e7d6920a72ce_0,0.5904110372866664,0.3460341123322222,0.2474368810653686,0.284254789352417
chair_c2_aa3e5b5828912c0b5d11e7d6920a72ce_1,0.5904110372866664,0.3460341123322222,0.0769283473491668,0.2753588557243347
chair_c2_aa3e5b5828912c0b5d11e7d6920a72ce_2,0.5904110372866664,0.3460341123322222,0.2667427957057953,0.2911740243434906
chair_c2_e159d82f67a5953b1fb41007d56c0ca1_0,0.4574630315257162,0.2336642268496162,-0.0377879738807678,-0.0157192349433898
chair_c2_e159d82f67a5953b1fb41007d56c0ca1_1,0.4355349702094534,0.2704644464559115,0.3302933424711227,0.3626932203769684
chair_c2_e159d82f67a5953b1fb41007d56c0ca1_2,0.4574630315257162,0.2336642268496162,-0.0680615901947021,-0.028379738330841
chair_c2_cfd2b4a2c8398220731d11154716a6b8_0,0.5261714062430858,0.3245349055978253,-0.1206537783145904,-0.0133066773414611
chair_c2_cfd2b4a2c8398220731d11154716a6b8_1,0.5711436990800088,0.3406976905339371,0.0914579629898071,0.1091825366020202
chair_c2_cfd2b4a2c8398220731d11154716a6b8_2,0.5410508913807144,0.3479734542886451,0.0883015394210815,0.2908332943916321
chair_c2_23acbdfee13b407ce42d6c2ea750090e_0,0.5450049801233153,0.3391591625925152,0.150977611541748,0.1132406592369079
chair_c2_23acbdfee13b407ce42d6c2ea750090e_1,0.5162548382411897,0.3185679482007878,0.060878038406372,0.0303693413734436
chair_c2_23acbdfee13b407ce42d6c2ea750090e_2,0.5162548382411897,0.3185679482007878,0.0782327651977539,0.0979432463645935
chair_c2_e3b04359a3e9ac5de5dbcc9343304f4a_0,0.41076061682187714,0.3189586543355259,0.1004997491836547,0.0980889201164245
chair_c2_e3b04359a3e9ac5de5dbcc9343304f4a_1,0.2676640294106075,0.2675769064240914,0.227504551410675,0.295087993144989
chair_c2_e3b04359a3e9ac5de5dbcc9343304f4a_2,0.5945718798967432,0.3575271334975473,0.1463901102542877,0.2470203042030334
chair_c2_8b3d1c34753e095cb05550de345b6d0a_0,0.3004667925335325,0.2290048009377937,0.1815806031227111,0.2021756768226623
chair_c2_8b3d1c34753e095cb05550de345b6d0a_1,0.29516992496935135,0.232783867125728,0.245556354522705,0.3072048835456371
chair_c2_8b3d1c34753e095cb05550de345b6d0a_2,0.3004667925335325,0.2290048009377937,0.2613550424575805,0.3043122589588165
chair_c2_41ce60d5443c203eb31c248b8665b2e7_0,0.425693755167877,0.2233372365203033,0.061579406261444,0.2399711608886718
chair_c2_41ce60d5443c203eb31c248b8665b2e7_1,0.30164377323566516,0.2268350753679476,0.172060489654541,0.1124116778373718
chair_c2_41ce60d5443c203eb31c248b8665b2e7_2,0.4309488666379204,0.2284921951849015,0.1261430978775024,0.0856491327285766
chair_c2_5d0a9fa5c8d9bef386f6991406b6a562_0,0.29392075071134005,0.2064701655167653,0.0105704665184021,0.1512047350406646
chair_c2_5d0a9fa5c8d9bef386f6991406b6a562_1,0.21000286984603989,0.1979657129405711,-0.1275568604469299,-0.0088402032852172
chair_c2_5d0a9fa5c8d9bef386f6991406b6a562_2,0.48433700647536426,0.2119873695422877,-0.0155409574508667,0.0249279141426086
chair_c2_3318f55fdfb9a132f83ac1589b0e94a6_0,0.24139385846879424,0.2287995177460808,0.226220965385437,0.2204780280590057
chair_c2_3318f55fdfb9a132f83ac1589b0e94a6_1,0.35258634843099745,0.2385983461770659,-0.0340242385864257,-0.0014904737472534
chair_c2_3318f55fdfb9a132f83ac1589b0e94a6_2,0.16431044155440033,0.2498245756222072,0.2375162243843078,0.197420984506607
chair_c2_ef4e47e54bfc685cb40f0ac0fb9a650d_0,0.6056512039104651,0.3102292251606628,0.0593959093093872,0.0324711203575134
chair_c2_ef4e47e54bfc685cb40f0ac0fb9a650d_1,0.5867255214393423,0.3506707293731079,-0.056087851524353,0.0572808980941772
chair_c2_ef4e47e54bfc685cb40f0ac0fb9a650d_2,0.5663936970185228,0.3327761442435059,-0.0468798279762268,0.0509862303733825
chair_c2_5748c2c222d1528deb0a72cc21af76ff_0,0.1652226476070935,0.134759491083946,0.043484628200531,0.1253547668457031
chair_c2_5748c2c222d1528deb0a72cc21af76ff_1,0.32422814436614444,0.1594545555584633,-0.0277236104011535,0.0407694876194
chair_c2_5748c2c222d1528deb0a72cc21af76ff_2,0.18784648487520073,0.1535593153657095,0.1103156805038452,0.1900069713592529
chair_c2_490cc736a3ffc2a9c8687ff9b0b4e4ac_0,0.4078974260323933,0.2220266045852855,-0.0032821893692016,0.1095563769340515
chair_c2_490cc736a3ffc2a9c8687ff9b0b4e4ac_1,0.14549176060536473,0.2328874731243239,-0.0758313536643982,-0.0436447858810424
chair_c2_490cc736a3ffc2a9c8687ff9b0b4e4ac_2,0.42411096132895754,0.2239467336753947,0.0244726538658142,0.1309097409248352
chair_c2_91f867d862e6c96c3ea242d1c18c3489_0,0.37456480482954246,0.2975689369909666,-0.1081548333168029,-0.0721436738967895
chair_c2_91f867d862e6c96c3ea242d1c18c3489_1,0.3334775304028508,0.2659792287448826,0.0687787532806396,0.079098105430603
chair_c2_91f867d862e6c96c3ea242d1c18c3489_2,0.31567545438950284,0.2178340344136234,-0.0571078658103942,-0.0090208649635314
chair_c2_fcfb7012968416679c0b027ae5b223d6_0,0.2766863739894485,0.1794547601345532,0.0711485147476196,0.1761233508586883
chair_c2_fcfb7012968416679c0b027ae5b223d6_1,0.22522393540299568,0.2058297139179952,-0.0257434844970703,0.0125237107276916
chair_c2_fcfb7012968416679c0b027ae5b223d6_2,0.22522393540299568,0.2058297139179952,0.0007814168930053,0.0105419158935546
chair_c2_34dc6c4e022b380cf91663a74ccd2338_0,0.3056132509411038,0.2387995674135037,-0.0036210417747497,-0.0017120242118835
chair_c2_34dc6c4e022b380cf91663a74ccd2338_1,0.26914751236640844,0.242012010415063,0.0234962701797485,0.013340950012207
chair_c2_34dc6c4e022b380cf91663a74ccd2338_2,0.26914751236640844,0.242012010415063,0.0480864644050598,0.065819501876831
chair_c2_fe5951beafda9dc5b76982957f05710f_0,0.3215046725447569,0.2938042139313889,-0.0228328108787536,0.12706059217453
chair_c2_fe5951beafda9dc5b76982957f05710f_1,0.4390135387011803,0.2874475753952339,0.2340816855430603,0.2490658164024353
chair_c2_fe5951beafda9dc5b76982957f05710f_2,0.38464948649346975,0.3102253270351133,0.0892765522003173,0.1783305704593658
chair_c2_9531ea3018e8bc70f81c330016997d42_0,0.3594507296851728,0.1945136664716094,-0.0028668045997619,0.1639085412025451
chair_c2_9531ea3018e8bc70f81c330016997d42_1,0.3759048836960672,0.2538765432808764,0.0514516234397888,0.2638299018144607
chair_c2_9531ea3018e8bc70f81c330016997d42_2,0.316015835635461,0.1862097314480723,-0.0436347126960754,0.0702649354934692
chair_c2_799de8b0527ea329c725388bb41d64e3_0,0.39220122356287845,0.1851331907034795,-0.0510199666023254,0.1421995759010315
chair_c2_799de8b0527ea329c725388bb41d64e3_1,0.4112398431122021,0.223005670354868,0.1046929955482482,0.1819366514682769
chair_c2_799de8b0527ea329c725388bb41d64e3_2,0.3889482483290847,0.2516351443324492,-0.0118491053581237,0.0231406688690185
chair_c2_447e5db7c84797272127b77d9c9dbf6a_0,0.3017533539586752,0.2020344362198747,0.1012648940086364,0.2526822686195373
chair_c2_447e5db7c84797272127b77d9c9dbf6a_1,0.28512599838986985,0.2080541984629255,-0.0347707867622375,0.0680929720401763
chair_c2_447e5db7c84797272127b77d9c9dbf6a_2,0.3223836298024134,0.2103383712434118,0.0708764791488647,0.1651785969734192
chair_c2_39311ad85e77d3b7492d9da2668ec34c_0,0.4585070903740074,0.3586318413575703,0.0319265127182006,0.0631173849105835
chair_c2_39311ad85e77d3b7492d9da2668ec34c_1,0.4712597907947933,0.2654217038799508,-0.0662524700164794,-0.0253399014472961
chair_c2_39311ad85e77d3b7492d9da2668ec34c_2,0.4585070903740074,0.3586318413575703,-0.0693632364273071,-0.0114210844039917
chair_c2_79401adba0311d9b19fb4103277a6b93_0,0.301450903143465,0.2246998933023646,0.0150009989738464,0.0359581112861633
chair_c2_79401adba0311d9b19fb4103277a6b93_1,0.37173723067255904,0.2350562653655389,0.0535642504692077,0.1509303450584411
chair_c2_79401adba0311d9b19fb4103277a6b93_2,0.3896073077129486,0.2728626272917666,0.012536346912384,0.0332866311073303
chair_c2_9d177c3174439ae1a48e53188865c070_0,0.5010980921283892,0.3282814657946847,0.0737587809562683,0.2189983874559402
chair_c2_9d177c3174439ae1a48e53188865c070_1,0.47946500513117507,0.3461760509242868,0.0552525222301483,0.1538634300231933
chair_c2_9d177c3174439ae1a48e53188865c070_2,0.5010980921283892,0.3282814657946847,0.2117398679256439,0.1842056810855865
chair_c2_78446e1cc15f757297936c81e7f6629_0,0.20502201987102397,0.1784078421336268,0.0825624465942382,0.0647238492965698
chair_c2_78446e1cc15f757297936c81e7f6629_1,0.23745161813251703,0.1609669132027173,0.2454399466514587,0.2968483418226242
chair_c2_78446e1cc15f757297936c81e7f6629_2,0.267456755765642,0.1706227521926915,0.0219510197639465,0.0729226469993591
chair_c2_8f1e882bdc10f54955f46d55537192b6_0,0.19451125808191627,0.14586422619561,0.017265498638153,0.129827618598938
chair_c2_8f1e882bdc10f54955f46d55537192b6_1,0.2629778969224914,0.1763970856536675,0.1728716194629669,0.284232348203659
chair_c2_8f1e882bdc10f54955f46d55537192b6_2,0.17427006279628143,0.1677244214978667,0.105780005455017,0.1103485822677612
chair_c2_2159af8011e13b81713decb1a0563b12_0,0.41236289230556933,0.2551315385787731,-0.0070704519748687,0.0384986996650695
chair_c2_2159af8011e13b81713decb1a0563b12_1,0.2692634648305412,0.3066389100491267,0.1223660707473754,0.2295007109642028
chair_c2_2159af8011e13b81713decb1a0563b12_2,0.34225319899183093,0.2259539788451735,0.0294069051742553,0.2612717151641845
chair_c2_539ddc43afec160e57b8f616df7adf9a_0,0.5377790886446775,0.3088960968857357,-0.0072900056838989,0.0043340921401977
chair_c2_539ddc43afec160e57b8f616df7adf9a_1,0.4770973993477692,0.3535339563498183,0.1327464282512664,0.2317246496677398
chair_c2_539ddc43afec160e57b8f616df7adf9a_2,0.5205898860893956,0.2992120254886876,0.1559357047080993,0.2394694089889526
chair_c2_c6811f115d89758f46fb9c38320df24e_0,0.34078766071145705,0.2161861877553416,0.1150994896888732,0.1997207105159759
chair_c2_c6811f115d89758f46fb9c38320df24e_1,0.37448194295033144,0.2504327985693146,0.0149919688701629,0.1264015436172485
chair_c2_c6811f115d89758f46fb9c38320df24e_2,0.34078766071145705,0.2161861877553416,0.1699989438056945,0.2081756591796875
chair_c2_c472a815afff5ff0e6c5cd45aa112726_0,0.305689496940555,0.1939810040255879,0.0996306538581848,0.1233017742633819
chair_c2_c472a815afff5ff0e6c5cd45aa112726_1,0.24627488832913202,0.1882066705646119,0.1005213260650634,0.2562750875949859
chair_c2_c472a815afff5ff0e6c5cd45aa112726_2,0.350782658315296,0.2182976126929676,0.0955118834972381,0.2012295722961425
chair_c2_39911f927331db1c8687ff9b0b4e4ac_0,0.226444440224835,0.2300414010602067,-0.0570191144943237,0.0872273445129394
chair_c2_39911f927331db1c8687ff9b0b4e4ac_1,0.3744813330210546,0.2116326190170906,-0.1377225518226623,-0.0653049349784851
chair_c2_39911f927331db1c8687ff9b0b4e4ac_2,0.37737438264656376,0.1994666492111257,0.0527302622795105,0.0789989233016967
chair_c2_94e289c89059106bd8f74b0004a598cd_0,0.31963783219096165,0.2542813932358994,-0.0767515301704406,-0.0463005900382995
chair_c2_94e289c89059106bd8f74b0004a598cd_1,0.350782658315296,0.2182976126929676,0.192532479763031,0.2377408146858215
chair_c2_94e289c89059106bd8f74b0004a598cd_2,0.23819232943749757,0.2208363428772443,0.1604921221733093,0.1900146305561065
chair_c2_91cd85647eef236490e75b1cd0f0169_0,0.36929661531463087,0.2667274209197472,0.039379596710205,0.0702037215232849
chair_c2_91cd85647eef236490e75b1cd0f0169_1,0.31552789861081687,0.2662476823030228,-0.0182271003723144,-0.022348016500473
chair_c2_91cd85647eef236490e75b1cd0f0169_2,0.42519908303568466,0.2522260257013063,0.0686840415000915,0.1700404286384582
chair_c2_7595d089aefd8ed5af7c7ad2549a1b15_0,0.25058833002671055,0.1844973757605423,-0.1100176572799682,-0.0617830157279968
chair_c2_7595d089aefd8ed5af7c7ad2549a1b15_1,0.30671393028636484,0.2282969682377779,0.2332324087619781,0.2900243997573852
chair_c2_7595d089aefd8ed5af7c7ad2549a1b15_2,0.25058833002671055,0.1844973757605423,0.0463221073150634,0.0451259613037109
chair_c2_c3c159a5a56614aad7b20fded0142d7a_0,0.29515078283740515,0.2044320180359642,0.1715603470802307,0.2386946976184845
chair_c2_c3c159a5a56614aad7b20fded0142d7a_1,0.17427006279628143,0.1677244214978667,0.0199981927871704,0.0243192911148071
chair_c2_c3c159a5a56614aad7b20fded0142d7a_2,0.29515078283740515,0.2044320180359642,0.1992357969284057,0.2667765617370605
chair_c2_45c998547946bc4d6a88c250a18c2861_0,0.4248481673835953,0.3405889225086219,-0.0490501523017883,0.0229580998420715
chair_c2_45c998547946bc4d6a88c250a18c2861_1,0.4931413738902656,0.3883528712302159,0.2323802709579467,0.1578509509563446
chair_c2_45c998547946bc4d6a88c250a18c2861_2,0.4931413738902656,0.3883528712302159,0.0425375699996948,0.1927614212036132
chair_c2_2195099b0295f692afca3357bb07ab96_0,0.09858721384063118,0.191608113997639,-0.0195502638816833,0.1262115836143493
chair_c2_2195099b0295f692afca3357bb07ab96_1,0.2968107004651539,0.2099754992001367,0.1408262252807617,0.0997663736343383
chair_c2_2195099b0295f692afca3357bb07ab96_2,0.35988820463454174,0.262646023833702,0.0250247716903686,0.134606122970581
chair_c2_a996cc501faa4ec841c6494d29fffa82_0,0.18582375601787038,0.1566196863862027,0.0140740871429443,0.1432528495788574
chair_c2_a996cc501faa4ec841c6494d29fffa82_1,0.295602413570641,0.1740513403031389,0.3434121012687683,0.404679536819458
chair_c2_a996cc501faa4ec841c6494d29fffa82_2,0.18582375601787038,0.1566196863862027,0.0979021191596984,0.2454037070274353
chair_c2_d5c67068390ece634060d2cb099a78b3_0,0.4001156393562515,0.3155768349686506,0.2127725183963775,0.2207936346530914
chair_c2_d5c67068390ece634060d2cb099a78b3_1,0.4559506645310789,0.2885355586365749,0.3790219724178314,0.4079795181751251
chair_c2_d5c67068390ece634060d2cb099a78b3_2,0.4454373500252835,0.2778920892233295,0.1149456351995468,0.1739309132099151
chair_c2_62d87dab8cb3fd16c050719ed29b64cf_0,0.3914331667024462,0.3128499920752778,-0.0630141496658325,-0.0687704682350158
chair_c2_62d87dab8cb3fd16c050719ed29b64cf_1,0.5277973077641515,0.2971677116918582,0.1794945001602172,0.3180586397647857
chair_c2_62d87dab8cb3fd16c050719ed29b64cf_2,0.43512025981270364,0.3577047322759257,0.2462863326072693,0.2790299952030182
chair_c2_a4ecc0a3d68dafd44925bc492489de9c_0,0.4214308721573805,0.294387721675024,-0.0248584151268005,0.0393474102020263
chair_c2_a4ecc0a3d68dafd44925bc492489de9c_1,0.3564440579371766,0.2863909457887565,0.0531371235847473,0.0338709354400634
chair_c2_a4ecc0a3d68dafd44925bc492489de9c_2,0.39803489737181885,0.24368777620393,0.0076884329319,0.1112230122089386
chair_c2_2207db2fa2e4cc4579b3e1be3524f72f_0,0.5732671565010269,0.398253837920442,0.2075960636138916,0.2960438877344131
chair_c2_2207db2fa2e4cc4579b3e1be3524f72f_1,0.6395414070408786,0.3874806464954913,0.2566001415252685,0.3982562348246574
chair_c2_2207db2fa2e4cc4579b3e1be3524f72f_2,0.66701583685092,0.3891871329047895,0.1643367260694503,0.2031827270984649
chair_c2_97c5ee9d477c82146c7e21b4ce9a4103_0,0.2362474167041615,0.2401514757715319,0.0618981719017028,0.1325855255126953
chair_c2_97c5ee9d477c82146c7e21b4ce9a4103_1,0.42167948088013274,0.2357920463506043,0.0439870357513427,0.1072399616241455
chair_c2_97c5ee9d477c82146c7e21b4ce9a4103_2,0.3683965476273422,0.2325071413661458,0.1518277823925018,0.249285876750946
chair_c2_7a9969fac794484c327289c00b6dc9ca_0,0.43311021010346773,0.2883590315855135,0.2652559876441955,0.3073804527521133
chair_c2_7a9969fac794484c327289c00b6dc9ca_1,0.4468475141322268,0.2737410428060721,-0.0371662378311157,-0.0014740824699401
chair_c2_7a9969fac794484c327289c00b6dc9ca_2,0.47946500513117507,0.3461760509242868,0.2928399443626404,0.2954117208719253
chair_c2_d93760fda8d73aaece101336817a135f_0,0.20308567291790103,0.1826384386627172,0.0876944065093994,0.2309401631355285
chair_c2_d93760fda8d73aaece101336817a135f_1,0.27361845227486237,0.2211073762076743,0.0342695116996765,0.2008940875530243
chair_c2_d93760fda8d73aaece101336817a135f_2,0.20308567291790103,0.1826384386627172,0.1628379225730896,0.2845209836959839
chair_c2_e462df8166441ffaeedb49f6d982d28_0,0.4765180154501565,0.3438024122666338,0.0861474871635437,0.0900050103664398
chair_c2_e462df8166441ffaeedb49f6d982d28_1,0.48547005327177506,0.2437683069883025,0.0308478474617004,0.1114839613437652
chair_c2_e462df8166441ffaeedb49f6d982d28_2,0.3744342148190555,0.2976619747063724,-0.0137129426002502,-0.0314458012580871
chair_c2_30f077da43f30e64c862eec8232fff1e_0,0.3867160280236833,0.2812965618271729,0.0417131781578063,0.048505425453186
chair_c2_30f077da43f30e64c862eec8232fff1e_1,0.3867160280236833,0.2812965618271729,-0.0396812558174133,-0.0114780068397521
chair_c2_30f077da43f30e64c862eec8232fff1e_2,0.33934027311536674,0.2574094650141131,0.0311540961265563,0.0621764659881591
