trial,category,blind_k1,blind_k10,blind_k50,blind_k200
shapenet2,airplane,0.8444547653198242,0.9202707409858704,0.9894192814826965,1.0685741901397705
shapenet3,airplane,0.3425180912017822,0.3478950560092926,0.35916435718536377,0.3948444128036499
shapenet4,airplane,6.429354107240215e-05,0.023123199120163918,0.042854193598032,0.0637984573841095
shapenet5,airplane,0.6942647099494934,0.73736971616745,0.8101504445075989,0.8834754824638367
shapenet6,airplane,0.12092471122741699,0.1474449336528778,0.1678570955991745,0.2123630791902542
shapenet10,airplane,0.9257665276527405,0.9489445686340332,0.9634658694267273,0.9778659343719482
shapenet11,airplane,0.05606198310852051,0.09332024306058884,0.1241481602191925,0.17173855006694794
shapenet13,airplane,0.010018904693424702,0.02026742696762085,0.037565793842077255,0.07211922854185104
shapenet15,airplane,1.0321511030197144,1.0912038087844849,1.1484307050704956,1.2050471305847168
shapenet18,airplane,0.5263177752494812,0.8646438717842102,0.989057719707489,1.0885229110717773
shapenet19,airplane,0.8618324398994446,0.875932514667511,0.888375997543335,0.901852548122406
shapenet20,airplane,0.046103280037641525,0.05203237012028694,0.06629806756973267,0.11317912489175797
shapenet22,airplane,0.6869609355926514,0.7217594981193542,0.7571257948875427,0.8039421439170837
shapenet23,airplane,0.914029598236084,1.006583333015442,1.121772289276123,1.244138240814209
shapenet24,airplane,0.8045303225517273,0.9201255440711975,0.9874746799468994,1.0461344718933105
shapenet25,airplane,0.7211165428161621,0.7240048050880432,0.7315967679023743,0.7511624693870544
shapenet26,airplane,0.2591489851474762,0.33691391348838806,0.43033385276794434,0.5170352458953857
shapenet28,airplane,0.023014983162283897,0.023324986919760704,0.030715325847268105,0.04476751759648323
shapenet35,airplane,0.7122308611869812,0.718981921672821,0.7285096049308777,0.7505316734313965
shapenet37,airplane,0.7009584307670593,0.7228928208351135,0.7451674342155457,0.7750691771507263
shapenet41,airplane,1.1007064580917358,1.1308491230010986,1.1809024810791016,1.2338019609451294
shapenet42,airplane,0.957448422908783,1.056958794593811,1.1590341329574585,1.2653359174728394
shapenet46,airplane,0.43720677495002747,0.514603316783905,0.5329410433769226,0.5640661120414734
shapenet49,airplane,0.10325082391500473,0.13966064155101776,0.17188990116119385,0.20172230899333954
shapenet50,airplane,0.8876301646232605,0.9448003172874451,0.9996992945671082,1.055335521697998
shapenet53,airplane,0.3088165819644928,0.6847584843635559,0.8386927247047424,0.9230578541755676
shapenet55,airplane,0.8588066101074219,0.8730933666229248,0.883549690246582,0.8992469906806946
shapenet57,airplane,0.8607292175292969,0.9952457547187805,1.087766170501709,1.1989632844924927
shapenet62,airplane,1.059861660003662,1.1145610809326172,1.1747949123382568,1.2416921854019165
shapenet71,airplane,0.0018291473388671875,0.02050275355577469,0.044035330414772034,0.08256634324789047
shapenet72,airplane,1.808007618819829e-05,0.0018134672427549958,0.018336990848183632,0.043357640504837036
shapenet73,airplane,0.1758042424917221,0.20324872434139252,0.2190341353416443,0.260799765586853
shapenet74,airplane,0.44416821002960205,0.44800376892089844,0.45864176750183105,0.4898575246334076
shapenet75,airplane,2.1457672119140625e-05,0.009890196844935417,0.028067225590348244,0.048540566116571426
shapenet80,airplane,0.7257326245307922,0.7420551776885986,0.7513896822929382,0.7714662551879883
shapenet82,airplane,0.11853226274251938,0.13364939391613007,0.1528746634721756,0.19866985082626343
shapenet83,airplane,0.9510402679443359,1.0362026691436768,1.0951892137527466,1.1420104503631592
shapenet86,airplane,0.11236754804849625,0.11871873587369919,0.13352414965629578,0.17853707075119019
shapenet87,airplane,0.006162742618471384,0.018193330615758896,0.034848276525735855,0.056194696575403214
shapenet90,airplane,0.06667407602071762,0.08514740318059921,0.09965533018112183,0.14514388144016266
shapenet91,airplane,0.947607696056366,1.0343228578567505,1.137877345085144,1.243384838104248
shapenet97,airplane,0.28065845370292664,0.5110149383544922,0.6828393340110779,0.7917553782463074
shapenet101,airplane,0.2341701239347458,0.2458178997039795,0.26197320222854614,0.30523180961608887
shapenet102,airplane,0.3650846481323242,0.42073485255241394,0.4639623463153839,0.5127660632133484
shapenet103,airplane,0.00014130274939816445,0.02094724029302597,0.03930710256099701,0.061911385506391525
shapenet104,airplane,0.03535379841923714,0.03931921720504761,0.04748299717903137,0.06583356112241745
shapenet107,airplane,0.3369549512863159,0.6407896280288696,0.7891425490379333,0.883415937423706
shapenet110,airplane,0.13951021432876587,0.19145642220973969,0.23321717977523804,0.2873060703277588
shapenet112,airplane,0.9940145015716553,1.0934245586395264,1.173343300819397,1.2498502731323242
shapenet115,airplane,0.8360550999641418,0.8599799275398254,0.8753423094749451,0.8941421508789062
shapenet116,airplane,0.3135465681552887,0.4529048502445221,0.5807998180389404,0.6831369996070862
shapenet118,airplane,0.6895947456359863,0.6923568248748779,0.6992529034614563,0.7176787257194519
shapenet119,airplane,0.8985519409179688,1.0111823081970215,1.038981318473816,1.0528334379196167
shapenet120,airplane,0.09080306440591812,0.09703266620635986,0.11178219318389893,0.15747980773448944
shapenet123,airplane,0.4522971212863922,0.4617336690425873,0.4733266830444336,0.5056583285331726
shapenet124,airplane,0.31601813435554504,0.5483464598655701,0.71392422914505,0.8158689141273499
shapenet125,airplane,0.776087760925293,0.921027660369873,1.0336766242980957,1.1398088932037354
shapenet126,airplane,0.061258453875780106,0.06586095690727234,0.07988357543945312,0.12582792341709137
shapenet128,airplane,0.2669164836406708,0.2816878855228424,0.29344579577445984,0.32651007175445557
shapenet129,airplane,0.02279786206781864,0.029807446524500847,0.045608118176460266,0.08749217540025711
shapenet133,airplane,0.16906698048114777,0.18656408786773682,0.20420044660568237,0.24449259042739868
shapenet134,airplane,1.0366226434707642,1.0707846879959106,1.1086238622665405,1.148676872253418
shapenet136,airplane,0.2656393349170685,0.3523237705230713,0.42992115020751953,0.5186104774475098
shapenet142,airplane,0.08586428314447403,0.09884495288133621,0.1141727864742279,0.16019998490810394
shapenet144,airplane,0.9754905104637146,1.1233118772506714,1.208858609199524,1.284011721611023
shapenet148,airplane,0.25759074091911316,0.43382206559181213,0.5393076539039612,0.6000285148620605
shapenet151,airplane,0.5291627049446106,0.5507838726043701,0.5849689841270447,0.6301177144050598
shapenet152,airplane,0.18820302188396454,0.3263133764266968,0.46891871094703674,0.5919567942619324
shapenet153,airplane,1.0553979873657227,1.1106126308441162,1.1666597127914429,1.2176635265350342
shapenet154,airplane,0.3163280189037323,0.5028037428855896,0.6640824675559998,0.7713924050331116
shapenet156,airplane,0.022963861003518105,0.030623218044638634,0.05091137811541557,0.09137728065252304
shapenet157,airplane,1.0606908798217773,1.1258875131607056,1.2086400985717773,1.296962857246399
shapenet160,airplane,0.6696885228157043,0.7631226181983948,0.7783786654472351,0.7965052127838135
shapenet161,airplane,0.7554254531860352,0.7647225260734558,0.7737519145011902,0.7940966486930847
shapenet162,airplane,1.0388363599777222,1.076731562614441,1.1423425674438477,1.2112396955490112
shapenet163,airplane,0.00789372157305479,0.02140875719487667,0.03063255548477173,0.04853960871696472
shapenet164,airplane,0.01893582008779049,0.020098069682717323,0.02990001253783703,0.04900182783603668
shapenet165,airplane,0.33418726921081543,0.5832763910293579,0.7465665340423584,0.8518998622894287
shapenet167,airplane,0.1757221221923828,0.18450434505939484,0.19834880530834198,0.24203316867351532
shapenet169,airplane,0.5796306729316711,0.5947308540344238,0.6057990789413452,0.6326786875724792
shapenet171,airplane,0.3522033393383026,0.5116875767707825,0.6359051465988159,0.7285246253013611
shapenet172,airplane,0.002770721912384033,0.010334237478673458,0.023884711787104607,0.04863851144909859
shapenet176,airplane,0.5040517449378967,0.5100129842758179,0.5226520299911499,0.5536074042320251
shapenet178,airplane,0.21989421546459198,0.3068711459636688,0.41351184248924255,0.5387386679649353
shapenet179,airplane,0.7249982953071594,0.7516420483589172,0.7885586619377136,0.8311724662780762
shapenet184,airplane,0.41489601135253906,0.4184112846851349,0.4282757043838501,0.4572596549987793
shapenet185,airplane,0.8069601058959961,0.8680794835090637,0.9311111569404602,0.9945724010467529
shapenet186,airplane,0.931083619594574,1.0245858430862427,1.0708562135696411,1.1114797592163086
shapenet191,airplane,0.27303802967071533,0.3323288559913635,0.37345385551452637,0.4232703447341919
shapenet192,airplane,0.811873733997345,0.8763139247894287,0.906971275806427,0.9316739439964294
shapenet193,airplane,0.7243611216545105,0.7959468960762024,0.8180252909660339,0.8391237258911133
shapenet194,airplane,1.1096314191818237,1.146396517753601,1.1997184753417969,1.2607016563415527
shapenet196,airplane,0.4280160963535309,0.49157190322875977,0.5730372071266174,0.6513871550559998
shapenet197,airplane,0.2657594382762909,0.2739531099796295,0.2873970568180084,0.32896625995635986
shapenet199,airplane,0.004701634403318167,0.022416064515709877,0.03287695348262787,0.06392291188240051
shapenet200,airplane,0.5033362507820129,0.5116772055625916,0.524310290813446,0.5553107261657715
shapenet203,airplane,0.27433791756629944,0.29200705885887146,0.32336369156837463,0.4015871584415436
shapenet204,airplane,0.6316207051277161,0.6577818393707275,0.6721927523612976,0.6963329315185547
shapenet210,airplane,0.7718772888183594,0.7935264706611633,0.8146958947181702,0.8453383445739746
shapenet211,airplane,0.2893996238708496,0.6171404719352722,0.7801215648651123,0.8754358887672424
shapenet213,airplane,0.5687016248703003,0.5760596394538879,0.5871662497520447,0.6163435578346252
shapenet214,airplane,0.29371124505996704,0.39972808957099915,0.4906891882419586,0.5674927234649658
shapenet215,airplane,0.7898377776145935,0.8519713282585144,0.8777990937232971,0.8969912528991699
shapenet216,airplane,0.020060420036315918,0.027873599901795387,0.0426420159637928,0.07118941098451614
shapenet220,airplane,0.21856874227523804,0.3022197186946869,0.42950868606567383,0.5132796764373779
shapenet226,airplane,0.6669659614562988,0.7033069729804993,0.7485799789428711,0.805731475353241
shapenet227,airplane,0.01576552726328373,0.020050259307026863,0.03440934792160988,0.08162892609834671
shapenet228,airplane,0.5562300086021423,0.5648787617683411,0.575894832611084,0.6042060256004333
shapenet230,airplane,0.287361741065979,0.3287549912929535,0.37231287360191345,0.43480491638183594
shapenet231,airplane,0.673417866230011,0.7243275046348572,0.7606547474861145,0.7973071932792664
shapenet232,airplane,0.7236524224281311,0.7266542315483093,0.7337193489074707,0.750540018081665
shapenet233,airplane,0.7851631045341492,0.8390461802482605,0.8699646592140198,0.9028503894805908
shapenet236,airplane,1.0014148950576782,1.0857280492782593,1.139756679534912,1.1864231824874878
shapenet237,airplane,0.2664104402065277,0.33094364404678345,0.3755910396575928,0.4149940013885498
shapenet239,airplane,0.2017688900232315,0.22974617779254913,0.2719095051288605,0.32363632321357727
shapenet240,airplane,0.6056984066963196,0.612988293170929,0.6227471828460693,0.6486127972602844
shapenet241,airplane,0.7887142300605774,0.8449287414550781,0.9049451947212219,0.9756463170051575
shapenet242,airplane,0.41031336784362793,0.5609868168830872,0.6561057567596436,0.7262048721313477
shapenet243,airplane,0.5599735975265503,0.5722741484642029,0.5816182494163513,0.6057857871055603
shapenet244,airplane,0.010571022517979145,0.032843660563230515,0.05421820655465126,0.08228709548711777
shapenet248,airplane,0.10606130212545395,0.14288832247257233,0.17113764584064484,0.21764039993286133
shapenet249,airplane,1.109991192817688,1.1426833868026733,1.1916685104370117,1.247730016708374
shapenet250,airplane,0.30123141407966614,0.5109918713569641,0.6622273325920105,0.7746026515960693
shapenet252,airplane,1.0116477012634277,1.1166539192199707,1.203513264656067,1.2875574827194214
shapenet255,airplane,0.3514627516269684,0.39421406388282776,0.4784095287322998,0.5454003214836121
shapenet257,airplane,0.03723766282200813,0.05533306673169136,0.08707273006439209,0.12894976139068604
shapenet260,airplane,0.8525433540344238,0.9478655457496643,1.0166057348251343,1.076959490776062
shapenet262,airplane,0.8517491221427917,0.8801174163818359,0.8973512649536133,0.9175726771354675
shapenet264,airplane,2.962350845336914e-05,0.01644352450966835,0.033277105540037155,0.0654107853770256
shapenet265,airplane,1.0969233512878418,1.1290831565856934,1.181585431098938,1.235566258430481
shapenet266,airplane,1.0473743677139282,1.1392924785614014,1.2314200401306152,1.3247241973876953
shapenet268,airplane,0.8708043098449707,0.967730700969696,1.0241740942001343,1.0738931894302368
shapenet269,airplane,0.22551752626895905,0.23637056350708008,0.2504899203777313,0.29229140281677246
shapenet271,airplane,0.6084077954292297,0.6114036440849304,0.6204144358634949,0.6446753740310669
shapenet275,airplane,0.028543949127197266,0.038282837718725204,0.05425982549786568,0.08839118480682373
shapenet276,airplane,0.8195895552635193,0.8320174217224121,0.8470721244812012,0.867907702922821
shapenet278,airplane,0.27888619899749756,0.35015401244163513,0.42278966307640076,0.4887521266937256
shapenet280,airplane,0.11410550028085709,0.12570780515670776,0.14075873792171478,0.18666785955429077
shapenet281,airplane,0.02228679321706295,0.027957262471318245,0.04152825102210045,0.06245708465576172
shapenet282,airplane,0.5661348700523376,0.6448779702186584,0.7380475997924805,0.831699550151825
shapenet284,airplane,0.9060437679290771,0.9804522395133972,1.0789443254470825,1.1628438234329224
shapenet285,airplane,1.0499013662338257,1.1101609468460083,1.1815963983535767,1.2502413988113403
shapenet288,airplane,0.4160133898258209,0.4553907811641693,0.48146137595176697,0.5208315849304199
shapenet289,airplane,0.9551944732666016,1.04326331615448,1.0742591619491577,1.098450779914856
shapenet293,airplane,0.078504778444767,0.0960136279463768,0.12239065021276474,0.17789097130298615
shapenet294,airplane,0.18150950968265533,0.23004646599292755,0.28524479269981384,0.3517415523529053
shapenet295,airplane,0.005815843585878611,0.0073438542895019054,0.017372094094753265,0.037709858268499374
shapenet299,airplane,0.9357408881187439,0.9981935024261475,1.0345572233200073,1.055891513824463
shapenet300,airplane,0.8054834008216858,0.8141103386878967,0.8236687183380127,0.8421485424041748
shapenet302,airplane,0.35102352499961853,0.5329516530036926,0.6737410426139832,0.7796581387519836
shapenet303,airplane,0.7808621525764465,0.8007562756538391,0.8119404911994934,0.8298000693321228
shapenet304,airplane,0.5434313416481018,0.5470453500747681,0.556441068649292,0.5833895802497864
shapenet305,airplane,1.0993834733963013,1.1359537839889526,1.2002729177474976,1.266553282737732
shapenet306,airplane,0.35835909843444824,0.44567620754241943,0.5407997369766235,0.59172123670578
shapenet307,airplane,0.13924378156661987,0.14414717257022858,0.15801726281642914,0.2018611878156662
shapenet308,airplane,3.719329833984375e-05,0.0037430047523230314,0.018047727644443512,0.046382855623960495
shapenet310,airplane,0.14539526402950287,0.15221752226352692,0.16666218638420105,0.2111830711364746
shapenet311,airplane,0.4970227777957916,0.5912689566612244,0.6481000781059265,0.6918937563896179
shapenet321,airplane,0.33773091435432434,0.3603658676147461,0.3788301646709442,0.42035460472106934
shapenet323,airplane,0.007223149295896292,0.011606800369918346,0.029567940160632133,0.05093425512313843
shapenet328,airplane,0.30250781774520874,0.3145929276943207,0.3369623124599457,0.3752377927303314
shapenet330,airplane,0.02135002613067627,0.04175202175974846,0.07962455600500107,0.12098134309053421
shapenet332,airplane,1.6073385268100537e-05,0.0036469697952270508,0.01641545258462429,0.06092728674411774
shapenet333,airplane,0.7612623572349548,0.7695390582084656,0.7788588404655457,0.798246443271637
shapenet335,airplane,0.2959536612033844,0.35456427931785583,0.37935030460357666,0.41887417435646057
shapenet337,airplane,0.9710590243339539,1.0634418725967407,1.104382872581482,1.1364212036132812
shapenet345,airplane,0.03788924217224121,0.04839140176773071,0.07329831272363663,0.11547217518091202
shapenet346,airplane,0.8984057307243347,0.9099135994911194,0.9192454814910889,0.9332614541053772
shapenet347,airplane,0.15156543254852295,0.21365295350551605,0.28087079524993896,0.37978649139404297
shapenet348,airplane,0.3198043406009674,0.3255907893180847,0.3380449712276459,0.37614333629608154
shapenet350,airplane,0.8674522042274475,0.9381163120269775,1.0167932510375977,1.0890346765518188
shapenet351,airplane,0.6688790321350098,0.6798287034034729,0.6889810562133789,0.7118833065032959
shapenet352,airplane,0.25995203852653503,0.31524360179901123,0.407031387090683,0.49661698937416077
shapenet355,airplane,1.0452489852905273,1.0935416221618652,1.1324573755264282,1.171467900276184
shapenet356,airplane,0.21947407722473145,0.24279405176639557,0.2689354717731476,0.29990628361701965
shapenet358,airplane,0.09256616979837418,0.22615905106067657,0.31506437063217163,0.366570383310318
shapenet359,airplane,0.24402457475662231,0.24853777885437012,0.26141008734703064,0.301201194524765
shapenet361,airplane,0.5764722228050232,0.7216615676879883,0.7452173233032227,0.7665558457374573
shapenet363,airplane,0.307460218667984,0.36044588685035706,0.44434675574302673,0.5129050612449646
shapenet366,airplane,0.8828389048576355,0.9270644187927246,0.9543905854225159,0.9726541042327881
shapenet368,airplane,0.41144561767578125,0.5244378447532654,0.5849013328552246,0.6470600962638855
shapenet370,airplane,0.7116425037384033,0.7279530167579651,0.7416749596595764,0.7631087899208069
shapenet372,airplane,0.5511219501495361,0.5547773241996765,0.5649701356887817,0.5927495956420898
shapenet374,airplane,0.1115131601691246,0.15154637396335602,0.18220432102680206,0.22476200759410858
shapenet375,airplane,0.3511753976345062,0.4700838029384613,0.5909038782119751,0.6944260597229004
shapenet376,airplane,1.0644025802612305,1.1214561462402344,1.2067774534225464,1.2985483407974243
shapenet377,airplane,0.34986400604248047,0.5132716298103333,0.640314519405365,0.7406867146492004
shapenet378,airplane,1.1483828529890161e-05,0.0023282270412892103,0.010713279247283936,0.0289271492511034
shapenet379,airplane,0.8615283370018005,0.9223877787590027,0.9424223899841309,0.9620880484580994
shapenet380,airplane,0.6342914700508118,0.6459960341453552,0.6554716229438782,0.6797237396240234
shapenet385,airplane,0.10596492141485214,0.1272948533296585,0.14837421476840973,0.19106425344944
shapenet387,airplane,0.527308464050293,0.5386256575584412,0.5596640706062317,0.5943731665611267
shapenet388,airplane,0.5670201182365417,0.5707672834396362,0.5781091451644897,0.5994729399681091
shapenet389,airplane,1.0055378675460815,1.1313267946243286,1.2068690061569214,1.2772308588027954
shapenet392,airplane,0.5195863246917725,0.544279158115387,0.5599900484085083,0.589286744594574
shapenet393,airplane,0.01069625187665224,0.034800007939338684,0.05507848784327507,0.07403088361024857
shapenet397,airplane,1.05866539478302,1.1064869165420532,1.143983006477356,1.1808785200119019
shapenet400,airplane,0.6133255958557129,0.6328482031822205,0.6530606150627136,0.6851403117179871
shapenet405,airplane,0.3497195243835449,0.4887359142303467,0.6105503439903259,0.7161974906921387
shapenet410,airplane,0.2781640589237213,0.2836367189884186,0.2967160642147064,0.33659064769744873
shapenet411,airplane,0.9242391586303711,1.0898531675338745,1.215483546257019,1.330549716949463
shapenet412,airplane,0.3738999366760254,0.5223574638366699,0.6304833889007568,0.7200639247894287
shapenet413,airplane,0.6905949115753174,0.7576156258583069,0.776805579662323,0.7975831627845764
shapenet415,airplane,0.21468518674373627,0.24770796298980713,0.308477520942688,0.39834722876548767
shapenet418,airplane,0.2823440134525299,0.2868523597717285,0.30005761981010437,0.3395208418369293
shapenet420,airplane,0.9482740759849548,0.9596790671348572,0.9693551659584045,0.9814391136169434
shapenet422,airplane,0.16779102385044098,0.182193323969841,0.20252156257629395,0.24356669187545776
shapenet423,airplane,0.9121065735816956,1.0194803476333618,1.1127285957336426,1.2052701711654663
shapenet424,airplane,0.8266025185585022,0.8813624382019043,0.903780460357666,0.9248823523521423
shapenet429,airplane,0.14791683852672577,0.2203376442193985,0.27132657170295715,0.31481483578681946
shapenet431,airplane,0.5775413513183594,0.7673594355583191,0.8593785762786865,0.9454653859138489
shapenet432,airplane,0.3172048032283783,0.44565117359161377,0.5741317868232727,0.6696402430534363
shapenet439,airplane,0.2687849998474121,0.33265677094459534,0.42123594880104065,0.5185946822166443
shapenet440,airplane,0.60530024766922,0.7487367987632751,0.8430371284484863,0.9155092239379883
shapenet443,airplane,0.6335163116455078,0.6486052870750427,0.6613078117370605,0.6850177645683289
shapenet444,airplane,0.8998040556907654,0.910712718963623,0.920194685459137,0.9350233674049377
shapenet447,airplane,0.8229150176048279,0.8680779337882996,0.8959841728210449,0.9184972643852234
shapenet449,airplane,0.013951282016932964,0.021004030480980873,0.03372573480010033,0.06389766931533813
shapenet450,airplane,0.30166271328926086,0.4931926429271698,0.6308655738830566,0.7328609824180603
shapenet453,airplane,0.3413364887237549,0.34582236409187317,0.3582703173160553,0.39483821392059326
shapenet455,airplane,0.20908796787261963,0.2370583862066269,0.25313618779182434,0.29079341888427734
shapenet458,airplane,0.3038046061992645,0.38806846737861633,0.5100958347320557,0.6109691858291626
shapenet459,airplane,0.018194297328591347,0.04270770028233528,0.08843407034873962,0.13799194991588593
shapenet461,airplane,0.3312595784664154,0.3794366419315338,0.49055230617523193,0.5844266414642334
shapenet462,airplane,0.8873898983001709,0.9330978393554688,0.9912654757499695,1.0492483377456665
shapenet464,airplane,0.9207124710083008,1.0173689126968384,1.1108269691467285,1.1859101057052612
shapenet469,airplane,1.0533342361450195,1.1156501770019531,1.2128524780273438,1.3181352615356445
shapenet471,airplane,3.1193096674542176e-06,0.0010108292335644364,0.017203519120812416,0.04223783686757088
shapenet473,airplane,0.00748288631439209,0.009221415035426617,0.019239818677306175,0.039310798048973083
shapenet474,airplane,0.7027284502983093,0.739035427570343,0.7978212237358093,0.8552433848381042
shapenet476,airplane,9.98377799987793e-05,0.0007938165799714625,0.01683041639626026,0.04411059617996216
shapenet477,airplane,0.32633912563323975,0.5275353789329529,0.6854540705680847,0.8006649017333984
shapenet478,airplane,0.6193816065788269,0.622001588344574,0.6288096904754639,0.6473678946495056
shapenet480,airplane,0.12304741144180298,0.1600576788187027,0.1941249817609787,0.2396748811006546
shapenet482,airplane,0.8261362910270691,0.8675203919410706,0.9072567820549011,0.9356481432914734
shapenet484,airplane,0.004025876522064209,0.012492590583860874,0.0330556221306324,0.04900136590003967
shapenet486,airplane,0.9744402766227722,0.9876329898834229,1.00135338306427,1.0191785097122192
shapenet488,airplane,0.32791033387184143,0.4741830825805664,0.6302258372306824,0.7390155792236328
shapenet490,airplane,1.107272744178772,1.1413379907608032,1.1971791982650757,1.268877625465393
shapenet496,airplane,0.24554742872714996,0.36986660957336426,0.47879186272621155,0.583599865436554
shapenet497,airplane,1.0550199747085571,1.089108943939209,1.1385685205459595,1.1873985528945923
shapenet498,airplane,0.7153465151786804,0.7554433941841125,0.783785879611969,0.8113465309143066
shapenet501,airplane,0.00902728270739317,0.03591056540608406,0.06776776909828186,0.10105983167886734
shapenet504,airplane,0.0025787551421672106,0.011012478731572628,0.018791088834404945,0.038656000047922134
shapenet505,airplane,0.818760871887207,0.8321316838264465,0.8445048928260803,0.8618214726448059
shapenet506,airplane,0.8004565834999084,0.8734302520751953,0.9303550124168396,0.9987475275993347
shapenet507,airplane,0.05276964232325554,0.071623794734478,0.09212034940719604,0.11981271952390671
shapenet509,airplane,0.7450488209724426,0.786116898059845,0.8333885669708252,0.8880045413970947
shapenet510,airplane,0.3995790183544159,0.4044297933578491,0.41612735390663147,0.4506983757019043
shapenet513,airplane,0.43024563789367676,0.434246301651001,0.44487690925598145,0.4775376617908478
shapenet514,airplane,0.5402220487594604,0.6328713297843933,0.7070484161376953,0.7782676815986633
shapenet515,airplane,0.6292654275894165,0.6559881567955017,0.6902653574943542,0.740100085735321
shapenet516,airplane,0.682994544506073,0.7651851773262024,0.8273609280586243,0.8957564234733582
shapenet518,airplane,0.8821368217468262,0.889380931854248,0.8965826034545898,0.910295307636261
shapenet520,airplane,0.06459470838308334,0.07548189908266068,0.10026982426643372,0.15035240352153778
shapenet521,airplane,0.6795764565467834,0.7018218040466309,0.7128452658653259,0.7324247360229492
shapenet523,airplane,1.0132789611816406e-06,0.006362179759889841,0.02197694219648838,0.047713328152894974
shapenet526,airplane,0.8244170546531677,0.874921977519989,0.9252943992614746,0.9654151797294617
shapenet527,airplane,0.5605860352516174,0.7053065299987793,0.805680513381958,0.8915874361991882
shapenet529,airplane,0.5020790696144104,0.50588458776474,0.516267716884613,0.5456363558769226
shapenet534,airplane,0.05574812367558479,0.06395687162876129,0.0789424255490303,0.12324776500463486
shapenet535,airplane,0.6559599041938782,0.7015417218208313,0.7467453479766846,0.7995856404304504
shapenet537,airplane,0.1739272028207779,0.26405972242355347,0.3604213297367096,0.46990635991096497
shapenet541,airplane,0.8399513363838196,0.8818866610527039,0.9024572372436523,0.9204970002174377
shapenet544,airplane,0.7733343243598938,0.8857857584953308,0.9654079079627991,1.0230445861816406
shapenet546,airplane,0.10768159478902817,0.1143057718873024,0.13305598497390747,0.17471523582935333
shapenet547,airplane,0.940036952495575,0.9842599034309387,1.049295425415039,1.1231731176376343
shapenet548,airplane,0.3317014276981354,0.49677371978759766,0.6278643012046814,0.7298244833946228
shapenet550,airplane,0.8587019443511963,0.8694630265235901,0.8783771991729736,0.8943449854850769
shapenet554,airplane,0.0007855892181396484,0.016848919913172722,0.027594616636633873,0.04841834679245949
shapenet555,airplane,0.1483650803565979,0.1807149052619934,0.20671813189983368,0.24829250574111938
shapenet567,airplane,0.9069035649299622,0.99322509765625,1.0766271352767944,1.1602154970169067
shapenet569,airplane,1.0609145164489746,1.1175457239151,1.185434103012085,1.2557815313339233
shapenet572,airplane,0.5923356413841248,0.6016485095024109,0.6128117442131042,0.6407166123390198
shapenet574,airplane,3.715356069733389e-05,0.011821464635431767,0.03578316047787666,0.06484243273735046
shapenet577,airplane,0.4039759635925293,0.48266640305519104,0.5536603331565857,0.6094760894775391
shapenet580,airplane,0.79716557264328,0.8854191899299622,0.9113163352012634,0.9280378222465515
shapenet584,airplane,0.13602179288864136,0.15015101432800293,0.16636572778224945,0.21252204477787018
shapenet586,airplane,0.13808804750442505,0.14827363193035126,0.1635611653327942,0.209462508559227
shapenet590,airplane,0.07626652717590332,0.14661209285259247,0.19453644752502441,0.2436394840478897
shapenet591,airplane,0.3436039388179779,0.3607354164123535,0.37823280692100525,0.4185744822025299
shapenet592,airplane,0.7292525172233582,0.7320789694786072,0.7396116256713867,0.7588674426078796
shapenet593,airplane,0.8187785744667053,0.8378251194953918,0.8601365089416504,0.884303092956543
shapenet597,airplane,0.002648293972015381,0.012531000189483166,0.024511737748980522,0.043337877839803696
shapenet598,airplane,0.003089507343247533,0.024438800290226936,0.04407810792326927,0.06578035652637482
shapenet599,airplane,1.1080175638198853,1.1430284976959229,1.2054022550582886,1.2725032567977905
shapenet600,airplane,0.00026007494307123125,0.010678037069737911,0.0217942725867033,0.043638113886117935
shapenet604,airplane,0.9870943427085876,1.040120244026184,1.0841144323349,1.124475359916687
shapenet605,airplane,0.15451045334339142,0.183078333735466,0.1989099383354187,0.2413473129272461
shapenet608,airplane,0.7607772946357727,0.7695402503013611,0.779036819934845,0.7958918213844299
shapenet609,airplane,1.4424324035644531e-05,0.005522056017071009,0.023484786972403526,0.04478782042860985
shapenet612,airplane,0.07910803705453873,0.11207301169633865,0.15825359523296356,0.1943494826555252
shapenet616,airplane,0.9035978317260742,0.9851840138435364,1.0057214498519897,1.0180031061172485
shapenet617,airplane,0.2754824757575989,0.4291253089904785,0.5631961226463318,0.6669950485229492
shapenet619,airplane,0.7683601379394531,0.85862797498703,0.9342522621154785,1.0156450271606445
shapenet620,airplane,0.9735278487205505,1.033443808555603,1.0920350551605225,1.1562397480010986
shapenet622,airplane,0.029384097084403038,0.03939882293343544,0.05622309446334839,0.09426828473806381
shapenet623,airplane,0.35711249709129333,0.5073899626731873,0.6302710175514221,0.7292335629463196
shapenet628,airplane,0.8320673108100891,0.8843894004821777,0.9439662098884583,0.9980564117431641
shapenet629,airplane,0.17984628677368164,0.25265276432037354,0.32066285610198975,0.3857972323894501
shapenet633,airplane,0.17865325510501862,0.18575643002986908,0.20087690651416779,0.24396605789661407
shapenet635,airplane,0.11028190702199936,0.1302921324968338,0.14635130763053894,0.19139771163463593
shapenet636,airplane,0.7494321465492249,0.7563064694404602,0.7662542462348938,0.7871138453483582
shapenet638,airplane,0.9347890019416809,1.039977788925171,1.0950539112091064,1.1375446319580078
shapenet639,airplane,0.22318817675113678,0.2317780703306198,0.24189479649066925,0.2716388702392578
shapenet640,airplane,0.11461853981018066,0.13049407303333282,0.1474868506193161,0.19347791373729706
shapenet644,airplane,0.9252614974975586,0.9651229977607727,0.983515739440918,0.9983220100402832
shapenet646,airplane,0.8794975876808167,0.9871854782104492,1.0824095010757446,1.1836700439453125
shapenet652,airplane,3.751118856598623e-05,0.021047698333859444,0.04374723136425018,0.06520484387874603
shapenet653,airplane,0.9108211994171143,1.0445616245269775,1.1339397430419922,1.2140815258026123
shapenet656,airplane,0.9668629765510559,1.0656096935272217,1.1728235483169556,1.2823492288589478
shapenet658,airplane,0.0200179610401392,0.0253440011292696,0.0422990657389164,0.07685542106628418
shapenet662,airplane,0.43003955483436584,0.44129467010498047,0.4532831907272339,0.48641350865364075
shapenet664,airplane,0.969965934753418,1.061140775680542,1.1283698081970215,1.2111514806747437
shapenet665,airplane,0.02703736163675785,0.0417623408138752,0.05762648954987526,0.08147064596414566
shapenet666,airplane,0.5198362469673157,0.5224124789237976,0.5292829871177673,0.5508285164833069
shapenet667,airplane,0.20203708112239838,0.22773396968841553,0.2513892352581024,0.2957795560359955
shapenet677,airplane,0.2739483416080475,0.6266109943389893,0.7805953025817871,0.8679398894309998
shapenet678,airplane,0.029873788356781006,0.03718813881278038,0.059178199619054794,0.09395790845155716
shapenet679,airplane,0.8651596903800964,0.9554765820503235,1.0640556812286377,1.1957660913467407
shapenet682,airplane,0.0036498308181762695,0.019845448434352875,0.041329432278871536,0.08138539642095566
shapenet683,airplane,0.504868745803833,0.5081978440284729,0.5178213119506836,0.5456213355064392
shapenet686,airplane,0.40914079546928406,0.4281953275203705,0.4525052011013031,0.49702033400535583
shapenet687,airplane,0.8677845597267151,0.9906018376350403,1.071902871131897,1.1473485231399536
shapenet690,airplane,0.7852174639701843,0.7978108525276184,0.8088595271110535,0.8277745842933655
shapenet691,airplane,0.06136174872517586,0.06739968061447144,0.0817122757434845,0.12822939455509186
shapenet692,airplane,0.8186079859733582,0.8344123363494873,0.8477811813354492,0.8662281036376953
shapenet693,airplane,0.5615584254264832,0.9232036471366882,1.0132850408554077,1.0710505247116089
shapenet697,airplane,0.7093769907951355,0.75515216588974,0.7727339863777161,0.7930231094360352
shapenet699,airplane,0.32635942101478577,0.5382292866706848,0.6968478560447693,0.7989931106567383
shapenet702,airplane,0.14089460670948029,0.14738333225250244,0.16249118745326996,0.2067587822675705
shapenet703,airplane,1.05524480342865,1.098875641822815,1.1528630256652832,1.2151507139205933
shapenet708,airplane,0.056835513561964035,0.07095294445753098,0.08590260148048401,0.1320251077413559
shapenet711,airplane,0.2504301369190216,0.31875574588775635,0.3836642801761627,0.446626752614975
shapenet714,airplane,0.253592848777771,0.2849026322364807,0.31409141421318054,0.36136889457702637
shapenet715,airplane,0.21708516776561737,0.2349199503660202,0.2561028003692627,0.29538023471832275
shapenet718,airplane,0.5847097039222717,0.5885995030403137,0.5973624587059021,0.6225439310073853
shapenet719,airplane,0.8772187829017639,0.9142348170280457,0.9502242207527161,0.9875707626342773
shapenet722,airplane,0.8004612922668457,0.9032480120658875,0.984398603439331,1.0633288621902466
shapenet724,airplane,0.32483217120170593,0.39100751280784607,0.4417104423046112,0.5051977038383484
shapenet725,airplane,0.7458303570747375,0.7930701375007629,0.8341862559318542,0.8858752250671387
shapenet732,airplane,0.0838225856423378,0.08850789070129395,0.10250523686408997,0.14800630509853363
shapenet734,airplane,0.735490620136261,0.7491127848625183,0.7582919597625732,0.7783901691436768
shapenet736,airplane,0.0047646164894104,0.026985259726643562,0.0432598702609539,0.06189461052417755
shapenet739,airplane,0.00344916176982224,0.008257615379989147,0.019402623176574707,0.03393440693616867
shapenet740,airplane,0.6893927454948425,0.7117168307304382,0.7226104140281677,0.743179976940155
shapenet743,airplane,0.6139015555381775,0.642880380153656,0.672753095626831,0.7127806544303894
shapenet744,airplane,0.883538007736206,0.998156726360321,1.084203839302063,1.131776213645935
shapenet749,airplane,0.8261852860450745,0.8670467734336853,0.9206399321556091,0.9673738479614258
shapenet751,airplane,0.6034187078475952,0.6151973605155945,0.6301911473274231,0.6593154668807983
shapenet757,airplane,0.8500897884368896,0.85768061876297,0.8674182295799255,0.8847097754478455
shapenet759,airplane,0.8885734677314758,0.8959401249885559,0.9024596810340881,0.913343608379364
shapenet760,airplane,0.7237288951873779,0.7316905856132507,0.7409723401069641,0.7620791792869568
shapenet761,airplane,0.7070879936218262,0.7376225590705872,0.7777535319328308,0.8195968270301819
shapenet762,airplane,0.13604189455509186,0.14111608266830444,0.15357570350170135,0.19967608153820038
shapenet766,airplane,0.379950612783432,0.3946189880371094,0.40888094902038574,0.430798202753067
shapenet770,airplane,2.0464261979213916e-05,0.0029840527568012476,0.02413221262395382,0.05207901820540428
shapenet771,airplane,0.008651018142700195,0.013185910880565643,0.02516833506524563,0.05228295922279358
shapenet772,airplane,0.13670408725738525,0.1423136591911316,0.156317338347435,0.20048069953918457
shapenet773,airplane,0.6346302032470703,0.6394369602203369,0.6500077247619629,0.6766249537467957
shapenet774,airplane,1.008470058441162,1.0948765277862549,1.1985896825790405,1.31224524974823
shapenet775,airplane,1.037340521812439,1.0680614709854126,1.1034117937088013,1.142277717590332
shapenet782,airplane,0.44286084175109863,0.4468494951725006,0.45762431621551514,0.48932456970214844
shapenet790,airplane,0.7367661595344543,0.960879385471344,1.0884417295455933,1.2079733610153198
shapenet791,airplane,0.003603041172027588,0.015382743440568447,0.03682970255613327,0.05984753742814064
shapenet796,airplane,1.0096206665039062,1.0531665086746216,1.1098222732543945,1.1716634035110474
shapenet797,airplane,0.7725852131843567,0.8377123475074768,0.913034200668335,0.9728111624717712
shapenet798,airplane,0.6722154021263123,0.690742552280426,0.7072569727897644,0.7349204421043396
shapenet799,airplane,0.34805846214294434,0.5842302441596985,0.7343346476554871,0.8383986353874207
shapenet800,airplane,0.007916907779872417,0.014695568941533566,0.030491188168525696,0.05719662830233574
shapenet801,airplane,0.7412724494934082,0.9355292320251465,1.0660932064056396,1.1805113554000854
shapenet804,airplane,0.028108814731240273,0.07100721448659897,0.10099118947982788,0.15636684000492096
shapenet805,airplane,1.0512117147445679,1.1202853918075562,1.1839475631713867,1.245518684387207
shapenet808,airplane,0.17440126836299896,0.17902742326259613,0.19231276214122772,0.23448403179645538
shapenet811,airplane,0.5300245881080627,0.5634727478027344,0.5838623046875,0.6206150650978088
shapenet812,airplane,0.9769567847251892,1.0436643362045288,1.078957200050354,1.1095696687698364
shapenet813,airplane,0.32220378518104553,0.5329976081848145,0.6862309575080872,0.7943966388702393
shapenet814,airplane,0.2634429633617401,0.5497875809669495,0.7108464241027832,0.8067253232002258
shapenet816,airplane,0.7630851864814758,0.8570060729980469,0.9308978915214539,0.9771065711975098
shapenet817,airplane,0.7010488510131836,0.7934624552726746,0.8464968204498291,0.8893365263938904
shapenet818,airplane,0.2989574670791626,0.47036734223365784,0.6108307838439941,0.718195915222168
shapenet820,airplane,0.9635584354400635,1.0327059030532837,1.092206597328186,1.1380971670150757
shapenet825,airplane,0.7898160815238953,1.0210837125778198,1.0567318201065063,1.0718145370483398
shapenet826,airplane,0.80995774269104,0.9473670125007629,0.9678969383239746,0.9790809750556946
shapenet827,airplane,0.010690808296203613,0.02189861424267292,0.035650450736284256,0.06332224607467651
shapenet831,airplane,0.24616657197475433,0.2666846215724945,0.28444337844848633,0.32244372367858887
shapenet832,airplane,0.09441407769918442,0.10223103314638138,0.11572089791297913,0.16096355020999908
shapenet833,airplane,0.16843032836914062,0.23921048641204834,0.3104981482028961,0.3781699240207672
shapenet835,airplane,0.0020260214805603027,0.012273495085537434,0.025653643533587456,0.05845172330737114
shapenet837,airplane,0.8632919788360596,0.9092864990234375,0.9411676526069641,0.9682154059410095
shapenet840,airplane,0.8296625018119812,0.9178617596626282,1.0163249969482422,1.111962914466858
shapenet845,airplane,0.515541136264801,0.5776424407958984,0.6303489208221436,0.6831699013710022
shapenet846,airplane,0.507884681224823,0.5117099285125732,0.5219801068305969,0.5513957142829895
shapenet848,airplane,0.25245729088783264,0.42451849579811096,0.5870628952980042,0.7093876004219055
shapenet851,airplane,7.311502940865466e-06,0.0008051494951359928,0.021949851885437965,0.05145701766014099
shapenet852,airplane,0.31623345613479614,0.46497583389282227,0.5822508335113525,0.6848853230476379
shapenet854,airplane,0.8042032122612,0.8102655410766602,0.8195576667785645,0.8389554023742676
shapenet856,airplane,0.12684385478496552,0.13272549211978912,0.14707010984420776,0.19199085235595703
shapenet859,airplane,0.6992878317832947,0.7449126243591309,0.7590596079826355,0.7808794975280762
shapenet860,airplane,0.03936735913157463,0.0710185170173645,0.09932514280080795,0.13894771039485931
shapenet861,airplane,0.8432140350341797,0.8952463269233704,0.9566980004310608,1.0225993394851685
shapenet863,airplane,0.8397868275642395,0.9099030494689941,0.9740428924560547,1.0371179580688477
shapenet867,airplane,0.7151622772216797,0.7396845817565918,0.7764777541160583,0.810309112071991
shapenet869,airplane,0.5341150164604187,0.565294086933136,0.6111212372779846,0.6723849773406982
shapenet871,airplane,0.7417469024658203,0.7505514621734619,0.7608168721199036,0.7820523381233215
shapenet873,airplane,1.1063001155853271,1.144469141960144,1.2054976224899292,1.2728625535964966
shapenet877,airplane,0.2871147394180298,0.29187387228012085,0.30424603819847107,0.3422977030277252
shapenet878,airplane,0.7362840175628662,0.7673964500427246,0.7834604382514954,0.8031495213508606
shapenet879,airplane,0.8531463742256165,0.8992433547973633,0.9516451954841614,1.00543212890625
shapenet884,airplane,0.589973509311676,0.6648995876312256,0.731975793838501,0.7952240109443665
shapenet886,airplane,0.10948262363672256,0.11501908302307129,0.12761659920215607,0.17435632646083832
shapenet888,airplane,0.5666944980621338,0.570375919342041,0.5796188712120056,0.6054330468177795
shapenet891,airplane,0.0001178582533611916,0.011106488294899464,0.019936641678214073,0.03471174091100693
shapenet893,airplane,0.8351653218269348,0.8430027961730957,0.8523702621459961,0.8701350688934326
shapenet898,airplane,0.009527862071990967,0.023161867633461952,0.0356719084084034,0.05406999960541725
shapenet899,airplane,0.36536097526550293,0.3751617968082428,0.3901846706867218,0.4271681010723114
shapenet901,airplane,0.041489023715257645,0.08208634704351425,0.11554709821939468,0.17865948379039764
shapenet902,airplane,1.0091511011123657,1.0531445741653442,1.1123255491256714,1.1808699369430542
shapenet903,airplane,0.35399341583251953,0.4861031472682953,0.5819366574287415,0.6620281338691711
shapenet904,airplane,0.8344972729682922,1.0009714365005493,1.1295435428619385,1.2437931299209595
shapenet906,airplane,0.8270047307014465,0.8320198059082031,0.8389798998832703,0.8527944684028625
shapenet913,airplane,0.5860369801521301,0.5904825925827026,0.6011925339698792,0.629076361656189
shapenet914,airplane,0.39052844047546387,0.39613237977027893,0.4086165428161621,0.44632968306541443
shapenet915,airplane,0.752672016620636,1.0128331184387207,1.0576363801956177,1.0785099267959595
shapenet916,airplane,0.16186076402664185,0.20711810886859894,0.25036898255348206,0.30449143052101135
shapenet918,airplane,0.8863198161125183,0.9410528540611267,1.0087947845458984,1.0780960321426392
shapenet919,airplane,1.2536843314592261e-05,0.0005426843999885023,0.02455286495387554,0.061213403940200806
shapenet923,airplane,0.67013019323349,0.7433738708496094,0.8124083876609802,0.887057363986969
shapenet924,airplane,1.005893588066101,1.10777747631073,1.1824650764465332,1.2477316856384277
shapenet925,airplane,0.9223549365997314,1.0210365056991577,1.1198616027832031,1.1931886672973633
shapenet927,airplane,0.8241052627563477,0.8692218661308289,0.9197642207145691,0.9794849753379822
shapenet930,airplane,0.34335413575172424,0.374453067779541,0.397388219833374,0.43214043974876404
shapenet938,airplane,0.037274282425642014,0.05859075114130974,0.08642009645700455,0.1271084100008011
shapenet939,airplane,0.12403812259435654,0.13021217286586761,0.14432872831821442,0.18992465734481812
shapenet941,airplane,0.7622011303901672,0.7999855875968933,0.8218347430229187,0.8445713520050049
shapenet942,airplane,0.8282546997070312,0.8696329593658447,0.8816301822662354,0.8957056403160095
shapenet943,airplane,0.24963241815567017,0.25442585349082947,0.26710960268974304,0.30646753311157227
shapenet946,airplane,0.3398599922657013,0.35727763175964355,0.3875492513179779,0.43989765644073486
shapenet949,airplane,0.7335711121559143,0.812763512134552,0.86832195520401,0.922398567199707
shapenet950,airplane,0.7859763503074646,0.9245284199714661,0.9953667521476746,1.0456238985061646
shapenet952,airplane,0.3006724715232849,0.4578409194946289,0.5874652862548828,0.6933345794677734
shapenet953,airplane,0.09747201204299927,0.10868608951568604,0.12314287573099136,0.1657419353723526
shapenet954,airplane,0.015822550281882286,0.025439320132136345,0.04154815897345543,0.06960555911064148
shapenet955,airplane,0.014939308166503906,0.022150805220007896,0.036986034363508224,0.06835927814245224
shapenet956,airplane,0.8340110182762146,0.8840951919555664,0.9351455569267273,0.9917930960655212
shapenet957,airplane,0.45035409927368164,0.48887500166893005,0.5214405059814453,0.5592854619026184
shapenet958,airplane,0.938049852848053,0.9534614682197571,0.9706079363822937,0.9916138648986816
shapenet959,airplane,0.9184539318084717,0.9760945439338684,1.0267773866653442,1.0829447507858276
shapenet960,airplane,0.8484961986541748,0.8822357058525085,0.9107363820075989,0.9382049441337585
shapenet966,airplane,0.7753314971923828,0.8208462595939636,0.887120246887207,0.9397097229957581
shapenet967,airplane,0.7323673367500305,0.7873281836509705,0.8467514514923096,0.898679792881012
shapenet974,airplane,0.8600667119026184,0.8679285049438477,0.8776626586914062,0.8942747116088867
shapenet977,airplane,0.673649251461029,0.7557110786437988,0.8242440223693848,0.8885433077812195
shapenet978,airplane,0.004034817218780518,0.010762915015220642,0.023791799321770668,0.0519166924059391
shapenet979,airplane,0.864866316318512,0.9381102919578552,1.015967845916748,1.076775074005127
shapenet983,airplane,0.005465805530548096,0.01352571789175272,0.028279805555939674,0.055177461355924606
shapenet984,airplane,0.8041736483573914,0.8119783997535706,0.8213427066802979,0.8393804430961609
shapenet989,airplane,0.3578568398952484,0.36223912239074707,0.373876690864563,0.40909841656684875
shapenet990,airplane,0.6330625414848328,0.6392438411712646,0.6496819257736206,0.6751815676689148
shapenet991,airplane,0.9425752758979797,0.9945198893547058,1.0282163619995117,1.0573019981384277
shapenet994,airplane,0.2857701778411865,0.46307992935180664,0.6005473136901855,0.7036978602409363
shapenet1000,airplane,0.792902946472168,0.9969210028648376,1.1212377548217773,1.2414780855178833
shapenet1003,airplane,0.2385256290435791,0.24349625408649445,0.2569589614868164,0.29746028780937195
shapenet1005,airplane,0.5793139338493347,0.5826659798622131,0.5918874144554138,0.6181804537773132
shapenet1008,airplane,0.29536619782447815,0.48802924156188965,0.6254737973213196,0.7181642055511475
shapenet1009,airplane,0.02793739177286625,0.039897870272397995,0.09554100781679153,0.1466819792985916
shapenet1010,airplane,1.1019660234451294,1.139910340309143,1.1918562650680542,1.25206458568573
shapenet1016,airplane,0.42665424942970276,0.4313887655735016,0.4433097541332245,0.47692203521728516
shapenet1019,airplane,0.950037956237793,1.030368685722351,1.0694565773010254,1.096754550933838
shapenet1020,airplane,0.06378551572561264,0.08387274295091629,0.12421604990959167,0.17393608391284943
shapenet1023,airplane,0.20686234533786774,0.21135950088500977,0.22427929937839508,0.2650816738605499
shapenet1024,airplane,0.8889274001121521,0.9389488101005554,1.0013774633407593,1.0638453960418701
shapenet1025,airplane,0.9248826503753662,1.0441622734069824,1.150715947151184,1.2724882364273071
shapenet1026,airplane,0.020168403163552284,0.03836667910218239,0.06957024335861206,0.1132347583770752
shapenet1028,airplane,0.31101539731025696,0.5285029411315918,0.6863793730735779,0.7956452369689941
shapenet1030,airplane,0.776310384273529,0.8231268525123596,0.8822260499000549,0.9344439506530762
shapenet1033,airplane,0.07018623501062393,0.08074825257062912,0.09488148242235184,0.1397813856601715
shapenet1034,airplane,0.49448108673095703,0.6033870577812195,0.6957798004150391,0.7736631035804749
shapenet1035,airplane,0.904961884021759,0.9117600321769714,0.9175665378570557,0.9257996082305908
shapenet1036,airplane,0.7733564376831055,0.8005343079566956,0.8292810320854187,0.8614837527275085
shapenet1037,airplane,1.0233651399612427,1.1095366477966309,1.169387698173523,1.2286840677261353
shapenet1041,airplane,0.01114604901522398,0.017335491254925728,0.03401574864983559,0.06048797443509102
shapenet1042,airplane,0.9870787262916565,1.0302374362945557,1.0588815212249756,1.0802809000015259
shapenet1043,airplane,0.9285945296287537,1.0099527835845947,1.0714983940124512,1.1252559423446655
shapenet1047,airplane,0.6167066097259521,0.6194739937782288,0.6270827651023865,0.6491594314575195
shapenet1048,airplane,0.5124968886375427,0.5163748860359192,0.5271739363670349,0.5564761757850647
shapenet1049,airplane,0.07001765817403793,0.08431735634803772,0.10459253191947937,0.14832298457622528
shapenet1050,airplane,0.6365377306938171,0.6571605801582336,0.6676705479621887,0.691173791885376
shapenet1053,airplane,0.46949490904808044,0.5139432549476624,0.5341747403144836,0.5678144097328186
shapenet1055,airplane,0.13775970041751862,0.17915625870227814,0.21113824844360352,0.2533815801143646
shapenet1056,airplane,0.8811368346214294,0.9833183288574219,1.0820261240005493,1.173132300376892
shapenet1057,airplane,9.377797141496558e-06,0.004433729220181704,0.014210637658834457,0.035523269325494766
shapenet1061,airplane,0.3400014638900757,0.3543289601802826,0.36890077590942383,0.40500137209892273
shapenet1062,airplane,0.09223707765340805,0.10704996436834335,0.12206967920064926,0.167608380317688
shapenet1066,airplane,0.2234361618757248,0.25450989603996277,0.28809693455696106,0.3398125171661377
shapenet1067,airplane,1.091200351715088,1.123388409614563,1.1794065237045288,1.234291434288025
shapenet1070,airplane,0.4631638526916504,0.46722373366355896,0.4785379469394684,0.5101498365402222
shapenet1074,airplane,0.153856098651886,0.1586400866508484,0.172324076294899,0.2155383825302124
shapenet1078,airplane,0.3308961093425751,0.40585312247276306,0.4249281883239746,0.45808687806129456
shapenet1079,airplane,0.7562721371650696,0.7876865267753601,0.8017959594726562,0.8222902417182922
shapenet1081,airplane,1.031965970993042,1.0913537740707397,1.1207948923110962,1.148114800453186
shapenet1082,airplane,0.056952815502882004,0.07923227548599243,0.10150028020143509,0.14658121764659882
shapenet1084,airplane,0.10952451080083847,0.24166393280029297,0.3302042782306671,0.3811514675617218
shapenet1085,airplane,0.24674153327941895,0.2662123143672943,0.2983269989490509,0.3379475176334381
shapenet1086,airplane,1.0465155839920044,1.1395483016967773,1.2045278549194336,1.2691210508346558
shapenet1088,airplane,0.15981179475784302,0.22297616302967072,0.288638710975647,0.3886769115924835
shapenet1091,airplane,0.42819467186927795,0.48560014367103577,0.5871096253395081,0.6979361176490784
shapenet1092,airplane,0.02137104608118534,0.03936206176877022,0.054242465645074844,0.07137896865606308
shapenet1093,airplane,0.8953856825828552,0.9728921055793762,1.0782719850540161,1.1709281206130981
shapenet1096,airplane,0.08411195129156113,0.09093587845563889,0.10582231730222702,0.15122555196285248
shapenet1097,airplane,0.4675917327404022,0.5693368911743164,0.6261053085327148,0.6856818795204163
shapenet1099,airplane,0.507487952709198,0.5106871724128723,0.5200314521789551,0.547552764415741
shapenet1100,airplane,0.15110568702220917,0.18291248381137848,0.21075506508350372,0.2520029544830322
shapenet1103,airplane,0.6681515574455261,0.677729606628418,0.6868947148323059,0.7098004817962646
shapenet1111,airplane,0.7504052519798279,0.7609574198722839,0.7699644565582275,0.7895350456237793
shapenet1113,airplane,0.2992028594017029,0.303534597158432,0.3158620595932007,0.35347771644592285
shapenet1117,airplane,0.014423291198909283,0.017804736271500587,0.0315018855035305,0.05195699632167816
shapenet1119,airplane,0.00653386116027832,0.0636645033955574,0.10197456926107407,0.17223401367664337
shapenet1120,airplane,0.1599779576063156,0.18109197914600372,0.2084721326828003,0.25105974078178406
shapenet1121,airplane,1.0326749086380005,1.0891801118850708,1.140161156654358,1.1878024339675903
shapenet1123,airplane,0.2456483244895935,0.28105857968330383,0.3240565359592438,0.3727833330631256
shapenet1125,airplane,0.8584763407707214,0.8719390034675598,0.8814306259155273,0.8967007994651794
shapenet1127,airplane,0.23134560883045197,0.2683950662612915,0.3202216327190399,0.3898843824863434
shapenet1129,airplane,0.3523757755756378,0.5107684135437012,0.5953593254089355,0.6681666374206543
shapenet1131,airplane,0.9285179972648621,0.9405180811882019,0.9504948258399963,0.9633771777153015
shapenet1137,airplane,2.8272470444790088e-05,0.005185657646507025,0.013779117725789547,0.04323698580265045
shapenet1141,airplane,0.9375817775726318,1.0196853876113892,1.0449203252792358,1.0628432035446167
shapenet1142,airplane,0.633161723613739,0.6364651918411255,0.6447694301605225,0.6678484082221985
shapenet1143,airplane,0.32794031500816345,0.46076998114585876,0.5844671130180359,0.6855170130729675
shapenet1144,airplane,0.2705002725124359,0.40270283818244934,0.5234244465827942,0.6268321871757507
shapenet1145,airplane,1.015760898590088,1.063298225402832,1.1097631454467773,1.1547940969467163
shapenet1146,airplane,0.3663069009780884,0.4527972936630249,0.5583065152168274,0.6156080365180969
shapenet1147,airplane,0.29244187474250793,0.2978230118751526,0.3105649948120117,0.34931886196136475
shapenet1149,airplane,0.30623534321784973,0.31055253744125366,0.32144564390182495,0.3556976020336151
shapenet1155,airplane,0.7368815541267395,0.7577028870582581,0.7707454562187195,0.7906550765037537
shapenet1157,airplane,0.6910998225212097,0.7021204829216003,0.7110797762870789,0.7329764366149902
shapenet1159,airplane,1.1920928955078125e-07,0.004480433184653521,0.016249679028987885,0.038380544632673264
shapenet1160,airplane,0.35243621468544006,0.516259491443634,0.6534631848335266,0.7583022713661194
shapenet1161,airplane,0.24607254564762115,0.3174803853034973,0.4495987892150879,0.5517683625221252
shapenet1163,airplane,0.2300848513841629,0.23638509213924408,0.24984385073184967,0.29202452301979065
shapenet1168,airplane,0.5651959180831909,0.6032370924949646,0.6642143130302429,0.7245004773139954
shapenet1171,airplane,7.301568984985352e-05,0.003999984357506037,0.017356745898723602,0.04999120160937309
shapenet1172,airplane,0.9930849075317383,1.1153039932250977,1.2212961912155151,1.3235278129577637
shapenet1174,airplane,0.726330041885376,0.7459964752197266,0.763664722442627,0.7859978675842285
shapenet1178,airplane,0.32619190216064453,0.44814133644104004,0.5623053908348083,0.6638230681419373
shapenet1179,airplane,0.6628892421722412,0.7220390439033508,0.7563770413398743,0.7915925979614258
shapenet1182,airplane,0.8014935851097107,0.809110164642334,0.8186759948730469,0.837414026260376
shapenet1183,airplane,0.4219304621219635,0.4258364737033844,0.43769335746765137,0.47149983048439026
shapenet1184,airplane,3.997484964202158e-05,0.0016574203036725521,0.014046612195670605,0.03891431912779808
shapenet1186,airplane,0.866915225982666,0.9441445469856262,0.9853237271308899,1.0137962102890015
shapenet1187,airplane,0.9388497471809387,1.1195698976516724,1.2074525356292725,1.2835053205490112
shapenet1189,airplane,0.28472793102264404,0.34678956866264343,0.39864838123321533,0.45079994201660156
shapenet1190,airplane,0.20034261047840118,0.33149707317352295,0.45218798518180847,0.5705747604370117
shapenet1191,airplane,1.099998116493225,1.146698236465454,1.2156777381896973,1.2873811721801758
shapenet1194,airplane,0.32569506764411926,0.5253697037696838,0.6734046936035156,0.7888361811637878
shapenet1196,airplane,0.013795733451843262,0.020717011764645576,0.03186899051070213,0.055131662636995316
shapenet1197,airplane,0.23187242448329926,0.32154202461242676,0.3878438472747803,0.43214425444602966
shapenet1199,airplane,0.2785157561302185,0.3355875015258789,0.3760804235935211,0.4288914203643799
shapenet1200,airplane,0.7626152038574219,0.7834486365318298,0.7972618937492371,0.8168306946754456
shapenet1201,airplane,0.8771414756774902,0.9531211853027344,0.9771041870117188,0.992739737033844
shapenet1202,airplane,0.002354661701247096,0.01226633321493864,0.025978311896324158,0.07128946483135223
shapenet1208,airplane,0.3593617379665375,0.4395083487033844,0.49475958943367004,0.5314847230911255
shapenet1210,airplane,0.5979463458061218,0.630117654800415,0.6618937253952026,0.6967479586601257
shapenet1211,airplane,0.0872020497918129,0.10799809545278549,0.1301405280828476,0.17666582763195038
shapenet1212,airplane,0.32632413506507874,0.5167256593704224,0.6674079895019531,0.7692709565162659
shapenet1215,airplane,0.1222885251045227,0.14088450372219086,0.15613357722759247,0.18622316420078278
shapenet1216,airplane,0.3420394957065582,0.3595079481601715,0.38092294335365295,0.43507158756256104
shapenet1218,airplane,0.7349591255187988,0.7427108883857727,0.7524046897888184,0.7735529541969299
shapenet1220,airplane,0.38592490553855896,0.5102519392967224,0.5976426005363464,0.6707447171211243
shapenet1222,airplane,0.4120849370956421,0.506234884262085,0.5688610076904297,0.617800235748291
shapenet1224,airplane,0.0060361227951943874,0.020455705001950264,0.035578448325395584,0.05888752639293671
shapenet1226,airplane,1.0802358388900757,1.1485587358474731,1.2327303886413574,1.3211236000061035
shapenet1227,airplane,0.7016503214836121,0.7078683972358704,0.715195894241333,0.7335897088050842
shapenet1228,airplane,0.027837714180350304,0.031523700803518295,0.03944806382060051,0.06433413177728653
shapenet1232,airplane,0.20497500896453857,0.3044571280479431,0.40204858779907227,0.4652423858642578
shapenet1234,airplane,0.9151850342750549,0.9678724408149719,0.9942238926887512,1.0219734907150269
shapenet1241,airplane,0.01172675658017397,0.01569189690053463,0.030356554314494133,0.07780801504850388
shapenet1242,airplane,0.8804662823677063,0.9208173155784607,0.9832997918128967,1.0506240129470825
shapenet1245,airplane,0.004954278469085693,0.009948757477104664,0.022145384922623634,0.04194710776209831
shapenet1250,airplane,0.7873029708862305,0.9558432102203369,1.0533910989761353,1.1369739770889282
shapenet1252,airplane,0.1949758678674698,0.2891475260257721,0.38768598437309265,0.5146117806434631
shapenet1253,airplane,0.2568853795528412,0.39720746874809265,0.500677764415741,0.5571184158325195
shapenet1255,airplane,0.5354058146476746,0.5385538935661316,0.5481889843940735,0.5752936005592346
shapenet1256,airplane,0.05707508325576782,0.06997906416654587,0.09200739115476608,0.13241513073444366
shapenet1258,airplane,0.2813139855861664,0.5002803206443787,0.6592716574668884,0.76515132188797
shapenet1259,airplane,1.0920640230178833,1.1436556577682495,1.2129594087600708,1.28435218334198
shapenet1260,airplane,0.42642155289649963,0.49029698967933655,0.5684094429016113,0.6477175354957581
shapenet1262,airplane,1.0565214157104492,1.1385271549224854,1.2301255464553833,1.3272281885147095
shapenet1263,airplane,0.483137845993042,0.49843454360961914,0.5119580626487732,0.542499303817749
shapenet1264,airplane,0.3488558828830719,0.5375909209251404,0.6803647875785828,0.776318371295929
shapenet1267,airplane,0.7600072026252747,0.7765028476715088,0.7942118644714355,0.820551872253418
shapenet1269,airplane,0.5773496031761169,0.6916293501853943,0.8000757098197937,0.888329029083252
shapenet1271,airplane,0.25581637024879456,0.320083886384964,0.36156049370765686,0.40092790126800537
shapenet1273,airplane,0.40831854939460754,0.5911915302276611,0.7014356255531311,0.7972005009651184
shapenet1274,airplane,0.6241573095321655,0.6728022694587708,0.6855509877204895,0.7068912982940674
shapenet1275,airplane,1.5020370483398438e-05,0.011102624237537384,0.026427438482642174,0.05555761978030205
shapenet1276,airplane,0.7986628413200378,0.8285367488861084,0.8863876461982727,0.9547327160835266
shapenet1278,airplane,0.2786601483821869,0.2853037416934967,0.2987959384918213,0.33960020542144775
shapenet1279,airplane,0.7547641396522522,0.8265787959098816,0.8898018002510071,0.9476034641265869
shapenet1283,airplane,0.7156946063041687,0.7300491333007812,0.7401041984558105,0.7614490985870361
shapenet1285,airplane,1.1038755178451538,1.1407743692398071,1.1885660886764526,1.2430952787399292
shapenet1286,airplane,0.7586949467658997,0.7617138028144836,0.7691420912742615,0.7875898480415344
shapenet1287,airplane,0.3965469300746918,0.40630435943603516,0.42081406712532043,0.4562011659145355
shapenet1288,airplane,0.31884559988975525,0.5357040166854858,0.6767069697380066,0.7740368843078613
shapenet1290,airplane,0.26337680220603943,0.45652392506599426,0.6232783198356628,0.7347230911254883
shapenet1292,airplane,1.0101782083511353,1.0964211225509644,1.17274010181427,1.2433414459228516
shapenet1294,airplane,0.7648434042930603,0.9041205048561096,0.9392011165618896,0.9575140476226807
shapenet1295,airplane,0.9444258213043213,1.0361065864562988,1.1238675117492676,1.2178696393966675
shapenet1296,airplane,0.8176282048225403,0.8211021423339844,0.827782154083252,0.8409817218780518
shapenet1297,airplane,0.39621877670288086,0.4684273302555084,0.5381755828857422,0.6196060180664062
shapenet1298,airplane,0.5011592507362366,0.5317355990409851,0.5687403678894043,0.6252374053001404
shapenet1299,airplane,0.6572956442832947,0.6656857132911682,0.6749100685119629,0.6983968615531921
shapenet1300,airplane,0.2673672139644623,0.31953227519989014,0.3910583555698395,0.45298025012016296
shapenet1303,airplane,0.7654930949211121,0.935950517654419,0.9569715857505798,0.9716610908508301
shapenet1304,airplane,0.018852749839425087,0.020573189482092857,0.03301583603024483,0.053485363721847534
shapenet1306,airplane,0.7671480178833008,0.8246088027954102,0.8810083270072937,0.9378218650817871
shapenet1308,airplane,0.2669629156589508,0.27910900115966797,0.29295000433921814,0.3331412076950073
shapenet1310,airplane,1.0244256258010864,1.060646891593933,1.1247764825820923,1.19229257106781
shapenet1312,airplane,0.8098170161247253,0.8589374423027039,0.8971406817436218,0.9364979863166809
shapenet1314,airplane,1.0060358047485352,1.0969035625457764,1.1657949686050415,1.2223060131072998
shapenet1315,airplane,0.11594390869140625,0.12657804787158966,0.14072825014591217,0.18538697063922882
shapenet1316,airplane,0.3462318480014801,0.38139405846595764,0.4436683654785156,0.4998760223388672
shapenet1317,airplane,0.6427847743034363,0.6494418978691101,0.659654438495636,0.6854214072227478
shapenet1318,airplane,0.9269879460334778,0.9974846839904785,1.045629858970642,1.0900999307632446
shapenet1320,airplane,0.3321438729763031,0.45047351717948914,0.5519134998321533,0.6281755566596985
shapenet1321,airplane,0.4873844087123871,0.4910307824611664,0.5006152391433716,0.5281776785850525
shapenet1322,airplane,0.7845112681388855,0.8033668398857117,0.8233097195625305,0.848513126373291
shapenet1324,airplane,1.00128173828125,1.1077512502670288,1.1740421056747437,1.2366663217544556
shapenet1325,airplane,0.04380281642079353,0.05309489369392395,0.07971357554197311,0.1351526826620102
shapenet1328,airplane,0.9634459614753723,1.0525445938110352,1.1464076042175293,1.2444864511489868
shapenet1330,airplane,0.350531667470932,0.5281793475151062,0.6652834415435791,0.7617335319519043
shapenet1333,airplane,0.8258592486381531,0.8872904181480408,0.9372208714485168,0.9869208335876465
shapenet1337,airplane,0.21805967390537262,0.30985549092292786,0.3744617700576782,0.41945910453796387
shapenet1339,airplane,0.2776075005531311,0.36811184883117676,0.4252220094203949,0.4641893804073334
shapenet1341,airplane,0.3017905056476593,0.5273743867874146,0.6938005089759827,0.8009123802185059
shapenet1347,airplane,0.1273687481880188,0.1427457481622696,0.15726009011268616,0.19805090129375458
shapenet1349,airplane,0.8833525776863098,0.9442746043205261,1.01581609249115,1.085033893585205
shapenet1351,airplane,0.004720449447631836,0.011185497045516968,0.027013754472136497,0.04373227059841156
shapenet1353,airplane,0.0004105567932128906,0.013113471679389477,0.029955416917800903,0.056455131620168686
shapenet1354,airplane,0.8066296577453613,0.8888565897941589,0.95024174451828,1.0349582433700562
shapenet1357,airplane,0.7587626576423645,0.8463861346244812,0.9270866513252258,1.005702257156372
shapenet1358,airplane,0.8816931843757629,0.9527833461761475,0.9991533160209656,1.0262943506240845
shapenet1359,airplane,0.3892292082309723,0.6984958052635193,0.8230441212654114,0.9114775657653809
shapenet1360,airplane,0.7386062145233154,0.7551016807556152,0.7694298624992371,0.7884998917579651
shapenet1361,airplane,0.8746340870857239,0.8793249130249023,0.8858091831207275,0.8991489410400391
shapenet1362,airplane,0.007532139774411917,0.012146630324423313,0.026959361508488655,0.07071057707071304
shapenet1364,airplane,0.6928670406341553,0.8138635754585266,0.88580322265625,0.9468278884887695
shapenet1369,airplane,0.2848614752292633,0.5138573050498962,0.6586785912513733,0.7604628205299377
shapenet1372,airplane,1.1300934553146362,1.1509944200515747,1.1943923234939575,1.2539535760879517
shapenet1375,airplane,7.748603820800781e-07,0.012692376971244812,0.04021464288234711,0.07008060812950134
shapenet1377,airplane,0.22203056514263153,0.3368992805480957,0.4332129955291748,0.5432072877883911
shapenet1378,airplane,0.23365724086761475,0.30363214015960693,0.35800042748451233,0.40234899520874023
shapenet1380,airplane,0.6564566493034363,0.6861865520477295,0.7084059119224548,0.7361621856689453
shapenet1381,airplane,0.30538544058799744,0.4945274889469147,0.626948356628418,0.7280579209327698
shapenet1383,airplane,1.0378631353378296,1.0987578630447388,1.194432258605957,1.2985585927963257
shapenet1386,airplane,0.740223228931427,0.7535903453826904,0.7622149586677551,0.7787016034126282
shapenet1390,airplane,0.5405839085578918,0.5447921752929688,0.5550662279129028,0.5838000774383545
shapenet1391,airplane,0.9841774106025696,1.0157662630081177,1.0784764289855957,1.1476503610610962
shapenet1392,airplane,0.39699462056159973,0.40380963683128357,0.41668903827667236,0.4515474736690521
shapenet1393,airplane,0.21823346614837646,0.2711220979690552,0.3077844977378845,0.3466680943965912
shapenet1394,airplane,0.7126138806343079,0.7548293471336365,0.7897336483001709,0.8230409026145935
shapenet1396,airplane,0.0051491656340658665,0.01196395605802536,0.024763988330960274,0.050668805837631226
shapenet1397,airplane,0.39633476734161377,0.4005506932735443,0.41233256459236145,0.4465402066707611
shapenet1401,airplane,0.03443219140172005,0.058033425360918045,0.09930511564016342,0.1588197499513626
shapenet1402,airplane,0.7458071708679199,0.7687377333641052,0.7932637333869934,0.8185163140296936
shapenet1404,airplane,0.295335978269577,0.4501365125179291,0.5988736152648926,0.7126364707946777
shapenet1406,airplane,6.115436553955078e-05,0.0004139462544117123,0.010355264879763126,0.03477077558636665
shapenet1411,airplane,0.643008291721344,0.6726481914520264,0.716002881526947,0.7751505970954895
shapenet1413,airplane,0.061919134110212326,0.07529894262552261,0.09042414277791977,0.13459067046642303
shapenet1418,airplane,0.3585239350795746,0.49646827578544617,0.623327910900116,0.7108144760131836
shapenet1419,airplane,0.8583018183708191,0.9506244659423828,0.9774937033653259,0.9933249950408936
shapenet1421,airplane,0.16190771758556366,0.27588194608688354,0.3766566812992096,0.484966516494751
shapenet1422,airplane,6.059805400582263e-06,0.0006400644779205322,0.01519991084933281,0.03649497404694557
shapenet1423,airplane,0.9262980818748474,0.9371063113212585,0.9468315243721008,0.9611071944236755
shapenet1427,airplane,0.8072574734687805,0.8652345538139343,0.9125856757164001,0.9648184776306152
shapenet1428,airplane,0.2648356556892395,0.43617865443229675,0.5692924857139587,0.673949658870697
shapenet1429,airplane,0.5639767050743103,0.6608394980430603,0.7593271136283875,0.8566992878913879
shapenet1433,airplane,0.3525753915309906,0.532666027545929,0.6841910481452942,0.7929091453552246
shapenet1435,airplane,0.6683089137077332,0.6836732029914856,0.704740583896637,0.7403781414031982
shapenet1436,airplane,0.005841811653226614,0.022580450400710106,0.04076729342341423,0.07594109326601028
shapenet1439,airplane,0.6579011082649231,0.8264101147651672,0.8836343884468079,0.9326539635658264
shapenet1441,airplane,0.0012722015380859375,0.0057856920175254345,0.017549922689795494,0.04153963178396225
shapenet1445,airplane,0.014946520328521729,0.01836707629263401,0.02758936397731304,0.04672876372933388
shapenet1448,airplane,0.8931760787963867,0.9206438660621643,0.9367055892944336,0.9520439505577087
shapenet1449,airplane,0.7154777646064758,0.791259765625,0.8563653826713562,0.9083089828491211
shapenet1451,airplane,0.8352539539337158,0.8884148001670837,0.9855418801307678,1.074899673461914
shapenet1455,airplane,0.03230462595820427,0.03775760903954506,0.05200658738613129,0.08785432577133179
shapenet1460,airplane,0.8599653244018555,0.8712673187255859,0.8826557993888855,0.9016209244728088
shapenet1466,airplane,2.6146570235141553e-05,0.013622917234897614,0.05660514533519745,0.09445685148239136
shapenet1468,airplane,0.2964085042476654,0.47280606627464294,0.6308135986328125,0.7395527362823486
shapenet1470,airplane,0.38784337043762207,0.3920165002346039,0.4037710428237915,0.43819594383239746
shapenet1472,airplane,0.016380568966269493,0.038509201258420944,0.07301529496908188,0.10617951303720474
shapenet1473,airplane,0.09196201711893082,0.10091682523488998,0.1256638765335083,0.16734850406646729
shapenet1474,airplane,0.3274027407169342,0.4507300555706024,0.5726008415222168,0.6728184223175049
shapenet1475,airplane,1.0177136659622192,1.0899392366409302,1.1776384115219116,1.2632031440734863
shapenet1477,airplane,0.3139369487762451,0.4130614697933197,0.5367373824119568,0.6449784636497498
shapenet1478,airplane,0.008880913257598877,0.014694642275571823,0.03503072261810303,0.07218331843614578
shapenet1479,airplane,0.29725268483161926,0.5322183966636658,0.6756761074066162,0.7649447321891785
shapenet1480,airplane,0.9938132166862488,1.0424660444259644,1.0857676267623901,1.1244291067123413
shapenet1484,airplane,0.236519917845726,0.24083364009857178,0.2532988488674164,0.2935328781604767
shapenet1486,airplane,0.7131218910217285,0.7595455050468445,0.7892869114875793,0.8143965601921082
shapenet1487,airplane,0.9143924117088318,0.9271464347839355,0.9354679584503174,0.9487903714179993
shapenet1489,airplane,0.9463970065116882,1.0184006690979004,1.0979558229446411,1.1747547388076782
shapenet1491,airplane,0.6396697163581848,0.642397403717041,0.6494839191436768,0.6695372462272644
shapenet1494,airplane,0.30341994762420654,0.3178849220275879,0.32977819442749023,0.3634932041168213
shapenet1495,airplane,0.7853061556816101,0.8663167953491211,0.9215472340583801,0.9663391709327698
shapenet2,bench,0.285957008600235,0.4138701856136322,0.5467565059661865,0.7367845177650452
shapenet3,bench,0.10120854526758194,0.224152073264122,0.2791443169116974,0.30780017375946045
shapenet4,bench,0.1808173805475235,0.1898789405822754,0.19953878223896027,0.21328675746917725
shapenet5,bench,0.34845447540283203,0.543956995010376,0.7085895538330078,0.8907638192176819
shapenet6,bench,0.0003939469752367586,0.035909686237573624,0.057571787387132645,0.08324936777353287
shapenet10,bench,0.8022587895393372,0.8196958899497986,0.8592632412910461,0.9087417721748352
shapenet11,bench,0.12361925840377808,0.12747548520565033,0.13642601668834686,0.14976797997951508
shapenet13,bench,0.2882630228996277,0.3054991662502289,0.3135487139225006,0.32635191082954407
shapenet15,bench,0.6630324721336365,0.7491903305053711,0.8451594710350037,0.965879499912262
shapenet18,bench,0.52562016248703,0.7194748520851135,0.8567860722541809,0.9876720309257507
shapenet19,bench,0.621235728263855,0.6818539500236511,0.7618520259857178,0.8419007658958435
shapenet20,bench,0.00808123778551817,0.014819145202636719,0.024825582280755043,0.039094094187021255
shapenet22,bench,0.3259940445423126,0.5312607288360596,0.6551073789596558,0.7350968718528748
shapenet23,bench,0.46777066588401794,0.7514359354972839,0.9239003658294678,1.1064387559890747
shapenet24,bench,0.30872631072998047,0.433511883020401,0.5677402019500732,0.7216140627861023
shapenet25,bench,0.5432471036911011,0.6728525161743164,0.7139368057250977,0.7333287596702576
shapenet26,bench,0.5191013813018799,0.5404365062713623,0.5506605505943298,0.563316285610199
shapenet28,bench,0.23562084138393402,0.24048753082752228,0.24974554777145386,0.2629100978374481
shapenet35,bench,0.7020590901374817,0.70586758852005,0.711153507232666,0.7191351056098938
shapenet37,bench,0.4886094629764557,0.6135998368263245,0.6948080658912659,0.7452265620231628
shapenet41,bench,0.696208655834198,0.7522682547569275,0.842459499835968,0.9669261574745178
shapenet42,bench,0.22950543463230133,0.4841625690460205,0.6814129948616028,0.9199654459953308
shapenet46,bench,0.12057390064001083,0.3127399981021881,0.4354943335056305,0.49130716919898987
shapenet49,bench,0.29437562823295593,0.29994356632232666,0.3084214925765991,0.320576548576355
shapenet50,bench,0.6462429165840149,0.7156105041503906,0.8271207809448242,0.9437287449836731
shapenet53,bench,0.6033914685249329,0.8115809559822083,0.9162260890007019,0.9742273688316345
shapenet55,bench,0.7942535281181335,0.8252816200256348,0.8434684872627258,0.8590242862701416
shapenet57,bench,0.5631228089332581,0.7657313346862793,0.9184924960136414,1.0702828168869019
shapenet62,bench,0.7894981503486633,0.8763468861579895,0.9854658246040344,1.1107631921768188
shapenet71,bench,0.1960553377866745,0.22277766466140747,0.23138250410556793,0.24517636001110077
shapenet72,bench,0.21993929147720337,0.23285137116909027,0.24301497638225555,0.2566829323768616
shapenet73,bench,0.20689500868320465,0.21017207205295563,0.21609461307525635,0.22776101529598236
shapenet74,bench,0.445357084274292,0.44952526688575745,0.45722338557243347,0.4663606584072113
shapenet75,bench,0.2537062466144562,0.2611048221588135,0.270816832780838,0.2839750349521637
shapenet80,bench,0.7201333045959473,0.7237074971199036,0.7302046418190002,0.7388010621070862
shapenet82,bench,0.008802453987300396,0.014458446763455868,0.02689899317920208,0.05407077074050903
shapenet83,bench,0.4052579402923584,0.5065955519676208,0.6378148198127747,0.7970254421234131
shapenet86,bench,9.973844134947285e-05,0.02964700758457184,0.05525314807891846,0.0782269760966301
shapenet87,bench,0.21816973388195038,0.22462040185928345,0.2336069941520691,0.24707509577274323
shapenet90,bench,0.016386428847908974,0.023201391100883484,0.028432106599211693,0.041372235864400864
shapenet91,bench,0.7018392086029053,0.8014300465583801,0.9526063799858093,1.111700415611267
shapenet97,bench,0.7405185699462891,0.8579147458076477,0.9480915665626526,0.9845733046531677
shapenet101,bench,0.021846452727913857,0.0765160545706749,0.10182643681764603,0.12752138078212738
shapenet102,bench,0.08100739866495132,0.19770677387714386,0.25122371315956116,0.3015774190425873
shapenet103,bench,0.32742494344711304,0.3453004062175751,0.3557964861392975,0.3684430420398712
shapenet104,bench,0.21001885831356049,0.2219792753458023,0.2317359894514084,0.24479800462722778
shapenet107,bench,0.6584818959236145,0.8360697627067566,0.9293280243873596,0.9765164256095886
shapenet110,bench,0.24868349730968475,0.25488656759262085,0.2634872496128082,0.2764264643192291
shapenet112,bench,0.5770344734191895,0.6753091812133789,0.822894811630249,0.9801664352416992
shapenet115,bench,0.7441897988319397,0.7758466601371765,0.8083944916725159,0.846858561038971
shapenet116,bench,0.6452569961547852,0.7332949638366699,0.7861097455024719,0.8079118728637695
shapenet118,bench,0.5887220501899719,0.6136835217475891,0.6504231095314026,0.6905374526977539
shapenet119,bench,0.6242493391036987,0.7201638221740723,0.8599669337272644,0.9556922912597656
shapenet120,bench,0.01747153140604496,0.029303638264536858,0.04849926754832268,0.06959094852209091
shapenet123,bench,0.4522154629230499,0.454632431268692,0.46184685826301575,0.47023335099220276
shapenet124,bench,0.7376412749290466,0.871782124042511,0.960960328578949,1.0005496740341187
shapenet125,bench,0.32827556133270264,0.48239263892173767,0.6881572604179382,0.8861575126647949
shapenet126,bench,0.06526502221822739,0.06927452236413956,0.07858823984861374,0.09209556132555008
shapenet128,bench,0.28567320108413696,0.28751638531684875,0.29287615418434143,0.3033387362957001
shapenet129,bench,0.03950204327702522,0.04338077828288078,0.052401840686798096,0.06632943451404572
shapenet133,bench,0.19366461038589478,0.19749011099338531,0.20745766162872314,0.22065521776676178
shapenet134,bench,0.6695573329925537,0.7278006076812744,0.8138940930366516,0.9404870867729187
shapenet136,bench,0.586384117603302,0.6165304780006409,0.6302946209907532,0.6420648694038391
shapenet142,bench,0.0032726526260375977,0.011442088522017002,0.03906767815351486,0.06695433706045151
shapenet144,bench,0.4451500177383423,0.4846721589565277,0.6259092688560486,0.8265364766120911
shapenet148,bench,0.575604259967804,0.590080201625824,0.5994449257850647,0.6105713844299316
shapenet151,bench,0.44727298617362976,0.5063657164573669,0.5496600866317749,0.6108787655830383
shapenet152,bench,0.6815611720085144,0.7032005190849304,0.7206906676292419,0.7338927388191223
shapenet153,bench,0.7106199860572815,0.7705233097076416,0.853715181350708,0.9699109196662903
shapenet154,bench,0.7446660399436951,0.8132175803184509,0.8689733147621155,0.9064872860908508
shapenet156,bench,0.2991922199726105,0.31097349524497986,0.321063369512558,0.33390700817108154
shapenet157,bench,0.636237382888794,0.7422131896018982,0.8502187728881836,1.031136155128479
shapenet160,bench,0.6137565970420837,0.6965498924255371,0.7487500309944153,0.7736315727233887
shapenet161,bench,0.7433912754058838,0.7466087341308594,0.7526233792304993,0.76083904504776
shapenet162,bench,0.3204130232334137,0.45260512828826904,0.590424656867981,0.8030593991279602
shapenet163,bench,0.19598372280597687,0.2015976756811142,0.2112731784582138,0.22494100034236908
shapenet164,bench,0.23300409317016602,0.24331039190292358,0.25188595056533813,0.26507315039634705
shapenet165,bench,0.7381674647331238,0.8828460574150085,0.97355055809021,1.0291882753372192
shapenet167,bench,0.014538546092808247,0.0269168671220541,0.038469813764095306,0.06908918172121048
shapenet169,bench,0.5753064751625061,0.5799953937530518,0.5874276757240295,0.5967207551002502
shapenet171,bench,0.6422089338302612,0.785498321056366,0.855517566204071,0.8839272856712341
shapenet172,bench,0.2660011947154999,0.28028321266174316,0.28922903537750244,0.30247437953948975
shapenet176,bench,0.16236327588558197,0.24451573193073273,0.37109455466270447,0.4577326774597168
shapenet178,bench,0.5917205214500427,0.6032541990280151,0.6132897138595581,0.6237339377403259
shapenet179,bench,0.48108431696891785,0.6062779426574707,0.6883781552314758,0.7531539797782898
shapenet184,bench,0.40901055932044983,0.4180002212524414,0.427585244178772,0.438433974981308
shapenet185,bench,0.14628911018371582,0.2620648443698883,0.43685904145240784,0.7081338763237
shapenet186,bench,0.6135509014129639,0.7869859337806702,0.8848800659179688,0.9776751399040222
shapenet191,bench,0.39278444647789,0.4057254493236542,0.4124245345592499,0.42547348141670227
shapenet192,bench,0.2180296629667282,0.3535492420196533,0.5509052872657776,0.6856667399406433
shapenet193,bench,0.687889575958252,0.710156261920929,0.740368664264679,0.7737566828727722
shapenet194,bench,0.7904222011566162,0.8340327143669128,0.9112274050712585,1.0237447023391724
shapenet196,bench,0.7424923777580261,0.8038423657417297,0.8441435694694519,0.8670889735221863
shapenet197,bench,0.0753045305609703,0.09219104051589966,0.1282036453485489,0.16547039151191711
shapenet199,bench,0.20894424617290497,0.21950919926166534,0.2303045392036438,0.24416714906692505
shapenet200,bench,0.4983879029750824,0.506168782711029,0.5124494433403015,0.5197660326957703
shapenet203,bench,0.4486332833766937,0.45480218529701233,0.46095481514930725,0.4727106988430023
shapenet204,bench,0.5522599816322327,0.6008735299110413,0.6202180981636047,0.6423254609107971
shapenet210,bench,0.716862678527832,0.7397927641868591,0.7784510254859924,0.827433168888092
shapenet211,bench,0.7405908703804016,0.87083500623703,0.9630000591278076,1.0120123624801636
shapenet213,bench,0.5686471462249756,0.5714243054389954,0.577225387096405,0.5856757760047913
shapenet214,bench,0.58041912317276,0.649452269077301,0.7052701115608215,0.730106770992279
shapenet215,bench,0.49438557028770447,0.5551045536994934,0.6474987864494324,0.735024631023407
shapenet216,bench,0.1371057778596878,0.15094254910945892,0.1615077257156372,0.17536266148090363
shapenet220,bench,0.5905713438987732,0.6242735981941223,0.6369753479957581,0.6488852500915527
shapenet226,bench,0.29606059193611145,0.3583717346191406,0.48612985014915466,0.6340000033378601
shapenet227,bench,0.019753873348236084,0.023258646950125694,0.03233090415596962,0.04591283202171326
shapenet228,bench,0.5385602712631226,0.5434089303016663,0.5544423460960388,0.5655244588851929
shapenet230,bench,0.32782411575317383,0.38635706901550293,0.42232486605644226,0.46486130356788635
shapenet231,bench,0.2488221377134323,0.3827914297580719,0.46716049313545227,0.5538588166236877
shapenet232,bench,0.5910471081733704,0.6676109433174133,0.6903712749481201,0.709220826625824
shapenet233,bench,0.42644214630126953,0.4992133677005768,0.6143850684165955,0.7801726460456848
shapenet236,bench,0.7198479771614075,0.8376882076263428,0.9353902339935303,1.0472155809402466
shapenet237,bench,0.38544782996177673,0.38833606243133545,0.3954218327999115,0.40627989172935486
shapenet239,bench,0.27309301495552063,0.2864011228084564,0.29494714736938477,0.30754554271698
shapenet240,bench,0.5990469455718994,0.6016419529914856,0.6079354286193848,0.6158196330070496
shapenet241,bench,0.36375418305397034,0.4589260518550873,0.5586028099060059,0.6866044402122498
shapenet242,bench,0.4421001672744751,0.6417957544326782,0.7459259033203125,0.8128506541252136
shapenet243,bench,0.3477926254272461,0.452230840921402,0.5036490559577942,0.539584219455719
shapenet244,bench,0.30836817622184753,0.3353029787540436,0.34379374980926514,0.35642656683921814
shapenet248,bench,0.14926046133041382,0.16105981171131134,0.17102432250976562,0.18555879592895508
shapenet249,bench,0.8074432015419006,0.8744753003120422,0.9483952522277832,1.047050952911377
shapenet250,bench,0.7643391489982605,0.8877348899841309,0.9731705784797668,1.0248968601226807
shapenet252,bench,0.5786958932876587,0.7358270287513733,0.8720037341117859,1.0548228025436401
shapenet255,bench,0.5008019804954529,0.5634102821350098,0.583149254322052,0.5957211256027222
shapenet257,bench,0.18274758756160736,0.19266265630722046,0.20133733749389648,0.21388520300388336
shapenet260,bench,0.518334686756134,0.7178044319152832,0.8297275900840759,0.9266660809516907
shapenet262,bench,0.5971994996070862,0.757434070110321,0.8426830172538757,0.8891641497612
shapenet264,bench,0.26094895601272583,0.2854593098163605,0.29411792755126953,0.30696555972099304
shapenet265,bench,0.8100300431251526,0.8534162044525146,0.9344322085380554,1.0393809080123901
shapenet266,bench,0.5822221636772156,0.7316439747810364,0.8920699954032898,1.078749179840088
shapenet268,bench,0.6468201279640198,0.7710318565368652,0.8789916038513184,0.9760730862617493
shapenet269,bench,0.21116052567958832,0.2173892706632614,0.22639687359333038,0.2368464469909668
shapenet271,bench,0.5524100065231323,0.5897639393806458,0.6128993034362793,0.6248121857643127
shapenet275,bench,0.26325973868370056,0.2766021192073822,0.28520047664642334,0.2980358600616455
shapenet276,bench,0.7020484805107117,0.7423803210258484,0.7795142531394958,0.8221189379692078
shapenet278,bench,0.4810284674167633,0.48675861954689026,0.49323832988739014,0.5032193064689636
shapenet280,bench,0.03385861590504646,0.03742140159010887,0.04648233577609062,0.06376645714044571
shapenet281,bench,0.2820061147212982,0.2891019284725189,0.296895831823349,0.31007513403892517
shapenet282,bench,0.3876174986362457,0.6476540565490723,0.7644240260124207,0.8606302738189697
shapenet284,bench,0.3438519537448883,0.4889660179615021,0.6408471465110779,0.8229281306266785
shapenet285,bench,0.5903720259666443,0.7152015566825867,0.8293429017066956,0.9794589877128601
shapenet288,bench,0.25975579023361206,0.27900514006614685,0.3262525796890259,0.37512221932411194
shapenet289,bench,0.6342191100120544,0.7780027389526367,0.8783050179481506,0.9618083834648132
shapenet293,bench,0.3377964198589325,0.36389341950416565,0.3726862967014313,0.38380563259124756
shapenet294,bench,0.3418581485748291,0.34709659218788147,0.3558093011379242,0.3679311275482178
shapenet295,bench,0.21990101039409637,0.23203976452350616,0.2417750358581543,0.25507012009620667
shapenet299,bench,0.7814920544624329,0.8178041577339172,0.8747485280036926,0.9360559582710266
shapenet300,bench,0.7909555435180664,0.7929914593696594,0.7990015149116516,0.8080368041992188
shapenet302,bench,0.8039104342460632,0.9029489159584045,0.9821150302886963,1.0392347574234009
shapenet303,bench,0.6065213084220886,0.6313914656639099,0.6725398898124695,0.7088451981544495
shapenet304,bench,0.48151302337646484,0.5133103728294373,0.5444501042366028,0.5593364834785461
shapenet305,bench,0.7669013142585754,0.8483992218971252,0.9347057342529297,1.057401180267334
shapenet306,bench,0.563616931438446,0.5793688297271729,0.586717963218689,0.5978891253471375
shapenet307,bench,0.14237315952777863,0.14661510288715363,0.15612094104290009,0.16814124584197998
shapenet308,bench,0.23995380103588104,0.2452419549226761,0.25391116738319397,0.267119437456131
shapenet310,bench,0.0020979444961994886,0.015543603338301182,0.030222833156585693,0.054033685475587845
shapenet311,bench,0.46998143196105957,0.5414623618125916,0.6535653471946716,0.762244701385498
shapenet321,bench,0.17769737541675568,0.21429777145385742,0.2687363624572754,0.34204819798469543
shapenet323,bench,0.21227554976940155,0.21682953834533691,0.22574447095394135,0.23911665380001068
shapenet328,bench,0.21278637647628784,0.263480544090271,0.293949156999588,0.3163231909275055
shapenet330,bench,0.14229317009449005,0.1461038589477539,0.1554449051618576,0.16913126409053802
shapenet332,bench,0.17049582302570343,0.17683416604995728,0.18670684099197388,0.2004593163728714
shapenet333,bench,0.7401793599128723,0.7476727366447449,0.7576438784599304,0.76759272813797
shapenet335,bench,0.3339432179927826,0.3497684895992279,0.35771575570106506,0.3688949644565582
shapenet337,bench,0.8503324389457703,0.904015302658081,0.96677565574646,1.0328994989395142
shapenet345,bench,0.08985841274261475,0.10870277881622314,0.11908113956451416,0.13425058126449585
shapenet346,bench,0.839046061038971,0.8631613850593567,0.8795390725135803,0.8935368657112122
shapenet347,bench,0.4029339849948883,0.41483595967292786,0.4232633411884308,0.43569719791412354
shapenet348,bench,0.12337782233953476,0.15385450422763824,0.18565897643566132,0.23067863285541534
shapenet350,bench,0.29210948944091797,0.4016495943069458,0.5539178252220154,0.7999312281608582
shapenet351,bench,0.6615117192268372,0.6667444109916687,0.6719067692756653,0.6795995831489563
shapenet352,bench,0.5892996191978455,0.6170178651809692,0.6294783353805542,0.642692506313324
shapenet355,bench,0.48624077439308167,0.5497298240661621,0.672394335269928,0.8163076043128967
shapenet356,bench,0.3936878442764282,0.4038529694080353,0.4131613075733185,0.42638683319091797
shapenet358,bench,0.3418421745300293,0.3466268479824066,0.3547028601169586,0.3668273389339447
shapenet359,bench,0.24671530723571777,0.2514007091522217,0.2610630691051483,0.27231109142303467
shapenet361,bench,0.5858034491539001,0.6212643384933472,0.7021052837371826,0.746415913105011
shapenet363,bench,0.5870665311813354,0.630235493183136,0.6441829204559326,0.6584088802337646
shapenet366,bench,0.1816159337759018,0.3928620517253876,0.5317031741142273,0.6760361194610596
shapenet368,bench,0.13072937726974487,0.2716107666492462,0.4164457321166992,0.559699535369873
shapenet370,bench,0.6316179633140564,0.6587590575218201,0.6913430094718933,0.7145042419433594
shapenet372,bench,0.49355077743530273,0.5190155506134033,0.547711193561554,0.5653037428855896
shapenet374,bench,0.18925611674785614,0.1929233819246292,0.2015228122472763,0.21401381492614746
shapenet375,bench,0.7461495399475098,0.8576123118400574,0.93218994140625,0.9818618893623352
shapenet376,bench,0.6848406195640564,0.8199801445007324,0.941800057888031,1.1020575761795044
shapenet377,bench,0.7235038876533508,0.8415429592132568,0.9222977757453918,0.9537766575813293
shapenet378,bench,0.22011317312717438,0.22510133683681488,0.23382341861724854,0.24705342948436737
shapenet379,bench,0.6955645680427551,0.7640814781188965,0.8340778350830078,0.8953329920768738
shapenet380,bench,0.6297077536582947,0.6340171098709106,0.6395105719566345,0.6473659873008728
shapenet385,bench,0.1410522609949112,0.1443815678358078,0.15266913175582886,0.16585470736026764
shapenet387,bench,0.36372900009155273,0.4215017557144165,0.4882928133010864,0.5476275086402893
shapenet388,bench,0.5610496997833252,0.5689122676849365,0.5752823948860168,0.5829916000366211
shapenet389,bench,0.4824429452419281,0.5733363032341003,0.707646369934082,0.885166347026825
shapenet392,bench,0.40569254755973816,0.4346970319747925,0.470226526260376,0.49924996495246887
shapenet393,bench,0.2758156955242157,0.2883143723011017,0.2982785403728485,0.31153443455696106
shapenet397,bench,0.8574554920196533,0.9238664507865906,0.9828324317932129,1.055289387702942
shapenet400,bench,0.5487971901893616,0.5648971199989319,0.5942833423614502,0.623989462852478
shapenet405,bench,0.7980222105979919,0.8826773166656494,0.9556758999824524,0.997734010219574
shapenet410,bench,0.0712401270866394,0.11537162214517593,0.16411881148815155,0.22025807201862335
shapenet411,bench,0.4512008726596832,0.6375311613082886,0.8266870379447937,1.0428582429885864
shapenet412,bench,0.6548191905021667,0.7850241661071777,0.8619769215583801,0.8889188766479492
shapenet413,bench,0.3222466707229614,0.43314918875694275,0.5680542588233948,0.6760186553001404
shapenet415,bench,0.4889586269855499,0.5091445446014404,0.5187563896179199,0.531116783618927
shapenet418,bench,0.2802434265613556,0.2837584912776947,0.2915832996368408,0.30206093192100525
shapenet420,bench,0.8732020854949951,0.8948495984077454,0.916066586971283,0.9333786368370056
shapenet422,bench,0.19748719036579132,0.20171938836574554,0.21011771261692047,0.22348111867904663
shapenet423,bench,0.31323495507240295,0.39594390988349915,0.6031359434127808,0.8383349776268005
shapenet424,bench,0.36248818039894104,0.42919084429740906,0.5685339570045471,0.7237643599510193
shapenet429,bench,0.2763131558895111,0.28007709980010986,0.28820499777793884,0.30040040612220764
shapenet431,bench,0.703585147857666,0.7590969204902649,0.8506608605384827,0.9412627220153809
shapenet432,bench,0.7478778958320618,0.8183584213256836,0.8815509676933289,0.9085690379142761
shapenet439,bench,0.5958854556083679,0.6283324360847473,0.677378237247467,0.7184402346611023
shapenet440,bench,0.3061048984527588,0.4850021302700043,0.6732759475708008,0.8281893730163574
shapenet443,bench,0.17157594859600067,0.4156557023525238,0.552548885345459,0.6222450137138367
shapenet444,bench,0.8356172442436218,0.8722904324531555,0.8849690556526184,0.8974021077156067
shapenet447,bench,0.7934187054634094,0.8041896820068359,0.8256116509437561,0.8510257601737976
shapenet449,bench,0.18514390289783478,0.18947799503803253,0.19844429194927216,0.21239691972732544
shapenet450,bench,0.7558284401893616,0.8429579734802246,0.9087581038475037,0.9353492259979248
shapenet453,bench,0.34301796555519104,0.34706583619117737,0.3562992811203003,0.3660776913166046
shapenet455,bench,0.24613089859485626,0.24968695640563965,0.25724464654922485,0.26936808228492737
shapenet458,bench,0.7698398232460022,0.8398423790931702,0.886723518371582,0.9140551686286926
shapenet459,bench,0.23610736429691315,0.24222584068775177,0.2519611716270447,0.26506495475769043
shapenet461,bench,0.7276929020881653,0.7759504318237305,0.8078919053077698,0.8278825879096985
shapenet462,bench,0.14341570436954498,0.24167020618915558,0.4110145568847656,0.6751968860626221
shapenet464,bench,0.37651512026786804,0.5185274481773376,0.6570780277252197,0.8509971499443054
shapenet469,bench,0.5421857833862305,0.6920763850212097,0.8245978355407715,1.0254672765731812
shapenet471,bench,0.21572501957416534,0.22714288532733917,0.23740649223327637,0.25115811824798584
shapenet473,bench,0.22121082246303558,0.2307867407798767,0.23970866203308105,0.2531793415546417
shapenet474,bench,0.5031569600105286,0.5797547698020935,0.6673212647438049,0.7457490563392639
shapenet476,bench,0.1897897869348526,0.19639115035533905,0.20575787127017975,0.2193506509065628
shapenet477,bench,0.7227579951286316,0.8224260807037354,0.9021563529968262,0.9449319839477539
shapenet478,bench,0.5047904849052429,0.5805765390396118,0.6211591362953186,0.6366525292396545
shapenet480,bench,0.18323534727096558,0.19311662018299103,0.20204931497573853,0.2147999405860901
shapenet482,bench,0.6671201586723328,0.7773628234863281,0.8423822522163391,0.8902433514595032
shapenet484,bench,0.1863463670015335,0.19941669702529907,0.2093948870897293,0.22287245094776154
shapenet486,bench,0.8465109467506409,0.8815765976905823,0.9079784750938416,0.941321074962616
shapenet488,bench,0.7520074248313904,0.8513681292533875,0.9240388870239258,0.9511685967445374
shapenet490,bench,0.7555308938026428,0.8803548216819763,0.9680284857749939,1.09660005569458
shapenet496,bench,0.6018686294555664,0.6228023171424866,0.6351814270019531,0.6458203196525574
shapenet497,bench,0.7529938817024231,0.807238757610321,0.885646402835846,0.9799609184265137
shapenet498,bench,0.4080987870693207,0.4962101876735687,0.5466446280479431,0.6113748550415039
shapenet501,bench,0.2160334587097168,0.2207842469215393,0.23003898561000824,0.24312324821949005
shapenet504,bench,0.21882076561450958,0.2286401242017746,0.23784279823303223,0.251097172498703
shapenet505,bench,0.6883010864257812,0.7115837931632996,0.7508552074432373,0.8023276925086975
shapenet506,bench,0.11938133090734482,0.29434701800346375,0.4825940430164337,0.7491889595985413
shapenet507,bench,0.25307661294937134,0.2666821777820587,0.2763645648956299,0.2897440195083618
shapenet509,bench,0.14683248102664948,0.2813456356525421,0.4096658527851105,0.6137936115264893
shapenet510,bench,0.39522719383239746,0.4002285897731781,0.40576601028442383,0.4143620431423187
shapenet513,bench,0.42464959621429443,0.42723873257637024,0.43473613262176514,0.443737268447876
shapenet514,bench,0.3220352828502655,0.46206772327423096,0.5872032642364502,0.7196190357208252
shapenet515,bench,0.2001618593931198,0.29553723335266113,0.4310508668422699,0.5185242295265198
shapenet516,bench,0.7193760871887207,0.7862510681152344,0.872032642364502,0.968447208404541
shapenet518,bench,0.7127399444580078,0.7273312211036682,0.7795280814170837,0.8323267102241516
shapenet520,bench,0.2685565650463104,0.2899811863899231,0.2989603877067566,0.3105013370513916
shapenet521,bench,0.48997363448143005,0.5712068676948547,0.6211124062538147,0.6575820446014404
shapenet523,bench,0.22855432331562042,0.23810307681560516,0.24692855775356293,0.2604995667934418
shapenet526,bench,0.7128834128379822,0.7868954539299011,0.8539016842842102,0.9087408185005188
shapenet527,bench,0.3264802396297455,0.6283911466598511,0.8040040135383606,0.9440763592720032
shapenet529,bench,0.4591984748840332,0.48910948634147644,0.5074382424354553,0.5184556245803833
shapenet534,bench,0.014838258735835552,0.024195067584514618,0.033210400491952896,0.04820089042186737
shapenet535,bench,0.490854412317276,0.6069422364234924,0.6765520572662354,0.7291622161865234
shapenet537,bench,0.6203007102012634,0.6376921534538269,0.6485230326652527,0.6596092581748962
shapenet541,bench,0.6626002788543701,0.7287004590034485,0.7768852710723877,0.8222793936729431
shapenet544,bench,0.21880929172039032,0.30964386463165283,0.46090587973594666,0.648106575012207
shapenet546,bench,0.12769049406051636,0.13167759776115417,0.14050187170505524,0.15407444536685944
shapenet547,bench,0.2704003155231476,0.361330509185791,0.538730800151825,0.782682478427887
shapenet548,bench,0.7428910732269287,0.8521999716758728,0.9355790615081787,0.9772451519966125
shapenet550,bench,0.820976734161377,0.8309094905853271,0.8429705500602722,0.8552691340446472
shapenet554,bench,0.2345360964536667,0.2394614815711975,0.24854622781276703,0.26191428303718567
shapenet555,bench,0.20256759226322174,0.20572973787784576,0.21367625892162323,0.22612732648849487
shapenet567,bench,0.19003190100193024,0.2740759551525116,0.45700621604919434,0.7339341044425964
shapenet569,bench,0.6982825398445129,0.7656353116035461,0.8684177398681641,1.0001567602157593
shapenet572,bench,0.584489107131958,0.5945627093315125,0.6014437079429626,0.6099018454551697
shapenet574,bench,0.19950634241104126,0.20985716581344604,0.2194582223892212,0.23269839584827423
shapenet577,bench,0.6142292618751526,0.6652304530143738,0.6993722915649414,0.721135139465332
shapenet580,bench,0.6451122760772705,0.7094928622245789,0.7726375460624695,0.8295392394065857
shapenet584,bench,0.0040315985679626465,0.010741449892520905,0.024350911378860474,0.0525435209274292
shapenet586,bench,0.0038077235221862793,0.011801675893366337,0.02666344679892063,0.05379745736718178
shapenet590,bench,0.20721030235290527,0.21108441054821014,0.22015275061130524,0.23317532241344452
shapenet591,bench,0.04310782626271248,0.1379498988389969,0.17667610943317413,0.20550872385501862
shapenet592,bench,0.6067992448806763,0.67795330286026,0.7161264419555664,0.7388532757759094
shapenet593,bench,0.6259312033653259,0.7325634360313416,0.8031020164489746,0.8509318828582764
shapenet597,bench,0.23457038402557373,0.24127943813800812,0.24983900785446167,0.2629787027835846
shapenet598,bench,0.2111765295267105,0.22058534622192383,0.22989314794540405,0.24344705045223236
shapenet599,bench,0.6704287528991699,0.764048159122467,0.8649211525917053,1.007128357887268
shapenet600,bench,0.28760820627212524,0.3027363121509552,0.31233593821525574,0.3251861035823822
shapenet604,bench,0.699110746383667,0.7750239968299866,0.8584807515144348,0.953488290309906
shapenet605,bench,0.18981270492076874,0.19316130876541138,0.19917933642864227,0.21201355755329132
shapenet608,bench,0.6219138503074646,0.6636613607406616,0.7129297256469727,0.7590761780738831
shapenet609,bench,0.23900936543941498,0.24482692778110504,0.25437578558921814,0.26763400435447693
shapenet612,bench,0.23792363703250885,0.24266000092029572,0.25106433033943176,0.2639291286468506
shapenet616,bench,0.6253225803375244,0.7207373976707458,0.8522178530693054,0.942291259765625
shapenet617,bench,0.7455081939697266,0.8106963634490967,0.8649840354919434,0.890230655670166
shapenet619,bench,0.28237032890319824,0.4219634532928467,0.596944272518158,0.8364548087120056
shapenet620,bench,0.39707228541374207,0.5033564567565918,0.6378574967384338,0.8430116176605225
shapenet622,bench,0.054904740303754807,0.05885998532176018,0.06793230772018433,0.08190130442380905
shapenet623,bench,0.7459043860435486,0.8479564785957336,0.9205052256584167,0.9568681716918945
shapenet628,bench,0.14233656227588654,0.2698453366756439,0.4205406904220581,0.6765520572662354
shapenet629,bench,0.3634498119354248,0.3718123435974121,0.3800313472747803,0.39248690009117126
shapenet633,bench,4.9809616029961035e-05,0.041665032505989075,0.07631879299879074,0.10883267968893051
shapenet635,bench,0.006320476531982422,0.013159370981156826,0.037912655621767044,0.07027480006217957
shapenet636,bench,0.736833393573761,0.7409022450447083,0.7458197474479675,0.7544283270835876
shapenet638,bench,0.6037857532501221,0.6953780055046082,0.7968473434448242,0.9141227602958679
shapenet639,bench,0.2344905138015747,0.23731456696987152,0.24337179958820343,0.2541530430316925
shapenet640,bench,0.0005247394437901676,0.03817468509078026,0.06114741042256355,0.08558034896850586
shapenet644,bench,0.829977810382843,0.8448489308357239,0.8816158175468445,0.9262364506721497
shapenet646,bench,0.733159065246582,0.8188555240631104,0.9561005234718323,1.0933767557144165
shapenet652,bench,0.21745829284191132,0.23236389458179474,0.24225132167339325,0.25566157698631287
shapenet653,bench,0.5271146893501282,0.6272618174552917,0.8139514923095703,0.9820621013641357
shapenet656,bench,0.36444196105003357,0.6162853240966797,0.8085083365440369,1.0192474126815796
shapenet658,bench,0.24855053424835205,0.2586826980113983,0.2665179669857025,0.27958670258522034
shapenet662,bench,0.43250179290771484,0.43491461873054504,0.44196054339408875,0.45042189955711365
shapenet664,bench,0.6595115661621094,0.8094244003295898,0.9300703406333923,1.0602449178695679
shapenet665,bench,0.1763024926185608,0.18998868763446808,0.199151411652565,0.21231217682361603
shapenet666,bench,0.47550106048583984,0.4897041618824005,0.5123575329780579,0.5378617644309998
shapenet667,bench,0.005320271011441946,0.012361623346805573,0.032553818076848984,0.07636662572622299
shapenet677,bench,0.618241012096405,0.7978871464729309,0.8875411152839661,0.9296198487281799
shapenet678,bench,0.2551681101322174,0.27312812209129333,0.2830544412136078,0.2960764169692993
shapenet679,bench,0.5396348834037781,0.7769486308097839,0.9374616146087646,1.1057981252670288
shapenet682,bench,0.22914113104343414,0.2588261067867279,0.26771870255470276,0.2812322676181793
shapenet683,bench,0.5051433444023132,0.5103794932365417,0.5186182856559753,0.5279492735862732
shapenet686,bench,0.230085089802742,0.3344779908657074,0.4011252820491791,0.4472789466381073
shapenet687,bench,0.22634202241897583,0.375543475151062,0.5404996275901794,0.7481363415718079
shapenet690,bench,0.7460507750511169,0.7645697593688965,0.7785007357597351,0.7919161319732666
shapenet691,bench,0.015866657719016075,0.02218720316886902,0.03176450356841087,0.045650333166122437
shapenet692,bench,0.7107149958610535,0.7545747756958008,0.7905645966529846,0.8262967467308044
shapenet693,bench,0.6037471890449524,0.7585573196411133,0.888995349407196,0.9942010045051575
shapenet697,bench,0.6016426682472229,0.650041401386261,0.6942132115364075,0.729288637638092
shapenet699,bench,0.7396407127380371,0.8680211901664734,0.9530916810035706,0.9893940091133118
shapenet702,bench,0.022623440250754356,0.04076896980404854,0.068913035094738,0.09773271530866623
shapenet703,bench,0.7601253390312195,0.8773913383483887,0.9813714623451233,1.1005443334579468
shapenet708,bench,0.009084184654057026,0.014798966236412525,0.0202616136521101,0.034216899424791336
shapenet711,bench,0.4295593202114105,0.44209161400794983,0.4511460065841675,0.4635787904262543
shapenet714,bench,0.051444847136735916,0.11370445042848587,0.1443684995174408,0.1784951239824295
shapenet715,bench,0.2458246350288391,0.24955926835536957,0.26032525300979614,0.27354028820991516
shapenet718,bench,0.18053068220615387,0.42281150817871094,0.5246075987815857,0.5655620694160461
shapenet719,bench,0.6703625321388245,0.7323164939880371,0.8080358505249023,0.8911823630332947
shapenet722,bench,0.2609069049358368,0.38724756240844727,0.5570825934410095,0.7869465351104736
shapenet724,bench,0.6243646740913391,0.6616424918174744,0.6813650727272034,0.693046510219574
shapenet725,bench,0.3859773576259613,0.46602559089660645,0.5541515350341797,0.6655628085136414
shapenet732,bench,0.08758000284433365,0.09166262298822403,0.10107281804084778,0.11453395336866379
shapenet734,bench,0.727454423904419,0.7309582829475403,0.737372100353241,0.7456962466239929
shapenet736,bench,0.21957850456237793,0.2246488481760025,0.23430348932743073,0.24785971641540527
shapenet739,bench,0.22382622957229614,0.23025332391262054,0.2390710562467575,0.25195732712745667
shapenet740,bench,0.5630040764808655,0.6094105243682861,0.6459745168685913,0.69207364320755
shapenet743,bench,0.4086352288722992,0.4739779233932495,0.592667281627655,0.6778386235237122
shapenet744,bench,0.6612268686294556,0.7923972010612488,0.883053719997406,0.9743897318840027
shapenet749,bench,0.6241818070411682,0.723957359790802,0.8569095134735107,0.9403977394104004
shapenet751,bench,0.5383192300796509,0.554880678653717,0.5910281538963318,0.627292811870575
shapenet757,bench,0.8086800575256348,0.8291099667549133,0.8380095958709717,0.848492443561554
shapenet759,bench,0.6993561387062073,0.7445812225341797,0.7918022274971008,0.8362765312194824
shapenet760,bench,0.7018604278564453,0.7127344012260437,0.7195122838020325,0.7284180521965027
shapenet761,bench,0.36219391226768494,0.4684998095035553,0.5503430366516113,0.6601919531822205
shapenet762,bench,0.006354948040097952,0.06667429208755493,0.09204414486885071,0.1137687936425209
shapenet766,bench,0.3618364632129669,0.38841426372528076,0.41245749592781067,0.4363487958908081
shapenet770,bench,0.13548336923122406,0.14258058369159698,0.15272295475006104,0.16687463223934174
shapenet771,bench,0.19203774631023407,0.20743636786937714,0.21677689254283905,0.23008906841278076
shapenet772,bench,0.015769580379128456,0.044444818049669266,0.07567812502384186,0.11310049891471863
shapenet773,bench,0.286065012216568,0.3484549820423126,0.49459728598594666,0.5887355208396912
shapenet774,bench,0.6197991967201233,0.775370180606842,0.9239328503608704,1.1046838760375977
shapenet775,bench,0.7524537444114685,0.8131377100944519,0.8905146718025208,0.9811568260192871
shapenet782,bench,0.4066442549228668,0.4426099359989166,0.4553154408931732,0.46647918224334717
shapenet790,bench,0.4036724865436554,0.6020709872245789,0.7733054161071777,0.9758759140968323
shapenet791,bench,0.19858424365520477,0.20732790231704712,0.21695244312286377,0.230192169547081
shapenet796,bench,0.5397427678108215,0.6227203011512756,0.7474612593650818,0.9077388644218445
shapenet797,bench,0.17058074474334717,0.3516812324523926,0.5090758204460144,0.721946656703949
shapenet798,bench,0.3562929630279541,0.5275959968566895,0.6322864890098572,0.6919023394584656
shapenet799,bench,0.7196841239929199,0.8526213765144348,0.9491562247276306,1.002003788948059
shapenet800,bench,0.1450178027153015,0.1521487981081009,0.16172878444194794,0.17589157819747925
shapenet801,bench,0.36415791511535645,0.6240658164024353,0.8108282089233398,1.0135353803634644
shapenet804,bench,0.3535095155239105,0.3732416331768036,0.3819962739944458,0.39311137795448303
shapenet805,bench,0.6470904350280762,0.7400985360145569,0.8341426849365234,0.9697925448417664
shapenet808,bench,0.17830480635166168,0.18216371536254883,0.1912071257829666,0.2042958289384842
shapenet811,bench,0.1802832931280136,0.28638309240341187,0.38533592224121094,0.45539212226867676
shapenet812,bench,0.7355433106422424,0.8185431361198425,0.8968465924263,0.9821761250495911
shapenet813,bench,0.7302935123443604,0.854864776134491,0.948581874370575,0.9854251742362976
shapenet814,bench,0.7349991798400879,0.8234050869941711,0.8867864608764648,0.9317203164100647
shapenet816,bench,0.18718038499355316,0.34113994240760803,0.4812566339969635,0.6366007924079895
shapenet817,bench,0.374727338552475,0.44362953305244446,0.5380644202232361,0.6462737321853638
shapenet818,bench,0.7738725543022156,0.856113612651825,0.9287731051445007,0.9635177254676819
shapenet820,bench,0.6275019645690918,0.8006465435028076,0.9131729006767273,1.0162395238876343
shapenet825,bench,0.5106818079948425,0.727898120880127,0.9009745121002197,1.019107460975647
shapenet826,bench,0.5448296070098877,0.7421305775642395,0.8803281784057617,0.9495420455932617
shapenet827,bench,0.13480842113494873,0.1399439126253128,0.14863623678684235,0.16219116747379303
shapenet831,bench,0.2734587490558624,0.28021952509880066,0.28788694739341736,0.30033794045448303
shapenet832,bench,0.00791118573397398,0.01521310955286026,0.03440670296549797,0.060816291719675064
shapenet833,bench,0.3527670204639435,0.3664754331111908,0.3741537034511566,0.386908620595932
shapenet835,bench,0.2755051553249359,0.3024064302444458,0.3126615583896637,0.3256724774837494
shapenet837,bench,0.5846225619316101,0.6287291049957275,0.7108189463615417,0.7879655957221985
shapenet840,bench,0.5092609524726868,0.7307623028755188,0.8679735660552979,1.0160330533981323
shapenet845,bench,0.2757512032985687,0.3539627492427826,0.43404480814933777,0.5436736941337585
shapenet846,bench,0.4892992675304413,0.503631591796875,0.5133606791496277,0.5240510106086731
shapenet848,bench,0.7441074252128601,0.7931168079376221,0.8143429756164551,0.8264486193656921
shapenet851,bench,0.24803173542022705,0.26181989908218384,0.27107539772987366,0.28423893451690674
shapenet852,bench,0.7358147501945496,0.8082945346832275,0.8706120848655701,0.8981119990348816
shapenet854,bench,0.7763140201568604,0.787421703338623,0.7945812344551086,0.8033885955810547
shapenet856,bench,0.0036547582130879164,0.020509960129857063,0.04681318625807762,0.06969425082206726
shapenet859,bench,0.27035588026046753,0.3717149794101715,0.5144694447517395,0.6451231837272644
shapenet860,bench,0.19159482419490814,0.19924037158489227,0.20820480585098267,0.22121001780033112
shapenet861,bench,0.1623045802116394,0.25337329506874084,0.4502042531967163,0.7117347717285156
shapenet863,bench,0.2003377079963684,0.2794158458709717,0.4300325810909271,0.6961981654167175
shapenet867,bench,0.6535438895225525,0.7099574208259583,0.7654392123222351,0.7984719276428223
shapenet869,bench,0.31176069378852844,0.43753159046173096,0.5642415881156921,0.6780726909637451
shapenet871,bench,0.7099620699882507,0.7263903021812439,0.7380170226097107,0.7482178211212158
shapenet873,bench,0.7826082706451416,0.8538941740989685,0.9362941384315491,1.0578627586364746
shapenet877,bench,0.2889033854007721,0.29337623715400696,0.30233725905418396,0.3127923309803009
shapenet878,bench,0.5423214435577393,0.5893169641494751,0.6453143954277039,0.6928637623786926
shapenet879,bench,0.12355967611074448,0.24616454541683197,0.41254544258117676,0.6837754249572754
shapenet884,bench,0.21799622476100922,0.3381170332431793,0.4922780692577362,0.6899746060371399
shapenet886,bench,0.01098505686968565,0.04638121649622917,0.06297966092824936,0.08108406513929367
shapenet888,bench,0.39176857471466064,0.4929005205631256,0.5561873316764832,0.5789633393287659
shapenet891,bench,0.25057730078697205,0.26253125071525574,0.27164700627326965,0.2847265601158142
shapenet893,bench,0.7996614575386047,0.8150567412376404,0.8238911628723145,0.8339079022407532
shapenet898,bench,0.1759750247001648,0.18237148225307465,0.19241221249103546,0.20619572699069977
shapenet899,bench,0.33034247159957886,0.3410695791244507,0.36225855350494385,0.385014146566391
shapenet901,bench,0.30742183327674866,0.3189825713634491,0.3274804353713989,0.33894082903862
shapenet902,bench,0.6063724756240845,0.6749646067619324,0.7973930239677429,0.9417176246643066
shapenet903,bench,0.7439625859260559,0.8056133389472961,0.8542201519012451,0.8901373744010925
shapenet904,bench,0.36100292205810547,0.6582966446876526,0.8496386408805847,1.0537811517715454
shapenet906,bench,0.6782600283622742,0.7221902012825012,0.7666561007499695,0.8030480742454529
shapenet913,bench,0.24552468955516815,0.32695379853248596,0.4575558602809906,0.5496851205825806
shapenet914,bench,0.11844313144683838,0.16567935049533844,0.2207002192735672,0.28455618023872375
shapenet915,bench,0.5549080967903137,0.7365851402282715,0.9001026153564453,1.0231198072433472
shapenet916,bench,0.2676309645175934,0.27627018094062805,0.2843134105205536,0.29721924662590027
shapenet918,bench,0.6025187373161316,0.8025763034820557,0.9049611687660217,1.0102907419204712
shapenet919,bench,0.27060067653656006,0.2933201193809509,0.3024023473262787,0.3153691589832306
shapenet923,bench,0.3042698800563812,0.40397393703460693,0.5239966511726379,0.7046384811401367
shapenet924,bench,0.4649324417114258,0.5827644467353821,0.7012221217155457,0.8786265254020691
shapenet925,bench,0.6174721717834473,0.7783079743385315,0.8942564129829407,1.0143998861312866
shapenet927,bench,0.19868600368499756,0.2903442680835724,0.42987892031669617,0.6360060572624207
shapenet930,bench,0.3845566213130951,0.3941524028778076,0.4014465808868408,0.41281917691230774
shapenet938,bench,0.1434756964445114,0.14964504539966583,0.15745335817337036,0.17131800949573517
shapenet939,bench,0.005092581268399954,0.015235464088618755,0.03519459813833237,0.05830946937203407
shapenet941,bench,0.5789253115653992,0.6418641209602356,0.7028712630271912,0.7478930354118347
shapenet942,bench,0.6062055230140686,0.6880903244018555,0.7448208332061768,0.8247727751731873
shapenet943,bench,0.25158414244651794,0.25613924860954285,0.2653953731060028,0.2761564552783966
shapenet946,bench,0.21339653432369232,0.27794307470321655,0.3457043468952179,0.40796446800231934
shapenet949,bench,0.24291330575942993,0.3426502048969269,0.48984840512275696,0.7172389030456543
shapenet950,bench,0.33577409386634827,0.43082356452941895,0.5433738827705383,0.6936004757881165
shapenet952,bench,0.7686793804168701,0.8390953540802002,0.9051936268806458,0.9371808171272278
shapenet953,bench,0.040621597319841385,0.0571623258292675,0.08025466650724411,0.09718149900436401
shapenet954,bench,0.10434943437576294,0.11180476099252701,0.12161487340927124,0.13592348992824554
shapenet955,bench,0.2173028141260147,0.24172496795654297,0.2504340708255768,0.26343902945518494
shapenet956,bench,0.1483445167541504,0.22857315838336945,0.42416688799858093,0.6610484719276428
shapenet957,bench,0.4121796190738678,0.4607798755168915,0.49689558148384094,0.5404725074768066
shapenet958,bench,0.3143305778503418,0.4878372848033905,0.7125320434570312,0.8505989909172058
shapenet959,bench,0.29072505235671997,0.3837893307209015,0.5531795024871826,0.7571444511413574
shapenet960,bench,0.6711826920509338,0.7238454818725586,0.7914479374885559,0.8441833853721619
shapenet966,bench,0.6511388421058655,0.7525070309638977,0.8549418449401855,0.9113397598266602
shapenet967,bench,0.1619623899459839,0.30084675550460815,0.4486614167690277,0.6581905484199524
shapenet974,bench,0.8142741322517395,0.8370933532714844,0.8469645977020264,0.8579814434051514
shapenet977,bench,0.2031266838312149,0.32882314920425415,0.5015272498130798,0.7309288382530212
shapenet978,bench,0.27092644572257996,0.2902342677116394,0.300218790769577,0.31322816014289856
shapenet979,bench,0.37750622630119324,0.4998527765274048,0.6660342216491699,0.8407681584358215
shapenet983,bench,0.19989001750946045,0.20683635771274567,0.2159508317708969,0.2291819304227829
shapenet984,bench,0.7682733535766602,0.7851505279541016,0.793660581111908,0.8040575385093689
shapenet989,bench,0.34189653396606445,0.36187052726745605,0.37264975905418396,0.38395607471466064
shapenet990,bench,0.6134087443351746,0.622951090335846,0.6322103142738342,0.6411879062652588
shapenet991,bench,0.7066161036491394,0.7662296295166016,0.8417436480522156,0.9170836806297302
shapenet994,bench,0.7549223899841309,0.8264386057853699,0.8910276293754578,0.9189586043357849
shapenet1000,bench,0.48502370715141296,0.6767624020576477,0.8564510345458984,1.042810320854187
shapenet1003,bench,0.03054644726216793,0.07537072896957397,0.13062012195587158,0.19410836696624756
shapenet1005,bench,0.5400423407554626,0.5653088092803955,0.5776426792144775,0.5895176529884338
shapenet1008,bench,0.7212303280830383,0.7542851567268372,0.7710779309272766,0.781608521938324
shapenet1009,bench,0.15921373665332794,0.1626773476600647,0.1719600409269333,0.18523497879505157
shapenet1010,bench,0.8233359456062317,0.8854861855506897,0.9552996754646301,1.061915397644043
shapenet1016,bench,0.13680505752563477,0.3235982656478882,0.3867388069629669,0.42450857162475586
shapenet1019,bench,0.6902320384979248,0.8111710548400879,0.9079111218452454,1.0006414651870728
shapenet1020,bench,0.2894863784313202,0.30131635069847107,0.3103438913822174,0.32231083512306213
shapenet1023,bench,0.21074269711971283,0.21451754868030548,0.22343413531780243,0.23622989654541016
shapenet1024,bench,0.11496195942163467,0.24985195696353912,0.4275089502334595,0.7107729315757751
shapenet1025,bench,0.6168672442436218,0.7830581068992615,0.9406926035881042,1.1106884479522705
shapenet1026,bench,0.26994600892066956,0.27280887961387634,0.28221800923347473,0.2947838604450226
shapenet1028,bench,0.7465875744819641,0.8748483657836914,0.9674884676933289,1.0115457773208618
shapenet1030,bench,0.6889615058898926,0.7722587585449219,0.8804680705070496,0.9508891105651855
shapenet1033,bench,0.004017075058072805,0.009075406938791275,0.031550634652376175,0.0627635046839714
shapenet1034,bench,0.3928520679473877,0.6905736327171326,0.8463918566703796,0.9267562031745911
shapenet1035,bench,0.6662686467170715,0.859872043132782,0.921168863773346,0.9416592717170715
shapenet1036,bench,0.6722784638404846,0.6998996734619141,0.7478674054145813,0.7952607274055481
shapenet1037,bench,0.7801945209503174,0.8844566941261292,0.9682846069335938,1.073962688446045
shapenet1041,bench,0.28519555926322937,0.29100945591926575,0.2991117238998413,0.312261164188385
shapenet1042,bench,0.7920727133750916,0.8310845494270325,0.8902103304862976,0.9593953490257263
shapenet1043,bench,0.43061527609825134,0.517736554145813,0.6442162394523621,0.835253894329071
shapenet1047,bench,0.46520233154296875,0.5787007808685303,0.6166088581085205,0.6301190257072449
shapenet1048,bench,0.2089707851409912,0.2891077995300293,0.35543766617774963,0.4441695213317871
shapenet1049,bench,0.25533953309059143,0.2761536240577698,0.2865283489227295,0.2992594242095947
shapenet1050,bench,0.6281711459159851,0.637793779373169,0.6458796858787537,0.6546689867973328
shapenet1053,bench,0.47645673155784607,0.4875263273715973,0.4957716763019562,0.5064294338226318
shapenet1055,bench,0.20813976228237152,0.21179652214050293,0.21975667774677277,0.23232215642929077
shapenet1056,bench,0.2732987105846405,0.3777039051055908,0.5684682130813599,0.8215977549552917
shapenet1057,bench,0.21487931907176971,0.2190546989440918,0.22788019478321075,0.2411516159772873
shapenet1061,bench,0.2819649279117584,0.2983580231666565,0.3207552134990692,0.3405771255493164
shapenet1062,bench,0.022638777270913124,0.0275369081646204,0.036485299468040466,0.05546282231807709
shapenet1066,bench,0.31257835030555725,0.31715086102485657,0.32540538907051086,0.33764246106147766
shapenet1067,bench,0.8409326076507568,0.8951866030693054,0.9643583297729492,1.0604273080825806
shapenet1070,bench,0.4287644922733307,0.44818854331970215,0.4671977460384369,0.4809286892414093
shapenet1074,bench,0.1573754996061325,0.1615210920572281,0.17091791331768036,0.1836216300725937
shapenet1078,bench,0.338191419839859,0.35738566517829895,0.40184715390205383,0.4306981861591339
shapenet1079,bench,0.6486799120903015,0.6962296366691589,0.7432754039764404,0.780068576335907
shapenet1081,bench,0.8908444046974182,0.9263286590576172,0.9808173775672913,1.039880394935608
shapenet1082,bench,0.09779831022024155,0.10146260261535645,0.1099548265337944,0.12309017777442932
shapenet1084,bench,0.3551846444606781,0.3615347146987915,0.36914053559303284,0.38131800293922424
shapenet1085,bench,0.13413608074188232,0.18478232622146606,0.21989651024341583,0.24835975468158722
shapenet1086,bench,0.5746721625328064,0.6599937677383423,0.7957523465156555,0.957693874835968
shapenet1088,bench,0.4201836585998535,0.43247100710868835,0.43992528319358826,0.45240893959999084
shapenet1091,bench,0.7882803082466125,0.8802962303161621,0.9567554593086243,1.0136135816574097
shapenet1092,bench,0.23582468926906586,0.2435343861579895,0.25330105423927307,0.26663443446159363
shapenet1093,bench,0.41188010573387146,0.6120818257331848,0.7744207382202148,0.9456095695495605
shapenet1096,bench,0.0014313062420114875,0.009623545221984386,0.021020695567131042,0.039341192692518234
shapenet1097,bench,0.16713929176330566,0.27877870202064514,0.4166121482849121,0.577782154083252
shapenet1099,bench,0.5099579691886902,0.5129875540733337,0.5196152329444885,0.5279586911201477
shapenet1100,bench,0.2077663391828537,0.21079690754413605,0.21906907856464386,0.23176486790180206
shapenet1103,bench,0.6603507995605469,0.6649563908576965,0.6700993180274963,0.677825927734375
shapenet1111,bench,0.739044189453125,0.7440094947814941,0.7516756057739258,0.7600199580192566
shapenet1113,bench,0.30062174797058105,0.30591556429862976,0.31563833355903625,0.32654523849487305
shapenet1117,bench,0.20241834223270416,0.20812062919139862,0.21741855144500732,0.2309296876192093
shapenet1119,bench,0.25215956568717957,0.25853660702705383,0.2682133615016937,0.28119930624961853
shapenet1120,bench,0.20715753734111786,0.2114061862230301,0.21982364356517792,0.23344336450099945
shapenet1121,bench,0.7400930523872375,0.8140847682952881,0.8936643600463867,0.9999111294746399
shapenet1123,bench,0.49680599570274353,0.5148301720619202,0.5248636603355408,0.5378090739250183
shapenet1125,bench,0.8203594088554382,0.8354878425598145,0.8477687239646912,0.8598539233207703
shapenet1127,bench,0.48239371180534363,0.5126173496246338,0.5233023166656494,0.5361766219139099
shapenet1129,bench,0.6891834735870361,0.7655176520347595,0.8164270520210266,0.8488693237304688
shapenet1131,bench,0.8541914820671082,0.8807801604270935,0.9013128876686096,0.9174792170524597
shapenet1137,bench,0.2009693831205368,0.21033108234405518,0.2197670340538025,0.23324273526668549
shapenet1141,bench,0.6364566683769226,0.7630661129951477,0.8537895083427429,0.9321020245552063
shapenet1142,bench,0.5278633236885071,0.5840163826942444,0.6306013464927673,0.6492149829864502
shapenet1143,bench,0.7518245577812195,0.8226876258850098,0.8852236270904541,0.9119105339050293
shapenet1144,bench,0.7641876339912415,0.8441262245178223,0.8994724750518799,0.9332723021507263
shapenet1145,bench,0.3163992464542389,0.41224876046180725,0.560790479183197,0.7346073985099792
shapenet1146,bench,0.5938568711280823,0.6094740033149719,0.617344856262207,0.6280067563056946
shapenet1147,bench,0.06963906437158585,0.10183998942375183,0.14119930565357208,0.20305614173412323
shapenet1149,bench,0.3055173456668854,0.31152185797691345,0.31937405467033386,0.33041006326675415
shapenet1155,bench,0.5542834401130676,0.578170120716095,0.6188223361968994,0.6562904119491577
shapenet1157,bench,0.6826149821281433,0.6875666975975037,0.6929183006286621,0.7007832527160645
shapenet1159,bench,0.2007213979959488,0.20571200549602509,0.21492576599121094,0.22829850018024445
shapenet1160,bench,0.7571911811828613,0.8662250638008118,0.949782133102417,0.9885523915290833
shapenet1161,bench,0.6283522248268127,0.670819103717804,0.6854438185691833,0.6985781788825989
shapenet1163,bench,0.0477449893951416,0.07453345507383347,0.10694906860589981,0.14558666944503784
shapenet1168,bench,0.2625937759876251,0.4113197326660156,0.5443903803825378,0.6961541771888733
shapenet1171,bench,0.25091174244880676,0.25834569334983826,0.2664850950241089,0.2796434164047241
shapenet1172,bench,0.4436221122741699,0.6496094465255737,0.8206586241722107,1.0323128700256348
shapenet1174,bench,0.6069703698158264,0.6536315083503723,0.7044379115104675,0.7364299893379211
shapenet1178,bench,0.7870370745658875,0.8623597621917725,0.9224405884742737,0.9519302248954773
shapenet1179,bench,0.3753751218318939,0.40838292241096497,0.493600457906723,0.5779562592506409
shapenet1182,bench,0.7870051860809326,0.788798987865448,0.7946032881736755,0.8034922480583191
shapenet1183,bench,0.4164356291294098,0.41955479979515076,0.4256778955459595,0.43436551094055176
shapenet1184,bench,0.18859632313251495,0.19836480915546417,0.20780152082443237,0.22143198549747467
shapenet1186,bench,0.7021729946136475,0.8084225058555603,0.8684310913085938,0.9260687828063965
shapenet1187,bench,0.4547699987888336,0.4894428253173828,0.627131462097168,0.821880578994751
shapenet1189,bench,0.42804154753685,0.43223628401756287,0.43800339102745056,0.4486618936061859
shapenet1190,bench,0.627391517162323,0.6474335193634033,0.6609631776809692,0.6735650897026062
shapenet1191,bench,0.7233228087425232,0.7849919199943542,0.8928461074829102,1.0325525999069214
shapenet1194,bench,0.7603885531425476,0.8955583572387695,0.9840929508209229,1.0417522192001343
shapenet1196,bench,0.19598478078842163,0.20574893057346344,0.21519285440444946,0.2291547805070877
shapenet1197,bench,0.40949106216430664,0.4124727249145508,0.4197878837585449,0.4305260181427002
shapenet1199,bench,0.39805832505226135,0.4137590229511261,0.42062851786613464,0.43359026312828064
shapenet1200,bench,0.2773688733577728,0.3620973825454712,0.4806034564971924,0.6211763024330139
shapenet1201,bench,0.5145744681358337,0.6876006722450256,0.8000492453575134,0.8980410099029541
shapenet1202,bench,0.1741572767496109,0.18109703063964844,0.19165003299713135,0.20559684932231903
shapenet1208,bench,0.48498812317848206,0.5061694979667664,0.5133644938468933,0.5235583186149597
shapenet1210,bench,0.39991530776023865,0.4910541772842407,0.5839123129844666,0.6586408019065857
shapenet1211,bench,0.10768121480941772,0.11581242084503174,0.12537123262882233,0.1395856738090515
shapenet1212,bench,0.6971775889396667,0.8326329588890076,0.9147294163703918,0.9512946009635925
shapenet1215,bench,0.17738473415374756,0.18804936110973358,0.19847428798675537,0.21163208782672882
shapenet1216,bench,0.43812069296836853,0.4427529573440552,0.4486263692378998,0.45952752232551575
shapenet1218,bench,0.6990572810173035,0.7053278088569641,0.7197268605232239,0.7328743934631348
shapenet1220,bench,0.7108592987060547,0.7733611464500427,0.8198221325874329,0.8415534496307373
shapenet1222,bench,0.45541509985923767,0.5681575536727905,0.632819414138794,0.6760709881782532
shapenet1224,bench,0.22363047301769257,0.2325783371925354,0.24251492321491241,0.2558423578739166
shapenet1226,bench,0.6116171479225159,0.7607600092887878,0.8979228138923645,1.071393370628357
shapenet1227,bench,0.5145438313484192,0.5727066397666931,0.6669495105743408,0.7029247283935547
shapenet1228,bench,0.260496586561203,0.2759837210178375,0.2855752408504486,0.2985086739063263
shapenet1232,bench,0.4898863732814789,0.5083982348442078,0.5185084939002991,0.5301448106765747
shapenet1234,bench,0.5256124138832092,0.7650757431983948,0.8790480494499207,0.9519314169883728
shapenet1241,bench,0.015717387199401855,0.018992600962519646,0.028189286589622498,0.04183383285999298
shapenet1242,bench,0.5646060109138489,0.7198842167854309,0.8231191039085388,0.9251318573951721
shapenet1245,bench,0.2389197200536728,0.24932217597961426,0.25845879316329956,0.27178576588630676
shapenet1250,bench,0.4966111481189728,0.7157233357429504,0.8677225112915039,0.9951446652412415
shapenet1252,bench,0.5795431733131409,0.5904602408409119,0.5997970700263977,0.6101186275482178
shapenet1253,bench,0.5357003808021545,0.5461039543151855,0.5546346306800842,0.565945565700531
shapenet1255,bench,0.4800417423248291,0.5150498747825623,0.5395858287811279,0.5518208146095276
shapenet1256,bench,0.30738887190818787,0.32155683636665344,0.32879605889320374,0.34065067768096924
shapenet1258,bench,0.7685235142707825,0.8526881337165833,0.9214341640472412,0.9538548588752747
shapenet1259,bench,0.68252032995224,0.7478930950164795,0.8634952902793884,1.013189435005188
shapenet1260,bench,0.7170084118843079,0.7661567330360413,0.799116313457489,0.8173086047172546
shapenet1262,bench,0.5199339389801025,0.6541325449943542,0.7746655344963074,0.987282931804657
shapenet1263,bench,0.4363738000392914,0.467053085565567,0.4831137955188751,0.49916884303092957
shapenet1264,bench,0.6945731043815613,0.8381075859069824,0.9312460422515869,0.965266227722168
shapenet1267,bench,0.6840941309928894,0.7098619341850281,0.75257807970047,0.7990245819091797
shapenet1269,bench,0.6218321919441223,0.7370803356170654,0.8563864231109619,0.9621843695640564
shapenet1271,bench,0.3696582317352295,0.3729424476623535,0.37996387481689453,0.39130470156669617
shapenet1273,bench,0.8019700050354004,0.8566279411315918,0.9149290919303894,0.9740655422210693
shapenet1274,bench,0.5244515538215637,0.6167965531349182,0.6603233218193054,0.6814091801643372
shapenet1275,bench,0.2455587387084961,0.26455387473106384,0.27396124601364136,0.28691530227661133
shapenet1276,bench,0.5764668583869934,0.6825750470161438,0.7588620185852051,0.8678868412971497
shapenet1278,bench,0.09155289083719254,0.11547986418008804,0.16439442336559296,0.21091045439243317
shapenet1279,bench,0.19381146132946014,0.3442307412624359,0.5118092894554138,0.7332646250724792
shapenet1283,bench,0.7013172507286072,0.7082802653312683,0.7159345746040344,0.7258123755455017
shapenet1285,bench,0.815727710723877,0.8674085140228271,0.937709629535675,1.036630630493164
shapenet1286,bench,0.5230153203010559,0.6222038269042969,0.7018019556999207,0.7531781196594238
shapenet1287,bench,0.4013890027999878,0.4069713056087494,0.4129820764064789,0.421405166387558
shapenet1288,bench,0.754741370677948,0.8404304385185242,0.9071415066719055,0.9479971528053284
shapenet1290,bench,0.700855553150177,0.805607795715332,0.8784376978874207,0.9076055884361267
shapenet1292,bench,0.6927587389945984,0.8288872838020325,0.9397266507148743,1.0711253881454468
shapenet1294,bench,0.7038944363594055,0.7440807223320007,0.7998149991035461,0.8597353100776672
shapenet1295,bench,0.1702481061220169,0.3042822778224945,0.4819507300853729,0.7580676674842834
shapenet1296,bench,0.6694836616516113,0.7169672846794128,0.7449777126312256,0.7724701762199402
shapenet1297,bench,0.4951852560043335,0.5901050567626953,0.6559135913848877,0.731363832950592
shapenet1298,bench,0.2607780992984772,0.31910240650177,0.3821844160556793,0.45680198073387146
shapenet1299,bench,0.6490415334701538,0.652801513671875,0.6585202813148499,0.6662941575050354
shapenet1300,bench,0.4060506820678711,0.42914271354675293,0.43849340081214905,0.45086464285850525
shapenet1303,bench,0.23476479947566986,0.41625165939331055,0.5894356369972229,0.7392589449882507
shapenet1304,bench,0.23152077198028564,0.23849791288375854,0.2473159283399582,0.26045694947242737
shapenet1306,bench,0.13822907209396362,0.2534193694591522,0.4209216833114624,0.6741295456886292
shapenet1308,bench,0.2517615854740143,0.2577780783176422,0.2660171389579773,0.2765214741230011
shapenet1310,bench,0.20995552837848663,0.3447388708591461,0.49632468819618225,0.7310972213745117
shapenet1312,bench,0.5949934124946594,0.7140042185783386,0.7878043055534363,0.8488296866416931
shapenet1314,bench,0.507725179195404,0.5942613482475281,0.7085604667663574,0.8706644177436829
shapenet1315,bench,0.0073873200453817844,0.018103308975696564,0.02795443683862686,0.051372308284044266
shapenet1316,bench,0.4549899101257324,0.49535083770751953,0.5105097889900208,0.5233492851257324
shapenet1317,bench,0.6369819045066833,0.6404255032539368,0.6458244919776917,0.6536915898323059
shapenet1318,bench,0.2730157673358917,0.5232746601104736,0.6861968040466309,0.8442378044128418
shapenet1320,bench,0.5846089720726013,0.675288200378418,0.7381544709205627,0.7840176224708557
shapenet1321,bench,0.47198721766471863,0.48672357201576233,0.4995157718658447,0.5110528469085693
shapenet1322,bench,0.6762533187866211,0.7349146008491516,0.778226912021637,0.8149620890617371
shapenet1324,bench,0.619085431098938,0.7861005663871765,0.9068883061408997,1.0538336038589478
shapenet1325,bench,0.32727453112602234,0.3364957273006439,0.3462529480457306,0.358524888753891
shapenet1328,bench,0.16254250705242157,0.33043840527534485,0.5157546401023865,0.7853395938873291
shapenet1330,bench,0.7080795764923096,0.8489757180213928,0.9424201846122742,0.9808871746063232
shapenet1333,bench,0.11955791711807251,0.2618180811405182,0.4199489653110504,0.6806468963623047
shapenet1337,bench,0.3948366641998291,0.39804697036743164,0.40541958808898926,0.4167913496494293
shapenet1339,bench,0.4259079694747925,0.4383072853088379,0.4460538923740387,0.45701488852500916
shapenet1341,bench,0.7734107971191406,0.8777511119842529,0.9548131823539734,0.9988506436347961
shapenet1347,bench,0.1477176994085312,0.15143245458602905,0.15974664688110352,0.17261679470539093
shapenet1349,bench,0.1289481371641159,0.2789304554462433,0.45422086119651794,0.7232630848884583
shapenet1351,bench,0.17160503566265106,0.18151430785655975,0.1915915459394455,0.20522017776966095
shapenet1353,bench,0.2151922732591629,0.21935896575450897,0.22874319553375244,0.24233734607696533
shapenet1354,bench,0.18829821050167084,0.36281251907348633,0.5524033904075623,0.8127090334892273
shapenet1357,bench,0.48254379630088806,0.6839032173156738,0.7971490025520325,0.8887850642204285
shapenet1358,bench,0.8327853679656982,0.8496981263160706,0.88425612449646,0.9253857731819153
shapenet1359,bench,0.6869882941246033,0.8594240546226501,0.953524649143219,1.0190259218215942
shapenet1360,bench,0.6155326962471008,0.6465279459953308,0.6891305446624756,0.7307837009429932
shapenet1361,bench,0.7502261996269226,0.7671892046928406,0.8132994771003723,0.8519846796989441
shapenet1362,bench,0.1612512320280075,0.16512244939804077,0.17469803988933563,0.1886909008026123
shapenet1364,bench,0.1940978765487671,0.3284280002117157,0.5247259736061096,0.698614776134491
shapenet1369,bench,0.7331159710884094,0.8387279510498047,0.9151718020439148,0.9544633030891418
shapenet1372,bench,0.8132900595664978,0.903637707233429,0.9749611020088196,1.0813698768615723
shapenet1375,bench,0.2108556479215622,0.21743576228618622,0.2263554483652115,0.24042271077632904
shapenet1377,bench,0.5941875576972961,0.6085713505744934,0.6195953488349915,0.6298267245292664
shapenet1378,bench,0.3499925136566162,0.36572226881980896,0.3745177686214447,0.3860135078430176
shapenet1380,bench,0.5120193362236023,0.559424102306366,0.5868847966194153,0.6224277019500732
shapenet1381,bench,0.7410510182380676,0.8265048861503601,0.8944147229194641,0.9203526973724365
shapenet1383,bench,0.6135299801826477,0.7504503130912781,0.8842012286186218,1.072252631187439
shapenet1386,bench,0.47356167435646057,0.5979201197624207,0.6541284918785095,0.697472870349884
shapenet1390,bench,0.531423032283783,0.5366451740264893,0.541862428188324,0.5497295260429382
shapenet1391,bench,0.21460731327533722,0.3141731023788452,0.4958890974521637,0.7472782135009766
shapenet1392,bench,0.3960252106189728,0.40182843804359436,0.40821871161460876,0.4186452627182007
shapenet1393,bench,0.30953386425971985,0.3124580681324005,0.32003793120384216,0.331612229347229
shapenet1394,bench,0.6517016887664795,0.7029721736907959,0.7457504272460938,0.7789463996887207
shapenet1396,bench,0.21046237647533417,0.22300972044467926,0.2326369285583496,0.2461351752281189
shapenet1397,bench,0.39881476759910583,0.40254953503608704,0.41148337721824646,0.4211214482784271
shapenet1401,bench,0.32643046975135803,0.3346647322177887,0.34474608302116394,0.35734471678733826
shapenet1402,bench,0.6003853678703308,0.6761553287506104,0.7400803565979004,0.7811374068260193
shapenet1404,bench,0.8235712647438049,0.8929728865623474,0.945362389087677,0.9841439127922058
shapenet1406,bench,0.21859334409236908,0.22820715606212616,0.23726458847522736,0.25059810280799866
shapenet1411,bench,0.23437605798244476,0.31778502464294434,0.40795889496803284,0.54612135887146
shapenet1413,bench,0.007419129367917776,0.022333046421408653,0.03291470929980278,0.048149388283491135
shapenet1418,bench,0.7691438794136047,0.8442602753639221,0.9091758728027344,0.9357672333717346
shapenet1419,bench,0.3550278842449188,0.4920831620693207,0.6562961339950562,0.786278486251831
shapenet1421,bench,0.5683228373527527,0.5851922631263733,0.594387948513031,0.6058109402656555
shapenet1422,bench,0.20021049678325653,0.21004672348499298,0.2200736552476883,0.2336891144514084
shapenet1423,bench,0.8362677693367004,0.8912477493286133,0.9066430926322937,0.9204928874969482
shapenet1427,bench,0.727217972278595,0.8089776635169983,0.8842079639434814,0.972917377948761
shapenet1428,bench,0.7620933651924133,0.8277435302734375,0.8906529545783997,0.9185529351234436
shapenet1429,bench,0.4947189390659332,0.646353542804718,0.7764264941215515,0.8981531262397766
shapenet1433,bench,0.744650661945343,0.8537578582763672,0.9339182376861572,0.9809266924858093
shapenet1435,bench,0.24055971205234528,0.38002023100852966,0.5228366255760193,0.6022209525108337
shapenet1436,bench,0.23921330273151398,0.2628987729549408,0.27155229449272156,0.28477904200553894
shapenet1439,bench,0.7489562034606934,0.8174190521240234,0.8856103420257568,0.9384579062461853
shapenet1441,bench,0.20679718255996704,0.2193642258644104,0.22814933955669403,0.24169199168682098
shapenet1445,bench,0.20239801704883575,0.21322059631347656,0.22214959561824799,0.23588190972805023
shapenet1448,bench,0.7490298748016357,0.8098899722099304,0.8475394248962402,0.8809910416603088
shapenet1449,bench,0.21753568947315216,0.27811118960380554,0.4233342111110687,0.5875041484832764
shapenet1451,bench,0.5772139430046082,0.6768186092376709,0.7996551394462585,0.9226719737052917
shapenet1455,bench,0.2575572431087494,0.2745385766029358,0.28339266777038574,0.29569852352142334
shapenet1460,bench,0.7904586791992188,0.8097858428955078,0.8259069323539734,0.8465611338615417
shapenet1466,bench,0.2129979133605957,0.22339637577533722,0.23270481824874878,0.24571602046489716
shapenet1468,bench,0.7563408017158508,0.8486904501914978,0.9179856777191162,0.9434022307395935
shapenet1470,bench,0.36774659156799316,0.38485535979270935,0.39778533577919006,0.4083157479763031
shapenet1472,bench,0.2295551896095276,0.2341773957014084,0.24371887743473053,0.2566699981689453
shapenet1473,bench,0.12685662508010864,0.1308251917362213,0.13975484669208527,0.1534472554922104
shapenet1474,bench,0.7643067240715027,0.8501009345054626,0.912635862827301,0.9489317536354065
shapenet1475,bench,0.7030513286590576,0.7995856404304504,0.9147312641143799,1.0515862703323364
shapenet1477,bench,0.6128402352333069,0.6750537753105164,0.7654097676277161,0.8384782671928406
shapenet1478,bench,0.19845539331436157,0.20298676192760468,0.21166425943374634,0.2243845909833908
shapenet1479,bench,0.7549223899841309,0.844763457775116,0.9011427760124207,0.9388827681541443
shapenet1480,bench,0.6507918238639832,0.7022302746772766,0.795337975025177,0.8955419659614563
shapenet1484,bench,0.23426097631454468,0.23748737573623657,0.24639570713043213,0.25733688473701477
shapenet1486,bench,0.36398521065711975,0.45021429657936096,0.5417774319648743,0.6312283277511597
shapenet1487,bench,0.853198766708374,0.8709948658943176,0.8891609311103821,0.9048282504081726
shapenet1489,bench,0.16742096841335297,0.2502370774745941,0.4208958148956299,0.6932912468910217
shapenet1491,bench,0.5465536713600159,0.6102752089500427,0.6408039927482605,0.653232991695404
shapenet1494,bench,0.18059557676315308,0.23449669778347015,0.2645242512226105,0.28941670060157776
shapenet1495,bench,0.23678262531757355,0.3873465359210968,0.4841237962245941,0.6144039034843445
shapenet2,cabinet,0.09728435426950455,0.13771025836467743,0.2740505039691925,0.45867177844047546
shapenet3,cabinet,0.3350837230682373,0.3880159556865692,0.4700252115726471,0.6761367917060852
shapenet4,cabinet,0.24798637628555298,0.2980155944824219,0.3982033431529999,0.6621032357215881
shapenet5,cabinet,0.3405972421169281,0.5134194493293762,0.6718909740447998,0.8447918891906738
shapenet6,cabinet,0.20291219651699066,0.25086167454719543,0.346414178609848,0.5963747501373291
shapenet10,cabinet,0.3741701543331146,0.43105077743530273,0.5081152319908142,0.606326162815094
shapenet11,cabinet,0.18363125622272491,0.23950748145580292,0.34522154927253723,0.6291105151176453
shapenet13,cabinet,0.3605722486972809,0.40557369589805603,0.4942828416824341,0.7235245704650879
shapenet15,cabinet,0.08207511901855469,0.1833760291337967,0.28655871748924255,0.41884908080101013
shapenet18,cabinet,0.33423468470573425,0.6253154873847961,0.7408372759819031,0.826620876789093
shapenet19,cabinet,0.5884551405906677,0.6515043377876282,0.7143973708152771,0.7995791435241699
shapenet20,cabinet,0.10163585096597672,0.15831194818019867,0.26457133889198303,0.5637969374656677
shapenet22,cabinet,0.25550299882888794,0.33198031783103943,0.43387898802757263,0.6627737283706665
shapenet23,cabinet,0.24313943088054657,0.3145115077495575,0.4403870105743408,0.559776246547699
shapenet24,cabinet,0.0914808139204979,0.15781238675117493,0.25390303134918213,0.40469643473625183
shapenet25,cabinet,0.7272664904594421,0.7499229311943054,0.7888436913490295,0.8500234484672546
shapenet26,cabinet,0.5479138493537903,0.617100179195404,0.6925816535949707,0.8529107570648193
shapenet28,cabinet,0.2954641282558441,0.34652701020240784,0.44096431136131287,0.6919634938240051
shapenet35,cabinet,0.28126296401023865,0.34868595004081726,0.4369516670703888,0.566550076007843
shapenet37,cabinet,0.4201000928878784,0.5624957084655762,0.6668626666069031,0.767528235912323
shapenet41,cabinet,0.017465969547629356,0.08829943090677261,0.20449228584766388,0.3469258248806
shapenet42,cabinet,0.11274854093790054,0.16209258139133453,0.28167933225631714,0.430983304977417
shapenet46,cabinet,0.18128208816051483,0.3283862769603729,0.4371725618839264,0.6221716403961182
shapenet49,cabinet,0.35060909390449524,0.4001927375793457,0.489837646484375,0.7234652042388916
shapenet50,cabinet,0.31292998790740967,0.525493323802948,0.6122201085090637,0.7184770703315735
shapenet53,cabinet,0.39611735939979553,0.6033557057380676,0.8619032502174377,0.9796683192253113
shapenet55,cabinet,0.12624716758728027,0.2824644446372986,0.3953474462032318,0.5261862874031067
shapenet57,cabinet,0.23117490112781525,0.37076225876808167,0.4762488305568695,0.6044421195983887
shapenet62,cabinet,0.15712808072566986,0.20250195264816284,0.2957609295845032,0.4171178340911865
shapenet71,cabinet,0.28353285789489746,0.3320539891719818,0.42872855067253113,0.6817069053649902
shapenet72,cabinet,0.29086628556251526,0.3392126262187958,0.4356415271759033,0.6866992115974426
shapenet73,cabinet,0.26470115780830383,0.3170047700405121,0.41759395599365234,0.6756640076637268
shapenet74,cabinet,0.3667562007904053,0.4259409010410309,0.5170778632164001,0.6909275054931641
shapenet75,cabinet,0.3159692883491516,0.36692821979522705,0.4581157863140106,0.7017644047737122
shapenet80,cabinet,0.3721468448638916,0.43686580657958984,0.5224111080169678,0.6293739676475525
shapenet82,cabinet,0.18146531283855438,0.23642675578594208,0.33024832606315613,0.5859163403511047
shapenet83,cabinet,0.013850430957973003,0.07236802577972412,0.22172428667545319,0.3647328317165375
shapenet86,cabinet,0.15206386148929596,0.2021912783384323,0.30048027634620667,0.5662816166877747
shapenet87,cabinet,0.2812211811542511,0.33221015334129333,0.42805445194244385,0.6828007102012634
shapenet90,cabinet,0.1450764536857605,0.1913563758134842,0.2953331470489502,0.5729376673698425
shapenet91,cabinet,0.14561450481414795,0.30773404240608215,0.433409720659256,0.5423405170440674
shapenet97,cabinet,0.5103341341018677,0.7186354994773865,0.9279887080192566,1.0297235250473022
shapenet101,cabinet,0.26554664969444275,0.3164139986038208,0.40077924728393555,0.618465006351471
shapenet102,cabinet,0.2656521797180176,0.32462257146835327,0.4379624128341675,0.6179458498954773
shapenet103,cabinet,0.3985046446323395,0.44084009528160095,0.5251322388648987,0.7402803897857666
shapenet104,cabinet,0.27759143710136414,0.3269875943660736,0.4239642918109894,0.678718626499176
shapenet107,cabinet,0.46997639536857605,0.6756758093833923,0.8859288096427917,0.9842731952667236
shapenet110,cabinet,0.3071903884410858,0.35888123512268066,0.45442548394203186,0.7019550800323486
shapenet112,cabinet,0.10876049846410751,0.2142527848482132,0.2986568510532379,0.440751314163208
shapenet115,cabinet,0.33883675932884216,0.44665297865867615,0.5507268309593201,0.6481011509895325
shapenet116,cabinet,0.6226901412010193,0.7288218140602112,0.8621881604194641,0.9593255519866943
shapenet118,cabinet,0.5127895474433899,0.5440142750740051,0.6362890601158142,0.7889079451560974
shapenet119,cabinet,0.5012367367744446,0.5305880308151245,0.5990973711013794,0.7416625022888184
shapenet120,cabinet,0.14774255454540253,0.2009393572807312,0.305169016122818,0.5851417183876038
shapenet123,cabinet,0.1973104625940323,0.30655455589294434,0.41221463680267334,0.5775739550590515
shapenet124,cabinet,0.52529376745224,0.7098447680473328,0.9333102107048035,1.0351388454437256
shapenet125,cabinet,0.20328307151794434,0.39658108353614807,0.525814950466156,0.6963496208190918
shapenet126,cabinet,0.11874222755432129,0.16815483570098877,0.27726998925209045,0.575350284576416
shapenet128,cabinet,0.34396860003471375,0.36945274472236633,0.4609069526195526,0.685187041759491
shapenet129,cabinet,0.10433065891265869,0.16146144270896912,0.27397796511650085,0.5825036764144897
shapenet133,cabinet,0.2243686318397522,0.2800563871860504,0.37195372581481934,0.6131464838981628
shapenet134,cabinet,0.03318333625793457,0.07132842391729355,0.1675059050321579,0.3397536277770996
shapenet136,cabinet,0.6082684397697449,0.6991508603096008,0.7643396258354187,0.8909888863563538
shapenet142,cabinet,0.15866313874721527,0.20615273714065552,0.3098665773868561,0.5831034779548645
shapenet144,cabinet,0.008062601089477539,0.03449171409010887,0.11268159747123718,0.2367577701807022
shapenet148,cabinet,0.5629406571388245,0.6490553021430969,0.7291576266288757,0.8735954761505127
shapenet151,cabinet,0.3021871745586395,0.3305048644542694,0.4179900586605072,0.5915054082870483
shapenet152,cabinet,0.6950581669807434,0.7507314682006836,0.8284482359886169,0.9395155310630798
shapenet153,cabinet,0.013459920883178711,0.0375826433300972,0.08451192826032639,0.19477052986621857
shapenet154,cabinet,0.5352680683135986,0.7202449440956116,0.8733851313591003,0.9687630534172058
shapenet156,cabinet,0.3642706573009491,0.40971851348876953,0.49743127822875977,0.7244608402252197
shapenet157,cabinet,0.08187055587768555,0.11756143718957901,0.20836544036865234,0.3192755877971649
shapenet160,cabinet,0.5705755352973938,0.7012117505073547,0.7865989804267883,0.8661715388298035
shapenet161,cabinet,0.2581147253513336,0.3424220085144043,0.43950164318084717,0.5699276328086853
shapenet162,cabinet,0.1286318302154541,0.15004484355449677,0.21749639511108398,0.3550276756286621
shapenet163,cabinet,0.25896385312080383,0.3124227821826935,0.4101989269256592,0.6728832721710205
shapenet164,cabinet,0.2990437150001526,0.34813687205314636,0.4418432414531708,0.6905692219734192
shapenet165,cabinet,0.47116145491600037,0.6829049587249756,0.9074692726135254,1.0148135423660278
shapenet167,cabinet,0.22842039167881012,0.27314504981040955,0.3719681203365326,0.6206532120704651
shapenet169,cabinet,0.2130296379327774,0.31284311413764954,0.41573676466941833,0.5722566246986389
shapenet171,cabinet,0.5962931513786316,0.7398239970207214,0.9006237387657166,0.9970665574073792
shapenet172,cabinet,0.3363083302974701,0.38290488719940186,0.47399890422821045,0.7111989855766296
shapenet176,cabinet,0.4638500213623047,0.5331300497055054,0.5977693200111389,0.737973153591156
shapenet178,cabinet,0.6213284134864807,0.6652619242668152,0.7329530715942383,0.8703486323356628
shapenet179,cabinet,0.3445126712322235,0.3758707344532013,0.47579970955848694,0.631182849407196
shapenet184,cabinet,0.45651862025260925,0.49487581849098206,0.5712880492210388,0.7597240805625916
shapenet185,cabinet,0.11035683006048203,0.2299836128950119,0.3794042766094208,0.5924093127250671
shapenet186,cabinet,0.5536600947380066,0.6544085144996643,0.7223562598228455,0.8142226338386536
shapenet191,cabinet,0.45362958312034607,0.5004882216453552,0.5820071697235107,0.7824490666389465
shapenet192,cabinet,0.47792279720306396,0.5385085940361023,0.6031762957572937,0.7129344940185547
shapenet193,cabinet,0.3437058925628662,0.39454054832458496,0.48061370849609375,0.6080387234687805
shapenet194,cabinet,0.010508318431675434,0.05357998609542847,0.15431326627731323,0.29882505536079407
shapenet196,cabinet,0.6242287755012512,0.7849633693695068,0.9039309620857239,0.9883911609649658
shapenet197,cabinet,0.2772139012813568,0.33968958258628845,0.4264478385448456,0.6520169377326965
shapenet199,cabinet,0.27819570899009705,0.32849761843681335,0.4259527921676636,0.6816916465759277
shapenet200,cabinet,0.2263038605451584,0.29331913590431213,0.40493571758270264,0.5712204575538635
shapenet203,cabinet,0.5002753734588623,0.5373788475990295,0.6121099591255188,0.7926741242408752
shapenet204,cabinet,0.5611669421195984,0.6502177119255066,0.7082359194755554,0.8139215111732483
shapenet210,cabinet,0.29921194911003113,0.5052449703216553,0.608752965927124,0.6904038786888123
shapenet211,cabinet,0.4814932644367218,0.6693224310874939,0.9034667611122131,1.015034794807434
shapenet213,cabinet,0.23672674596309662,0.29364752769470215,0.39602217078208923,0.5413196682929993
shapenet214,cabinet,0.48556700348854065,0.6317015290260315,0.7822524905204773,0.9195964336395264
shapenet215,cabinet,0.32655006647109985,0.36311817169189453,0.47464898228645325,0.6250429153442383
shapenet216,cabinet,0.21090400218963623,0.26354077458381653,0.36712130904197693,0.6435288786888123
shapenet220,cabinet,0.6089670062065125,0.6808397173881531,0.7570309042930603,0.8905108571052551
shapenet226,cabinet,0.29942643642425537,0.41454896330833435,0.5575705170631409,0.717678964138031
shapenet227,cabinet,0.05258321762084961,0.1312648206949234,0.2411855310201645,0.5501630306243896
shapenet228,cabinet,0.1949683427810669,0.29142141342163086,0.3914678990840912,0.5584170818328857
shapenet230,cabinet,0.31121811270713806,0.4104476869106293,0.49660906195640564,0.6861341595649719
shapenet231,cabinet,0.14305703341960907,0.19776320457458496,0.2816214859485626,0.4539657533168793
shapenet232,cabinet,0.5621037483215332,0.593959391117096,0.6681370735168457,0.7885614037513733
shapenet233,cabinet,0.5602155327796936,0.6591362953186035,0.7395117282867432,0.8185471892356873
shapenet236,cabinet,0.0038724939804524183,0.02851192094385624,0.1998571902513504,0.4953921139240265
shapenet237,cabinet,0.4297958314418793,0.4713873863220215,0.548931896686554,0.7510571479797363
shapenet239,cabinet,0.3376260995864868,0.3827867805957794,0.4747745096683502,0.7087626457214355
shapenet240,cabinet,0.25850796699523926,0.37690114974975586,0.47385120391845703,0.6038109660148621
shapenet241,cabinet,0.0718589648604393,0.129987433552742,0.22105415165424347,0.3914821445941925
shapenet242,cabinet,0.7025895118713379,0.7538136839866638,0.8358025550842285,0.9397869110107422
shapenet243,cabinet,0.5295658707618713,0.5907245874404907,0.6561098694801331,0.7934876084327698
shapenet244,cabinet,0.39000096917152405,0.43314898014068604,0.5189802050590515,0.7378478646278381
shapenet248,cabinet,0.1857208013534546,0.2494305521249771,0.3445523977279663,0.592332124710083
shapenet249,cabinet,0.027569850906729698,0.0512373149394989,0.12585903704166412,0.25928962230682373
shapenet250,cabinet,0.4660912752151489,0.7142557501792908,0.9245800375938416,1.0352436304092407
shapenet252,cabinet,0.11477434635162354,0.16784369945526123,0.2730211317539215,0.4480486214160919
shapenet255,cabinet,0.6213567852973938,0.6543130874633789,0.7137148976325989,0.8516941070556641
shapenet257,cabinet,0.2554417848587036,0.30498582124710083,0.40248122811317444,0.6616258025169373
shapenet260,cabinet,0.45560893416404724,0.5855926871299744,0.6961877942085266,0.7934927344322205
shapenet262,cabinet,0.6727856993675232,0.7436928153038025,0.8195151686668396,0.88691645860672
shapenet264,cabinet,0.34114012122154236,0.3872893154621124,0.4776773452758789,0.7124621272087097
shapenet265,cabinet,0.011964182369410992,0.033440809696912766,0.11839195340871811,0.2446918934583664
shapenet266,cabinet,0.03727148100733757,0.14477640390396118,0.26029708981513977,0.38615989685058594
shapenet268,cabinet,0.5258557200431824,0.616412878036499,0.6971564292907715,0.7762519717216492
shapenet269,cabinet,0.1059439405798912,0.17848701775074005,0.2919980585575104,0.5354302525520325
shapenet271,cabinet,0.5781334042549133,0.6307657957077026,0.6830649971961975,0.795203685760498
shapenet275,cabinet,0.3320457637310028,0.3788522481918335,0.4698411226272583,0.7074729800224304
shapenet276,cabinet,0.3036612272262573,0.49015283584594727,0.5922127366065979,0.6750481128692627
shapenet278,cabinet,0.5247229933738708,0.5622163414955139,0.6314610838890076,0.8038380146026611
shapenet280,cabinet,0.18654967844486237,0.23432429134845734,0.33698153495788574,0.6058455109596252
shapenet281,cabinet,0.34356507658958435,0.38998404145240784,0.47965744137763977,0.7148234248161316
shapenet282,cabinet,0.35899433493614197,0.5982051491737366,0.7561267018318176,0.8641039729118347
shapenet284,cabinet,0.33445096015930176,0.4014904797077179,0.4928324222564697,0.6351551413536072
shapenet285,cabinet,0.13164788484573364,0.2050924152135849,0.2756980061531067,0.3956163227558136
shapenet288,cabinet,0.10993228107690811,0.15351589024066925,0.2666248083114624,0.4679722785949707
shapenet289,cabinet,0.5587989091873169,0.6209165453910828,0.6996572017669678,0.811143696308136
shapenet293,cabinet,0.41797295212745667,0.45892930030822754,0.5413721203804016,0.7503082156181335
shapenet294,cabinet,0.3951292037963867,0.44052910804748535,0.5268157124519348,0.7425450682640076
shapenet295,cabinet,0.28838977217674255,0.33841672539711,0.4335364103317261,0.685743510723114
shapenet299,cabinet,0.27170777320861816,0.36586013436317444,0.46015119552612305,0.565875232219696
shapenet300,cabinet,0.22585420310497284,0.31311511993408203,0.40935274958610535,0.5449798107147217
shapenet302,cabinet,0.44485679268836975,0.7198334336280823,0.9250092506408691,1.0352730751037598
shapenet303,cabinet,0.20350460708141327,0.2855779230594635,0.41574957966804504,0.580137312412262
shapenet304,cabinet,0.4816708266735077,0.5328825116157532,0.6141456961631775,0.764516294002533
shapenet305,cabinet,0.019887646660208702,0.050857510417699814,0.11678507924079895,0.2452339082956314
shapenet306,cabinet,0.4693152904510498,0.6317342519760132,0.7132976055145264,0.8592697978019714
shapenet307,cabinet,0.1809466928243637,0.2286454439163208,0.32987406849861145,0.6085678339004517
shapenet308,cabinet,0.300819993019104,0.3508286476135254,0.44323062896728516,0.6912123560905457
shapenet310,cabinet,0.19473285973072052,0.24563901126384735,0.3442445993423462,0.6055693030357361
shapenet311,cabinet,0.39059725403785706,0.5690403580665588,0.7247028350830078,0.8710566163063049
shapenet321,cabinet,0.2385181039571762,0.295682430267334,0.41340622305870056,0.6645945906639099
shapenet323,cabinet,0.27344751358032227,0.3255936801433563,0.42137911915779114,0.6791195273399353
shapenet328,cabinet,0.2712339758872986,0.36804068088531494,0.46492311358451843,0.6750308871269226
shapenet330,cabinet,0.2035050243139267,0.25898507237434387,0.362405925989151,0.6416886448860168
shapenet332,cabinet,0.2350340038537979,0.2874875068664551,0.3876291811466217,0.6559865474700928
shapenet333,cabinet,0.4560987949371338,0.5182705521583557,0.5687674880027771,0.6400454044342041
shapenet335,cabinet,0.32317978143692017,0.3949185907840729,0.4796947240829468,0.6533867716789246
shapenet337,cabinet,0.014180779457092285,0.07671831548213959,0.2954809069633484,0.44407835602760315
shapenet345,cabinet,0.18204057216644287,0.22937731444835663,0.3329441249370575,0.6062049269676208
shapenet346,cabinet,0.12201526015996933,0.2768445611000061,0.3799969255924225,0.5151474475860596
shapenet347,cabinet,0.4626334607601166,0.5099054574966431,0.5904046893119812,0.7887971997261047
shapenet348,cabinet,0.3279159963130951,0.3558889925479889,0.4228688180446625,0.608356773853302
shapenet350,cabinet,0.14529645442962646,0.23390643298625946,0.37929490208625793,0.566230297088623
shapenet351,cabinet,0.29877200722694397,0.413311243057251,0.5079119205474854,0.6222425103187561
shapenet352,cabinet,0.6335977911949158,0.6902928352355957,0.760234534740448,0.8918293118476868
shapenet355,cabinet,0.10369346290826797,0.16629475355148315,0.2597186863422394,0.3788630962371826
shapenet356,cabinet,0.4543897211551666,0.4960967004299164,0.5763528943061829,0.7733671069145203
shapenet358,cabinet,0.3929196298122406,0.43886563181877136,0.5240386128425598,0.7397224307060242
shapenet359,cabinet,0.25262776017189026,0.3158048987388611,0.40664151310920715,0.6521158218383789
shapenet361,cabinet,0.20325638353824615,0.2933359444141388,0.3837329149246216,0.5408940315246582
shapenet363,cabinet,0.6342889666557312,0.6839914321899414,0.7536192536354065,0.8763578534126282
shapenet366,cabinet,0.3108314275741577,0.42350366711616516,0.5494556427001953,0.6665797233581543
shapenet368,cabinet,0.13352864980697632,0.28061342239379883,0.4614965617656708,0.6391931176185608
shapenet370,cabinet,0.20789818465709686,0.3848026692867279,0.5209529399871826,0.6457741856575012
shapenet372,cabinet,0.5243656039237976,0.5735669136047363,0.6317110657691956,0.7722265124320984
shapenet374,cabinet,0.24277488887310028,0.2956555187702179,0.3910875618457794,0.6478468775749207
shapenet375,cabinet,0.4965117871761322,0.7563368678092957,0.921400249004364,1.0265532732009888
shapenet376,cabinet,0.11474939435720444,0.16208995878696442,0.24353037774562836,0.3597835600376129
shapenet377,cabinet,0.5709232687950134,0.7526142001152039,0.9305420517921448,1.0180648565292358
shapenet378,cabinet,0.2810170352458954,0.33093562722206116,0.4263867437839508,0.6807451248168945
shapenet379,cabinet,0.546016275882721,0.6695337295532227,0.7666614651679993,0.8575496077537537
shapenet380,cabinet,0.2948145866394043,0.40419912338256836,0.49678683280944824,0.6166334748268127
shapenet385,cabinet,0.19707727432250977,0.25048282742500305,0.3530576527118683,0.629282534122467
shapenet387,cabinet,0.38720932602882385,0.4577666223049164,0.5429301261901855,0.6668407320976257
shapenet388,cabinet,0.6074270606040955,0.6293596029281616,0.6823424696922302,0.8178763389587402
shapenet389,cabinet,0.0042337775230407715,0.06910476088523865,0.15049214661121368,0.2753010392189026
shapenet392,cabinet,0.10899672657251358,0.1761019229888916,0.30360904335975647,0.5246150493621826
shapenet393,cabinet,0.3438636362552643,0.38901105523109436,0.4788101613521576,0.7114441394805908
shapenet397,cabinet,0.011789779178798199,0.03834401071071625,0.12911805510520935,0.2882244288921356
shapenet400,cabinet,0.2625559866428375,0.3554607331752777,0.4525458812713623,0.5984671115875244
shapenet405,cabinet,0.5297418236732483,0.7636931538581848,0.9402973651885986,1.0380542278289795
shapenet410,cabinet,0.30131325125694275,0.35238775610923767,0.4337867796421051,0.6608509421348572
shapenet411,cabinet,0.167583167552948,0.21097759902477264,0.29675066471099854,0.45485687255859375
shapenet412,cabinet,0.6056281328201294,0.7566061019897461,0.9163680076599121,1.0019774436950684
shapenet413,cabinet,0.5832200050354004,0.6484352946281433,0.7166690230369568,0.8091782927513123
shapenet415,cabinet,0.5572575926780701,0.5987177491188049,0.6705312132835388,0.8358939290046692
shapenet418,cabinet,0.13685427606105804,0.22608448565006256,0.3204191029071808,0.5346525311470032
shapenet420,cabinet,0.0803573727607727,0.23750151693820953,0.3526236116886139,0.489587664604187
shapenet422,cabinet,0.2551308572292328,0.30949780344963074,0.41076961159706116,0.67415851354599
shapenet423,cabinet,0.23504342138767242,0.3047299385070801,0.40003666281700134,0.5894160866737366
shapenet424,cabinet,0.5392217040061951,0.6216402649879456,0.7067021727561951,0.8017656207084656
shapenet429,cabinet,0.3240806758403778,0.36956343054771423,0.4611581265926361,0.6923315525054932
shapenet431,cabinet,0.4080324172973633,0.5869333148002625,0.6785526275634766,0.7687714099884033
shapenet432,cabinet,0.6014832258224487,0.7612263560295105,0.9180201888084412,1.0077694654464722
shapenet439,cabinet,0.5673472881317139,0.66937255859375,0.7575753331184387,0.8819108009338379
shapenet440,cabinet,0.43590307235717773,0.4926673471927643,0.6189419627189636,0.7555412650108337
shapenet443,cabinet,0.38114795088768005,0.5030043721199036,0.6020893454551697,0.7523508071899414
shapenet444,cabinet,0.08293823152780533,0.1975996047258377,0.3020886778831482,0.4538525640964508
shapenet447,cabinet,0.3747732639312744,0.41252005100250244,0.48982366919517517,0.5888345241546631
shapenet449,cabinet,0.24806095659732819,0.30051299929618835,0.3992520272731781,0.6647705435752869
shapenet450,cabinet,0.6175845861434937,0.7682795524597168,0.9383473992347717,1.0232982635498047
shapenet453,cabinet,0.35914167761802673,0.3977064788341522,0.4759829044342041,0.6840519309043884
shapenet455,cabinet,0.29657837748527527,0.34556105732917786,0.43732428550720215,0.6824231147766113
shapenet458,cabinet,0.5747550129890442,0.7676255702972412,0.911264955997467,1.0054868459701538
shapenet459,cabinet,0.29593682289123535,0.34941768646240234,0.44575774669647217,0.6987354755401611
shapenet461,cabinet,0.6254183650016785,0.755500853061676,0.8701977133750916,0.9681984782218933
shapenet462,cabinet,0.19014842808246613,0.24237287044525146,0.35672619938850403,0.5521838665008545
shapenet464,cabinet,0.2762928307056427,0.36613497138023376,0.46901416778564453,0.6097705960273743
shapenet469,cabinet,0.10602273792028427,0.17563797533512115,0.24838317930698395,0.3522273004055023
shapenet471,cabinet,0.28543972969055176,0.3342238962650299,0.43118754029273987,0.6840550303459167
shapenet473,cabinet,0.2876521646976471,0.33636388182640076,0.43206271529197693,0.6839296817779541
shapenet474,cabinet,0.17828941345214844,0.30973055958747864,0.4519079625606537,0.595569372177124
shapenet476,cabinet,0.25397878885269165,0.3063179552555084,0.40451112389564514,0.6676674485206604
shapenet477,cabinet,0.574487566947937,0.7728142738342285,0.9294751286506653,1.0050891637802124
shapenet478,cabinet,0.641050398349762,0.6717644333839417,0.7316160798072815,0.8498935699462891
shapenet480,cabinet,0.2403966188430786,0.2984873950481415,0.4001491367816925,0.6615249514579773
shapenet482,cabinet,0.5074592232704163,0.7105392813682556,0.7965490221977234,0.9016187787055969
shapenet484,cabinet,0.25702181458473206,0.3073582053184509,0.40600529313087463,0.6673890948295593
shapenet486,cabinet,0.11659721285104752,0.15622590482234955,0.2285749465227127,0.3593902587890625
shapenet488,cabinet,0.5395796895027161,0.7595453262329102,0.9431367516517639,1.0278822183609009
shapenet490,cabinet,0.05242488905787468,0.09271564334630966,0.18030516803264618,0.3117814362049103
shapenet496,cabinet,0.636911928653717,0.683049738407135,0.7526566386222839,0.8820859789848328
shapenet497,cabinet,0.03941182419657707,0.06839123368263245,0.14653150737285614,0.2880341112613678
shapenet498,cabinet,0.25283083319664,0.308756947517395,0.4025522470474243,0.5447237491607666
shapenet501,cabinet,0.27586790919303894,0.32460084557533264,0.42043599486351013,0.6739231944084167
shapenet504,cabinet,0.28456151485443115,0.3323483467102051,0.42809274792671204,0.680075466632843
shapenet505,cabinet,0.21244339644908905,0.31337109208106995,0.4333079159259796,0.5750189423561096
shapenet506,cabinet,0.18067823350429535,0.3120029866695404,0.4351973533630371,0.6357622742652893
shapenet507,cabinet,0.3231854736804962,0.36931535601615906,0.4622260332107544,0.7019870281219482
shapenet509,cabinet,0.24972636997699738,0.31897982954978943,0.4473104476928711,0.6303844451904297
shapenet510,cabinet,0.19756148755550385,0.27436017990112305,0.3742084801197052,0.5668572783470154
shapenet513,cabinet,0.2389109581708908,0.2919365167617798,0.38858410716056824,0.5791574120521545
shapenet514,cabinet,0.27109864354133606,0.466562956571579,0.6092421412467957,0.7566068768501282
shapenet515,cabinet,0.46384397149086,0.5711278915405273,0.662082850933075,0.7654467225074768
shapenet516,cabinet,0.4463232457637787,0.629788339138031,0.7311005592346191,0.8223013877868652
shapenet518,cabinet,0.7323159575462341,0.7587077021598816,0.7987896800041199,0.8774690628051758
shapenet520,cabinet,0.34834957122802734,0.3936789035797119,0.48446837067604065,0.7187013626098633
shapenet521,cabinet,0.47444024682044983,0.5184138417243958,0.5817930102348328,0.6715170741081238
shapenet523,cabinet,0.29463961720466614,0.3416571617126465,0.43733084201812744,0.6862883567810059
shapenet526,cabinet,0.31457215547561646,0.48965826630592346,0.5788441896438599,0.7062305808067322
shapenet527,cabinet,0.55340576171875,0.6617489457130432,0.7812778949737549,0.9138913750648499
shapenet529,cabinet,0.3748210370540619,0.47385311126708984,0.5834658145904541,0.7397283911705017
shapenet534,cabinet,0.12041863054037094,0.16867642104625702,0.2760449945926666,0.5674275755882263
shapenet535,cabinet,0.4307926595211029,0.5873302817344666,0.6609857678413391,0.7795775532722473
shapenet537,cabinet,0.6791612505912781,0.707817018032074,0.76372891664505,0.8885521292686462
shapenet541,cabinet,0.16827671229839325,0.1887839287519455,0.29222461581230164,0.46429529786109924
shapenet544,cabinet,0.13469786942005157,0.1925615817308426,0.27002841234207153,0.42245033383369446
shapenet546,cabinet,0.18872368335723877,0.24437184631824493,0.34975290298461914,0.6326238512992859
shapenet547,cabinet,0.1795744150876999,0.22327600419521332,0.3233157694339752,0.4866340160369873
shapenet548,cabinet,0.5373110771179199,0.7482266426086426,0.9308310151100159,1.0315364599227905
shapenet550,cabinet,0.20416264235973358,0.29704737663269043,0.3996603488922119,0.5347399711608887
shapenet554,cabinet,0.2954818308353424,0.34421396255493164,0.43815895915031433,0.6873305439949036
shapenet555,cabinet,0.2548585832118988,0.30418160557746887,0.40009140968322754,0.6573542356491089
shapenet567,cabinet,0.10741754621267319,0.13929852843284607,0.26693737506866455,0.47516119480133057
shapenet569,cabinet,0.001655618310905993,0.08536970615386963,0.21016953885555267,0.36790814995765686
shapenet572,cabinet,0.1286192685365677,0.19721555709838867,0.31960177421569824,0.5109732151031494
shapenet574,cabinet,0.26645201444625854,0.3168015480041504,0.4141179323196411,0.6722116470336914
shapenet577,cabinet,0.5811052322387695,0.676712691783905,0.788189709186554,0.9109184145927429
shapenet580,cabinet,0.5015669465065002,0.6009909510612488,0.6765819191932678,0.7709062695503235
shapenet584,cabinet,0.19509093463420868,0.24919341504573822,0.34229031205177307,0.5934731364250183
shapenet586,cabinet,0.1870013028383255,0.24381601810455322,0.3378031551837921,0.5901387333869934
shapenet590,cabinet,0.2642565667629242,0.3180297315120697,0.4170992076396942,0.6761742234230042
shapenet591,cabinet,0.35726550221443176,0.40532222390174866,0.48153337836265564,0.6564646363258362
shapenet592,cabinet,0.7192783951759338,0.749738872051239,0.7921916842460632,0.8549726605415344
shapenet593,cabinet,0.3964262902736664,0.5128989815711975,0.6115058064460754,0.7101905345916748
shapenet597,cabinet,0.296814888715744,0.34595534205436707,0.44004157185554504,0.6894909739494324
shapenet598,cabinet,0.2775866687297821,0.32784244418144226,0.4246208667755127,0.6800740361213684
shapenet599,cabinet,0.014234821312129498,0.06883043795824051,0.17750437557697296,0.3161185681819916
shapenet600,cabinet,0.3567545413970947,0.4014793932437897,0.4903545379638672,0.7197201251983643
shapenet604,cabinet,0.076393723487854,0.1922883838415146,0.33631429076194763,0.49921342730522156
shapenet605,cabinet,0.24968798458576202,0.3043602406978607,0.40667983889579773,0.6720776557922363
shapenet608,cabinet,0.5870452523231506,0.6673873066902161,0.7290113568305969,0.8195980191230774
shapenet609,cabinet,0.30044329166412354,0.35164904594421387,0.4446326196193695,0.6932187080383301
shapenet612,cabinet,0.29657474160194397,0.34997501969337463,0.446234792470932,0.6989300847053528
shapenet616,cabinet,0.5706774592399597,0.622738242149353,0.6933923363685608,0.8007488250732422
shapenet617,cabinet,0.628538191318512,0.7614083290100098,0.9025594592094421,0.9973030090332031
shapenet619,cabinet,0.3084314167499542,0.39922210574150085,0.5399322509765625,0.7154736518859863
shapenet620,cabinet,0.03342050313949585,0.09258604794740677,0.21602432429790497,0.41033613681793213
shapenet622,cabinet,0.11942410469055176,0.17620114982128143,0.28802090883255005,0.5922728776931763
shapenet623,cabinet,0.5769950747489929,0.7665387988090515,0.9388718605041504,1.0309447050094604
shapenet628,cabinet,0.1683373600244522,0.27154091000556946,0.4088643789291382,0.6038300395011902
shapenet629,cabinet,0.4191630780696869,0.4660366475582123,0.5509403347969055,0.7619780898094177
shapenet633,cabinet,0.2036539763212204,0.24814696609973907,0.3433738946914673,0.5791699290275574
shapenet635,cabinet,0.18783386051654816,0.23430848121643066,0.33389195799827576,0.5923590064048767
shapenet636,cabinet,0.23973844945430756,0.30411455035209656,0.40131303668022156,0.5400087237358093
shapenet638,cabinet,0.008814473636448383,0.07987869530916214,0.30246779322624207,0.4506899118423462
shapenet639,cabinet,0.2988084852695465,0.328949898481369,0.42480137944221497,0.666505753993988
shapenet640,cabinet,0.18587030470371246,0.23471127450466156,0.33191195130348206,0.5908510684967041
shapenet644,cabinet,0.34486937522888184,0.4225023686885834,0.5105473399162292,0.6107012629508972
shapenet646,cabinet,0.18037337064743042,0.43596169352531433,0.5760501027107239,0.6761534810066223
shapenet652,cabinet,0.2888263463973999,0.3363746702671051,0.4322870671749115,0.6826919913291931
shapenet653,cabinet,0.12976448237895966,0.2540419101715088,0.36051055788993835,0.5430178642272949
shapenet656,cabinet,0.17668159306049347,0.22202645242214203,0.3435401916503906,0.47752317786216736
shapenet658,cabinet,0.3147754967212677,0.3627992868423462,0.45601630210876465,0.7004666924476624
shapenet662,cabinet,0.20646683871746063,0.3017604649066925,0.40475380420684814,0.5769471526145935
shapenet664,cabinet,0.15837346017360687,0.23867051303386688,0.3333800733089447,0.4836767017841339
shapenet665,cabinet,0.24743954837322235,0.29833486676216125,0.39819297194480896,0.663291871547699
shapenet666,cabinet,0.4614672362804413,0.49145910143852234,0.5779460072517395,0.7575123906135559
shapenet667,cabinet,0.268597275018692,0.3232175409793854,0.4055957794189453,0.6207024455070496
shapenet677,cabinet,0.43657830357551575,0.6482531428337097,0.8804088234901428,0.9865235686302185
shapenet678,cabinet,0.32844293117523193,0.37426185607910156,0.4658870995044708,0.7031398415565491
shapenet679,cabinet,0.31690993905067444,0.4085436165332794,0.5238081812858582,0.6400855183601379
shapenet682,cabinet,0.3184460401535034,0.3653429448604584,0.45844581723213196,0.7004688382148743
shapenet683,cabinet,0.4435170888900757,0.5159043669700623,0.5965419411659241,0.7520442008972168
shapenet686,cabinet,0.21690493822097778,0.2848081588745117,0.3867093622684479,0.6407462954521179
shapenet687,cabinet,0.06549886614084244,0.12732581794261932,0.21697664260864258,0.36678561568260193
shapenet690,cabinet,0.1451600193977356,0.2965945601463318,0.40446820855140686,0.5337749123573303
shapenet691,cabinet,0.11296280473470688,0.1706608533859253,0.27465876936912537,0.5679524540901184
shapenet692,cabinet,0.3799987733364105,0.4716344177722931,0.5720396637916565,0.6671130061149597
shapenet693,cabinet,0.49728384613990784,0.6891286969184875,0.7751352190971375,0.8484366536140442
shapenet697,cabinet,0.40514835715293884,0.5505120754241943,0.6433481574058533,0.7478275895118713
shapenet699,cabinet,0.5480026602745056,0.7294743657112122,0.9374597668647766,1.0346916913986206
shapenet702,cabinet,0.18574751913547516,0.24067550897598267,0.3390049636363983,0.5991183519363403
shapenet703,cabinet,0.2638748586177826,0.30600523948669434,0.40183189511299133,0.508293092250824
shapenet708,cabinet,0.1307937502861023,0.17936868965625763,0.28477951884269714,0.569979727268219
shapenet711,cabinet,0.4695545434951782,0.5281091332435608,0.6084662079811096,0.7986583709716797
shapenet714,cabinet,0.22885024547576904,0.28495731949806213,0.3890930414199829,0.6049001216888428
shapenet715,cabinet,0.2712080478668213,0.32375600934028625,0.40752217173576355,0.6277446150779724
shapenet718,cabinet,0.5312630534172058,0.5737602114677429,0.6368234157562256,0.7727317810058594
shapenet719,cabinet,0.29418158531188965,0.5237789750099182,0.6128453612327576,0.7052987217903137
shapenet722,cabinet,0.22608071565628052,0.31361380219459534,0.45741140842437744,0.6388654112815857
shapenet724,cabinet,0.595210075378418,0.7394612431526184,0.8035449981689453,0.9130527377128601
shapenet725,cabinet,0.12567128241062164,0.18306398391723633,0.3166343867778778,0.5036148428916931
shapenet732,cabinet,0.13751816749572754,0.18780513107776642,0.2932855188846588,0.5856459736824036
shapenet734,cabinet,0.35287538170814514,0.42086485028266907,0.5037700533866882,0.6151211857795715
shapenet736,cabinet,0.28112488985061646,0.33267003297805786,0.42797109484672546,0.6826837658882141
shapenet739,cabinet,0.285266250371933,0.3336896002292633,0.4286145269870758,0.6805347800254822
shapenet740,cabinet,0.4728856086730957,0.5625295042991638,0.6560230851173401,0.7781996726989746
shapenet743,cabinet,0.4419817626476288,0.5957867503166199,0.6905782222747803,0.8176856637001038
shapenet744,cabinet,0.454244464635849,0.5236719846725464,0.5785943269729614,0.6526357531547546
shapenet749,cabinet,0.46585550904273987,0.520217776298523,0.560943067073822,0.6358619332313538
shapenet751,cabinet,0.2692939341068268,0.3648109436035156,0.4726807177066803,0.6185113787651062
shapenet757,cabinet,0.17397774755954742,0.2304193526506424,0.3480195701122284,0.5013500452041626
shapenet759,cabinet,0.4996175467967987,0.5714117884635925,0.6562800407409668,0.7655954957008362
shapenet760,cabinet,0.23491282761096954,0.3464182913303375,0.44706881046295166,0.5769768357276917
shapenet761,cabinet,0.46192046999931335,0.5728000998497009,0.6550809741020203,0.7620646953582764
shapenet762,cabinet,0.19917039573192596,0.2451791912317276,0.34939900040626526,0.6244333982467651
shapenet766,cabinet,0.47844603657722473,0.5107747912406921,0.5880895853042603,0.776531994342804
shapenet770,cabinet,0.20262207090854645,0.2569573223590851,0.3606756925582886,0.6399922370910645
shapenet771,cabinet,0.26591259241104126,0.3162511885166168,0.4139503538608551,0.6731895804405212
shapenet772,cabinet,0.17716948688030243,0.2309107929468155,0.32909059524536133,0.5960606932640076
shapenet773,cabinet,0.46883144974708557,0.6131234765052795,0.6901984214782715,0.785007894039154
shapenet774,cabinet,0.09814713150262833,0.2475312501192093,0.33887818455696106,0.4525340795516968
shapenet775,cabinet,0.08103130012750626,0.12370437383651733,0.20315802097320557,0.3410356938838959
shapenet782,cabinet,0.36828288435935974,0.473908931016922,0.559502363204956,0.7358331680297852
shapenet790,cabinet,0.2236892431974411,0.4068182408809662,0.5325253009796143,0.662345826625824
shapenet791,cabinet,0.26354604959487915,0.31521204113960266,0.413430780172348,0.6742880344390869
shapenet796,cabinet,0.05499346926808357,0.08683431893587112,0.17053228616714478,0.3077661991119385
shapenet797,cabinet,0.17687441408634186,0.30498206615448,0.4743976593017578,0.6642085909843445
shapenet798,cabinet,0.4607515335083008,0.512365996837616,0.5899951457977295,0.7187318801879883
shapenet799,cabinet,0.4829587936401367,0.6650487780570984,0.9001100659370422,1.0055856704711914
shapenet800,cabinet,0.21239905059337616,0.2642855644226074,0.36760929226875305,0.6430608630180359
shapenet801,cabinet,0.28693366050720215,0.3901461362838745,0.5208642482757568,0.6520318388938904
shapenet804,cabinet,0.421649307012558,0.46398600935935974,0.5457407832145691,0.7550225853919983
shapenet805,cabinet,0.024360060691833496,0.04213382676243782,0.08925807476043701,0.1970343142747879
shapenet808,cabinet,0.20443521440029144,0.2573634386062622,0.36055541038513184,0.6278907656669617
shapenet811,cabinet,0.263232558965683,0.35078755021095276,0.45108911395072937,0.6502375602722168
shapenet812,cabinet,0.09250613301992416,0.13725346326828003,0.2939247786998749,0.5216460824012756
shapenet813,cabinet,0.5288601517677307,0.7209561467170715,0.932832658290863,1.0303858518600464
shapenet814,cabinet,0.5238320231437683,0.6818864941596985,0.8656964898109436,0.9795805811882019
shapenet816,cabinet,0.4347175657749176,0.5206607580184937,0.6264193654060364,0.7334030270576477
shapenet817,cabinet,0.20881570875644684,0.2553546130657196,0.3191929757595062,0.4475092887878418
shapenet818,cabinet,0.5423968434333801,0.7524726390838623,0.9321717619895935,1.0294970273971558
shapenet820,cabinet,0.38314762711524963,0.5598054528236389,0.6934502124786377,0.798576831817627
shapenet825,cabinet,0.35014835000038147,0.43551406264305115,0.5198364853858948,0.6416903138160706
shapenet826,cabinet,0.473402738571167,0.5332322120666504,0.6127142310142517,0.715548038482666
shapenet827,cabinet,0.19895847141742706,0.2510214149951935,0.35484611988067627,0.6323655247688293
shapenet831,cabinet,0.30088484287261963,0.37002602219581604,0.4655059576034546,0.701746940612793
shapenet832,cabinet,0.147530660033226,0.20220816135406494,0.30367669463157654,0.579150915145874
shapenet833,cabinet,0.41480591893196106,0.46173739433288574,0.5465664267539978,0.7554576396942139
shapenet835,cabinet,0.3583749830722809,0.4049786627292633,0.4933742582798004,0.7228900790214539
shapenet837,cabinet,0.15118049085140228,0.22611002624034882,0.3288521468639374,0.4605158865451813
shapenet840,cabinet,0.36689576506614685,0.5752120018005371,0.686373770236969,0.775097668170929
shapenet845,cabinet,0.42921003699302673,0.470853716135025,0.5603507161140442,0.7296486496925354
shapenet846,cabinet,0.37729644775390625,0.5049236416816711,0.5818505883216858,0.7428348064422607
shapenet848,cabinet,0.5718758702278137,0.7460646629333496,0.8691537380218506,0.9602298736572266
shapenet851,cabinet,0.31804895401000977,0.36707136034965515,0.45897018909454346,0.7016034126281738
shapenet852,cabinet,0.6220867037773132,0.7774245142936707,0.9242627620697021,1.009150505065918
shapenet854,cabinet,0.19604100286960602,0.26828256249427795,0.3783149719238281,0.5253967642784119
shapenet856,cabinet,0.15179793536663055,0.21669800579547882,0.3125632405281067,0.5763210654258728
shapenet859,cabinet,0.37140026688575745,0.5011751651763916,0.5966640114784241,0.7102535367012024
shapenet860,cabinet,0.25516533851623535,0.3026685416698456,0.3990887701511383,0.6574953198432922
shapenet861,cabinet,0.13121789693832397,0.19551563262939453,0.3439655601978302,0.5597414374351501
shapenet863,cabinet,0.17448939383029938,0.23518113791942596,0.3696938753128052,0.5664636492729187
shapenet867,cabinet,0.4890153408050537,0.6463629603385925,0.7828395366668701,0.8830220103263855
shapenet869,cabinet,0.39173606038093567,0.4549807608127594,0.6047459244728088,0.8058829307556152
shapenet871,cabinet,0.1484275907278061,0.20914937555789948,0.33918115496635437,0.5064490437507629
shapenet873,cabinet,0.018360475078225136,0.043608974665403366,0.10396256297826767,0.24047106504440308
shapenet877,cabinet,0.31278178095817566,0.35391223430633545,0.44012072682380676,0.6714959740638733
shapenet878,cabinet,0.27741482853889465,0.3783610761165619,0.478132963180542,0.6008270978927612
shapenet879,cabinet,0.24159638583660126,0.2895699441432953,0.39688727259635925,0.6016058921813965
shapenet884,cabinet,0.21141421794891357,0.35378286242485046,0.5225325226783752,0.7119393944740295
shapenet886,cabinet,0.17075420916080475,0.2203121930360794,0.3249565064907074,0.6053935289382935
shapenet888,cabinet,0.5092356204986572,0.5525011420249939,0.6371253728866577,0.7908036112785339
shapenet891,cabinet,0.3178824782371521,0.36433032155036926,0.4566393196582794,0.6982777714729309
shapenet893,cabinet,0.16811512410640717,0.2640117108821869,0.37324514985084534,0.5187127590179443
shapenet898,cabinet,0.24072891473770142,0.2940935492515564,0.39368319511413574,0.6612997055053711
shapenet899,cabinet,0.16484825313091278,0.25712865591049194,0.36533889174461365,0.576941728591919
shapenet901,cabinet,0.36773356795310974,0.4132575988769531,0.49923133850097656,0.7249577045440674
shapenet902,cabinet,0.1551962047815323,0.2054407149553299,0.295397013425827,0.4237861633300781
shapenet903,cabinet,0.5522595047950745,0.7370139956474304,0.8780340552330017,0.982414186000824
shapenet904,cabinet,0.20300227403640747,0.2909034490585327,0.43049028515815735,0.5664097666740417
shapenet906,cabinet,0.49414411187171936,0.5990656018257141,0.6919467449188232,0.7876359820365906
shapenet913,cabinet,0.435837060213089,0.5927378535270691,0.6682267785072327,0.7854001522064209
shapenet914,cabinet,0.3877386152744293,0.436386376619339,0.5121422410011292,0.6907115578651428
shapenet915,cabinet,0.38517746329307556,0.45815956592559814,0.5466994643211365,0.6655051112174988
shapenet916,cabinet,0.32613620162010193,0.3761814832687378,0.46847066283226013,0.7049779891967773
shapenet918,cabinet,0.4765472412109375,0.6875739097595215,0.7865927815437317,0.8584328293800354
shapenet919,cabinet,0.3494325578212738,0.3960793912410736,0.4852513074874878,0.7175194621086121
shapenet923,cabinet,0.3818453848361969,0.4207780659198761,0.5305991172790527,0.7076897621154785
shapenet924,cabinet,0.030852913856506348,0.0479108989238739,0.09823516011238098,0.20799903571605682
shapenet925,cabinet,0.36888229846954346,0.46308040618896484,0.525537371635437,0.6058118939399719
shapenet927,cabinet,0.25308021903038025,0.3653378486633301,0.4661776125431061,0.6179745197296143
shapenet930,cabinet,0.37969958782196045,0.4640323221683502,0.551584780216217,0.7501118779182434
shapenet938,cabinet,0.21840155124664307,0.2678263485431671,0.3715623915195465,0.6441271305084229
shapenet939,cabinet,0.1580922156572342,0.22040832042694092,0.3171062469482422,0.5797128081321716
shapenet941,cabinet,0.27402737736701965,0.42462173104286194,0.5144607424736023,0.6185082197189331
shapenet942,cabinet,0.5419781804084778,0.6240105032920837,0.7009925842285156,0.7971456050872803
shapenet943,cabinet,0.27500417828559875,0.3188110589981079,0.40822455286979675,0.6511651873588562
shapenet946,cabinet,0.2877138555049896,0.34764599800109863,0.4701651632785797,0.704169750213623
shapenet949,cabinet,0.2559219300746918,0.3321419656276703,0.4787149429321289,0.6768717765808105
shapenet950,cabinet,0.12174604088068008,0.15227507054805756,0.21009349822998047,0.3402906656265259
shapenet952,cabinet,0.5852010846138,0.770650327205658,0.9317620396614075,1.021459937095642
shapenet953,cabinet,0.1434078961610794,0.20588378608226776,0.3119896650314331,0.5871720314025879
shapenet954,cabinet,0.17308010160923004,0.22653882205486298,0.3338641822338104,0.621787428855896
shapenet955,cabinet,0.30004799365997314,0.34799274802207947,0.4424566328525543,0.6905468106269836
shapenet956,cabinet,0.11748510599136353,0.17607392370700836,0.3186204135417938,0.522656261920929
shapenet957,cabinet,0.5427843928337097,0.6029040217399597,0.6802861094474792,0.7907133102416992
shapenet958,cabinet,0.5174983143806458,0.5954592823982239,0.6809906363487244,0.7733839154243469
shapenet959,cabinet,0.054014902561903,0.09556269645690918,0.20811831951141357,0.3738638162612915
shapenet960,cabinet,0.19336993992328644,0.27981287240982056,0.3659846782684326,0.48053669929504395
shapenet966,cabinet,0.41054800152778625,0.6077788472175598,0.8183272480964661,0.9208491444587708
shapenet967,cabinet,0.18711994588375092,0.29368317127227783,0.4604305326938629,0.6532426476478577
shapenet974,cabinet,0.16544704139232635,0.23910053074359894,0.3523757755756378,0.5028504729270935
shapenet977,cabinet,0.20192712545394897,0.3197067677974701,0.4822314977645874,0.6933590769767761
shapenet978,cabinet,0.3453172743320465,0.39332422614097595,0.48213842511177063,0.715926468372345
shapenet979,cabinet,0.36362019181251526,0.46624183654785156,0.5597079396247864,0.7158737778663635
shapenet983,cabinet,0.2633284628391266,0.31388410925865173,0.4107377529144287,0.6691030859947205
shapenet984,cabinet,0.19567708671092987,0.29303017258644104,0.3980580270290375,0.5378217101097107
shapenet989,cabinet,0.33314475417137146,0.40582379698753357,0.4936487674713135,0.697717010974884
shapenet990,cabinet,0.1953342705965042,0.2756151854991913,0.38661637902259827,0.5445613265037537
shapenet991,cabinet,0.18453173339366913,0.2499333620071411,0.37575316429138184,0.5448266863822937
shapenet994,cabinet,0.602045476436615,0.7613757252693176,0.9242501258850098,1.0146965980529785
shapenet1000,cabinet,0.12381692975759506,0.38484224677085876,0.5324263572692871,0.6540070176124573
shapenet1003,cabinet,0.2533935606479645,0.31020787358283997,0.395885705947876,0.6274207234382629
shapenet1005,cabinet,0.36480680108070374,0.5220291018486023,0.6029828786849976,0.7412760257720947
shapenet1008,cabinet,0.5221522450447083,0.7338772416114807,0.8444902300834656,0.9410786628723145
shapenet1009,cabinet,0.2188342660665512,0.2738131582736969,0.37539181113243103,0.6502184271812439
shapenet1010,cabinet,0.018054505810141563,0.03611812740564346,0.10067484527826309,0.23689275979995728
shapenet1016,cabinet,0.2559359073638916,0.3645513951778412,0.4580645263195038,0.6768472790718079
shapenet1019,cabinet,0.39639487862586975,0.49570557475090027,0.6078867316246033,0.7468538284301758
shapenet1020,cabinet,0.3516281843185425,0.396352618932724,0.48334988951683044,0.7124438285827637
shapenet1023,cabinet,0.23452474176883698,0.28793445229530334,0.3885466754436493,0.6445626616477966
shapenet1024,cabinet,0.24034030735492706,0.2743302583694458,0.3782691955566406,0.5847806930541992
shapenet1025,cabinet,0.07647045701742172,0.344251424074173,0.46391114592552185,0.5707278251647949
shapenet1026,cabinet,0.3248557448387146,0.3743644952774048,0.46339496970176697,0.7023670673370361
shapenet1028,cabinet,0.48018231987953186,0.7097470164299011,0.9299531579017639,1.0364078283309937
shapenet1030,cabinet,0.468853235244751,0.5242224931716919,0.5692084431648254,0.6410481333732605
shapenet1033,cabinet,0.13613249361515045,0.18623454868793488,0.2894505262374878,0.570338249206543
shapenet1034,cabinet,0.5474087595939636,0.7641158103942871,0.8888804316520691,0.9832642674446106
shapenet1035,cabinet,0.6953375339508057,0.7556126713752747,0.8323962092399597,0.9072847366333008
shapenet1036,cabinet,0.30996039509773254,0.41926804184913635,0.503751814365387,0.6105847954750061
shapenet1037,cabinet,0.005967100616544485,0.030309215188026428,0.15120548009872437,0.32945263385772705
shapenet1041,cabinet,0.34544801712036133,0.39315691590309143,0.4825175702571869,0.7175673842430115
shapenet1042,cabinet,0.22333097457885742,0.33303529024124146,0.4218640625476837,0.5408577919006348
shapenet1043,cabinet,0.1997511386871338,0.27525532245635986,0.39953604340553284,0.5566462874412537
shapenet1047,cabinet,0.5277710556983948,0.583663821220398,0.6807984709739685,0.8172696232795715
shapenet1048,cabinet,0.4711708128452301,0.5305022597312927,0.6061961650848389,0.7521674633026123
shapenet1049,cabinet,0.33376824855804443,0.3786686360836029,0.470222145318985,0.7054155468940735
shapenet1050,cabinet,0.41458919644355774,0.45274820923805237,0.5133798718452454,0.6178372502326965
shapenet1053,cabinet,0.42291486263275146,0.49813100695610046,0.5776544213294983,0.7008143067359924
shapenet1055,cabinet,0.2604602873325348,0.3094829320907593,0.406261682510376,0.660190761089325
shapenet1056,cabinet,0.2241845577955246,0.2805361747741699,0.38946533203125,0.5928976535797119
shapenet1057,cabinet,0.2752881944179535,0.32662269473075867,0.4219811260700226,0.6785027384757996
shapenet1061,cabinet,0.13842321932315826,0.18931210041046143,0.3019111156463623,0.5441576838493347
shapenet1062,cabinet,0.16829894483089447,0.21819090843200684,0.3213003873825073,0.5944320559501648
shapenet1066,cabinet,0.3656308650970459,0.4132881462574005,0.5018680691719055,0.727583110332489
shapenet1067,cabinet,0.017033735290169716,0.05290490388870239,0.10595373064279556,0.2237742692232132
shapenet1070,cabinet,0.4544936716556549,0.4979128837585449,0.5643854141235352,0.7365748286247253
shapenet1074,cabinet,0.2043154388666153,0.2511482536792755,0.3533242642879486,0.6270122528076172
shapenet1078,cabinet,0.1563880890607834,0.23962664604187012,0.33627942204475403,0.5498401522636414
shapenet1079,cabinet,0.5929884314537048,0.6702845692634583,0.7392029166221619,0.8322851657867432
shapenet1081,cabinet,0.028234660625457764,0.0633431151509285,0.20278485119342804,0.34586620330810547
shapenet1082,cabinet,0.1572919636964798,0.21249060332775116,0.3172472417354584,0.6033483147621155
shapenet1084,cabinet,0.4063192307949066,0.45020589232444763,0.5342048406600952,0.7444760203361511
shapenet1085,cabinet,0.2954620122909546,0.3637402057647705,0.4537351429462433,0.6661227345466614
shapenet1086,cabinet,0.006491959095001221,0.09090962260961533,0.1871732473373413,0.3208291530609131
shapenet1088,cabinet,0.48032665252685547,0.5265511870384216,0.6053696274757385,0.7969197630882263
shapenet1091,cabinet,0.430629163980484,0.7549843788146973,0.9291415810585022,1.0393147468566895
shapenet1092,cabinet,0.2999478280544281,0.3485453426837921,0.4422767162322998,0.6896648406982422
shapenet1093,cabinet,0.37135982513427734,0.4546327590942383,0.5553298592567444,0.6863114833831787
shapenet1096,cabinet,0.1429305523633957,0.1959768682718277,0.300104022026062,0.5825149416923523
shapenet1097,cabinet,0.14396154880523682,0.25719913840293884,0.4491595923900604,0.6367878317832947
shapenet1099,cabinet,0.45828357338905334,0.5252994894981384,0.6014678478240967,0.7452729344367981
shapenet1100,cabinet,0.25923436880111694,0.3101526200771332,0.4067939221858978,0.6625515818595886
shapenet1103,cabinet,0.30339157581329346,0.4127105474472046,0.5027077794075012,0.6199437975883484
shapenet1111,cabinet,0.3779568672180176,0.467519611120224,0.5322758555412292,0.6239143013954163
shapenet1113,cabinet,0.30160287022590637,0.35699549317359924,0.44234272837638855,0.6707899570465088
shapenet1117,cabinet,0.2654014229774475,0.3176434338092804,0.41404321789741516,0.6739931106567383
shapenet1119,cabinet,0.3121946454048157,0.36066555976867676,0.45411357283592224,0.6980696320533752
shapenet1120,cabinet,0.2651330530643463,0.3206711709499359,0.42137226462364197,0.6824102401733398
shapenet1121,cabinet,0.17771798372268677,0.22973684966564178,0.297265887260437,0.41586026549339294
shapenet1123,cabinet,0.5642764568328857,0.6036861538887024,0.6747124791145325,0.8385527729988098
shapenet1125,cabinet,0.16729621589183807,0.33124667406082153,0.42644262313842773,0.5509772300720215
shapenet1127,cabinet,0.5652629733085632,0.6069512963294983,0.6791282296180725,0.8431177139282227
shapenet1129,cabinet,0.5949628949165344,0.7022080421447754,0.8346023559570312,0.9416878819465637
shapenet1131,cabinet,0.10211026668548584,0.24198119342327118,0.35731077194213867,0.4935709238052368
shapenet1137,cabinet,0.26728466153144836,0.31786447763442993,0.415361613035202,0.6740314364433289
shapenet1141,cabinet,0.5872136354446411,0.6199193596839905,0.6770143508911133,0.7931120991706848
shapenet1142,cabinet,0.5252222418785095,0.5929394364356995,0.6651316285133362,0.7844638824462891
shapenet1143,cabinet,0.6174505352973938,0.7739924788475037,0.9283894896507263,1.0111842155456543
shapenet1144,cabinet,0.5523865818977356,0.7831873297691345,0.9211181998252869,1.0177706480026245
shapenet1145,cabinet,0.07706101983785629,0.12301424890756607,0.21846526861190796,0.3510550558567047
shapenet1146,cabinet,0.4785277843475342,0.6536886692047119,0.7335538268089294,0.8692429661750793
shapenet1147,cabinet,0.2998702824115753,0.34068846702575684,0.4162042438983917,0.6137849688529968
shapenet1149,cabinet,0.36006489396095276,0.39762863516807556,0.4796006381511688,0.6994624137878418
shapenet1155,cabinet,0.19276787340641022,0.26323437690734863,0.3950008153915405,0.5612589716911316
shapenet1157,cabinet,0.3129313886165619,0.42293503880500793,0.5153517127037048,0.6270056366920471
shapenet1159,cabinet,0.26266348361968994,0.31496861577033997,0.41154977679252625,0.6722744107246399
shapenet1160,cabinet,0.554233729839325,0.7488773465156555,0.9385876655578613,1.0338250398635864
shapenet1161,cabinet,0.6515820622444153,0.7287335991859436,0.8005616068840027,0.9197723865509033
shapenet1163,cabinet,0.25491586327552795,0.3087264597415924,0.3952692449092865,0.6325998902320862
shapenet1168,cabinet,0.21545876562595367,0.37805435061454773,0.5783484578132629,0.7574792504310608
shapenet1171,cabinet,0.3137480616569519,0.3621711730957031,0.45439398288726807,0.6988032460212708
shapenet1172,cabinet,0.15691262483596802,0.20334959030151367,0.29213985800743103,0.4390033781528473
shapenet1174,cabinet,0.25600990653038025,0.4281921684741974,0.5477187633514404,0.655590295791626
shapenet1178,cabinet,0.5657289624214172,0.7811765670776367,0.9377043843269348,1.0215425491333008
shapenet1179,cabinet,0.12581391632556915,0.16054439544677734,0.26303836703300476,0.4364086091518402
shapenet1182,cabinet,0.23794670403003693,0.3108729124069214,0.40744271874427795,0.5442408919334412
shapenet1183,cabinet,0.17103751003742218,0.27794739603996277,0.37195292115211487,0.555339515209198
shapenet1184,cabinet,0.25593301653862,0.3068360984325409,0.40568673610687256,0.6680312156677246
shapenet1186,cabinet,0.703559160232544,0.7748869061470032,0.8281398415565491,0.8904737830162048
shapenet1187,cabinet,0.01612532138824463,0.055249374359846115,0.1373891681432724,0.26675692200660706
shapenet1189,cabinet,0.47271665930747986,0.515591561794281,0.5915046334266663,0.7808666229248047
shapenet1190,cabinet,0.6703081130981445,0.7163519859313965,0.7881764769554138,0.9118974804878235
shapenet1191,cabinet,0.026620546355843544,0.06291922181844711,0.11727269738912582,0.2407950609922409
shapenet1194,cabinet,0.4197653532028198,0.703143298625946,0.9209693074226379,1.0336170196533203
shapenet1196,cabinet,0.26556113362312317,0.3144838809967041,0.41263625025749207,0.6701750159263611
shapenet1197,cabinet,0.4537773132324219,0.4957069456577301,0.5716080665588379,0.7669294476509094
shapenet1199,cabinet,0.46097204089164734,0.5070603489875793,0.5871763229370117,0.7834405303001404
shapenet1200,cabinet,0.5776354670524597,0.6992633938789368,0.7624192237854004,0.8392278552055359
shapenet1201,cabinet,0.6224387288093567,0.7369000315666199,0.7978364825248718,0.8506867289543152
shapenet1202,cabinet,0.2401760071516037,0.29249659180641174,0.3926476240158081,0.6596389412879944
shapenet1208,cabinet,0.43865254521369934,0.5677525997161865,0.6482598781585693,0.8133379817008972
shapenet1210,cabinet,0.5689042210578918,0.6256800889968872,0.7093349099159241,0.8317947387695312
shapenet1211,cabinet,0.1444159746170044,0.21083177626132965,0.30983781814575195,0.5743858814239502
shapenet1212,cabinet,0.5272517800331116,0.7170648574829102,0.9156985878944397,1.0179768800735474
shapenet1215,cabinet,0.246954545378685,0.2991693317890167,0.3992551863193512,0.6654758453369141
shapenet1216,cabinet,0.48581695556640625,0.5208413004875183,0.5956686735153198,0.7788503766059875
shapenet1218,cabinet,0.21976608037948608,0.3123207092285156,0.4082586467266083,0.5541180968284607
shapenet1220,cabinet,0.6508057117462158,0.7604206204414368,0.879725456237793,0.9815470576286316
shapenet1222,cabinet,0.6454365849494934,0.6881532669067383,0.7616639137268066,0.8875187039375305
shapenet1224,cabinet,0.2886764705181122,0.339731365442276,0.43365445733070374,0.6851298809051514
shapenet1226,cabinet,0.0341963954269886,0.1149640902876854,0.2162133902311325,0.34230709075927734
shapenet1227,cabinet,0.6271146535873413,0.676920473575592,0.7268186211585999,0.8249601721763611
shapenet1228,cabinet,0.33125588297843933,0.37771734595298767,0.4687438905239105,0.7066892981529236
shapenet1232,cabinet,0.5223047137260437,0.5798501372337341,0.6575990319252014,0.8251020312309265
shapenet1234,cabinet,0.60417240858078,0.7359793186187744,0.8351051807403564,0.8971711993217468
shapenet1241,cabinet,0.05782175064086914,0.12930439412593842,0.2399354726076126,0.5501105785369873
shapenet1242,cabinet,0.17406301200389862,0.20877112448215485,0.3231739103794098,0.5156558156013489
shapenet1245,cabinet,0.30568963289260864,0.3545244634151459,0.4484018087387085,0.6955123543739319
shapenet1250,cabinet,0.4279429614543915,0.5650486946105957,0.6836951375007629,0.778062641620636
shapenet1252,cabinet,0.6180920004844666,0.6553237438201904,0.7214312553405762,0.8621980547904968
shapenet1253,cabinet,0.5532817244529724,0.6128764748573303,0.6916216015815735,0.8494775295257568
shapenet1255,cabinet,0.48761287331581116,0.564184844493866,0.630850076675415,0.7772877216339111
shapenet1256,cabinet,0.37429022789001465,0.418923020362854,0.5050109028816223,0.7290995717048645
shapenet1258,cabinet,0.5701739192008972,0.7311956882476807,0.9231688976287842,1.0143996477127075
shapenet1259,cabinet,0.006027360912412405,0.032664451748132706,0.1498979777097702,0.284985214471817
shapenet1260,cabinet,0.6783977150917053,0.7859911918640137,0.8793073296546936,0.9633108973503113
shapenet1262,cabinet,0.06058812141418457,0.10196708887815475,0.21170634031295776,0.32130327820777893
shapenet1263,cabinet,0.4590533971786499,0.5170969367027283,0.5868640542030334,0.7480039000511169
shapenet1264,cabinet,0.5702280402183533,0.7405288219451904,0.9359555244445801,1.029895305633545
shapenet1267,cabinet,0.3263867199420929,0.5273191332817078,0.6327075362205505,0.7116056084632874
shapenet1269,cabinet,0.5322865843772888,0.7261078953742981,0.8263506889343262,0.9070723056793213
shapenet1271,cabinet,0.41754773259162903,0.4599820673465729,0.5403753519058228,0.7481327056884766
shapenet1273,cabinet,0.42950639128685,0.6891949772834778,0.8718788027763367,0.9782585501670837
shapenet1274,cabinet,0.5735474228858948,0.6564821004867554,0.7266120910644531,0.8223249316215515
shapenet1275,cabinet,0.3202076852321625,0.36761894822120667,0.4596845209598541,0.700909435749054
shapenet1276,cabinet,0.19467632472515106,0.2329811304807663,0.31930169463157654,0.471604585647583
shapenet1278,cabinet,0.3086698353290558,0.35782551765441895,0.44418540596961975,0.6694206595420837
shapenet1279,cabinet,0.2553443908691406,0.36823591589927673,0.5050086379051208,0.688476026058197
shapenet1283,cabinet,0.16784338653087616,0.3048666715621948,0.41179540753364563,0.5557414293289185
shapenet1285,cabinet,0.01054553221911192,0.04509258270263672,0.13198624551296234,0.2696095407009125
shapenet1286,cabinet,0.4986797869205475,0.581314742565155,0.6840489506721497,0.7851262092590332
shapenet1287,cabinet,0.2633868157863617,0.31533345580101013,0.41618168354034424,0.5921604037284851
shapenet1288,cabinet,0.5520970225334167,0.7152389883995056,0.8970701098442078,0.9900042414665222
shapenet1290,cabinet,0.5604745149612427,0.7370951175689697,0.9123113751411438,1.0054569244384766
shapenet1292,cabinet,0.0030778248328715563,0.030317865312099457,0.17375193536281586,0.4295875132083893
shapenet1294,cabinet,0.4192074239253998,0.452032208442688,0.5253012776374817,0.6463668942451477
shapenet1295,cabinet,0.017089227214455605,0.07593243569135666,0.21354158222675323,0.4042149782180786
shapenet1296,cabinet,0.5193164348602295,0.5498610138893127,0.6285135746002197,0.7595705389976501
shapenet1297,cabinet,0.43977394700050354,0.5756638050079346,0.6673392653465271,0.8153142333030701
shapenet1298,cabinet,0.13056175410747528,0.20757083594799042,0.308148056268692,0.5196513533592224
shapenet1299,cabinet,0.28764671087265015,0.4021797180175781,0.49644550681114197,0.6170496344566345
shapenet1300,cabinet,0.4790055751800537,0.5171356201171875,0.5983789563179016,0.788947343826294
shapenet1303,cabinet,0.5014782547950745,0.5903484225273132,0.6618313789367676,0.7426531910896301
shapenet1304,cabinet,0.2938053607940674,0.34413638710975647,0.4372220039367676,0.687271773815155
shapenet1306,cabinet,0.08835569769144058,0.22906796634197235,0.3883441984653473,0.5941455364227295
shapenet1308,cabinet,0.11328158527612686,0.19508664309978485,0.3108629882335663,0.5425986647605896
shapenet1310,cabinet,0.0846061110496521,0.11602594703435898,0.20271550118923187,0.3508369028568268
shapenet1312,cabinet,0.5372917652130127,0.6173184514045715,0.7212130427360535,0.8115916848182678
shapenet1314,cabinet,0.01618272066116333,0.04140708968043327,0.0893983319401741,0.206754669547081
shapenet1315,cabinet,0.18058012425899506,0.2272503823041916,0.3295537233352661,0.5961421132087708
shapenet1316,cabinet,0.5550057291984558,0.593113899230957,0.6634051203727722,0.8266255855560303
shapenet1317,cabinet,0.2796154320240021,0.3233849108219147,0.41883978247642517,0.5561111569404602
shapenet1318,cabinet,0.3828316032886505,0.4478950500488281,0.5613142848014832,0.7281670570373535
shapenet1320,cabinet,0.39674511551856995,0.5921277403831482,0.7619442343711853,0.9173400402069092
shapenet1321,cabinet,0.5225765109062195,0.5577408671379089,0.6316314339637756,0.799694836139679
shapenet1322,cabinet,0.35883986949920654,0.4991648197174072,0.6009101271629333,0.6822247505187988
shapenet1324,cabinet,0.05867111682891846,0.10909559577703476,0.2407347708940506,0.4836679995059967
shapenet1325,cabinet,0.38652992248535156,0.43182992935180664,0.516569972038269,0.7365074157714844
shapenet1328,cabinet,0.015077312476933002,0.07853350788354874,0.2099490612745285,0.3852500915527344
shapenet1330,cabinet,0.5512925982475281,0.7434613108634949,0.9367300868034363,1.036604404449463
shapenet1333,cabinet,0.17012880742549896,0.25079345703125,0.3975456655025482,0.6074760556221008
shapenet1337,cabinet,0.44200563430786133,0.48432183265686035,0.5635433197021484,0.764151394367218
shapenet1339,cabinet,0.42698541283607483,0.5150781869888306,0.5960195064544678,0.7843288779258728
shapenet1341,cabinet,0.5068209171295166,0.7083694934844971,0.920805037021637,1.022119164466858
shapenet1347,cabinet,0.20328520238399506,0.257079541683197,0.35868725180625916,0.6341390013694763
shapenet1349,cabinet,0.19245408475399017,0.23799999058246613,0.3670317232608795,0.577850878238678
shapenet1351,cabinet,0.23991651833057404,0.2919214367866516,0.3921252191066742,0.6595533490180969
shapenet1353,cabinet,0.27646681666374207,0.327664315700531,0.42305198311805725,0.6786363124847412
shapenet1354,cabinet,0.24387522041797638,0.3584938943386078,0.4792550504207611,0.6703479886054993
shapenet1357,cabinet,0.3909861147403717,0.5994790196418762,0.6803314089775085,0.7817325592041016
shapenet1358,cabinet,0.3372771739959717,0.3607226312160492,0.418001264333725,0.5147479176521301
shapenet1359,cabinet,0.44996145367622375,0.65591961145401,0.8602979183197021,0.9740529656410217
shapenet1360,cabinet,0.16082842648029327,0.3133077323436737,0.45631659030914307,0.6091449856758118
shapenet1361,cabinet,0.7643714547157288,0.8091519474983215,0.8493593335151672,0.911004364490509
shapenet1362,cabinet,0.2241668552160263,0.2777075469493866,0.3785623013973236,0.6507826447486877
shapenet1364,cabinet,0.24808013439178467,0.2969453036785126,0.4213503897190094,0.5820481777191162
shapenet1369,cabinet,0.5383152961730957,0.720924437046051,0.9145333170890808,1.008793592453003
shapenet1372,cabinet,0.04156430438160896,0.07462266832590103,0.15511509776115417,0.28672775626182556
shapenet1375,cabinet,0.2755984365940094,0.3224632441997528,0.42024001479148865,0.6741450428962708
shapenet1377,cabinet,0.6267630457878113,0.6649987697601318,0.7278986573219299,0.8593834042549133
shapenet1378,cabinet,0.3991757929325104,0.4556852877140045,0.544287919998169,0.7515230178833008
shapenet1380,cabinet,0.2389754205942154,0.3102419376373291,0.4121420383453369,0.5619337558746338
shapenet1381,cabinet,0.6303384304046631,0.7637102603912354,0.9314202666282654,1.0155119895935059
shapenet1383,cabinet,0.06982211023569107,0.16054295003414154,0.24456225335597992,0.36385151743888855
shapenet1386,cabinet,0.5031699538230896,0.5585393309593201,0.6263561844825745,0.7089044451713562
shapenet1390,cabinet,0.25617536902427673,0.3416389226913452,0.4332136809825897,0.5899232029914856
shapenet1391,cabinet,0.13577158749103546,0.17757420241832733,0.27509090304374695,0.42385315895080566
shapenet1392,cabinet,0.16991309821605682,0.22061987221240997,0.31399667263031006,0.5231330394744873
shapenet1393,cabinet,0.3565613925457001,0.4001908302307129,0.4861704409122467,0.711454451084137
shapenet1394,cabinet,0.2904592752456665,0.42060622572898865,0.5040576457977295,0.6218042969703674
shapenet1396,cabinet,0.27984631061553955,0.3278423845767975,0.4245201051235199,0.6779017448425293
shapenet1397,cabinet,0.4151730239391327,0.452798455953598,0.5269143581390381,0.719058096408844
shapenet1401,cabinet,0.384633868932724,0.43387332558631897,0.5211359858512878,0.7453879714012146
shapenet1402,cabinet,0.5762528777122498,0.7080622315406799,0.7820242047309875,0.8854904770851135
shapenet1404,cabinet,0.492297887802124,0.7322395443916321,0.916789710521698,1.0092717409133911
shapenet1406,cabinet,0.2844465374946594,0.3341848850250244,0.4300163686275482,0.6834122538566589
shapenet1411,cabinet,0.3490091860294342,0.40822744369506836,0.5201694965362549,0.6716392040252686
shapenet1413,cabinet,0.13118402659893036,0.1767949014902115,0.28122180700302124,0.5630432367324829
shapenet1418,cabinet,0.5694491267204285,0.7557124495506287,0.9253482222557068,1.013782024383545
shapenet1419,cabinet,0.4872623383998871,0.5162427425384521,0.5659200549125671,0.6418766379356384
shapenet1421,cabinet,0.6296674609184265,0.6656805276870728,0.727957546710968,0.8695359826087952
shapenet1422,cabinet,0.26802051067352295,0.3180728852748871,0.4160698354244232,0.6746349930763245
shapenet1423,cabinet,0.050772566348314285,0.12828326225280762,0.2310352325439453,0.39376530051231384
shapenet1427,cabinet,0.37495914101600647,0.5220925211906433,0.6099814176559448,0.695026695728302
shapenet1428,cabinet,0.5967225432395935,0.7731572985649109,0.9308006167411804,1.0186630487442017
shapenet1429,cabinet,0.5074700713157654,0.6041449308395386,0.7349711060523987,0.8614807724952698
shapenet1433,cabinet,0.545804500579834,0.7560359835624695,0.930676281452179,1.0203231573104858
shapenet1435,cabinet,0.49564099311828613,0.6138580441474915,0.6963725686073303,0.7912607192993164
shapenet1436,cabinet,0.3208269476890564,0.3685329854488373,0.4605931043624878,0.7025198936462402
shapenet1439,cabinet,0.37959715723991394,0.528998851776123,0.6061107516288757,0.699319064617157
shapenet1441,cabinet,0.2768302857875824,0.3259354829788208,0.42339184880256653,0.6789517998695374
shapenet1445,cabinet,0.2711426317691803,0.3207606375217438,0.41813012957572937,0.6752042770385742
shapenet1448,cabinet,0.10101725906133652,0.12285534292459488,0.2272540181875229,0.3968472182750702
shapenet1449,cabinet,0.16723959147930145,0.2147088199853897,0.3037359416484833,0.47537216544151306
shapenet1451,cabinet,0.2501968741416931,0.3479820191860199,0.4578019082546234,0.5763988494873047
shapenet1455,cabinet,0.3311651647090912,0.3774111568927765,0.46957191824913025,0.7086451649665833
shapenet1460,cabinet,0.22524292767047882,0.2803543508052826,0.3560696840286255,0.47986021637916565
shapenet1466,cabinet,0.27872997522354126,0.3278241455554962,0.4234018325805664,0.6762780547142029
shapenet1468,cabinet,0.5772519707679749,0.7599107623100281,0.9406893849372864,1.0244272947311401
shapenet1470,cabinet,0.33095020055770874,0.4050849378108978,0.5001404285430908,0.6956331729888916
shapenet1472,cabinet,0.28850576281547546,0.3374219834804535,0.431409627199173,0.6811032891273499
shapenet1473,cabinet,0.18858373165130615,0.24418987333774567,0.34950363636016846,0.6329882740974426
shapenet1474,cabinet,0.5471619963645935,0.749727725982666,0.9136287569999695,1.0139516592025757
shapenet1475,cabinet,0.0010072787990793586,0.08592980355024338,0.21694958209991455,0.4024096727371216
shapenet1477,cabinet,0.5192030668258667,0.6975345015525818,0.8135401606559753,0.9200830459594727
shapenet1478,cabinet,0.2643857002258301,0.31387877464294434,0.410482794046402,0.6687576174736023
shapenet1479,cabinet,0.5502220988273621,0.715315580368042,0.8918183445930481,0.9923126101493835
shapenet1480,cabinet,0.06815990060567856,0.11119738221168518,0.21089984476566315,0.35980069637298584
shapenet1484,cabinet,0.15695752203464508,0.20599479973316193,0.30608049035072327,0.5539875030517578
shapenet1486,cabinet,0.5234335064888,0.6237803101539612,0.7053421139717102,0.8045644164085388
shapenet1487,cabinet,0.17669148743152618,0.27793049812316895,0.38757482171058655,0.5225726962089539
shapenet1489,cabinet,0.07581088691949844,0.10685231536626816,0.22941146790981293,0.42326247692108154
shapenet1491,cabinet,0.654602587223053,0.6816908717155457,0.7369109988212585,0.8498509526252747
shapenet1494,cabinet,0.3250463902950287,0.3811105489730835,0.4657799303531647,0.6772469878196716
shapenet1495,cabinet,0.08538850396871567,0.1311054676771164,0.21434564888477325,0.3697962462902069
shapenet2,car,0.795896589756012,0.8371810913085938,0.9024593830108643,0.9744003415107727
shapenet3,car,0.3504106104373932,0.3719019591808319,0.5167691111564636,0.719362735748291
shapenet4,car,0.17064087092876434,0.21322214603424072,0.38842377066612244,0.6223700642585754
shapenet5,car,0.6881174445152283,0.7788023948669434,0.8148646354675293,0.8393316268920898
shapenet6,car,0.15759630501270294,0.18786008656024933,0.36067715287208557,0.6111125349998474
shapenet10,car,0.9690249562263489,0.9850921630859375,1.0278748273849487,1.074332594871521
shapenet11,car,0.07812460511922836,0.11203411221504211,0.2532736361026764,0.4833347797393799
shapenet13,car,0.27846017479896545,0.32647719979286194,0.4641282558441162,0.6462492346763611
shapenet15,car,1.0073727369308472,1.0442848205566406,1.0798096656799316,1.1145951747894287
shapenet18,car,0.5992042422294617,0.722114086151123,0.7886562943458557,0.8394600749015808
shapenet19,car,0.8434001803398132,0.8904994130134583,0.9416210055351257,1.007909893989563
shapenet20,car,0.05422977730631828,0.08375426381826401,0.2820996046066284,0.5619631409645081
shapenet22,car,0.5033699870109558,0.566113293170929,0.6762598156929016,0.8251254558563232
shapenet23,car,0.6875079274177551,0.7802359461784363,0.8662688136100769,0.9379518628120422
shapenet24,car,0.9256876111030579,0.9459044933319092,0.9855782389640808,1.0354527235031128
shapenet25,car,0.7246899008750916,0.7359626889228821,0.8176761269569397,0.9212676882743835
shapenet26,car,0.10750218480825424,0.15696443617343903,0.22337095439434052,0.327507883310318
shapenet28,car,0.2307119369506836,0.2634460926055908,0.3966323137283325,0.5960795879364014
shapenet35,car,0.4920783042907715,0.7046089172363281,0.8020729422569275,0.9188420176506042
shapenet37,car,0.7979106903076172,0.8288397192955017,0.8914850354194641,0.9731737971305847
shapenet41,car,1.0431127548217773,1.0665713548660278,1.102095127105713,1.136395812034607
shapenet42,car,0.857405960559845,0.9090509414672852,0.9668211340904236,1.0196119546890259
shapenet46,car,0.5096732974052429,0.536305844783783,0.6546127796173096,0.8229548335075378
shapenet49,car,0.2856994569301605,0.3195837736129761,0.43273282051086426,0.6039531826972961
shapenet50,car,0.728755533695221,0.7979933619499207,0.8759434819221497,0.9518916010856628
shapenet53,car,0.06684794276952744,0.07696861028671265,0.10569538921117783,0.16272906959056854
shapenet55,car,0.6650263667106628,0.8618385195732117,0.9314584732055664,1.0097378492355347
shapenet57,car,0.6899676322937012,0.7838714718818665,0.8579515814781189,0.9253740310668945
shapenet62,car,0.9773324131965637,1.0106943845748901,1.0556373596191406,1.0904844999313354
shapenet71,car,0.18679113686084747,0.24546588957309723,0.41644442081451416,0.6405338644981384
shapenet72,car,0.20963527262210846,0.25560179352760315,0.41658544540405273,0.6322930455207825
shapenet73,car,0.20062805712223053,0.22602128982543945,0.3424715995788574,0.5093650221824646
shapenet74,car,0.44960546493530273,0.46528148651123047,0.601782500743866,0.7852106690406799
shapenet75,car,0.2567812502384186,0.28216564655303955,0.389439195394516,0.5718589425086975
shapenet80,car,0.5285186767578125,0.7297345995903015,0.8221327662467957,0.9308498501777649
shapenet82,car,0.14435242116451263,0.1717844158411026,0.35134950280189514,0.6068970561027527
shapenet83,car,0.9667903780937195,1.002259612083435,1.0434151887893677,1.0861297845840454
shapenet86,car,0.12282367795705795,0.14759624004364014,0.33442428708076477,0.5973145365715027
shapenet87,car,0.20969201624393463,0.24772882461547852,0.3924095332622528,0.6011999249458313
shapenet90,car,0.0878579244017601,0.11929204314947128,0.3068638741970062,0.5750846266746521
shapenet91,car,0.8250702023506165,0.9035639762878418,0.961338460445404,1.008867621421814
shapenet97,car,0.023646434769034386,0.03673718869686127,0.05159276723861694,0.07239484786987305
shapenet101,car,0.2523530125617981,0.27801230549812317,0.4407787024974823,0.6741778254508972
shapenet102,car,0.45668062567710876,0.4865480363368988,0.612628161907196,0.7839197516441345
shapenet103,car,0.31973209977149963,0.3660926818847656,0.5052824020385742,0.6845784187316895
shapenet104,car,0.20535965263843536,0.24440859258174896,0.4092663824558258,0.6289739608764648
shapenet107,car,0.08891552686691284,0.11098269373178482,0.13733021914958954,0.17612849175930023
shapenet110,car,0.12924151122570038,0.1591462641954422,0.2705601155757904,0.44766271114349365
shapenet112,car,0.9548718333244324,0.9882314801216125,1.0284243822097778,1.069696307182312
shapenet115,car,0.8896093368530273,0.9098882675170898,0.9720532298088074,1.0383378267288208
shapenet116,car,0.013649503700435162,0.042263466864824295,0.09486985206604004,0.1551421880722046
shapenet118,car,0.6959197521209717,0.706569492816925,0.7933347821235657,0.9050252437591553
shapenet119,car,0.8742710947990417,0.9404651522636414,1.001667857170105,1.058097243309021
shapenet120,car,0.1001986488699913,0.12611046433448792,0.31746312975883484,0.5871843695640564
shapenet123,car,0.31211957335472107,0.46089696884155273,0.6033498048782349,0.7871289253234863
shapenet124,car,0.006863097194582224,0.018330873921513557,0.03183066472411156,0.054542601108551025
shapenet125,car,0.7452694773674011,0.7849108576774597,0.8283997178077698,0.8781354427337646
shapenet126,car,0.06777409464120865,0.09743060916662216,0.2941424548625946,0.5696558952331543
shapenet128,car,0.28677791357040405,0.3085182011127472,0.4549834728240967,0.6569554209709167
shapenet129,car,0.04180433228611946,0.0673750713467598,0.25292471051216125,0.5092774033546448
shapenet133,car,0.18133194744586945,0.21092772483825684,0.36672016978263855,0.5934416651725769
shapenet134,car,0.9558526873588562,0.9881183505058289,1.0187045335769653,1.0470603704452515
shapenet136,car,0.2658775746822357,0.28854453563690186,0.3414386808872223,0.41282057762145996
shapenet142,car,0.10273879766464233,0.1321677565574646,0.3200279474258423,0.5888450145721436
shapenet144,car,0.9941641688346863,1.0300112962722778,1.0778870582580566,1.1251968145370483
shapenet148,car,0.18663696944713593,0.23195035755634308,0.29590722918510437,0.36410272121429443
shapenet151,car,0.5258217453956604,0.5571823716163635,0.6650202870368958,0.805402934551239
shapenet152,car,0.14042823016643524,0.1604384183883667,0.1969517022371292,0.2507002055644989
shapenet153,car,0.999549150466919,1.0427449941635132,1.0796171426773071,1.1173230409622192
shapenet154,car,0.021621784195303917,0.08308422565460205,0.1445600390434265,0.1967267394065857
shapenet156,car,0.2809440791606903,0.3256826400756836,0.4505597651004791,0.6302658915519714
shapenet157,car,0.9765100479125977,1.0111587047576904,1.0520920753479004,1.085218071937561
shapenet160,car,0.6845689415931702,0.7688252329826355,0.8408735394477844,0.9329473376274109
shapenet161,car,0.5373480319976807,0.7501080632209778,0.8388329148292542,0.9437956809997559
shapenet162,car,0.9970585703849792,1.022875189781189,1.0687402486801147,1.1108046770095825
shapenet163,car,0.1965850442647934,0.22650063037872314,0.36271366477012634,0.569858729839325
shapenet164,car,0.2239169329404831,0.2651771008968353,0.40840303897857666,0.6117782592773438
shapenet165,car,0.03520878031849861,0.04540005698800087,0.058163389563560486,0.0797700583934784
shapenet167,car,0.1879875659942627,0.2136521339416504,0.39405906200408936,0.6426372528076172
shapenet169,car,0.45101284980773926,0.5931286215782166,0.7117436528205872,0.8618206977844238
shapenet171,car,0.06600352376699448,0.08017819374799728,0.09926853328943253,0.12072644382715225
shapenet172,car,0.2578431963920593,0.30244338512420654,0.4444904327392578,0.6343048810958862
shapenet176,car,0.5067433714866638,0.5276482701301575,0.6553813815116882,0.8228737711906433
shapenet178,car,0.08268535137176514,0.1644960194826126,0.25125405192375183,0.3927241563796997
shapenet179,car,0.5963683128356934,0.6496344208717346,0.7459511756896973,0.8771757483482361
shapenet184,car,0.41967344284057617,0.4388697147369385,0.554686427116394,0.720596969127655
shapenet185,car,0.8304122090339661,0.88425612449646,0.928337574005127,0.9562221169471741
shapenet186,car,0.7809234261512756,0.8454251289367676,0.9099145531654358,0.9845538139343262
shapenet191,car,0.155783548951149,0.18087613582611084,0.26063448190689087,0.37435778975486755
shapenet192,car,0.8118956089019775,0.9124215245246887,0.9635491371154785,1.0225948095321655
shapenet193,car,0.6112793684005737,0.781787097454071,0.8645079731941223,0.9586691856384277
shapenet194,car,1.054691195487976,1.0756537914276123,1.10606050491333,1.1387763023376465
shapenet196,car,0.05787106230854988,0.08037442713975906,0.11581078171730042,0.15797610580921173
shapenet197,car,0.2783504128456116,0.3014804422855377,0.4669508934020996,0.6959007382392883
shapenet199,car,0.20269183814525604,0.24423976242542267,0.3927133083343506,0.6034350395202637
shapenet200,car,0.44396546483039856,0.5056590437889099,0.622690737247467,0.7869603633880615
shapenet203,car,0.22826410830020905,0.2930286228656769,0.35021305084228516,0.4533662796020508
shapenet204,car,0.6656930446624756,0.6795949935913086,0.7759581208229065,0.8957638740539551
shapenet210,car,0.8584440350532532,0.8942389488220215,0.9560545086860657,1.02311372756958
shapenet211,car,0.029768267646431923,0.04075052961707115,0.056448135524988174,0.08949360996484756
shapenet213,car,0.38085612654685974,0.5666101574897766,0.6902791857719421,0.8445106148719788
shapenet214,car,0.030320147052407265,0.05401128530502319,0.10279256105422974,0.17727482318878174
shapenet215,car,0.837237536907196,0.8550167679786682,0.9237697720527649,1.0085405111312866
shapenet216,car,0.1445324569940567,0.17497344315052032,0.34229031205177307,0.5833575129508972
shapenet220,car,0.11938965320587158,0.18845908343791962,0.23486024141311646,0.3084084689617157
shapenet226,car,0.7351264357566833,0.8117942810058594,0.8711123466491699,0.9166774153709412
shapenet227,car,0.022186914458870888,0.051021840423345566,0.2517907917499542,0.5355088114738464
shapenet228,car,0.41558611392974854,0.5628531575202942,0.6868851184844971,0.8446331024169922
shapenet230,car,0.32698503136634827,0.34861037135124207,0.47078076004981995,0.645918607711792
shapenet231,car,0.6810977458953857,0.7231246829032898,0.8115501403808594,0.9310908317565918
shapenet232,car,0.7170581221580505,0.7334305644035339,0.8046061396598816,0.9026980400085449
shapenet233,car,0.7813361287117004,0.8279464244842529,0.8940308094024658,0.9657642245292664
shapenet236,car,0.7989441752433777,0.8437824249267578,0.9035768508911133,0.9627924561500549
shapenet237,car,0.09196903556585312,0.2908508777618408,0.3813905715942383,0.5283166766166687
shapenet239,car,0.13992278277873993,0.17064082622528076,0.2688871920108795,0.44270965456962585
shapenet240,car,0.4004575312137604,0.6017829179763794,0.7167701721191406,0.8588770031929016
shapenet241,car,0.7553827166557312,0.783977210521698,0.8722524642944336,0.9815546870231628
shapenet242,car,0.4573702812194824,0.6227001547813416,0.7530043721199036,0.8188211917877197
shapenet243,car,0.5471498370170593,0.5783529281616211,0.683739185333252,0.8286697864532471
shapenet244,car,0.30067482590675354,0.3552272617816925,0.4969041347503662,0.6774064898490906
shapenet248,car,0.08454249054193497,0.12154413014650345,0.30321618914604187,0.5416515469551086
shapenet249,car,1.0467087030410767,1.064369797706604,1.0955473184585571,1.1281121969223022
shapenet250,car,0.014925519935786724,0.023639673367142677,0.032477084547281265,0.046774882823228836
shapenet252,car,0.8536621928215027,0.9132314324378967,0.9739208817481995,1.025100588798523
shapenet255,car,0.447944313287735,0.5026169419288635,0.5539281964302063,0.6137462258338928
shapenet257,car,0.1903439164161682,0.22284753620624542,0.36007586121559143,0.5723435878753662
shapenet260,car,0.7666458487510681,0.8029544949531555,0.8677985668182373,0.9471952319145203
shapenet262,car,0.8068129420280457,0.829589307308197,0.8843834400177002,0.9593403935432434
shapenet264,car,0.2583271563053131,0.3067570626735687,0.4530048072338104,0.6463159918785095
shapenet265,car,1.006717324256897,1.0370439291000366,1.074087142944336,1.1120997667312622
shapenet266,car,0.9686713814735413,1.0217093229293823,1.0760809183120728,1.12222158908844
shapenet268,car,0.7956104874610901,0.8523893356323242,0.9118699431419373,0.9639397263526917
shapenet269,car,0.2379998117685318,0.257400780916214,0.43174663186073303,0.6734970211982727
shapenet271,car,0.612699568271637,0.6271149516105652,0.7308473587036133,0.8695194125175476
shapenet275,car,0.2518952488899231,0.2981085479259491,0.44780150055885315,0.645084798336029
shapenet276,car,0.872551441192627,0.8974799513816833,0.9586984515190125,1.026698112487793
shapenet278,car,0.12810496985912323,0.2427549511194229,0.3499220311641693,0.48635420203208923
shapenet280,car,0.13058067858219147,0.15952584147453308,0.34564271569252014,0.6069118976593018
shapenet281,car,0.27068206667900085,0.3105631172657013,0.4432682991027832,0.6235611438751221
shapenet282,car,0.5910083651542664,0.6531504392623901,0.701801598072052,0.743706464767456
shapenet284,car,0.8012170195579529,0.8621101379394531,0.9110772013664246,0.9595316052436829
shapenet285,car,0.9445660710334778,0.9935768246650696,1.041172742843628,1.0828388929367065
shapenet288,car,0.4609947204589844,0.48132452368736267,0.6149298548698425,0.7994140982627869
shapenet289,car,0.8426523208618164,0.909721851348877,0.966099739074707,1.0308386087417603
shapenet293,car,0.3452250063419342,0.38173234462738037,0.5092845559120178,0.6814925074577332
shapenet294,car,0.18095733225345612,0.21836049854755402,0.2861539125442505,0.42543652653694153
shapenet295,car,0.22340553998947144,0.25620314478874207,0.3977036774158478,0.6043360233306885
shapenet299,car,1.0357959270477295,1.050715684890747,1.0755138397216797,1.1087943315505981
shapenet300,car,0.5645005106925964,0.7965459227561951,0.8779399394989014,0.971533477306366
shapenet302,car,0.004816154483705759,0.01981394737958908,0.03721018508076668,0.06501416116952896
shapenet303,car,0.7485324740409851,0.80818772315979,0.8828004002571106,0.9747385382652283
shapenet304,car,0.5419495701789856,0.5629873275756836,0.6774792671203613,0.8297204971313477
shapenet305,car,1.0186699628829956,1.0527067184448242,1.091513752937317,1.1271100044250488
shapenet306,car,0.16119857132434845,0.2105671912431717,0.31470003724098206,0.42285025119781494
shapenet307,car,0.14574486017227173,0.17364270985126495,0.3583102524280548,0.6178838014602661
shapenet308,car,0.23705004155635834,0.2683037519454956,0.3904377520084381,0.584507942199707
shapenet310,car,0.15567819774150848,0.18378199636936188,0.3669534921646118,0.6224167346954346
shapenet311,car,0.6761879920959473,0.7274832725524902,0.7838287353515625,0.8385700583457947
shapenet321,car,0.34164634346961975,0.383194237947464,0.5007889270782471,0.6628836989402771
shapenet323,car,0.21123339235782623,0.2418181449174881,0.3723105192184448,0.5765454173088074
shapenet328,car,0.3318648636341095,0.3572101294994354,0.5039663910865784,0.7122220993041992
shapenet330,car,0.14459465444087982,0.16486476361751556,0.2915385067462921,0.5050618052482605
shapenet332,car,0.17162169516086578,0.20308136940002441,0.3418106138706207,0.564488410949707
shapenet333,car,0.6955022215843201,0.7719436287879944,0.8465798497200012,0.945704460144043
shapenet335,car,0.2948985993862152,0.3327799439430237,0.4694373309612274,0.6478610634803772
shapenet337,car,0.9857321381568909,1.0204799175262451,1.0505123138427734,1.0840964317321777
shapenet345,car,0.10794653743505478,0.14007075130939484,0.3293430507183075,0.590001106262207
shapenet346,car,0.6942756175994873,0.8959032893180847,0.956537663936615,1.023454189300537
shapenet347,car,0.11830788850784302,0.20388402044773102,0.26392439007759094,0.39868757128715515
shapenet348,car,0.3054758906364441,0.3443807065486908,0.49578678607940674,0.7111608386039734
shapenet350,car,0.8598058223724365,0.9053059220314026,0.9497268199920654,0.9831240177154541
shapenet351,car,0.4614161550998688,0.6671926975250244,0.770246684551239,0.8944708704948425
shapenet352,car,0.16285119950771332,0.19056785106658936,0.22744043171405792,0.28915688395500183
shapenet355,car,1.0164635181427002,1.041636347770691,1.0792241096496582,1.115231990814209
shapenet356,car,0.2546134889125824,0.2725200355052948,0.3418922424316406,0.4686829149723053
shapenet358,car,0.1547555774450302,0.2497320920228958,0.32319048047065735,0.4808235466480255
shapenet359,car,0.2501337230205536,0.2754381000995636,0.44390225410461426,0.6787531971931458
shapenet361,car,0.7099030017852783,0.7482017874717712,0.824677050113678,0.9275633692741394
shapenet363,car,0.03013855218887329,0.09113381057977676,0.1823471337556839,0.27168187499046326
shapenet366,car,0.8905159831047058,0.9146819710731506,0.9707127213478088,1.0335956811904907
shapenet368,car,0.6141329407691956,0.6311443448066711,0.7162258625030518,0.8289573192596436
shapenet370,car,0.7027071118354797,0.7535080313682556,0.8411856293678284,0.9467399716377258
shapenet372,car,0.5561019778251648,0.5719714760780334,0.6891054511070251,0.8462929725646973
shapenet374,car,0.13354434072971344,0.19716091454029083,0.3180221915245056,0.5336768627166748
shapenet375,car,0.0787566676735878,0.0875287726521492,0.10376837849617004,0.13053639233112335
shapenet376,car,0.9198573231697083,0.9771197438240051,1.0338867902755737,1.0762543678283691
shapenet377,car,0.029068470001220703,0.043442923575639725,0.0617394894361496,0.09102445095777512
shapenet378,car,0.21108798682689667,0.2483580857515335,0.3962523937225342,0.6056592464447021
shapenet379,car,0.759403645992279,0.7889523506164551,0.874898374080658,0.9886295795440674
shapenet380,car,0.4405125081539154,0.6356443166732788,0.7447752952575684,0.878439724445343
shapenet385,car,0.07140793651342392,0.1425534337759018,0.2812736928462982,0.5063295364379883
shapenet387,car,0.5414480566978455,0.5754543542861938,0.6966034770011902,0.8517263531684875
shapenet388,car,0.5401938557624817,0.5842999219894409,0.6758418679237366,0.7998924255371094
shapenet389,car,1.0226203203201294,1.0443391799926758,1.085652470588684,1.128825068473816
shapenet392,car,0.5273991227149963,0.5621592998504639,0.6834867596626282,0.8452005386352539
shapenet393,car,0.2673339247703552,0.31082645058631897,0.4572172164916992,0.654535710811615
shapenet397,car,0.8682401180267334,0.9612986445426941,1.0060882568359375,1.0503686666488647
shapenet400,car,0.6461473107337952,0.6710339188575745,0.7709797024726868,0.902331531047821
shapenet405,car,0.023697853088378906,0.02835751511156559,0.039645466953516006,0.06070302799344063
shapenet410,car,0.2861403822898865,0.30985555052757263,0.47422826290130615,0.7010322213172913
shapenet411,car,0.8585975170135498,0.9288761615753174,0.9957945942878723,1.049248218536377
shapenet412,car,0.02626899816095829,0.0500791110098362,0.0740806832909584,0.10274600982666016
shapenet413,car,0.7701220512390137,0.7816630005836487,0.8447952270507812,0.9306827187538147
shapenet415,car,0.22307245433330536,0.2558022737503052,0.3010841906070709,0.4014943540096283
shapenet418,car,0.26728591322898865,0.297795832157135,0.45450958609580994,0.6785256266593933
shapenet420,car,0.7852044701576233,0.9520623087882996,1.0005178451538086,1.053272008895874
shapenet422,car,0.17432041466236115,0.19252783060073853,0.2581145465373993,0.42217907309532166
shapenet423,car,0.829864501953125,0.876524031162262,0.9208354949951172,0.9652926325798035
shapenet424,car,0.8804221153259277,0.8943572044372559,0.931477963924408,0.9833453297615051
shapenet429,car,0.07791266590356827,0.22144119441509247,0.31821829080581665,0.4996147155761719
shapenet431,car,0.6548081040382385,0.6983456611633301,0.7597060203552246,0.8226473927497864
shapenet432,car,0.04975064471364021,0.06390789896249771,0.08159506320953369,0.1065056324005127
shapenet439,car,0.4158425033092499,0.5023735165596008,0.5919554829597473,0.6876394152641296
shapenet440,car,0.6188718676567078,0.7866654992103577,0.8727628588676453,0.9115470051765442
shapenet443,car,0.6257463097572327,0.6652491688728333,0.7616527676582336,0.8881593346595764
shapenet444,car,0.6899134516716003,0.8918814063072205,0.9523223042488098,1.019294261932373
shapenet447,car,0.7349638938903809,0.856429398059845,0.9236979484558105,1.0020155906677246
shapenet449,car,0.1829901486635208,0.215362548828125,0.3554953634738922,0.570321798324585
shapenet450,car,0.004383941646665335,0.025258434936404228,0.03458071127533913,0.05361307039856911
shapenet453,car,0.3472423553466797,0.3700411319732666,0.5246517062187195,0.7359599471092224
shapenet455,car,0.08800151199102402,0.2053053379058838,0.31226223707199097,0.4917116165161133
shapenet458,car,0.0475265197455883,0.0759679451584816,0.10066624730825424,0.13556651771068573
shapenet459,car,0.20228888094425201,0.24024951457977295,0.3459380865097046,0.49565601348876953
shapenet461,car,0.10105911642313004,0.1292884200811386,0.16043712198734283,0.2017514854669571
shapenet462,car,0.8610461354255676,0.9126484990119934,0.9560132026672363,0.986806333065033
shapenet464,car,0.7983291149139404,0.8491985201835632,0.8963636755943298,0.9555284380912781
shapenet469,car,0.9095022678375244,0.9744680523872375,1.0369757413864136,1.083598256111145
shapenet471,car,0.20445317029953003,0.25026872754096985,0.41346386075019836,0.6306487917900085
shapenet473,car,0.20351667702198029,0.2524813413619995,0.417215496301651,0.632476806640625
shapenet474,car,0.6129654049873352,0.6723507046699524,0.7806203365325928,0.9058311581611633
shapenet476,car,0.18944083154201508,0.22194218635559082,0.3585202693939209,0.5731827616691589
shapenet477,car,0.22246432304382324,0.28717681765556335,0.37187305092811584,0.44522035121917725
shapenet478,car,0.6240481734275818,0.6384356617927551,0.7296093106269836,0.8543677926063538
shapenet480,car,0.05840142443776131,0.10043501108884811,0.25583383440971375,0.4677834212779999
shapenet482,car,0.7250691056251526,0.763240396976471,0.8276287913322449,0.9069738984107971
shapenet484,car,0.18666355311870575,0.22376443445682526,0.3871951997280121,0.6114626526832581
shapenet486,car,0.7997722625732422,0.9325327277183533,0.9890863299369812,1.0440372228622437
shapenet488,car,0.048359375447034836,0.056794892996549606,0.0680774450302124,0.08432114124298096
shapenet490,car,0.9155071377754211,0.9554939866065979,0.9946337342262268,1.0309885740280151
shapenet496,car,0.1814473271369934,0.22630326449871063,0.27339884638786316,0.3594188988208771
shapenet497,car,1.0182627439498901,1.043420433998108,1.0792572498321533,1.1149612665176392
shapenet498,car,0.7138423919677734,0.7382643818855286,0.8209977746009827,0.9178714752197266
shapenet501,car,0.21225543320178986,0.24432556331157684,0.4009837210178375,0.6198768019676208
shapenet504,car,0.2103661447763443,0.25115859508514404,0.4144054353237152,0.6324117183685303
shapenet505,car,0.8257792592048645,0.858666181564331,0.9308600425720215,1.014577031135559
shapenet506,car,0.8075875639915466,0.8742464184761047,0.9194774627685547,0.9450005888938904
shapenet507,car,0.24335120618343353,0.28882157802581787,0.4285087287425995,0.629001796245575
shapenet509,car,0.7726015448570251,0.8198647499084473,0.8804712295532227,0.9312704205513
shapenet510,car,0.2654845416545868,0.405402809381485,0.5561161637306213,0.7522092461585999
shapenet513,car,0.25916582345962524,0.4312732517719269,0.5722952485084534,0.757055938243866
shapenet514,car,0.6162523627281189,0.7064130902290344,0.7727830410003662,0.8481664657592773
shapenet515,car,0.7334727644920349,0.7469701766967773,0.8127642273902893,0.9045403003692627
shapenet516,car,0.8563862442970276,0.8854043483734131,0.9220343232154846,0.9532768130302429
shapenet518,car,0.8347470760345459,0.8855821490287781,0.9311239123344421,0.991938591003418
shapenet520,car,0.26867154240608215,0.3141324818134308,0.4676055908203125,0.6648383140563965
shapenet521,car,0.7026895880699158,0.7161860466003418,0.8091979622840881,0.9291698336601257
shapenet523,car,0.21686987578868866,0.2601667642593384,0.42077842354774475,0.6334412693977356
shapenet526,car,0.6323197484016418,0.6796340942382812,0.7538725733757019,0.8631953597068787
shapenet527,car,0.6742733120918274,0.7353822588920593,0.7722237706184387,0.7920333743095398
shapenet529,car,0.5069303512573242,0.5248093008995056,0.6475200653076172,0.8137734532356262
shapenet534,car,0.06590614467859268,0.09688282757997513,0.285504549741745,0.5571145415306091
shapenet535,car,0.5870729088783264,0.6275486350059509,0.7268326878547668,0.8568263649940491
shapenet537,car,0.16088759899139404,0.19437973201274872,0.25465166568756104,0.35276541113853455
shapenet541,car,0.7914802432060242,0.8819615244865417,0.9486039280891418,1.0208667516708374
shapenet544,car,0.8802159428596497,0.9160814881324768,0.9629265666007996,1.0126041173934937
shapenet546,car,0.1287779062986374,0.14193002879619598,0.2570664882659912,0.4633387625217438
shapenet547,car,0.9062668681144714,0.9304696917533875,0.9598873257637024,0.9860507845878601
shapenet548,car,0.01987314224243164,0.029458947479724884,0.04070829600095749,0.061014726758003235
shapenet550,car,0.6464081406593323,0.8546066284179688,0.9250773787498474,1.0034019947052002
shapenet554,car,0.22637586295604706,0.263135701417923,0.40153875946998596,0.6053321361541748
shapenet555,car,0.08298160880804062,0.17786110937595367,0.31035587191581726,0.5199088454246521
shapenet567,car,0.8615126609802246,0.9193692803382874,0.9554080963134766,0.9886791110038757
shapenet569,car,0.949345052242279,0.9882287383079529,1.0370925664901733,1.0853809118270874
shapenet572,car,0.44643545150756836,0.5980096459388733,0.7086436152458191,0.854191243648529
shapenet574,car,0.19940336048603058,0.23373980820178986,0.3926645815372467,0.6121057868003845
shapenet577,car,0.1305074840784073,0.15405850112438202,0.1764656901359558,0.20589172840118408
shapenet580,car,0.799456775188446,0.8476602435112,0.9264470934867859,1.0038057565689087
shapenet584,car,0.15931636095046997,0.18491460382938385,0.3660299479961395,0.6195201873779297
shapenet586,car,0.15585702657699585,0.18073536455631256,0.3639437258243561,0.6181567311286926
shapenet590,car,0.11396376043558121,0.1572444885969162,0.26415136456489563,0.45722496509552
shapenet591,car,0.3674051761627197,0.3933235704898834,0.535820722579956,0.7411918044090271
shapenet592,car,0.7328398823738098,0.7440147995948792,0.824962317943573,0.9255240559577942
shapenet593,car,0.9136773943901062,0.9354639649391174,0.9763159155845642,1.0298959016799927
shapenet597,car,0.22208768129348755,0.2635032832622528,0.41284528374671936,0.6159956455230713
shapenet598,car,0.19948630034923553,0.2430071085691452,0.40138009190559387,0.6184090971946716
shapenet599,car,1.033310890197754,1.0616825819015503,1.0995793342590332,1.1349788904190063
shapenet600,car,0.279229074716568,0.3237520456314087,0.46999678015708923,0.6602975130081177
shapenet604,car,0.9846546053886414,1.0322026014328003,1.0660123825073242,1.099804162979126
shapenet605,car,0.18775831162929535,0.21134990453720093,0.31800517439842224,0.47032418847084045
shapenet608,car,0.753823459148407,0.783702552318573,0.8527809977531433,0.9438958764076233
shapenet609,car,0.2389322966337204,0.2675015926361084,0.38637569546699524,0.5780906081199646
shapenet612,car,0.2345605343580246,0.26463761925697327,0.37643513083457947,0.5472066402435303
shapenet616,car,0.9218794703483582,0.9574107527732849,1.004635214805603,1.0523074865341187
shapenet617,car,0.0384831428527832,0.055669624358415604,0.07282910495996475,0.10510016232728958
shapenet619,car,0.7211227416992188,0.8258907794952393,0.8757607340812683,0.9008910655975342
shapenet620,car,0.8998568654060364,0.9502565264701843,0.9869458079338074,1.0138849020004272
shapenet622,car,0.05730925127863884,0.08442377299070358,0.26321670413017273,0.5088086128234863
shapenet623,car,0.024837017059326172,0.034863509237766266,0.04801441356539726,0.06462552398443222
shapenet628,car,0.8212854862213135,0.8838184475898743,0.9280907511711121,0.9605998992919922
shapenet629,car,0.12281741946935654,0.15778295695781708,0.2577984035015106,0.41693902015686035
shapenet633,car,0.19175837934017181,0.21305221319198608,0.3878664970397949,0.632986843585968
shapenet635,car,0.135877788066864,0.1660071313381195,0.3460434675216675,0.6052724123001099
shapenet636,car,0.5270215272903442,0.741415798664093,0.8323946595191956,0.9410245418548584
shapenet638,car,0.9718268513679504,1.0106509923934937,1.0479038953781128,1.087349772453308
shapenet639,car,0.23575055599212646,0.2581375539302826,0.4057370126247406,0.6141663789749146
shapenet640,car,0.13751183450222015,0.16614948213100433,0.35028955340385437,0.6090673208236694
shapenet644,car,0.9922817349433899,1.0060778856277466,1.0395503044128418,1.0778666734695435
shapenet646,car,0.8222820162773132,0.900626003742218,0.9465551972389221,0.9898748397827148
shapenet652,car,0.21320046484470367,0.25512710213661194,0.4206920862197876,0.6401557326316833
shapenet653,car,0.8796527981758118,0.9200957417488098,0.9632417559623718,1.010006308555603
shapenet656,car,0.816159725189209,0.8803053498268127,0.9480558037757874,1.011217474937439
shapenet658,car,0.23673437535762787,0.2805287539958954,0.42817962169647217,0.6241450905799866
shapenet662,car,0.3094283640384674,0.4431442320346832,0.5894730687141418,0.7790725827217102
shapenet664,car,0.8123554587364197,0.8815553188323975,0.9300575256347656,0.9770566821098328
shapenet665,car,0.17139668762683868,0.21337497234344482,0.38590312004089355,0.6171835064888
shapenet666,car,0.5290980935096741,0.5435000061988831,0.6596278548240662,0.8156556487083435
shapenet667,car,0.24793989956378937,0.27119430899620056,0.43411341309547424,0.6629608273506165
shapenet677,car,0.07828245311975479,0.08997120708227158,0.11741888523101807,0.16853798925876617
shapenet678,car,0.25566181540489197,0.2957954704761505,0.4489994943141937,0.6519248485565186
shapenet679,car,0.5408151149749756,0.6560781598091125,0.7605786323547363,0.8518142700195312
shapenet682,car,0.22260801494121552,0.2812546491622925,0.4454137086868286,0.6571404337882996
shapenet683,car,0.5100894570350647,0.525357186794281,0.6498742699623108,0.8159088492393494
shapenet686,car,0.3204859793186188,0.36568698287010193,0.5126726031303406,0.7165849208831787
shapenet687,car,0.9283439517021179,0.9513890147209167,0.9954860806465149,1.0416334867477417
shapenet690,car,0.5967664122581482,0.7882780432701111,0.8715097308158875,0.9704397320747375
shapenet691,car,0.06972160190343857,0.09906371682882309,0.2945770025253296,0.5713621973991394
shapenet692,car,0.8655486106872559,0.8836461901664734,0.9508267045021057,1.0244985818862915
shapenet693,car,0.6852455139160156,0.8547677397727966,0.9152019023895264,0.9510700106620789
shapenet697,car,0.7129506468772888,0.7418727874755859,0.8329392075538635,0.9423015713691711
shapenet699,car,0.010666926391422749,0.017747776582837105,0.028096230700612068,0.04899344965815544
shapenet702,car,0.15133731067180634,0.1738855093717575,0.35958757996559143,0.6179147362709045
shapenet703,car,0.9842129349708557,1.0151838064193726,1.0542470216751099,1.0854862928390503
shapenet708,car,0.0734010711312294,0.10488629341125488,0.2951318025588989,0.5680703520774841
shapenet711,car,0.11246899515390396,0.17522279918193817,0.25373372435569763,0.36939486861228943
shapenet714,car,0.3064587116241455,0.33441638946533203,0.4896455705165863,0.7047677636146545
shapenet715,car,0.2193726748228073,0.25289836525917053,0.4008118212223053,0.6147351861000061
shapenet718,car,0.5897563099861145,0.6043084263801575,0.7042285799980164,0.8429349064826965
shapenet719,car,0.8279051780700684,0.871928870677948,0.9334641098976135,0.995471179485321
shapenet722,car,0.7510706782341003,0.8656231760978699,0.9138946533203125,0.9466181397438049
shapenet724,car,0.3615318834781647,0.3968621492385864,0.44832801818847656,0.5016788840293884
shapenet725,car,0.7150809168815613,0.7575517296791077,0.8429038524627686,0.9450540542602539
shapenet732,car,0.09031852334737778,0.11947772651910782,0.3133402168750763,0.5845605731010437
shapenet734,car,0.5215876698493958,0.7349424362182617,0.8265118598937988,0.9338681101799011
shapenet736,car,0.21851980686187744,0.2490127831697464,0.3818434774875641,0.5867581963539124
shapenet739,car,0.2137392908334732,0.2524878978729248,0.4106561839580536,0.6234208941459656
shapenet740,car,0.6395973563194275,0.6741825938224792,0.7851225733757019,0.9117634296417236
shapenet743,car,0.5684642195701599,0.6504222750663757,0.7543196678161621,0.873026430606842
shapenet744,car,0.9022820591926575,0.9715887904167175,1.0327041149139404,1.086426019668579
shapenet749,car,1.0039921998977661,1.0318965911865234,1.0591068267822266,1.0858477354049683
shapenet751,car,0.6453547477722168,0.6700810790061951,0.771919310092926,0.9034750461578369
shapenet757,car,0.6102768778800964,0.8389270901679993,0.9109444618225098,0.9933488965034485
shapenet759,car,0.8717169165611267,0.8929657936096191,0.9390900731086731,1.0069397687911987
shapenet760,car,0.5066111087799072,0.7174881100654602,0.8116092681884766,0.9234135150909424
shapenet761,car,0.7456739544868469,0.7588034272193909,0.8382372260093689,0.9323158860206604
shapenet762,car,0.14408312737941742,0.17156030237674713,0.3612462282180786,0.6216128468513489
shapenet766,car,0.42997002601623535,0.446260929107666,0.5723017454147339,0.7328413128852844
shapenet770,car,0.13583745062351227,0.16960392892360687,0.32281339168548584,0.5571715235710144
shapenet771,car,0.18891076743602753,0.2314898520708084,0.39123818278312683,0.6113240718841553
shapenet772,car,0.1447959542274475,0.17096631228923798,0.35676637291908264,0.6156847476959229
shapenet773,car,0.6387979984283447,0.6496614813804626,0.752618134021759,0.8875953555107117
shapenet774,car,0.8486501574516296,0.9231464266777039,0.992137610912323,1.046976923942566
shapenet775,car,0.8743278384208679,0.9886126518249512,1.0299458503723145,1.0634748935699463
shapenet782,car,0.44813108444213867,0.46795663237571716,0.6017249226570129,0.784755289554596
shapenet790,car,0.683260977268219,0.7805907726287842,0.8358020782470703,0.8855487704277039
shapenet791,car,0.19815771281719208,0.23093147575855255,0.37133729457855225,0.5717673301696777
shapenet796,car,0.9788166880607605,0.9992873072624207,1.0365275144577026,1.0706037282943726
shapenet797,car,0.7550366520881653,0.8354955315589905,0.8766435980796814,0.9096331000328064
shapenet798,car,0.6359075903892517,0.6642528176307678,0.7606807351112366,0.8699547648429871
shapenet799,car,0.020047565922141075,0.03342929482460022,0.05462169647216797,0.088473379611969
shapenet800,car,0.13428758084774017,0.17605622112751007,0.3590967357158661,0.6040788292884827
shapenet801,car,0.7624966502189636,0.8219089508056641,0.8702651858329773,0.9199347496032715
shapenet804,car,0.3544257581233978,0.3896971642971039,0.47737109661102295,0.6332119107246399
shapenet805,car,0.9995432496070862,1.0415531396865845,1.0816453695297241,1.120156168937683
shapenet808,car,0.18051205575466156,0.20742715895175934,0.38626277446746826,0.6349940896034241
shapenet811,car,0.46748948097229004,0.5154173970222473,0.6462444067001343,0.8083228468894958
shapenet812,car,0.860800564289093,0.8936944007873535,0.9441418647766113,0.9964227676391602
shapenet813,car,0.027814766392111778,0.03738481551408768,0.04998670145869255,0.06754239648580551
shapenet814,car,0.03010968305170536,0.04696724936366081,0.07150568813085556,0.11754387617111206
shapenet816,car,0.8191164135932922,0.867011547088623,0.9173925518989563,0.9738219380378723
shapenet817,car,0.7874247431755066,0.8157384991645813,0.8866357207298279,0.9792812466621399
shapenet818,car,0.015893161296844482,0.025565141811966896,0.035924240946769714,0.05559572950005531
shapenet820,car,0.7384292483329773,0.8177042007446289,0.8850312232971191,0.962716817855835
shapenet825,car,1.0289020538330078,1.051925778388977,1.0764790773391724,1.0959628820419312
shapenet826,car,0.9527505040168762,0.9679074287414551,1.0004085302352905,1.0399208068847656
shapenet827,car,0.12291258573532104,0.16363437473773956,0.3327147960662842,0.5757787227630615
shapenet831,car,0.16054260730743408,0.20534831285476685,0.30886808037757874,0.4757492244243622
shapenet832,car,0.10573786497116089,0.13415808975696564,0.3202783763408661,0.5854802131652832
shapenet833,car,0.10868372768163681,0.14713187515735626,0.24472050368785858,0.4025726616382599
shapenet835,car,0.2756582796573639,0.3235717713832855,0.46154680848121643,0.6507721543312073
shapenet837,car,0.8831510543823242,0.942210853099823,0.9851639866828918,1.0400973558425903
shapenet840,car,0.7483224868774414,0.7995542883872986,0.8488571643829346,0.8992124199867249
shapenet845,car,0.5772992968559265,0.6038947105407715,0.683605968952179,0.8012915253639221
shapenet846,car,0.5120660662651062,0.5293322205543518,0.6493063569068909,0.8142532706260681
shapenet848,car,0.17170529067516327,0.22768859565258026,0.2916213274002075,0.3579462468624115
shapenet851,car,0.24533480405807495,0.2850210666656494,0.4203966557979584,0.6163687705993652
shapenet852,car,0.021477261558175087,0.03250912204384804,0.044904064387083054,0.06812359392642975
shapenet854,car,0.6203815340995789,0.7991201281547546,0.8764532208442688,0.9708690643310547
shapenet856,car,0.13636857271194458,0.1619189828634262,0.3476675748825073,0.6080523133277893
shapenet859,car,0.7469479441642761,0.7632028460502625,0.8489143252372742,0.9571733474731445
shapenet860,car,0.19319148361682892,0.22400574386119843,0.38421395421028137,0.6124921441078186
shapenet861,car,0.8619134426116943,0.9125847816467285,0.9549028873443604,0.9805387854576111
shapenet863,car,0.8340784907341003,0.891802966594696,0.9308679103851318,0.9601981043815613
shapenet867,car,0.6170449256896973,0.6489123702049255,0.7266393303871155,0.8292002081871033
shapenet869,car,0.5200011730194092,0.5802717804908752,0.6567440032958984,0.7519734501838684
shapenet871,car,0.5243093371391296,0.7331311106681824,0.8208272457122803,0.9278762340545654
shapenet873,car,1.0189926624298096,1.0453691482543945,1.0803314447402954,1.1140915155410767
shapenet877,car,0.2931551933288574,0.3175075352191925,0.47295722365379333,0.693813145160675
shapenet878,car,0.7847724556922913,0.8031774163246155,0.8846060633659363,0.9780423045158386
shapenet879,car,0.8371350169181824,0.8936631083488464,0.9390342235565186,0.9685500264167786
shapenet884,car,0.6836144924163818,0.7489916682243347,0.8258759379386902,0.8861234784126282
shapenet886,car,0.11820902675390244,0.14656342566013336,0.3378988802433014,0.6029983162879944
shapenet888,car,0.5695273876190186,0.5853824615478516,0.6921055316925049,0.8340743184089661
shapenet891,car,0.23976121842861176,0.28434813022613525,0.4397578239440918,0.6432890295982361
shapenet893,car,0.6327677369117737,0.8295814990997314,0.902626097202301,0.9887485504150391
shapenet898,car,0.17677783966064453,0.20812009274959564,0.35518383979797363,0.5761482119560242
shapenet899,car,0.3922767639160156,0.4182802140712738,0.5628796219825745,0.7608415484428406
shapenet901,car,0.3086513578891754,0.33604681491851807,0.4177703857421875,0.587892472743988
shapenet902,car,0.8766918778419495,0.958970308303833,1.0068838596343994,1.0452256202697754
shapenet903,car,0.11029529571533203,0.12674643099308014,0.14237169921398163,0.1758784055709839
shapenet904,car,0.8114016652107239,0.8748059272766113,0.9312527775764465,0.9815097451210022
shapenet906,car,0.8187230229377747,0.8344287872314453,0.8943079113960266,0.9771013259887695
shapenet913,car,0.5899887084960938,0.6035585999488831,0.7141597867012024,0.8586816787719727
shapenet914,car,0.3993798792362213,0.4185124337673187,0.5621733665466309,0.755732536315918
shapenet915,car,1.0230607986450195,1.049101710319519,1.0780237913131714,1.0965701341629028
shapenet916,car,0.1241069808602333,0.16195176541805267,0.26577886939048767,0.44490107893943787
shapenet918,car,0.815908670425415,0.8583769798278809,0.9033002853393555,0.9493522644042969
shapenet919,car,0.267769455909729,0.3154260814189911,0.4566556215286255,0.6484996676445007
shapenet923,car,0.7073186039924622,0.7380037903785706,0.7922503352165222,0.8668029308319092
shapenet924,car,0.9853290915489197,1.0321906805038452,1.0751703977584839,1.1164159774780273
shapenet925,car,0.8244173526763916,0.9163222312927246,0.9959900975227356,1.063207745552063
shapenet927,car,0.825251042842865,0.8796265721321106,0.9215419292449951,0.9600152373313904
shapenet930,car,0.15690600872039795,0.23380808532238007,0.33656492829322815,0.47473666071891785
shapenet938,car,0.11473115533590317,0.17790935933589935,0.3612480163574219,0.6083016991615295
shapenet939,car,0.1346842646598816,0.16026721894741058,0.3472752273082733,0.607377290725708
shapenet941,car,0.8344435095787048,0.8541454672813416,0.9219617247581482,0.9985017776489258
shapenet942,car,0.7242138981819153,0.7766871452331543,0.8846963047981262,0.9838805794715881
shapenet943,car,0.2557533383369446,0.28099581599235535,0.444548636674881,0.6755574345588684
shapenet946,car,0.33522331714630127,0.3780846893787384,0.5023762583732605,0.6779229044914246
shapenet949,car,0.7840215563774109,0.8416561484336853,0.8808436989784241,0.9106205105781555
shapenet950,car,0.8697059750556946,0.9102827906608582,0.9689696431159973,1.037962555885315
shapenet952,car,0.01735951565206051,0.02589511312544346,0.037130922079086304,0.05775522068142891
shapenet953,car,0.11093630641698837,0.13820745050907135,0.32539018988609314,0.5902264714241028
shapenet954,car,0.10151519626379013,0.13622747361660004,0.3259240686893463,0.5838600993156433
shapenet955,car,0.21305377781391144,0.26445072889328003,0.42629554867744446,0.6397125720977783
shapenet956,car,0.876453161239624,0.9212031364440918,0.9617409706115723,0.9899006485939026
shapenet957,car,0.5714107155799866,0.6140316128730774,0.712935745716095,0.8434775471687317
shapenet958,car,0.7920634150505066,0.838121235370636,0.8898800015449524,0.975614070892334
shapenet959,car,0.9439453482627869,0.9668974280357361,1.0067068338394165,1.0414133071899414
shapenet960,car,0.8551340103149414,0.9112462401390076,0.9635490775108337,1.0249508619308472
shapenet966,car,0.5664750337600708,0.6239749789237976,0.6993508338928223,0.7971649169921875
shapenet967,car,0.7712566256523132,0.8329691886901855,0.8754168152809143,0.9129086136817932
shapenet974,car,0.6237965226173401,0.8497182726860046,0.9200289249420166,0.9997024536132812
shapenet977,car,0.7318863868713379,0.8066363334655762,0.8666660785675049,0.9087346196174622
shapenet978,car,0.2744174301624298,0.31155481934547424,0.4340788424015045,0.6195414662361145
shapenet979,car,0.875728189945221,0.9150685667991638,0.9565134644508362,0.9990364909172058
shapenet983,car,0.19511348009109497,0.23011286556720734,0.36993908882141113,0.584301233291626
shapenet984,car,0.5795540809631348,0.7958712577819824,0.8761321902275085,0.9684689044952393
shapenet989,car,0.3635283410549164,0.3856474459171295,0.5336751341819763,0.7372726798057556
shapenet990,car,0.4246104657649994,0.6259226202964783,0.7348537445068359,0.8706372380256653
shapenet991,car,0.9072756171226501,0.9392337203025818,0.9862666130065918,1.0367645025253296
shapenet994,car,0.017612576484680176,0.02935311198234558,0.04128216207027435,0.06578635424375534
shapenet1000,car,0.6889104843139648,0.7886751294136047,0.8573984503746033,0.9203093647956848
shapenet1003,car,0.24597281217575073,0.26818254590034485,0.43825045228004456,0.6726530194282532
shapenet1005,car,0.5822696089744568,0.5966855883598328,0.7023535370826721,0.8473873734474182
shapenet1008,car,0.20717401802539825,0.29402628540992737,0.35464349389076233,0.40903782844543457
shapenet1009,car,0.16079889237880707,0.18315666913986206,0.315573126077652,0.5074743628501892
shapenet1010,car,1.0062350034713745,1.0346803665161133,1.0652960538864136,1.0965074300765991
shapenet1016,car,0.4301478862762451,0.45013654232025146,0.5870955586433411,0.7748422622680664
shapenet1019,car,0.8113970160484314,0.8955119252204895,0.9592239260673523,1.0170948505401611
shapenet1020,car,0.2955290973186493,0.3227400481700897,0.45563945174217224,0.6494280695915222
shapenet1023,car,0.21281059086322784,0.2388141006231308,0.41198885440826416,0.6521636843681335
shapenet1024,car,0.8474411964416504,0.9107687473297119,0.9526588320732117,0.9804654717445374
shapenet1025,car,0.7668982148170471,0.8584091067314148,0.9367764592170715,1.0017987489700317
shapenet1026,car,0.24263428151607513,0.2740667164325714,0.38312986493110657,0.5640324950218201
shapenet1028,car,0.021009841933846474,0.034262366592884064,0.04676516726613045,0.06365523487329483
shapenet1030,car,0.9770572185516357,1.00802743434906,1.0392227172851562,1.0713087320327759
shapenet1033,car,0.0845598578453064,0.11351289600133896,0.30070605874061584,0.5693886280059814
shapenet1034,car,0.5624540448188782,0.6863527297973633,0.7405198216438293,0.7667348384857178
shapenet1035,car,0.9389259815216064,0.9427728652954102,0.9701554775238037,1.0037903785705566
shapenet1036,car,0.8318044543266296,0.861577033996582,0.9260743260383606,1.0071215629577637
shapenet1037,car,0.8028190732002258,0.9030153155326843,0.9582952857017517,1.0155848264694214
shapenet1041,car,0.27637919783592224,0.31283578276634216,0.4348427951335907,0.610436201095581
shapenet1042,car,1.0483570098876953,1.0655267238616943,1.092747449874878,1.1246075630187988
shapenet1043,car,0.8998723030090332,0.9428126215934753,0.9924232959747314,1.0334270000457764
shapenet1047,car,0.6201978325843811,0.6335899829864502,0.7235674858093262,0.8484202027320862
shapenet1048,car,0.5148648619651794,0.5314303040504456,0.6557316780090332,0.8226539492607117
shapenet1049,car,0.2638643682003021,0.29678142070770264,0.44629552960395813,0.6521923542022705
shapenet1050,car,0.6223058104515076,0.6670711636543274,0.768138587474823,0.8989717364311218
shapenet1053,car,0.4782414734363556,0.5096036791801453,0.60670405626297,0.7401754260063171
shapenet1055,car,0.0953189954161644,0.1863662451505661,0.30585214495658875,0.5129503607749939
shapenet1056,car,0.8182516098022461,0.8676127791404724,0.9071566462516785,0.948091983795166
shapenet1057,car,0.2107936292886734,0.24359606206417084,0.3804147243499756,0.5870717167854309
shapenet1061,car,0.34714391827583313,0.37692710757255554,0.527864396572113,0.7350785732269287
shapenet1062,car,0.11021474748849869,0.14153535664081573,0.32653626799583435,0.5913816094398499
shapenet1066,car,0.19444994628429413,0.23402716219425201,0.29170697927474976,0.42758020758628845
shapenet1067,car,1.014184832572937,1.0507906675338745,1.087805151939392,1.1234275102615356
shapenet1070,car,0.4685927629470825,0.4869636595249176,0.6184645891189575,0.797358512878418
shapenet1074,car,0.16020405292510986,0.1874365359544754,0.36969783902168274,0.6248151659965515
shapenet1078,car,0.40149760246276855,0.4321552813053131,0.5640692114830017,0.7487010955810547
shapenet1079,car,0.70721435546875,0.7274500727653503,0.8184202313423157,0.9397105574607849
shapenet1081,car,0.9934632778167725,1.0199472904205322,1.0479824542999268,1.0795040130615234
shapenet1082,car,0.07126209884881973,0.11800283193588257,0.2785608172416687,0.5283541083335876
shapenet1084,car,0.13501472771167755,0.25544628500938416,0.33263957500457764,0.4889484643936157
shapenet1085,car,0.2996535003185272,0.3279111683368683,0.4676980972290039,0.675126314163208
shapenet1086,car,1.0404914617538452,1.0642449855804443,1.1018095016479492,1.1454981565475464
shapenet1088,car,0.12361949682235718,0.20009155571460724,0.26558300852775574,0.3961386978626251
shapenet1091,car,0.038001496344804764,0.05614735558629036,0.08239934593439102,0.11553270369768143
shapenet1092,car,0.22949910163879395,0.2672645151615143,0.4126697778701782,0.6212781071662903
shapenet1093,car,0.7440525889396667,0.8215294480323792,0.8842902183532715,0.9370758533477783
shapenet1096,car,0.09307905286550522,0.12337496131658554,0.3122621774673462,0.5804641246795654
shapenet1097,car,0.6611217856407166,0.6775700449943542,0.7548162937164307,0.8524706959724426
shapenet1099,car,0.5118460655212402,0.5278504490852356,0.6411493420600891,0.7986812591552734
shapenet1100,car,0.07752279192209244,0.19293974339962006,0.3051047623157501,0.49997591972351074
shapenet1103,car,0.4544464647769928,0.6645010113716125,0.7676733136177063,0.892333984375
shapenet1111,car,0.6125211119651794,0.7554135322570801,0.8395416140556335,0.942875862121582
shapenet1113,car,0.3051733672618866,0.3291037976741791,0.4886538088321686,0.7108935713768005
shapenet1117,car,0.20393525063991547,0.23393620550632477,0.3688168525695801,0.5771271586418152
shapenet1119,car,0.23946094512939453,0.26633623242378235,0.3645898103713989,0.5508392453193665
shapenet1120,car,0.17661915719509125,0.20021498203277588,0.2548450827598572,0.4103592336177826
shapenet1121,car,0.9327154755592346,0.9757266640663147,1.0155396461486816,1.050224781036377
shapenet1123,car,0.23306696116924286,0.255752831697464,0.3061083257198334,0.39591288566589355
shapenet1125,car,0.6493205428123474,0.8580324053764343,0.9269712567329407,1.003981590270996
shapenet1127,car,0.2508026659488678,0.2757958173751831,0.319068044424057,0.3963240087032318
shapenet1129,car,0.1284434050321579,0.1413739174604416,0.18021611869335175,0.23356308043003082
shapenet1131,car,0.7804169058799744,0.9347741007804871,0.9868318438529968,1.0454366207122803
shapenet1137,car,0.19975756108760834,0.23466332256793976,0.37928685545921326,0.5926907062530518
shapenet1141,car,0.8607818484306335,0.9347540736198425,0.9854972958564758,1.0407226085662842
shapenet1142,car,0.6252555251121521,0.6483701467514038,0.7483253479003906,0.8770251274108887
shapenet1143,car,0.02123051881790161,0.029767734929919243,0.04566539451479912,0.07070543617010117
shapenet1144,car,0.08095379918813705,0.09107911586761475,0.11045826226472855,0.13965974748134613
shapenet1145,car,0.9915418028831482,1.0137009620666504,1.0534414052963257,1.093400001525879
shapenet1146,car,0.15803097188472748,0.21000511944293976,0.32276782393455505,0.439034104347229
shapenet1147,car,0.2888907790184021,0.32071834802627563,0.47989046573638916,0.7009686827659607
shapenet1149,car,0.2961089611053467,0.3333468735218048,0.47973814606666565,0.6818828582763672
shapenet1155,car,0.7296574711799622,0.7701885104179382,0.8518998026847839,0.9554887413978577
shapenet1157,car,0.4783819615840912,0.6885244250297546,0.787142813205719,0.9051978588104248
shapenet1159,car,0.20075301826000214,0.2311284989118576,0.36792027950286865,0.5777752995491028
shapenet1160,car,0.017946600914001465,0.022950559854507446,0.03349974751472473,0.05280156806111336
shapenet1161,car,0.1445855051279068,0.17377883195877075,0.20710329711437225,0.25695863366127014
shapenet1163,car,0.24022763967514038,0.2646050751209259,0.4352303743362427,0.6732720732688904
shapenet1168,car,0.6630547046661377,0.7041304111480713,0.7640278339385986,0.828972339630127
shapenet1171,car,0.24314488470554352,0.2805668115615845,0.41325250267982483,0.6050643920898438
shapenet1172,car,0.9179861545562744,0.97772616147995,1.0373355150222778,1.083688735961914
shapenet1174,car,0.7544872760772705,0.789564311504364,0.8671501278877258,0.9605290293693542
shapenet1178,car,0.034314751625061035,0.0487574003636837,0.06761112064123154,0.10458032041788101
shapenet1179,car,0.7340116500854492,0.7530147433280945,0.8346719741821289,0.9460864067077637
shapenet1182,car,0.5575112700462341,0.7910711169242859,0.8731700778007507,0.9679887890815735
shapenet1183,car,0.3976863920688629,0.4305228888988495,0.5578470230102539,0.7456863522529602
shapenet1184,car,0.18466852605342865,0.22262154519557953,0.37640681862831116,0.5953693985939026
shapenet1186,car,0.8330633044242859,0.8692975640296936,0.910428524017334,0.9618372321128845
shapenet1187,car,0.9834020137786865,1.0166301727294922,1.063947081565857,1.1147364377975464
shapenet1189,car,0.13396228849887848,0.24126660823822021,0.3358810842037201,0.4503788948059082
shapenet1190,car,0.17445005476474762,0.19483520090579987,0.2318163961172104,0.2854284942150116
shapenet1191,car,1.0054172277450562,1.040733814239502,1.0836706161499023,1.1242092847824097
shapenet1194,car,0.02107050083577633,0.033408794552087784,0.0438566617667675,0.060533102601766586
shapenet1196,car,0.17811661958694458,0.22905457019805908,0.3998751640319824,0.6267885565757751
shapenet1197,car,0.09011844545602798,0.27148064970970154,0.3676348924636841,0.5116521716117859
shapenet1199,car,0.14709220826625824,0.17236195504665375,0.2569391131401062,0.3735075294971466
shapenet1200,car,0.7717444896697998,0.7896742820739746,0.8599959015846252,0.9391941428184509
shapenet1201,car,0.8881945610046387,0.9241768717765808,0.9589805603027344,1.008266568183899
shapenet1202,car,0.17276372015476227,0.20755231380462646,0.34843480587005615,0.5698869228363037
shapenet1208,car,0.14036345481872559,0.2276698797941208,0.33158326148986816,0.4419853985309601
shapenet1210,car,0.6598806381225586,0.706728458404541,0.7736088633537292,0.8553386330604553
shapenet1211,car,0.07954498380422592,0.10512048006057739,0.2854044735431671,0.5390786528587341
shapenet1212,car,0.04814670607447624,0.06200976297259331,0.07933326810598373,0.09997718781232834
shapenet1215,car,0.1888781636953354,0.21234171092510223,0.35245171189308167,0.5602506995201111
shapenet1216,car,0.20898543298244476,0.3026723563671112,0.3683288097381592,0.4797142446041107
shapenet1218,car,0.5651130080223083,0.7347875237464905,0.8279559016227722,0.9398242831230164
shapenet1220,car,0.07821723073720932,0.10323398560285568,0.12316617369651794,0.14207734167575836
shapenet1222,car,0.4720928966999054,0.5837722420692444,0.6903733611106873,0.7764172554016113
shapenet1224,car,0.22857700288295746,0.2576870024204254,0.38537147641181946,0.587483823299408
shapenet1226,car,0.9904050230979919,1.037377953529358,1.0861433744430542,1.128027081489563
shapenet1227,car,0.7100677490234375,0.7206676006317139,0.7949653267860413,0.8946206569671631
shapenet1228,car,0.2545698881149292,0.2980479300022125,0.4434918165206909,0.6382445693016052
shapenet1232,car,0.09735286235809326,0.2206319123506546,0.2854282557964325,0.3887868821620941
shapenet1234,car,0.7968147397041321,0.8340387344360352,0.8952352404594421,0.9768568873405457
shapenet1241,car,0.01818772219121456,0.045660506933927536,0.2471054643392563,0.5320611596107483
shapenet1242,car,0.6172390580177307,0.6992257237434387,0.7780957818031311,0.8824741244316101
shapenet1245,car,0.23290777206420898,0.2722415626049042,0.41457176208496094,0.6144698262214661
shapenet1250,car,0.6706387400627136,0.7512574791908264,0.8241603970527649,0.8969400525093079
shapenet1252,car,0.09986430406570435,0.18977822363376617,0.26148316264152527,0.4048937261104584
shapenet1253,car,0.1511588841676712,0.19669689238071442,0.28446415066719055,0.3842622935771942
shapenet1255,car,0.540027379989624,0.5566511750221252,0.6727309226989746,0.8302192091941833
shapenet1256,car,0.29844099283218384,0.34175410866737366,0.47330328822135925,0.649276077747345
shapenet1258,car,0.030686816200613976,0.03784291073679924,0.04759573936462402,0.06936998665332794
shapenet1259,car,0.9921870827674866,1.0269640684127808,1.0680819749832153,1.11166250705719
shapenet1260,car,0.05217907950282097,0.0785636454820633,0.11712491512298584,0.16128765046596527
shapenet1262,car,0.9637622237205505,1.0050160884857178,1.0540642738342285,1.0931748151779175
shapenet1263,car,0.5031101703643799,0.5214157104492188,0.6467604041099548,0.813129186630249
shapenet1264,car,0.024465462192893028,0.03016662783920765,0.03985489532351494,0.05607709288597107
shapenet1267,car,0.8257483839988708,0.8563230633735657,0.9251429438591003,1.003163456916809
shapenet1269,car,0.5388441681861877,0.6648021340370178,0.7558019161224365,0.8294448852539062
shapenet1271,car,0.09895334392786026,0.2666029632091522,0.34732648730278015,0.4905993938446045
shapenet1273,car,0.03251993656158447,0.06861256808042526,0.10994154959917068,0.1695709377527237
shapenet1274,car,0.6269245743751526,0.6780762076377869,0.7669504284858704,0.887212336063385
shapenet1275,car,0.24667774140834808,0.2870975434780121,0.42978301644325256,0.629465639591217
shapenet1276,car,0.7174306511878967,0.753460705280304,0.829892098903656,0.9188897013664246
shapenet1278,car,0.28815484046936035,0.3115336000919342,0.47685685753822327,0.7034732699394226
shapenet1279,car,0.8157992362976074,0.8697009086608887,0.908297061920166,0.937002420425415
shapenet1283,car,0.5561432838439941,0.7233805656433105,0.8179526329040527,0.9330610632896423
shapenet1285,car,1.0487149953842163,1.075089931488037,1.1053056716918945,1.1379950046539307
shapenet1286,car,0.7533321380615234,0.7708959579467773,0.8428239226341248,0.939248263835907
shapenet1287,car,0.36087891459465027,0.4108823835849762,0.5491105914115906,0.7383573055267334
shapenet1288,car,0.015495399944484234,0.03264850750565529,0.05051237344741821,0.0877000167965889
shapenet1290,car,0.030923327431082726,0.03856651112437248,0.0535099022090435,0.07605022937059402
shapenet1292,car,0.7988808751106262,0.8567399978637695,0.9238664507865906,0.9882094860076904
shapenet1294,car,0.7875745892524719,0.8936991095542908,0.9569907188415527,1.0219181776046753
shapenet1295,car,0.8925082087516785,0.9390148520469666,0.9813463091850281,1.0156375169754028
shapenet1296,car,0.8009617924690247,0.8212893605232239,0.8779197335243225,0.9539148807525635
shapenet1297,car,0.48160362243652344,0.5028203129768372,0.5869765877723694,0.6944767832756042
shapenet1298,car,0.48769447207450867,0.5149631500244141,0.6488192677497864,0.8258411288261414
shapenet1299,car,0.44391441345214844,0.6526346802711487,0.7576684951782227,0.8852384090423584
shapenet1300,car,0.1548384577035904,0.18940015137195587,0.2567780911922455,0.3779902458190918
shapenet1303,car,0.896655261516571,0.9289694428443909,0.976353108882904,1.0310956239700317
shapenet1304,car,0.2283387929201126,0.2611933648586273,0.38718485832214355,0.5871298313140869
shapenet1306,car,0.8231151700019836,0.8733898997306824,0.9175896644592285,0.9493843913078308
shapenet1308,car,0.28067120909690857,0.2986374795436859,0.4660204350948334,0.6972724795341492
shapenet1310,car,0.9729083180427551,0.9997369647026062,1.0402559041976929,1.0792948007583618
shapenet1312,car,0.7686589360237122,0.7910442352294922,0.8618050217628479,0.9492303729057312
shapenet1314,car,0.9843519330024719,1.0332642793655396,1.0744456052780151,1.1149142980575562
shapenet1315,car,0.12881165742874146,0.15796874463558197,0.3436794579029083,0.6050828099250793
shapenet1316,car,0.33621370792388916,0.3993358910083771,0.4669749438762665,0.5278623700141907
shapenet1317,car,0.4349338114261627,0.637078583240509,0.7475597262382507,0.8828133940696716
shapenet1318,car,0.8153510093688965,0.8798028826713562,0.9377216696739197,0.9973813891410828
shapenet1320,car,0.07111293077468872,0.08597644418478012,0.11596554517745972,0.19676660001277924
shapenet1321,car,0.49204447865486145,0.5100015997886658,0.6243613362312317,0.7819021344184875
shapenet1322,car,0.8529712557792664,0.884583055973053,0.9481263160705566,1.019118309020996
shapenet1324,car,0.785931408405304,0.8458999991416931,0.907947838306427,0.9644410014152527
shapenet1325,car,0.3044110834598541,0.34377968311309814,0.43653619289398193,0.5951561331748962
shapenet1328,car,0.9022162556648254,0.940401554107666,0.9872973561286926,1.0256434679031372
shapenet1330,car,0.023724595084786415,0.029525255784392357,0.03821447491645813,0.0527183897793293
shapenet1333,car,0.8234230875968933,0.8799982666969299,0.9293673634529114,0.9588516354560852
shapenet1337,car,0.09268441051244736,0.23696871101856232,0.32506105303764343,0.46712803840637207
shapenet1339,car,0.1047709584236145,0.22269265353679657,0.3232107162475586,0.44642385840415955
shapenet1341,car,0.02473304606974125,0.032393861562013626,0.041961874812841415,0.06250853091478348
shapenet1347,car,0.07004723697900772,0.1401250958442688,0.2798987030982971,0.49659720063209534
shapenet1349,car,0.8427683711051941,0.9042530059814453,0.9434294700622559,0.9719775319099426
shapenet1351,car,0.17180265486240387,0.20674271881580353,0.36612674593925476,0.5929377675056458
shapenet1353,car,0.21318955719470978,0.24487535655498505,0.3689960539340973,0.573740541934967
shapenet1354,car,0.7773390412330627,0.858971893787384,0.9045822024345398,0.9307990670204163
shapenet1357,car,0.6163425445556641,0.6810300350189209,0.7709307074546814,0.8756022453308105
shapenet1358,car,0.8670294284820557,0.9388248324394226,0.990153968334198,1.0504435300827026
shapenet1359,car,0.07241133600473404,0.10519307851791382,0.140591561794281,0.18553654849529266
shapenet1360,car,0.7554596066474915,0.7822656631469727,0.8620138764381409,0.962250292301178
shapenet1361,car,0.8510655760765076,0.880809485912323,0.9289034008979797,0.9881169199943542
shapenet1362,car,0.16191689670085907,0.19214652478694916,0.32848283648490906,0.5525097846984863
shapenet1364,car,0.7707433700561523,0.8615610599517822,0.9246779084205627,0.9645710587501526
shapenet1369,car,0.026026487350463867,0.04530669376254082,0.05665774270892143,0.07662038505077362
shapenet1372,car,0.9455137252807617,0.98310786485672,1.0159510374069214,1.0492268800735474
shapenet1375,car,0.19598062336444855,0.24021750688552856,0.40822091698646545,0.631910502910614
shapenet1377,car,0.19915759563446045,0.25790026783943176,0.31215527653694153,0.4187653362751007
shapenet1378,car,0.09783289581537247,0.15452398359775543,0.28239479660987854,0.43858960270881653
shapenet1380,car,0.6364345550537109,0.6641496419906616,0.7599822878837585,0.8759642243385315
shapenet1381,car,0.008759300224483013,0.023014342412352562,0.032138001173734665,0.0540350042283535
shapenet1383,car,0.8707672953605652,0.9360520243644714,0.9994235634803772,1.0467551946640015
shapenet1386,car,0.755514919757843,0.7697303295135498,0.8523213267326355,0.955260694026947
shapenet1390,car,0.3511500060558319,0.5368003845214844,0.6633521914482117,0.822348415851593
shapenet1391,car,0.9278631210327148,0.9532719254493713,0.98846834897995,1.0185977220535278
shapenet1392,car,0.32891392707824707,0.41618621349334717,0.5587224364280701,0.7551847100257874
shapenet1393,car,0.07386306673288345,0.24258039891719818,0.35145118832588196,0.5260350108146667
shapenet1394,car,0.6174227595329285,0.6648390889167786,0.7556554675102234,0.8828681111335754
shapenet1396,car,0.2049492448568344,0.24606990814208984,0.4130367338657379,0.6354920864105225
shapenet1397,car,0.4019300937652588,0.42318013310432434,0.5681812763214111,0.7654606699943542
shapenet1401,car,0.2569853365421295,0.30635687708854675,0.3906785249710083,0.5055059194564819
shapenet1402,car,0.6988887786865234,0.7231904864311218,0.8009151816368103,0.8974704742431641
shapenet1404,car,0.05598606541752815,0.0687449499964714,0.09130016714334488,0.12491634488105774
shapenet1406,car,0.21410425007343292,0.25163617730140686,0.39652013778686523,0.6045079827308655
shapenet1411,car,0.7162752151489258,0.7535371780395508,0.821875810623169,0.8975785374641418
shapenet1413,car,0.07763882726430893,0.10827779024839401,0.29399362206459045,0.5634977221488953
shapenet1418,car,0.0738949179649353,0.09093374013900757,0.11173328757286072,0.1340479850769043
shapenet1419,car,0.8847766518592834,0.9040286540985107,0.9641887545585632,1.0166606903076172
shapenet1421,car,0.16039103269577026,0.18107086420059204,0.23629380762577057,0.3359071910381317
shapenet1422,car,0.19386076927185059,0.233906090259552,0.39461660385131836,0.6137188076972961
shapenet1423,car,0.7290813326835632,0.9151512980461121,0.9675726294517517,1.025679588317871
shapenet1427,car,0.9414747357368469,0.96693354845047,0.9956433176994324,1.0254278182983398
shapenet1428,car,0.016312817111611366,0.02454712986946106,0.038568366318941116,0.061186108738183975
shapenet1429,car,0.7008485794067383,0.7397510409355164,0.7762320041656494,0.808009684085846
shapenet1433,car,0.11695879697799683,0.15640461444854736,0.20244739949703217,0.24646103382110596
shapenet1435,car,0.7228590846061707,0.7355030179023743,0.8113154768943787,0.9158594608306885
shapenet1436,car,0.23643147945404053,0.2859807014465332,0.435029000043869,0.6381101608276367
shapenet1439,car,0.7828919291496277,0.8087530136108398,0.8593451380729675,0.9175125956535339
shapenet1441,car,0.1943405270576477,0.24129164218902588,0.40642204880714417,0.6252842545509338
shapenet1445,car,0.1848599761724472,0.23533795773983002,0.4053775370121002,0.6279795169830322
shapenet1448,car,0.7830604910850525,0.9062554240226746,0.9642934203147888,1.027056336402893
shapenet1449,car,0.8479681015014648,0.8784555792808533,0.9251270890235901,0.9809009432792664
shapenet1451,car,0.6229059100151062,0.7286693453788757,0.8393464088439941,0.948416531085968
shapenet1455,car,0.25339415669441223,0.2972826659679413,0.4505733549594879,0.6499181389808655
shapenet1460,car,0.654822051525116,0.8354058265686035,0.9090147614479065,0.9894664883613586
shapenet1466,car,0.21235524117946625,0.24662093818187714,0.4089171886444092,0.6285684108734131
shapenet1468,car,0.027217408642172813,0.039185408502817154,0.05188724398612976,0.06969916075468063
shapenet1470,car,0.39335107803344727,0.4144531786441803,0.5590011477470398,0.7562581896781921
shapenet1472,car,0.22845225036144257,0.25799915194511414,0.40056148171424866,0.6126468777656555
shapenet1473,car,0.12863118946552277,0.1430290937423706,0.25846683979034424,0.4619969427585602
shapenet1474,car,0.053663332015275955,0.07819371670484543,0.09536278992891312,0.12011037021875381
shapenet1475,car,0.8395478129386902,0.8963901400566101,0.9613874554634094,1.023845911026001
shapenet1477,car,0.4215031564235687,0.5358756184577942,0.6376773715019226,0.7227573990821838
shapenet1478,car,0.1902725100517273,0.23037777841091156,0.37265071272850037,0.5880045294761658
shapenet1479,car,0.053420502692461014,0.0700027123093605,0.09281740337610245,0.12898796796798706
shapenet1480,car,1.011069655418396,1.0347257852554321,1.0686397552490234,1.1052721738815308
shapenet1484,car,0.15448492765426636,0.25371721386909485,0.42428866028785706,0.657958984375
shapenet1486,car,0.7543070912361145,0.7920354008674622,0.853257417678833,0.9305276274681091
shapenet1487,car,0.7291721701622009,0.9149615168571472,0.9742773175239563,1.0367132425308228
shapenet1489,car,0.8852784633636475,0.9379758834838867,0.9746902585029602,1.007667899131775
shapenet1491,car,0.6431081891059875,0.6569364070892334,0.7454056143760681,0.868252694606781
shapenet1494,car,0.30520275235176086,0.3368905782699585,0.4829486310482025,0.692136287689209
shapenet1495,car,0.809306800365448,0.8526058197021484,0.9199094772338867,1.0049171447753906
shapenet2,chair,0.27836331725120544,0.379764199256897,0.49607565999031067,0.6436243653297424
shapenet3,chair,0.11360516399145126,0.20713375508785248,0.27386730909347534,0.3686237037181854
shapenet4,chair,0.1880015879869461,0.20348267257213593,0.2344886064529419,0.3005901575088501
shapenet5,chair,0.3894181251525879,0.5027509927749634,0.6603033542633057,0.8595780730247498
shapenet6,chair,0.05744073912501335,0.14803434908390045,0.1983688622713089,0.27359309792518616
shapenet10,chair,0.7192484736442566,0.8682426810264587,0.9097414016723633,0.9393172860145569
shapenet11,chair,0.10986480861902237,0.1350214034318924,0.16887356340885162,0.23979954421520233
shapenet13,chair,0.30671927332878113,0.3203015625476837,0.34787169098854065,0.4066913425922394
shapenet15,chair,0.7046282887458801,0.7830114364624023,0.8523895144462585,0.9147437214851379
shapenet18,chair,0.3628915846347809,0.40985938906669617,0.5027846693992615,0.6518077254295349
shapenet19,chair,0.3553885221481323,0.43945446610450745,0.5010206699371338,0.5873613953590393
shapenet20,chair,0.028327127918601036,0.0589950792491436,0.09562677145004272,0.17307157814502716
shapenet22,chair,0.14049296081066132,0.2055872529745102,0.2866239547729492,0.40194568037986755
shapenet23,chair,0.3059662878513336,0.37919268012046814,0.4534738063812256,0.5725705623626709
shapenet24,chair,0.4761520326137543,0.5716415047645569,0.6945831775665283,0.8242633938789368
shapenet25,chair,0.14429329335689545,0.24249236285686493,0.34072303771972656,0.4629852771759033
shapenet26,chair,0.37187203764915466,0.5111090540885925,0.5619637370109558,0.6138039231300354
shapenet28,chair,0.2374696582555771,0.25008633732795715,0.2814497947692871,0.3452942371368408
shapenet35,chair,0.6164076924324036,0.653901994228363,0.6907451748847961,0.7254591584205627
shapenet37,chair,0.6811674237251282,0.7225516438484192,0.7719679474830627,0.8116078972816467
shapenet41,chair,0.7748196125030518,0.8173518180847168,0.8610990643501282,0.9164201617240906
shapenet42,chair,0.22877104580402374,0.3265532851219177,0.44335028529167175,0.60647052526474
shapenet46,chair,0.26814985275268555,0.4030357897281647,0.4677043855190277,0.5409207344055176
shapenet49,chair,0.2936532199382782,0.31005755066871643,0.3384454548358917,0.39704087376594543
shapenet50,chair,0.4963943064212799,0.5614480376243591,0.624485194683075,0.6938223242759705
shapenet53,chair,0.4499259293079376,0.5585519075393677,0.7394700050354004,0.8563201427459717
shapenet55,chair,0.7451925277709961,0.7813109755516052,0.8133578896522522,0.8459897637367249
shapenet57,chair,0.21443641185760498,0.25529494881629944,0.35708895325660706,0.5506448149681091
shapenet62,chair,0.4778774082660675,0.545048177242279,0.6290177702903748,0.7409052848815918
shapenet71,chair,0.22494558990001678,0.24015863239765167,0.2704925835132599,0.33504557609558105
shapenet72,chair,0.2326861470937729,0.2472122758626938,0.27726688981056213,0.3409249782562256
shapenet73,chair,0.16958285868167877,0.21641026437282562,0.25030645728111267,0.31459787487983704
shapenet74,chair,0.2899079918861389,0.35187116265296936,0.4054785966873169,0.4621952772140503
shapenet75,chair,0.2553618252277374,0.2698013484477997,0.3016676902770996,0.36468610167503357
shapenet80,chair,0.6507160067558289,0.6786993145942688,0.7111949920654297,0.7448533177375793
shapenet82,chair,0.04599795863032341,0.09031452983617783,0.1701899766921997,0.253560870885849
shapenet83,chair,0.4129047095775604,0.49004849791526794,0.6270167231559753,0.7849385738372803
shapenet86,chair,0.07399624586105347,0.10696863383054733,0.15628622472286224,0.23411355912685394
shapenet87,chair,0.2225574254989624,0.2369358092546463,0.2675502300262451,0.33241966366767883
shapenet90,chair,0.03222036361694336,0.08928833156824112,0.13493138551712036,0.21256591379642487
shapenet91,chair,0.3112441897392273,0.40867963433265686,0.5177019834518433,0.6560136079788208
shapenet97,chair,0.5113235712051392,0.6474698781967163,0.8343884348869324,0.9537226557731628
shapenet101,chair,0.0682322159409523,0.15448223054409027,0.255476176738739,0.3414503335952759
shapenet102,chair,0.2952854335308075,0.3575102388858795,0.4776778519153595,0.5574743151664734
shapenet103,chair,0.3473927080631256,0.36022815108299255,0.38597384095191956,0.4406876862049103
shapenet104,chair,0.21969759464263916,0.23469381034374237,0.26430055499076843,0.3281044065952301
shapenet107,chair,0.5067910552024841,0.632744550704956,0.7928521633148193,0.9023807048797607
shapenet110,chair,0.20281369984149933,0.25380077958106995,0.2907067537307739,0.35442471504211426
shapenet112,chair,0.5636943578720093,0.6314731240272522,0.7018809914588928,0.7851824760437012
shapenet115,chair,0.7411462664604187,0.8380120396614075,0.8732340931892395,0.8975757956504822
shapenet116,chair,0.45103344321250916,0.612299382686615,0.7560699582099915,0.8322298526763916
shapenet118,chair,0.07173800468444824,0.2108495980501175,0.29166314005851746,0.3987891972064972
shapenet119,chair,0.28456947207450867,0.33538922667503357,0.43717217445373535,0.539972722530365
shapenet120,chair,0.05305494740605354,0.09779169410467148,0.13793426752090454,0.21513502299785614
shapenet123,chair,0.44705358147621155,0.4595915377140045,0.47750112414360046,0.514404833316803
shapenet124,chair,0.4651380479335785,0.6324018836021423,0.8224056363105774,0.9431480765342712
shapenet125,chair,0.17441362142562866,0.26118114590644836,0.41804710030555725,0.6176510453224182
shapenet126,chair,0.04157175496220589,0.06779000163078308,0.10204887390136719,0.17384006083011627
shapenet128,chair,0.24934746325016022,0.2820780873298645,0.3072546124458313,0.3600102961063385
shapenet129,chair,0.037835221737623215,0.05542847514152527,0.09036419540643692,0.16726797819137573
shapenet133,chair,0.19606733322143555,0.21160809695720673,0.24025724828243256,0.30602288246154785
shapenet134,chair,0.4372836649417877,0.5386837124824524,0.6760396957397461,0.8399214148521423
shapenet136,chair,0.4343513548374176,0.597833514213562,0.650906503200531,0.6973626017570496
shapenet142,chair,0.05648857355117798,0.10348066687583923,0.143682599067688,0.21980048716068268
shapenet144,chair,0.5143837332725525,0.5891936421394348,0.6892688274383545,0.7899308800697327
shapenet148,chair,0.5071442723274231,0.5588571429252625,0.6083042025566101,0.6562319397926331
shapenet151,chair,0.38068708777427673,0.41819310188293457,0.47150787711143494,0.5510508418083191
shapenet152,chair,0.43020495772361755,0.634232759475708,0.7214970588684082,0.7718483805656433
shapenet153,chair,0.6322343945503235,0.7289988398551941,0.8331674933433533,0.9172884821891785
shapenet154,chair,0.5294771790504456,0.654513955116272,0.7908861041069031,0.8634961247444153
shapenet156,chair,0.30646392703056335,0.3226704001426697,0.3508579432964325,0.4090026319026947
shapenet157,chair,0.5176587700843811,0.6133870482444763,0.7135867476463318,0.8164528012275696
shapenet160,chair,0.5706115365028381,0.6070238947868347,0.6834836602210999,0.7521916031837463
shapenet161,chair,0.6523610949516296,0.6893760561943054,0.725400447845459,0.760371208190918
shapenet162,chair,0.5008475184440613,0.5689307451248169,0.6708189845085144,0.8087638020515442
shapenet163,chair,0.19873394072055817,0.21327412128448486,0.24488283693790436,0.3119012117385864
shapenet164,chair,0.24196748435497284,0.2554478645324707,0.28602513670921326,0.34918317198753357
shapenet165,chair,0.47922611236572266,0.640406608581543,0.8113680481910706,0.9217289090156555
shapenet167,chair,0.04740993306040764,0.12113229185342789,0.20709411799907684,0.28922244906425476
shapenet169,chair,0.5343610644340515,0.5633277893066406,0.5876545310020447,0.6244986057281494
shapenet171,chair,0.4868606626987457,0.6246464848518372,0.7906296849250793,0.8810456395149231
shapenet172,chair,0.28098490834236145,0.2943575084209442,0.32306724786758423,0.38378968834877014
shapenet176,chair,0.34761616587638855,0.40747547149658203,0.45641377568244934,0.5104072093963623
shapenet178,chair,0.4776657819747925,0.5699698328971863,0.6168707013130188,0.6626797318458557
shapenet179,chair,0.5283418297767639,0.5686237812042236,0.6009871363639832,0.6513736844062805
shapenet184,chair,0.1972203403711319,0.3063473105430603,0.36033177375793457,0.4227787256240845
shapenet185,chair,0.09882523864507675,0.2511390447616577,0.49947628378868103,0.8022324442863464
shapenet186,chair,0.2969544231891632,0.34278449416160583,0.43148350715637207,0.559051513671875
shapenet191,chair,0.3145292103290558,0.393905907869339,0.43403205275535583,0.4914649724960327
shapenet192,chair,0.3934101164340973,0.46924731135368347,0.5681607127189636,0.686830461025238
shapenet193,chair,0.5326258540153503,0.5659707188606262,0.614505410194397,0.6643388867378235
shapenet194,chair,0.7470230460166931,0.8221890330314636,0.8791336417198181,0.932887852191925
shapenet196,chair,0.5177402496337891,0.6710260510444641,0.8197399973869324,0.8954498767852783
shapenet197,chair,0.14264343678951263,0.20504111051559448,0.28470465540885925,0.3565860092639923
shapenet199,chair,0.21917618811130524,0.234635129570961,0.26467329263687134,0.329492449760437
shapenet200,chair,0.46964144706726074,0.5041547417640686,0.5259791612625122,0.5613968968391418
shapenet203,chair,0.3716908395290375,0.4437227249145508,0.48170948028564453,0.5356087684631348
shapenet204,chair,0.29933035373687744,0.33294111490249634,0.38810500502586365,0.4817069470882416
shapenet210,chair,0.7721226811408997,0.8237982392311096,0.8554201126098633,0.8806998133659363
shapenet211,chair,0.4797823429107666,0.6066880822181702,0.7934439778327942,0.9123230576515198
shapenet213,chair,0.524145781993866,0.5459861755371094,0.5704917311668396,0.6058347821235657
shapenet214,chair,0.41125836968421936,0.5196147561073303,0.6636237502098083,0.7555797100067139
shapenet215,chair,0.48059913516044617,0.5839436650276184,0.6469151377677917,0.7038113474845886
shapenet216,chair,0.14790339767932892,0.1641174852848053,0.19647997617721558,0.266102135181427
shapenet220,chair,0.44996070861816406,0.5576273798942566,0.6380960941314697,0.6923876404762268
shapenet226,chair,0.21005749702453613,0.3318706452846527,0.5771997570991516,0.819696843624115
shapenet227,chair,0.01773977279663086,0.035739872604608536,0.07130996137857437,0.14830060303211212
shapenet228,chair,0.4984188973903656,0.5339311957359314,0.5580256581306458,0.5962356925010681
shapenet230,chair,0.29904624819755554,0.3547694683074951,0.3996331989765167,0.4794159233570099
shapenet231,chair,0.47729942202568054,0.5541852116584778,0.6161928772926331,0.6959140300750732
shapenet232,chair,0.18830622732639313,0.3016994893550873,0.40804576873779297,0.5550522804260254
shapenet233,chair,0.41134560108184814,0.518629789352417,0.6038205027580261,0.7117271423339844
shapenet236,chair,0.5077946782112122,0.5583682656288147,0.6141297817230225,0.6898365020751953
shapenet237,chair,0.36073997616767883,0.3869822025299072,0.4130324423313141,0.4658815562725067
shapenet239,chair,0.2245255559682846,0.28440889716148376,0.3201042711734772,0.38180992007255554
shapenet240,chair,0.5561343431472778,0.5736914277076721,0.6021292209625244,0.6370227336883545
shapenet241,chair,0.47409066557884216,0.5220798254013062,0.5748395323753357,0.6449505686759949
shapenet242,chair,0.4511544704437256,0.5350357890129089,0.6429927945137024,0.7637881636619568
shapenet243,chair,0.5029723048210144,0.5297477841377258,0.5642629265785217,0.6095897555351257
shapenet244,chair,0.33733439445495605,0.35110917687416077,0.37784460186958313,0.4338668882846832
shapenet248,chair,0.16821275651454926,0.18326671421527863,0.2133389711380005,0.2830616235733032
shapenet249,chair,0.779991865158081,0.8200274109840393,0.8802268505096436,0.9425647854804993
shapenet250,chair,0.4917217195034027,0.6479910612106323,0.833605945110321,0.9486814141273499
shapenet252,chair,0.42497488856315613,0.48751702904701233,0.5776846408843994,0.6726633906364441
shapenet255,chair,0.4943524897098541,0.5632169246673584,0.60097736120224,0.6455270648002625
shapenet257,chair,0.19589601457118988,0.20807938277721405,0.24012257158756256,0.307302862405777
shapenet260,chair,0.16487298905849457,0.21863210201263428,0.28809288144111633,0.42119327187538147
shapenet262,chair,0.3275929391384125,0.3889273703098297,0.459115594625473,0.5608572959899902
shapenet264,chair,0.28629598021507263,0.29939210414886475,0.32817721366882324,0.3881426751613617
shapenet265,chair,0.6316233277320862,0.7473445534706116,0.8284471035003662,0.899790346622467
shapenet266,chair,0.5289177298545837,0.5944482684135437,0.6648816466331482,0.7534206509590149
shapenet268,chair,0.2568739950656891,0.2879284620285034,0.3657803535461426,0.49803829193115234
shapenet269,chair,0.23125451803207397,0.2464553862810135,0.2706576883792877,0.3286775052547455
shapenet271,chair,0.10508158057928085,0.18826663494110107,0.2790253162384033,0.38648688793182373
shapenet275,chair,0.276973158121109,0.29130133986473083,0.31939661502838135,0.37982678413391113
shapenet276,chair,0.7829496264457703,0.8217963576316833,0.8552823662757874,0.8822283744812012
shapenet278,chair,0.4294905960559845,0.47343090176582336,0.5070024132728577,0.5565930008888245
shapenet280,chair,0.036138296127319336,0.0994134172797203,0.16053861379623413,0.243252232670784
shapenet281,chair,0.2882704436779022,0.3017085790634155,0.3303137719631195,0.3908611834049225
shapenet282,chair,0.3681786060333252,0.5247666239738464,0.6687108874320984,0.8176388740539551
shapenet284,chair,0.04489437863230705,0.1774926334619522,0.3728606402873993,0.6037904620170593
shapenet285,chair,0.4350503981113434,0.5535628199577332,0.6622240543365479,0.7826364040374756
shapenet288,chair,0.3065900206565857,0.3569592535495758,0.42855140566825867,0.5148274898529053
shapenet289,chair,0.16572356224060059,0.22396838665008545,0.31745126843452454,0.4603954255580902
shapenet293,chair,0.3671654164791107,0.37941816449165344,0.405191570520401,0.45954880118370056
shapenet294,chair,0.29246339201927185,0.3420351445674896,0.37863922119140625,0.43729695677757263
shapenet295,chair,0.2294384092092514,0.24258536100387573,0.27399742603302,0.3384091854095459
shapenet299,chair,0.8370850682258606,0.8808283805847168,0.9200208783149719,0.9578239321708679
shapenet300,chair,0.6616116166114807,0.7152681350708008,0.7564148902893066,0.7946584224700928
shapenet302,chair,0.49719956517219543,0.64642333984375,0.8210647702217102,0.9342222809791565
shapenet303,chair,0.6684806942939758,0.7197235226631165,0.7635326981544495,0.8023152351379395
shapenet304,chair,0.15786929428577423,0.25214165449142456,0.34360793232917786,0.4461239278316498
shapenet305,chair,0.7665331959724426,0.8060803413391113,0.8641276359558105,0.9266679286956787
shapenet306,chair,0.4723956882953644,0.5536275506019592,0.5954737067222595,0.6406471729278564
shapenet307,chair,0.03903520107269287,0.09689845889806747,0.1375059336423874,0.20039743185043335
shapenet308,chair,0.24348388612270355,0.2556428909301758,0.2870994806289673,0.35081934928894043
shapenet310,chair,0.03334685042500496,0.08449140936136246,0.1745012402534485,0.2604416608810425
shapenet311,chair,0.3630239963531494,0.5111913084983826,0.7133088111877441,0.8294863700866699
shapenet321,chair,0.15417270362377167,0.19607818126678467,0.28694474697113037,0.4319092929363251
shapenet323,chair,0.2145484834909439,0.22933615744113922,0.259723037481308,0.3255360424518585
shapenet328,chair,0.2657918930053711,0.3121563494205475,0.343384712934494,0.3964063823223114
shapenet330,chair,0.14136607944965363,0.15595674514770508,0.18894046545028687,0.2600155770778656
shapenet332,chair,0.17424072325229645,0.18970108032226562,0.2209589034318924,0.28891852498054504
shapenet333,chair,0.5522662997245789,0.6110093593597412,0.6856786608695984,0.7534030079841614
shapenet335,chair,0.2834939658641815,0.3137103021144867,0.3572522699832916,0.42770275473594666
shapenet337,chair,0.5465735793113708,0.6115903258323669,0.6957718729972839,0.7968681454658508
shapenet345,chair,0.11921185255050659,0.13552097976207733,0.16769957542419434,0.23992304503917694
shapenet346,chair,0.7414650917053223,0.7935522198677063,0.8317583203315735,0.8662915229797363
shapenet347,chair,0.29429781436920166,0.40148213505744934,0.4446353018283844,0.5021668076515198
shapenet348,chair,0.21320639550685883,0.2800770103931427,0.3401588499546051,0.4084804952144623
shapenet350,chair,0.23786453902721405,0.40029120445251465,0.5296053886413574,0.7290773391723633
shapenet351,chair,0.5990015864372253,0.6211957335472107,0.6565341949462891,0.6913890838623047
shapenet352,chair,0.3893849849700928,0.5652239918708801,0.6367361545562744,0.688901424407959
shapenet355,chair,0.6110178828239441,0.6680746078491211,0.7671923041343689,0.8800767064094543
shapenet356,chair,0.31406155228614807,0.3907332420349121,0.43249669671058655,0.48837122321128845
shapenet358,chair,0.3194286823272705,0.3501008450984955,0.3797473907470703,0.436735063791275
shapenet359,chair,0.0746695026755333,0.12692143023014069,0.17645715177059174,0.242598757147789
shapenet361,chair,0.2644573748111725,0.3825370967388153,0.47784456610679626,0.5633735060691833
shapenet363,chair,0.4628032147884369,0.5807283520698547,0.6540892124176025,0.7070317268371582
shapenet366,chair,0.5464925765991211,0.6052436828613281,0.684747040271759,0.766511857509613
shapenet368,chair,0.11500342935323715,0.34855714440345764,0.6112671494483948,0.7227416038513184
shapenet370,chair,0.661201536655426,0.717863142490387,0.7434687614440918,0.7709565162658691
shapenet372,chair,0.1694270819425583,0.22074097394943237,0.27796411514282227,0.35802245140075684
shapenet374,chair,0.1677667498588562,0.19801397621631622,0.23170047998428345,0.2978868782520294
shapenet375,chair,0.4915941655635834,0.6584106683731079,0.8233490586280823,0.9204509854316711
shapenet376,chair,0.5077301859855652,0.584965169429779,0.6721539497375488,0.7765832543373108
shapenet377,chair,0.5253099799156189,0.6723302006721497,0.8386242985725403,0.9415331482887268
shapenet378,chair,0.22314630448818207,0.23779547214508057,0.26772645115852356,0.33211061358451843
shapenet379,chair,0.17941085994243622,0.27814504504203796,0.3734067678451538,0.4997895061969757
shapenet380,chair,0.5787741541862488,0.6007875800132751,0.6318442821502686,0.6656250953674316
shapenet385,chair,0.13513065874576569,0.15306316316127777,0.18454086780548096,0.25383806228637695
shapenet387,chair,0.4464234411716461,0.5365471243858337,0.5762959718704224,0.6146265864372253
shapenet388,chair,0.19286148250102997,0.2755906581878662,0.4202907085418701,0.5598128437995911
shapenet389,chair,0.5485276579856873,0.6198022961616516,0.7069821357727051,0.803198516368866
shapenet392,chair,0.5012925267219543,0.5205617547035217,0.5524544715881348,0.5933154225349426
shapenet393,chair,0.28922468423843384,0.30216291546821594,0.33066117763519287,0.3899616003036499
shapenet397,chair,0.649333655834198,0.7019522190093994,0.7761430144309998,0.85090571641922
shapenet400,chair,0.5657257437705994,0.5966348648071289,0.6243500113487244,0.6648573875427246
shapenet405,chair,0.5181745290756226,0.6693038940429688,0.8472017645835876,0.9553446769714355
shapenet410,chair,0.14352260529994965,0.24156232178211212,0.2970561385154724,0.3617500960826874
shapenet411,chair,0.2960397005081177,0.36836281418800354,0.4586830139160156,0.5815039277076721
shapenet412,chair,0.503370463848114,0.6487328410148621,0.8217552304267883,0.908201277256012
shapenet413,chair,0.5366466641426086,0.568538248538971,0.6125668883323669,0.6700465083122253
shapenet415,chair,0.3721940517425537,0.48976752161979675,0.535658597946167,0.5875595211982727
shapenet418,chair,0.2596983015537262,0.2857484519481659,0.3136632740497589,0.3664531707763672
shapenet420,chair,0.7892764210700989,0.8434852957725525,0.8769754767417908,0.9079605937004089
shapenet422,chair,0.17584741115570068,0.20719420909881592,0.24072158336639404,0.3081097900867462
shapenet423,chair,0.189423605799675,0.2630595564842224,0.4062536954879761,0.6150102615356445
shapenet424,chair,0.5274128317832947,0.6068246364593506,0.6900997161865234,0.7868790626525879
shapenet429,chair,0.2596682012081146,0.2848731577396393,0.31408193707466125,0.3737208843231201
shapenet431,chair,0.39961156249046326,0.5256592035293579,0.6152174472808838,0.7084016799926758
shapenet432,chair,0.522224485874176,0.6556413173675537,0.8223466873168945,0.9078509211540222
shapenet439,chair,0.5311670899391174,0.5831303000450134,0.6234807372093201,0.6816602349281311
shapenet440,chair,0.27748194336891174,0.39025700092315674,0.5839423537254333,0.798873245716095
shapenet443,chair,0.3858579397201538,0.4575470983982086,0.5286816954612732,0.6239275932312012
shapenet444,chair,0.7322366237640381,0.7805652618408203,0.8236842751502991,0.8647111058235168
shapenet447,chair,0.7370592951774597,0.755050003528595,0.7903463244438171,0.8291857242584229
shapenet449,chair,0.1875004768371582,0.20367033779621124,0.23422609269618988,0.30180978775024414
shapenet450,chair,0.5382376909255981,0.6648509502410889,0.838529646396637,0.93558669090271
shapenet453,chair,0.106675885617733,0.14813704788684845,0.2115321159362793,0.291715532541275
shapenet455,chair,0.21939264237880707,0.2538507580757141,0.283036470413208,0.3449535369873047
shapenet458,chair,0.5469841957092285,0.6694507598876953,0.8287615776062012,0.9093441963195801
shapenet459,chair,0.23656366765499115,0.24936263263225555,0.2825820744037628,0.34704890847206116
shapenet461,chair,0.5522198677062988,0.6580117344856262,0.783436119556427,0.8497379422187805
shapenet462,chair,0.11586960405111313,0.19453300535678864,0.4401611387729645,0.7629981637001038
shapenet464,chair,0.123146653175354,0.1940642148256302,0.3500945270061493,0.5792697072029114
shapenet469,chair,0.44266483187675476,0.5115312933921814,0.6131551861763,0.7243967652320862
shapenet471,chair,0.22695837914943695,0.2419366091489792,0.2718653082847595,0.33592739701271057
shapenet473,chair,0.23005087673664093,0.24493034183979034,0.27486518025398254,0.3383784592151642
shapenet474,chair,0.49014246463775635,0.5314974188804626,0.5640571713447571,0.6199266314506531
shapenet476,chair,0.19403064250946045,0.2089640498161316,0.24023590981960297,0.3069528341293335
shapenet477,chair,0.5554777979850769,0.6552266478538513,0.7751445770263672,0.8743332028388977
shapenet478,chair,0.29554465413093567,0.38171085715293884,0.45509418845176697,0.5334102511405945
shapenet480,chair,0.1461998075246811,0.19662457704544067,0.23448657989501953,0.30235451459884644
shapenet482,chair,0.2949748933315277,0.34548965096473694,0.4504487216472626,0.5744765400886536
shapenet484,chair,0.19782914221286774,0.21247343719005585,0.2432723045349121,0.30889150500297546
shapenet486,chair,0.7357919812202454,0.7640571594238281,0.8265692591667175,0.8839080929756165
shapenet488,chair,0.5071030259132385,0.6471164226531982,0.8371389508247375,0.9454174041748047
shapenet490,chair,0.4208695888519287,0.4828853905200958,0.5948099493980408,0.7431269288063049
shapenet496,chair,0.4589364528656006,0.5922126770019531,0.6442893147468567,0.689936637878418
shapenet497,chair,0.7297055125236511,0.8053558468818665,0.8812997341156006,0.9493764042854309
shapenet498,chair,0.50286465883255,0.5887472629547119,0.6894456744194031,0.7801509499549866
shapenet501,chair,0.21280620992183685,0.23092247545719147,0.26178839802742004,0.32584479451179504
shapenet504,chair,0.22723250091075897,0.24184460937976837,0.2713393270969391,0.3346076011657715
shapenet505,chair,0.71360844373703,0.7931644320487976,0.8249122500419617,0.8510570526123047
shapenet506,chair,0.12328251451253891,0.26091650128364563,0.5045928359031677,0.7916650772094727
shapenet507,chair,0.26649707555770874,0.2798164188861847,0.30881690979003906,0.3705672025680542
shapenet509,chair,0.14271031320095062,0.26277145743370056,0.48656392097473145,0.7654111385345459
shapenet510,chair,0.3710334599018097,0.3891763389110565,0.4184088706970215,0.4647552967071533
shapenet513,chair,0.3908597230911255,0.4106794595718384,0.4429999887943268,0.49011099338531494
shapenet514,chair,0.30686649680137634,0.4342498779296875,0.5771349668502808,0.7073571681976318
shapenet515,chair,0.3252203166484833,0.4038145840167999,0.5485492944717407,0.689526379108429
shapenet516,chair,0.547513484954834,0.7154173851013184,0.7852906584739685,0.8664160370826721
shapenet518,chair,0.0716559886932373,0.269127756357193,0.3855426013469696,0.5423585772514343
shapenet520,chair,0.2929953634738922,0.30677685141563416,0.334787517786026,0.394720196723938
shapenet521,chair,0.6375481486320496,0.6740071177482605,0.702549397945404,0.734700620174408
shapenet523,chair,0.23711581528186798,0.25153061747550964,0.28099334239959717,0.3443692624568939
shapenet526,chair,0.5768764615058899,0.6515231728553772,0.6918621063232422,0.7547099590301514
shapenet527,chair,0.40628528594970703,0.5019064545631409,0.6585190892219543,0.8348594307899475
shapenet529,chair,0.10757984966039658,0.15378250181674957,0.23512674868106842,0.3766479194164276
shapenet534,chair,0.042161524295806885,0.07385948300361633,0.11366049200296402,0.19142086803913116
shapenet535,chair,0.17907346785068512,0.2198101133108139,0.27999168634414673,0.37597331404685974
shapenet537,chair,0.4331221580505371,0.5910066962242126,0.6507795453071594,0.6981247067451477
shapenet541,chair,0.7431381344795227,0.7912977337837219,0.842559814453125,0.8775644898414612
shapenet544,chair,0.3230314254760742,0.4027295410633087,0.549406111240387,0.7673413753509521
shapenet546,chair,0.12579245865345,0.1412268728017807,0.17377419769763947,0.24474675953388214
shapenet547,chair,0.29751619696617126,0.38466569781303406,0.5390328764915466,0.7437050938606262
shapenet548,chair,0.5104302167892456,0.6637943387031555,0.8445806503295898,0.9483978748321533
shapenet550,chair,0.713891327381134,0.7599692940711975,0.7996313571929932,0.8367295861244202
shapenet554,chair,0.23792333900928497,0.2523738443851471,0.2823496162891388,0.345462441444397
shapenet555,chair,0.18914830684661865,0.2115570455789566,0.24130837619304657,0.3068861961364746
shapenet567,chair,0.2199448198080063,0.292753130197525,0.44318878650665283,0.694486677646637
shapenet569,chair,0.6922690272331238,0.7235879898071289,0.7659762501716614,0.8278391361236572
shapenet572,chair,0.5330799221992493,0.553046464920044,0.5880919098854065,0.6322313547134399
shapenet574,chair,0.20777243375778198,0.2218078225851059,0.25254592299461365,0.31785354018211365
shapenet577,chair,0.4950132369995117,0.592461884021759,0.6808549761772156,0.7530104517936707
shapenet580,chair,0.28869494795799255,0.44513359665870667,0.5272600650787354,0.6332595944404602
shapenet584,chair,0.03350825980305672,0.09970702975988388,0.17863625288009644,0.2645846903324127
shapenet586,chair,0.03351817652583122,0.1023893654346466,0.1766236573457718,0.2615607976913452
shapenet590,chair,0.18259282410144806,0.21485967934131622,0.2485724538564682,0.31478992104530334
shapenet591,chair,0.11198689788579941,0.21477337181568146,0.3515944480895996,0.43896055221557617
shapenet592,chair,0.18161781132221222,0.27268123626708984,0.36084380745887756,0.4714336693286896
shapenet593,chair,0.7502508759498596,0.8047575950622559,0.8484968543052673,0.8877246379852295
shapenet597,chair,0.239784836769104,0.25466006994247437,0.28387704491615295,0.34703707695007324
shapenet598,chair,0.21879255771636963,0.23350465297698975,0.26435017585754395,0.32902607321739197
shapenet599,chair,0.7533960342407227,0.7919928431510925,0.8357037901878357,0.899334728717804
shapenet600,chair,0.30312344431877136,0.31652387976646423,0.34380778670310974,0.40204739570617676
shapenet604,chair,0.744598388671875,0.8258245587348938,0.8988891243934631,0.9585962295532227
shapenet605,chair,0.14783374965190887,0.1981600672006607,0.2345598191022873,0.30213749408721924
shapenet608,chair,0.25492095947265625,0.3203277289867401,0.39462029933929443,0.4963966906070709
shapenet609,chair,0.24091552197933197,0.25468024611473083,0.28616011142730713,0.35015669465065
shapenet612,chair,0.23260988295078278,0.2519732415676117,0.2836814820766449,0.3475329577922821
shapenet616,chair,0.3601531982421875,0.4177940785884857,0.5187416076660156,0.6188498139381409
shapenet617,chair,0.5241367816925049,0.6538334488868713,0.8051899075508118,0.8932290077209473
shapenet619,chair,0.28559771180152893,0.3855757713317871,0.5344812870025635,0.7558944821357727
shapenet620,chair,0.30228710174560547,0.4058172404766083,0.5574937462806702,0.7630200982093811
shapenet622,chair,0.053513068705797195,0.07058016210794449,0.1053803339600563,0.18161529302597046
shapenet623,chair,0.4814024269580841,0.6552488803863525,0.8335651755332947,0.9351809620857239
shapenet628,chair,0.11183396726846695,0.24443376064300537,0.4750141203403473,0.7957912087440491
shapenet629,chair,0.28245076537132263,0.36291515827178955,0.40147778391838074,0.4590921103954315
shapenet633,chair,0.10404980182647705,0.15362633764743805,0.2170279175043106,0.29544034600257874
shapenet635,chair,0.047453463077545166,0.12781047821044922,0.17530804872512817,0.25092700123786926
shapenet636,chair,0.6361016631126404,0.6829190254211426,0.7201592922210693,0.7548547387123108
shapenet638,chair,0.4753059446811676,0.5407294631004333,0.6402557492256165,0.760810136795044
shapenet639,chair,0.21951214969158173,0.24432440102100372,0.27133408188819885,0.3317722976207733
shapenet640,chair,0.05896516516804695,0.12950707972049713,0.17494253814220428,0.25225353240966797
shapenet644,chair,0.7436450123786926,0.8661687970161438,0.9129791259765625,0.949002206325531
shapenet646,chair,0.2801346778869629,0.37239933013916016,0.4904535710811615,0.6494000554084778
shapenet652,chair,0.2314954251050949,0.24607138335704803,0.2755977213382721,0.3382769525051117
shapenet653,chair,0.4627305567264557,0.5227479338645935,0.5978721380233765,0.6994736790657043
shapenet656,chair,0.22192154824733734,0.32980674505233765,0.4249472916126251,0.5647016167640686
shapenet658,chair,0.25816819071769714,0.2727944850921631,0.3016476333141327,0.36405158042907715
shapenet662,chair,0.42395901679992676,0.4423949420452118,0.4601297378540039,0.49834445118904114
shapenet664,chair,0.3037756085395813,0.3489433526992798,0.45806679129600525,0.6458258032798767
shapenet665,chair,0.18825341761112213,0.20316143333911896,0.2343994379043579,0.3007276952266693
shapenet666,chair,0.14161628484725952,0.24910187721252441,0.31716224551200867,0.3979620933532715
shapenet667,chair,0.06136210635304451,0.13299639523029327,0.25393328070640564,0.3410075008869171
shapenet677,chair,0.5002484917640686,0.5813943147659302,0.7571899890899658,0.8681039810180664
shapenet678,chair,0.2728751599788666,0.2876550555229187,0.3156265318393707,0.3753494918346405
shapenet679,chair,0.2956213057041168,0.358466774225235,0.4322625398635864,0.5586490631103516
shapenet682,chair,0.26184067130088806,0.276446133852005,0.3055194318294525,0.36744460463523865
shapenet683,chair,0.32644736766815186,0.38442906737327576,0.43565189838409424,0.49166902899742126
shapenet686,chair,0.11591973155736923,0.15883149206638336,0.21910257637500763,0.30522850155830383
shapenet687,chair,0.38678571581840515,0.46592196822166443,0.5963967442512512,0.7515275478363037
shapenet690,chair,0.7042872905731201,0.7322521209716797,0.7622004151344299,0.7927913069725037
shapenet691,chair,0.03518740460276604,0.07119619101285934,0.1086391732096672,0.1858140230178833
shapenet692,chair,0.682290256023407,0.8176793456077576,0.8530154228210449,0.8770440220832825
shapenet693,chair,0.48042377829551697,0.5168810486793518,0.6010119318962097,0.7183719277381897
shapenet697,chair,0.2298637181520462,0.33639368414878845,0.40945807099342346,0.5297250151634216
shapenet699,chair,0.47601303458213806,0.6452208161354065,0.8310214877128601,0.9476527571678162
shapenet702,chair,0.0651850476861,0.13860984146595,0.18285346031188965,0.258812814950943
shapenet703,chair,0.5109129548072815,0.5697329640388489,0.64688640832901,0.7457401752471924
shapenet708,chair,0.021927356719970703,0.075285404920578,0.11982005834579468,0.19803786277770996
shapenet711,chair,0.3304198682308197,0.42537757754325867,0.46749141812324524,0.5228058695793152
shapenet714,chair,0.16462300717830658,0.22993509471416473,0.3265801966190338,0.40914201736450195
shapenet715,chair,0.25339454412460327,0.26805999875068665,0.2948477566242218,0.35745516419410706
shapenet718,chair,0.18672899901866913,0.31586953997612,0.40626516938209534,0.5144371390342712
shapenet719,chair,0.6471944451332092,0.698505699634552,0.7536525130271912,0.8042603135108948
shapenet722,chair,0.22256754338741302,0.342771053314209,0.5013865828514099,0.7302730679512024
shapenet724,chair,0.527491569519043,0.6554944515228271,0.7047552466392517,0.7469648718833923
shapenet725,chair,0.4392760694026947,0.4987853765487671,0.5757371783256531,0.6657070517539978
shapenet732,chair,0.05921409651637077,0.08154090493917465,0.11253277212381363,0.1803501397371292
shapenet734,chair,0.6468736529350281,0.6761452555656433,0.7122276425361633,0.7479496002197266
shapenet736,chair,0.21685875952243805,0.23327940702438354,0.2664116322994232,0.33209261298179626
shapenet739,chair,0.22824060916900635,0.24283641576766968,0.27236413955688477,0.33559224009513855
shapenet740,chair,0.22999708354473114,0.2964111268520355,0.39880093932151794,0.518760621547699
shapenet743,chair,0.3380816876888275,0.4797441065311432,0.5658438205718994,0.6463004946708679
shapenet744,chair,0.5585387945175171,0.6021125316619873,0.6590820550918579,0.7332618832588196
shapenet749,chair,0.6817629933357239,0.8225057125091553,0.8858808875083923,0.9395330548286438
shapenet751,chair,0.5723617672920227,0.6057059168815613,0.6389399766921997,0.6787500381469727
shapenet757,chair,0.6733530163764954,0.7487010955810547,0.7882375717163086,0.8260782361030579
shapenet759,chair,0.16563408076763153,0.21038030087947845,0.3047170639038086,0.42982566356658936
shapenet760,chair,0.6252737045288086,0.6602600812911987,0.6946794986724854,0.7292526364326477
shapenet761,chair,0.4612930715084076,0.5445330739021301,0.6122826933860779,0.6998367309570312
shapenet762,chair,0.08503985404968262,0.1374279111623764,0.17540037631988525,0.25016024708747864
shapenet766,chair,0.39560890197753906,0.4310251772403717,0.4609336853027344,0.5152246952056885
shapenet770,chair,0.13994286954402924,0.15612341463565826,0.18826235830783844,0.2586353123188019
shapenet771,chair,0.20669525861740112,0.2214236855506897,0.2522173821926117,0.31789660453796387
shapenet772,chair,0.04974214360117912,0.1310301274061203,0.17602618038654327,0.2514441907405853
shapenet773,chair,0.4399785101413727,0.5024027824401855,0.5533294081687927,0.611319899559021
shapenet774,chair,0.36491116881370544,0.47432589530944824,0.5669949650764465,0.6770487427711487
shapenet775,chair,0.635018527507782,0.6897406578063965,0.7754324078559875,0.8649315237998962
shapenet782,chair,0.13560841977596283,0.18969838321208954,0.25770726799964905,0.3492409288883209
shapenet790,chair,0.2100685089826584,0.2608983516693115,0.39058542251586914,0.5577910542488098
shapenet791,chair,0.20447145402431488,0.21911251544952393,0.25038957595825195,0.31624314188957214
shapenet796,chair,0.4395039975643158,0.4950770437717438,0.6721315383911133,0.8598151803016663
shapenet797,chair,0.1557914763689041,0.24387554824352264,0.4567822515964508,0.7492935061454773
shapenet798,chair,0.4634382426738739,0.5042622685432434,0.580461859703064,0.6577682495117188
shapenet799,chair,0.4506639540195465,0.6074554920196533,0.7811179161071777,0.8969953656196594
shapenet800,chair,0.15064115822315216,0.1667807251214981,0.19883908331394196,0.26786690950393677
shapenet801,chair,0.20636238157749176,0.28608807921409607,0.4184863567352295,0.5787436366081238
shapenet804,chair,0.3723944425582886,0.3841184079647064,0.4096086025238037,0.46356192231178284
shapenet805,chair,0.6568374037742615,0.7389853596687317,0.827843189239502,0.9061405062675476
shapenet808,chair,0.07420649379491806,0.09961223602294922,0.14441829919815063,0.21115469932556152
shapenet811,chair,0.2793779969215393,0.32455429434776306,0.3909132182598114,0.4881908595561981
shapenet812,chair,0.6668474078178406,0.7179708480834961,0.7678995132446289,0.8219470977783203
shapenet813,chair,0.5041537880897522,0.6515256762504578,0.8323512673377991,0.9466111063957214
shapenet814,chair,0.46378567814826965,0.6116060614585876,0.7504164576530457,0.840758740901947
shapenet816,chair,0.345064252614975,0.4853256046772003,0.6147270202636719,0.7417294383049011
shapenet817,chair,0.5089465975761414,0.6144376993179321,0.6999678611755371,0.7713733315467834
shapenet818,chair,0.5295522809028625,0.660154402256012,0.8363775610923767,0.9354341626167297
shapenet820,chair,0.08871817588806152,0.19324856996536255,0.29678723216056824,0.4388333261013031
shapenet825,chair,0.5301612019538879,0.6797709465026855,0.7919962406158447,0.8716135621070862
shapenet826,chair,0.6473509669303894,0.7308411598205566,0.8147686123847961,0.8822275996208191
shapenet827,chair,0.13679341971874237,0.15233315527439117,0.18531864881515503,0.25576668977737427
shapenet831,chair,0.24870550632476807,0.28112030029296875,0.31440362334251404,0.37529894709587097
shapenet832,chair,0.0549989752471447,0.10114527493715286,0.14237473905086517,0.2217286378145218
shapenet833,chair,0.25959494709968567,0.35691937804222107,0.3977263867855072,0.4567070007324219
shapenet835,chair,0.3042489290237427,0.316865473985672,0.34533795714378357,0.40426501631736755
shapenet837,chair,0.6341766715049744,0.7360098361968994,0.825501024723053,0.9052419662475586
shapenet840,chair,0.2144571989774704,0.32392358779907227,0.42914867401123047,0.5518314838409424
shapenet845,chair,0.31699809432029724,0.3783580958843231,0.4673265516757965,0.5802761912345886
shapenet846,chair,0.1158672571182251,0.15216399729251862,0.21216492354869843,0.3472578823566437
shapenet848,chair,0.5644102096557617,0.6931342482566833,0.7909829616546631,0.8454404473304749
shapenet851,chair,0.2616259753704071,0.27482107281684875,0.3044630289077759,0.36667361855506897
shapenet852,chair,0.5283909440040588,0.6513895392417908,0.8263247609138489,0.9122160077095032
shapenet854,chair,0.6650767922401428,0.726746141910553,0.7617835998535156,0.7948240637779236
shapenet856,chair,0.045991379767656326,0.11668994277715683,0.16440361738204956,0.24327711760997772
shapenet859,chair,0.45700231194496155,0.548748254776001,0.6173622608184814,0.6946623921394348
shapenet860,chair,0.19710487127304077,0.21058474481105804,0.2407364845275879,0.30622246861457825
shapenet861,chair,0.07700803130865097,0.2514740228652954,0.4963965117931366,0.789408266544342
shapenet863,chair,0.16049019992351532,0.3023771047592163,0.46469274163246155,0.7586941123008728
shapenet867,chair,0.24321921169757843,0.2976229786872864,0.3877943456172943,0.5154758095741272
shapenet869,chair,0.32902389764785767,0.39410004019737244,0.5055214762687683,0.6397452354431152
shapenet871,chair,0.6446359753608704,0.6755762100219727,0.7113943696022034,0.7471747994422913
shapenet873,chair,0.6789339184761047,0.7103798985481262,0.7994497418403625,0.8980743288993835
shapenet877,chair,0.13059259951114655,0.175548255443573,0.22221739590168,0.28746846318244934
shapenet878,chair,0.6722165942192078,0.7283998131752014,0.767629861831665,0.7970941662788391
shapenet879,chair,0.13987410068511963,0.2257055640220642,0.4496098756790161,0.7820536494255066
shapenet884,chair,0.17947418987751007,0.3573240041732788,0.6206925511360168,0.8055343627929688
shapenet886,chair,0.06043529510498047,0.11300700157880783,0.15159879624843597,0.2287827581167221
shapenet888,chair,0.3739902973175049,0.43483445048332214,0.5014609694480896,0.5702158808708191
shapenet891,chair,0.26239392161369324,0.27652791142463684,0.30518195033073425,0.3661006987094879
shapenet893,chair,0.684680163860321,0.7467061877250671,0.7829286456108093,0.8178613781929016
shapenet898,chair,0.17708931863307953,0.19273388385772705,0.2260490208864212,0.2943410575389862
shapenet899,chair,0.3526421785354614,0.37728407979011536,0.4076137840747833,0.4606475830078125
shapenet901,chair,0.31624847650527954,0.3276914060115814,0.35523879528045654,0.4129636287689209
shapenet902,chair,0.5040991902351379,0.577782928943634,0.6796383857727051,0.7910760045051575
shapenet903,chair,0.5239007472991943,0.6452333927154541,0.7685423493385315,0.8401399254798889
shapenet904,chair,0.24473540484905243,0.3351309597492218,0.4436319172382355,0.5810168385505676
shapenet906,chair,0.15003670752048492,0.20166440308094025,0.29576972126960754,0.4106879234313965
shapenet913,chair,0.37547779083251953,0.4749394655227661,0.5351247787475586,0.5926427841186523
shapenet914,chair,0.24331657588481903,0.3180293142795563,0.3959548771381378,0.4680308401584625
shapenet915,chair,0.46761980652809143,0.6351572275161743,0.7588968276977539,0.846563994884491
shapenet916,chair,0.2196156531572342,0.27511146664619446,0.31094449758529663,0.37341904640197754
shapenet918,chair,0.20439733564853668,0.33062517642974854,0.43715667724609375,0.5626223683357239
shapenet919,chair,0.29494431614875793,0.3082510232925415,0.3365047872066498,0.3960784375667572
shapenet923,chair,0.2618236243724823,0.3217701315879822,0.45116567611694336,0.6209800839424133
shapenet924,chair,0.5465810894966125,0.6458186507225037,0.7501287460327148,0.851085364818573
shapenet925,chair,0.4929964542388916,0.5305750966072083,0.5880275964736938,0.6694472432136536
shapenet927,chair,0.16281235218048096,0.24980004131793976,0.45921194553375244,0.7783730626106262
shapenet930,chair,0.3488337993621826,0.38961294293403625,0.4213981330394745,0.4750479757785797
shapenet938,chair,0.1552192121744156,0.1719033271074295,0.20440901815891266,0.274559885263443
shapenet939,chair,0.03439716622233391,0.1059844121336937,0.16113299131393433,0.2425038367509842
shapenet941,chair,0.7024862766265869,0.7743989825248718,0.8159306645393372,0.8442935347557068
shapenet942,chair,0.26456746459007263,0.3483106791973114,0.4533974826335907,0.5678659081459045
shapenet943,chair,0.10164926201105118,0.14420883357524872,0.191522017121315,0.26159271597862244
shapenet946,chair,0.23440206050872803,0.2746577262878418,0.34813597798347473,0.4507896900177002
shapenet949,chair,0.19406862556934357,0.342361718416214,0.522127091884613,0.8040936589241028
shapenet950,chair,0.48668429255485535,0.5941413044929504,0.685077965259552,0.7834340929985046
shapenet952,chair,0.5270898938179016,0.6522863507270813,0.8361157774925232,0.9344193339347839
shapenet953,chair,0.054482679814100266,0.1135258749127388,0.15572504699230194,0.22876298427581787
shapenet954,chair,0.10912016779184341,0.1259879469871521,0.15908874571323395,0.23097018897533417
shapenet955,chair,0.2427157759666443,0.25712648034095764,0.28680220246315,0.349886417388916
shapenet956,chair,0.07381967455148697,0.20218485593795776,0.5100682377815247,0.8186642527580261
shapenet957,chair,0.4960351884365082,0.5484235286712646,0.5880534052848816,0.6482243537902832
shapenet958,chair,0.45366033911705017,0.5332013964653015,0.6020159721374512,0.684069812297821
shapenet959,chair,0.3051716089248657,0.3598841428756714,0.5822494029998779,0.8352370262145996
shapenet960,chair,0.6716063618659973,0.786943256855011,0.8535194396972656,0.9066153168678284
shapenet966,chair,0.23689864575862885,0.3023952841758728,0.38514432311058044,0.5327087044715881
shapenet967,chair,0.13238386809825897,0.20436491072177887,0.47173091769218445,0.7860406041145325
shapenet974,chair,0.685623824596405,0.7578063011169434,0.795987606048584,0.8337242007255554
shapenet977,chair,0.130457803606987,0.33074045181274414,0.5816110968589783,0.809533417224884
shapenet978,chair,0.2903687357902527,0.3021291196346283,0.3316552937030792,0.39195993542671204
shapenet979,chair,0.3257368803024292,0.4377489984035492,0.5711401104927063,0.7500423789024353
shapenet983,chair,0.20441915094852448,0.21779529750347137,0.2494545727968216,0.3155679702758789
shapenet984,chair,0.6658163070678711,0.7182548642158508,0.7535691261291504,0.789206326007843
shapenet989,chair,0.14167191088199615,0.18893159925937653,0.2580038011074066,0.33783817291259766
shapenet990,chair,0.5683032870292664,0.5918217301368713,0.6216666102409363,0.6572704911231995
shapenet991,chair,0.7336194515228271,0.7934513688087463,0.8481338620185852,0.9004603028297424
shapenet994,chair,0.5444009900093079,0.6677401065826416,0.8303486704826355,0.9150120615959167
shapenet1000,chair,0.2296021729707718,0.26328399777412415,0.365207314491272,0.5112101435661316
shapenet1003,chair,0.07880028337240219,0.2130918949842453,0.26630571484565735,0.3378148078918457
shapenet1005,chair,0.08785754442214966,0.13326142728328705,0.20544178783893585,0.3790380656719208
shapenet1008,chair,0.5794872045516968,0.6740677952766418,0.7582733035087585,0.808695375919342
shapenet1009,chair,0.15210920572280884,0.16979698836803436,0.2051369696855545,0.2745867073535919
shapenet1010,chair,0.6059941649436951,0.6431910395622253,0.7572275996208191,0.8853810429573059
shapenet1016,chair,0.3007716238498688,0.385711669921875,0.42594775557518005,0.48165765404701233
shapenet1019,chair,0.1445941925048828,0.2197614312171936,0.31534186005592346,0.44328346848487854
shapenet1020,chair,0.29929065704345703,0.31007692217826843,0.3372495472431183,0.395177960395813
shapenet1023,chair,0.0867246761918068,0.11064896732568741,0.16425015032291412,0.2337331771850586
shapenet1024,chair,0.13387954235076904,0.24007409811019897,0.43930351734161377,0.7503063082695007
shapenet1025,chair,0.28790944814682007,0.3614981174468994,0.45141664147377014,0.5813990235328674
shapenet1026,chair,0.26729047298431396,0.2803066074848175,0.3108868896961212,0.3722999095916748
shapenet1028,chair,0.48976922035217285,0.6400044560432434,0.8263573050498962,0.9442922472953796
shapenet1030,chair,0.7183060050010681,0.8362337946891785,0.904308557510376,0.9567059874534607
shapenet1033,chair,0.05909927561879158,0.09121010452508926,0.12841780483722687,0.20632512867450714
shapenet1034,chair,0.5677185654640198,0.6303125023841858,0.7697709202766418,0.8899381160736084
shapenet1035,chair,0.6319403052330017,0.7015128135681152,0.7741763591766357,0.8515780568122864
shapenet1036,chair,0.6859567761421204,0.7278473377227783,0.7642631530761719,0.807157039642334
shapenet1037,chair,0.5529876351356506,0.6179739832878113,0.6813653111457825,0.7572423815727234
shapenet1041,chair,0.29005053639411926,0.30290019512176514,0.3318420648574829,0.3925306499004364
shapenet1042,chair,0.8145086169242859,0.8783165812492371,0.9184088110923767,0.9563739895820618
shapenet1043,chair,0.3883936107158661,0.514856219291687,0.60572350025177,0.7428758144378662
shapenet1047,chair,0.39571091532707214,0.5165331959724426,0.572456955909729,0.6286972165107727
shapenet1048,chair,0.3243352472782135,0.441488116979599,0.5029616355895996,0.5594229698181152
shapenet1049,chair,0.27785903215408325,0.29106417298316956,0.3198215067386627,0.38050150871276855
shapenet1050,chair,0.6041557192802429,0.6421778202056885,0.6589933037757874,0.6862778663635254
shapenet1053,chair,0.34247615933418274,0.3898603022098541,0.44879722595214844,0.5216482281684875
shapenet1055,chair,0.19834549725055695,0.21923327445983887,0.24865777790546417,0.31255364418029785
shapenet1056,chair,0.1711852103471756,0.23988787829875946,0.3971879482269287,0.6320164203643799
shapenet1057,chair,0.21690239012241364,0.2315896898508072,0.261768639087677,0.32691335678100586
shapenet1061,chair,0.3316369652748108,0.34939083456993103,0.3794369399547577,0.43149885535240173
shapenet1062,chair,0.02703392505645752,0.09519542008638382,0.14906270802021027,0.22903621196746826
shapenet1066,chair,0.2667435109615326,0.31533125042915344,0.3496971130371094,0.409682035446167
shapenet1067,chair,0.7581712603569031,0.8259976506233215,0.8906712532043457,0.9494213461875916
shapenet1070,chair,0.1666203886270523,0.2117099165916443,0.2613722085952759,0.33950352668762207
shapenet1074,chair,0.019517600536346436,0.09223964810371399,0.1353020966053009,0.20569711923599243
shapenet1078,chair,0.17593081295490265,0.2441565841436386,0.30868545174598694,0.38724973797798157
shapenet1079,chair,0.2079308182001114,0.2911836802959442,0.37684348225593567,0.4819101393222809
shapenet1081,chair,0.5469244122505188,0.6264285445213318,0.7331724166870117,0.8530609011650085
shapenet1082,chair,0.08634281158447266,0.1102989986538887,0.1451709270477295,0.21747051179409027
shapenet1084,chair,0.3329823613166809,0.3637315332889557,0.39313241839408875,0.449178546667099
shapenet1085,chair,0.21648651361465454,0.2862449586391449,0.32741186022758484,0.38931140303611755
shapenet1086,chair,0.5883625149726868,0.6546308398246765,0.7356882095336914,0.8272934556007385
shapenet1088,chair,0.27547305822372437,0.41364598274230957,0.46085667610168457,0.5180614590644836
shapenet1091,chair,0.48939967155456543,0.6593484282493591,0.8390373587608337,0.9488062858581543
shapenet1092,chair,0.24274706840515137,0.25614413619041443,0.2862049341201782,0.3493194580078125
shapenet1093,chair,0.022447308525443077,0.19731305539608002,0.3453874886035919,0.5282915830612183
shapenet1096,chair,0.03073582984507084,0.06302482634782791,0.12752878665924072,0.2102348804473877
shapenet1097,chair,0.0892326608300209,0.30568811297416687,0.6198024153709412,0.7582039833068848
shapenet1099,chair,0.46884992718696594,0.5020932555198669,0.5318393111228943,0.5748640894889832
shapenet1100,chair,0.19825778901576996,0.21671845018863678,0.2468193918466568,0.3118354082107544
shapenet1103,chair,0.5983210206031799,0.619654655456543,0.6547645330429077,0.6900501847267151
shapenet1111,chair,0.600624144077301,0.6450336575508118,0.7016414999961853,0.7523793578147888
shapenet1113,chair,0.058247845619916916,0.13862429559230804,0.19300900399684906,0.2615768015384674
shapenet1117,chair,0.20612595975399017,0.2210342139005661,0.2516207993030548,0.3178958594799042
shapenet1119,chair,0.2475850135087967,0.26536715030670166,0.2982136309146881,0.3615352213382721
shapenet1120,chair,0.18447333574295044,0.2161443680524826,0.25102439522743225,0.3183768689632416
shapenet1121,chair,0.45188406109809875,0.5568711757659912,0.6700559258460999,0.8057861328125
shapenet1123,chair,0.35784316062927246,0.48349347710609436,0.5392484068870544,0.5914596915245056
shapenet1125,chair,0.7240250110626221,0.7680508494377136,0.8047851920127869,0.840539276599884
shapenet1127,chair,0.3799908459186554,0.4981839656829834,0.543565034866333,0.59609454870224
shapenet1129,chair,0.46010541915893555,0.6151044964790344,0.731590747833252,0.8036835193634033
shapenet1131,chair,0.7896719574928284,0.8399057984352112,0.8720911145210266,0.9019951224327087
shapenet1137,chair,0.2082148641347885,0.22264344990253448,0.25332701206207275,0.3190077841281891
shapenet1141,chair,0.15183305740356445,0.21627914905548096,0.317597359418869,0.4589340388774872
shapenet1142,chair,0.20817063748836517,0.276986300945282,0.3679412305355072,0.47533050179481506
shapenet1143,chair,0.5514869093894958,0.661226749420166,0.840702474117279,0.9247795939445496
shapenet1144,chair,0.5358895659446716,0.6669769883155823,0.823474109172821,0.9047672748565674
shapenet1145,chair,0.4499143064022064,0.5292231440544128,0.669808566570282,0.841727077960968
shapenet1146,chair,0.505046546459198,0.5771436095237732,0.6212850213050842,0.6656818985939026
shapenet1147,chair,0.15153320133686066,0.2554320991039276,0.3169066309928894,0.3866373300552368
shapenet1149,chair,0.11790742725133896,0.16449689865112305,0.2517053782939911,0.35662171244621277
shapenet1155,chair,0.6515373587608337,0.6898819804191589,0.7347721457481384,0.7753897309303284
shapenet1157,chair,0.6136552691459656,0.63618403673172,0.6729729771614075,0.7088720202445984
shapenet1159,chair,0.2034285068511963,0.21830923855304718,0.24890780448913574,0.31510433554649353
shapenet1160,chair,0.5019692778587341,0.664916455745697,0.8432930111885071,0.9539374709129333
shapenet1161,chair,0.4242643117904663,0.6010032296180725,0.6856787204742432,0.738200843334198
shapenet1163,chair,0.10393079370260239,0.18049679696559906,0.25148242712020874,0.32527896761894226
shapenet1168,chair,0.24292077124118805,0.3736271560192108,0.6682605147361755,0.8220458626747131
shapenet1171,chair,0.25717535614967346,0.27044788002967834,0.3003823757171631,0.3630242645740509
shapenet1172,chair,0.4013519287109375,0.46721506118774414,0.5558643341064453,0.6645309329032898
shapenet1174,chair,0.6583203673362732,0.7470278739929199,0.7768008708953857,0.8040034770965576
shapenet1178,chair,0.5347444415092468,0.6786691546440125,0.8425291180610657,0.9400210380554199
shapenet1179,chair,0.44637998938560486,0.5199164748191833,0.6248233914375305,0.7274608612060547
shapenet1182,chair,0.6562015414237976,0.7107300758361816,0.7524652481079102,0.7907271981239319
shapenet1183,chair,0.3755844533443451,0.4114047586917877,0.43786874413490295,0.47997891902923584
shapenet1184,chair,0.1963501125574112,0.21142716705799103,0.2420213371515274,0.3083362281322479
shapenet1186,chair,0.39432772994041443,0.4564613401889801,0.547459602355957,0.667576789855957
shapenet1187,chair,0.5021675229072571,0.5650453567504883,0.6643757224082947,0.7666394710540771
shapenet1189,chair,0.3703760802745819,0.42101261019706726,0.45694413781166077,0.5106787085533142
shapenet1190,chair,0.3901824653148651,0.5995635390281677,0.6713770031929016,0.721400797367096
shapenet1191,chair,0.6755251884460449,0.7287721633911133,0.8006324768066406,0.8747026324272156
shapenet1194,chair,0.4767909348011017,0.6423507928848267,0.8240609765052795,0.9401642680168152
shapenet1196,chair,0.2066550999879837,0.22188733518123627,0.25252488255500793,0.3178419768810272
shapenet1197,chair,0.37749385833740234,0.4102013409137726,0.43672433495521545,0.4885435998439789
shapenet1199,chair,0.31318238377571106,0.4010453224182129,0.4418196678161621,0.49898386001586914
shapenet1200,chair,0.5210831761360168,0.6284723877906799,0.6994085907936096,0.7701261639595032
shapenet1201,chair,0.4867866039276123,0.5771351456642151,0.6745398640632629,0.7987460494041443
shapenet1202,chair,0.17939452826976776,0.19537268579006195,0.2263212651014328,0.2938678562641144
shapenet1208,chair,0.42485037446022034,0.49139049649238586,0.5265510082244873,0.5751381516456604
shapenet1210,chair,0.4341166019439697,0.513361930847168,0.6350409388542175,0.748399019241333
shapenet1211,chair,0.11939408630132675,0.13634586334228516,0.16791212558746338,0.23905766010284424
shapenet1212,chair,0.48438116908073425,0.6204025149345398,0.8055689930915833,0.9144189357757568
shapenet1215,chair,0.16812337934970856,0.1961255520582199,0.23155613243579865,0.3001328706741333
shapenet1216,chair,0.38224396109580994,0.4349011480808258,0.4675561189651489,0.519904375076294
shapenet1218,chair,0.621703565120697,0.6746554970741272,0.7049972414970398,0.7401092052459717
shapenet1220,chair,0.5698447823524475,0.6503391861915588,0.7760332226753235,0.8531959056854248
shapenet1222,chair,0.41077008843421936,0.5336316823959351,0.6053289771080017,0.6899793744087219
shapenet1224,chair,0.2277262806892395,0.24106986820697784,0.27384504675865173,0.3386492431163788
shapenet1226,chair,0.6105815768241882,0.6835189461708069,0.7409021258354187,0.8187212347984314
shapenet1227,chair,0.5123669505119324,0.5877853035926819,0.6329476833343506,0.6781215071678162
shapenet1228,chair,0.2762434184551239,0.29016175866127014,0.3186744153499603,0.37896010279655457
shapenet1232,chair,0.39834022521972656,0.47292986512184143,0.5280625820159912,0.5823726058006287
shapenet1234,chair,0.29446104168891907,0.3541751205921173,0.4276787340641022,0.5453174114227295
shapenet1241,chair,0.013599693775177002,0.0317227877676487,0.06742969155311584,0.14469954371452332
shapenet1242,chair,0.5047279000282288,0.5549324154853821,0.596269428730011,0.66266930103302
shapenet1245,chair,0.2485465258359909,0.2619430124759674,0.2920137345790863,0.3551861345767975
shapenet1250,chair,0.17681320011615753,0.20910310745239258,0.2868558466434479,0.4540480673313141
shapenet1252,chair,0.47305357456207275,0.5585735440254211,0.6040453910827637,0.6502337455749512
shapenet1253,chair,0.4522686302661896,0.5211732983589172,0.5653533339500427,0.614639937877655
shapenet1255,chair,0.1164986863732338,0.18738412857055664,0.28399336338043213,0.3911139965057373
shapenet1256,chair,0.3217714726924896,0.33551719784736633,0.362048864364624,0.4194611608982086
shapenet1258,chair,0.5598129630088806,0.6622963547706604,0.8290411829948425,0.9250282645225525
shapenet1259,chair,0.5288791060447693,0.6589431166648865,0.7387592196464539,0.822683572769165
shapenet1260,chair,0.5091725587844849,0.6641055345535278,0.7927560210227966,0.8591553568840027
shapenet1262,chair,0.44771715998649597,0.5370209813117981,0.6411834359169006,0.7531313300132751
shapenet1263,chair,0.2082497477531433,0.2325715273618698,0.291398286819458,0.39119672775268555
shapenet1264,chair,0.47975954413414,0.6540555953979492,0.8360010981559753,0.946753203868866
shapenet1267,chair,0.7329744696617126,0.7980988621711731,0.8256862163543701,0.8492547869682312
shapenet1269,chair,0.4836939573287964,0.5370023250579834,0.6070289015769958,0.7074691653251648
shapenet1271,chair,0.33741331100463867,0.3696273863315582,0.3982912003993988,0.452833890914917
shapenet1273,chair,0.5378351807594299,0.6332657933235168,0.7456648945808411,0.8300450444221497
shapenet1274,chair,0.5505827069282532,0.5781370997428894,0.6344466805458069,0.6901180744171143
shapenet1275,chair,0.2642485201358795,0.27670547366142273,0.306663453578949,0.3681374788284302
shapenet1276,chair,0.4061414301395416,0.4675624370574951,0.5485520362854004,0.6452304720878601
shapenet1278,chair,0.17117919027805328,0.24020391702651978,0.30149927735328674,0.36635780334472656
shapenet1279,chair,0.1127106174826622,0.25057312846183777,0.5368490219116211,0.8208050727844238
shapenet1283,chair,0.6280577778816223,0.6646056771278381,0.696071445941925,0.7323393821716309
shapenet1285,chair,0.7805209755897522,0.851519763469696,0.9082682728767395,0.9567956328392029
shapenet1286,chair,0.5328066945075989,0.6104661822319031,0.658977210521698,0.7075101733207703
shapenet1287,chair,0.34833666682243347,0.40170907974243164,0.43039464950561523,0.4747321605682373
shapenet1288,chair,0.5362815260887146,0.6483950614929199,0.8032583594322205,0.8881704211235046
shapenet1290,chair,0.49435821175575256,0.6471677422523499,0.8217215538024902,0.9094851613044739
shapenet1292,chair,0.4999549686908722,0.5333191752433777,0.5878707766532898,0.6719900965690613
shapenet1294,chair,0.46892914175987244,0.5113939642906189,0.5675784945487976,0.631572425365448
shapenet1295,chair,0.22220931947231293,0.2903182804584503,0.44344887137413025,0.6657897233963013
shapenet1296,chair,0.11382768303155899,0.21205182373523712,0.31844937801361084,0.5170242786407471
shapenet1297,chair,0.4072616994380951,0.5051640868186951,0.566711962223053,0.6609132885932922
shapenet1298,chair,0.3159463405609131,0.3686946630477905,0.41248819231987,0.47558531165122986
shapenet1299,chair,0.5927008390426636,0.6109252572059631,0.644085168838501,0.6797645092010498
shapenet1300,chair,0.3129068911075592,0.41675320267677307,0.45935750007629395,0.5140158534049988
shapenet1303,chair,0.5603476166725159,0.6081855893135071,0.6594958901405334,0.7212427258491516
shapenet1304,chair,0.23635371029376984,0.24877822399139404,0.2804367244243622,0.34428706765174866
shapenet1306,chair,0.07766858488321304,0.22388499975204468,0.5243591666221619,0.8352982401847839
shapenet1308,chair,0.2725338339805603,0.2876046597957611,0.3106282651424408,0.36504021286964417
shapenet1310,chair,0.383193701505661,0.4523106515407562,0.5827431082725525,0.7767035365104675
shapenet1312,chair,0.149932399392128,0.2094777375459671,0.2869779169559479,0.4091138541698456
shapenet1314,chair,0.5378572344779968,0.6349058747291565,0.757476270198822,0.8652744889259338
shapenet1315,chair,0.032557565718889236,0.09722539037466049,0.16235922276973724,0.24264149367809296
shapenet1316,chair,0.40806376934051514,0.49021920561790466,0.5338324904441833,0.5852838158607483
shapenet1317,chair,0.5662239789962769,0.5963662266731262,0.6289907097816467,0.6647664904594421
shapenet1318,chair,0.07379647344350815,0.30767568945884705,0.4757283627986908,0.6505890488624573
shapenet1320,chair,0.37263214588165283,0.5144979357719421,0.639014720916748,0.7363529801368713
shapenet1321,chair,0.1988486498594284,0.2774639427661896,0.3458961248397827,0.41404926776885986
shapenet1322,chair,0.7807459831237793,0.8200263977050781,0.8523755669593811,0.87851482629776
shapenet1324,chair,0.4405902326107025,0.5023220181465149,0.5776934027671814,0.6664609909057617
shapenet1325,chair,0.32553836703300476,0.34387603402137756,0.3724497854709625,0.42936936020851135
shapenet1328,chair,0.22889335453510284,0.29825305938720703,0.44989147782325745,0.6548349857330322
shapenet1330,chair,0.46947869658470154,0.6540039777755737,0.8387696743011475,0.9523413777351379
shapenet1333,chair,0.11758476495742798,0.246692955493927,0.4666140377521515,0.8024045825004578
shapenet1337,chair,0.34931930899620056,0.39151719212532043,0.42276373505592346,0.47687169909477234
shapenet1339,chair,0.37360191345214844,0.42995452880859375,0.46190977096557617,0.5142414569854736
shapenet1341,chair,0.5203296542167664,0.6459550261497498,0.8198666572570801,0.9271100163459778
shapenet1347,chair,0.1331554800271988,0.1596505343914032,0.1909860223531723,0.25969162583351135
shapenet1349,chair,0.10443279892206192,0.22078676521778107,0.43444809317588806,0.7311977744102478
shapenet1351,chair,0.1794380396604538,0.19414786994457245,0.2258596420288086,0.29327860474586487
shapenet1353,chair,0.21750478446483612,0.2317405492067337,0.2628934681415558,0.32793697714805603
shapenet1354,chair,0.18209777772426605,0.2993989884853363,0.5024657845497131,0.748694658279419
shapenet1357,chair,0.16158746182918549,0.21070672571659088,0.28101658821105957,0.38520386815071106
shapenet1358,chair,0.7647544741630554,0.7831809520721436,0.826819121837616,0.8720186352729797
shapenet1359,chair,0.5403380990028381,0.6667261123657227,0.7901513576507568,0.8794951438903809
shapenet1360,chair,0.6904916763305664,0.7394432425498962,0.7641978859901428,0.7911891937255859
shapenet1361,chair,0.036238253116607666,0.3095918893814087,0.4433974325656891,0.5964496731758118
shapenet1362,chair,0.16255635023117065,0.17893564701080322,0.21020907163619995,0.27921414375305176
shapenet1364,chair,0.24858959019184113,0.33867335319519043,0.5617141127586365,0.814450204372406
shapenet1369,chair,0.4932870864868164,0.6269306540489197,0.8085131049156189,0.9074823260307312
shapenet1372,chair,0.4018353223800659,0.4702789783477783,0.601745069026947,0.7779362797737122
shapenet1375,chair,0.21679143607616425,0.23172242939472198,0.2617335617542267,0.32657843828201294
shapenet1377,chair,0.4980196952819824,0.5830499529838562,0.6272432208061218,0.6714687943458557
shapenet1378,chair,0.2776452600955963,0.36036649346351624,0.4005852937698364,0.45849213004112244
shapenet1380,chair,0.5208656191825867,0.5899187326431274,0.6568538546562195,0.7189001441001892
shapenet1381,chair,0.5490504503250122,0.6679606437683105,0.8392612338066101,0.9284608364105225
shapenet1383,chair,0.43613508343696594,0.484553724527359,0.5801751017570496,0.6997973322868347
shapenet1386,chair,0.6757543683052063,0.7075462937355042,0.7436453700065613,0.7748767733573914
shapenet1390,chair,0.4819306433200836,0.5037502646446228,0.5392565727233887,0.5802540183067322
shapenet1391,chair,0.2958974540233612,0.38568314909935,0.5417616963386536,0.7538626790046692
shapenet1392,chair,0.37015435099601746,0.3863745927810669,0.4188682734966278,0.4715484380722046
shapenet1393,chair,0.2852075695991516,0.3129211962223053,0.341435045003891,0.39985665678977966
shapenet1394,chair,0.5221596360206604,0.6389314532279968,0.6733010411262512,0.7205042839050293
shapenet1396,chair,0.22199536859989166,0.23675434291362762,0.2662593424320221,0.3299947679042816
shapenet1397,chair,0.11645064502954483,0.1673123836517334,0.22660613059997559,0.3074426054954529
shapenet1401,chair,0.3287113606929779,0.3392704725265503,0.37068089842796326,0.42898237705230713
shapenet1402,chair,0.37445712089538574,0.41628333926200867,0.5016384720802307,0.6006284356117249
shapenet1404,chair,0.5134585499763489,0.666618287563324,0.8285830616950989,0.9226449131965637
shapenet1406,chair,0.2263837456703186,0.24080169200897217,0.27086761593818665,0.33513331413269043
shapenet1411,chair,0.17553700506687164,0.29453757405281067,0.5056597590446472,0.7252612113952637
shapenet1413,chair,0.040558040142059326,0.08357159048318863,0.12532804906368256,0.20280323922634125
shapenet1418,chair,0.5413103103637695,0.6796647906303406,0.838888943195343,0.933103621006012
shapenet1419,chair,0.7147302031517029,0.7730429172515869,0.8227019309997559,0.8785955309867859
shapenet1421,chair,0.37798774242401123,0.5499624609947205,0.6046576499938965,0.654552161693573
shapenet1422,chair,0.20888645946979523,0.22393107414245605,0.25435563921928406,0.3197077214717865
shapenet1423,chair,0.7396502494812012,0.7867453694343567,0.8349427580833435,0.8801558613777161
shapenet1427,chair,0.6084461212158203,0.7898710370063782,0.8625679612159729,0.9271437525749207
shapenet1428,chair,0.5521284937858582,0.6554402112960815,0.8310353755950928,0.9189246296882629
shapenet1429,chair,0.30477243661880493,0.5293825268745422,0.6885511875152588,0.8402790427207947
shapenet1433,chair,0.5097717642784119,0.6599133610725403,0.8063986301422119,0.9113040566444397
shapenet1435,chair,0.4254448115825653,0.4722576439380646,0.5626378655433655,0.6561552286148071
shapenet1436,chair,0.2644515335559845,0.2786690890789032,0.3076213300228119,0.36960387229919434
shapenet1439,chair,0.3959667682647705,0.5197041034698486,0.6239312291145325,0.7253801226615906
shapenet1441,chair,0.21827204525470734,0.2331998348236084,0.2633756995201111,0.3281651437282562
shapenet1445,chair,0.21249644458293915,0.22776734828948975,0.2583649158477783,0.32314345240592957
shapenet1448,chair,0.7519106268882751,0.7975257039070129,0.8479203581809998,0.887791097164154
shapenet1449,chair,0.3058593273162842,0.36153003573417664,0.5290588736534119,0.7751452922821045
shapenet1451,chair,0.4120692312717438,0.46040472388267517,0.5041170120239258,0.5800046324729919
shapenet1455,chair,0.27537813782691956,0.2892148792743683,0.31767088174819946,0.37857961654663086
shapenet1460,chair,0.6891207695007324,0.7183043360710144,0.7693639397621155,0.8170492053031921
shapenet1466,chair,0.22137606143951416,0.23577316105365753,0.26528269052505493,0.3289993107318878
shapenet1468,chair,0.5251380801200867,0.6532068252563477,0.8385297656059265,0.9425835609436035
shapenet1470,chair,0.09097353368997574,0.13403625786304474,0.20328597724437714,0.31809738278388977
shapenet1472,chair,0.22051610052585602,0.24166905879974365,0.27386474609375,0.3375149667263031
shapenet1473,chair,0.12545405328273773,0.14111006259918213,0.17391134798526764,0.24565641582012177
shapenet1474,chair,0.5278844833374023,0.6677930355072021,0.8380169868469238,0.9333357810974121
shapenet1475,chair,0.6042789816856384,0.6262182593345642,0.6703791618347168,0.7428929805755615
shapenet1477,chair,0.5008291602134705,0.592850387096405,0.6541209816932678,0.7348083853721619
shapenet1478,chair,0.20483548939228058,0.21925397217273712,0.2502570152282715,0.3167019784450531
shapenet1479,chair,0.4869503676891327,0.632685124874115,0.7785081267356873,0.876488983631134
shapenet1480,chair,0.6884822845458984,0.7707509994506836,0.8658146858215332,0.9473631978034973
shapenet1484,chair,0.21810519695281982,0.23679868876934052,0.2695861756801605,0.3295682966709137
shapenet1486,chair,0.5312711596488953,0.5800560116767883,0.6531552672386169,0.7307671904563904
shapenet1487,chair,0.7682003378868103,0.8071508407592773,0.8453736305236816,0.8811151385307312
shapenet1489,chair,0.25336942076683044,0.3112788498401642,0.45135533809661865,0.7098624110221863
shapenet1491,chair,0.33629146218299866,0.3985835313796997,0.46585845947265625,0.5461298823356628
shapenet1494,chair,0.26583030819892883,0.30043652653694153,0.3393825590610504,0.4010365903377533
shapenet1495,chair,0.45142364501953125,0.545958936214447,0.630858838558197,0.7508120536804199
shapenet2,display,0.18151549994945526,0.33631888031959534,0.4632044732570648,0.61601722240448
shapenet3,display,0.3360098898410797,0.3602311313152313,0.4140957295894623,0.5348208546638489
shapenet4,display,0.18734115362167358,0.2224971204996109,0.3009997606277466,0.45071306824684143
shapenet5,display,0.40310534834861755,0.515208899974823,0.7267718315124512,0.9211644530296326
shapenet6,display,0.15559320151805878,0.18069811165332794,0.2475510835647583,0.39782699942588806
shapenet10,display,0.08894374221563339,0.1976662129163742,0.2860143482685089,0.42819806933403015
shapenet11,display,0.1397731751203537,0.1641574501991272,0.252677857875824,0.4211607873439789
shapenet13,display,0.311025470495224,0.3406101167201996,0.41151976585388184,0.5427250266075134
shapenet15,display,0.2679547369480133,0.3989993631839752,0.4909876883029938,0.6029713153839111
shapenet18,display,0.5405209064483643,0.638285756111145,0.78532475233078,0.9438328742980957
shapenet19,display,0.6655391454696655,0.729348361492157,0.792803943157196,0.8545846343040466
shapenet20,display,0.05114291235804558,0.08198900520801544,0.16442587971687317,0.340707391500473
shapenet22,display,0.44318437576293945,0.5160074234008789,0.6272501349449158,0.7874875664710999
shapenet23,display,0.2682780921459198,0.37935909628868103,0.5476048588752747,0.8233361840248108
shapenet24,display,0.2748788297176361,0.3542810380458832,0.4693146049976349,0.6076827645301819
shapenet25,display,0.730728805065155,0.7386301159858704,0.7686136364936829,0.8255977630615234
shapenet26,display,0.5611701011657715,0.5786920189857483,0.6370260119438171,0.7408075332641602
shapenet28,display,0.2461928129196167,0.2750670909881592,0.35212278366088867,0.49691224098205566
shapenet35,display,0.06402840465307236,0.21535928547382355,0.4793038070201874,0.5834147930145264
shapenet37,display,0.09412876516580582,0.1558385044336319,0.3544064462184906,0.5899681448936462
shapenet41,display,0.12892059981822968,0.23116405308246613,0.33086273074150085,0.45569124817848206
shapenet42,display,0.251263290643692,0.38577190041542053,0.5720227360725403,0.7895975708961487
shapenet46,display,0.33560433983802795,0.3796621859073639,0.43234482407569885,0.5314150452613831
shapenet49,display,0.30876001715660095,0.33287277817726135,0.4062391221523285,0.5431771278381348
shapenet50,display,0.23474456369876862,0.31361308693885803,0.46159133315086365,0.7136780619621277
shapenet53,display,0.7633114457130432,0.8733169436454773,0.9734253883361816,1.043866753578186
shapenet55,display,0.08312889188528061,0.1847783327102661,0.4452510178089142,0.5627652406692505
shapenet57,display,0.23042623698711395,0.34979677200317383,0.5945269465446472,0.8456377387046814
shapenet62,display,0.37376174330711365,0.5103029012680054,0.668499231338501,0.8116818070411682
shapenet71,display,0.2286239117383957,0.2611260414123535,0.3389960825443268,0.4842560291290283
shapenet72,display,0.2321220189332962,0.26676085591316223,0.3423278331756592,0.48407673835754395
shapenet73,display,0.22618474066257477,0.24983064830303192,0.3326708972454071,0.49052345752716064
shapenet74,display,0.434850811958313,0.4637840986251831,0.5154145359992981,0.6233327984809875
shapenet75,display,0.2661495804786682,0.29534146189689636,0.3700557053089142,0.5108535885810852
shapenet80,display,0.017290452495217323,0.13539911806583405,0.40942445397377014,0.523915708065033
shapenet82,display,0.1245320662856102,0.163435161113739,0.23386186361312866,0.38779059052467346
shapenet83,display,0.303478479385376,0.4451722800731659,0.5988049507141113,0.7303187847137451
shapenet86,display,0.1122141107916832,0.13804276287555695,0.2076013833284378,0.3626921474933624
shapenet87,display,0.23000353574752808,0.2593671679496765,0.3373594284057617,0.4845079183578491
shapenet90,display,0.09013164043426514,0.11701416969299316,0.19567780196666718,0.358673095703125
shapenet91,display,0.39026784896850586,0.49180325865745544,0.6439359784126282,0.8398633003234863
shapenet97,display,0.9149553179740906,0.9709753394126892,1.0100786685943604,1.0540176630020142
shapenet101,display,0.23113268613815308,0.25732335448265076,0.3174858093261719,0.4493851959705353
shapenet102,display,0.28960129618644714,0.3331248462200165,0.42497920989990234,0.5364021062850952
shapenet103,display,0.3432743549346924,0.3747287094593048,0.4391445219516754,0.5603852868080139
shapenet104,display,0.2219424992799759,0.2548741102218628,0.3304266035556793,0.4742632806301117
shapenet107,display,0.8781575560569763,0.9428601264953613,1.0044606924057007,1.0539271831512451
shapenet110,display,0.26786431670188904,0.2903747856616974,0.36999833583831787,0.5197439193725586
shapenet112,display,0.2956932485103607,0.4122650623321533,0.5313987731933594,0.6685145497322083
shapenet115,display,0.07456346601247787,0.132820263504982,0.20644080638885498,0.3401462137699127
shapenet116,display,0.8195697665214539,0.8310721516609192,0.8682053685188293,0.9270963072776794
shapenet118,display,0.5549808740615845,0.6718394756317139,0.7269709706306458,0.791575014591217
shapenet119,display,0.7162749171257019,0.7719518542289734,0.8715144991874695,0.966698169708252
shapenet120,display,0.09813620895147324,0.12629234790802002,0.2051149606704712,0.36831530928611755
shapenet123,display,0.019316375255584717,0.15645594894886017,0.33010047674179077,0.45972904562950134
shapenet124,display,0.9106057286262512,0.975125253200531,1.0279632806777954,1.068624496459961
shapenet125,display,0.34918054938316345,0.5540866851806641,0.7384095191955566,0.9332097172737122
shapenet126,display,0.07943490892648697,0.10101976245641708,0.1911003589630127,0.3670591413974762
shapenet128,display,0.2983047664165497,0.3219446837902069,0.390803724527359,0.5258119702339172
shapenet129,display,0.054053205996751785,0.08030930906534195,0.17458456754684448,0.3555521070957184
shapenet133,display,0.20772482454776764,0.22828252613544464,0.30953800678253174,0.4613426625728607
shapenet134,display,0.4306703507900238,0.5697088837623596,0.7089031338691711,0.8243266940116882
shapenet136,display,0.6507177948951721,0.6648542881011963,0.7143604159355164,0.7991614937782288
shapenet142,display,0.10475792735815048,0.1317904144525528,0.2059934288263321,0.36949142813682556
shapenet144,display,0.23251433670520782,0.2848457992076874,0.43034031987190247,0.5779726505279541
shapenet148,display,0.6087779402732849,0.6247953176498413,0.6791978478431702,0.7741882801055908
shapenet151,display,0.2880595028400421,0.38425901532173157,0.4838205873966217,0.6189587116241455
shapenet152,display,0.7289080023765564,0.7468616366386414,0.7943564057350159,0.869462788105011
shapenet153,display,0.34846678376197815,0.43540772795677185,0.540935754776001,0.6557052731513977
shapenet154,display,0.8143196105957031,0.8727507591247559,0.9313526153564453,0.9935776591300964
shapenet156,display,0.31169575452804565,0.34285488724708557,0.4104163348674774,0.5413980484008789
shapenet157,display,0.2728540003299713,0.43522801995277405,0.5803359150886536,0.7403739094734192
shapenet160,display,0.6459436416625977,0.7508026957511902,0.781258761882782,0.8255854249000549
shapenet161,display,0.039872050285339355,0.18581251800060272,0.47756925225257874,0.5833137631416321
shapenet162,display,0.32221898436546326,0.3942444622516632,0.5494317412376404,0.6813761591911316
shapenet163,display,0.20951895415782928,0.23763878643512726,0.3186534345149994,0.4715322256088257
shapenet164,display,0.24896222352981567,0.27790185809135437,0.3542325496673584,0.49790552258491516
shapenet165,display,0.8369584083557129,0.9447196125984192,1.0306400060653687,1.0907310247421265
shapenet167,display,0.184831440448761,0.21149040758609772,0.2782512307167053,0.42420005798339844
shapenet169,display,0.019818007946014404,0.14791251718997955,0.35285329818725586,0.47331953048706055
shapenet171,display,0.8596798777580261,0.8845685124397278,0.9293100237846375,0.9843380451202393
shapenet172,display,0.28458043932914734,0.31555047631263733,0.38808950781822205,0.5237650275230408
shapenet176,display,0.47963690757751465,0.5166916251182556,0.5513074994087219,0.6340330243110657
shapenet178,display,0.6128143668174744,0.6277463436126709,0.6782167553901672,0.7697045207023621
shapenet179,display,0.4359757900238037,0.5374603867530823,0.620832622051239,0.7409045696258545
shapenet184,display,0.42979875206947327,0.44770875573158264,0.5075820088386536,0.6225674152374268
shapenet185,display,0.33507874608039856,0.45630550384521484,0.6539576053619385,0.8301666378974915
shapenet186,display,0.5644617676734924,0.6132397055625916,0.7509403228759766,0.9019043445587158
shapenet191,display,0.42178797721862793,0.4420038163661957,0.5108646154403687,0.6372150182723999
shapenet192,display,0.5547810792922974,0.6681087017059326,0.7581830024719238,0.8160337805747986
shapenet193,display,0.29812538623809814,0.3901732861995697,0.5916109085083008,0.7014298439025879
shapenet194,display,0.24842363595962524,0.32790258526802063,0.4305519163608551,0.5508660078048706
shapenet196,display,0.8617644309997559,0.8837180137634277,0.9201550483703613,0.9708183407783508
shapenet197,display,0.2559264600276947,0.28668200969696045,0.3475002348423004,0.4808235466480255
shapenet199,display,0.22391796112060547,0.2561337947845459,0.334410697221756,0.48079681396484375
shapenet200,display,0.4930805265903473,0.5188595652580261,0.5613992810249329,0.6536910533905029
shapenet203,display,0.4692540168762207,0.4875549376010895,0.5493494868278503,0.6616504192352295
shapenet204,display,0.6153847575187683,0.6511674523353577,0.6900337338447571,0.756309449672699
shapenet210,display,0.1483812779188156,0.18407374620437622,0.24398671090602875,0.394601970911026
shapenet211,display,0.8308699727058411,0.9346540570259094,1.021380066871643,1.0719667673110962
shapenet213,display,0.23698103427886963,0.31920376420021057,0.4706575870513916,0.566626787185669
shapenet214,display,0.7268886566162109,0.7444669604301453,0.785111665725708,0.8613689541816711
shapenet215,display,0.3826998770236969,0.5122820734977722,0.6091030240058899,0.7040103077888489
shapenet216,display,0.14398328959941864,0.18276722729206085,0.26434940099716187,0.4209528863430023
shapenet220,display,0.6518492102622986,0.6660746932029724,0.715094268321991,0.801238477230072
shapenet226,display,0.4173581302165985,0.5664185881614685,0.732321560382843,0.8409361243247986
shapenet227,display,0.03432885929942131,0.05921405926346779,0.15396073460578918,0.33833250403404236
shapenet228,display,0.0651077851653099,0.21887564659118652,0.35164347290992737,0.475883811712265
shapenet230,display,0.28475773334503174,0.37320899963378906,0.46505460143089294,0.6075709462165833
shapenet231,display,0.22701488435268402,0.29840394854545593,0.38043737411499023,0.456989049911499
shapenet232,display,0.5702972412109375,0.6377090811729431,0.7266826629638672,0.8081863522529602
shapenet233,display,0.6957256197929382,0.7606455683708191,0.813788890838623,0.8653764128684998
shapenet236,display,0.4817456305027008,0.6615257859230042,0.8034070134162903,0.9411543011665344
shapenet237,display,0.3991255760192871,0.41787007451057434,0.4835250675678253,0.6060398817062378
shapenet239,display,0.3020021915435791,0.3233899772167206,0.39965465664863586,0.5425183773040771
shapenet240,display,0.035770732909440994,0.18131963908672333,0.414360374212265,0.5276390910148621
shapenet241,display,0.14558863639831543,0.22943763434886932,0.377316951751709,0.5224534869194031
shapenet242,display,0.6929996609687805,0.735672652721405,0.8229120373725891,0.9115104675292969
shapenet243,display,0.5471516251564026,0.5770627856254578,0.6211055517196655,0.7040260434150696
shapenet244,display,0.33882150053977966,0.3692223131656647,0.4371694326400757,0.5612025856971741
shapenet248,display,0.1780594438314438,0.19826310873031616,0.28182002902030945,0.4350254535675049
shapenet249,display,0.3222484290599823,0.4061523973941803,0.506528377532959,0.6157110333442688
shapenet250,display,0.8711106181144714,0.9278683662414551,0.9977045655250549,1.0706514120101929
shapenet252,display,0.30400410294532776,0.45804619789123535,0.5855279564857483,0.7932372093200684
shapenet255,display,0.5839644074440002,0.6001956462860107,0.6492130160331726,0.7389882206916809
shapenet257,display,0.19638459384441376,0.23178569972515106,0.30553895235061646,0.456283301115036
shapenet260,display,0.5322467684745789,0.6349312663078308,0.7475553154945374,0.8991135954856873
shapenet262,display,0.7293173670768738,0.7660749554634094,0.8429186940193176,0.9143858551979065
shapenet264,display,0.28880777955055237,0.32031548023223877,0.3916877806186676,0.5259914398193359
shapenet265,display,0.3886975944042206,0.4714627265930176,0.5731232166290283,0.680802047252655
shapenet266,display,0.27315542101860046,0.3638796806335449,0.503633439540863,0.6955879330635071
shapenet268,display,0.408788800239563,0.5899785161018372,0.7725031971931458,0.9169042110443115
shapenet269,display,0.004602710250765085,0.024403229355812073,0.06898098438978195,0.21361617743968964
shapenet271,display,0.6117829084396362,0.6240547299385071,0.6582846641540527,0.7338745594024658
shapenet275,display,0.2803221344947815,0.3111676573753357,0.38384076952934265,0.5202958583831787
shapenet276,display,0.09778652340173721,0.137351393699646,0.20295901596546173,0.3612794578075409
shapenet278,display,0.49843236804008484,0.5152873992919922,0.5712706446647644,0.6794472336769104
shapenet280,display,0.13625472784042358,0.16250132024288177,0.23908548057079315,0.3975597321987152
shapenet281,display,0.2912175953388214,0.32256555557250977,0.3948175609111786,0.5295363068580627
shapenet282,display,0.6239020228385925,0.7236884236335754,0.8336495757102966,0.9303441643714905
shapenet284,display,0.507200300693512,0.6171686053276062,0.7429974675178528,0.9040490984916687
shapenet285,display,0.20938771963119507,0.3508087396621704,0.5452167391777039,0.700910747051239
shapenet288,display,0.13895650207996368,0.1594744473695755,0.2108526974916458,0.335666686296463
shapenet289,display,0.6357817649841309,0.7288010716438293,0.8453038334846497,0.9611442685127258
shapenet293,display,0.3599812984466553,0.391605019569397,0.4571347236633301,0.5769196152687073
shapenet294,display,0.35995951294898987,0.3807782232761383,0.4512007236480713,0.5845532417297363
shapenet295,display,0.23240572214126587,0.26577404141426086,0.341103196144104,0.4847724735736847
shapenet299,display,0.09295189380645752,0.12170030921697617,0.20662230253219604,0.36455991864204407
shapenet300,display,0.05090147256851196,0.18176059424877167,0.4815126359462738,0.5888906121253967
shapenet302,display,0.8558115363121033,0.9279808402061462,1.01197350025177,1.0842148065567017
shapenet303,display,0.03615887835621834,0.060453131794929504,0.11413729935884476,0.23530791699886322
shapenet304,display,0.538353443145752,0.5590237975120544,0.6062242388725281,0.6961455345153809
shapenet305,display,0.283865362405777,0.4137079417705536,0.5219792127609253,0.6327248811721802
shapenet306,display,0.5950514674186707,0.6110347509384155,0.6644534468650818,0.760781466960907
shapenet307,display,0.15110689401626587,0.1731574535369873,0.25200387835502625,0.4137219488620758
shapenet308,display,0.25064200162887573,0.279518187046051,0.35580071806907654,0.4996391236782074
shapenet310,display,0.15104229748249054,0.17927592992782593,0.25016364455223083,0.40352892875671387
shapenet311,display,0.31927743554115295,0.575238823890686,0.7405888438224792,0.8485676646232605
shapenet321,display,0.3258056938648224,0.36109355092048645,0.4519369602203369,0.5927738547325134
shapenet323,display,0.2257516235113144,0.2525895833969116,0.3323005735874176,0.4828796088695526
shapenet328,display,0.3156166672706604,0.343377023935318,0.3969888389110565,0.5212685465812683
shapenet330,display,0.1561790108680725,0.18168103694915771,0.2682811915874481,0.43103063106536865
shapenet332,display,0.1806921809911728,0.21214725077152252,0.2941557466983795,0.4486347734928131
shapenet333,display,0.3058079183101654,0.4379520118236542,0.595119297504425,0.6794474720954895
shapenet335,display,0.35161685943603516,0.378425270318985,0.4527563154697418,0.569257915019989
shapenet337,display,0.44405269622802734,0.6689052581787109,0.7914002537727356,0.8700816631317139
shapenet345,display,0.10201171785593033,0.1466384083032608,0.22591520845890045,0.37930628657341003
shapenet346,display,0.01352663803845644,0.2290307730436325,0.4765392243862152,0.5896747708320618
shapenet347,display,0.42949214577674866,0.4490516185760498,0.5160040259361267,0.6381528377532959
shapenet348,display,0.21026183664798737,0.2961101830005646,0.3545173704624176,0.46964335441589355
shapenet350,display,0.3771727383136749,0.5245093107223511,0.6845034956932068,0.8378902077674866
shapenet351,display,0.020209411159157753,0.16152624785900116,0.4251425564289093,0.5349151492118835
shapenet352,display,0.6427952647209167,0.6573858857154846,0.7081284523010254,0.798072874546051
shapenet355,display,0.2408389300107956,0.3250778019428253,0.4612414538860321,0.5880438685417175
shapenet356,display,0.41379514336586,0.440451055765152,0.5082400441169739,0.6297212243080139
shapenet358,display,0.359115868806839,0.37960219383239746,0.44993701577186584,0.5815215706825256
shapenet359,display,0.2588960528373718,0.2756873369216919,0.34495294094085693,0.487377792596817
shapenet361,display,0.2923748195171356,0.42790350317955017,0.58746337890625,0.7129025459289551
shapenet363,display,0.6241583228111267,0.6614344716072083,0.7141843438148499,0.7974535822868347
shapenet366,display,0.6154677271842957,0.6801891326904297,0.7435995936393738,0.7997757792472839
shapenet368,display,0.17709149420261383,0.3389313220977783,0.5033603310585022,0.6439805030822754
shapenet370,display,0.06339558213949203,0.10611212998628616,0.19687819480895996,0.3332150876522064
shapenet372,display,0.5510916113853455,0.5665357708930969,0.6034993529319763,0.6902122497558594
shapenet374,display,0.20420785248279572,0.226096972823143,0.3082374036312103,0.46411755681037903
shapenet375,display,0.8314661979675293,0.8919321894645691,0.9626418948173523,1.0359601974487305
shapenet376,display,0.28985244035720825,0.4030361473560333,0.5566735863685608,0.7334251403808594
shapenet377,display,0.8875536322593689,0.9365828633308411,0.9821469783782959,1.0287331342697144
shapenet378,display,0.23152045905590057,0.2595731019973755,0.33728185296058655,0.4841426908969879
shapenet379,display,0.6377919316291809,0.6855857968330383,0.7754054069519043,0.8844079375267029
shapenet380,display,0.01661495305597782,0.14955662190914154,0.4075402319431305,0.519517183303833
shapenet385,display,0.15587864816188812,0.1795421689748764,0.266031414270401,0.43014535307884216
shapenet387,display,0.38380882143974304,0.42184484004974365,0.4926762878894806,0.5644410252571106
shapenet388,display,0.5665435194969177,0.5867831110954285,0.6334158182144165,0.7164941430091858
shapenet389,display,0.2259255051612854,0.32963573932647705,0.4681340157985687,0.6131840348243713
shapenet392,display,0.06146983429789543,0.07490550726652145,0.13471339643001556,0.2614431083202362
shapenet393,display,0.2886500954627991,0.320270836353302,0.3910277783870697,0.5230600237846375
shapenet397,display,0.4160800278186798,0.557270348072052,0.6951415538787842,0.8122161030769348
shapenet400,display,0.05721060559153557,0.08899148553609848,0.1451053023338318,0.2951982021331787
shapenet405,display,0.8874247074127197,0.9261704087257385,0.9865633845329285,1.0482759475708008
shapenet410,display,0.2736382782459259,0.29651305079460144,0.35239529609680176,0.48160848021507263
shapenet411,display,0.19656981527805328,0.31938377022743225,0.482122540473938,0.7393752932548523
shapenet412,display,0.9095634818077087,0.918961763381958,0.9496458172798157,0.9932991862297058
shapenet413,display,0.674300491809845,0.7048892974853516,0.7429051399230957,0.7956898212432861
shapenet415,display,0.5273076891899109,0.544632613658905,0.6022002100944519,0.7094050049781799
shapenet418,display,0.28130805492401123,0.30218908190727234,0.36298322677612305,0.4940558969974518
shapenet420,display,0.08505409955978394,0.3177676498889923,0.48569491505622864,0.5907966494560242
shapenet422,display,0.21471087634563446,0.2389751672744751,0.32307562232017517,0.48218801617622375
shapenet423,display,0.4189394414424896,0.5258412957191467,0.6812211871147156,0.9043006300926208
shapenet424,display,0.715737521648407,0.7710645198822021,0.8143081068992615,0.8596922755241394
shapenet429,display,0.29202765226364136,0.31366705894470215,0.3878755569458008,0.529289960861206
shapenet431,display,0.5567032694816589,0.6582705974578857,0.7931110262870789,0.9228672385215759
shapenet432,display,0.8413383960723877,0.8925672173500061,0.9358397126197815,0.99151211977005
shapenet439,display,0.6072730422019958,0.6584079265594482,0.7270932793617249,0.8242877125740051
shapenet440,display,0.41089725494384766,0.5645923614501953,0.758442223072052,0.9132707715034485
shapenet443,display,0.5576989650726318,0.6027063131332397,0.6481617093086243,0.7174196243286133
shapenet444,display,0.1257963627576828,0.3084152936935425,0.5441011786460876,0.6479072570800781
shapenet447,display,0.15330396592617035,0.26681089401245117,0.4282045364379883,0.5421236753463745
shapenet449,display,0.19745267927646637,0.22565263509750366,0.307708740234375,0.46208885312080383
shapenet450,display,0.9212129712104797,0.953511655330658,0.977834165096283,1.0198551416397095
shapenet453,display,0.34826192259788513,0.36549869179725647,0.42278146743774414,0.544963538646698
shapenet455,display,0.2615309953689575,0.28360310196876526,0.3619323968887329,0.5090472102165222
shapenet458,display,0.8012528419494629,0.8551957011222839,0.9172351956367493,0.9849276542663574
shapenet459,display,0.25012996792793274,0.2766338586807251,0.353972464799881,0.5054627060890198
shapenet461,display,0.7602550983428955,0.7944630980491638,0.8549461960792542,0.9252440333366394
shapenet462,display,0.41272881627082825,0.543971598148346,0.7122089266777039,0.8672614097595215
shapenet464,display,0.38741374015808105,0.5467497110366821,0.7196946144104004,0.8908565640449524
shapenet469,display,0.1384163498878479,0.29036644101142883,0.4675173759460449,0.6689556241035461
shapenet471,display,0.22779613733291626,0.2613180875778198,0.3378949463367462,0.48108944296836853
shapenet473,display,0.23397551476955414,0.2655489146709442,0.34215033054351807,0.4864668846130371
shapenet474,display,0.055448055267333984,0.12244883179664612,0.2635095417499542,0.5076079368591309
shapenet476,display,0.20199936628341675,0.2316260188817978,0.31218549609184265,0.4648109972476959
shapenet477,display,0.6563592553138733,0.8627524375915527,0.9578540921211243,1.0089083909988403
shapenet478,display,0.6315574049949646,0.6465908288955688,0.6856732368469238,0.7619335651397705
shapenet480,display,0.20946307480335236,0.23222149908542633,0.31566479802131653,0.4739123582839966
shapenet482,display,0.6855197548866272,0.7322249412536621,0.827841579914093,0.9250890612602234
shapenet484,display,0.20026634633541107,0.2331138402223587,0.3109700381755829,0.4595523178577423
shapenet486,display,0.22851233184337616,0.4000168740749359,0.5818624496459961,0.6735129356384277
shapenet488,display,0.9493939280509949,0.96986323595047,0.9931766390800476,1.0293079614639282
shapenet490,display,0.2207932323217392,0.41487422585487366,0.6527829170227051,0.8267768025398254
shapenet496,display,0.6454657912254333,0.6588074564933777,0.7100499272346497,0.7973037362098694
shapenet497,display,0.31697404384613037,0.38778963685035706,0.47287431359291077,0.582159161567688
shapenet498,display,0.40088316798210144,0.4913271367549896,0.5746333599090576,0.6741719245910645
shapenet501,display,0.21609850227832794,0.2513279616832733,0.32439306378364563,0.46806618571281433
shapenet504,display,0.22596709430217743,0.26005977392196655,0.3352851867675781,0.4780386984348297
shapenet505,display,0.07360941171646118,0.11760004609823227,0.18583355844020844,0.339914470911026
shapenet506,display,0.3647477626800537,0.47199639678001404,0.6733875274658203,0.8486372828483582
shapenet507,display,0.258259117603302,0.2949083149433136,0.36548325419425964,0.5023954510688782
shapenet509,display,0.43781623244285583,0.5432005524635315,0.6865281462669373,0.8154876232147217
shapenet510,display,0.09011640399694443,0.20306231081485748,0.3303360641002655,0.46395787596702576
shapenet513,display,0.11323273181915283,0.20857255160808563,0.36725640296936035,0.49419257044792175
shapenet514,display,0.2995072901248932,0.47833096981048584,0.6486439108848572,0.8006591796875
shapenet515,display,0.5717953443527222,0.6644148230552673,0.7167487144470215,0.7734102606773376
shapenet516,display,0.21239709854125977,0.40695086121559143,0.5896453261375427,0.7668432593345642
shapenet518,display,0.8041940331459045,0.8582160472869873,0.8900151252746582,0.9173709750175476
shapenet520,display,0.29603949189186096,0.3280518054962158,0.39962315559387207,0.5325310230255127
shapenet521,display,0.14355234801769257,0.26176995038986206,0.3739190399646759,0.5002930164337158
shapenet523,display,0.23216789960861206,0.2686684727668762,0.3430757522583008,0.4836537837982178
shapenet526,display,0.6813631057739258,0.7439470887184143,0.8176671862602234,0.8834786415100098
shapenet527,display,0.5897131562232971,0.7236679196357727,0.8743389248847961,0.9926834106445312
shapenet529,display,0.4618191719055176,0.5041476488113403,0.5602384805679321,0.6575642228126526
shapenet534,display,0.061285872012376785,0.09150466322898865,0.1733076572418213,0.34661269187927246
shapenet535,display,0.5085768699645996,0.5365703701972961,0.6295729279518127,0.7723011374473572
shapenet537,display,0.5745441317558289,0.6406704783439636,0.7033949494361877,0.7914242148399353
shapenet541,display,0.19600428640842438,0.30981987714767456,0.3930472135543823,0.4917149543762207
shapenet544,display,0.2743852436542511,0.4571467936038971,0.6140943169593811,0.7447007298469543
shapenet546,display,0.14420777559280396,0.16856028139591217,0.25708770751953125,0.4252356290817261
shapenet547,display,0.449216365814209,0.545062243938446,0.6770928502082825,0.8238475322723389
shapenet548,display,0.9064846038818359,0.932780921459198,0.9844083786010742,1.0417386293411255
shapenet550,display,0.05986962839961052,0.2110222578048706,0.4588714838027954,0.5722507834434509
shapenet554,display,0.2425234466791153,0.27321770787239075,0.3489372432231903,0.49210286140441895
shapenet555,display,0.21714502573013306,0.23928730189800262,0.32002973556518555,0.47377195954322815
shapenet567,display,0.42503538727760315,0.5326575040817261,0.6689877510070801,0.8427548408508301
shapenet569,display,0.20644141733646393,0.2866629660129547,0.4033282697200775,0.553916871547699
shapenet572,display,0.1840187907218933,0.33570680022239685,0.4939516484737396,0.5955280661582947
shapenet574,display,0.21018020808696747,0.24342584609985352,0.3201461732387543,0.4667688310146332
shapenet577,display,0.6897072792053223,0.7252542972564697,0.7801399827003479,0.8622848987579346
shapenet580,display,0.5681261420249939,0.649505078792572,0.7369141578674316,0.8346372246742249
shapenet584,display,0.1526491492986679,0.17962336540222168,0.24680648744106293,0.3940107822418213
shapenet586,display,0.14717663824558258,0.1739659458398819,0.24113740026950836,0.38795116543769836
shapenet590,display,0.22383834421634674,0.24715185165405273,0.3299633860588074,0.4851871430873871
shapenet591,display,0.3330492377281189,0.35739436745643616,0.4078572988510132,0.5186803936958313
shapenet592,display,0.7372296452522278,0.7460026741027832,0.7758145928382874,0.8310875296592712
shapenet593,display,0.09919973462820053,0.1555042862892151,0.3044969141483307,0.5326403975486755
shapenet597,display,0.24622349441051483,0.275532990694046,0.3518037796020508,0.4957728087902069
shapenet598,display,0.22378838062286377,0.2550411820411682,0.33272913098335266,0.47961175441741943
shapenet599,display,0.15323741734027863,0.2950839102268219,0.4067583978176117,0.5320950746536255
shapenet600,display,0.3010156452655792,0.33369681239128113,0.4023599624633789,0.5318180918693542
shapenet604,display,0.30471763014793396,0.4646775722503662,0.5503124594688416,0.6528730392456055
shapenet605,display,0.2084135264158249,0.23261070251464844,0.3171725571155548,0.47875651717185974
shapenet608,display,0.6676380038261414,0.7063671946525574,0.7568097114562988,0.8210533261299133
shapenet609,display,0.25041621923446655,0.279317170381546,0.355478972196579,0.4990138113498688
shapenet612,display,0.25377699732780457,0.2779237926006317,0.35742542147636414,0.5073450207710266
shapenet616,display,0.7333946824073792,0.7854011654853821,0.8737166523933411,0.9500462412834167
shapenet617,display,0.8448445200920105,0.8846017718315125,0.9224770665168762,0.9774206280708313
shapenet619,display,0.4726644456386566,0.5780280232429504,0.7605664134025574,0.9176734089851379
shapenet620,display,0.4274084270000458,0.5444337725639343,0.6827042102813721,0.8295065760612488
shapenet622,display,0.06851164251565933,0.09556332230567932,0.1890367865562439,0.3672301471233368
shapenet623,display,0.9208481907844543,0.9528642296791077,0.9945079684257507,1.040274739265442
shapenet628,display,0.46588167548179626,0.5731102824211121,0.7337973713874817,0.8750364780426025
shapenet629,display,0.3853861391544342,0.4059036672115326,0.47655582427978516,0.6066946387290955
shapenet633,display,0.1742178052663803,0.19623315334320068,0.2544320523738861,0.3901335895061493
shapenet635,display,0.13593606650829315,0.16231544315814972,0.2323163002729416,0.3878185749053955
shapenet636,display,0.04689184948801994,0.22181741893291473,0.4943353235721588,0.5972391963005066
shapenet638,display,0.38473546504974365,0.5819956660270691,0.7151856422424316,0.8156161308288574
shapenet639,display,0.245313361287117,0.27195319533348083,0.34593960642814636,0.4891386926174164
shapenet640,display,0.13705678284168243,0.1618884652853012,0.22883518040180206,0.38422611355781555
shapenet644,display,0.1080760732293129,0.1886466145515442,0.28416064381599426,0.45482781529426575
shapenet646,display,0.4591106176376343,0.5788974165916443,0.731328010559082,0.8913724422454834
shapenet652,display,0.22870773077011108,0.2631586492061615,0.3375498354434967,0.4788522720336914
shapenet653,display,0.3601946532726288,0.49120891094207764,0.6311345100402832,0.7839596271514893
shapenet656,display,0.22065629065036774,0.3540205955505371,0.5514109134674072,0.8002740740776062
shapenet658,display,0.26567551493644714,0.2941053807735443,0.3695896863937378,0.5100052952766418
shapenet662,display,0.01168525218963623,0.1425878256559372,0.309957891702652,0.44163069128990173
shapenet664,display,0.2462812215089798,0.3610258996486664,0.6264181733131409,0.8276460766792297
shapenet665,display,0.19890503585338593,0.22629813849925995,0.30726513266563416,0.4606880247592926
shapenet666,display,0.4580620229244232,0.5287141799926758,0.5869064927101135,0.6772176623344421
shapenet667,display,0.2073432058095932,0.2551553249359131,0.3138355314731598,0.4462026059627533
shapenet677,display,0.8288049101829529,0.8890535235404968,0.9550237655639648,1.0141929388046265
shapenet678,display,0.27109870314598083,0.3046489655971527,0.3752634525299072,0.5089470744132996
shapenet679,display,0.2577272951602936,0.3920978605747223,0.5757243037223816,0.8541833758354187
shapenet682,display,0.2635563910007477,0.29683980345726013,0.37151265144348145,0.5097054243087769
shapenet683,display,0.5071507096290588,0.5274802446365356,0.5736520886421204,0.6682297587394714
shapenet686,display,0.293461412191391,0.34171631932258606,0.43871283531188965,0.6005567908287048
shapenet687,display,0.2906617224216461,0.3901490867137909,0.5324408411979675,0.6849471926689148
shapenet690,display,0.07733020931482315,0.1753900796175003,0.45308423042297363,0.5670951008796692
shapenet691,display,0.06403645128011703,0.09520848840475082,0.17448389530181885,0.3478141725063324
shapenet692,display,0.0407395176589489,0.11525178700685501,0.191342294216156,0.3242742121219635
shapenet693,display,0.5848278999328613,0.6825480461120605,0.8085026741027832,0.9344756007194519
shapenet697,display,0.5637211799621582,0.6333004832267761,0.6948151588439941,0.7789203524589539
shapenet699,display,0.9155828356742859,0.9791824221611023,1.022438883781433,1.060685634613037
shapenet702,display,0.14343766868114471,0.17095237970352173,0.24305279552936554,0.39228808879852295
shapenet703,display,0.47173038125038147,0.5821139216423035,0.7071178555488586,0.8261513710021973
shapenet708,display,0.0745353102684021,0.10306660085916519,0.18356315791606903,0.35202011466026306
shapenet711,display,0.45872044563293457,0.4780353605747223,0.5436156988143921,0.6628398895263672
shapenet714,display,0.2170276790857315,0.2532601058483124,0.3323405086994171,0.4626513421535492
shapenet715,display,0.2582683861255646,0.27781441807746887,0.353043794631958,0.4915598928928375
shapenet718,display,0.5783123970031738,0.5951429009437561,0.6295439600944519,0.7084172368049622
shapenet719,display,0.15182267129421234,0.20823906362056732,0.33640536665916443,0.5773502588272095
shapenet722,display,0.5573077201843262,0.6356510519981384,0.7666745781898499,0.8990246653556824
shapenet724,display,0.7047135233879089,0.7169901728630066,0.7606124877929688,0.8322827219963074
shapenet725,display,0.11554893106222153,0.2199442982673645,0.3055506944656372,0.4259181022644043
shapenet732,display,0.10116245597600937,0.1216900572180748,0.20848149061203003,0.3795143663883209
shapenet734,display,0.02475961111485958,0.14528419077396393,0.4290384352207184,0.5408216118812561
shapenet736,display,0.22696012258529663,0.2591194808483124,0.3363819420337677,0.48314663767814636
shapenet739,display,0.2330986112356186,0.26324307918548584,0.33894631266593933,0.48298487067222595
shapenet740,display,0.5850577354431152,0.6292811036109924,0.6829321980476379,0.766944408416748
shapenet743,display,0.5274555683135986,0.6127542853355408,0.6762146949768066,0.7563803791999817
shapenet744,display,0.4147878587245941,0.487442284822464,0.6005964875221252,0.7598862051963806
shapenet749,display,0.13099192082881927,0.2567066252231598,0.36114057898521423,0.5564661026000977
shapenet751,display,0.12274899333715439,0.1446901112794876,0.19322741031646729,0.3325757086277008
shapenet757,display,0.03192257881164551,0.24792778491973877,0.5204789042472839,0.623889148235321
shapenet759,display,0.5698029398918152,0.6672379374504089,0.8018754124641418,0.8847842216491699
shapenet760,display,0.027034977450966835,0.20267342031002045,0.460431843996048,0.5690521001815796
shapenet761,display,0.600120484828949,0.6487523913383484,0.7136330604553223,0.7881515026092529
shapenet762,display,0.14553804695606232,0.17446589469909668,0.2506975531578064,0.41205504536628723
shapenet766,display,0.39841726422309875,0.4370926320552826,0.4958425462245941,0.609794557094574
shapenet770,display,0.14734351634979248,0.1786414235830307,0.2634322941303253,0.4238858222961426
shapenet771,display,0.21291804313659668,0.243458554148674,0.3220982253551483,0.4709247052669525
shapenet772,display,0.13827955722808838,0.16353939473628998,0.23449034988880157,0.3889019191265106
shapenet773,display,0.5676090121269226,0.6165560483932495,0.6600779294967651,0.7254924774169922
shapenet774,display,0.2770790755748749,0.35626935958862305,0.53025221824646,0.7499154210090637
shapenet775,display,0.3257223665714264,0.5179988741874695,0.6621474623680115,0.7706508040428162
shapenet782,display,0.454819917678833,0.4685429632663727,0.5206573605537415,0.6300280094146729
shapenet790,display,0.32061436772346497,0.48381495475769043,0.6736812591552734,0.8818569779396057
shapenet791,display,0.21287108957767487,0.24202501773834229,0.32125556468963623,0.4723953306674957
shapenet796,display,0.3042377233505249,0.4345933496952057,0.5925002694129944,0.7256754040718079
shapenet797,display,0.5081917643547058,0.6377536058425903,0.7825990319252014,0.9083096385002136
shapenet798,display,0.4716305732727051,0.5259146690368652,0.5811460614204407,0.6776188015937805
shapenet799,display,0.7935846447944641,0.916806697845459,0.9854797720909119,1.0559773445129395
shapenet800,display,0.1511879712343216,0.1873653382062912,0.26921898126602173,0.42577823996543884
shapenet801,display,0.2510586082935333,0.46844080090522766,0.6340625882148743,0.8722391724586487
shapenet804,display,0.38213014602661133,0.4057975709438324,0.47164249420166016,0.5933136343955994
shapenet805,display,0.2961488664150238,0.41051873564720154,0.5176151990890503,0.6373069882392883
shapenet808,display,0.19206422567367554,0.21165931224822998,0.289993554353714,0.44579604268074036
shapenet811,display,0.3965744078159332,0.44711506366729736,0.5161845088005066,0.6343309879302979
shapenet812,display,0.42646703124046326,0.5848162174224854,0.738516092300415,0.8524003028869629
shapenet813,display,0.9245603084564209,0.9698197245597839,1.0121650695800781,1.0573278665542603
shapenet814,display,0.7580335140228271,0.8498673439025879,0.9390669465065002,1.0110632181167603
shapenet816,display,0.6811850070953369,0.7618541717529297,0.8330190777778625,0.888254702091217
shapenet817,display,0.2286941260099411,0.3221178352832794,0.432451993227005,0.5614078640937805
shapenet818,display,0.8932604789733887,0.9245467782020569,0.9723787307739258,1.0312490463256836
shapenet820,display,0.4169224798679352,0.5883934497833252,0.7849897742271423,0.943328857421875
shapenet825,display,0.5465111136436462,0.6196048855781555,0.7032632231712341,0.7866666913032532
shapenet826,display,0.5941714644432068,0.6739631295204163,0.7250871062278748,0.781049907207489
shapenet827,display,0.13394029438495636,0.17332394421100616,0.2546783983707428,0.4133942127227783
shapenet831,display,0.29326340556144714,0.31538018584251404,0.3913213908672333,0.535416305065155
shapenet832,display,0.0960204228758812,0.12560702860355377,0.20118911564350128,0.3655160367488861
shapenet833,display,0.3819880485534668,0.4023672342300415,0.47415828704833984,0.6043336391448975
shapenet835,display,0.30769211053848267,0.3385842740535736,0.40920308232307434,0.5404098629951477
shapenet837,display,0.3244847357273102,0.3561273515224457,0.4305819272994995,0.5434978604316711
shapenet840,display,0.5044355392456055,0.597370445728302,0.7313604354858398,0.9144322276115417
shapenet845,display,0.455852746963501,0.5103704333305359,0.5938977599143982,0.7249085903167725
shapenet846,display,0.47559046745300293,0.5182330012321472,0.5677525997161865,0.6640133261680603
shapenet848,display,0.7880012392997742,0.8257210850715637,0.8643357157707214,0.9228509068489075
shapenet851,display,0.2676747441291809,0.297156423330307,0.37183547019958496,0.5113549828529358
shapenet852,display,0.8921473622322083,0.9046420454978943,0.9452034831047058,0.9960166811943054
shapenet854,display,0.04751189425587654,0.238777294754982,0.5069935321807861,0.6078299880027771
shapenet856,display,0.11377903074026108,0.14169082045555115,0.20984448492527008,0.36425280570983887
shapenet859,display,0.5223543643951416,0.5778148174285889,0.6300845742225647,0.6927964091300964
shapenet860,display,0.19101695716381073,0.22624368965625763,0.2987039387226105,0.44810178875923157
shapenet861,display,0.3035178482532501,0.46652209758758545,0.6559235453605652,0.829810619354248
shapenet863,display,0.39748406410217285,0.5536013841629028,0.717721164226532,0.8621125221252441
shapenet867,display,0.5339365005493164,0.6409687995910645,0.7543051838874817,0.8543804287910461
shapenet869,display,0.40460094809532166,0.4883040487766266,0.6300389170646667,0.7920653223991394
shapenet871,display,0.11705098301172256,0.346098393201828,0.532160222530365,0.6331231594085693
shapenet873,display,0.32377761602401733,0.42570436000823975,0.5555756688117981,0.669982373714447
shapenet877,display,0.297818660736084,0.3157775402069092,0.380739688873291,0.5170142650604248
shapenet878,display,0.12691651284694672,0.16108494997024536,0.21560899913311005,0.3372630178928375
shapenet879,display,0.4475181996822357,0.5774858593940735,0.7245927453041077,0.8839969635009766
shapenet884,display,0.27472585439682007,0.43696025013923645,0.613459050655365,0.7792319655418396
shapenet886,display,0.11744824796915054,0.1472146064043045,0.22500009834766388,0.38927650451660156
shapenet888,display,0.5601438283920288,0.5758448243141174,0.6173117160797119,0.6990459561347961
shapenet891,display,0.26425701379776,0.2960662245750427,0.3688124418258667,0.5063466429710388
shapenet893,display,0.030126551166176796,0.2217676192522049,0.4976780414581299,0.6030156016349792
shapenet898,display,0.1859292984008789,0.21786947548389435,0.298693984746933,0.45264455676078796
shapenet899,display,0.06927774101495743,0.08589782565832138,0.1337485909461975,0.2846219837665558
shapenet901,display,0.3274191915988922,0.35057660937309265,0.4212687015533447,0.5525980591773987
shapenet902,display,0.2953645884990692,0.4935327470302582,0.6474230885505676,0.7798708081245422
shapenet903,display,0.7706296443939209,0.8282568454742432,0.892615795135498,0.9697446823120117
shapenet904,display,0.24708996713161469,0.41039225459098816,0.572011411190033,0.8233550190925598
shapenet906,display,0.6160474419593811,0.6979355812072754,0.7883129119873047,0.8591432571411133
shapenet913,display,0.5478940606117249,0.586129903793335,0.6281611323356628,0.7024224400520325
shapenet914,display,0.3480297327041626,0.3749964237213135,0.4238843619823456,0.5342647433280945
shapenet915,display,0.5388649106025696,0.6112114787101746,0.7086066603660583,0.8040763735771179
shapenet916,display,0.2901325523853302,0.31203001737594604,0.39000311493873596,0.5341107845306396
shapenet918,display,0.5908349752426147,0.6708514094352722,0.8022474646568298,0.9458501935005188
shapenet919,display,0.2988245487213135,0.32920601963996887,0.4011228382587433,0.5342122912406921
shapenet923,display,0.45248866081237793,0.5398016571998596,0.6568907499313354,0.8128006458282471
shapenet924,display,0.2296765297651291,0.33455774188041687,0.46911871433258057,0.6151309609413147
shapenet925,display,0.3519080579280853,0.3980962038040161,0.5367896556854248,0.757579505443573
shapenet927,display,0.6303761601448059,0.6858999729156494,0.8090623021125793,0.9081337451934814
shapenet930,display,0.4076838791370392,0.427949994802475,0.4939146041870117,0.617677628993988
shapenet938,display,0.15827709436416626,0.19286584854125977,0.2751682698726654,0.43119528889656067
shapenet939,display,0.11906865984201431,0.14676164090633392,0.21563611924648285,0.36844348907470703
shapenet941,display,0.08568962663412094,0.12380945682525635,0.1867230385541916,0.33510100841522217
shapenet942,display,0.6180181503295898,0.6902849078178406,0.757762610912323,0.8403578400611877
shapenet943,display,0.26044249534606934,0.27911996841430664,0.34683263301849365,0.48930537700653076
shapenet946,display,0.27303993701934814,0.3310825824737549,0.4400675296783447,0.603128969669342
shapenet949,display,0.4281684458255768,0.6050536036491394,0.7660617828369141,0.8945155143737793
shapenet950,display,0.20575280487537384,0.3158867061138153,0.4556715190410614,0.5949532389640808
shapenet952,display,0.9019460082054138,0.9178393483161926,0.9637864232063293,1.017480731010437
shapenet953,display,0.11115527153015137,0.13684286177158356,0.21301071345806122,0.37401655316352844
shapenet954,display,0.10579995065927505,0.14647330343723297,0.23062272369861603,0.3935042917728424
shapenet955,display,0.24849915504455566,0.2784426510334015,0.3541320264339447,0.49648794531822205
shapenet956,display,0.23978762328624725,0.39930784702301025,0.6147844791412354,0.7914956212043762
shapenet957,display,0.5659351348876953,0.5953825116157532,0.6366575956344604,0.7130391597747803
shapenet958,display,0.6475383639335632,0.7228482365608215,0.8028985857963562,0.8754932284355164
shapenet959,display,0.2112148404121399,0.373196005821228,0.5708803534507751,0.7262312769889832
shapenet960,display,0.47800251841545105,0.5057843327522278,0.5686440467834473,0.6609618067741394
shapenet966,display,0.4587148427963257,0.6046299934387207,0.7894894480705261,0.9235978722572327
shapenet967,display,0.4442075788974762,0.5787925124168396,0.7374463081359863,0.8699541091918945
shapenet974,display,0.02257061004638672,0.24087516963481903,0.5146582126617432,0.6206052899360657
shapenet977,display,0.2753463387489319,0.46694549918174744,0.656857967376709,0.8266370892524719
shapenet978,display,0.29555177688598633,0.32529374957084656,0.39690372347831726,0.5310820937156677
shapenet979,display,0.6369518637657166,0.6778274178504944,0.7904019355773926,0.9285330772399902
shapenet983,display,0.20590035617351532,0.24019472301006317,0.3172600269317627,0.46546876430511475
shapenet984,display,0.02071412466466427,0.2260865718126297,0.4888037145137787,0.5975955724716187
shapenet989,display,0.3719896078109741,0.3869134485721588,0.44744881987571716,0.5726535320281982
shapenet990,display,0.09506400674581528,0.27925148606300354,0.46353450417518616,0.5731289982795715
shapenet991,display,0.4176851809024811,0.5263714790344238,0.632882833480835,0.7395258545875549
shapenet994,display,0.8914876580238342,0.9104857444763184,0.9502755999565125,1.0045804977416992
shapenet1000,display,0.3093705475330353,0.41822850704193115,0.6266013979911804,0.8676709532737732
shapenet1003,display,0.23206961154937744,0.2530520260334015,0.30924513936042786,0.44169244170188904
shapenet1005,display,0.5015061497688293,0.573020339012146,0.6183266639709473,0.7031587958335876
shapenet1008,display,0.7654969692230225,0.7901163101196289,0.8311536908149719,0.8955656886100769
shapenet1009,display,0.17008362710475922,0.197276771068573,0.2807784080505371,0.4419828951358795
shapenet1010,display,0.34932050108909607,0.4636770486831665,0.6091277599334717,0.7229280471801758
shapenet1016,display,0.34905943274497986,0.39728641510009766,0.4652538299560547,0.5812574625015259
shapenet1019,display,0.44727838039398193,0.6612246036529541,0.8365448117256165,0.9582228660583496
shapenet1020,display,0.2969452440738678,0.3243865370750427,0.3886297643184662,0.5236976146697998
shapenet1023,display,0.224443256855011,0.24379056692123413,0.3196674883365631,0.46961888670921326
shapenet1024,display,0.4981905519962311,0.5944406390190125,0.727583110332489,0.8898293375968933
shapenet1025,display,0.2707739770412445,0.3558720052242279,0.5588436126708984,0.8001670837402344
shapenet1026,display,0.27760639786720276,0.3042430579662323,0.37671780586242676,0.5170255303382874
shapenet1028,display,0.9054315686225891,0.9543464779853821,1.0111125707626343,1.0695074796676636
shapenet1030,display,0.16000796854496002,0.27570125460624695,0.38436928391456604,0.5495295524597168
shapenet1033,display,0.07859805971384048,0.10681814700365067,0.1863921880722046,0.35386332869529724
shapenet1034,display,0.5685297250747681,0.7160120010375977,0.8524179458618164,0.961313784122467
shapenet1035,display,0.8423284888267517,0.8795614242553711,0.9142634272575378,0.9473826885223389
shapenet1036,display,0.09467288106679916,0.14566685259342194,0.21267502009868622,0.38715875148773193
shapenet1037,display,0.3864832818508148,0.5271493792533875,0.6788303852081299,0.8343014121055603
shapenet1041,display,0.295309454202652,0.3250431418418884,0.397600919008255,0.5327648520469666
shapenet1042,display,0.09550827741622925,0.12854419648647308,0.21249336004257202,0.380481094121933
shapenet1043,display,0.34149089455604553,0.5335070490837097,0.6794649958610535,0.8104123473167419
shapenet1047,display,0.6251298189163208,0.6344265341758728,0.6723229885101318,0.7479681968688965
shapenet1048,display,0.48331543803215027,0.5074486136436462,0.5436955094337463,0.6315670013427734
shapenet1049,display,0.258639931678772,0.29696667194366455,0.3698399066925049,0.5033984780311584
shapenet1050,display,0.2941981256008148,0.3531374931335449,0.4628009498119354,0.5391109585762024
shapenet1053,display,0.46961677074432373,0.5095167756080627,0.5767017006874084,0.66679447889328
shapenet1055,display,0.22345346212387085,0.24599961936473846,0.3261946141719818,0.4787983000278473
shapenet1056,display,0.4096837341785431,0.5565361380577087,0.708198606967926,0.9081068634986877
shapenet1057,display,0.2281942516565323,0.2541617155075073,0.33309292793273926,0.4823901951313019
shapenet1061,display,0.06891145557165146,0.08182229846715927,0.1473255306482315,0.28891536593437195
shapenet1062,display,0.11645609140396118,0.1441061943769455,0.2214156836271286,0.384025901556015
shapenet1066,display,0.3300244212150574,0.3514377176761627,0.42512965202331543,0.5639212727546692
shapenet1067,display,0.3302491009235382,0.4496213495731354,0.5421321392059326,0.6430696845054626
shapenet1070,display,0.4638047516345978,0.48120248317718506,0.5267627239227295,0.6298858523368835
shapenet1074,display,0.16907435655593872,0.1913326382637024,0.27211830019950867,0.4316392242908478
shapenet1078,display,0.1993270367383957,0.27711862325668335,0.40238189697265625,0.5501585602760315
shapenet1079,display,0.6429646015167236,0.6716108918190002,0.7305635809898376,0.8193572163581848
shapenet1081,display,0.4234081506729126,0.6147680282592773,0.7487934231758118,0.834968090057373
shapenet1082,display,0.1130434051156044,0.1367701143026352,0.2255236655473709,0.3968881070613861
shapenet1084,display,0.37400445342063904,0.39422062039375305,0.46264854073524475,0.5919506549835205
shapenet1085,display,0.29145586490631104,0.31808432936668396,0.3768196403980255,0.5055661797523499
shapenet1086,display,0.21931767463684082,0.35193681716918945,0.47410663962364197,0.6067408919334412
shapenet1088,display,0.4477550983428955,0.46678534150123596,0.5322840809822083,0.6514111757278442
shapenet1091,display,0.885864794254303,0.9208042621612549,0.9933211207389832,1.061344861984253
shapenet1092,display,0.24670565128326416,0.27686816453933716,0.352217435836792,0.4938775599002838
shapenet1093,display,0.4692305028438568,0.5681738257408142,0.6980490684509277,0.9125816226005554
shapenet1096,display,0.09465918689966202,0.12294983863830566,0.20224757492542267,0.3686037063598633
shapenet1097,display,0.19004331529140472,0.3460310995578766,0.5185714364051819,0.6708269119262695
shapenet1099,display,0.49010753631591797,0.5177246928215027,0.5643218159675598,0.6559545993804932
shapenet1100,display,0.22204066812992096,0.24467475712299347,0.32597973942756653,0.4788297712802887
shapenet1103,display,0.029570957645773888,0.1688556671142578,0.4309311807155609,0.5402411818504333
shapenet1111,display,0.15804250538349152,0.28542590141296387,0.5139427185058594,0.6165065765380859
shapenet1113,display,0.3107820749282837,0.3273356556892395,0.3893944025039673,0.5213863253593445
shapenet1117,display,0.21683575212955475,0.24401414394378662,0.3241664171218872,0.47583329677581787
shapenet1119,display,0.26124534010887146,0.29146823287010193,0.3670235574245453,0.5077952742576599
shapenet1120,display,0.22459985315799713,0.24888117611408234,0.3325992524623871,0.49090972542762756
shapenet1121,display,0.2606433033943176,0.42380309104919434,0.635080873966217,0.7659586071968079
shapenet1123,display,0.5317358374595642,0.5529640316963196,0.613024890422821,0.7184114456176758
shapenet1125,display,0.015916625037789345,0.17831046879291534,0.45225563645362854,0.5681423544883728
shapenet1127,display,0.5344096422195435,0.5520153641700745,0.6115778088569641,0.7179684638977051
shapenet1129,display,0.681236982345581,0.7689566612243652,0.8504586219787598,0.9294722676277161
shapenet1131,display,0.11559665203094482,0.33155903220176697,0.4831617772579193,0.5852308869361877
shapenet1137,display,0.21193058788776398,0.24488158524036407,0.3229454457759857,0.4708195626735687
shapenet1141,display,0.691155731678009,0.7724885940551758,0.8821819424629211,0.9661738276481628
shapenet1142,display,0.6150200366973877,0.6390253305435181,0.6800312995910645,0.7530851364135742
shapenet1143,display,0.9101746082305908,0.9232718348503113,0.9561824202537537,1.0009623765945435
shapenet1144,display,0.813403308391571,0.8661608695983887,0.9275406002998352,0.9968326091766357
shapenet1145,display,0.22945965826511383,0.33084118366241455,0.49394872784614563,0.6405407786369324
shapenet1146,display,0.624876081943512,0.6395231485366821,0.6885499954223633,0.7794553637504578
shapenet1147,display,0.18047229945659637,0.27596747875213623,0.3341141641139984,0.4531945288181305
shapenet1149,display,0.31656479835510254,0.33818063139915466,0.40774357318878174,0.538814127445221
shapenet1155,display,0.05000845715403557,0.08618127554655075,0.1542217880487442,0.27299878001213074
shapenet1157,display,0.023572107776999474,0.16468527913093567,0.4318405091762543,0.5412703156471252
shapenet1159,display,0.21497304737567902,0.24118006229400635,0.3212413191795349,0.4730805456638336
shapenet1160,display,0.9019763469696045,0.9582402110099792,1.004944920539856,1.0527058839797974
shapenet1161,display,0.6999909281730652,0.7133321166038513,0.7597169280052185,0.8397285342216492
shapenet1163,display,0.22186623513698578,0.2479041963815689,0.3075246512889862,0.44601544737815857
shapenet1168,display,0.26159727573394775,0.4164092540740967,0.6133138537406921,0.7807492613792419
shapenet1171,display,0.2634958028793335,0.29284799098968506,0.3681955635547638,0.5095385909080505
shapenet1172,display,0.2596851885318756,0.35310256481170654,0.49729275703430176,0.7197325825691223
shapenet1174,display,0.07418129593133926,0.10199180990457535,0.18204307556152344,0.3359130322933197
shapenet1178,display,0.8571606278419495,0.891316831111908,0.9527339339256287,1.0121954679489136
shapenet1179,display,0.1633482426404953,0.19705379009246826,0.2642832100391388,0.38503971695899963
shapenet1182,display,0.057659268379211426,0.18970608711242676,0.4874921143054962,0.593047559261322
shapenet1183,display,0.4173814058303833,0.43925777077674866,0.4897777736186981,0.5967586636543274
shapenet1184,display,0.19981485605239868,0.23260344564914703,0.31167683005332947,0.4612926244735718
shapenet1186,display,0.7208113074302673,0.7580999732017517,0.8385699391365051,0.927745521068573
shapenet1187,display,0.24755136668682098,0.3133847415447235,0.4698466956615448,0.6191744804382324
shapenet1189,display,0.44499754905700684,0.46363595128059387,0.5266256332397461,0.6452993750572205
shapenet1190,display,0.6741440892219543,0.6909330487251282,0.7431244850158691,0.8279823660850525
shapenet1191,display,0.27138254046440125,0.4000231921672821,0.5182339549064636,0.6455593705177307
shapenet1194,display,0.8601406216621399,0.9237034916877747,1.0016893148422241,1.0806232690811157
shapenet1196,display,0.2094038724899292,0.24222081899642944,0.32007643580436707,0.46767449378967285
shapenet1197,display,0.4234181344509125,0.4419268071651459,0.5057007670402527,0.624735414981842
shapenet1199,display,0.430393785238266,0.45032110810279846,0.5186542272567749,0.6432927846908569
shapenet1200,display,0.7446878552436829,0.7675247192382812,0.795796811580658,0.837238609790802
shapenet1201,display,0.6746699213981628,0.8090541958808899,0.8565764427185059,0.8992380499839783
shapenet1202,display,0.18638956546783447,0.21745629608631134,0.2996058166027069,0.4534080922603607
shapenet1208,display,0.5214655995368958,0.5385624766349792,0.5959089398384094,0.7012958526611328
shapenet1210,display,0.5982736945152283,0.6928600668907166,0.7506193518638611,0.8177620768547058
shapenet1211,display,0.1306823045015335,0.15365776419639587,0.23964174091815948,0.4016133248806
shapenet1212,display,0.8875824809074402,0.9263968467712402,0.9776339530944824,1.029988408088684
shapenet1215,display,0.1844419240951538,0.2228398323059082,0.3022904694080353,0.45576366782188416
shapenet1216,display,0.457792192697525,0.47601911425590515,0.5379663109779358,0.6521064043045044
shapenet1218,display,0.11632011085748672,0.28782108426094055,0.41361698508262634,0.5219970345497131
shapenet1220,display,0.8153256773948669,0.8420594334602356,0.8845412731170654,0.9484956860542297
shapenet1222,display,0.6185911893844604,0.6500622034072876,0.7202139496803284,0.8129715323448181
shapenet1224,display,0.23636747896671295,0.2668460011482239,0.3429895341396332,0.48731207847595215
shapenet1226,display,0.25150683522224426,0.3741374909877777,0.509183943271637,0.671261727809906
shapenet1227,display,0.6676249504089355,0.6925756335258484,0.723957359790802,0.7811838984489441
shapenet1228,display,0.28306540846824646,0.31063219904899597,0.3836137056350708,0.51962810754776
shapenet1232,display,0.5285035371780396,0.545499861240387,0.6029901504516602,0.7084015011787415
shapenet1234,display,0.6389184594154358,0.6981882452964783,0.8277977108955383,0.9286198616027832
shapenet1241,display,0.030052384361624718,0.05530073121190071,0.15045398473739624,0.3353711664676666
shapenet1242,display,0.41938987374305725,0.5188141465187073,0.6334553360939026,0.8012478351593018
shapenet1245,display,0.253128319978714,0.28430983424186707,0.3595142364501953,0.5012102127075195
shapenet1250,display,0.33251291513442993,0.5080525279045105,0.718646228313446,0.9203982353210449
shapenet1252,display,0.5939701199531555,0.6117021441459656,0.664237916469574,0.7574774622917175
shapenet1253,display,0.5624571442604065,0.579562783241272,0.6367521286010742,0.7385482788085938
shapenet1255,display,0.54220050573349,0.5548309683799744,0.5973811745643616,0.6868424415588379
shapenet1256,display,0.3275083899497986,0.35514846444129944,0.42455124855041504,0.5543622374534607
shapenet1258,display,0.9013398289680481,0.9405882954597473,0.9858658909797668,1.0353552103042603
shapenet1259,display,0.3273639380931854,0.42028236389160156,0.5314900875091553,0.6610310673713684
shapenet1260,display,0.8266215324401855,0.843137264251709,0.8809701800346375,0.9359928965568542
shapenet1262,display,0.17473344504833221,0.35613954067230225,0.5183302760124207,0.7043423056602478
shapenet1263,display,0.4779392182826996,0.5042659640312195,0.5527295470237732,0.6486929059028625
shapenet1264,display,0.9206523895263672,0.9653982520103455,1.0000500679016113,1.0422147512435913
shapenet1267,display,0.16001804172992706,0.20014409720897675,0.2553146779537201,0.4077865779399872
shapenet1269,display,0.5720584988594055,0.6907536387443542,0.809800922870636,0.9412493109703064
shapenet1271,display,0.38436248898506165,0.40380796790122986,0.47183629870414734,0.5982915759086609
shapenet1273,display,0.6964084506034851,0.8255653381347656,0.9219862818717957,1.0183601379394531
shapenet1274,display,0.6025490760803223,0.6721275448799133,0.7066302299499512,0.7668779492378235
shapenet1275,display,0.2658558785915375,0.29851746559143066,0.3705691397190094,0.5079986453056335
shapenet1276,display,0.26031777262687683,0.4141055643558502,0.5552513003349304,0.718895673751831
shapenet1278,display,0.2674298584461212,0.3015974164009094,0.36589062213897705,0.49918362498283386
shapenet1279,display,0.3728938102722168,0.5260534882545471,0.7201036810874939,0.8738378882408142
shapenet1283,display,0.035527706146240234,0.16497807204723358,0.4075886309146881,0.5247222781181335
shapenet1285,display,0.23829299211502075,0.35488268733024597,0.44734108448028564,0.5615546703338623
shapenet1286,display,0.6616508364677429,0.6814597249031067,0.723813533782959,0.7832618355751038
shapenet1287,display,0.3963117301464081,0.42598748207092285,0.48115530610084534,0.5932919979095459
shapenet1288,display,0.8113347887992859,0.8895954489707947,0.9505283236503601,1.0176900625228882
shapenet1290,display,0.8839839100837708,0.9158492684364319,0.9507905840873718,0.9995583891868591
shapenet1292,display,0.43471094965934753,0.5643866062164307,0.7096239924430847,0.8797163963317871
shapenet1294,display,0.4666210114955902,0.5370632410049438,0.6948726773262024,0.8173260688781738
shapenet1295,display,0.36564871668815613,0.47587141394615173,0.6224228739738464,0.7968036532402039
shapenet1296,display,0.4997539520263672,0.6218929886817932,0.7591762542724609,0.8440794348716736
shapenet1297,display,0.40112248063087463,0.5338714122772217,0.6423212885856628,0.782111644744873
shapenet1298,display,0.18579834699630737,0.2359592765569687,0.3437749147415161,0.4874667823314667
shapenet1299,display,0.03629712387919426,0.1812538504600525,0.4324311316013336,0.5429757237434387
shapenet1300,display,0.44884419441223145,0.46787765622138977,0.5341252684593201,0.6551694869995117
shapenet1303,display,0.7279825210571289,0.7848190665245056,0.8349156379699707,0.8763434886932373
shapenet1304,display,0.2442234754562378,0.27247485518455505,0.3492943346500397,0.49451765418052673
shapenet1306,display,0.308628648519516,0.4174272119998932,0.626738965511322,0.805180013179779
shapenet1308,display,0.006746073719114065,0.025871654972434044,0.06494686752557755,0.20163917541503906
shapenet1310,display,0.30355367064476013,0.3986813724040985,0.5657379031181335,0.7115466594696045
shapenet1312,display,0.6176493763923645,0.6942442059516907,0.7676029205322266,0.8691228032112122
shapenet1314,display,0.2502916753292084,0.35287418961524963,0.4856846034526825,0.6276058554649353
shapenet1315,display,0.13004934787750244,0.15737329423427582,0.23001892864704132,0.38808974623680115
shapenet1316,display,0.5196098685264587,0.5370380878448486,0.5956328511238098,0.7021602988243103
shapenet1317,display,0.1479032039642334,0.25210532546043396,0.4673999547958374,0.56681227684021
shapenet1318,display,0.5548273921012878,0.6792775988578796,0.7963252067565918,0.937760055065155
shapenet1320,display,0.6523048281669617,0.7247254252433777,0.80584317445755,0.901526689529419
shapenet1321,display,0.5038068294525146,0.5200034976005554,0.5743175148963928,0.6769230365753174
shapenet1322,display,0.10015305131673813,0.14980538189411163,0.21423901617527008,0.3562646210193634
shapenet1324,display,0.382589191198349,0.5789853930473328,0.7058823704719543,0.8837575912475586
shapenet1325,display,0.3379859924316406,0.3666175305843353,0.43056586384773254,0.5600545406341553
shapenet1328,display,0.3045339286327362,0.44674816727638245,0.6080420613288879,0.7875328063964844
shapenet1330,display,0.9063901901245117,0.9575555920600891,1.0010757446289062,1.05060613155365
shapenet1333,display,0.45486366748809814,0.5517221093177795,0.7244899272918701,0.8760518431663513
shapenet1337,display,0.4101084768772125,0.4294597804546356,0.49585723876953125,0.6193466782569885
shapenet1339,display,0.45189225673675537,0.4705434739589691,0.5342023968696594,0.6510962843894958
shapenet1341,display,0.8829038739204407,0.9448848366737366,1.0074137449264526,1.065204381942749
shapenet1347,display,0.16337746381759644,0.18717341125011444,0.27312636375427246,0.43673574924468994
shapenet1349,display,0.46758928894996643,0.5689573287963867,0.7249491810798645,0.8833743929862976
shapenet1351,display,0.18436141312122345,0.21630217134952545,0.2966024577617645,0.44963082671165466
shapenet1353,display,0.22494225203990936,0.2543204426765442,0.33284080028533936,0.4810205399990082
shapenet1354,display,0.415637731552124,0.503376305103302,0.6971440315246582,0.874655544757843
shapenet1357,display,0.4542597830295563,0.49853482842445374,0.6416513323783875,0.8424327969551086
shapenet1358,display,0.28639259934425354,0.3745993673801422,0.4825441837310791,0.5919088125228882
shapenet1359,display,0.7950814366340637,0.9094535708427429,1.0155099630355835,1.0833882093429565
shapenet1360,display,0.05793708562850952,0.09575911611318588,0.16574294865131378,0.3506633937358856
shapenet1361,display,0.8300544619560242,0.8639090657234192,0.8864622116088867,0.9141456484794617
shapenet1362,display,0.1723967045545578,0.20130860805511475,0.2854498326778412,0.4436027705669403
shapenet1364,display,0.27411016821861267,0.43552660942077637,0.6523832678794861,0.8160354495048523
shapenet1369,display,0.8794458508491516,0.9203517436981201,0.9773150086402893,1.0311278104782104
shapenet1372,display,0.22675158083438873,0.446437805891037,0.6820347309112549,0.832175076007843
shapenet1375,display,0.20706576108932495,0.24610024690628052,0.3219093382358551,0.4651627540588379
shapenet1377,display,0.6232215762138367,0.6354185938835144,0.6854979395866394,0.7727578282356262
shapenet1378,display,0.38627997040748596,0.4059791564941406,0.4767649173736572,0.607257604598999
shapenet1380,display,0.4952735900878906,0.560388445854187,0.6238343715667725,0.7087335586547852
shapenet1381,display,0.9237603545188904,0.943368136882782,0.9680221676826477,1.0105314254760742
shapenet1383,display,0.1957794427871704,0.36181649565696716,0.5334188342094421,0.7406139373779297
shapenet1386,display,0.13984347879886627,0.22284848988056183,0.34077754616737366,0.5039526224136353
shapenet1390,display,0.07771555334329605,0.2043459266424179,0.3947843015193939,0.5140014290809631
shapenet1391,display,0.3862694203853607,0.49364781379699707,0.6400865316390991,0.7867491841316223
shapenet1392,display,0.18269753456115723,0.2790454924106598,0.38821712136268616,0.5063006281852722
shapenet1393,display,0.3236086368560791,0.34390249848365784,0.41549238562583923,0.5514461398124695
shapenet1394,display,0.5859283804893494,0.632060706615448,0.6859896779060364,0.7447209358215332
shapenet1396,display,0.2169659286737442,0.2533808946609497,0.3288992941379547,0.47159484028816223
shapenet1397,display,0.4034958779811859,0.4202204644680023,0.4732948839664459,0.5871122479438782
shapenet1401,display,0.3376409709453583,0.3662787675857544,0.4329749345779419,0.5683772563934326
shapenet1402,display,0.6787385940551758,0.7099468111991882,0.7724912166595459,0.8525478839874268
shapenet1404,display,0.817169189453125,0.8742764592170715,0.9585501551628113,1.0329283475875854
shapenet1406,display,0.23023200035095215,0.26204779744148254,0.33879873156547546,0.48394274711608887
shapenet1411,display,0.47781577706336975,0.5811578631401062,0.6800958514213562,0.7761762142181396
shapenet1413,display,0.07065818458795547,0.10015448182821274,0.17852260172367096,0.34698760509490967
shapenet1418,display,0.8998811841011047,0.9142964482307434,0.9565369486808777,1.009182095527649
shapenet1419,display,0.6616814732551575,0.6939980387687683,0.7516372799873352,0.8008502125740051
shapenet1421,display,0.5636861324310303,0.6052466034889221,0.665968656539917,0.7620726227760315
shapenet1422,display,0.21243083477020264,0.2445640116930008,0.3227142095565796,0.4701770544052124
shapenet1423,display,0.2335856705904007,0.4216569662094116,0.6088144183158875,0.6992464065551758
shapenet1427,display,0.22620105743408203,0.3451671600341797,0.4814591705799103,0.6310408711433411
shapenet1428,display,0.8929541110992432,0.9055551886558533,0.9476630091667175,1.0014797449111938
shapenet1429,display,0.4423203468322754,0.5821059346199036,0.7700040936470032,0.9309906959533691
shapenet1433,display,0.7579674124717712,0.9104604125022888,0.9891662001609802,1.0430675745010376
shapenet1435,display,0.6019846200942993,0.6761326193809509,0.7171600461006165,0.7723636031150818
shapenet1436,display,0.26904043555259705,0.2998344302177429,0.3747529685497284,0.5138446092605591
shapenet1439,display,0.5217165946960449,0.6321492791175842,0.7735660672187805,0.8836333155632019
shapenet1441,display,0.2193949967622757,0.2536296844482422,0.33055800199508667,0.4760156571865082
shapenet1445,display,0.21805758774280548,0.24872779846191406,0.3271315395832062,0.4749612510204315
shapenet1448,display,0.24283747375011444,0.40704023838043213,0.5233649611473083,0.6157540082931519
shapenet1449,display,0.28528478741645813,0.43807002902030945,0.6051239371299744,0.7344693541526794
shapenet1451,display,0.06513983011245728,0.13951808214187622,0.343620628118515,0.6202027797698975
shapenet1455,display,0.2768184244632721,0.3097989857196808,0.38207483291625977,0.5174524784088135
shapenet1460,display,0.13542963564395905,0.2845294177532196,0.5205333828926086,0.6200251579284668
shapenet1466,display,0.22241546213626862,0.25554680824279785,0.33046016097068787,0.47350624203681946
shapenet1468,display,0.9526729583740234,0.966364324092865,0.9899774193763733,1.0260282754898071
shapenet1470,display,0.36860135197639465,0.4003957211971283,0.4588524103164673,0.5749959349632263
shapenet1472,display,0.22954265773296356,0.26479145884513855,0.33554282784461975,0.47793832421302795
shapenet1473,display,0.14339810609817505,0.16781006753444672,0.2564071714878082,0.42424800992012024
shapenet1474,display,0.8363279700279236,0.883801281452179,0.9492582678794861,1.0150461196899414
shapenet1475,display,0.28024712204933167,0.3787766396999359,0.5041525363922119,0.6859424710273743
shapenet1477,display,0.6386615633964539,0.719576358795166,0.8077860474586487,0.9142053723335266
shapenet1478,display,0.2136603593826294,0.24060143530368805,0.3194979429244995,0.4693368971347809
shapenet1479,display,0.8107805252075195,0.8788124918937683,0.953808069229126,1.0144374370574951
shapenet1480,display,0.23082000017166138,0.30862751603126526,0.39168548583984375,0.5096694827079773
shapenet1484,display,0.07892215251922607,0.13887237012386322,0.25793328881263733,0.4104272425174713
shapenet1486,display,0.6745009422302246,0.7017931342124939,0.7383559346199036,0.7910922169685364
shapenet1487,display,0.06933292001485825,0.23872773349285126,0.4360823631286621,0.556618869304657
shapenet1489,display,0.37282633781433105,0.4893449544906616,0.6451548933982849,0.8172752857208252
shapenet1491,display,0.6480596661567688,0.6606823205947876,0.6946122050285339,0.7641207575798035
shapenet1494,display,0.30792203545570374,0.33679482340812683,0.3991672992706299,0.5256468057632446
shapenet1495,display,0.2516659200191498,0.3365364074707031,0.4515208303928375,0.5571935176849365
shapenet2,lamp,0.4117492139339447,0.6359253525733948,0.71258544921875,0.7948989868164062
shapenet3,lamp,0.30521082878112793,0.32726335525512695,0.341101735830307,0.34858348965644836
shapenet4,lamp,0.1672680377960205,0.18128414452075958,0.18589001893997192,0.19160300493240356
shapenet5,lamp,0.5556557178497314,0.5972517132759094,0.6845329403877258,0.815319299697876
shapenet6,lamp,0.13681985437870026,0.14892195165157318,0.15518157184123993,0.1616121083498001
shapenet10,lamp,0.6248243451118469,0.7269401550292969,0.8127190470695496,0.8753374218940735
shapenet11,lamp,0.06076137349009514,0.07601278275251389,0.09590553492307663,0.1140151247382164
shapenet13,lamp,0.2888592779636383,0.2984156310558319,0.3038778007030487,0.30930015444755554
shapenet15,lamp,0.5690926909446716,0.6866779327392578,0.7788419127464294,0.8714237213134766
shapenet18,lamp,0.5146307945251465,0.5856485366821289,0.6746726036071777,0.856120765209198
shapenet19,lamp,0.59100341796875,0.6675219535827637,0.7299196720123291,0.7962920069694519
shapenet20,lamp,0.04589192196726799,0.046668242663145065,0.048650920391082764,0.05401336029171944
shapenet22,lamp,0.42007336020469666,0.4456239640712738,0.5218256115913391,0.6240227818489075
shapenet23,lamp,0.30617162585258484,0.42569705843925476,0.5727306008338928,0.7581823468208313
shapenet24,lamp,0.5726804137229919,0.7389848828315735,0.8221883773803711,0.8931184411048889
shapenet25,lamp,0.6197702288627625,0.6750075221061707,0.7067389488220215,0.7194892764091492
shapenet26,lamp,0.2491254061460495,0.29491546750068665,0.4018765389919281,0.4859189987182617
shapenet28,lamp,0.22375743091106415,0.2310594916343689,0.2352917343378067,0.24076171219348907
shapenet35,lamp,0.2882576286792755,0.36860349774360657,0.5354095697402954,0.6437994837760925
shapenet37,lamp,0.5548967719078064,0.6815147399902344,0.7261450886726379,0.7522909045219421
shapenet41,lamp,0.5206072330474854,0.6469020843505859,0.7837920188903809,0.9076569676399231
shapenet42,lamp,0.2817107141017914,0.5375271439552307,0.670842707157135,0.8197647929191589
shapenet46,lamp,0.3621145188808441,0.4073854386806488,0.43252062797546387,0.4613773822784424
shapenet49,lamp,0.27289578318595886,0.28690868616104126,0.29365578293800354,0.29936477541923523
shapenet50,lamp,0.406012624502182,0.5119802951812744,0.6496032476425171,0.8136860728263855
shapenet53,lamp,0.3773818016052246,0.6165358424186707,0.7602553367614746,0.8636344075202942
shapenet55,lamp,0.36128249764442444,0.4259563386440277,0.6048915982246399,0.7529135346412659
shapenet57,lamp,0.31899359822273254,0.4395473897457123,0.5875959992408752,0.740155041217804
shapenet62,lamp,0.34047427773475647,0.39886775612831116,0.5131900310516357,0.6726091504096985
shapenet71,lamp,0.20948146283626556,0.219243124127388,0.22290116548538208,0.22826622426509857
shapenet72,lamp,0.20493435859680176,0.22487938404083252,0.23025672137737274,0.23591412603855133
shapenet73,lamp,0.16552747786045074,0.19229555130004883,0.2014489322900772,0.20811247825622559
shapenet74,lamp,0.3590315282344818,0.3935219347476959,0.4187818765640259,0.436818927526474
shapenet75,lamp,0.24369226396083832,0.250522643327713,0.25596675276756287,0.2615526616573334
shapenet80,lamp,0.42061206698417664,0.48517873883247375,0.6129909157752991,0.6941795349121094
shapenet82,lamp,0.12037601321935654,0.1322471648454666,0.13802580535411835,0.1442929059267044
shapenet83,lamp,0.6121789813041687,0.7048904895782471,0.8057346343994141,0.909559428691864
shapenet86,lamp,0.10807540267705917,0.11209561675786972,0.11572504788637161,0.12132835388183594
shapenet87,lamp,0.2104305773973465,0.216938778758049,0.22049890458583832,0.2258678823709488
shapenet90,lamp,0.0742965117096901,0.08293148130178452,0.08569668978452682,0.09136701375246048
shapenet91,lamp,0.40452060103416443,0.4783645570278168,0.6081496477127075,0.7688923478126526
shapenet97,lamp,0.5067053437232971,0.6313908696174622,0.7448348999023438,0.8346349596977234
shapenet101,lamp,0.2358095794916153,0.24133379757404327,0.24645322561264038,0.25259649753570557
shapenet102,lamp,0.38593411445617676,0.4470866918563843,0.46670642495155334,0.48452213406562805
shapenet103,lamp,0.3080779016017914,0.33018097281455994,0.34257230162620544,0.3492511808872223
shapenet104,lamp,0.1922234147787094,0.21246854960918427,0.21739761531352997,0.22291390597820282
shapenet107,lamp,0.48677492141723633,0.6307992339134216,0.7344520092010498,0.8361237645149231
shapenet110,lamp,0.12166186422109604,0.16364221274852753,0.2045665979385376,0.23521943390369415
shapenet112,lamp,0.5328771471977234,0.6361700296401978,0.7383646965026855,0.8549478054046631
shapenet115,lamp,0.5789522528648376,0.7338616251945496,0.8003516793251038,0.8483233451843262
shapenet116,lamp,0.3212277293205261,0.4988571107387543,0.6163376569747925,0.7154183387756348
shapenet118,lamp,0.4569076597690582,0.5571426153182983,0.6120747327804565,0.6619699597358704
shapenet119,lamp,0.5568152070045471,0.616825520992279,0.7082443237304688,0.8312485218048096
shapenet120,lamp,0.0901745930314064,0.09188267588615417,0.09417808055877686,0.09934163093566895
shapenet123,lamp,0.3124423921108246,0.3754853904247284,0.41921260952949524,0.44616758823394775
shapenet124,lamp,0.5010461807250977,0.6630042195320129,0.76700758934021,0.8527560234069824
shapenet125,lamp,0.523663341999054,0.6033020615577698,0.6846087574958801,0.8460257649421692
shapenet126,lamp,0.05764712765812874,0.060215841978788376,0.06228281185030937,0.06768573075532913
shapenet128,lamp,0.15587203204631805,0.1958102583885193,0.24408113956451416,0.27500998973846436
shapenet129,lamp,0.03275185823440552,0.034642621874809265,0.036406341940164566,0.04147784039378166
shapenet133,lamp,0.12264895439147949,0.13715843856334686,0.16092340648174286,0.1811833381652832
shapenet134,lamp,0.2715119421482086,0.3756980895996094,0.507111668586731,0.6702899932861328
shapenet136,lamp,0.36464419960975647,0.42318129539489746,0.5078848004341125,0.5799511075019836
shapenet142,lamp,0.09078830480575562,0.09506203979253769,0.09801921993494034,0.10347356647253036
shapenet144,lamp,0.5608119964599609,0.673653781414032,0.8036336302757263,0.9227506518363953
shapenet148,lamp,0.27406683564186096,0.39404192566871643,0.5084472298622131,0.563607931137085
shapenet151,lamp,0.28790995478630066,0.32293471693992615,0.37510642409324646,0.447305828332901
shapenet152,lamp,0.33509430289268494,0.45428702235221863,0.5431034564971924,0.6271534562110901
shapenet153,lamp,0.36819401383399963,0.4438205063343048,0.6255667209625244,0.7876374125480652
shapenet154,lamp,0.42970553040504456,0.5219433307647705,0.6556612849235535,0.7662941813468933
shapenet156,lamp,0.22146522998809814,0.2697230577468872,0.2968500554561615,0.31008490920066833
shapenet157,lamp,0.43355998396873474,0.5181661248207092,0.5983543395996094,0.7420186996459961
shapenet160,lamp,0.6873741745948792,0.7372391819953918,0.7620593905448914,0.770195722579956
shapenet161,lamp,0.3028303384780884,0.3790450990200043,0.5602168440818787,0.6816544532775879
shapenet162,lamp,0.6055261492729187,0.7339975237846375,0.8321014046669006,0.9350290298461914
shapenet163,lamp,0.18800850212574005,0.1933320313692093,0.19681109488010406,0.20217609405517578
shapenet164,lamp,0.22896891832351685,0.2364151030778885,0.2398473173379898,0.24507321417331696
shapenet165,lamp,0.5284000039100647,0.6561184525489807,0.754950225353241,0.8482790589332581
shapenet167,lamp,0.1743491291999817,0.17957179248332977,0.18304044008255005,0.1884029507637024
shapenet169,lamp,0.3534272611141205,0.4054110050201416,0.48945364356040955,0.5509587526321411
shapenet171,lamp,0.42446601390838623,0.6287906765937805,0.7246748805046082,0.797424852848053
shapenet172,lamp,0.2647615075111389,0.273252934217453,0.27826738357543945,0.2837367355823517
shapenet176,lamp,0.47391435503959656,0.4907151162624359,0.502838671207428,0.5115432143211365
shapenet178,lamp,0.18561899662017822,0.27250269055366516,0.37638911604881287,0.4918285608291626
shapenet179,lamp,0.5031196475028992,0.5310292840003967,0.5683603882789612,0.6260726451873779
shapenet184,lamp,0.36699309945106506,0.39633703231811523,0.4114893972873688,0.4184500277042389
shapenet185,lamp,0.6478340029716492,0.6921911835670471,0.7807867527008057,0.8883723616600037
shapenet186,lamp,0.5850328803062439,0.6447052359580994,0.780597984790802,0.9097948670387268
shapenet191,lamp,0.2276340276002884,0.2598130404949188,0.3427381217479706,0.38643479347229004
shapenet192,lamp,0.5433672070503235,0.6632828712463379,0.7664986252784729,0.8534466624259949
shapenet193,lamp,0.3072158098220825,0.38879498839378357,0.5310454964637756,0.6570188403129578
shapenet194,lamp,0.3821142017841339,0.5729045271873474,0.7469307780265808,0.8720287680625916
shapenet196,lamp,0.511368453502655,0.5877835750579834,0.6579546928405762,0.7471147179603577
shapenet197,lamp,0.2649732530117035,0.2683546841144562,0.27098652720451355,0.27632012963294983
shapenet199,lamp,0.2072870284318924,0.2124532014131546,0.21680152416229248,0.22236919403076172
shapenet200,lamp,0.1620575338602066,0.24397481977939606,0.3243800699710846,0.40733447670936584
shapenet203,lamp,0.22055667638778687,0.2990943491458893,0.37548181414604187,0.4288124144077301
shapenet204,lamp,0.4645824432373047,0.5393339991569519,0.5987286567687988,0.6448068022727966
shapenet210,lamp,0.6396172642707825,0.7422720789909363,0.7980421185493469,0.8450617790222168
shapenet211,lamp,0.4295051097869873,0.6437563300132751,0.7667372822761536,0.85831218957901
shapenet213,lamp,0.20825625956058502,0.30146944522857666,0.42855963110923767,0.5172140598297119
shapenet214,lamp,0.41452303528785706,0.4994600713253021,0.5680418014526367,0.6296531558036804
shapenet215,lamp,0.5129300355911255,0.6015205979347229,0.6552606225013733,0.722093403339386
shapenet216,lamp,0.1227010115981102,0.13991712033748627,0.14589764177799225,0.15177322924137115
shapenet220,lamp,0.22645144164562225,0.32614269852638245,0.4403352737426758,0.5522473454475403
shapenet226,lamp,0.5487932562828064,0.7034773826599121,0.7676215767860413,0.8395510315895081
shapenet227,lamp,0.0017589727649465203,0.006515465676784515,0.01182129979133606,0.01802310161292553
shapenet228,lamp,0.3208129107952118,0.3691817820072174,0.4555447995662689,0.5208916068077087
shapenet230,lamp,0.05940369889140129,0.16773496568202972,0.260115385055542,0.344132661819458
shapenet231,lamp,0.5385822057723999,0.5988039970397949,0.656913697719574,0.7072043418884277
shapenet232,lamp,0.5124475955963135,0.5929532051086426,0.6289375424385071,0.6611360907554626
shapenet233,lamp,0.6572156548500061,0.749004065990448,0.8054702877998352,0.8416454195976257
shapenet236,lamp,0.4499228298664093,0.5620855689048767,0.6867315769195557,0.8057330250740051
shapenet237,lamp,0.07216724008321762,0.14156930148601532,0.2544041574001312,0.33825311064720154
shapenet239,lamp,0.103537417948246,0.1672888994216919,0.24420617520809174,0.27442196011543274
shapenet240,lamp,0.336446613073349,0.4127366840839386,0.5154680609703064,0.5765178203582764
shapenet241,lamp,0.40800443291664124,0.5016860961914062,0.5932774543762207,0.6707999110221863
shapenet242,lamp,0.4750237464904785,0.5300092101097107,0.5813812613487244,0.7291006445884705
shapenet243,lamp,0.5181382298469543,0.5572320818901062,0.5692958235740662,0.5746021866798401
shapenet244,lamp,0.3149624764919281,0.3291955590248108,0.33513152599334717,0.34039250016212463
shapenet248,lamp,0.015361030586063862,0.05679329112172127,0.10515204817056656,0.13970832526683807
shapenet249,lamp,0.2804848849773407,0.4508951008319855,0.6433491706848145,0.7900170683860779
shapenet250,lamp,0.5518534183502197,0.6435986161231995,0.7294097542762756,0.8243605494499207
shapenet252,lamp,0.4857275187969208,0.5676774382591248,0.6612565517425537,0.7995376586914062
shapenet255,lamp,0.3885417878627777,0.4967162609100342,0.5365597605705261,0.5655718445777893
shapenet257,lamp,0.1488674432039261,0.1735975593328476,0.18908683955669403,0.19731926918029785
shapenet260,lamp,0.5905026197433472,0.6412680745124817,0.7390108704566956,0.8582651615142822
shapenet262,lamp,0.6272225379943848,0.6874747276306152,0.7857852578163147,0.8590163588523865
shapenet264,lamp,0.26139160990715027,0.2776035666465759,0.2834083139896393,0.28897759318351746
shapenet265,lamp,0.3491545617580414,0.40425947308540344,0.5755401253700256,0.7435861229896545
shapenet266,lamp,0.42321863770484924,0.5109050273895264,0.6119064688682556,0.7738310694694519
shapenet268,lamp,0.4621952474117279,0.5444068908691406,0.6307456493377686,0.773474395275116
shapenet269,lamp,0.2082403153181076,0.22414325177669525,0.23120741546154022,0.23828892409801483
shapenet271,lamp,0.525536060333252,0.5764988660812378,0.5989153385162354,0.6082413792610168
shapenet275,lamp,0.25812843441963196,0.2678523659706116,0.2740235924720764,0.27979913353919983
shapenet276,lamp,0.5662478804588318,0.7134878039360046,0.7860828042030334,0.8378949165344238
shapenet278,lamp,0.14392884075641632,0.2073373645544052,0.3210638165473938,0.4149491786956787
shapenet280,lamp,0.1170523390173912,0.12322070449590683,0.1261194497346878,0.13156890869140625
shapenet281,lamp,0.27413246035575867,0.28121623396873474,0.28582462668418884,0.2911944091320038
shapenet282,lamp,0.4372457265853882,0.6041010022163391,0.6906857490539551,0.8004911541938782
shapenet284,lamp,0.4582928717136383,0.6614094376564026,0.7533957958221436,0.8740441203117371
shapenet285,lamp,0.3850891590118408,0.49427691102027893,0.5900205969810486,0.733119785785675
shapenet288,lamp,0.3765743672847748,0.40092185139656067,0.4225115478038788,0.45223212242126465
shapenet289,lamp,0.5974353551864624,0.6705043911933899,0.7635462284088135,0.8975552916526794
shapenet293,lamp,0.32113248109817505,0.34006714820861816,0.35991477966308594,0.36826229095458984
shapenet294,lamp,0.14649291336536407,0.1977739781141281,0.26951712369918823,0.3146454095840454
shapenet295,lamp,0.20757925510406494,0.22164730727672577,0.22736196219921112,0.23304301500320435
shapenet299,lamp,0.5376301407814026,0.6921479105949402,0.8134668469429016,0.8922755718231201
shapenet300,lamp,0.27705639600753784,0.3595408499240875,0.5534358620643616,0.7062413096427917
shapenet302,lamp,0.5548542737960815,0.6447835564613342,0.7321211695671082,0.8262937068939209
shapenet303,lamp,0.7079081535339355,0.7369301319122314,0.7767795920372009,0.7988405227661133
shapenet304,lamp,0.41524600982666016,0.4743274748325348,0.516160249710083,0.5358158349990845
shapenet305,lamp,0.3157501816749573,0.4599083960056305,0.5981276035308838,0.7386816143989563
shapenet306,lamp,0.2193210870027542,0.28362447023391724,0.41657140851020813,0.518672525882721
shapenet307,lamp,0.1343323439359665,0.13656999170780182,0.1393795758485794,0.14487093687057495
shapenet308,lamp,0.2301853746175766,0.23756854236125946,0.24117730557918549,0.2463802844285965
shapenet310,lamp,0.14332431554794312,0.14746470749378204,0.15042220056056976,0.1558445543050766
shapenet311,lamp,0.4655952751636505,0.5692598819732666,0.6667054295539856,0.7568147778511047
shapenet321,lamp,0.2964736819267273,0.3195139765739441,0.3483196198940277,0.38071003556251526
shapenet323,lamp,0.20386157929897308,0.20916683971881866,0.21256034076213837,0.21780270338058472
shapenet328,lamp,0.30485397577285767,0.3227062523365021,0.32874810695648193,0.3346422016620636
shapenet330,lamp,0.10284054279327393,0.12922050058841705,0.13731782138347626,0.14340512454509735
shapenet332,lamp,0.1596096158027649,0.16699530184268951,0.1715373545885086,0.17720337212085724
shapenet333,lamp,0.47937682271003723,0.5337550044059753,0.6151955127716064,0.679921567440033
shapenet335,lamp,0.04862415790557861,0.12096532434225082,0.20645304024219513,0.2899967432022095
shapenet337,lamp,0.42320218682289124,0.5038132667541504,0.6028916835784912,0.7320339679718018
shapenet345,lamp,0.0992884412407875,0.11087346076965332,0.11597990989685059,0.12167191505432129
shapenet346,lamp,0.3158584535121918,0.3792130947113037,0.592986524105072,0.7601008415222168
shapenet347,lamp,0.2579415440559387,0.30766716599464417,0.3509419858455658,0.38817092776298523
shapenet348,lamp,0.290353924036026,0.30604127049446106,0.3140304982662201,0.3221656084060669
shapenet350,lamp,0.5571905970573425,0.6354036927223206,0.7229738831520081,0.851514995098114
shapenet351,lamp,0.3761684000492096,0.4434219300746918,0.5664845108985901,0.6382873058319092
shapenet352,lamp,0.3087145686149597,0.38044536113739014,0.4697399437427521,0.5496935248374939
shapenet355,lamp,0.6437886953353882,0.7321645617485046,0.8207335472106934,0.9249266982078552
shapenet356,lamp,0.26232799887657166,0.29674556851387024,0.33781540393829346,0.37801265716552734
shapenet358,lamp,0.10386594384908676,0.18164463341236115,0.26285281777381897,0.31035682559013367
shapenet359,lamp,0.2272176295518875,0.2380945086479187,0.24291761219501495,0.24835725128650665
shapenet361,lamp,0.11038420349359512,0.186313197016716,0.2659789025783539,0.3770836889743805
shapenet363,lamp,0.3475952446460724,0.42129087448120117,0.49988803267478943,0.5642156600952148
shapenet366,lamp,0.6431666016578674,0.7346896529197693,0.8086209297180176,0.8870136141777039
shapenet368,lamp,0.5111612677574158,0.5596463084220886,0.6090614795684814,0.65519118309021
shapenet370,lamp,0.6699406504631042,0.6914496421813965,0.7198827862739563,0.7388861775398254
shapenet372,lamp,0.45250651240348816,0.5182454586029053,0.5392465591430664,0.550272524356842
shapenet374,lamp,0.06942407041788101,0.09826678037643433,0.13898371160030365,0.173720121383667
shapenet375,lamp,0.4855394661426544,0.5897417664527893,0.6705271601676941,0.7764410972595215
shapenet376,lamp,0.29959264397621155,0.3613643944263458,0.468503475189209,0.6524189114570618
shapenet377,lamp,0.520200252532959,0.6221043467521667,0.7149531245231628,0.8105347752571106
shapenet378,lamp,0.21224148571491241,0.21811114251613617,0.2212221771478653,0.2264396995306015
shapenet379,lamp,0.5968863368034363,0.6463130116462708,0.7257488369941711,0.8286622166633606
shapenet380,lamp,0.3757859170436859,0.4483284652233124,0.5499812960624695,0.6106265187263489
shapenet385,lamp,0.056788623332977295,0.0728086307644844,0.10576943308115005,0.12890608608722687
shapenet387,lamp,0.5039697289466858,0.5415932536125183,0.5606188178062439,0.5728147029876709
shapenet388,lamp,0.5392312407493591,0.550770103931427,0.5647327899932861,0.5727120637893677
shapenet389,lamp,0.5527030825614929,0.65505051612854,0.7768487334251404,0.893272876739502
shapenet392,lamp,0.46458736062049866,0.5098755359649658,0.5323038101196289,0.547335684299469
shapenet393,lamp,0.267613023519516,0.2800835072994232,0.2865158021450043,0.29214146733283997
shapenet397,lamp,0.20365989208221436,0.24591399729251862,0.4343816339969635,0.6335131525993347
shapenet400,lamp,0.47459447383880615,0.5449990630149841,0.5723785758018494,0.5959022641181946
shapenet405,lamp,0.5277021527290344,0.6325026154518127,0.7056781649589539,0.8063564300537109
shapenet410,lamp,0.27001091837882996,0.27683964371681213,0.2801593840122223,0.2852702736854553
shapenet411,lamp,0.44013023376464844,0.4810531437397003,0.6085935831069946,0.7836968898773193
shapenet412,lamp,0.4644317328929901,0.6159082055091858,0.7169939875602722,0.8023312091827393
shapenet413,lamp,0.5715072154998779,0.6869795918464661,0.7436514496803284,0.7654268741607666
shapenet415,lamp,0.2833309471607208,0.33411169052124023,0.39518097043037415,0.45599690079689026
shapenet418,lamp,0.11585656553506851,0.1804680973291397,0.21721546351909637,0.24937212467193604
shapenet420,lamp,0.36046600341796875,0.4089185893535614,0.619704008102417,0.789929211139679
shapenet422,lamp,0.10627494007349014,0.12970668077468872,0.17174260318279266,0.19032134115695953
shapenet423,lamp,0.47360193729400635,0.6284464001655579,0.7201264500617981,0.8337839245796204
shapenet424,lamp,0.6211342811584473,0.7399134039878845,0.8172234892845154,0.8660851120948792
shapenet429,lamp,0.061721742153167725,0.11285308748483658,0.18843138217926025,0.24346721172332764
shapenet431,lamp,0.1007547602057457,0.15882867574691772,0.3597756326198578,0.6073644757270813
shapenet432,lamp,0.48602452874183655,0.5800723433494568,0.6751267313957214,0.7615706920623779
shapenet439,lamp,0.050893742591142654,0.19722700119018555,0.33625197410583496,0.560093104839325
shapenet440,lamp,0.5297746062278748,0.5862618684768677,0.6365452408790588,0.8096858859062195
shapenet443,lamp,0.5892261862754822,0.6079359650611877,0.6320262551307678,0.649916410446167
shapenet444,lamp,0.2261679321527481,0.3033459186553955,0.5171080231666565,0.6993386745452881
shapenet447,lamp,0.47491979598999023,0.578157365322113,0.6812575459480286,0.7519607543945312
shapenet449,lamp,0.17672766745090485,0.18179158866405487,0.18527328968048096,0.19074058532714844
shapenet450,lamp,0.48891565203666687,0.6152687668800354,0.7128446102142334,0.8046190738677979
shapenet453,lamp,0.3168637454509735,0.32686683535575867,0.3368307054042816,0.3438549339771271
shapenet455,lamp,0.05724447965621948,0.09578969329595566,0.17173020541667938,0.2227003127336502
shapenet458,lamp,0.4641515910625458,0.528613805770874,0.6154820322990417,0.722973644733429
shapenet459,lamp,0.1807044893503189,0.20863886177539825,0.22709588706493378,0.23804007470607758
shapenet461,lamp,0.43679022789001465,0.5044693946838379,0.5895029902458191,0.6819362640380859
shapenet462,lamp,0.6003580689430237,0.736975371837616,0.8037988543510437,0.9015154242515564
shapenet464,lamp,0.43719926476478577,0.6639419794082642,0.7654743194580078,0.8946361541748047
shapenet469,lamp,0.46584558486938477,0.517116129398346,0.6043062210083008,0.768286406993866
shapenet471,lamp,0.2047296017408371,0.2197483330965042,0.22474777698516846,0.23033614456653595
shapenet473,lamp,0.21996940672397614,0.22535443305969238,0.22820615768432617,0.23349492251873016
shapenet474,lamp,0.39892077445983887,0.5105560421943665,0.582988977432251,0.6558207869529724
shapenet476,lamp,0.17747682332992554,0.18777836859226227,0.19178126752376556,0.197198286652565
shapenet477,lamp,0.45197248458862305,0.5186861157417297,0.5945670008659363,0.7712368965148926
shapenet478,lamp,0.5713154077529907,0.608346164226532,0.6181127429008484,0.6233552098274231
shapenet480,lamp,0.09185755252838135,0.10554369539022446,0.15333056449890137,0.1815270036458969
shapenet482,lamp,0.6201507449150085,0.6843271851539612,0.7491359114646912,0.8253622055053711
shapenet484,lamp,0.1706806868314743,0.190372034907341,0.19543536007404327,0.20107118785381317
shapenet486,lamp,0.17270563542842865,0.24009747803211212,0.4876145124435425,0.6745662689208984
shapenet488,lamp,0.4820559024810791,0.644639790058136,0.7342984676361084,0.8172731399536133
shapenet490,lamp,0.2175048440694809,0.2783994674682617,0.40392401814460754,0.5908436179161072
shapenet496,lamp,0.2742866575717926,0.3682807981967926,0.4745563566684723,0.5704360008239746
shapenet497,lamp,0.38077640533447266,0.5412213802337646,0.6809872984886169,0.8146359324455261
shapenet498,lamp,0.4661388397216797,0.5153568387031555,0.5867919325828552,0.6678130626678467
shapenet501,lamp,0.17939972877502441,0.20863735675811768,0.21542073786258698,0.2212575078010559
shapenet504,lamp,0.20385603606700897,0.22041745483875275,0.2249123603105545,0.2303992062807083
shapenet505,lamp,0.6078962087631226,0.6974472999572754,0.7670384049415588,0.8191484808921814
shapenet506,lamp,0.636529266834259,0.6881952881813049,0.7632560133934021,0.8781325817108154
shapenet507,lamp,0.20293350517749786,0.2527256906032562,0.2623652517795563,0.2687631845474243
shapenet509,lamp,0.6034513115882874,0.6789115071296692,0.7465217709541321,0.8276001811027527
shapenet510,lamp,0.25582656264305115,0.2903192937374115,0.34594523906707764,0.3820340931415558
shapenet513,lamp,0.1877617985010147,0.2530713379383087,0.34439781308174133,0.39997854828834534
shapenet514,lamp,0.4905283451080322,0.6052863597869873,0.6656892895698547,0.72955322265625
shapenet515,lamp,0.5553677678108215,0.6551206707954407,0.6957301497459412,0.7236146330833435
shapenet516,lamp,0.5401756763458252,0.6342058777809143,0.7718836665153503,0.8843576908111572
shapenet518,lamp,0.6914648413658142,0.7300169467926025,0.7778508067131042,0.8398639559745789
shapenet520,lamp,0.26266685128211975,0.27825209498405457,0.28892752528190613,0.2955908179283142
shapenet521,lamp,0.5697597861289978,0.6464630365371704,0.679282009601593,0.6996516585350037
shapenet523,lamp,0.20390726625919342,0.22795625030994415,0.23421888053417206,0.2400299310684204
shapenet526,lamp,0.6160091757774353,0.7184467315673828,0.7963269352912903,0.8488950729370117
shapenet527,lamp,0.5812493562698364,0.6282917857170105,0.6871803402900696,0.8407366871833801
shapenet529,lamp,0.41517627239227295,0.43490052223205566,0.468707799911499,0.49337348341941833
shapenet534,lamp,0.057587724179029465,0.06039519980549812,0.06302876025438309,0.06863358616828918
shapenet535,lamp,0.4769715368747711,0.53534334897995,0.5915030837059021,0.6571145057678223
shapenet537,lamp,0.22064214944839478,0.3295084834098816,0.4216792583465576,0.5288481712341309
shapenet541,lamp,0.5193877816200256,0.5884459018707275,0.6980392336845398,0.7848373055458069
shapenet544,lamp,0.43526244163513184,0.636023223400116,0.7543267607688904,0.8607235550880432
shapenet546,lamp,0.05166506767272949,0.07465102523565292,0.10457170009613037,0.12165447324514389
shapenet547,lamp,0.5211377739906311,0.7069797515869141,0.7952540516853333,0.8909760117530823
shapenet548,lamp,0.5414875149726868,0.6155462861061096,0.7127399444580078,0.8090596199035645
shapenet550,lamp,0.32365167140960693,0.3969014883041382,0.5909625887870789,0.7473894953727722
shapenet554,lamp,0.2224864810705185,0.23222064971923828,0.2359774261713028,0.24119780957698822
shapenet555,lamp,0.05127459764480591,0.08675267547369003,0.14315862953662872,0.18125467002391815
shapenet567,lamp,0.4525117874145508,0.6848447918891907,0.7731248736381531,0.8727009296417236
shapenet569,lamp,0.43520212173461914,0.5760459303855896,0.7268725037574768,0.8668172359466553
shapenet572,lamp,0.1481684446334839,0.22762614488601685,0.37205204367637634,0.4872575104236603
shapenet574,lamp,0.18240167200565338,0.2007458209991455,0.20543770492076874,0.210973858833313
shapenet577,lamp,0.4639596939086914,0.5296407341957092,0.5881238579750061,0.6453705430030823
shapenet580,lamp,0.5589894652366638,0.6172687411308289,0.7134703993797302,0.8106784820556641
shapenet584,lamp,0.14364032447338104,0.14844174683094025,0.15275150537490845,0.15855926275253296
shapenet586,lamp,0.1417650729417801,0.1452770084142685,0.1492317169904709,0.1548914611339569
shapenet590,lamp,0.0963955745100975,0.12170248478651047,0.15695808827877045,0.18806321918964386
shapenet591,lamp,0.3481522500514984,0.35586997866630554,0.3629858195781708,0.3698585331439972
shapenet592,lamp,0.6430558562278748,0.6816330552101135,0.7116384506225586,0.7265954613685608
shapenet593,lamp,0.5863316655158997,0.7077428698539734,0.7631627917289734,0.797614574432373
shapenet597,lamp,0.2297503501176834,0.23453931510448456,0.237772598862648,0.24306227266788483
shapenet598,lamp,0.20782427489757538,0.21351253986358643,0.2169024497270584,0.22233258187770844
shapenet599,lamp,0.4794018268585205,0.5957918167114258,0.7102131247520447,0.8357605338096619
shapenet600,lamp,0.27128252387046814,0.29017338156700134,0.29927361011505127,0.3054462969303131
shapenet604,lamp,0.6342714428901672,0.747373640537262,0.8226454854011536,0.9011290669441223
shapenet605,lamp,0.15206240117549896,0.1756701022386551,0.18431596457958221,0.19086843729019165
shapenet608,lamp,0.540122926235199,0.6377301812171936,0.686168372631073,0.7270448803901672
shapenet609,lamp,0.22855420410633087,0.23511187732219696,0.24001841247081757,0.24552707374095917
shapenet612,lamp,0.2237129956483841,0.2316950112581253,0.2361747771501541,0.2417207509279251
shapenet616,lamp,0.5944538712501526,0.6462820172309875,0.738257884979248,0.8571956157684326
shapenet617,lamp,0.44602254033088684,0.556165874004364,0.6498889923095703,0.7423248291015625
shapenet619,lamp,0.6106076240539551,0.6393948793411255,0.7077240943908691,0.8406894207000732
shapenet620,lamp,0.38098272681236267,0.5380133390426636,0.6439385414123535,0.7735416293144226
shapenet622,lamp,0.0484619140625,0.050236865878105164,0.052042361348867416,0.05718519166111946
shapenet623,lamp,0.5384125113487244,0.6252856850624084,0.7207149863243103,0.8148038983345032
shapenet628,lamp,0.6679806709289551,0.7267932891845703,0.8121345639228821,0.9019806981086731
shapenet629,lamp,0.13796822726726532,0.20664270222187042,0.2804792821407318,0.33541813492774963
shapenet633,lamp,0.1722848266363144,0.17840074002742767,0.18382203578948975,0.1897704005241394
shapenet635,lamp,0.12086939811706543,0.12809693813323975,0.13206304609775543,0.13783405721187592
shapenet636,lamp,0.27332064509391785,0.3492490351200104,0.5294637084007263,0.6602563261985779
shapenet638,lamp,0.5802419185638428,0.6736782193183899,0.7616198658943176,0.8638551831245422
shapenet639,lamp,0.12782110273838043,0.17710894346237183,0.21159233152866364,0.23173582553863525
shapenet640,lamp,0.12093023210763931,0.12805332243442535,0.13296113908290863,0.13903005421161652
shapenet644,lamp,0.633091151714325,0.7237289547920227,0.7954618334770203,0.8511700630187988
shapenet646,lamp,0.5316781401634216,0.6164316534996033,0.7354109287261963,0.8571345806121826
shapenet652,lamp,0.19828325510025024,0.2224050611257553,0.2287241667509079,0.23455683887004852
shapenet653,lamp,0.5618402361869812,0.6463579535484314,0.7416911721229553,0.8681771755218506
shapenet656,lamp,0.26063624024391174,0.45456936955451965,0.6038474440574646,0.7870875000953674
shapenet658,lamp,0.2428729087114334,0.25122690200805664,0.25567591190338135,0.26108264923095703
shapenet662,lamp,0.31996187567710876,0.3717884123325348,0.4067332446575165,0.4290908873081207
shapenet664,lamp,0.3170328438282013,0.39227890968322754,0.5061232447624207,0.6572408080101013
shapenet665,lamp,0.17160677909851074,0.18074063956737518,0.1858760565519333,0.1916627734899521
shapenet666,lamp,0.3957984149456024,0.4549913704395294,0.48532891273498535,0.5125539898872375
shapenet667,lamp,0.2075517624616623,0.229885995388031,0.23942266404628754,0.24623997509479523
shapenet677,lamp,0.4038955271244049,0.6247063279151917,0.7576716542243958,0.8485917448997498
shapenet678,lamp,0.23474740982055664,0.2633405029773712,0.27051272988319397,0.2762426733970642
shapenet679,lamp,0.3376888334751129,0.45932736992836,0.6139969229698181,0.7800970077514648
shapenet682,lamp,0.24466176331043243,0.2552754878997803,0.25958290696144104,0.26492398977279663
shapenet683,lamp,0.43322262167930603,0.47171592712402344,0.4899272918701172,0.501969039440155
shapenet686,lamp,0.27427950501441956,0.28760746121406555,0.3266371786594391,0.3803689479827881
shapenet687,lamp,0.47190117835998535,0.6954769492149353,0.7987621426582336,0.8893668055534363
shapenet690,lamp,0.3523499071598053,0.4165407121181488,0.5778015851974487,0.7020206451416016
shapenet691,lamp,0.0609869547188282,0.06204257532954216,0.06411943584680557,0.06944763660430908
shapenet692,lamp,0.5690526366233826,0.7298128008842468,0.7885960936546326,0.8326733112335205
shapenet693,lamp,0.5564677715301514,0.653454601764679,0.7527678608894348,0.8912619948387146
shapenet697,lamp,0.5304985046386719,0.5780494809150696,0.6422577500343323,0.7058289647102356
shapenet699,lamp,0.5039987564086914,0.659615695476532,0.755375862121582,0.8434569835662842
shapenet702,lamp,0.1402273327112198,0.14240381121635437,0.14495843648910522,0.1499212235212326
shapenet703,lamp,0.44812288880348206,0.5052759051322937,0.6071673035621643,0.7468575835227966
shapenet708,lamp,0.06266262382268906,0.06805066764354706,0.07040385156869888,0.07599236816167831
shapenet711,lamp,0.1741630584001541,0.20798255503177643,0.3219781816005707,0.39748644828796387
shapenet714,lamp,0.2629361152648926,0.29656386375427246,0.30799540877342224,0.3196544945240021
shapenet715,lamp,0.16343730688095093,0.18212629854679108,0.21259047091007233,0.23609332740306854
shapenet718,lamp,0.5098744034767151,0.5519492030143738,0.5770915150642395,0.586558997631073
shapenet719,lamp,0.5136508345603943,0.6360703706741333,0.7339983582496643,0.8414369225502014
shapenet722,lamp,0.5032687783241272,0.6781768202781677,0.7485112547874451,0.8573037981987
shapenet724,lamp,0.43291279673576355,0.4956721365451813,0.5740434527397156,0.6428477168083191
shapenet725,lamp,0.5022647976875305,0.6306628584861755,0.6824209094047546,0.7307066321372986
shapenet732,lamp,0.0771779790520668,0.0818856805562973,0.08448784798383713,0.09004703909158707
shapenet734,lamp,0.38332924246788025,0.45126304030418396,0.5945822596549988,0.6909708380699158
shapenet736,lamp,0.2065001130104065,0.21415744721889496,0.2193187028169632,0.22501087188720703
shapenet739,lamp,0.21296554803848267,0.22320754826068878,0.22639250755310059,0.23155249655246735
shapenet740,lamp,0.4065133035182953,0.5013303160667419,0.5825077891349792,0.6521482467651367
shapenet743,lamp,0.5907368659973145,0.6291703581809998,0.6642804145812988,0.6910977363586426
shapenet744,lamp,0.41749128699302673,0.5111100077629089,0.6286980509757996,0.7856366038322449
shapenet749,lamp,0.640102207660675,0.7164203524589539,0.7789701819419861,0.8368131518363953
shapenet751,lamp,0.4374370574951172,0.5253197550773621,0.5704970955848694,0.6083407402038574
shapenet757,lamp,0.22123825550079346,0.3037554919719696,0.5285771489143372,0.7068992257118225
shapenet759,lamp,0.6076068878173828,0.6552441120147705,0.7012841105461121,0.7611477375030518
shapenet760,lamp,0.3282648026943207,0.3966987431049347,0.5487854480743408,0.6524167656898499
shapenet761,lamp,0.5745700001716614,0.6317653059959412,0.6742801666259766,0.7299318909645081
shapenet762,lamp,0.13148123025894165,0.1356673687696457,0.13837765157222748,0.1437678188085556
shapenet766,lamp,0.3476732671260834,0.4059618413448334,0.42355474829673767,0.4308793246746063
shapenet770,lamp,0.12680359184741974,0.13358063995838165,0.13759522140026093,0.1432478278875351
shapenet771,lamp,0.19017507135868073,0.200063094496727,0.20450298488140106,0.21002404391765594
shapenet772,lamp,0.12959201633930206,0.13510026037693024,0.13871771097183228,0.14406681060791016
shapenet773,lamp,0.531222403049469,0.5985168218612671,0.6258864402770996,0.6358163356781006
shapenet774,lamp,0.4165981709957123,0.481599360704422,0.586817741394043,0.7512752413749695
shapenet775,lamp,0.2533518970012665,0.3145923912525177,0.5200468897819519,0.7101957201957703
shapenet782,lamp,0.40220800042152405,0.424803763628006,0.4373524487018585,0.44463443756103516
shapenet790,lamp,0.5215314030647278,0.5582888722419739,0.6434593200683594,0.8229951858520508
shapenet791,lamp,0.19040660560131073,0.1993522047996521,0.20250670611858368,0.20780742168426514
shapenet796,lamp,0.4190312325954437,0.5337039828300476,0.6169043183326721,0.7495279312133789
shapenet797,lamp,0.5187328457832336,0.6776716113090515,0.7388854026794434,0.8532130122184753
shapenet798,lamp,0.5014812350273132,0.5241665840148926,0.5685939192771912,0.6168439984321594
shapenet799,lamp,0.4034596383571625,0.6213141083717346,0.7377806305885315,0.8385483622550964
shapenet800,lamp,0.14238153398036957,0.14680315554141998,0.1490378975868225,0.15438473224639893
shapenet801,lamp,0.4463006556034088,0.5125894546508789,0.5957034230232239,0.776357889175415
shapenet804,lamp,0.3026195764541626,0.3292236924171448,0.3594444990158081,0.3716208040714264
shapenet805,lamp,0.34827494621276855,0.48102453351020813,0.654805600643158,0.8055983185768127
shapenet808,lamp,0.16456936299800873,0.1713932305574417,0.1746758669614792,0.17973743379116058
shapenet811,lamp,0.4309948980808258,0.47007641196250916,0.5004129409790039,0.5283367037773132
shapenet812,lamp,0.4777885377407074,0.6474925875663757,0.760123074054718,0.8444263935089111
shapenet813,lamp,0.5126345157623291,0.6521433591842651,0.7532802224159241,0.8410851359367371
shapenet814,lamp,0.375201553106308,0.5807220935821533,0.6889936923980713,0.7828373908996582
shapenet816,lamp,0.5615220665931702,0.65369713306427,0.7372097969055176,0.8567554950714111
shapenet817,lamp,0.5086869597434998,0.6706738471984863,0.7380642890930176,0.7938282489776611
shapenet818,lamp,0.5193668007850647,0.6133841276168823,0.703153133392334,0.7969005107879639
shapenet820,lamp,0.5441123843193054,0.6354005336761475,0.7531042695045471,0.8910934925079346
shapenet825,lamp,0.4312768876552582,0.5585172176361084,0.6493073105812073,0.7664181590080261
shapenet826,lamp,0.5583512783050537,0.7010210156440735,0.7486509680747986,0.8008964657783508
shapenet827,lamp,0.1123054027557373,0.1303335428237915,0.1347482055425644,0.14048445224761963
shapenet831,lamp,0.12123245000839233,0.15672095119953156,0.21627332270145416,0.25868773460388184
shapenet832,lamp,0.09645894914865494,0.09909079223871231,0.10155504941940308,0.10695379227399826
shapenet833,lamp,0.11098162084817886,0.19382445514202118,0.2805612087249756,0.33253905177116394
shapenet835,lamp,0.2810819447040558,0.2944824993610382,0.3011656701564789,0.30683091282844543
shapenet837,lamp,0.6036546230316162,0.6978102326393127,0.7629533410072327,0.84810870885849
shapenet840,lamp,0.5037034153938293,0.6044833660125732,0.6799903512001038,0.8239142298698425
shapenet845,lamp,0.4461904466152191,0.5066929459571838,0.5395410060882568,0.5778840184211731
shapenet846,lamp,0.4241253435611725,0.45725879073143005,0.4779154360294342,0.4978625774383545
shapenet848,lamp,0.3356741964817047,0.4405081272125244,0.5631373524665833,0.6913129687309265
shapenet851,lamp,0.2464895099401474,0.2543882727622986,0.2591199576854706,0.2644987404346466
shapenet852,lamp,0.47557106614112854,0.5994418263435364,0.6959732174873352,0.784355640411377
shapenet854,lamp,0.25663915276527405,0.33315309882164,0.5587216019630432,0.7010514736175537
shapenet856,lamp,0.12543885409832,0.1271882802248001,0.1297672986984253,0.13511967658996582
shapenet859,lamp,0.5675790905952454,0.6251217126846313,0.6594851613044739,0.690791130065918
shapenet860,lamp,0.15582793951034546,0.17872826755046844,0.19215929508209229,0.19951127469539642
shapenet861,lamp,0.644835889339447,0.7047343850135803,0.7928202152252197,0.8922443985939026
shapenet863,lamp,0.5714197754859924,0.7109190821647644,0.7877724766731262,0.8890041708946228
shapenet867,lamp,0.5219051241874695,0.6025488376617432,0.6650316119194031,0.7337388396263123
shapenet869,lamp,0.43672147393226624,0.457562655210495,0.5040762424468994,0.5778498649597168
shapenet871,lamp,0.1998661905527115,0.2881774604320526,0.46338966488838196,0.6050406098365784
shapenet873,lamp,0.3005748391151428,0.4554015100002289,0.558836042881012,0.6982645988464355
shapenet877,lamp,0.27179667353630066,0.27995333075523376,0.28536245226860046,0.29112064838409424
shapenet878,lamp,0.641943633556366,0.713314950466156,0.7569639682769775,0.7817886471748352
shapenet879,lamp,0.6201667785644531,0.7295053601264954,0.7945793271064758,0.8954461216926575
shapenet884,lamp,0.6033779978752136,0.6387071013450623,0.7023864388465881,0.7839987277984619
shapenet886,lamp,0.10659545660018921,0.10979551076889038,0.11238261312246323,0.1178424283862114
shapenet888,lamp,0.501136839389801,0.5258460640907288,0.5529249310493469,0.565071165561676
shapenet891,lamp,0.2460213303565979,0.25620660185813904,0.2601774036884308,0.26543572545051575
shapenet893,lamp,0.259392112493515,0.3364199697971344,0.5623832941055298,0.7181541323661804
shapenet898,lamp,0.16432344913482666,0.17291748523712158,0.17727558314800262,0.1829216480255127
shapenet899,lamp,0.28332653641700745,0.3280586302280426,0.3518640100955963,0.37357863783836365
shapenet901,lamp,0.225486159324646,0.25627052783966064,0.29680585861206055,0.313339501619339
shapenet902,lamp,0.42835721373558044,0.4906865060329437,0.6419939398765564,0.7915356755256653
shapenet903,lamp,0.45746907591819763,0.5840631127357483,0.6633079051971436,0.740931510925293
shapenet904,lamp,0.39445367455482483,0.4795822203159332,0.5857837796211243,0.7735390663146973
shapenet906,lamp,0.597083330154419,0.6596977114677429,0.7076361775398254,0.7555028796195984
shapenet913,lamp,0.5192580819129944,0.5621262192726135,0.5805957317352295,0.5885508060455322
shapenet914,lamp,0.37156200408935547,0.382575124502182,0.3898119032382965,0.39605212211608887
shapenet915,lamp,0.4243210256099701,0.5164681673049927,0.6276201605796814,0.7665655612945557
shapenet916,lamp,0.08163490146398544,0.14069974422454834,0.20666827261447906,0.24879340827465057
shapenet918,lamp,0.5862987041473389,0.6823828220367432,0.7691612243652344,0.8896223902702332
shapenet919,lamp,0.27808138728141785,0.2872917652130127,0.29235196113586426,0.297675758600235
shapenet923,lamp,0.46032002568244934,0.567040741443634,0.6243546605110168,0.6946523785591125
shapenet924,lamp,0.4609852731227875,0.5909171104431152,0.7404316067695618,0.8790109753608704
shapenet925,lamp,0.3296695649623871,0.4251767694950104,0.5548896193504333,0.7486359477043152
shapenet927,lamp,0.6417450904846191,0.741734504699707,0.8205788731575012,0.9081223607063293
shapenet930,lamp,0.1161227822303772,0.17181408405303955,0.27834007143974304,0.3558718264102936
shapenet938,lamp,0.1402939110994339,0.14992524683475494,0.15341968834400177,0.1591728776693344
shapenet939,lamp,0.1236163005232811,0.12531428039073944,0.1281934678554535,0.13360866904258728
shapenet941,lamp,0.6113081574440002,0.7156679034233093,0.7819366455078125,0.8214662075042725
shapenet942,lamp,0.42218300700187683,0.5416966080665588,0.6504356265068054,0.7630908489227295
shapenet943,lamp,0.2341080754995346,0.24219898879528046,0.24796847999095917,0.25373196601867676
shapenet946,lamp,0.28598305583000183,0.2980046570301056,0.32373836636543274,0.36371541023254395
shapenet949,lamp,0.5703689455986023,0.6608901619911194,0.7424971461296082,0.8574910759925842
shapenet950,lamp,0.5079913139343262,0.6835372447967529,0.7827145457267761,0.8729116916656494
shapenet952,lamp,0.4876467287540436,0.6023873686790466,0.6916332244873047,0.7876327037811279
shapenet953,lamp,0.09925643354654312,0.10572376847267151,0.10857848078012466,0.113959901034832
shapenet954,lamp,0.10000868886709213,0.10506901890039444,0.10754323750734329,0.11299604177474976
shapenet955,lamp,0.22482214868068695,0.23502051830291748,0.24030621349811554,0.24589936435222626
shapenet956,lamp,0.6563764214515686,0.7219858765602112,0.8009273409843445,0.8973789811134338
shapenet957,lamp,0.5036668181419373,0.5391014218330383,0.5662105083465576,0.5906421542167664
shapenet958,lamp,0.6477018594741821,0.6987897753715515,0.7898955345153809,0.8993802070617676
shapenet959,lamp,0.48741182684898376,0.6218366622924805,0.7054682374000549,0.8271408081054688
shapenet960,lamp,0.525450587272644,0.6364042162895203,0.7056166529655457,0.7908015847206116
shapenet966,lamp,0.5442623496055603,0.6365714073181152,0.7142806053161621,0.8172357678413391
shapenet967,lamp,0.5441229939460754,0.6787580847740173,0.7386499047279358,0.8448746800422668
shapenet974,lamp,0.23760497570037842,0.3158746659755707,0.5394369959831238,0.7169411778450012
shapenet977,lamp,0.6247783899307251,0.6569269299507141,0.7320892810821533,0.8280296325683594
shapenet978,lamp,0.2694947421550751,0.28137847781181335,0.28745511174201965,0.29303261637687683
shapenet979,lamp,0.6474971175193787,0.7170408368110657,0.7706378102302551,0.8572547435760498
shapenet983,lamp,0.18262499570846558,0.19726824760437012,0.2020140141248703,0.2076050490140915
shapenet984,lamp,0.2908937633037567,0.36048412322998047,0.5501620769500732,0.6922407150268555
shapenet989,lamp,0.30827105045318604,0.3401486575603485,0.35296282172203064,0.36029061675071716
shapenet990,lamp,0.24357639253139496,0.3287591338157654,0.45812126994132996,0.5523104071617126
shapenet991,lamp,0.5837535262107849,0.7137506604194641,0.8135528564453125,0.8856082558631897
shapenet994,lamp,0.4886949062347412,0.589650571346283,0.6913657188415527,0.7817792296409607
shapenet1000,lamp,0.47221454977989197,0.530784547328949,0.6518566608428955,0.8252387046813965
shapenet1003,lamp,0.22348009049892426,0.23398537933826447,0.23933684825897217,0.24469368159770966
shapenet1005,lamp,0.46061912178993225,0.4909297525882721,0.5228153467178345,0.5571355223655701
shapenet1008,lamp,0.3734787702560425,0.5097754001617432,0.613677442073822,0.6970716118812561
shapenet1009,lamp,0.1402149200439453,0.15225021541118622,0.15600712597370148,0.1613718867301941
shapenet1010,lamp,0.3039502501487732,0.41049864888191223,0.5026704668998718,0.6502540111541748
shapenet1016,lamp,0.3646911084651947,0.3775218725204468,0.39721402525901794,0.4159088134765625
shapenet1019,lamp,0.5082653164863586,0.6277782320976257,0.7217968106269836,0.8505611419677734
shapenet1020,lamp,0.2306932806968689,0.2690909206867218,0.29146459698677063,0.3003680109977722
shapenet1023,lamp,0.19352926313877106,0.2027982473373413,0.20682258903980255,0.21184007823467255
shapenet1024,lamp,0.5817387104034424,0.7363141179084778,0.8054917454719543,0.8998445868492126
shapenet1025,lamp,0.4247354567050934,0.5073012709617615,0.6359224319458008,0.7937429547309875
shapenet1026,lamp,0.19804219901561737,0.2209278792142868,0.25169333815574646,0.26778754591941833
shapenet1028,lamp,0.5244973301887512,0.6559391617774963,0.7534484267234802,0.8413559794425964
shapenet1030,lamp,0.6311497092247009,0.7166562080383301,0.7958135604858398,0.8528777956962585
shapenet1033,lamp,0.07799806445837021,0.07956966012716293,0.08176100999116898,0.08708033710718155
shapenet1034,lamp,0.517655074596405,0.5750654339790344,0.6668434739112854,0.806079089641571
shapenet1035,lamp,0.6343684196472168,0.7655350565910339,0.8403024673461914,0.8916892409324646
shapenet1036,lamp,0.5213409662246704,0.6383381485939026,0.6844715476036072,0.7248615622520447
shapenet1037,lamp,0.2911450266838074,0.33242908120155334,0.47128865122795105,0.6541386842727661
shapenet1041,lamp,0.27404049038887024,0.2824207842350006,0.28736433386802673,0.2928147315979004
shapenet1042,lamp,0.5161123871803284,0.6915122866630554,0.8403995037078857,0.9315998554229736
shapenet1043,lamp,0.5927608609199524,0.6645340323448181,0.7520298361778259,0.8774365782737732
shapenet1047,lamp,0.374035507440567,0.48886314034461975,0.5669906139373779,0.6052427291870117
shapenet1048,lamp,0.45940664410591125,0.49867916107177734,0.5104667544364929,0.5164157748222351
shapenet1049,lamp,0.2327944040298462,0.25333699584007263,0.27126815915107727,0.27934572100639343
shapenet1050,lamp,0.5449643135070801,0.5841121077537537,0.6109718680381775,0.6327014565467834
shapenet1053,lamp,0.0699114203453064,0.17328207194805145,0.2888929843902588,0.40211954712867737
shapenet1055,lamp,0.05362516641616821,0.09403005987405777,0.14818401634693146,0.18641670048236847
shapenet1056,lamp,0.40904197096824646,0.6361909508705139,0.7250216603279114,0.8335017561912537
shapenet1057,lamp,0.20595161616802216,0.21172721683979034,0.21496665477752686,0.22019921243190765
shapenet1061,lamp,0.29172489047050476,0.3327859044075012,0.34652650356292725,0.3569183647632599
shapenet1062,lamp,0.0977964773774147,0.10481160134077072,0.10762754827737808,0.11317982524633408
shapenet1066,lamp,0.10617915540933609,0.16053004562854767,0.2500647306442261,0.2914566397666931
shapenet1067,lamp,0.27060985565185547,0.4048837721347809,0.5776312351226807,0.7284175753593445
shapenet1070,lamp,0.4065213203430176,0.44257140159606934,0.45542287826538086,0.464001327753067
shapenet1074,lamp,0.150420680642128,0.15223392844200134,0.15459519624710083,0.15982948243618011
shapenet1078,lamp,0.06228329613804817,0.10553079098463058,0.15538214147090912,0.22273476421833038
shapenet1079,lamp,0.6070622801780701,0.6398258805274963,0.6846506595611572,0.7397661209106445
shapenet1081,lamp,0.2995914816856384,0.36316490173339844,0.48761025071144104,0.6457655429840088
shapenet1082,lamp,0.035448212176561356,0.050220709294080734,0.0714360773563385,0.09138881415128708
shapenet1084,lamp,0.10478220134973526,0.17541253566741943,0.26488372683525085,0.3188418447971344
shapenet1085,lamp,0.27531689405441284,0.29238662123680115,0.299539715051651,0.3061719834804535
shapenet1086,lamp,0.5546877384185791,0.6314268112182617,0.729546844959259,0.8473896980285645
shapenet1088,lamp,0.25258153676986694,0.30705294013023376,0.35562968254089355,0.399786114692688
shapenet1091,lamp,0.5771769881248474,0.6214504837989807,0.6942275166511536,0.794558584690094
shapenet1092,lamp,0.22720734775066376,0.23544995486736298,0.24035684764385223,0.2458605319261551
shapenet1093,lamp,0.4177432954311371,0.5873222351074219,0.6979981064796448,0.8402485847473145
shapenet1096,lamp,0.0833899974822998,0.08673971146345139,0.08917652815580368,0.09465327113866806
shapenet1097,lamp,0.5632510781288147,0.5932806134223938,0.6440491676330566,0.6979486346244812
shapenet1099,lamp,0.4675019681453705,0.4929811954498291,0.5030634999275208,0.5087590217590332
shapenet1100,lamp,0.0678829550743103,0.09285082668066025,0.14870914816856384,0.18710367381572723
shapenet1103,lamp,0.36747923493385315,0.4376859664916992,0.5586760640144348,0.6332144141197205
shapenet1111,lamp,0.4324361979961395,0.49029219150543213,0.6028386950492859,0.6851727366447449
shapenet1113,lamp,0.27448633313179016,0.2900451123714447,0.29692625999450684,0.30272284150123596
shapenet1117,lamp,0.19506116211414337,0.2007979154586792,0.20416410267353058,0.20936310291290283
shapenet1119,lamp,0.1568894386291504,0.1903877854347229,0.22710204124450684,0.24952375888824463
shapenet1120,lamp,0.11994453519582748,0.14454975724220276,0.18370045721530914,0.20066671073436737
shapenet1121,lamp,0.2862357795238495,0.37850332260131836,0.48371121287345886,0.6302945017814636
shapenet1123,lamp,0.31065091490745544,0.358805388212204,0.40921688079833984,0.4728918969631195
shapenet1125,lamp,0.345782995223999,0.4148416519165039,0.6062708497047424,0.754779577255249
shapenet1127,lamp,0.34764590859413147,0.39152035117149353,0.44258037209510803,0.4849063456058502
shapenet1129,lamp,0.4301703870296478,0.5591049194335938,0.6374314427375793,0.720526397228241
shapenet1131,lamp,0.37907660007476807,0.42498376965522766,0.6233676075935364,0.7819964289665222
shapenet1137,lamp,0.189059317111969,0.20024673640727997,0.20540539920330048,0.21110288798809052
shapenet1141,lamp,0.6074550747871399,0.6811690330505371,0.7605395317077637,0.8724263310432434
shapenet1142,lamp,0.47378286719322205,0.5385797619819641,0.5925443172454834,0.6194239258766174
shapenet1143,lamp,0.5034361481666565,0.595984935760498,0.6970462799072266,0.7855926156044006
shapenet1144,lamp,0.43501803278923035,0.55230313539505,0.637434720993042,0.7440744042396545
shapenet1145,lamp,0.6283131837844849,0.7483320832252502,0.8403756618499756,0.9404415488243103
shapenet1146,lamp,0.2138088196516037,0.28413569927215576,0.417143315076828,0.5330316424369812
shapenet1147,lamp,0.2738296687602997,0.2830364406108856,0.2896473705768585,0.29650938510894775
shapenet1149,lamp,0.2920825779438019,0.29806479811668396,0.30589017271995544,0.3125181198120117
shapenet1155,lamp,0.6741569638252258,0.7114073634147644,0.744581401348114,0.7612516283988953
shapenet1157,lamp,0.37941205501556396,0.4468214511871338,0.5779170393943787,0.6566635966300964
shapenet1159,lamp,0.19129066169261932,0.1981038600206375,0.20148248970508575,0.20676326751708984
shapenet1160,lamp,0.517084538936615,0.6459819674491882,0.731285035610199,0.8261330723762512
shapenet1161,lamp,0.3273831605911255,0.40630805492401123,0.5122241377830505,0.6046438813209534
shapenet1163,lamp,0.22489361464977264,0.23056645691394806,0.23369638621807098,0.23894774913787842
shapenet1168,lamp,0.5426235795021057,0.584672749042511,0.6533439755439758,0.7392349243164062
shapenet1171,lamp,0.24260462820529938,0.25080224871635437,0.254804402589798,0.26009735465049744
shapenet1172,lamp,0.4729374647140503,0.5114436149597168,0.6136293411254883,0.7770333290100098
shapenet1174,lamp,0.6658323407173157,0.69868403673172,0.7383849620819092,0.7670878767967224
shapenet1178,lamp,0.49823197722435,0.5883157849311829,0.6694733500480652,0.7718122005462646
shapenet1179,lamp,0.5858835577964783,0.6191425919532776,0.6559396386146545,0.708728551864624
shapenet1182,lamp,0.2703232169151306,0.35343727469444275,0.5476152896881104,0.7007700800895691
shapenet1183,lamp,0.1315898448228836,0.2500245273113251,0.3087524175643921,0.3624641001224518
shapenet1184,lamp,0.17816118896007538,0.18882805109024048,0.19374270737171173,0.19940929114818573
shapenet1186,lamp,0.6755707859992981,0.7351201176643372,0.8240768313407898,0.9015073180198669
shapenet1187,lamp,0.5368969440460205,0.6695191860198975,0.7913549542427063,0.9100451469421387
shapenet1189,lamp,0.1480151265859604,0.20652218163013458,0.31617727875709534,0.38497474789619446
shapenet1190,lamp,0.29887184500694275,0.45095983147621155,0.5283915400505066,0.5936354994773865
shapenet1191,lamp,0.35346245765686035,0.49252620339393616,0.612862229347229,0.755041778087616
shapenet1194,lamp,0.5748772621154785,0.6538323163986206,0.739794909954071,0.8309199810028076
shapenet1196,lamp,0.19432103633880615,0.20174254477024078,0.20471686124801636,0.2100200653076172
shapenet1197,lamp,0.0875122919678688,0.16254447400569916,0.2671867907047272,0.3555493652820587
shapenet1199,lamp,0.22926084697246552,0.2641068994998932,0.34793177247047424,0.3937855064868927
shapenet1200,lamp,0.6009359955787659,0.7066218852996826,0.7535710334777832,0.7790804505348206
shapenet1201,lamp,0.6393892765045166,0.769061803817749,0.867616593837738,0.918210506439209
shapenet1202,lamp,0.16842208802700043,0.17279018461704254,0.17691504955291748,0.18251381814479828
shapenet1208,lamp,0.16407281160354614,0.20991124212741852,0.3504756987094879,0.4512662887573242
shapenet1210,lamp,0.4924790561199188,0.6336235404014587,0.6956605911254883,0.7310481071472168
shapenet1211,lamp,0.013749937526881695,0.04550587758421898,0.07819178700447083,0.10263697057962418
shapenet1212,lamp,0.46427980065345764,0.6442853808403015,0.7420313358306885,0.8235635161399841
shapenet1215,lamp,0.1500508040189743,0.1707371324300766,0.1799299269914627,0.18683873116970062
shapenet1216,lamp,0.1597127914428711,0.24463552236557007,0.342442125082016,0.4116654694080353
shapenet1218,lamp,0.34940624237060547,0.4062920808792114,0.5520716309547424,0.6646323204040527
shapenet1220,lamp,0.5040755271911621,0.5920969843864441,0.6749036908149719,0.7486045360565186
shapenet1222,lamp,0.48007965087890625,0.5257298946380615,0.5583716034889221,0.6355400681495667
shapenet1224,lamp,0.21005423367023468,0.2213120311498642,0.22737450897693634,0.23314382135868073
shapenet1226,lamp,0.40499043464660645,0.518456220626831,0.6198937892913818,0.7670788764953613
shapenet1227,lamp,0.6375892162322998,0.6838614344596863,0.7008662223815918,0.7080053687095642
shapenet1228,lamp,0.25812894105911255,0.26748716831207275,0.2734886109828949,0.279143363237381
shapenet1232,lamp,0.16860057413578033,0.24205942451953888,0.3482305109500885,0.44594791531562805
shapenet1234,lamp,0.6306650042533875,0.6936554908752441,0.8168098330497742,0.919989287853241
shapenet1241,lamp,0.0018747647991403937,0.0045923194848001,0.008613341487944126,0.014332212507724762
shapenet1242,lamp,0.426945298910141,0.4758031368255615,0.5448771119117737,0.6554551124572754
shapenet1245,lamp,0.23359990119934082,0.24152253568172455,0.2460431009531021,0.25147315859794617
shapenet1250,lamp,0.4586322605609894,0.542802631855011,0.6567660570144653,0.8215489387512207
shapenet1252,lamp,0.1852620244026184,0.2720423638820648,0.36738458275794983,0.47813940048217773
shapenet1253,lamp,0.1967228204011917,0.3012389838695526,0.4277767241001129,0.5027558207511902
shapenet1255,lamp,0.4613201916217804,0.509338915348053,0.5276634693145752,0.5360957980155945
shapenet1256,lamp,0.29478153586387634,0.30920761823654175,0.3180462121963501,0.32415929436683655
shapenet1258,lamp,0.515844464302063,0.6134870052337646,0.7200133204460144,0.8060709834098816
shapenet1259,lamp,0.4847163259983063,0.5294128060340881,0.6421396136283875,0.7885425686836243
shapenet1260,lamp,0.45542585849761963,0.5733627676963806,0.6474601626396179,0.7300894260406494
shapenet1262,lamp,0.5208061337471008,0.5738756656646729,0.6548774838447571,0.7957156300544739
shapenet1263,lamp,0.3923494815826416,0.43131187558174133,0.4646942615509033,0.4909837245941162
shapenet1264,lamp,0.5167187452316284,0.6513686776161194,0.7483885288238525,0.835874080657959
shapenet1267,lamp,0.6615540385246277,0.7328984141349792,0.7792482376098633,0.8192281723022461
shapenet1269,lamp,0.15908245742321014,0.24179214239120483,0.42565569281578064,0.7039961814880371
shapenet1271,lamp,0.10670904070138931,0.1444220393896103,0.24861283600330353,0.3277384340763092
shapenet1273,lamp,0.44181299209594727,0.6056497097015381,0.6934776902198792,0.787296712398529
shapenet1274,lamp,0.609209418296814,0.652681291103363,0.670197069644928,0.6765120029449463
shapenet1275,lamp,0.2344081550836563,0.25498777627944946,0.2611841857433319,0.26689413189888
shapenet1276,lamp,0.27255716919898987,0.3178810179233551,0.40613171458244324,0.5405885577201843
shapenet1278,lamp,0.2771039307117462,0.27939701080322266,0.2816297113895416,0.28656497597694397
shapenet1279,lamp,0.6279836893081665,0.6989777684211731,0.7625925540924072,0.8697121143341064
shapenet1283,lamp,0.3404078185558319,0.4027755558490753,0.5451202988624573,0.6508467197418213
shapenet1285,lamp,0.29337891936302185,0.4954657554626465,0.7069883346557617,0.8522863388061523
shapenet1286,lamp,0.5878381729125977,0.6505454778671265,0.6991074085235596,0.731560468673706
shapenet1287,lamp,0.16760937869548798,0.2224733829498291,0.2847033441066742,0.3437674343585968
shapenet1288,lamp,0.4193771779537201,0.5841296315193176,0.6927413940429688,0.7933197617530823
shapenet1290,lamp,0.45605507493019104,0.5709285736083984,0.6923307776451111,0.7862102389335632
shapenet1292,lamp,0.40836474299430847,0.48237285017967224,0.592718243598938,0.7423298954963684
shapenet1294,lamp,0.3873406946659088,0.4584246575832367,0.5640180706977844,0.701501190662384
shapenet1295,lamp,0.4319098889827728,0.6891533732414246,0.7828166484832764,0.8851172924041748
shapenet1296,lamp,0.5332692265510559,0.5912176370620728,0.6348476409912109,0.6914131045341492
shapenet1297,lamp,0.11863400787115097,0.25094056129455566,0.3907119035720825,0.5261016488075256
shapenet1298,lamp,0.306739866733551,0.35671842098236084,0.4038937985897064,0.4452974498271942
shapenet1299,lamp,0.3566324710845947,0.42832112312316895,0.5489872097969055,0.6221469044685364
shapenet1300,lamp,0.1781633049249649,0.2856861650943756,0.3772936761379242,0.4166533052921295
shapenet1303,lamp,0.6270887851715088,0.774425208568573,0.8697115778923035,0.9180728793144226
shapenet1304,lamp,0.22405552864074707,0.2310333102941513,0.23425684869289398,0.23937980830669403
shapenet1306,lamp,0.6434443593025208,0.6950260996818542,0.7738454341888428,0.876179039478302
shapenet1308,lamp,0.24706657230854034,0.26620158553123474,0.27390167117118835,0.28096792101860046
shapenet1310,lamp,0.6174100041389465,0.7460897564888,0.8390832543373108,0.9383127093315125
shapenet1312,lamp,0.6121474504470825,0.6576905250549316,0.7319725155830383,0.8065035343170166
shapenet1314,lamp,0.4725428521633148,0.5810115933418274,0.7323552966117859,0.8734849095344543
shapenet1315,lamp,0.1175234317779541,0.122766874730587,0.12559160590171814,0.13102267682552338
shapenet1316,lamp,0.3498510420322418,0.4377657473087311,0.47253236174583435,0.49661824107170105
shapenet1317,lamp,0.24321560561656952,0.33085229992866516,0.4802863299846649,0.583050012588501
shapenet1318,lamp,0.6254820227622986,0.6677820086479187,0.7620213627815247,0.8986635804176331
shapenet1320,lamp,0.44088566303253174,0.5082020163536072,0.5758599638938904,0.6385937333106995
shapenet1321,lamp,0.413107305765152,0.454580157995224,0.4803210198879242,0.4897250831127167
shapenet1322,lamp,0.5924972891807556,0.7219109535217285,0.7972398400306702,0.8415971398353577
shapenet1324,lamp,0.4696522057056427,0.5945648550987244,0.6912644505500793,0.8130679130554199
shapenet1325,lamp,0.17996764183044434,0.26090216636657715,0.309030681848526,0.3298880159854889
shapenet1328,lamp,0.39807116985321045,0.6754835247993469,0.7753143310546875,0.8815339207649231
shapenet1330,lamp,0.5282236337661743,0.6459978222846985,0.7380032539367676,0.8294594287872314
shapenet1333,lamp,0.6824946403503418,0.7252194285392761,0.8001973032951355,0.9008634686470032
shapenet1337,lamp,0.10954191535711288,0.16040273010730743,0.2643889784812927,0.34650519490242004
shapenet1339,lamp,0.1285165548324585,0.16997528076171875,0.29504087567329407,0.38662824034690857
shapenet1341,lamp,0.5283485054969788,0.6397271752357483,0.7435229420661926,0.8281717896461487
shapenet1347,lamp,0.046702027320861816,0.06742924451828003,0.10786673426628113,0.13606323301792145
shapenet1349,lamp,0.5536947846412659,0.719659149646759,0.7946910262107849,0.8878963589668274
shapenet1351,lamp,0.15981073677539825,0.17296957969665527,0.1772521287202835,0.18279699981212616
shapenet1353,lamp,0.20320583879947662,0.2118263989686966,0.2153807133436203,0.22057215869426727
shapenet1354,lamp,0.6169167160987854,0.6659857630729675,0.7401629090309143,0.8597990870475769
shapenet1357,lamp,0.4607882797718048,0.540642261505127,0.6388264298439026,0.7618857026100159
shapenet1358,lamp,0.42727574706077576,0.5780726075172424,0.6771821975708008,0.755578339099884
shapenet1359,lamp,0.4828704297542572,0.6454710960388184,0.7369771599769592,0.8395562171936035
shapenet1360,lamp,0.5551289319992065,0.6662895679473877,0.7198901176452637,0.7540478706359863
shapenet1361,lamp,0.7254419326782227,0.7647926211357117,0.8085956573486328,0.850703239440918
shapenet1362,lamp,0.1527756303548813,0.15679532289505005,0.1602567881345749,0.16574622690677643
shapenet1364,lamp,0.5322353839874268,0.6426953077316284,0.7153064608573914,0.8523859977722168
shapenet1369,lamp,0.49183669686317444,0.6113946437835693,0.7228453755378723,0.8125655651092529
shapenet1372,lamp,0.21133919060230255,0.2714289724826813,0.39705705642700195,0.5827155709266663
shapenet1375,lamp,0.17436842620372772,0.20718906819820404,0.21388453245162964,0.21983636915683746
shapenet1377,lamp,0.24604623019695282,0.3097740411758423,0.4106755256652832,0.5312142968177795
shapenet1378,lamp,0.17264032363891602,0.19921599328517914,0.2931826412677765,0.34465739130973816
shapenet1380,lamp,0.3324558138847351,0.37700602412223816,0.4580444097518921,0.5452280044555664
shapenet1381,lamp,0.48974207043647766,0.6051163077354431,0.7099111080169678,0.8002732396125793
shapenet1383,lamp,0.34974992275238037,0.42295828461647034,0.5253658294677734,0.7108537554740906
shapenet1386,lamp,0.6148607134819031,0.6771028637886047,0.7170441150665283,0.7463006973266602
shapenet1390,lamp,0.2909705340862274,0.3453270196914673,0.4447452127933502,0.5064751505851746
shapenet1391,lamp,0.5217530131340027,0.7075758576393127,0.7995774149894714,0.9027867317199707
shapenet1392,lamp,0.16516733169555664,0.20834392309188843,0.2840418815612793,0.34521278738975525
shapenet1393,lamp,0.06883001327514648,0.11645550280809402,0.20590390264987946,0.27222931385040283
shapenet1394,lamp,0.574316680431366,0.6462641358375549,0.6980122923851013,0.7357652187347412
shapenet1396,lamp,0.19204093515872955,0.21356229484081268,0.21929824352264404,0.22505541145801544
shapenet1397,lamp,0.3762393891811371,0.3851832449436188,0.39337506890296936,0.3994545638561249
shapenet1401,lamp,0.22234342992305756,0.27644580602645874,0.31120696663856506,0.32777103781700134
shapenet1402,lamp,0.5908223986625671,0.6561873555183411,0.7012488842010498,0.745286762714386
shapenet1404,lamp,0.45766034722328186,0.5593757033348083,0.6627321243286133,0.771024227142334
shapenet1406,lamp,0.20588701963424683,0.21884725987911224,0.22380246222019196,0.22935302555561066
shapenet1411,lamp,0.5221434831619263,0.6340166926383972,0.6889156699180603,0.7458441853523254
shapenet1413,lamp,0.06646814197301865,0.07170028239488602,0.07517468184232712,0.0810316875576973
shapenet1418,lamp,0.5465899109840393,0.607655942440033,0.6935861706733704,0.786160945892334
shapenet1419,lamp,0.6548735499382019,0.8194233775138855,0.8901817202568054,0.9339553713798523
shapenet1421,lamp,0.22643685340881348,0.32593834400177,0.41624629497528076,0.5096856951713562
shapenet1422,lamp,0.19058449566364288,0.20261122286319733,0.20680923759937286,0.21227265894412994
shapenet1423,lamp,0.16891764104366302,0.24758954346179962,0.45870736241340637,0.6561627984046936
shapenet1427,lamp,0.5602343678474426,0.6853187680244446,0.8123519420623779,0.9021360278129578
shapenet1428,lamp,0.4795222282409668,0.5808338522911072,0.6843336224555969,0.7765268683433533
shapenet1429,lamp,0.4790959358215332,0.5705878734588623,0.6908836960792542,0.8148209452629089
shapenet1433,lamp,0.5071207880973816,0.5767211318016052,0.6591065526008606,0.7973201870918274
shapenet1435,lamp,0.6191660761833191,0.6762032508850098,0.7003044486045837,0.7166044116020203
shapenet1436,lamp,0.24774880707263947,0.2572256028652191,0.26205897331237793,0.26748862862586975
shapenet1439,lamp,0.09688780456781387,0.17039091885089874,0.3192587196826935,0.5234220027923584
shapenet1441,lamp,0.19913984835147858,0.21124069392681122,0.21582536399364471,0.22140014171600342
shapenet1445,lamp,0.2025211900472641,0.20817376673221588,0.21087646484375,0.21617764234542847
shapenet1448,lamp,0.31529802083969116,0.3886829912662506,0.5672080516815186,0.7130300998687744
shapenet1449,lamp,0.4347635507583618,0.64955073595047,0.7480476498603821,0.8380970358848572
shapenet1451,lamp,0.3501221239566803,0.4604664742946625,0.5761905312538147,0.7072933316230774
shapenet1455,lamp,0.24818430840969086,0.26364120841026306,0.2718994915485382,0.27806636691093445
shapenet1460,lamp,0.2582855522632599,0.326803982257843,0.5300104022026062,0.6797347068786621
shapenet1466,lamp,0.19283835589885712,0.21436069905757904,0.21921306848526,0.22465334832668304
shapenet1468,lamp,0.4808802604675293,0.6319629549980164,0.7266788482666016,0.8121021389961243
shapenet1470,lamp,0.3358454704284668,0.3500711917877197,0.37004217505455017,0.38532936573028564
shapenet1472,lamp,0.18666160106658936,0.21941296756267548,0.22801552712917328,0.23407591879367828
shapenet1473,lamp,0.07557123899459839,0.09178941696882248,0.11142530292272568,0.1232965812087059
shapenet1474,lamp,0.49099478125572205,0.5778031349182129,0.6583757996559143,0.7605705261230469
shapenet1475,lamp,0.3873573839664459,0.48587068915367126,0.6133587956428528,0.7723746299743652
shapenet1477,lamp,0.02573285438120365,0.10189554840326309,0.2543732225894928,0.5985252261161804
shapenet1478,lamp,0.19200684130191803,0.19885635375976562,0.20264606177806854,0.20799827575683594
shapenet1479,lamp,0.4650209844112396,0.5967691540718079,0.6942138671875,0.7777405381202698
shapenet1480,lamp,0.5793523788452148,0.6659727692604065,0.7613123059272766,0.8767948150634766
shapenet1484,lamp,0.11349085718393326,0.14692212641239166,0.1935199499130249,0.22389398515224457
shapenet1486,lamp,0.6838610768318176,0.6979875564575195,0.7350211143493652,0.7718396186828613
shapenet1487,lamp,0.3704729974269867,0.4340240955352783,0.6284018158912659,0.7894956469535828
shapenet1489,lamp,0.5126156806945801,0.7072193026542664,0.797495424747467,0.8961913585662842
shapenet1491,lamp,0.6093332767486572,0.6297838091850281,0.637545645236969,0.6422132849693298
shapenet1494,lamp,0.2859043776988983,0.30878448486328125,0.3163790702819824,0.32182517647743225
shapenet1495,lamp,0.5621171593666077,0.6510480046272278,0.7432821393013,0.8275852203369141
shapenet2,loudspeaker,0.07453878968954086,0.14130748808383942,0.25966891646385193,0.42154622077941895
shapenet3,loudspeaker,0.3174518048763275,0.3655312955379486,0.45607006549835205,0.662710428237915
shapenet4,loudspeaker,0.20065069198608398,0.2349141389131546,0.34519699215888977,0.6162111759185791
shapenet5,loudspeaker,0.3345101773738861,0.3851391077041626,0.4867416322231293,0.645698070526123
shapenet6,loudspeaker,0.11894717067480087,0.18704266846179962,0.2957969903945923,0.5581746697425842
shapenet10,loudspeaker,0.34562650322914124,0.45379388332366943,0.5867952108383179,0.724799633026123
shapenet11,loudspeaker,0.13607627153396606,0.17238003015518188,0.292389839887619,0.5888300538063049
shapenet13,loudspeaker,0.31801366806030273,0.3460986316204071,0.4431574046611786,0.6800723075866699
shapenet15,loudspeaker,0.25172939896583557,0.3343660533428192,0.4535909593105316,0.5689287781715393
shapenet18,loudspeaker,0.28345736861228943,0.39975690841674805,0.5228156447410583,0.6697269082069397
shapenet19,loudspeaker,0.5563139915466309,0.6540994048118591,0.7119688391685486,0.7855865359306335
shapenet20,loudspeaker,0.06185360625386238,0.09969978779554367,0.2251398116350174,0.5330938696861267
shapenet22,loudspeaker,0.2917587161064148,0.33022043108940125,0.43400201201438904,0.6124666333198547
shapenet23,loudspeaker,0.046105366200208664,0.12169244885444641,0.21635876595973969,0.35451337695121765
shapenet24,loudspeaker,0.0858948603272438,0.14332495629787445,0.2878393232822418,0.4578210413455963
shapenet25,loudspeaker,0.7278616428375244,0.7403448224067688,0.7756020426750183,0.8505142331123352
shapenet26,loudspeaker,0.5341508984565735,0.5761319994926453,0.6461390852928162,0.817047119140625
shapenet28,loudspeaker,0.250254362821579,0.2834916114807129,0.3883172571659088,0.6486304402351379
shapenet35,loudspeaker,0.25288787484169006,0.3649836778640747,0.47136569023132324,0.6284799575805664
shapenet37,loudspeaker,0.5205264091491699,0.620211660861969,0.6999020576477051,0.7866924405097961
shapenet41,loudspeaker,0.12644439935684204,0.2387334555387497,0.3462008535861969,0.49581465125083923
shapenet42,loudspeaker,0.04930245876312256,0.07282555103302002,0.15454255044460297,0.30354148149490356
shapenet46,loudspeaker,0.2769528329372406,0.36585918068885803,0.46638908982276917,0.651493489742279
shapenet49,loudspeaker,0.3086591958999634,0.3381967544555664,0.43872249126434326,0.6828448176383972
shapenet50,loudspeaker,0.366244912147522,0.44853129982948303,0.5302484631538391,0.6402521729469299
shapenet53,loudspeaker,0.5698949694633484,0.7017946243286133,0.844713032245636,0.9481601715087891
shapenet55,loudspeaker,0.23197035491466522,0.3121572434902191,0.4644002914428711,0.6242139935493469
shapenet57,loudspeaker,0.06437019258737564,0.1035676971077919,0.21965837478637695,0.41814061999320984
shapenet62,loudspeaker,0.10852357000112534,0.13597877323627472,0.19246642291545868,0.29672732949256897
shapenet71,loudspeaker,0.23705731332302094,0.269132524728775,0.37533044815063477,0.6339029669761658
shapenet72,loudspeaker,0.24497157335281372,0.2776680290699005,0.38157200813293457,0.6403921246528625
shapenet73,loudspeaker,0.21725766360759735,0.25277528166770935,0.3648020327091217,0.6341850161552429
shapenet74,loudspeaker,0.41568586230278015,0.4595448672771454,0.531833827495575,0.6950514912605286
shapenet75,loudspeaker,0.27115046977996826,0.3041020333766937,0.4057988226413727,0.6591967940330505
shapenet80,loudspeaker,0.2818893492221832,0.4147143065929413,0.5555809140205383,0.6916113495826721
shapenet82,loudspeaker,0.14769090712070465,0.17994122207164764,0.2890927493572235,0.5554297566413879
shapenet83,loudspeaker,0.16906894743442535,0.21408343315124512,0.2958946228027344,0.4256477355957031
shapenet86,loudspeaker,0.12157198041677475,0.15366820991039276,0.2646794617176056,0.539647102355957
shapenet87,loudspeaker,0.23484905064105988,0.26816967129707336,0.37522897124290466,0.6389232277870178
shapenet90,loudspeaker,0.08579615503549576,0.12325822561979294,0.2415577918291092,0.5309255123138428
shapenet91,loudspeaker,0.05290951207280159,0.0901702344417572,0.19195438921451569,0.33871734142303467
shapenet97,loudspeaker,0.6333317160606384,0.7605404853820801,0.8957090377807617,0.9883410334587097
shapenet101,loudspeaker,0.2405809611082077,0.273021399974823,0.3704312741756439,0.594977855682373
shapenet102,loudspeaker,0.24901360273361206,0.3050169050693512,0.4135570824146271,0.5994490385055542
shapenet103,loudspeaker,0.35852837562561035,0.3851451873779297,0.47477564215660095,0.6966801285743713
shapenet104,loudspeaker,0.23202748596668243,0.26537635922431946,0.37068042159080505,0.6346362233161926
shapenet107,loudspeaker,0.6417965888977051,0.7619256973266602,0.8798272013664246,0.9645846486091614
shapenet110,loudspeaker,0.2599315047264099,0.2960968315601349,0.40312519669532776,0.663320004940033
shapenet112,loudspeaker,0.22929739952087402,0.2809167206287384,0.38253387808799744,0.515070378780365
shapenet115,loudspeaker,0.41024675965309143,0.5388512015342712,0.6455815434455872,0.7611305117607117
shapenet116,loudspeaker,0.6636186242103577,0.749354362487793,0.8315153121948242,0.9268929958343506
shapenet118,loudspeaker,0.5698460936546326,0.6115524172782898,0.6819019317626953,0.8001821637153625
shapenet119,loudspeaker,0.5363145470619202,0.5696143507957458,0.623124897480011,0.7181360721588135
shapenet120,loudspeaker,0.1068878173828125,0.14251244068145752,0.2607865035533905,0.5497064590454102
shapenet123,loudspeaker,0.30318698287010193,0.3877149522304535,0.47708559036254883,0.6264483332633972
shapenet124,loudspeaker,0.6418325901031494,0.7558404803276062,0.8943333625793457,0.9936292767524719
shapenet125,loudspeaker,0.22713232040405273,0.2725616991519928,0.39123091101646423,0.554034411907196
shapenet126,loudspeaker,0.07551932334899902,0.11230812221765518,0.23785798251628876,0.5454534292221069
shapenet128,loudspeaker,0.27303147315979004,0.3147597014904022,0.41634711623191833,0.641753613948822
shapenet129,loudspeaker,0.05183035135269165,0.090753935277462,0.22150325775146484,0.5410411357879639
shapenet133,loudspeaker,0.19705794751644135,0.22690683603286743,0.32586419582366943,0.5806710720062256
shapenet134,loudspeaker,0.03566976264119148,0.07325175404548645,0.14939801394939423,0.3122655153274536
shapenet136,loudspeaker,0.5747864842414856,0.6522430777549744,0.7162978649139404,0.8533645272254944
shapenet142,loudspeaker,0.09752128273248672,0.14117789268493652,0.2588251233100891,0.5457516312599182
shapenet144,loudspeaker,0.1061355248093605,0.15505950152873993,0.26612135767936707,0.42119869589805603
shapenet148,loudspeaker,0.5906915068626404,0.623365044593811,0.6901236176490784,0.8454391360282898
shapenet151,loudspeaker,0.2574792206287384,0.28014668822288513,0.3379351794719696,0.49499988555908203
shapenet152,loudspeaker,0.6394126415252686,0.715931236743927,0.780484139919281,0.8964144587516785
shapenet153,loudspeaker,0.027189334854483604,0.11886411160230637,0.235849991440773,0.37552618980407715
shapenet154,loudspeaker,0.6398836374282837,0.7746906280517578,0.8551765084266663,0.9391228556632996
shapenet156,loudspeaker,0.3227359652519226,0.35214900970458984,0.44647184014320374,0.6811982989311218
shapenet157,loudspeaker,0.09354919195175171,0.13049040734767914,0.1873372197151184,0.30474796891212463
shapenet160,loudspeaker,0.6586608290672302,0.6964792609214783,0.7716593146324158,0.8612270951271057
shapenet161,loudspeaker,0.2467518299818039,0.3553171157836914,0.47989174723625183,0.6400938034057617
shapenet162,loudspeaker,0.12163528054952621,0.16523219645023346,0.2643967568874359,0.4214780330657959
shapenet163,loudspeaker,0.2116689234972,0.24722154438495636,0.357122540473938,0.6296197772026062
shapenet164,loudspeaker,0.2538606822490692,0.28678372502326965,0.39089348912239075,0.6480366587638855
shapenet165,loudspeaker,0.6135197281837463,0.7300851941108704,0.863135039806366,0.9703531861305237
shapenet167,loudspeaker,0.19325532019138336,0.22188763320446014,0.32896479964256287,0.5842629671096802
shapenet169,loudspeaker,0.2763945758342743,0.3485501706600189,0.47075167298316956,0.6344975829124451
shapenet171,loudspeaker,0.6575046181678772,0.7727100849151611,0.8654866218566895,0.9597064852714539
shapenet172,loudspeaker,0.29256129264831543,0.32351499795913696,0.4225021302700043,0.6673673987388611
shapenet176,loudspeaker,0.4644286632537842,0.510428249835968,0.5810622572898865,0.7241026759147644
shapenet178,loudspeaker,0.6135810017585754,0.6328036785125732,0.690100371837616,0.8386654853820801
shapenet179,loudspeaker,0.4146510362625122,0.4821861684322357,0.5333591103553772,0.6347007751464844
shapenet184,loudspeaker,0.38861727714538574,0.44042548537254333,0.5263388156890869,0.7206792831420898
shapenet185,loudspeaker,0.14678938686847687,0.18989650905132294,0.2768333852291107,0.4430868923664093
shapenet186,loudspeaker,0.47050562500953674,0.5209758877754211,0.586756706237793,0.7069318890571594
shapenet191,loudspeaker,0.4077404737472534,0.442623496055603,0.5322136878967285,0.7452782988548279
shapenet192,loudspeaker,0.4666057527065277,0.5376339554786682,0.6385759115219116,0.7348661422729492
shapenet193,loudspeaker,0.29042908549308777,0.4062511920928955,0.4938957691192627,0.628669023513794
shapenet194,loudspeaker,0.1611536294221878,0.2474350482225418,0.35040298104286194,0.4851679801940918
shapenet196,loudspeaker,0.6395504474639893,0.7604076862335205,0.8633585572242737,0.9439172148704529
shapenet197,loudspeaker,0.28155744075775146,0.3084954023361206,0.40600767731666565,0.6305864453315735
shapenet199,loudspeaker,0.23190827667713165,0.265070378780365,0.3716946840286255,0.6365421414375305
shapenet200,loudspeaker,0.1833350509405136,0.24486464262008667,0.3574181795120239,0.5315511226654053
shapenet203,loudspeaker,0.4669596254825592,0.4888373613357544,0.5652169585227966,0.7543031573295593
shapenet204,loudspeaker,0.5947619676589966,0.6295719742774963,0.687288761138916,0.7920231819152832
shapenet210,loudspeaker,0.43169286847114563,0.5416247844696045,0.6611649394035339,0.7730693221092224
shapenet211,loudspeaker,0.584688663482666,0.7325804829597473,0.8761484622955322,0.9791248440742493
shapenet213,loudspeaker,0.2106139212846756,0.2987680733203888,0.4097626209259033,0.5719991326332092
shapenet214,loudspeaker,0.5147088170051575,0.6176439523696899,0.7406103014945984,0.8764845728874207
shapenet215,loudspeaker,0.3389212191104889,0.4370901584625244,0.5394216179847717,0.6691649556159973
shapenet216,loudspeaker,0.16155481338500977,0.19784675538539886,0.31211188435554504,0.5951257348060608
shapenet220,loudspeaker,0.6223285794258118,0.6586529016494751,0.7166991233825684,0.8540135025978088
shapenet226,loudspeaker,0.29983583092689514,0.39630594849586487,0.5054023265838623,0.6470109224319458
shapenet227,loudspeaker,0.03130793571472168,0.06513398885726929,0.1946774572134018,0.5165273547172546
shapenet228,loudspeaker,0.26958972215652466,0.3505856990814209,0.45705220103263855,0.6217379570007324
shapenet230,loudspeaker,0.2701961100101471,0.32875755429267883,0.41745004057884216,0.6094746589660645
shapenet231,loudspeaker,0.2139223963022232,0.2706778943538666,0.3962669372558594,0.571774423122406
shapenet232,loudspeaker,0.5711967945098877,0.6058509349822998,0.6622723340988159,0.7942668795585632
shapenet233,loudspeaker,0.5352430939674377,0.6214221119880676,0.71347576379776,0.7986531257629395
shapenet236,loudspeaker,0.24809442460536957,0.3885820806026459,0.4645795524120331,0.5667581558227539
shapenet237,loudspeaker,0.3956526815891266,0.4217661917209625,0.5061253905296326,0.719175398349762
shapenet239,loudspeaker,0.28670263290405273,0.3275640308856964,0.4277057945728302,0.674168586730957
shapenet240,loudspeaker,0.3402376174926758,0.4197275638580322,0.527625560760498,0.6582832932472229
shapenet241,loudspeaker,0.11636084318161011,0.17553330957889557,0.302094429731369,0.49508973956108093
shapenet242,loudspeaker,0.37483346462249756,0.48126792907714844,0.6267733573913574,0.8007058501243591
shapenet243,loudspeaker,0.2950180172920227,0.49904024600982666,0.6158145070075989,0.7660149931907654
shapenet244,loudspeaker,0.34899529814720154,0.3733002245426178,0.4674939215183258,0.693845808506012
shapenet248,loudspeaker,0.13624276220798492,0.198027566075325,0.2959969937801361,0.5503001809120178
shapenet249,loudspeaker,0.0861356258392334,0.16100935637950897,0.28719261288642883,0.4201579988002777
shapenet250,loudspeaker,0.5757885575294495,0.722907543182373,0.8674823641777039,0.9733132719993591
shapenet252,loudspeaker,0.14950354397296906,0.2157050222158432,0.28814390301704407,0.40652740001678467
shapenet255,loudspeaker,0.5782780647277832,0.6093129515647888,0.6676842570304871,0.8122082352638245
shapenet257,loudspeaker,0.20903734862804413,0.24006444215774536,0.34749898314476013,0.6174107193946838
shapenet260,loudspeaker,0.4604480266571045,0.491925984621048,0.5534736514091492,0.6746394038200378
shapenet262,loudspeaker,0.6244999170303345,0.6648147106170654,0.7209915518760681,0.8252750039100647
shapenet264,loudspeaker,0.29793548583984375,0.3263496458530426,0.425820916891098,0.6685859560966492
shapenet265,loudspeaker,0.0981743335723877,0.14876317977905273,0.24931927025318146,0.39041686058044434
shapenet266,loudspeaker,0.05240644887089729,0.09502070397138596,0.16620762646198273,0.2929926812648773
shapenet268,loudspeaker,0.38748693466186523,0.486567884683609,0.5586716532707214,0.6710894703865051
shapenet269,loudspeaker,0.14970512688159943,0.2255638688802719,0.32173362374305725,0.5678537487983704
shapenet271,loudspeaker,0.5783289074897766,0.6191226243972778,0.678257405757904,0.8035117983818054
shapenet275,loudspeaker,0.28308168053627014,0.31739893555641174,0.4185687005519867,0.6641899943351746
shapenet276,loudspeaker,0.39766642451286316,0.5164443850517273,0.6368353962898254,0.7543516159057617
shapenet278,loudspeaker,0.48716768622398376,0.516590416431427,0.5894683003425598,0.7721007466316223
shapenet280,loudspeaker,0.14110398292541504,0.17132645845413208,0.28680920600891113,0.5640940070152283
shapenet281,loudspeaker,0.29985490441322327,0.33080169558525085,0.4287032186985016,0.6708581447601318
shapenet282,loudspeaker,0.35702458024024963,0.49940645694732666,0.6635004878044128,0.7802369594573975
shapenet284,loudspeaker,0.2981525659561157,0.3705472946166992,0.43334612250328064,0.5458824038505554
shapenet285,loudspeaker,0.09388194233179092,0.2198982983827591,0.3016820251941681,0.423269659280777
shapenet288,loudspeaker,0.16600675880908966,0.2075905203819275,0.31443068385124207,0.5243621468544006
shapenet289,loudspeaker,0.51249760389328,0.549579381942749,0.6086887717247009,0.7119191288948059
shapenet293,loudspeaker,0.3370596468448639,0.3989054262638092,0.4903479814529419,0.7048478722572327
shapenet294,loudspeaker,0.35654330253601074,0.38335704803466797,0.4751674234867096,0.70252925157547
shapenet295,loudspeaker,0.24254141747951508,0.2765440046787262,0.3809148371219635,0.6415220499038696
shapenet299,loudspeaker,0.34559473395347595,0.40922078490257263,0.5431026816368103,0.6886549592018127
shapenet300,loudspeaker,0.22105278074741364,0.32303932309150696,0.4475574493408203,0.6213463544845581
shapenet302,loudspeaker,0.5859730839729309,0.7156885266304016,0.8576812744140625,0.9694476127624512
shapenet303,loudspeaker,0.2717127203941345,0.34508368372917175,0.531326949596405,0.7086319327354431
shapenet304,loudspeaker,0.48442336916923523,0.5499730706214905,0.6177098155021667,0.7619902491569519
shapenet305,loudspeaker,0.08029770851135254,0.139762744307518,0.23867185413837433,0.368848592042923
shapenet306,loudspeaker,0.5827685594558716,0.6098752021789551,0.6746557354927063,0.8317860960960388
shapenet307,loudspeaker,0.1512383222579956,0.1875452995300293,0.30377620458602905,0.5860856175422668
shapenet308,loudspeaker,0.2553319036960602,0.2886594533920288,0.3925658166408539,0.6492602825164795
shapenet310,loudspeaker,0.16257302463054657,0.193076029419899,0.3042398691177368,0.5720487236976624
shapenet311,loudspeaker,0.39111223816871643,0.45672357082366943,0.5704336762428284,0.7199842929840088
shapenet321,loudspeaker,0.2015591263771057,0.2484012246131897,0.3552405834197998,0.6025905609130859
shapenet323,loudspeaker,0.22680018842220306,0.2618842124938965,0.369821161031723,0.636761486530304
shapenet328,loudspeaker,0.30996450781822205,0.3599306643009186,0.4474537670612335,0.6592550873756409
shapenet330,loudspeaker,0.1546587198972702,0.19092506170272827,0.3092411458492279,0.5994284749031067
shapenet332,loudspeaker,0.18704895675182343,0.2217654138803482,0.3347817361354828,0.6128666996955872
shapenet333,loudspeaker,0.35426974296569824,0.5086889863014221,0.5980513095855713,0.6938850283622742
shapenet335,loudspeaker,0.2236955612897873,0.34683549404144287,0.4332674443721771,0.6113365292549133
shapenet337,loudspeaker,0.27309080958366394,0.3006768226623535,0.3591881990432739,0.46875154972076416
shapenet345,loudspeaker,0.13092263042926788,0.16285866498947144,0.272900253534317,0.5569092631340027
shapenet346,loudspeaker,0.19139380753040314,0.276660680770874,0.4417989253997803,0.6097543835639954
shapenet347,loudspeaker,0.4185310900211334,0.4503697156906128,0.5374425053596497,0.7474608421325684
shapenet348,loudspeaker,0.27565574645996094,0.3314012885093689,0.41465339064598083,0.6066728234291077
shapenet350,loudspeaker,0.17710237205028534,0.22324000298976898,0.3266005218029022,0.4815581738948822
shapenet351,loudspeaker,0.3724559545516968,0.427579790353775,0.5468636155128479,0.679634153842926
shapenet352,loudspeaker,0.6074785590171814,0.6537324786186218,0.7105618119239807,0.8503090739250183
shapenet355,loudspeaker,0.15760661661624908,0.21895436942577362,0.3510720431804657,0.5200019478797913
shapenet356,loudspeaker,0.4143073558807373,0.4428060054779053,0.5258969068527222,0.7326035499572754
shapenet358,loudspeaker,0.3554823398590088,0.3819998502731323,0.47322532534599304,0.6998815536499023
shapenet359,loudspeaker,0.25535428524017334,0.28576937317848206,0.38505876064300537,0.6335279941558838
shapenet361,loudspeaker,0.220680832862854,0.2648763358592987,0.3396969735622406,0.49567079544067383
shapenet363,loudspeaker,0.5698762536048889,0.6474908590316772,0.70940762758255,0.8406745791435242
shapenet366,loudspeaker,0.47045445442199707,0.526159942150116,0.6045517325401306,0.7208803296089172
shapenet368,loudspeaker,0.1559496372938156,0.25624266266822815,0.38798844814300537,0.5834622383117676
shapenet370,loudspeaker,0.24472498893737793,0.42739033699035645,0.5962458252906799,0.7378115653991699
shapenet372,loudspeaker,0.49085211753845215,0.5514895915985107,0.6235640048980713,0.7710391879081726
shapenet374,loudspeaker,0.20050710439682007,0.23078171908855438,0.339193731546402,0.6081188917160034
shapenet375,loudspeaker,0.5635433197021484,0.7228944301605225,0.8586826920509338,0.9619641304016113
shapenet376,loudspeaker,0.03997029736638069,0.06791504472494125,0.12959621846675873,0.23771421611309052
shapenet377,loudspeaker,0.6758968234062195,0.7770441174507141,0.8979530930519104,0.9806826114654541
shapenet378,loudspeaker,0.23506128787994385,0.2692311108112335,0.3750823438167572,0.6385374069213867
shapenet379,loudspeaker,0.5481586456298828,0.5783802270889282,0.6529795527458191,0.7706234455108643
shapenet380,loudspeaker,0.3526301681995392,0.4278313219547272,0.543956995010376,0.6738824248313904
shapenet385,loudspeaker,0.15284854173660278,0.1871168613433838,0.30243849754333496,0.5908281803131104
shapenet387,loudspeaker,0.4154387414455414,0.47540283203125,0.5540049076080322,0.6876306533813477
shapenet388,loudspeaker,0.5413758754730225,0.5869495272636414,0.649296760559082,0.7874389290809631
shapenet389,loudspeaker,0.12805503606796265,0.2074655443429947,0.3032642900943756,0.44745495915412903
shapenet392,loudspeaker,0.11622867733240128,0.24331621825695038,0.4048476219177246,0.6212183833122253
shapenet393,loudspeaker,0.30068954825401306,0.33027249574661255,0.42794856429100037,0.6677905917167664
shapenet397,loudspeaker,0.06551466137170792,0.10446920990943909,0.1857099086046219,0.3314894735813141
shapenet400,loudspeaker,0.2692016065120697,0.4069403111934662,0.51615971326828,0.6672590374946594
shapenet405,loudspeaker,0.6215491890907288,0.7487543225288391,0.8837973475456238,0.9800212383270264
shapenet410,loudspeaker,0.2866780459880829,0.3165336549282074,0.41369736194610596,0.6390066742897034
shapenet411,loudspeaker,0.0722726583480835,0.10263102501630783,0.20315583050251007,0.34042713046073914
shapenet412,loudspeaker,0.6807261109352112,0.7948799133300781,0.8932232856750488,0.9695272445678711
shapenet413,loudspeaker,0.5578625798225403,0.6456829905509949,0.7184751033782959,0.8201329708099365
shapenet415,loudspeaker,0.5159448981285095,0.5447437763214111,0.6178889870643616,0.7945899367332458
shapenet418,loudspeaker,0.13852451741695404,0.19732220470905304,0.3031384348869324,0.5146269798278809
shapenet420,loudspeaker,0.18417797982692719,0.2780301570892334,0.4423907697200775,0.6048086285591125
shapenet422,loudspeaker,0.21099495887756348,0.2444785088300705,0.3567672669887543,0.6328046917915344
shapenet423,loudspeaker,0.22543646395206451,0.2882278859615326,0.3662353754043579,0.4904332160949707
shapenet424,loudspeaker,0.46395739912986755,0.5498135089874268,0.642267107963562,0.7495120167732239
shapenet429,loudspeaker,0.2900260388851166,0.31757450103759766,0.41247913241386414,0.6557530760765076
shapenet431,loudspeaker,0.48105597496032715,0.525580644607544,0.5995994806289673,0.7006012797355652
shapenet432,loudspeaker,0.6427483558654785,0.7607099413871765,0.8773127198219299,0.9654760956764221
shapenet439,loudspeaker,0.5552105903625488,0.5928009152412415,0.6696048378944397,0.8129733204841614
shapenet440,loudspeaker,0.23491322994232178,0.2959780693054199,0.4311870336532593,0.623959481716156
shapenet443,loudspeaker,0.4802025556564331,0.5442273020744324,0.6315178275108337,0.7659400105476379
shapenet444,loudspeaker,0.13970321416854858,0.20778261125087738,0.34356799721717834,0.5268992781639099
shapenet447,loudspeaker,0.21040447056293488,0.3960433304309845,0.5515115261077881,0.6746873259544373
shapenet449,loudspeaker,0.19982321560382843,0.2353949099779129,0.34674057364463806,0.6216714382171631
shapenet450,loudspeaker,0.6842742562294006,0.7853808403015137,0.9013094902038574,0.9779755473136902
shapenet453,loudspeaker,0.3505208194255829,0.37535789608955383,0.4616256654262543,0.6739225387573242
shapenet455,loudspeaker,0.25842413306236267,0.28941985964775085,0.3914206326007843,0.647463858127594
shapenet458,loudspeaker,0.6241094470024109,0.7472533583641052,0.8668282628059387,0.9571597576141357
shapenet459,loudspeaker,0.25100162625312805,0.28463390469551086,0.3924308121204376,0.6556599736213684
shapenet461,loudspeaker,0.6624452471733093,0.7359616160392761,0.8273655772209167,0.92584627866745
shapenet462,loudspeaker,0.14082659780979156,0.20983386039733887,0.29850003123283386,0.4526141583919525
shapenet464,loudspeaker,0.24626828730106354,0.3033459782600403,0.3799968659877777,0.5309988856315613
shapenet469,loudspeaker,0.1046517863869667,0.1464497298002243,0.20694971084594727,0.31697961688041687
shapenet471,loudspeaker,0.23930548131465912,0.27214762568473816,0.3770136535167694,0.6380240321159363
shapenet473,loudspeaker,0.24210049211978912,0.27477723360061646,0.3802078068256378,0.6399588584899902
shapenet474,loudspeaker,0.23975344002246857,0.3276047706604004,0.43286213278770447,0.5678234696388245
shapenet476,loudspeaker,0.20648430287837982,0.24133670330047607,0.35210809111595154,0.6243569254875183
shapenet477,loudspeaker,0.5465503931045532,0.6798246502876282,0.831359326839447,0.9393646121025085
shapenet478,loudspeaker,0.613200843334198,0.6408050656318665,0.6965470314025879,0.8207460045814514
shapenet480,loudspeaker,0.19162525236606598,0.23747576773166656,0.3499152362346649,0.6231282353401184
shapenet482,loudspeaker,0.60386061668396,0.6362956762313843,0.6986622214317322,0.8024476170539856
shapenet484,loudspeaker,0.21002411842346191,0.24480921030044556,0.3532956540584564,0.623620331287384
shapenet486,loudspeaker,0.13248421251773834,0.19080668687820435,0.2971092164516449,0.4585169851779938
shapenet488,loudspeaker,0.6548035740852356,0.7775874733924866,0.907109260559082,0.9841261506080627
shapenet490,loudspeaker,0.015375216491520405,0.04880537465214729,0.11513171344995499,0.23599819839000702
shapenet496,loudspeaker,0.6157189011573792,0.6570473313331604,0.7130513191223145,0.8515661358833313
shapenet497,loudspeaker,0.06035612151026726,0.18283836543560028,0.32176464796066284,0.46604040265083313
shapenet498,loudspeaker,0.08154195547103882,0.24872644245624542,0.3626134693622589,0.5312320590019226
shapenet501,loudspeaker,0.23006433248519897,0.2635393440723419,0.3683514893054962,0.6311752200126648
shapenet504,loudspeaker,0.23902307450771332,0.2722233235836029,0.3768218457698822,0.6363947987556458
shapenet505,loudspeaker,0.25141841173171997,0.37830543518066406,0.5270818471908569,0.6937316060066223
shapenet506,loudspeaker,0.1591271609067917,0.21956086158752441,0.31214118003845215,0.4763692319393158
shapenet507,loudspeaker,0.2785355746746063,0.3085159957408905,0.40779414772987366,0.6533219814300537
shapenet509,loudspeaker,0.25773099064826965,0.30957576632499695,0.3801781237125397,0.5262742638587952
shapenet510,loudspeaker,0.24939154088497162,0.3127043545246124,0.4123963415622711,0.6026517748832703
shapenet513,loudspeaker,0.21620726585388184,0.28567543625831604,0.40060320496559143,0.6005083918571472
shapenet514,loudspeaker,0.28614863753318787,0.36242759227752686,0.47760137915611267,0.6154438853263855
shapenet515,loudspeaker,0.5249049067497253,0.6013801693916321,0.6702566146850586,0.758778989315033
shapenet516,loudspeaker,0.43524646759033203,0.5559437870979309,0.6574732661247253,0.7620003819465637
shapenet518,loudspeaker,0.7122487425804138,0.7643589973449707,0.811825692653656,0.8689303398132324
shapenet520,loudspeaker,0.24923311173915863,0.3275885581970215,0.4319573938846588,0.6720884442329407
shapenet521,loudspeaker,0.39728108048439026,0.4858637750148773,0.586107075214386,0.7125545144081116
shapenet523,loudspeaker,0.24916376173496246,0.2815546691417694,0.3843625485897064,0.6396499276161194
shapenet526,loudspeaker,0.4893408715724945,0.5878620743751526,0.6541152000427246,0.745754063129425
shapenet527,loudspeaker,0.2800735533237457,0.4029177129268646,0.5538949966430664,0.7372908592224121
shapenet529,loudspeaker,0.3095017969608307,0.48151734471321106,0.5800446271896362,0.7314273715019226
shapenet534,loudspeaker,0.06385073810815811,0.1066717728972435,0.22820846736431122,0.529346227645874
shapenet535,loudspeaker,0.47397521138191223,0.4964265823364258,0.5526056289672852,0.7052256464958191
shapenet537,loudspeaker,0.6025140881538391,0.6580222249031067,0.7163562774658203,0.852268636226654
shapenet541,loudspeaker,0.18428723514080048,0.28488919138908386,0.42413783073425293,0.59031742811203
shapenet544,loudspeaker,0.16621936857700348,0.23257368803024292,0.31245848536491394,0.4559457004070282
shapenet546,loudspeaker,0.1402936577796936,0.17644445598125458,0.2966962158679962,0.5921695828437805
shapenet547,loudspeaker,0.14768190681934357,0.20978087186813354,0.27165651321411133,0.3953975737094879
shapenet548,loudspeaker,0.5949413776397705,0.7489995360374451,0.8847747445106506,0.9789912104606628
shapenet550,loudspeaker,0.21539932489395142,0.31483516097068787,0.4541648328304291,0.6251541972160339
shapenet554,loudspeaker,0.24982793629169464,0.2829938232898712,0.38713768124580383,0.6445342302322388
shapenet555,loudspeaker,0.21401971578598022,0.24578292667865753,0.35272571444511414,0.6212382912635803
shapenet567,loudspeaker,0.07156272977590561,0.10836994647979736,0.1833476424217224,0.34081944823265076
shapenet569,loudspeaker,0.2053939551115036,0.24521636962890625,0.34809669852256775,0.48302188515663147
shapenet572,loudspeaker,0.11891356855630875,0.21524949371814728,0.32186946272850037,0.5334029197692871
shapenet574,loudspeaker,0.2200230360031128,0.2544019818305969,0.36159560084342957,0.628581702709198
shapenet577,loudspeaker,0.5593766570091248,0.6479895114898682,0.7351489067077637,0.8670216202735901
shapenet580,loudspeaker,0.5520844459533691,0.6080344319343567,0.6773970723152161,0.7690404057502747
shapenet584,loudspeaker,0.16500122845172882,0.19440262019634247,0.3009113371372223,0.5629568696022034
shapenet586,loudspeaker,0.16114936769008636,0.18952633440494537,0.2966671288013458,0.5599622130393982
shapenet590,loudspeaker,0.2198227047920227,0.25338083505630493,0.3630819618701935,0.6351809501647949
shapenet591,loudspeaker,0.33664026856422424,0.371401309967041,0.4571975767612457,0.6369993090629578
shapenet592,loudspeaker,0.7352871894836426,0.7482078671455383,0.7814815640449524,0.8519792556762695
shapenet593,loudspeaker,0.475816935300827,0.5806849598884583,0.6692818999290466,0.7631741166114807
shapenet597,loudspeaker,0.25159868597984314,0.2844877243041992,0.38895878195762634,0.6469573378562927
shapenet598,loudspeaker,0.23130236566066742,0.2642657458782196,0.37176546454429626,0.635231077671051
shapenet599,loudspeaker,0.0892106294631958,0.18284361064434052,0.2887116074562073,0.4214552640914917
shapenet600,loudspeaker,0.3146485686302185,0.3440587520599365,0.4390643537044525,0.6756320595741272
shapenet604,loudspeaker,0.36002397537231445,0.45905789732933044,0.5684553980827332,0.665188729763031
shapenet605,loudspeaker,0.20162256062030792,0.2360295206308365,0.3518904149532318,0.6291776299476624
shapenet608,loudspeaker,0.6131007671356201,0.6695898175239563,0.7233379483222961,0.8090953826904297
shapenet609,loudspeaker,0.25483304262161255,0.28834009170532227,0.3921477794647217,0.6505544781684875
shapenet612,loudspeaker,0.2514634132385254,0.28408265113830566,0.39232245087623596,0.656578540802002
shapenet616,loudspeaker,0.6135663986206055,0.6560892462730408,0.69891756772995,0.7717434763908386
shapenet617,loudspeaker,0.6498823761940002,0.7520976066589355,0.8600254058837891,0.95245760679245
shapenet619,loudspeaker,0.20031361281871796,0.2590104639530182,0.3672392666339874,0.539337694644928
shapenet620,loudspeaker,0.036132972687482834,0.06654027104377747,0.15571986138820648,0.3228699862957001
shapenet622,loudspeaker,0.06735467910766602,0.10602537542581558,0.2350725680589676,0.5501620173454285
shapenet623,loudspeaker,0.6509961485862732,0.7692354321479797,0.8933598399162292,0.980512797832489
shapenet628,loudspeaker,0.14670495688915253,0.2508963346481323,0.33957794308662415,0.49901649355888367
shapenet629,loudspeaker,0.3737088441848755,0.40858468413352966,0.5009093880653381,0.724405825138092
shapenet633,loudspeaker,0.18087129294872284,0.20917260646820068,0.3075779974460602,0.5537817478179932
shapenet635,loudspeaker,0.11736776679754257,0.16858547925949097,0.2813014090061188,0.5536284446716309
shapenet636,loudspeaker,0.21383972465991974,0.32600417733192444,0.4446861743927002,0.6110496520996094
shapenet638,loudspeaker,0.2649633586406708,0.3055437207221985,0.37141430377960205,0.4818999767303467
shapenet639,loudspeaker,0.23800337314605713,0.2728863060474396,0.3775361478328705,0.6217910647392273
shapenet640,loudspeaker,0.11689762026071548,0.17026019096374512,0.2836078405380249,0.5541490912437439
shapenet644,loudspeaker,0.36013221740722656,0.483117938041687,0.6061940789222717,0.7261092066764832
shapenet646,loudspeaker,0.07774434238672256,0.1258799433708191,0.26707562804222107,0.4553655683994293
shapenet652,loudspeaker,0.24349075555801392,0.27582991123199463,0.38015082478523254,0.6378024220466614
shapenet653,loudspeaker,0.31515997648239136,0.3521592617034912,0.4263412058353424,0.5574719309806824
shapenet656,loudspeaker,0.04005187749862671,0.06653793156147003,0.14854030311107635,0.29838481545448303
shapenet658,loudspeaker,0.2700074315071106,0.30160391330718994,0.4035869538784027,0.6567835807800293
shapenet662,loudspeaker,0.3079935610294342,0.3782055675983429,0.46509850025177,0.6243944764137268
shapenet664,loudspeaker,0.06874193996191025,0.10573912411928177,0.20615780353546143,0.37286749482154846
shapenet665,loudspeaker,0.1998835653066635,0.23277556896209717,0.34594061970710754,0.62026447057724
shapenet666,loudspeaker,0.4710697829723358,0.5054283738136292,0.5842291712760925,0.7466540336608887
shapenet667,loudspeaker,0.2439153641462326,0.2732294201850891,0.3681351840496063,0.5948392748832703
shapenet677,loudspeaker,0.6294621825218201,0.74798184633255,0.8666508793830872,0.9617972373962402
shapenet678,loudspeaker,0.2848391830921173,0.3152066469192505,0.41421589255332947,0.6596665382385254
shapenet679,loudspeaker,0.06728162616491318,0.18214945495128632,0.2820216119289398,0.43914446234703064
shapenet682,loudspeaker,0.2737014591693878,0.30325984954833984,0.40564021468162537,0.6532342433929443
shapenet683,loudspeaker,0.4950399398803711,0.524994432926178,0.5901408791542053,0.7363409399986267
shapenet686,loudspeaker,0.21836096048355103,0.25565776228904724,0.3660244941711426,0.5993809103965759
shapenet687,loudspeaker,0.05934186652302742,0.10996214300394058,0.22440393269062042,0.3836092948913574
shapenet690,loudspeaker,0.2564992606639862,0.32525405287742615,0.46939072012901306,0.6235527992248535
shapenet691,loudspeaker,0.0765605941414833,0.11410102993249893,0.23713038861751556,0.5386155247688293
shapenet692,loudspeaker,0.4584905207157135,0.55470871925354,0.6571890711784363,0.7691604495048523
shapenet693,loudspeaker,0.4381532371044159,0.5141124725341797,0.6142745614051819,0.73636794090271
shapenet697,loudspeaker,0.5400077700614929,0.6001927256584167,0.6669151782989502,0.7541556358337402
shapenet699,loudspeaker,0.6586270332336426,0.7663219571113586,0.8994621634483337,0.9923396110534668
shapenet702,loudspeaker,0.15624696016311646,0.1890975832939148,0.2986876964569092,0.5667369365692139
shapenet703,loudspeaker,0.18418721854686737,0.2210749387741089,0.27185139060020447,0.37200120091438293
shapenet708,loudspeaker,0.0767870768904686,0.11158699542284012,0.2333219200372696,0.5289578437805176
shapenet711,loudspeaker,0.44300997257232666,0.4785110652446747,0.5608499646186829,0.7624631524085999
shapenet714,loudspeaker,0.20437002182006836,0.24826867878437042,0.35583582520484924,0.5801539421081543
shapenet715,loudspeaker,0.2424454241991043,0.27660834789276123,0.3664734363555908,0.6015592217445374
shapenet718,loudspeaker,0.518849790096283,0.5802057385444641,0.644820511341095,0.7749274373054504
shapenet719,loudspeaker,0.3713521957397461,0.49643459916114807,0.5924032330513,0.7057005763053894
shapenet722,loudspeaker,0.1959783285856247,0.25394609570503235,0.34692373871803284,0.49899616837501526
shapenet724,loudspeaker,0.5932641625404358,0.6961776614189148,0.7574660181999207,0.8757016062736511
shapenet725,loudspeaker,0.12773166596889496,0.21975167095661163,0.37877157330513,0.547988772392273
shapenet732,loudspeaker,0.0973394513130188,0.1341528743505478,0.25626692175865173,0.5571364760398865
shapenet734,loudspeaker,0.30270740389823914,0.40425804257392883,0.5344671607017517,0.678764283657074
shapenet736,loudspeaker,0.23485036194324493,0.26901009678840637,0.37548089027404785,0.6384771466255188
shapenet739,loudspeaker,0.24003081023693085,0.2735275626182556,0.37827277183532715,0.6389035582542419
shapenet740,loudspeaker,0.474334716796875,0.569932758808136,0.6567830443382263,0.7720622420310974
shapenet743,loudspeaker,0.4957982003688812,0.541971743106842,0.6247713565826416,0.7531516551971436
shapenet744,loudspeaker,0.1723995953798294,0.22732217609882355,0.3063931465148926,0.5037264227867126
shapenet749,loudspeaker,0.42207399010658264,0.5118653178215027,0.6033298373222351,0.704892635345459
shapenet751,loudspeaker,0.3257211744785309,0.40936705470085144,0.5189736485481262,0.6853445172309875
shapenet757,loudspeaker,0.13184022903442383,0.2583198845386505,0.3960179388523102,0.5786685347557068
shapenet759,loudspeaker,0.5318485498428345,0.6013040542602539,0.661186933517456,0.7556238174438477
shapenet760,loudspeaker,0.3067128360271454,0.3757685422897339,0.498449444770813,0.6435486674308777
shapenet761,loudspeaker,0.5382091999053955,0.5875517129898071,0.6364502906799316,0.7375494837760925
shapenet762,loudspeaker,0.1530110090970993,0.18748553097248077,0.30495765805244446,0.5829688906669617
shapenet766,loudspeaker,0.43719160556793213,0.4639030992984772,0.537958562374115,0.7308435440063477
shapenet770,loudspeaker,0.1530454307794571,0.18936105072498322,0.30666911602020264,0.5960468649864197
shapenet771,loudspeaker,0.21913011372089386,0.2518920600414276,0.3615138530731201,0.6290434002876282
shapenet772,loudspeaker,0.1420605182647705,0.1801310032606125,0.29448673129081726,0.5683594346046448
shapenet773,loudspeaker,0.5931954979896545,0.6424309015274048,0.6909939646720886,0.7886855006217957
shapenet774,loudspeaker,0.031286079436540604,0.058337774127721786,0.1350938230752945,0.2758575975894928
shapenet775,loudspeaker,0.07807125896215439,0.1106140986084938,0.18837912380695343,0.3600715696811676
shapenet782,loudspeaker,0.4510626792907715,0.47553300857543945,0.549362301826477,0.7321102619171143
shapenet790,loudspeaker,0.056793391704559326,0.11850327253341675,0.24674026668071747,0.42818960547447205
shapenet791,loudspeaker,0.2170395851135254,0.2518371343612671,0.36144983768463135,0.6318141222000122
shapenet796,loudspeaker,0.07248250395059586,0.11519096046686172,0.21278230845928192,0.34765395522117615
shapenet797,loudspeaker,0.24198167026042938,0.2925713062286377,0.40098837018013,0.561335563659668
shapenet798,loudspeaker,0.3889366686344147,0.4951868951320648,0.5951389074325562,0.7328085899353027
shapenet799,loudspeaker,0.5864489674568176,0.7028630375862122,0.8497226238250732,0.9517483115196228
shapenet800,loudspeaker,0.16323651373386383,0.19927282631397247,0.3139994442462921,0.5969027280807495
shapenet801,loudspeaker,0.06487160921096802,0.14057029783725739,0.25268837809562683,0.42048677802085876
shapenet804,loudspeaker,0.3654519319534302,0.40553852915763855,0.49927473068237305,0.715675413608551
shapenet805,loudspeaker,0.06853780895471573,0.12583567202091217,0.2421354055404663,0.3791217505931854
shapenet808,loudspeaker,0.18737904727458954,0.22036373615264893,0.33198511600494385,0.6029626131057739
shapenet811,loudspeaker,0.2938072681427002,0.3297455608844757,0.4184071719646454,0.613055408000946
shapenet812,loudspeaker,0.3057875633239746,0.4685113728046417,0.5506604313850403,0.6409150958061218
shapenet813,loudspeaker,0.6569424271583557,0.7684073448181152,0.9002366065979004,0.9892868399620056
shapenet814,loudspeaker,0.6016842722892761,0.7110199928283691,0.8214948177337646,0.9376154541969299
shapenet816,loudspeaker,0.48523858189582825,0.5725929737091064,0.6445179581642151,0.7362105250358582
shapenet817,loudspeaker,0.19679738581180573,0.3013679087162018,0.41241779923439026,0.567659318447113
shapenet818,loudspeaker,0.6253659129142761,0.754708468914032,0.8820350170135498,0.9764750003814697
shapenet820,loudspeaker,0.3265567421913147,0.3621768057346344,0.44462892413139343,0.6531299948692322
shapenet825,loudspeaker,0.39297428727149963,0.47241052985191345,0.5521063804626465,0.6580672860145569
shapenet826,loudspeaker,0.41755223274230957,0.5474273562431335,0.6589033007621765,0.7642062306404114
shapenet827,loudspeaker,0.14972639083862305,0.18516844511032104,0.30118823051452637,0.5866870284080505
shapenet831,loudspeaker,0.28852924704551697,0.31948423385620117,0.4193185865879059,0.6658676862716675
shapenet832,loudspeaker,0.11182230710983276,0.1462135761976242,0.2596777677536011,0.5457677245140076
shapenet833,loudspeaker,0.3583463728427887,0.4025348126888275,0.49255886673927307,0.7135507464408875
shapenet835,loudspeaker,0.3160170018672943,0.34311604499816895,0.4413093030452728,0.6784908771514893
shapenet837,loudspeaker,0.223893940448761,0.30943799018859863,0.43582043051719666,0.595398485660553
shapenet840,loudspeaker,0.4233008623123169,0.4609229266643524,0.5218706130981445,0.6264720559120178
shapenet845,loudspeaker,0.3859308063983917,0.42000067234039307,0.48630866408348083,0.6326267719268799
shapenet846,loudspeaker,0.4375742971897125,0.5018699765205383,0.5786184668540955,0.7345013618469238
shapenet848,loudspeaker,0.7417334914207458,0.7942221760749817,0.8491823077201843,0.9328621029853821
shapenet851,loudspeaker,0.27338048815727234,0.304553359746933,0.40682777762413025,0.6583394408226013
shapenet852,loudspeaker,0.6769576668739319,0.78848797082901,0.8860413432121277,0.9683279991149902
shapenet854,loudspeaker,0.13831470906734467,0.2787870168685913,0.4337325990200043,0.6061888337135315
shapenet856,loudspeaker,0.1398935765028,0.17039494216442108,0.2827724516391754,0.5538520216941833
shapenet859,loudspeaker,0.4609191417694092,0.5444789528846741,0.6340999007225037,0.7522857189178467
shapenet860,loudspeaker,0.20841026306152344,0.2419109344482422,0.34854254126548767,0.6148998737335205
shapenet861,loudspeaker,0.11694967746734619,0.1742374151945114,0.2543163597583771,0.4217325448989868
shapenet863,loudspeaker,0.1546902060508728,0.20183859765529633,0.2881123423576355,0.44898343086242676
shapenet867,loudspeaker,0.5217229723930359,0.588350236415863,0.6497085690498352,0.80021733045578
shapenet869,loudspeaker,0.2898632287979126,0.34563401341438293,0.4490714967250824,0.646209180355072
shapenet871,loudspeaker,0.1408069133758545,0.26591235399246216,0.3793685734272003,0.5519981980323792
shapenet873,loudspeaker,0.05967170000076294,0.12000624090433121,0.20584915578365326,0.3370021879673004
shapenet877,loudspeaker,0.29803773760795593,0.3279944658279419,0.42407312989234924,0.6589781045913696
shapenet878,loudspeaker,0.24236206710338593,0.42256489396095276,0.5739515423774719,0.7199156284332275
shapenet879,loudspeaker,0.15853939950466156,0.261355996131897,0.33026352524757385,0.4727054834365845
shapenet884,loudspeaker,0.20906664431095123,0.2707149088382721,0.39036571979522705,0.5539824962615967
shapenet886,loudspeaker,0.1267067939043045,0.1614641696214676,0.28063294291496277,0.5664427876472473
shapenet888,loudspeaker,0.41592836380004883,0.4943191111087799,0.5997913479804993,0.7664905190467834
shapenet891,loudspeaker,0.273907333612442,0.3055332601070404,0.40622103214263916,0.6555587649345398
shapenet893,loudspeaker,0.1549287587404251,0.27492454648017883,0.4285474717617035,0.6029433608055115
shapenet898,loudspeaker,0.19264481961727142,0.22839446365833282,0.3403569757938385,0.6171283721923828
shapenet899,loudspeaker,0.22221313416957855,0.2820294201374054,0.3914789855480194,0.6142445206642151
shapenet901,loudspeaker,0.3186461925506592,0.35453298687934875,0.45331382751464844,0.6872431635856628
shapenet902,loudspeaker,0.12414673715829849,0.161826029419899,0.2359471470117569,0.3961223065853119
shapenet903,loudspeaker,0.6287463307380676,0.726935088634491,0.8189583420753479,0.9310605525970459
shapenet904,loudspeaker,0.06558918952941895,0.11341787129640579,0.20220859348773956,0.350551575422287
shapenet906,loudspeaker,0.5843408107757568,0.6587381958961487,0.7150233387947083,0.7930574417114258
shapenet913,loudspeaker,0.5693504214286804,0.6042536497116089,0.6594410538673401,0.7799346446990967
shapenet914,loudspeaker,0.37605467438697815,0.4149339497089386,0.4956572949886322,0.6748600006103516
shapenet915,loudspeaker,0.4112319052219391,0.49042877554893494,0.5629329085350037,0.6569063067436218
shapenet916,loudspeaker,0.2766391336917877,0.31514087319374084,0.4152775704860687,0.6642407774925232
shapenet918,loudspeaker,0.49855756759643555,0.528437077999115,0.5834711194038391,0.7032136917114258
shapenet919,loudspeaker,0.3064105808734894,0.33474770188331604,0.43359944224357605,0.6737402081489563
shapenet923,loudspeaker,0.33560582995414734,0.3667422831058502,0.42609474062919617,0.5656153559684753
shapenet924,loudspeaker,0.05749799683690071,0.1332251876592636,0.24735070765018463,0.3834727704524994
shapenet925,loudspeaker,0.1634800285100937,0.23865091800689697,0.3262999355792999,0.4712661802768707
shapenet927,loudspeaker,0.2919813096523285,0.3842373788356781,0.45798492431640625,0.5866160988807678
shapenet930,loudspeaker,0.4024240970611572,0.42979416251182556,0.5120269060134888,0.7198252081871033
shapenet938,loudspeaker,0.1682010143995285,0.1994340419769287,0.31623634696006775,0.5934138298034668
shapenet939,loudspeaker,0.13921405375003815,0.16915453970432281,0.28093740344047546,0.5528873801231384
shapenet941,loudspeaker,0.28346601128578186,0.471926212310791,0.5997866988182068,0.730280339717865
shapenet942,loudspeaker,0.5403125286102295,0.6182743906974792,0.6928686499595642,0.7839439511299133
shapenet943,loudspeaker,0.26080355048179626,0.2912260890007019,0.39254382252693176,0.638484001159668
shapenet946,loudspeaker,0.22517484426498413,0.26944294571876526,0.3750031888484955,0.6073933243751526
shapenet949,loudspeaker,0.22123855352401733,0.2791108191013336,0.37911561131477356,0.5365565419197083
shapenet950,loudspeaker,0.15183047950267792,0.2563396394252777,0.3659302890300751,0.5132675766944885
shapenet952,loudspeaker,0.6524713039398193,0.7720405459403992,0.888519287109375,0.9747163653373718
shapenet953,loudspeaker,0.12113557010889053,0.15115313231945038,0.26734116673469543,0.5494109988212585
shapenet954,loudspeaker,0.12224946171045303,0.15956895053386688,0.2791909873485565,0.5740280151367188
shapenet955,loudspeaker,0.2549388110637665,0.2843506336212158,0.3905932903289795,0.6458325386047363
shapenet956,loudspeaker,0.12045502662658691,0.17483597993850708,0.26581764221191406,0.4333920478820801
shapenet957,loudspeaker,0.4651927947998047,0.5518631935119629,0.6233261227607727,0.7471907734870911
shapenet958,loudspeaker,0.4626801013946533,0.5701678991317749,0.6716303825378418,0.7661614418029785
shapenet959,loudspeaker,0.07265939563512802,0.1186256930232048,0.22422730922698975,0.37858131527900696
shapenet960,loudspeaker,0.31455206871032715,0.37918639183044434,0.4848151206970215,0.612036406993866
shapenet966,loudspeaker,0.4189881384372711,0.4990891218185425,0.5752946734428406,0.7791689038276672
shapenet967,loudspeaker,0.24585725367069244,0.2885619103908539,0.3938767611980438,0.5552918314933777
shapenet974,loudspeaker,0.14811652898788452,0.26311036944389343,0.40382638573646545,0.5841084122657776
shapenet977,loudspeaker,0.17811261117458344,0.23574261367321014,0.34307947754859924,0.512055516242981
shapenet978,loudspeaker,0.3022584617137909,0.3320210874080658,0.4307502508163452,0.6729555130004883
shapenet979,loudspeaker,0.407433420419693,0.47126105427742004,0.5459659695625305,0.6543650031089783
shapenet983,loudspeaker,0.2167709469795227,0.2506901025772095,0.35859689116477966,0.625557005405426
shapenet984,loudspeaker,0.23284952342510223,0.3190649449825287,0.453486829996109,0.6144165396690369
shapenet989,loudspeaker,0.36774739623069763,0.39441561698913574,0.4812936782836914,0.691225528717041
shapenet990,loudspeaker,0.216036856174469,0.3301449418067932,0.44002971053123474,0.5911360383033752
shapenet991,loudspeaker,0.3607332706451416,0.5096800923347473,0.593379557132721,0.6827766299247742
shapenet994,loudspeaker,0.6418110728263855,0.7730898261070251,0.8826844692230225,0.9690815806388855
shapenet1000,loudspeaker,0.04952973127365112,0.09464987367391586,0.20867522060871124,0.39596810936927795
shapenet1003,loudspeaker,0.2337222695350647,0.2710062563419342,0.3722049295902252,0.6089005470275879
shapenet1005,loudspeaker,0.42894577980041504,0.5344533920288086,0.6110791563987732,0.7372927665710449
shapenet1008,loudspeaker,0.7251973748207092,0.7706894278526306,0.8222358822822571,0.9173555374145508
shapenet1009,loudspeaker,0.17098988592624664,0.20692574977874756,0.3238169848918915,0.6092588901519775
shapenet1010,loudspeaker,0.054786086082458496,0.10821312665939331,0.18929214775562286,0.3218269944190979
shapenet1016,loudspeaker,0.31796932220458984,0.35564014315605164,0.4581862986087799,0.6747698187828064
shapenet1019,loudspeaker,0.3768380582332611,0.42703649401664734,0.5050539374351501,0.6591425538063049
shapenet1020,loudspeaker,0.3102381229400635,0.339870423078537,0.43370699882507324,0.6709434986114502
shapenet1023,loudspeaker,0.21997447311878204,0.25111064314842224,0.3588535785675049,0.6191213130950928
shapenet1024,loudspeaker,0.17158980667591095,0.24410080909729004,0.3075087368488312,0.44199180603027344
shapenet1025,loudspeaker,0.026514092460274696,0.06049216166138649,0.15985287725925446,0.3359117805957794
shapenet1026,loudspeaker,0.2816822826862335,0.3135041296482086,0.4143608510494232,0.662828803062439
shapenet1028,loudspeaker,0.6067807674407959,0.7419813275337219,0.8829159140586853,0.9843273758888245
shapenet1030,loudspeaker,0.4129240810871124,0.5383104681968689,0.6334696412086487,0.728485643863678
shapenet1033,loudspeaker,0.0907641053199768,0.12582527101039886,0.23868584632873535,0.5322535037994385
shapenet1034,loudspeaker,0.3837862014770508,0.5103657245635986,0.6686091423034668,0.8370914459228516
shapenet1035,loudspeaker,0.5166059136390686,0.63311368227005,0.7397918701171875,0.8378397822380066
shapenet1036,loudspeaker,0.3549332320690155,0.45756497979164124,0.5538354516029358,0.6747045516967773
shapenet1037,loudspeaker,0.11629130691289902,0.15382395684719086,0.2252144068479538,0.34766730666160583
shapenet1041,loudspeaker,0.30166366696357727,0.33220812678337097,0.4307301938533783,0.6738705635070801
shapenet1042,loudspeaker,0.29711538553237915,0.3581027090549469,0.5108667016029358,0.6670238375663757
shapenet1043,loudspeaker,0.2750859558582306,0.31320443749427795,0.4055996239185333,0.5462712645530701
shapenet1047,loudspeaker,0.43219462037086487,0.516137421131134,0.6125510334968567,0.7710086703300476
shapenet1048,loudspeaker,0.5125107765197754,0.5317489504814148,0.5975061058998108,0.7450312972068787
shapenet1049,loudspeaker,0.26907074451446533,0.31678375601768494,0.415034681558609,0.6548258066177368
shapenet1050,loudspeaker,0.37368765473365784,0.4570142924785614,0.5610558390617371,0.6810832023620605
shapenet1053,loudspeaker,0.30624035000801086,0.4500204622745514,0.5344942212104797,0.6640608906745911
shapenet1055,loudspeaker,0.22082121670246124,0.2518565356731415,0.35705527663230896,0.6228484511375427
shapenet1056,loudspeaker,0.19980303943157196,0.25765061378479004,0.32521548867225647,0.45997095108032227
shapenet1057,loudspeaker,0.2288479208946228,0.2635895311832428,0.37086787819862366,0.6368419528007507
shapenet1061,loudspeaker,0.1342650204896927,0.2194032520055771,0.3523646891117096,0.5967245697975159
shapenet1062,loudspeaker,0.12254035472869873,0.15199610590934753,0.27012577652931213,0.5525397062301636
shapenet1066,loudspeaker,0.3262023627758026,0.35490837693214417,0.45143160223960876,0.6891548037528992
shapenet1067,loudspeaker,0.09820824861526489,0.15326876938343048,0.254860520362854,0.3886502683162689
shapenet1070,loudspeaker,0.43761947751045227,0.48106813430786133,0.5584283471107483,0.7347308993339539
shapenet1074,loudspeaker,0.16599583625793457,0.2025560885667801,0.31787189841270447,0.5964216589927673
shapenet1078,loudspeaker,0.12750399112701416,0.17774026095867157,0.2799738943576813,0.5049006938934326
shapenet1079,loudspeaker,0.5980048775672913,0.6206584572792053,0.6824628710746765,0.7975637316703796
shapenet1081,loudspeaker,0.1730910986661911,0.19797693192958832,0.2651428282260895,0.3931155204772949
shapenet1082,loudspeaker,0.10966235399246216,0.14387021958827972,0.26522645354270935,0.5633116960525513
shapenet1084,loudspeaker,0.370667427778244,0.3958378732204437,0.4841732084751129,0.7049002051353455
shapenet1085,loudspeaker,0.26058080792427063,0.3275274932384491,0.416119784116745,0.6314241886138916
shapenet1086,loudspeaker,0.12909233570098877,0.209272101521492,0.3052414357662201,0.4410644769668579
shapenet1088,loudspeaker,0.4304122030735016,0.46688973903656006,0.5518327355384827,0.7547252178192139
shapenet1091,loudspeaker,0.5426093339920044,0.709366500377655,0.8641287684440613,0.9660709500312805
shapenet1092,loudspeaker,0.2546265423297882,0.28711897134780884,0.3906855583190918,0.6467195153236389
shapenet1093,loudspeaker,0.2927892208099365,0.3416237533092499,0.4071488678455353,0.5227338671684265
shapenet1096,loudspeaker,0.10239162296056747,0.13499252498149872,0.2548792064189911,0.5456390380859375
shapenet1097,loudspeaker,0.15155114233493805,0.24668176472187042,0.3795236349105835,0.5723710060119629
shapenet1099,loudspeaker,0.5001873970031738,0.5252493023872375,0.592439591884613,0.7517774701118469
shapenet1100,loudspeaker,0.21927666664123535,0.2511509656906128,0.35760292410850525,0.6259348392486572
shapenet1103,loudspeaker,0.3583458364009857,0.43002429604530334,0.5419690608978271,0.6767808794975281
shapenet1111,loudspeaker,0.34119081497192383,0.45053830742836,0.561964213848114,0.6842191219329834
shapenet1113,loudspeaker,0.30845504999160767,0.3368206024169922,0.42680373787879944,0.6560190320014954
shapenet1117,loudspeaker,0.21822310984134674,0.25367096066474915,0.3625459671020508,0.6316596865653992
shapenet1119,loudspeaker,0.26851052045822144,0.3005009889602661,0.40245068073272705,0.6533408164978027
shapenet1120,loudspeaker,0.22069644927978516,0.25397077202796936,0.3660939037799835,0.6399818062782288
shapenet1121,loudspeaker,0.04702593758702278,0.21066413819789886,0.2925582826137543,0.42781031131744385
shapenet1123,loudspeaker,0.5231412053108215,0.5531449317932129,0.6242093443870544,0.79925936460495
shapenet1125,loudspeaker,0.24253593385219574,0.31513452529907227,0.4741489887237549,0.6372656226158142
shapenet1127,loudspeaker,0.5209066271781921,0.5518465042114258,0.6256253123283386,0.8007298111915588
shapenet1129,loudspeaker,0.6108477711677551,0.7012426257133484,0.7913208603858948,0.9005742073059082
shapenet1131,loudspeaker,0.19950170814990997,0.29338955879211426,0.4529723823070526,0.6102083921432495
shapenet1137,loudspeaker,0.22069765627384186,0.2548244893550873,0.362542062997818,0.6300508379936218
shapenet1141,loudspeaker,0.5571147799491882,0.5904860496520996,0.6398726105690002,0.7305143475532532
shapenet1142,loudspeaker,0.5377941727638245,0.6268281936645508,0.6817216873168945,0.7906360030174255
shapenet1143,loudspeaker,0.6550100445747375,0.7861798405647278,0.894228994846344,0.9705684185028076
shapenet1144,loudspeaker,0.6027931571006775,0.7473721504211426,0.8660876750946045,0.9617297053337097
shapenet1145,loudspeaker,0.10663691908121109,0.16606830060482025,0.28484436869621277,0.4516191780567169
shapenet1146,loudspeaker,0.6165732145309448,0.6381896138191223,0.6972823143005371,0.8431165814399719
shapenet1147,loudspeaker,0.2612607479095459,0.30784767866134644,0.40244507789611816,0.607295036315918
shapenet1149,loudspeaker,0.3008386492729187,0.3430275619029999,0.43892228603363037,0.6645671725273132
shapenet1155,loudspeaker,0.22896182537078857,0.3050229251384735,0.4891167879104614,0.6798276901245117
shapenet1157,loudspeaker,0.37018999457359314,0.42848482728004456,0.5490513443946838,0.6842740178108215
shapenet1159,loudspeaker,0.21554158627986908,0.2508888244628906,0.36017271876335144,0.6304753422737122
shapenet1160,loudspeaker,0.6528720259666443,0.7649550437927246,0.895604133605957,0.987084150314331
shapenet1161,loudspeaker,0.6667451858520508,0.7086014747619629,0.7589284777641296,0.88210529088974
shapenet1163,loudspeaker,0.24209679663181305,0.2714978754520416,0.3730738162994385,0.6114007830619812
shapenet1168,loudspeaker,0.23997797071933746,0.34195300936698914,0.46234583854675293,0.6350366473197937
shapenet1171,loudspeaker,0.2689238488674164,0.3015671372413635,0.4035809338092804,0.6560962796211243
shapenet1172,loudspeaker,0.09613585472106934,0.11950171738862991,0.20828849077224731,0.33901646733283997
shapenet1174,loudspeaker,0.3305387496948242,0.48531675338745117,0.6136420369148254,0.7398910522460938
shapenet1178,loudspeaker,0.6503848433494568,0.7619621157646179,0.8865835070610046,0.9713079929351807
shapenet1179,loudspeaker,0.17958001792430878,0.22701601684093475,0.3540392816066742,0.5433993935585022
shapenet1182,loudspeaker,0.2143939584493637,0.323137104511261,0.44489964842796326,0.6190938949584961
shapenet1183,loudspeaker,0.16600866615772247,0.24762685596942902,0.35578691959381104,0.5338988304138184
shapenet1184,loudspeaker,0.2088807076215744,0.24327659606933594,0.35245585441589355,0.6237001419067383
shapenet1186,loudspeaker,0.609183132648468,0.676455557346344,0.7349147796630859,0.8222360014915466
shapenet1187,loudspeaker,0.09657450765371323,0.17000913619995117,0.2946193516254425,0.44702616333961487
shapenet1189,loudspeaker,0.4260219633579254,0.4643387794494629,0.5458154082298279,0.7461311221122742
shapenet1190,loudspeaker,0.6058340668678284,0.6697389483451843,0.7343741059303284,0.86625736951828
shapenet1191,loudspeaker,0.06626579910516739,0.12238708883523941,0.23508350551128387,0.36907777190208435
shapenet1194,loudspeaker,0.5536583662033081,0.7096455693244934,0.8564958572387695,0.9662570953369141
shapenet1196,loudspeaker,0.2185128927230835,0.2523322105407715,0.35960790514945984,0.624443531036377
shapenet1197,loudspeaker,0.4197451174259186,0.44526925683021545,0.5277569890022278,0.7342910170555115
shapenet1199,loudspeaker,0.41035136580467224,0.4501420259475708,0.5375800728797913,0.7460660338401794
shapenet1200,loudspeaker,0.5918474793434143,0.6851293444633484,0.7515526413917542,0.8265552520751953
shapenet1201,loudspeaker,0.5245278477668762,0.6158984303474426,0.7179163098335266,0.8330390453338623
shapenet1202,loudspeaker,0.1923283189535141,0.2265712022781372,0.3390878140926361,0.6159399151802063
shapenet1208,loudspeaker,0.5053132176399231,0.5389201045036316,0.6088082194328308,0.7838423848152161
shapenet1210,loudspeaker,0.47440871596336365,0.5416874289512634,0.6234294772148132,0.7405653595924377
shapenet1211,loudspeaker,0.09616784006357193,0.1551731526851654,0.26004138588905334,0.5335440039634705
shapenet1212,loudspeaker,0.627610981464386,0.7542865872383118,0.8759617805480957,0.9755592346191406
shapenet1215,loudspeaker,0.1994209885597229,0.23307232558727264,0.34418395161628723,0.6185470223426819
shapenet1216,loudspeaker,0.45490846037864685,0.47802722454071045,0.5546715259552002,0.747225821018219
shapenet1218,loudspeaker,0.2660863399505615,0.35005879402160645,0.4795670807361603,0.6372005343437195
shapenet1220,loudspeaker,0.636116623878479,0.7529441714286804,0.8359912037849426,0.9393014907836914
shapenet1222,loudspeaker,0.41744816303253174,0.5119102597236633,0.6217596530914307,0.7870195508003235
shapenet1224,loudspeaker,0.2428494095802307,0.27651551365852356,0.38129863142967224,0.6421964168548584
shapenet1226,loudspeaker,0.05213741585612297,0.10763416439294815,0.18511493504047394,0.3088790476322174
shapenet1227,loudspeaker,0.6395412087440491,0.682459831237793,0.7390744090080261,0.835106611251831
shapenet1228,loudspeaker,0.2878039479255676,0.31762513518333435,0.4175979197025299,0.664279043674469
shapenet1232,loudspeaker,0.5118336081504822,0.5428260564804077,0.6139655709266663,0.7889626622200012
shapenet1234,loudspeaker,0.5216683149337769,0.5659737586975098,0.6279207468032837,0.7781638503074646
shapenet1241,loudspeaker,0.02768033742904663,0.06220139563083649,0.19137217104434967,0.5143924355506897
shapenet1242,loudspeaker,0.30544400215148926,0.36875441670417786,0.42247405648231506,0.5203134417533875
shapenet1245,loudspeaker,0.2605293393135071,0.2933259904384613,0.3963370621204376,0.6516704559326172
shapenet1250,loudspeaker,0.2914717495441437,0.3574742376804352,0.4520963132381439,0.6060740351676941
shapenet1252,loudspeaker,0.5997099280357361,0.6194149851799011,0.6779577732086182,0.8301851749420166
shapenet1253,loudspeaker,0.54890376329422,0.5789531469345093,0.6498788595199585,0.8190371990203857
shapenet1255,loudspeaker,0.5254368185997009,0.5563512444496155,0.6235489249229431,0.7739508748054504
shapenet1256,loudspeaker,0.3220800459384918,0.35790279507637024,0.45541656017303467,0.687960684299469
shapenet1258,loudspeaker,0.6285023093223572,0.7736804485321045,0.8877217173576355,0.9723115563392639
shapenet1259,loudspeaker,0.13660788536071777,0.17330819368362427,0.2583378851413727,0.3957946300506592
shapenet1260,loudspeaker,0.6366673707962036,0.7612810134887695,0.8408491015434265,0.9260339140892029
shapenet1262,loudspeaker,0.08035081624984741,0.12952806055545807,0.19532698392868042,0.3251745402812958
shapenet1263,loudspeaker,0.46995222568511963,0.5000758171081543,0.5740867257118225,0.7341861724853516
shapenet1264,loudspeaker,0.6470492482185364,0.7706478238105774,0.9029644131660461,0.9882498383522034
shapenet1267,loudspeaker,0.4351004660129547,0.5529433488845825,0.6715546250343323,0.7778787016868591
shapenet1269,loudspeaker,0.4936682879924774,0.5567106604576111,0.6401138305664062,0.7634515762329102
shapenet1271,loudspeaker,0.3803437650203705,0.4077666103839874,0.49530670046806335,0.7149649262428284
shapenet1273,loudspeaker,0.5458701252937317,0.665329098701477,0.787992000579834,0.9026138186454773
shapenet1274,loudspeaker,0.6218040585517883,0.6504425406455994,0.7147517204284668,0.823847234249115
shapenet1275,loudspeaker,0.2760608196258545,0.30693358182907104,0.4079166352748871,0.6574336886405945
shapenet1276,loudspeaker,0.15345026552677155,0.17670978605747223,0.2225395292043686,0.34756097197532654
shapenet1278,loudspeaker,0.2925470471382141,0.3194838762283325,0.418841689825058,0.6424955725669861
shapenet1279,loudspeaker,0.27828386425971985,0.3201037347316742,0.41423630714416504,0.567870020866394
shapenet1283,loudspeaker,0.24358250200748444,0.3248412311077118,0.465652197599411,0.6319741010665894
shapenet1285,loudspeaker,0.1301465481519699,0.220054030418396,0.3381141722202301,0.47656306624412537
shapenet1286,loudspeaker,0.6018266081809998,0.6432470679283142,0.7025836110115051,0.8013601303100586
shapenet1287,loudspeaker,0.24244244396686554,0.28094834089279175,0.37982892990112305,0.5570669174194336
shapenet1288,loudspeaker,0.5857778191566467,0.7344357371330261,0.8561301827430725,0.943863570690155
shapenet1290,loudspeaker,0.6676222681999207,0.785439670085907,0.8847599029541016,0.9679781794548035
shapenet1292,loudspeaker,0.20568253099918365,0.2905515134334564,0.34939923882484436,0.4477517604827881
shapenet1294,loudspeaker,0.38299915194511414,0.4663398265838623,0.5381497740745544,0.6416018009185791
shapenet1295,loudspeaker,0.008212725631892681,0.04038793221116066,0.13552652299404144,0.3049220144748688
shapenet1296,loudspeaker,0.5033133029937744,0.5539991855621338,0.6117939352989197,0.7496456503868103
shapenet1297,loudspeaker,0.40925493836402893,0.4656054973602295,0.5479580760002136,0.6974794268608093
shapenet1298,loudspeaker,0.16963458061218262,0.21628396213054657,0.334136039018631,0.5564910769462585
shapenet1299,loudspeaker,0.35839375853538513,0.4272190034389496,0.5385217070579529,0.6727375388145447
shapenet1300,loudspeaker,0.42135584354400635,0.4679330885410309,0.5522839426994324,0.7552552819252014
shapenet1303,loudspeaker,0.42987266182899475,0.582082211971283,0.6663427352905273,0.7715567946434021
shapenet1304,loudspeaker,0.24823705852031708,0.28164616227149963,0.3867802917957306,0.6457201838493347
shapenet1306,loudspeaker,0.16231612861156464,0.20047949254512787,0.2966512143611908,0.4662747085094452
shapenet1308,loudspeaker,0.14545254409313202,0.2524600028991699,0.34988269209861755,0.5833153128623962
shapenet1310,loudspeaker,0.07381293922662735,0.11191961914300919,0.20874373614788055,0.3793102204799652
shapenet1312,loudspeaker,0.5973520278930664,0.6284801363945007,0.6755895614624023,0.7675088047981262
shapenet1314,loudspeaker,0.02095584012567997,0.11785835772752762,0.24032418429851532,0.3820943534374237
shapenet1315,loudspeaker,0.13735060393810272,0.16625814139842987,0.28101977705955505,0.5568745732307434
shapenet1316,loudspeaker,0.49310755729675293,0.5392127633094788,0.6112938523292542,0.782953679561615
shapenet1317,loudspeaker,0.21366922557353973,0.32833775877952576,0.44065967202186584,0.6026281714439392
shapenet1318,loudspeaker,0.4270397424697876,0.4487380087375641,0.5263909697532654,0.652047872543335
shapenet1320,loudspeaker,0.47528836131095886,0.5731894373893738,0.7016239166259766,0.8631460666656494
shapenet1321,loudspeaker,0.42238736152648926,0.49772384762763977,0.5776335597038269,0.7429078221321106
shapenet1322,loudspeaker,0.43320992588996887,0.545400857925415,0.6524394154548645,0.7586738467216492
shapenet1324,loudspeaker,0.23508505523204803,0.3110521137714386,0.3904569149017334,0.5041890740394592
shapenet1325,loudspeaker,0.34659647941589355,0.37526869773864746,0.46607550978660583,0.6950854659080505
shapenet1328,loudspeaker,0.010971506126224995,0.04572590813040733,0.1386413872241974,0.30233368277549744
shapenet1330,loudspeaker,0.6190230250358582,0.7575507164001465,0.8949097990989685,0.9878809452056885
shapenet1333,loudspeaker,0.1291506141424179,0.23354847729206085,0.31226441264152527,0.47990718483924866
shapenet1337,loudspeaker,0.40592828392982483,0.4322202205657959,0.5171142220497131,0.7295189499855042
shapenet1339,loudspeaker,0.4417490065097809,0.47262677550315857,0.5525115132331848,0.7516793608665466
shapenet1341,loudspeaker,0.6172677874565125,0.747968852519989,0.8753054738044739,0.9740561842918396
shapenet1347,loudspeaker,0.16034696996212006,0.19510962069034576,0.31020084023475647,0.5968963503837585
shapenet1349,loudspeaker,0.14542697370052338,0.1973092406988144,0.28517618775367737,0.43958166241645813
shapenet1351,loudspeaker,0.1919204592704773,0.22763092815876007,0.33906659483909607,0.6157676577568054
shapenet1353,loudspeaker,0.22962968051433563,0.2636561393737793,0.3712153434753418,0.6357811689376831
shapenet1354,loudspeaker,0.174346461892128,0.22990183532238007,0.32159411907196045,0.48447075486183167
shapenet1357,loudspeaker,0.3849092423915863,0.4144534766674042,0.46915555000305176,0.6303769946098328
shapenet1358,loudspeaker,0.2397216409444809,0.37854406237602234,0.5102294683456421,0.6247221827507019
shapenet1359,loudspeaker,0.5705511569976807,0.7172686457633972,0.8369715809822083,0.9424996972084045
shapenet1360,loudspeaker,0.25515007972717285,0.3834165334701538,0.5398879051208496,0.6987628936767578
shapenet1361,loudspeaker,0.7306737899780273,0.7877306938171387,0.8331003785133362,0.8876967430114746
shapenet1362,loudspeaker,0.1752897948026657,0.21081918478012085,0.32592448592185974,0.6081114411354065
shapenet1364,loudspeaker,0.1578000783920288,0.21237266063690186,0.33294156193733215,0.5217222571372986
shapenet1369,loudspeaker,0.6317638158798218,0.7513853907585144,0.873114287853241,0.9634233117103577
shapenet1372,loudspeaker,0.009245078079402447,0.048388946801424026,0.12196537107229233,0.25856995582580566
shapenet1375,loudspeaker,0.22895972430706024,0.2614962160587311,0.3665919601917267,0.6254992485046387
shapenet1377,loudspeaker,0.6107953190803528,0.6387926936149597,0.6936268210411072,0.8332875370979309
shapenet1378,loudspeaker,0.35414156317710876,0.4060440957546234,0.4969635307788849,0.7156112790107727
shapenet1380,loudspeaker,0.0407710075378418,0.19593548774719238,0.32214805483818054,0.5036367177963257
shapenet1381,loudspeaker,0.6788123250007629,0.7891953587532043,0.8999221324920654,0.9749104380607605
shapenet1383,loudspeaker,0.06693925708532333,0.09751036018133163,0.15191936492919922,0.2611541450023651
shapenet1386,loudspeaker,0.4571618139743805,0.5167908072471619,0.6232097148895264,0.7447070479393005
shapenet1390,loudspeaker,0.29169538617134094,0.3660951554775238,0.4677256643772125,0.6344761848449707
shapenet1391,loudspeaker,0.12587396800518036,0.17009997367858887,0.23666918277740479,0.3697749078273773
shapenet1392,loudspeaker,0.16210581362247467,0.2187642604112625,0.31943801045417786,0.5431215763092041
shapenet1393,loudspeaker,0.3204882740974426,0.348681777715683,0.4418990910053253,0.6775972247123718
shapenet1394,loudspeaker,0.44520679116249084,0.5385628938674927,0.6053969860076904,0.6892170310020447
shapenet1396,loudspeaker,0.23387600481510162,0.2671254873275757,0.37196096777915955,0.6326475739479065
shapenet1397,loudspeaker,0.4038340151309967,0.4285459518432617,0.5075953602790833,0.7052506804466248
shapenet1401,loudspeaker,0.34372588992118835,0.37384524941444397,0.468095988035202,0.7018969655036926
shapenet1402,loudspeaker,0.6377984285354614,0.6633402109146118,0.7170360088348389,0.8164915442466736
shapenet1404,loudspeaker,0.621120274066925,0.7332344055175781,0.8625450134277344,0.9564173817634583
shapenet1406,loudspeaker,0.23857732117176056,0.27207472920417786,0.3776646852493286,0.6394162774085999
shapenet1411,loudspeaker,0.35824546217918396,0.40758636593818665,0.47614145278930664,0.599169909954071
shapenet1413,loudspeaker,0.06594904512166977,0.11398401111364365,0.23170305788516998,0.5253665447235107
shapenet1418,loudspeaker,0.6614533066749573,0.7671993374824524,0.8896096348762512,0.9702255129814148
shapenet1419,loudspeaker,0.408856064081192,0.524594247341156,0.6271666884422302,0.7465315461158752
shapenet1421,loudspeaker,0.5627962946891785,0.6129265427589417,0.6796903610229492,0.8337098956108093
shapenet1422,loudspeaker,0.2212359458208084,0.25534144043922424,0.3628740608692169,0.6300637722015381
shapenet1423,loudspeaker,0.0852007269859314,0.1355079710483551,0.2557826042175293,0.4498346745967865
shapenet1427,loudspeaker,0.3953123986721039,0.5296796560287476,0.6369439363479614,0.7393243908882141
shapenet1428,loudspeaker,0.6461105942726135,0.7741494178771973,0.8874616622924805,0.9723599553108215
shapenet1429,loudspeaker,0.29535624384880066,0.40282735228538513,0.5399499535560608,0.709384024143219
shapenet1433,loudspeaker,0.5910769701004028,0.7138984799385071,0.8554432988166809,0.9591029286384583
shapenet1435,loudspeaker,0.5721037983894348,0.649982213973999,0.7079938054084778,0.7935428619384766
shapenet1436,loudspeaker,0.2762281000614166,0.30598804354667664,0.4089670181274414,0.657387375831604
shapenet1439,loudspeaker,0.4285537004470825,0.48955777287483215,0.5609850883483887,0.6560255289077759
shapenet1441,loudspeaker,0.2304936796426773,0.26421859860420227,0.37003275752067566,0.6325954794883728
shapenet1445,loudspeaker,0.22477702796459198,0.25824543833732605,0.3660254180431366,0.6308586597442627
shapenet1448,loudspeaker,0.10753228515386581,0.19352440536022186,0.3180941641330719,0.4983992278575897
shapenet1449,loudspeaker,0.15901140868663788,0.239707350730896,0.3319392502307892,0.4790288507938385
shapenet1451,loudspeaker,0.24269793927669525,0.3099898099899292,0.3815139830112457,0.48117193579673767
shapenet1455,loudspeaker,0.2594606578350067,0.3147549331188202,0.4171798527240753,0.6630291938781738
shapenet1460,loudspeaker,0.22802595794200897,0.2946184277534485,0.40487945079803467,0.5617511868476868
shapenet1466,loudspeaker,0.23327159881591797,0.26673975586891174,0.3717452585697174,0.6334711909294128
shapenet1468,loudspeaker,0.6677465438842773,0.787043571472168,0.9083293080329895,0.9827234148979187
shapenet1470,loudspeaker,0.29641005396842957,0.3967151343822479,0.4935493469238281,0.6872756481170654
shapenet1472,loudspeaker,0.24341309070587158,0.2765481770038605,0.37955424189567566,0.63871169090271
shapenet1473,loudspeaker,0.1395421028137207,0.17543552815914154,0.29593753814697266,0.5912261605262756
shapenet1474,loudspeaker,0.604713499546051,0.7414829134941101,0.8711745142936707,0.9635987281799316
shapenet1475,loudspeaker,0.23240865767002106,0.26517453789711,0.336751252412796,0.4420132637023926
shapenet1477,loudspeaker,0.5240603089332581,0.5806026458740234,0.6713881492614746,0.8092729449272156
shapenet1478,loudspeaker,0.21674108505249023,0.24996715784072876,0.3587327003479004,0.6254100799560547
shapenet1479,loudspeaker,0.5941111445426941,0.7300386428833008,0.8404584527015686,0.9451234936714172
shapenet1480,loudspeaker,0.09186699241399765,0.24310092628002167,0.3838702142238617,0.5343712568283081
shapenet1484,loudspeaker,0.1320040225982666,0.18691176176071167,0.3058412969112396,0.5602154731750488
shapenet1486,loudspeaker,0.5444952845573425,0.6132137179374695,0.6840500831604004,0.7898361682891846
shapenet1487,loudspeaker,0.21005743741989136,0.3043879568576813,0.45926156640052795,0.6278031468391418
shapenet1489,loudspeaker,0.05273888632655144,0.08315747231245041,0.1634596586227417,0.3313961327075958
shapenet1491,loudspeaker,0.619611918926239,0.6540688872337341,0.7074437141418457,0.8249706625938416
shapenet1494,loudspeaker,0.18665188550949097,0.3027454614639282,0.4213826358318329,0.6442716717720032
shapenet1495,loudspeaker,0.20137153565883636,0.2492929846048355,0.3570650815963745,0.5183813571929932
shapenet2,sofa,0.2759207487106323,0.3140781819820404,0.3612805902957916,0.44196057319641113
shapenet3,sofa,0.2622874677181244,0.3200991153717041,0.4182887077331543,0.599311351776123
shapenet4,sofa,0.19927875697612762,0.21853744983673096,0.3150244355201721,0.5262698531150818
shapenet5,sofa,0.05247865244746208,0.08515405654907227,0.15153272449970245,0.27288079261779785
shapenet6,sofa,0.11812762171030045,0.14530061185359955,0.23257213830947876,0.4277285635471344
shapenet10,sofa,0.7767017483711243,0.8869984745979309,0.9472355842590332,0.9992237687110901
shapenet11,sofa,0.13953183591365814,0.1688823252916336,0.2755630910396576,0.5134719014167786
shapenet13,sofa,0.31178590655326843,0.32810497283935547,0.4134005308151245,0.590196430683136
shapenet15,sofa,0.5924638509750366,0.7007930278778076,0.7764069437980652,0.842101514339447
shapenet18,sofa,0.2512129247188568,0.4001871347427368,0.5116637349128723,0.6860641837120056
shapenet19,sofa,0.5654749870300293,0.6875929832458496,0.8139944076538086,0.9310244917869568
shapenet20,sofa,0.06339043378829956,0.08917802572250366,0.18790410459041595,0.44249439239501953
shapenet22,sofa,0.2620832026004791,0.34847292304039,0.5248650312423706,0.7458613514900208
shapenet23,sofa,0.3811001777648926,0.4615297317504883,0.5855310559272766,0.750567615032196
shapenet24,sofa,0.31905192136764526,0.38750970363616943,0.47978997230529785,0.5690948963165283
shapenet25,sofa,0.36962974071502686,0.6721532940864563,0.7725765705108643,0.8768725991249084
shapenet26,sofa,0.4859875440597534,0.5424953103065491,0.6128692030906677,0.720055341720581
shapenet28,sofa,0.2500498592853546,0.2681163251399994,0.3638555109500885,0.5670130252838135
shapenet35,sofa,0.715258777141571,0.7378010153770447,0.7719946503639221,0.8616228699684143
shapenet37,sofa,0.6117382049560547,0.7096726894378662,0.7741500735282898,0.83521968126297
shapenet41,sofa,0.4720994532108307,0.7149395942687988,0.8103111386299133,0.8716253638267517
shapenet42,sofa,0.24736414849758148,0.29523804783821106,0.3652273714542389,0.4899475574493408
shapenet46,sofa,0.4065406024456024,0.5010417699813843,0.5763594508171082,0.7258419990539551
shapenet49,sofa,0.31117478013038635,0.3269270956516266,0.41666415333747864,0.6030030846595764
shapenet50,sofa,0.48566293716430664,0.5576540231704712,0.653967559337616,0.7723128199577332
shapenet53,sofa,0.4765961170196533,0.6228488087654114,0.750059187412262,0.8571063876152039
shapenet55,sofa,0.8217947483062744,0.8522021770477295,0.8862605094909668,0.9397542476654053
shapenet57,sofa,0.3337877690792084,0.43418610095977783,0.5808895826339722,0.7425777316093445
shapenet62,sofa,0.67121821641922,0.7982036471366882,0.8767604231834412,0.9421584606170654
shapenet71,sofa,0.22151310741901398,0.24463343620300293,0.33643975853919983,0.5272067189216614
shapenet72,sofa,0.2428378462791443,0.2604803442955017,0.3520931899547577,0.549248218536377
shapenet73,sofa,0.21454817056655884,0.2430046796798706,0.33827677369117737,0.5499793887138367
shapenet74,sofa,0.4677483141422272,0.4889761209487915,0.5587809681892395,0.7255464196205139
shapenet75,sofa,0.2702028751373291,0.2885096073150635,0.3811762034893036,0.5783811211585999
shapenet80,sofa,0.7395141124725342,0.753836452960968,0.7863357067108154,0.8674209117889404
shapenet82,sofa,0.07007783651351929,0.12478607892990112,0.22915492951869965,0.44528424739837646
shapenet83,sofa,0.36644411087036133,0.4601699411869049,0.5475304126739502,0.6311867833137512
shapenet86,sofa,0.10157767683267593,0.14469696581363678,0.2352994829416275,0.4613172113895416
shapenet87,sofa,0.23198039829730988,0.25145405530929565,0.3479154109954834,0.5529682040214539
shapenet90,sofa,0.081243135035038,0.1080642119050026,0.19560420513153076,0.41558119654655457
shapenet91,sofa,0.49087008833885193,0.5992719531059265,0.6929810047149658,0.8067927956581116
shapenet97,sofa,0.6056142449378967,0.6657898426055908,0.727303683757782,0.7983117699623108
shapenet101,sofa,0.13082925975322723,0.19283483922481537,0.2848343551158905,0.4676257371902466
shapenet102,sofa,0.21005849540233612,0.28054389357566833,0.36711859703063965,0.5177668929100037
shapenet103,sofa,0.3526216447353363,0.3688272535800934,0.44647669792175293,0.6096654534339905
shapenet104,sofa,0.23258225619792938,0.25118884444236755,0.3467515707015991,0.5512728691101074
shapenet107,sofa,0.5578623414039612,0.6747045516967773,0.7679121494293213,0.852186918258667
shapenet110,sofa,0.263763964176178,0.28800666332244873,0.38416096568107605,0.5838659405708313
shapenet112,sofa,0.4550946056842804,0.58688884973526,0.6796345114707947,0.7706806659698486
shapenet115,sofa,0.7692831158638,0.8399270176887512,0.900445282459259,0.9540739059448242
shapenet116,sofa,0.5691869258880615,0.6580298542976379,0.7161016464233398,0.7882005572319031
shapenet118,sofa,0.27882376313209534,0.5755102634429932,0.7311049103736877,0.8514593243598938
shapenet119,sofa,0.32655927538871765,0.5845281481742859,0.79093998670578,0.9473235011100769
shapenet120,sofa,0.08159341663122177,0.1284082978963852,0.22533376514911652,0.4620203971862793
shapenet123,sofa,0.4743330478668213,0.49517449736595154,0.5548186302185059,0.712803840637207
shapenet124,sofa,0.6052872538566589,0.6832858920097351,0.7479255795478821,0.8276312947273254
shapenet125,sofa,0.14180733263492584,0.1945876032114029,0.297140508890152,0.4322202205657959
shapenet126,sofa,0.08516061305999756,0.11737557500600815,0.23047590255737305,0.49226608872413635
shapenet128,sofa,0.29190927743911743,0.32342490553855896,0.40121519565582275,0.5976170897483826
shapenet129,sofa,0.05583091452717781,0.08862266689538956,0.20366285741329193,0.4675559103488922
shapenet133,sofa,0.20352418720722198,0.23347489535808563,0.3322978913784027,0.5493386387825012
shapenet134,sofa,0.609677255153656,0.6690853238105774,0.7068026661872864,0.7494893670082092
shapenet136,sofa,0.5172109603881836,0.5888590812683105,0.6571751236915588,0.7421646118164062
shapenet142,sofa,0.07409236580133438,0.12460777908563614,0.21942420303821564,0.4535643756389618
shapenet144,sofa,0.2764907777309418,0.41225799918174744,0.5281851887702942,0.6300758123397827
shapenet148,sofa,0.5558279156684875,0.5984316468238831,0.6614790558815002,0.7658093571662903
shapenet151,sofa,0.41824349761009216,0.47206011414527893,0.5372660756111145,0.6357638239860535
shapenet152,sofa,0.5566574335098267,0.6383782625198364,0.6985374093055725,0.7666624188423157
shapenet153,sofa,0.5947372913360596,0.7250635623931885,0.8005875945091248,0.8636200428009033
shapenet154,sofa,0.5950561165809631,0.6834004521369934,0.7486118674278259,0.8067556023597717
shapenet156,sofa,0.3203381597995758,0.3378438651561737,0.42190074920654297,0.5977606773376465
shapenet157,sofa,0.5246942639350891,0.6483417749404907,0.713585376739502,0.769845724105835
shapenet160,sofa,0.563600480556488,0.6855335235595703,0.7769384384155273,0.8626391291618347
shapenet161,sofa,0.7590190768241882,0.7773923277854919,0.8090667724609375,0.8854156136512756
shapenet162,sofa,0.288959801197052,0.40021395683288574,0.47601357102394104,0.5443390607833862
shapenet163,sofa,0.2112017422914505,0.23161013424396515,0.33162251114845276,0.5437216758728027
shapenet164,sofa,0.252083957195282,0.2702963650226593,0.36352935433387756,0.5628299713134766
shapenet165,sofa,0.5805885195732117,0.6657070517539978,0.7390649914741516,0.8191421627998352
shapenet167,sofa,0.09914282709360123,0.17643104493618011,0.2713969051837921,0.4805624485015869
shapenet169,sofa,0.596663236618042,0.6181110739707947,0.6669737696647644,0.7888408303260803
shapenet171,sofa,0.5995616912841797,0.6792343258857727,0.7462078928947449,0.8165650367736816
shapenet172,sofa,0.2865946888923645,0.30528461933135986,0.3929898738861084,0.5780890583992004
shapenet176,sofa,0.4141370952129364,0.5071211457252502,0.5859044194221497,0.7318859100341797
shapenet178,sofa,0.5771819949150085,0.6121334433555603,0.6607580780982971,0.7469252943992615
shapenet179,sofa,0.5181214213371277,0.5803832411766052,0.655147135257721,0.7497561573982239
shapenet184,sofa,0.3793335258960724,0.4462522566318512,0.5265421271324158,0.6946420073509216
shapenet185,sofa,0.033228516578674316,0.05247511342167854,0.08080417662858963,0.13305269181728363
shapenet186,sofa,0.3766886293888092,0.4712670147418976,0.5985999703407288,0.8248698711395264
shapenet191,sofa,0.4099997580051422,0.4313315451145172,0.507021963596344,0.6625298857688904
shapenet192,sofa,0.2484198808670044,0.4938908815383911,0.6370108127593994,0.7686471939086914
shapenet193,sofa,0.6468023657798767,0.6978939175605774,0.7734020352363586,0.8804874420166016
shapenet194,sofa,0.6252709031105042,0.7825681567192078,0.8639606833457947,0.9175644516944885
shapenet196,sofa,0.5767025351524353,0.6652991771697998,0.7328073978424072,0.791109025478363
shapenet197,sofa,0.1554788202047348,0.2384043186903,0.3271557688713074,0.5205188393592834
shapenet199,sofa,0.22204995155334473,0.24825060367584229,0.34440088272094727,0.5456919074058533
shapenet200,sofa,0.517927348613739,0.5440204739570618,0.5982279777526855,0.7344942688941956
shapenet203,sofa,0.44979405403137207,0.47514238953590393,0.5465317368507385,0.6825948357582092
shapenet204,sofa,0.4632946252822876,0.6092379689216614,0.7050302624702454,0.8205742835998535
shapenet210,sofa,0.721525251865387,0.8047091960906982,0.8606393337249756,0.9171373844146729
shapenet211,sofa,0.5456724166870117,0.660258412361145,0.7582356333732605,0.8471119403839111
shapenet213,sofa,0.5898668766021729,0.6102636456489563,0.6620648503303528,0.7900721430778503
shapenet214,sofa,0.4959694445133209,0.5521056652069092,0.6193942427635193,0.7252523899078369
shapenet215,sofa,0.5304301977157593,0.5817409753799438,0.7160057425498962,0.863796055316925
shapenet216,sofa,0.16050635278224945,0.18363362550735474,0.28136149048805237,0.5028552412986755
shapenet220,sofa,0.5325137376785278,0.5780625939369202,0.65071702003479,0.7491436004638672
shapenet226,sofa,0.0643405094742775,0.09996706992387772,0.15672926604747772,0.2524612247943878
shapenet227,sofa,0.03745941445231438,0.07159721106290817,0.1866399496793747,0.4563845694065094
shapenet228,sofa,0.5646302700042725,0.5895466804504395,0.6412445902824402,0.7728311419487
shapenet230,sofa,0.3098795711994171,0.3452848494052887,0.40768930315971375,0.564567506313324
shapenet231,sofa,0.33628639578819275,0.41085243225097656,0.49388960003852844,0.5915269255638123
shapenet232,sofa,0.6626821160316467,0.7092718482017517,0.7683141231536865,0.8600704073905945
shapenet233,sofa,0.5621869564056396,0.6559939384460449,0.75160813331604,0.8379819989204407
shapenet236,sofa,0.5905652642250061,0.6726139187812805,0.8135695457458496,0.9254074692726135
shapenet237,sofa,0.39708614349365234,0.416959285736084,0.4936272203922272,0.6553164124488831
shapenet239,sofa,0.2788935899734497,0.3141188323497772,0.40448758006095886,0.5938045978546143
shapenet240,sofa,0.6211633086204529,0.6360788941383362,0.6792235374450684,0.7963733673095703
shapenet241,sofa,0.3634309470653534,0.4580916464328766,0.5564989447593689,0.6870245337486267
shapenet242,sofa,0.1217278465628624,0.21894629299640656,0.3321898877620697,0.4838305413722992
shapenet243,sofa,0.45316997170448303,0.5196858048439026,0.5798487067222595,0.6947525143623352
shapenet244,sofa,0.3419836461544037,0.35647955536842346,0.43722590804100037,0.6030493378639221
shapenet248,sofa,0.15873460471630096,0.19308795034885406,0.28479239344596863,0.4873162508010864
shapenet249,sofa,0.6813230514526367,0.8234780430793762,0.8965964317321777,0.9496359825134277
shapenet250,sofa,0.5812797546386719,0.6527445912361145,0.7127902507781982,0.7830438613891602
shapenet252,sofa,0.3784388303756714,0.5554738640785217,0.6772448420524597,0.7845190167427063
shapenet255,sofa,0.4269242286682129,0.5015769004821777,0.6015105247497559,0.7181196212768555
shapenet257,sofa,0.20456869900226593,0.23088867962360382,0.32482028007507324,0.5330522060394287
shapenet260,sofa,0.2616635859012604,0.42446208000183105,0.5720714926719666,0.7720801830291748
shapenet262,sofa,0.524783730506897,0.6267758011817932,0.7444594502449036,0.8912933468818665
shapenet264,sofa,0.2878081500530243,0.3085763156414032,0.3965686857700348,0.579274594783783
shapenet265,sofa,0.7069517970085144,0.8219963908195496,0.8822037577629089,0.9418735504150391
shapenet266,sofa,0.4763318598270416,0.6261158585548401,0.7236543297767639,0.8122082352638245
shapenet268,sofa,0.20722800493240356,0.5423327088356018,0.7165322303771973,0.8649761080741882
shapenet269,sofa,0.23474650084972382,0.25828757882118225,0.33464285731315613,0.5418745875358582
shapenet271,sofa,0.45889773964881897,0.5871577858924866,0.6842608451843262,0.8189046382904053
shapenet275,sofa,0.2849065661430359,0.3018040657043457,0.3895954191684723,0.574996292591095
shapenet276,sofa,0.6781288981437683,0.7750028967857361,0.8557814955711365,0.9156289100646973
shapenet278,sofa,0.4929903447628021,0.511174201965332,0.574826717376709,0.7042689919471741
shapenet280,sofa,0.0802878737449646,0.14069713652133942,0.22644229233264923,0.44211509823799133
shapenet281,sofa,0.2926117181777954,0.31183668971061707,0.39882126450538635,0.5819020867347717
shapenet282,sofa,0.19306643307209015,0.2911480963230133,0.385719895362854,0.5707621574401855
shapenet284,sofa,0.13421094417572021,0.2009691596031189,0.30483278632164,0.4516390860080719
shapenet285,sofa,0.5590165257453918,0.6272655725479126,0.7003633379936218,0.7724047303199768
shapenet288,sofa,0.25321000814437866,0.30020424723625183,0.3834698498249054,0.5387499928474426
shapenet289,sofa,0.18459375202655792,0.45574426651000977,0.670627772808075,0.8825990557670593
shapenet293,sofa,0.3517771065235138,0.3794057071208954,0.4547517001628876,0.605812132358551
shapenet294,sofa,0.35546359419822693,0.37802544236183167,0.4617668092250824,0.6306112408638
shapenet295,sofa,0.2420935034751892,0.26123329997062683,0.3545224666595459,0.5567057728767395
shapenet299,sofa,0.7098569273948669,0.8165686726570129,0.8989844918251038,0.9712467193603516
shapenet300,sofa,0.7862536311149597,0.8221747279167175,0.8505945801734924,0.9132923483848572
shapenet302,sofa,0.5927684903144836,0.6544382572174072,0.7173241972923279,0.7939367294311523
shapenet303,sofa,0.6793671250343323,0.711021363735199,0.7549374103546143,0.8117040991783142
shapenet304,sofa,0.4676624834537506,0.5689854025840759,0.6376137733459473,0.780261218547821
shapenet305,sofa,0.6673513054847717,0.8077912330627441,0.8793468475341797,0.9333643913269043
shapenet306,sofa,0.4297701418399811,0.5688624382019043,0.6410877704620361,0.7423431873321533
shapenet307,sofa,0.16492557525634766,0.1914135366678238,0.2963167130947113,0.5402460694313049
shapenet308,sofa,0.2538043260574341,0.27337148785591125,0.3665325343608856,0.5672576427459717
shapenet310,sofa,0.07302113622426987,0.15471738576889038,0.24385862052440643,0.4584827423095703
shapenet311,sofa,0.07126865535974503,0.1776321679353714,0.2587997019290924,0.3605891764163971
shapenet321,sofa,0.11626312881708145,0.14431551098823547,0.23151803016662598,0.40985560417175293
shapenet323,sofa,0.22492046654224396,0.24631214141845703,0.3434792459011078,0.5517302751541138
shapenet328,sofa,0.2878076136112213,0.32722529768943787,0.410646915435791,0.5812063217163086
shapenet330,sofa,0.15814219415187836,0.1851239949464798,0.2926889955997467,0.5293393731117249
shapenet332,sofa,0.18758679926395416,0.21076996624469757,0.3113177716732025,0.5330399870872498
shapenet333,sofa,0.7580987811088562,0.7862717509269714,0.8167648911476135,0.8895578384399414
shapenet335,sofa,0.3482162058353424,0.38046136498451233,0.4496211111545563,0.5952840447425842
shapenet337,sofa,0.7077338695526123,0.8739075660705566,0.9484534859657288,1.0047193765640259
shapenet345,sofa,0.10861846059560776,0.1437615305185318,0.24171000719070435,0.4582139551639557
shapenet346,sofa,0.8590748906135559,0.8923891186714172,0.9212567210197449,0.9645869135856628
shapenet347,sofa,0.4206981360912323,0.44145187735557556,0.5239573121070862,0.6737379431724548
shapenet348,sofa,0.2225751429796219,0.30106499791145325,0.3814171552658081,0.5563472509384155
shapenet350,sofa,0.21609218418598175,0.27642399072647095,0.32673379778862,0.3904907703399658
shapenet351,sofa,0.6870079040527344,0.698383092880249,0.7351663708686829,0.8341803550720215
shapenet352,sofa,0.5864918231964111,0.6120651364326477,0.6683347821235657,0.7452767491340637
shapenet355,sofa,0.385674387216568,0.5302780270576477,0.6131312847137451,0.6885035634040833
shapenet356,sofa,0.37721267342567444,0.4153852164745331,0.4941781461238861,0.6385517716407776
shapenet358,sofa,0.3535187244415283,0.37544551491737366,0.46091464161872864,0.6331657767295837
shapenet359,sofa,0.2698494493961334,0.2957257926464081,0.3905090391635895,0.6093416810035706
shapenet361,sofa,0.505316972732544,0.6934285759925842,0.775286853313446,0.8831848502159119
shapenet363,sofa,0.5195551514625549,0.5758673548698425,0.6386619210243225,0.730682373046875
shapenet366,sofa,0.504199206829071,0.5755257606506348,0.6908667683601379,0.7933754324913025
shapenet368,sofa,0.04016347602009773,0.0696641132235527,0.15146513283252716,0.2872559726238251
shapenet370,sofa,0.660365104675293,0.7084502577781677,0.7576835751533508,0.839533805847168
shapenet372,sofa,0.3230891823768616,0.5431627631187439,0.6377485394477844,0.7876332402229309
shapenet374,sofa,0.20705990493297577,0.2313951700925827,0.3351691961288452,0.5583997368812561
shapenet375,sofa,0.5582435727119446,0.6404970288276672,0.7091314196586609,0.7814774513244629
shapenet376,sofa,0.5808961987495422,0.7123045921325684,0.7969446182250977,0.8663177490234375
shapenet377,sofa,0.5839061141014099,0.6713657975196838,0.735347330570221,0.8046713471412659
shapenet378,sofa,0.23455370962619781,0.25427311658859253,0.34968113899230957,0.5549629330635071
shapenet379,sofa,0.35110363364219666,0.5204248428344727,0.676295280456543,0.8790573477745056
shapenet380,sofa,0.6549763679504395,0.6667521595954895,0.7065603137016296,0.8145084381103516
shapenet385,sofa,0.1564834713935852,0.18570752441883087,0.28855249285697937,0.5228504538536072
shapenet387,sofa,0.49318861961364746,0.5243818759918213,0.5884926915168762,0.7128610610961914
shapenet388,sofa,0.4732345640659332,0.5249643921852112,0.6275503039360046,0.7587659955024719
shapenet389,sofa,0.4213721454143524,0.5270769000053406,0.637698769569397,0.744167149066925
shapenet392,sofa,0.46998515725135803,0.5110452771186829,0.568082332611084,0.6877433657646179
shapenet393,sofa,0.2935992181301117,0.31292763352394104,0.39958181977272034,0.5832270979881287
shapenet397,sofa,0.7834911942481995,0.8495965003967285,0.9271981716156006,0.9919000267982483
shapenet400,sofa,0.5606820583343506,0.590265691280365,0.651265561580658,0.7678411602973938
shapenet405,sofa,0.56390380859375,0.6611872315406799,0.7259514927864075,0.789755642414093
shapenet410,sofa,0.24361149966716766,0.29979822039604187,0.3813082277774811,0.5820980668067932
shapenet411,sofa,0.30198904871940613,0.42996856570243835,0.5357146263122559,0.6892253756523132
shapenet412,sofa,0.6011254191398621,0.6746582984924316,0.7402011752128601,0.809535026550293
shapenet413,sofa,0.44391748309135437,0.6386511921882629,0.7353780269622803,0.8219494223594666
shapenet415,sofa,0.5070628523826599,0.5294213891029358,0.5940966010093689,0.7008820176124573
shapenet418,sofa,0.3007824420928955,0.3295518457889557,0.4093681275844574,0.6101041436195374
shapenet420,sofa,0.898732602596283,0.9245670437812805,0.9551675319671631,0.9919190406799316
shapenet422,sofa,0.20843982696533203,0.2372279316186905,0.3374534547328949,0.5521009564399719
shapenet423,sofa,0.02942492626607418,0.19133992493152618,0.26435598731040955,0.3769672214984894
shapenet424,sofa,0.44884300231933594,0.6340426802635193,0.7476329803466797,0.8273321986198425
shapenet429,sofa,0.2887606918811798,0.31289494037628174,0.4000091552734375,0.5901190638542175
shapenet431,sofa,0.5831685662269592,0.7046416401863098,0.7508716583251953,0.8081536293029785
shapenet432,sofa,0.5798023343086243,0.6605847477912903,0.7158477902412415,0.7798044085502625
shapenet439,sofa,0.5082465410232544,0.5676952004432678,0.625836193561554,0.721713125705719
shapenet440,sofa,0.09333807229995728,0.15362754464149475,0.2300594002008438,0.35975348949432373
shapenet443,sofa,0.5364003777503967,0.6167269945144653,0.6880025863647461,0.7937756180763245
shapenet444,sofa,0.8572700619697571,0.8954164385795593,0.9257464408874512,0.9696490168571472
shapenet447,sofa,0.8009822368621826,0.8169098496437073,0.8562065958976746,0.9219641089439392
shapenet449,sofa,0.19854380190372467,0.2201235294342041,0.3200433552265167,0.5358346700668335
shapenet450,sofa,0.6405258178710938,0.6879034638404846,0.7461857795715332,0.807516872882843
shapenet453,sofa,0.34291020035743713,0.38181331753730774,0.4688303470611572,0.6682267189025879
shapenet455,sofa,0.2579158842563629,0.284375935792923,0.37274643778800964,0.5732598304748535
shapenet458,sofa,0.5353441834449768,0.6247125267982483,0.6865432858467102,0.7580450177192688
shapenet459,sofa,0.25406959652900696,0.2754419147968292,0.3731381893157959,0.5786030292510986
shapenet461,sofa,0.5580307245254517,0.6265835165977478,0.6874942779541016,0.7642200589179993
shapenet462,sofa,0.05143801495432854,0.07138093560934067,0.10853935033082962,0.1676967740058899
shapenet464,sofa,0.10061367601156235,0.19364114105701447,0.29193565249443054,0.4557764232158661
shapenet469,sofa,0.41382133960723877,0.5522539019584656,0.6439077258110046,0.7250049710273743
shapenet471,sofa,0.23766757547855377,0.2555171847343445,0.347907692193985,0.5466137528419495
shapenet473,sofa,0.23935294151306152,0.2578856647014618,0.3511430323123932,0.5507400631904602
shapenet474,sofa,0.47623446583747864,0.5381951928138733,0.6049848794937134,0.7394779324531555
shapenet476,sofa,0.20564259588718414,0.22797547280788422,0.32643961906433105,0.540494441986084
shapenet477,sofa,0.6364871263504028,0.7102112770080566,0.7765037417411804,0.8453607559204102
shapenet478,sofa,0.5658769011497498,0.6370642185211182,0.6963143348693848,0.8100366592407227
shapenet480,sofa,0.17190729081630707,0.22347740828990936,0.3253312408924103,0.5424779057502747
shapenet482,sofa,0.3666181266307831,0.547696053981781,0.6926361918449402,0.8711881637573242
shapenet484,sofa,0.21047045290470123,0.2315874695777893,0.32856449484825134,0.5405599474906921
shapenet486,sofa,0.8063938021659851,0.8769980072975159,0.9212272763252258,0.9754393696784973
shapenet488,sofa,0.6065111756324768,0.6862718462944031,0.7461424469947815,0.8273925185203552
shapenet490,sofa,0.6708469986915588,0.8033590912818909,0.8727121353149414,0.9285069108009338
shapenet496,sofa,0.5692115426063538,0.6242437958717346,0.6811375617980957,0.7677996158599854
shapenet497,sofa,0.6369182467460632,0.7618702054023743,0.840238094329834,0.8993527293205261
shapenet498,sofa,0.4799555838108063,0.513146698474884,0.5784918665885925,0.661052942276001
shapenet501,sofa,0.22818060219287872,0.25165924429893494,0.34793806076049805,0.5567319989204407
shapenet504,sofa,0.23848992586135864,0.2584408223628998,0.35025879740715027,0.5527763962745667
shapenet505,sofa,0.6828403472900391,0.8211572766304016,0.871431827545166,0.9269965291023254
shapenet506,sofa,0.04543014243245125,0.06380396336317062,0.10373514890670776,0.17953388392925262
shapenet507,sofa,0.2720928192138672,0.2902064621448517,0.37607839703559875,0.5611135363578796
shapenet509,sofa,0.016354361549019814,0.08596506714820862,0.12921544909477234,0.1912386268377304
shapenet510,sofa,0.4194079339504242,0.44202280044555664,0.510400116443634,0.683946430683136
shapenet513,sofa,0.44490858912467957,0.4670657813549042,0.529829204082489,0.6931418776512146
shapenet514,sofa,0.0917975902557373,0.13670752942562103,0.19560833275318146,0.305044025182724
shapenet515,sofa,0.3240335285663605,0.35792163014411926,0.41961440443992615,0.5198511481285095
shapenet516,sofa,0.4789864718914032,0.5412781238555908,0.5831319093704224,0.6660342812538147
shapenet518,sofa,0.35317420959472656,0.6823747754096985,0.8331947922706604,0.932338535785675
shapenet520,sofa,0.2855564057826996,0.3077718913555145,0.3957597315311432,0.5725387930870056
shapenet521,sofa,0.580449640750885,0.647101640701294,0.7063727974891663,0.7815292477607727
shapenet523,sofa,0.2455698847770691,0.262215256690979,0.35299429297447205,0.5470160245895386
shapenet526,sofa,0.633918821811676,0.69598388671875,0.77543044090271,0.876611053943634
shapenet527,sofa,0.1121416911482811,0.15003792941570282,0.2358977198600769,0.4028826951980591
shapenet529,sofa,0.48984822630882263,0.5310572981834412,0.6022059321403503,0.7573155760765076
shapenet534,sofa,0.06776535511016846,0.089837945997715,0.18372607231140137,0.413510799407959
shapenet535,sofa,0.2699582874774933,0.4643436670303345,0.5671823620796204,0.7595972418785095
shapenet537,sofa,0.5268883109092712,0.591795027256012,0.6588996052742004,0.7425405383110046
shapenet541,sofa,0.6811072826385498,0.7492964863777161,0.815737247467041,0.8740676045417786
shapenet544,sofa,0.24490845203399658,0.2994350492954254,0.34954583644866943,0.41612377762794495
shapenet546,sofa,0.1433994323015213,0.17342598736286163,0.2808510959148407,0.5195083022117615
shapenet547,sofa,0.22087979316711426,0.2505964934825897,0.29098591208457947,0.3481985628604889
shapenet548,sofa,0.5744689106941223,0.6507216095924377,0.7142283916473389,0.7776319980621338
shapenet550,sofa,0.8262332081794739,0.8647232055664062,0.8920180797576904,0.9452834129333496
shapenet554,sofa,0.2491261214017868,0.2681752145290375,0.3606224060058594,0.5610381960868835
shapenet555,sofa,0.21669256687164307,0.2435498982667923,0.3383626937866211,0.553711473941803
shapenet567,sofa,0.11218854039907455,0.1333896964788437,0.16430939733982086,0.2253296822309494
shapenet569,sofa,0.45031461119651794,0.6655891537666321,0.7650465369224548,0.852515697479248
shapenet572,sofa,0.6141892075538635,0.6346476674079895,0.684354305267334,0.8027328848838806
shapenet574,sofa,0.2200404405593872,0.24084238708019257,0.33725324273109436,0.546373188495636
shapenet577,sofa,0.5775101780891418,0.6122528314590454,0.6626613736152649,0.745004415512085
shapenet580,sofa,0.39732933044433594,0.6420730948448181,0.7285394072532654,0.8440329432487488
shapenet584,sofa,0.09008443355560303,0.15735195577144623,0.251219242811203,0.4606482684612274
shapenet586,sofa,0.08943593502044678,0.15901343524456024,0.25452151894569397,0.46716418862342834
shapenet590,sofa,0.2222929745912552,0.2476658821105957,0.3474346101284027,0.5599274039268494
shapenet591,sofa,0.1665283590555191,0.2408580332994461,0.33575761318206787,0.4835531413555145
shapenet592,sofa,0.4040488302707672,0.6831044554710388,0.7806117534637451,0.8824028372764587
shapenet593,sofa,0.704703152179718,0.7882204055786133,0.8580252528190613,0.9119600653648376
shapenet597,sofa,0.25003287196159363,0.2690413296222687,0.3621262013912201,0.5618987679481506
shapenet598,sofa,0.22635702788829803,0.24630923569202423,0.3426643908023834,0.5464323163032532
shapenet599,sofa,0.5291164517402649,0.7182869911193848,0.8098953366279602,0.8706116676330566
shapenet600,sofa,0.3112455904483795,0.3279033601284027,0.41120901703834534,0.5887405872344971
shapenet604,sofa,0.6705486178398132,0.7293751835823059,0.7852108478546143,0.8458011746406555
shapenet605,sofa,0.20057809352874756,0.22821660339832306,0.32833367586135864,0.5461598038673401
shapenet608,sofa,0.5313209891319275,0.6706666946411133,0.7728654742240906,0.887313187122345
shapenet609,sofa,0.25428515672683716,0.2730785310268402,0.3674877882003784,0.5693732500076294
shapenet612,sofa,0.25477859377861023,0.273240327835083,0.37196168303489685,0.5773305892944336
shapenet616,sofa,0.381148099899292,0.6271911859512329,0.805350124835968,0.9546475410461426
shapenet617,sofa,0.6015103459358215,0.6576516032218933,0.7171473503112793,0.778472363948822
shapenet619,sofa,0.07816580682992935,0.11464136838912964,0.17343948781490326,0.2645607888698578
shapenet620,sofa,0.33558329939842224,0.38622644543647766,0.4264484941959381,0.4796659052371979
shapenet622,sofa,0.07064703851938248,0.10269305109977722,0.21668536961078644,0.476086288690567
shapenet623,sofa,0.6263213157653809,0.6850106716156006,0.7412696480751038,0.8048129677772522
shapenet628,sofa,0.04912100359797478,0.06453627347946167,0.10079333931207657,0.1596897840499878
shapenet629,sofa,0.3771248757839203,0.3994816541671753,0.48190560936927795,0.644183337688446
shapenet633,sofa,0.13624359667301178,0.19581927359104156,0.28138574957847595,0.4787806570529938
shapenet635,sofa,0.06880607455968857,0.13759344816207886,0.22534121572971344,0.44162502884864807
shapenet636,sofa,0.739613950252533,0.7717242240905762,0.8040850758552551,0.8828582763671875
shapenet638,sofa,0.48565924167633057,0.6457474827766418,0.7357891201972961,0.8106582760810852
shapenet639,sofa,0.23645281791687012,0.27122732996940613,0.3496077358722687,0.5537554621696472
shapenet640,sofa,0.12269576638936996,0.14606289565563202,0.23249363899230957,0.44677969813346863
shapenet644,sofa,0.78872150182724,0.8761472702026367,0.936180591583252,0.9885911345481873
shapenet646,sofa,0.4564337730407715,0.5618501305580139,0.6643879413604736,0.7908579707145691
shapenet652,sofa,0.24175520241260529,0.26066532731056213,0.35170114040374756,0.5510614514350891
shapenet653,sofa,0.3958101272583008,0.5015668272972107,0.591666042804718,0.7029595375061035
shapenet656,sofa,0.2816397249698639,0.36163297295570374,0.4626805782318115,0.6386533975601196
shapenet658,sofa,0.26640042662620544,0.28333255648612976,0.3754897117614746,0.5676926970481873
shapenet662,sofa,0.45487236976623535,0.47613611817359924,0.5384905338287354,0.7019471526145935
shapenet664,sofa,0.5162799954414368,0.6312052011489868,0.7361981868743896,0.8361919522285461
shapenet665,sofa,0.1982380747795105,0.21945448219776154,0.31935742497444153,0.531948983669281
shapenet666,sofa,0.32712915539741516,0.4892050325870514,0.6075915694236755,0.7564868927001953
shapenet667,sofa,0.09888303279876709,0.17332150042057037,0.28933200240135193,0.47822120785713196
shapenet677,sofa,0.48798003792762756,0.6437708735466003,0.7589718699455261,0.8574088215827942
shapenet678,sofa,0.2778623402118683,0.3005800247192383,0.38910236954689026,0.5765321850776672
shapenet679,sofa,0.36740532517433167,0.43092092871665955,0.5573720335960388,0.7387101650238037
shapenet682,sofa,0.25747808814048767,0.28031501173973083,0.3680577278137207,0.5492144227027893
shapenet683,sofa,0.5278606414794922,0.5472585558891296,0.614098846912384,0.7637951970100403
shapenet686,sofa,0.20847411453723907,0.26606252789497375,0.4066876173019409,0.6384631991386414
shapenet687,sofa,0.2407185435295105,0.3139623999595642,0.387676864862442,0.46955764293670654
shapenet690,sofa,0.7607645392417908,0.7951620221138,0.8302180767059326,0.8998940587043762
shapenet691,sofa,0.07946455478668213,0.10027098655700684,0.19862236082553864,0.44822004437446594
shapenet692,sofa,0.766258955001831,0.8343453407287598,0.8839547038078308,0.941753089427948
shapenet693,sofa,0.43361517786979675,0.5455753803253174,0.6563987731933594,0.8146392703056335
shapenet697,sofa,0.4471324384212494,0.6391851305961609,0.7118034958839417,0.8322181701660156
shapenet699,sofa,0.6238401532173157,0.6930482983589172,0.752558171749115,0.827509343624115
shapenet702,sofa,0.11534509807825089,0.17288582026958466,0.2678185999393463,0.4902840852737427
shapenet703,sofa,0.6476105451583862,0.7791528701782227,0.8621426224708557,0.9280543327331543
shapenet708,sofa,0.07042648643255234,0.09653213620185852,0.1853223294019699,0.4144308865070343
shapenet711,sofa,0.41887366771698,0.4581657946109772,0.5354524254798889,0.6766144633293152
shapenet714,sofa,0.14843375980854034,0.21739093959331512,0.30971696972846985,0.4911278784275055
shapenet715,sofa,0.24700431525707245,0.2793693244457245,0.37007108330726624,0.5638062953948975
shapenet718,sofa,0.44339480996131897,0.517597496509552,0.6250108480453491,0.7607824206352234
shapenet719,sofa,0.5664536356925964,0.6592794060707092,0.751203715801239,0.8458340764045715
shapenet722,sofa,0.03883804753422737,0.10735902190208435,0.16852883994579315,0.2587936222553253
shapenet724,sofa,0.5009832382202148,0.5942270159721375,0.6716377139091492,0.7483713626861572
shapenet725,sofa,0.43439093232154846,0.4704833924770355,0.5145111680030823,0.5961475968360901
shapenet732,sofa,0.10843902826309204,0.13898609578609467,0.25062012672424316,0.507943868637085
shapenet734,sofa,0.7467911243438721,0.7609886527061462,0.793036937713623,0.8726069331169128
shapenet736,sofa,0.2325131893157959,0.2526589632034302,0.3479260504245758,0.5531649589538574
shapenet739,sofa,0.24028313159942627,0.2599029242992401,0.35380426049232483,0.5592216849327087
shapenet740,sofa,0.5174663662910461,0.5986813902854919,0.691817581653595,0.8318285942077637
shapenet743,sofa,0.502927839756012,0.555839478969574,0.6175130009651184,0.7333230972290039
shapenet744,sofa,0.616019070148468,0.6773223280906677,0.775623619556427,0.8861669898033142
shapenet749,sofa,0.6217027306556702,0.7645735740661621,0.8368597030639648,0.8849219679832458
shapenet751,sofa,0.557357132434845,0.6212682723999023,0.6924508213996887,0.8028880953788757
shapenet757,sofa,0.8196191787719727,0.8623995780944824,0.8885647654533386,0.9400710463523865
shapenet759,sofa,0.4660703241825104,0.760086715221405,0.8678260445594788,0.9491667747497559
shapenet760,sofa,0.7231919169425964,0.7460117936134338,0.779869556427002,0.8656511306762695
shapenet761,sofa,0.5096604228019714,0.5393843054771423,0.6097118258476257,0.6931614875793457
shapenet762,sofa,0.11650007963180542,0.16153697669506073,0.2411264032125473,0.4655599594116211
shapenet766,sofa,0.3925406038761139,0.4384743273258209,0.5017285346984863,0.6491284370422363
shapenet770,sofa,0.15463393926620483,0.17891955375671387,0.28331631422042847,0.5143116116523743
shapenet771,sofa,0.2155107855796814,0.23635701835155487,0.33314529061317444,0.5405693650245667
shapenet772,sofa,0.14344008266925812,0.1726125329732895,0.2657097280025482,0.49852263927459717
shapenet773,sofa,0.5246358513832092,0.6101624369621277,0.680287778377533,0.7803187370300293
shapenet774,sofa,0.46830296516418457,0.5525704026222229,0.6504161357879639,0.775104820728302
shapenet775,sofa,0.684963047504425,0.7428105473518372,0.7928856015205383,0.848044216632843
shapenet782,sofa,0.36801257729530334,0.47551965713500977,0.5573654770851135,0.7277825474739075
shapenet790,sofa,0.24226142466068268,0.27982500195503235,0.36606070399284363,0.523249089717865
shapenet791,sofa,0.21848009526729584,0.2406199425458908,0.3388707935810089,0.552523136138916
shapenet796,sofa,0.5135295987129211,0.5907341837882996,0.6491991877555847,0.7046180367469788
shapenet797,sofa,0.06115104630589485,0.09033918380737305,0.13542340695858002,0.20429527759552002
shapenet798,sofa,0.5313186645507812,0.6452621817588806,0.7126235365867615,0.8127610683441162
shapenet799,sofa,0.6061458587646484,0.6568296551704407,0.7324621081352234,0.8140194416046143
shapenet800,sofa,0.16148144006729126,0.1852272003889084,0.28496307134628296,0.5065587162971497
shapenet801,sofa,0.22352761030197144,0.3082965314388275,0.41237959265708923,0.5583762526512146
shapenet804,sofa,0.37341538071632385,0.3961283266544342,0.4749785363674164,0.6368869543075562
shapenet805,sofa,0.5529971718788147,0.6870657801628113,0.7710286974906921,0.8358125686645508
shapenet808,sofa,0.19899260997772217,0.22775334119796753,0.329796701669693,0.5649075508117676
shapenet811,sofa,0.303054541349411,0.3347984254360199,0.41455575823783875,0.5721177458763123
shapenet812,sofa,0.6639699935913086,0.7305148243904114,0.8323133587837219,0.9253497123718262
shapenet813,sofa,0.6072238683700562,0.6806325912475586,0.7380338311195374,0.8142672181129456
shapenet814,sofa,0.5504488348960876,0.6613430380821228,0.7509981989860535,0.8292166590690613
shapenet816,sofa,0.3504704236984253,0.4265960156917572,0.5404111742973328,0.6574327945709229
shapenet817,sofa,0.3209858238697052,0.41501426696777344,0.5225932598114014,0.6280356645584106
shapenet818,sofa,0.5851051807403564,0.6626316905021667,0.7235726714134216,0.7869458198547363
shapenet820,sofa,0.2701376974582672,0.4078034460544586,0.6031385064125061,0.8469686508178711
shapenet825,sofa,0.7227957844734192,0.8365602493286133,0.9474285244941711,1.0307360887527466
shapenet826,sofa,0.6745293736457825,0.8640697598457336,0.9527613520622253,1.0054998397827148
shapenet827,sofa,0.1454535871744156,0.17151778936386108,0.27199453115463257,0.4974324703216553
shapenet831,sofa,0.23361623287200928,0.30230751633644104,0.3966312110424042,0.5854595899581909
shapenet832,sofa,0.08097227662801743,0.12153088301420212,0.21346235275268555,0.4392406940460205
shapenet833,sofa,0.3701690137386322,0.39279040694236755,0.4732264578342438,0.6331372857093811
shapenet835,sofa,0.3042044937610626,0.32527637481689453,0.4106541872024536,0.5863960385322571
shapenet837,sofa,0.5600488185882568,0.6010667681694031,0.6779639720916748,0.7507839202880859
shapenet840,sofa,0.38214221596717834,0.4557478427886963,0.5697028636932373,0.7069265246391296
shapenet845,sofa,0.16170983016490936,0.23270349204540253,0.3109038174152374,0.4066980183124542
shapenet846,sofa,0.4401226043701172,0.5297130942344666,0.6015612483024597,0.7539730072021484
shapenet848,sofa,0.5850537419319153,0.659765362739563,0.7375451922416687,0.8225712180137634
shapenet851,sofa,0.26845303177833557,0.28822648525238037,0.3794815242290497,0.5720484256744385
shapenet852,sofa,0.5949599146842957,0.6680817604064941,0.7327598929405212,0.794491708278656
shapenet854,sofa,0.7971066832542419,0.8225982189178467,0.8511320948600769,0.915877640247345
shapenet856,sofa,0.11702734231948853,0.15472085773944855,0.24653476476669312,0.47283756732940674
shapenet859,sofa,0.5385159254074097,0.6667614579200745,0.7508335113525391,0.8518557548522949
shapenet860,sofa,0.2061600536108017,0.23267419636249542,0.3250788748264313,0.5340186357498169
shapenet861,sofa,0.04436534643173218,0.06815876811742783,0.10522399097681046,0.16459091007709503
shapenet863,sofa,0.08366167545318604,0.11391371488571167,0.1580716371536255,0.21874748170375824
shapenet867,sofa,0.4341622292995453,0.5721123814582825,0.6811327934265137,0.8305433392524719
shapenet869,sofa,0.1290096491575241,0.16548486053943634,0.2550770044326782,0.39438167214393616
shapenet871,sofa,0.7278164029121399,0.7641045451164246,0.7993068099021912,0.8786628842353821
shapenet873,sofa,0.716345489025116,0.8138000965118408,0.8815815448760986,0.935687243938446
shapenet877,sofa,0.31202879548072815,0.33436572551727295,0.4220221936702728,0.6291446089744568
shapenet878,sofa,0.6168596148490906,0.6788342595100403,0.7594020962715149,0.8496553301811218
shapenet879,sofa,0.06085200980305672,0.08011048287153244,0.10766709595918655,0.1597309708595276
shapenet884,sofa,0.03131834790110588,0.07781345397233963,0.12755732238292694,0.21025295555591583
shapenet886,sofa,0.07817518711090088,0.134239062666893,0.2235821634531021,0.45205938816070557
shapenet888,sofa,0.5475130081176758,0.5907922387123108,0.6558189392089844,0.7864553332328796
shapenet891,sofa,0.2701871693134308,0.28967970609664917,0.3789551258087158,0.5707603693008423
shapenet893,sofa,0.8149605393409729,0.8492034077644348,0.8765795826911926,0.932662308216095
shapenet898,sofa,0.1922856569290161,0.2141970992088318,0.3145690858364105,0.533087968826294
shapenet899,sofa,0.3534916341304779,0.39678463339805603,0.4779548645019531,0.6515354514122009
shapenet901,sofa,0.32530927658081055,0.34923216700553894,0.43518078327178955,0.6178239583969116
shapenet902,sofa,0.49433794617652893,0.5448576807975769,0.6024689078330994,0.6728536486625671
shapenet903,sofa,0.5593659281730652,0.6526076197624207,0.712465226650238,0.7783400416374207
shapenet904,sofa,0.2790658473968506,0.39495861530303955,0.49984195828437805,0.6478233933448792
shapenet906,sofa,0.37998470664024353,0.7395351529121399,0.8373751044273376,0.9262986183166504
shapenet913,sofa,0.5020468831062317,0.5761207938194275,0.646891176700592,0.7565190196037292
shapenet914,sofa,0.27245497703552246,0.32680532336235046,0.40090787410736084,0.5567541718482971
shapenet915,sofa,0.679248034954071,0.7892658710479736,0.9092798233032227,1.0126535892486572
shapenet916,sofa,0.2832516133785248,0.3085823953151703,0.3982428014278412,0.5878987312316895
shapenet918,sofa,0.38317200541496277,0.4798981249332428,0.6189025044441223,0.7863852381706238
shapenet919,sofa,0.2966599762439728,0.3169732093811035,0.40355876088142395,0.5827524662017822
shapenet923,sofa,0.15283723175525665,0.20024313032627106,0.259479284286499,0.3417913615703583
shapenet924,sofa,0.3982304036617279,0.5194546580314636,0.6191813349723816,0.6991032958030701
shapenet925,sofa,0.52704256772995,0.5910786986351013,0.6952440142631531,0.8334707617759705
shapenet927,sofa,0.05230093002319336,0.0824928805232048,0.1289737969636917,0.21217726171016693
shapenet930,sofa,0.2944876551628113,0.4045686423778534,0.4875832498073578,0.642510712146759
shapenet938,sofa,0.15295898914337158,0.17555786669254303,0.2688663899898529,0.47071775794029236
shapenet939,sofa,0.0981135368347168,0.15105687081813812,0.24549339711666107,0.4695952832698822
shapenet941,sofa,0.6045620441436768,0.6844156384468079,0.779564380645752,0.8655074238777161
shapenet942,sofa,0.4845693111419678,0.6175737380981445,0.7439283728599548,0.8869287967681885
shapenet943,sofa,0.27480772137641907,0.2972433567047119,0.3900686800479889,0.6069555878639221
shapenet946,sofa,0.13235630095005035,0.1606241911649704,0.2411137968301773,0.4138353168964386
shapenet949,sofa,0.11107707023620605,0.15073615312576294,0.19134436547756195,0.24649973213672638
shapenet950,sofa,0.26334670186042786,0.39240899682044983,0.5014544725418091,0.6067367196083069
shapenet952,sofa,0.5850487947463989,0.6596167087554932,0.7242234349250793,0.7856454849243164
shapenet953,sofa,0.0977327823638916,0.13429252803325653,0.2319888323545456,0.4554392993450165
shapenet954,sofa,0.12068068981170654,0.14856000244617462,0.25098130106925964,0.48432669043540955
shapenet955,sofa,0.24650436639785767,0.2662675678730011,0.3584844172000885,0.5514350533485413
shapenet956,sofa,0.035039424896240234,0.06490704417228699,0.11003623157739639,0.18223172426223755
shapenet957,sofa,0.5024356245994568,0.5258502960205078,0.5631052851676941,0.640434741973877
shapenet958,sofa,0.5273893475532532,0.635748565196991,0.7695367932319641,0.8935496807098389
shapenet959,sofa,0.28922268748283386,0.3602314293384552,0.41444694995880127,0.4751345217227936
shapenet960,sofa,0.6651782393455505,0.7000374794006348,0.7593598365783691,0.82840895652771
shapenet966,sofa,0.34705135226249695,0.47135648131370544,0.6289579272270203,0.8267514109611511
shapenet967,sofa,0.054368119686841965,0.0766436979174614,0.11503592878580093,0.17472054064273834
shapenet974,sofa,0.8248817324638367,0.8703209757804871,0.8963039517402649,0.9452703595161438
shapenet977,sofa,0.04767533019185066,0.08028041571378708,0.12278392165899277,0.19082586467266083
shapenet978,sofa,0.2962651550769806,0.31575074791908264,0.4033421277999878,0.5870572924613953
shapenet979,sofa,0.3003599941730499,0.37361547350883484,0.4445977509021759,0.5344959497451782
shapenet983,sofa,0.21446846425533295,0.23682451248168945,0.3322453498840332,0.5418044924736023
shapenet984,sofa,0.7855622172355652,0.8189713954925537,0.8478450775146484,0.9125235676765442
shapenet989,sofa,0.3329462707042694,0.398834228515625,0.4867500364780426,0.6777638792991638
shapenet990,sofa,0.63308185338974,0.6606541275978088,0.7042498588562012,0.813980758190155
shapenet991,sofa,0.6845676302909851,0.7306225895881653,0.813826858997345,0.8930253982543945
shapenet994,sofa,0.5826106667518616,0.6640400290489197,0.7237614989280701,0.7841406464576721
shapenet1000,sofa,0.2843416631221771,0.3292529284954071,0.42584267258644104,0.632144033908844
shapenet1003,sofa,0.22913597524166107,0.264626681804657,0.35293981432914734,0.5616248846054077
shapenet1005,sofa,0.5045559406280518,0.5940669178962708,0.6562487483024597,0.789745569229126
shapenet1008,sofa,0.577703058719635,0.6727856993675232,0.7480905652046204,0.8287985920906067
shapenet1009,sofa,0.17277099192142487,0.20150518417358398,0.30695268511772156,0.538306474685669
shapenet1010,sofa,0.7670342326164246,0.850914716720581,0.9105650782585144,0.9594226479530334
shapenet1016,sofa,0.37958642840385437,0.4362872540950775,0.5190857648849487,0.6869118809700012
shapenet1019,sofa,0.3375321328639984,0.5309572815895081,0.7326306700706482,0.9122629761695862
shapenet1020,sofa,0.30994901061058044,0.33072006702423096,0.414318710565567,0.5922238230705261
shapenet1023,sofa,0.23117274045944214,0.2590242624282837,0.3583086431026459,0.5849525928497314
shapenet1024,sofa,0.057162921875715256,0.07741592824459076,0.11124861985445023,0.1658996194601059
shapenet1025,sofa,0.38640427589416504,0.4601345956325531,0.5755062103271484,0.751495361328125
shapenet1026,sofa,0.2826484441757202,0.3040037751197815,0.3944796621799469,0.5890269875526428
shapenet1028,sofa,0.5957839488983154,0.6673645973205566,0.7259845733642578,0.8053191304206848
shapenet1030,sofa,0.6793603897094727,0.7684478759765625,0.8255230784416199,0.8729997277259827
shapenet1033,sofa,0.06997755914926529,0.10713417083024979,0.1997356414794922,0.4305102825164795
shapenet1034,sofa,0.08486390113830566,0.1466551274061203,0.2411786913871765,0.4482615888118744
shapenet1035,sofa,0.792486846446991,0.871850311756134,0.9349605441093445,0.9784881472587585
shapenet1036,sofa,0.6640911102294922,0.7044374346733093,0.7681902050971985,0.8542962074279785
shapenet1037,sofa,0.6886143088340759,0.7481666207313538,0.8545604348182678,0.9443063139915466
shapenet1041,sofa,0.2971034646034241,0.31432268023490906,0.40240931510925293,0.5864793658256531
shapenet1042,sofa,0.7064312100410461,0.8438670635223389,0.9253858923912048,0.9948505759239197
shapenet1043,sofa,0.34168222546577454,0.4184224605560303,0.48380908370018005,0.5622665286064148
shapenet1047,sofa,0.6328260898590088,0.6429824233055115,0.6972601413726807,0.8109879493713379
shapenet1048,sofa,0.4060438573360443,0.5026251673698425,0.5783238410949707,0.7205934524536133
shapenet1049,sofa,0.2650144398212433,0.29399046301841736,0.37577059864997864,0.5512850880622864
shapenet1050,sofa,0.6632895469665527,0.6793215274810791,0.7227482795715332,0.826449453830719
shapenet1053,sofa,0.4929945170879364,0.5203534364700317,0.5748265981674194,0.6844384074211121
shapenet1055,sofa,0.2213914841413498,0.24864797294139862,0.34333285689353943,0.5555613040924072
shapenet1056,sofa,0.0578797273337841,0.14805294573307037,0.2022651582956314,0.28997716307640076
shapenet1057,sofa,0.2286161631345749,0.2487623244524002,0.34586742520332336,0.5541071891784668
shapenet1061,sofa,0.3237839341163635,0.3597244918346405,0.4349620044231415,0.6111167073249817
shapenet1062,sofa,0.07935136556625366,0.1257176250219345,0.20798957347869873,0.42465516924858093
shapenet1066,sofa,0.32492807507514954,0.3481559455394745,0.4343533217906952,0.6142544150352478
shapenet1067,sofa,0.7142751812934875,0.858874499797821,0.9249693751335144,0.975613534450531
shapenet1070,sofa,0.31284427642822266,0.4757605493068695,0.5658919215202332,0.7350735068321228
shapenet1074,sofa,0.17889469861984253,0.20732013881206512,0.3110964596271515,0.5511795878410339
shapenet1078,sofa,0.3059030771255493,0.4168296754360199,0.5110846161842346,0.6900107264518738
shapenet1079,sofa,0.4269576966762543,0.57809978723526,0.6970307230949402,0.8582188487052917
shapenet1081,sofa,0.8022487163543701,0.9098289608955383,0.9695634245872498,1.0171664953231812
shapenet1082,sofa,0.11472894996404648,0.14456960558891296,0.25462400913238525,0.5018040537834167
shapenet1084,sofa,0.36726245284080505,0.38887348771095276,0.4710794985294342,0.637474775314331
shapenet1085,sofa,0.19158606231212616,0.2523093521595001,0.3313096761703491,0.4800436496734619
shapenet1086,sofa,0.5588920712471008,0.6355604529380798,0.7443466782569885,0.8622376918792725
shapenet1088,sofa,0.43645963072776794,0.45781198143959045,0.5366714596748352,0.6773252487182617
shapenet1091,sofa,0.5137791037559509,0.6130650639533997,0.6921051144599915,0.776218593120575
shapenet1092,sofa,0.2513868510723114,0.2715611159801483,0.3646716773509979,0.5643536448478699
shapenet1093,sofa,0.20108044147491455,0.27393391728401184,0.4027445614337921,0.573756754398346
shapenet1096,sofa,0.05042115971446037,0.11108415573835373,0.2064201384782791,0.43644464015960693
shapenet1097,sofa,0.03049359656870365,0.058789368718862534,0.1291356235742569,0.25402727723121643
shapenet1099,sofa,0.5252189040184021,0.5453402996063232,0.6096029877662659,0.7548254132270813
shapenet1100,sofa,0.22276002168655396,0.24930445849895477,0.3456675112247467,0.5610607266426086
shapenet1103,sofa,0.6855114102363586,0.695892870426178,0.732645571231842,0.8319544196128845
shapenet1111,sofa,0.7606348395347595,0.7795326709747314,0.8098247051239014,0.8865376114845276
shapenet1113,sofa,0.32519295811653137,0.3492288589477539,0.4373907744884491,0.6437501311302185
shapenet1117,sofa,0.21625910699367523,0.2383549064397812,0.33598971366882324,0.5463835000991821
shapenet1119,sofa,0.2659972012042999,0.2880679666996002,0.3793923556804657,0.5732545852661133
shapenet1120,sofa,0.2178078293800354,0.24594567716121674,0.347341924905777,0.5602332949638367
shapenet1121,sofa,0.7129129767417908,0.760675847530365,0.812696635723114,0.8645620346069336
shapenet1123,sofa,0.45456400513648987,0.5124468803405762,0.5835930109024048,0.6938208937644958
shapenet1125,sofa,0.8345207571983337,0.86376953125,0.8925788998603821,0.9425029158592224
shapenet1127,sofa,0.5087618827819824,0.5333327651023865,0.5978362560272217,0.7046653628349304
shapenet1129,sofa,0.5209953784942627,0.6195362210273743,0.7098659873008728,0.7827157974243164
shapenet1131,sofa,0.8864730000495911,0.9120519757270813,0.9418085217475891,0.9803043007850647
shapenet1137,sofa,0.22072671353816986,0.241280198097229,0.33723214268684387,0.5467327237129211
shapenet1141,sofa,0.09229693561792374,0.5428737998008728,0.7447119355201721,0.916144847869873
shapenet1142,sofa,0.459047794342041,0.6459603905677795,0.71559739112854,0.8389199376106262
shapenet1143,sofa,0.5796900391578674,0.6626036763191223,0.7254536151885986,0.7929850220680237
shapenet1144,sofa,0.5546769499778748,0.6418542265892029,0.7134904861450195,0.7826312184333801
shapenet1145,sofa,0.2894776165485382,0.3854837715625763,0.46403205394744873,0.5473055839538574
shapenet1146,sofa,0.43948301672935486,0.5934909582138062,0.6608169078826904,0.7521166801452637
shapenet1147,sofa,0.19042299687862396,0.2731015384197235,0.36866310238838196,0.5571439862251282
shapenet1149,sofa,0.2715679705142975,0.3143414556980133,0.4234464168548584,0.6226124167442322
shapenet1155,sofa,0.6287617087364197,0.6587782502174377,0.7073156237602234,0.7713521122932434
shapenet1157,sofa,0.7070279121398926,0.7181169986724854,0.7531937956809998,0.845930278301239
shapenet1159,sofa,0.21580052375793457,0.23655863106250763,0.33537110686302185,0.5481476783752441
shapenet1160,sofa,0.5972840785980225,0.6787834167480469,0.7386985421180725,0.8060095310211182
shapenet1161,sofa,0.6133787631988525,0.6473051905632019,0.706305742263794,0.7755754590034485
shapenet1163,sofa,0.1650334745645523,0.23834554851055145,0.3219250440597534,0.5245932936668396
shapenet1168,sofa,0.06131082773208618,0.08562114089727402,0.13839618861675262,0.2491157203912735
shapenet1171,sofa,0.2660801410675049,0.2846430838108063,0.37587371468544006,0.5706160068511963
shapenet1172,sofa,0.3384232521057129,0.5033290982246399,0.5996825695037842,0.7177453637123108
shapenet1174,sofa,0.6095999479293823,0.6948457360267639,0.7521492838859558,0.8254404067993164
shapenet1178,sofa,0.543604850769043,0.6526620984077454,0.7227676510810852,0.7885530591011047
shapenet1179,sofa,0.33363795280456543,0.3975112736225128,0.49094244837760925,0.608546793460846
shapenet1182,sofa,0.7818219065666199,0.8177892565727234,0.8463289141654968,0.910373866558075
shapenet1183,sofa,0.43654894828796387,0.46023449301719666,0.522771418094635,0.6850345134735107
shapenet1184,sofa,0.20932120084762573,0.230111226439476,0.3270696699619293,0.5394584536552429
shapenet1186,sofa,0.517188310623169,0.6041111946105957,0.7165799140930176,0.8629088401794434
shapenet1187,sofa,0.29150429368019104,0.4139811098575592,0.5289575457572937,0.6407882571220398
shapenet1189,sofa,0.4361781179904938,0.45813480019569397,0.5279180407524109,0.67412930727005
shapenet1190,sofa,0.5680009126663208,0.6211655735969543,0.6788880228996277,0.7601487040519714
shapenet1191,sofa,0.638458788394928,0.7340930104255676,0.8107995986938477,0.8853078484535217
shapenet1194,sofa,0.5658140182495117,0.6473965048789978,0.7084836363792419,0.785800039768219
shapenet1196,sofa,0.21067208051681519,0.22959686815738678,0.3255285322666168,0.5257577300071716
shapenet1197,sofa,0.42073535919189453,0.4401354491710663,0.5152699947357178,0.6691301465034485
shapenet1199,sofa,0.4166593849658966,0.43800196051597595,0.5122705698013306,0.6626812815666199
shapenet1200,sofa,0.49286124110221863,0.6180692911148071,0.7239711880683899,0.8077298998832703
shapenet1201,sofa,0.566282331943512,0.6823582053184509,0.8038303256034851,0.901561439037323
shapenet1202,sofa,0.18794435262680054,0.21394844353199005,0.3146291971206665,0.5323288440704346
shapenet1208,sofa,0.3882717192173004,0.5090200901031494,0.5853825211524963,0.7071418166160583
shapenet1210,sofa,0.023081740364432335,0.25820615887641907,0.35770583152770996,0.44081369042396545
shapenet1211,sofa,0.12130626291036606,0.1567710041999817,0.25102829933166504,0.475016325712204
shapenet1212,sofa,0.5926837921142578,0.6695594787597656,0.7348105311393738,0.8133161664009094
shapenet1215,sofa,0.19786101579666138,0.2242693156003952,0.3188443183898926,0.5349630117416382
shapenet1216,sofa,0.43167510628700256,0.4630550444126129,0.5320543646812439,0.6736545562744141
shapenet1218,sofa,0.7285809516906738,0.7541658282279968,0.7898973822593689,0.8751718997955322
shapenet1220,sofa,0.6294739842414856,0.6818280220031738,0.7358738780021667,0.7913274168968201
shapenet1222,sofa,0.20941852033138275,0.28027716279029846,0.37325167655944824,0.49558988213539124
shapenet1224,sofa,0.24200445413589478,0.2617165148258209,0.35673537850379944,0.5616801381111145
shapenet1226,sofa,0.5539378523826599,0.6784080862998962,0.7709206938743591,0.8431577086448669
shapenet1227,sofa,0.6595194339752197,0.7086017727851868,0.7583058476448059,0.8455756306648254
shapenet1228,sofa,0.28087326884269714,0.30114495754241943,0.3911866247653961,0.5774453282356262
shapenet1232,sofa,0.4659165143966675,0.4987277686595917,0.572472095489502,0.6994670033454895
shapenet1234,sofa,0.4467064142227173,0.519895076751709,0.6522955298423767,0.8644755482673645
shapenet1241,sofa,0.033356089144945145,0.06744895130395889,0.18234916031360626,0.4527112543582916
shapenet1242,sofa,0.5503026843070984,0.6095467209815979,0.7028002738952637,0.8078138828277588
shapenet1245,sofa,0.25727254152297974,0.2765716314315796,0.36824527382850647,0.564710795879364
shapenet1250,sofa,0.1545986533164978,0.3642607033252716,0.5395329594612122,0.7486733794212341
shapenet1252,sofa,0.5804481506347656,0.6037092804908752,0.6521667838096619,0.7408538460731506
shapenet1253,sofa,0.527115523815155,0.5574774146080017,0.6244673132896423,0.7375214099884033
shapenet1255,sofa,0.47109898924827576,0.5414838194847107,0.6259507536888123,0.7738382816314697
shapenet1256,sofa,0.32928943634033203,0.34438493847846985,0.42841771245002747,0.6025793552398682
shapenet1258,sofa,0.6089308857917786,0.6749622225761414,0.7359175682067871,0.8039537072181702
shapenet1259,sofa,0.6283398270606995,0.7139988541603088,0.7780948281288147,0.852959156036377
shapenet1260,sofa,0.5940662026405334,0.6753742098808289,0.7392734885215759,0.7931246757507324
shapenet1262,sofa,0.43798699975013733,0.5185523629188538,0.5959088206291199,0.6715192794799805
shapenet1263,sofa,0.4062258005142212,0.4919191896915436,0.5826412439346313,0.7396036982536316
shapenet1264,sofa,0.6209396719932556,0.6883156299591064,0.7445302605628967,0.8101072907447815
shapenet1267,sofa,0.7255789637565613,0.7942924499511719,0.8446841835975647,0.9039766788482666
shapenet1269,sofa,0.5217147469520569,0.5845847725868225,0.6462132930755615,0.7331306338310242
shapenet1271,sofa,0.3815689980983734,0.4022790193557739,0.48074212670326233,0.6473923325538635
shapenet1273,sofa,0.6257380843162537,0.6807565093040466,0.7389504313468933,0.8136529326438904
shapenet1274,sofa,0.4848546087741852,0.6293365359306335,0.7084433436393738,0.8066655993461609
shapenet1275,sofa,0.2703038156032562,0.29111793637275696,0.3810594975948334,0.5727301239967346
shapenet1276,sofa,0.518043577671051,0.6078746914863586,0.6796501278877258,0.7597967982292175
shapenet1278,sofa,0.16727490723133087,0.2462722808122635,0.343065470457077,0.5413963794708252
shapenet1279,sofa,0.0796818733215332,0.10686808079481125,0.15171994268894196,0.23715519905090332
shapenet1283,sofa,0.7211456298828125,0.7449119687080383,0.7817907929420471,0.8674504160881042
shapenet1285,sofa,0.6414021849632263,0.8220219016075134,0.8991355299949646,0.9502851963043213
shapenet1286,sofa,0.5984220504760742,0.7365727424621582,0.8030923008918762,0.8913596272468567
shapenet1287,sofa,0.4167729914188385,0.44879356026649475,0.5165597200393677,0.6817311644554138
shapenet1288,sofa,0.5628419518470764,0.6540680527687073,0.7251030802726746,0.7935248017311096
shapenet1290,sofa,0.6107107996940613,0.6751894354820251,0.7331379055976868,0.7964115142822266
shapenet1292,sofa,0.5676212906837463,0.6411831378936768,0.781423807144165,0.8982030749320984
shapenet1294,sofa,0.5963453650474548,0.6855666041374207,0.8015501499176025,0.9184247851371765
shapenet1295,sofa,0.11357422918081284,0.15363414585590363,0.19860772788524628,0.2634710371494293
shapenet1296,sofa,0.6797788739204407,0.7598814964294434,0.8290064930915833,0.9029083251953125
shapenet1297,sofa,0.42293062806129456,0.45916691422462463,0.5082818865776062,0.6135051846504211
shapenet1298,sofa,0.29322007298469543,0.35638508200645447,0.44982489943504333,0.6269019246101379
shapenet1299,sofa,0.6720922589302063,0.6847484707832336,0.7230236530303955,0.8257529735565186
shapenet1300,sofa,0.4033466875553131,0.443800687789917,0.5224029421806335,0.6672307848930359
shapenet1303,sofa,0.46330225467681885,0.6654108166694641,0.7469677925109863,0.8248741030693054
shapenet1304,sofa,0.2475823163986206,0.2672286927700043,0.36157533526420593,0.5650086402893066
shapenet1306,sofa,0.02668231725692749,0.04625378176569939,0.07463829964399338,0.13169029355049133
shapenet1308,sofa,0.27677449584007263,0.2973826825618744,0.36997511982917786,0.5654969811439514
shapenet1310,sofa,0.2190483808517456,0.29075780510902405,0.3554416596889496,0.4243942201137543
shapenet1312,sofa,0.2879451811313629,0.5576200485229492,0.6888497471809387,0.8387026786804199
shapenet1314,sofa,0.4219176769256592,0.5327067375183105,0.6266832947731018,0.7081141471862793
shapenet1315,sofa,0.0855274423956871,0.13730408251285553,0.22957460582256317,0.449861079454422
shapenet1316,sofa,0.4243028163909912,0.4748828709125519,0.5603153109550476,0.6867148280143738
shapenet1317,sofa,0.6614627838134766,0.6763343214988708,0.7188604474067688,0.8269364237785339
shapenet1318,sofa,0.18516629934310913,0.3208087980747223,0.44667503237724304,0.5796614289283752
shapenet1320,sofa,0.4805847406387329,0.5393261313438416,0.6061719059944153,0.7252523303031921
shapenet1321,sofa,0.3981146514415741,0.5094292759895325,0.5892483592033386,0.7434697151184082
shapenet1322,sofa,0.6825389862060547,0.7724270820617676,0.8453496098518372,0.9035875201225281
shapenet1324,sofa,0.46847257018089294,0.599990963935852,0.7378694415092468,0.8537795543670654
shapenet1325,sofa,0.3464302122592926,0.3645133972167969,0.44878530502319336,0.6207009553909302
shapenet1328,sofa,0.13984708487987518,0.1848064661026001,0.22815334796905518,0.29846426844596863
shapenet1330,sofa,0.6053048968315125,0.6760492324829102,0.7337018847465515,0.7980067133903503
shapenet1333,sofa,0.046983201056718826,0.059157270938158035,0.08835261315107346,0.14271147549152374
shapenet1337,sofa,0.4059021472930908,0.425421804189682,0.5015377402305603,0.6578695178031921
shapenet1339,sofa,0.38461947441101074,0.45463910698890686,0.5333251357078552,0.6777808666229248
shapenet1341,sofa,0.6067325472831726,0.6691787838935852,0.7325127124786377,0.8084278106689453
shapenet1347,sofa,0.16137062013149261,0.19194728136062622,0.29205968976020813,0.522554874420166
shapenet1349,sofa,0.041096050292253494,0.06519470363855362,0.10291704535484314,0.1654285490512848
shapenet1351,sofa,0.19263778626918793,0.21446222066879272,0.314222514629364,0.5324451327323914
shapenet1353,sofa,0.22877837717533112,0.24940933287143707,0.3453427255153656,0.5530175566673279
shapenet1354,sofa,0.0626123920083046,0.08708488941192627,0.13967721164226532,0.2312351018190384
shapenet1357,sofa,0.2434772104024887,0.36790600419044495,0.49136996269226074,0.7338793873786926
shapenet1358,sofa,0.8305799961090088,0.84623783826828,0.8941666483879089,0.9567945003509521
shapenet1359,sofa,0.5650559067726135,0.6769263744354248,0.7621102333068848,0.8391933441162109
shapenet1360,sofa,0.6728766560554504,0.755913496017456,0.8009459972381592,0.8631160259246826
shapenet1361,sofa,0.48123931884765625,0.6868734359741211,0.8270236849784851,0.9279643893241882
shapenet1362,sofa,0.1752755492925644,0.19907300174236298,0.30167874693870544,0.5268633365631104
shapenet1364,sofa,0.07554352283477783,0.1518818587064743,0.2350948005914688,0.3422650098800659
shapenet1369,sofa,0.5709593296051025,0.6529698967933655,0.7276706695556641,0.8025488257408142
shapenet1372,sofa,0.7644311785697937,0.8569186329841614,0.9148957133293152,0.9620289206504822
shapenet1375,sofa,0.2226468324661255,0.2388073056936264,0.33124321699142456,0.5269261598587036
shapenet1377,sofa,0.5810485482215881,0.6192482113838196,0.6705220341682434,0.7623311877250671
shapenet1378,sofa,0.30995234847068787,0.37914514541625977,0.46587899327278137,0.6299547553062439
shapenet1380,sofa,0.5541625618934631,0.5808150172233582,0.6371673941612244,0.7309162616729736
shapenet1381,sofa,0.6200668811798096,0.6811835169792175,0.7386727333068848,0.798270046710968
shapenet1383,sofa,0.4682943820953369,0.6121536493301392,0.7012125849723816,0.7839378714561462
shapenet1386,sofa,0.6166572570800781,0.6864614486694336,0.755103349685669,0.8296768665313721
shapenet1390,sofa,0.5565235018730164,0.5736253261566162,0.6253470778465271,0.7609257698059082
shapenet1391,sofa,0.19659936428070068,0.2346549779176712,0.28409644961357117,0.3487034738063812
shapenet1392,sofa,0.4191667139530182,0.4471493661403656,0.5194862484931946,0.689007580280304
shapenet1393,sofa,0.32214999198913574,0.34429457783699036,0.4275411069393158,0.610407292842865
shapenet1394,sofa,0.6362443566322327,0.6738982200622559,0.7395691275596619,0.8396952748298645
shapenet1396,sofa,0.2328345775604248,0.25318387150764465,0.34425124526023865,0.5463919043540955
shapenet1397,sofa,0.3723479211330414,0.43372035026550293,0.5165766477584839,0.7019121646881104
shapenet1401,sofa,0.34540486335754395,0.3613167107105255,0.44794782996177673,0.6238592863082886
shapenet1402,sofa,0.5177435874938965,0.614501416683197,0.7128148078918457,0.855299711227417
shapenet1404,sofa,0.5534517765045166,0.6313146948814392,0.702502429485321,0.7772815823554993
shapenet1406,sofa,0.2377147525548935,0.2573920786380768,0.3510710299015045,0.554025411605835
shapenet1411,sofa,0.02532394789159298,0.13125060498714447,0.18789224326610565,0.2579707205295563
shapenet1413,sofa,0.07505857944488525,0.0972314104437828,0.1868247240781784,0.4092259407043457
shapenet1418,sofa,0.6180292963981628,0.6751923561096191,0.7329955101013184,0.7896337509155273
shapenet1419,sofa,0.5872082114219666,0.6935660243034363,0.780035674571991,0.8390836715698242
shapenet1421,sofa,0.5284234881401062,0.572944700717926,0.6404275298118591,0.7390896677970886
shapenet1422,sofa,0.2208019345998764,0.2402547001838684,0.3357713222503662,0.542867124080658
shapenet1423,sofa,0.8693558573722839,0.9075002670288086,0.9419634938240051,0.9838131070137024
shapenet1427,sofa,0.6032254099845886,0.6655281186103821,0.6992952823638916,0.7628044486045837
shapenet1428,sofa,0.5590283274650574,0.654971182346344,0.7217655181884766,0.7834202647209167
shapenet1429,sofa,0.01259597111493349,0.06401494145393372,0.17244380712509155,0.33220812678337097
shapenet1433,sofa,0.6262668967247009,0.6985979080200195,0.7601661682128906,0.8270642161369324
shapenet1435,sofa,0.48680010437965393,0.5340902209281921,0.5879945158958435,0.6865339875221252
shapenet1436,sofa,0.2635250687599182,0.28665003180503845,0.37574076652526855,0.5610062479972839
shapenet1439,sofa,0.7525858879089355,0.8209419250488281,0.8556576371192932,0.9041910171508789
shapenet1441,sofa,0.22563481330871582,0.24478395283222198,0.3382594585418701,0.5375664234161377
shapenet1445,sofa,0.22149693965911865,0.240457221865654,0.336078405380249,0.5393650531768799
shapenet1448,sofa,0.7584204077720642,0.8228316307067871,0.8780364990234375,0.9301565289497375
shapenet1449,sofa,0.23316824436187744,0.26789501309394836,0.3141733407974243,0.37454918026924133
shapenet1451,sofa,0.4294656217098236,0.48489871621131897,0.5681262016296387,0.751413881778717
shapenet1455,sofa,0.27719035744667053,0.29685667157173157,0.3853951692581177,0.5699204802513123
shapenet1460,sofa,0.7781859040260315,0.8218663334846497,0.859771728515625,0.9260250926017761
shapenet1466,sofa,0.23307740688323975,0.2540738880634308,0.34868988394737244,0.5533753037452698
shapenet1468,sofa,0.6233205199241638,0.690082311630249,0.7492354512214661,0.8237438201904297
shapenet1470,sofa,0.3948598802089691,0.42549800872802734,0.5053516030311584,0.6901050209999084
shapenet1472,sofa,0.2412368506193161,0.2648006081581116,0.3602128028869629,0.5664088129997253
shapenet1473,sofa,0.1423119157552719,0.17269589006900787,0.2807062566280365,0.5199487805366516
shapenet1474,sofa,0.5505558848381042,0.6318005919456482,0.6948947906494141,0.7670661807060242
shapenet1475,sofa,0.5032737255096436,0.6431424021720886,0.7459599375724792,0.8589649796485901
shapenet1477,sofa,0.46724510192871094,0.5417823195457458,0.5991668701171875,0.6834153532981873
shapenet1478,sofa,0.20910149812698364,0.23193015158176422,0.32702335715293884,0.531134843826294
shapenet1479,sofa,0.5911087989807129,0.6741478443145752,0.7441478371620178,0.8191418647766113
shapenet1480,sofa,0.5333197116851807,0.6595454812049866,0.7486777305603027,0.8154048323631287
shapenet1484,sofa,0.2543591558933258,0.28308549523353577,0.36928272247314453,0.5834496021270752
shapenet1486,sofa,0.5130507349967957,0.58218914270401,0.6447834372520447,0.7311875820159912
shapenet1487,sofa,0.8681692481040955,0.9095752835273743,0.9355461597442627,0.9787094593048096
shapenet1489,sofa,0.13004909455776215,0.15487419068813324,0.18995408713817596,0.2516373097896576
shapenet1491,sofa,0.5740800499916077,0.650261402130127,0.707861602306366,0.8150970339775085
shapenet1494,sofa,0.250824898481369,0.3047615587711334,0.3803265392780304,0.5499313473701477
shapenet1495,sofa,0.26907333731651306,0.36443865299224854,0.4591549336910248,0.5644960999488831
shapenet2,table,0.22467131912708282,0.33163365721702576,0.44893765449523926,0.5967399477958679
shapenet3,table,0.24971075356006622,0.2623417377471924,0.297031968832016,0.37978455424308777
shapenet4,table,0.19497691094875336,0.20640432834625244,0.23449474573135376,0.2999100685119629
shapenet5,table,0.2032357007265091,0.3970865309238434,0.5988113284111023,0.7834402918815613
shapenet6,table,0.05406143143773079,0.08260460942983627,0.1530238687992096,0.23639507591724396
shapenet10,table,0.6428086161613464,0.6934213042259216,0.769564151763916,0.8431069254875183
shapenet11,table,0.12876133620738983,0.14108586311340332,0.17223627865314484,0.2411322146654129
shapenet13,table,0.31030935049057007,0.32118237018585205,0.347022145986557,0.40575385093688965
shapenet15,table,0.4051317274570465,0.5288782119750977,0.6700582504272461,0.7898099422454834
shapenet18,table,0.18615464866161346,0.3024005889892578,0.4636235237121582,0.6768317222595215
shapenet19,table,0.49194344878196716,0.5228915810585022,0.589505672454834,0.6809525489807129
shapenet20,table,0.02492213249206543,0.03875989839434624,0.07334545254707336,0.14822541177272797
shapenet22,table,0.3852628767490387,0.49699458479881287,0.567848801612854,0.6486806273460388
shapenet23,table,0.20907855033874512,0.36731815338134766,0.5532445311546326,0.7242496013641357
shapenet24,table,0.15403711795806885,0.31268560886383057,0.4926871359348297,0.673160970211029
shapenet25,table,0.6363227367401123,0.673314094543457,0.6953324675559998,0.7306577563285828
shapenet26,table,0.5052371621131897,0.546090304851532,0.5739203095436096,0.6205081939697266
shapenet28,table,0.24450725317001343,0.2551054358482361,0.28337717056274414,0.346338152885437
shapenet35,table,0.6701700091362,0.6962447166442871,0.7195241451263428,0.7474093437194824
shapenet37,table,0.5952084064483643,0.6619951128959656,0.7185017466545105,0.7673623561859131
shapenet41,table,0.3857795298099518,0.5024325251579285,0.634371817111969,0.7810438275337219
shapenet42,table,0.1417103409767151,0.2606492042541504,0.4404175579547882,0.6380775570869446
shapenet46,table,0.09655016660690308,0.16593195497989655,0.2615571916103363,0.39122888445854187
shapenet49,table,0.3023749887943268,0.3128151595592499,0.33973169326782227,0.398763507604599
shapenet50,table,0.40186670422554016,0.5130336284637451,0.6238450407981873,0.75388103723526
shapenet53,table,0.5613672733306885,0.6840860843658447,0.801312267780304,0.8958129286766052
shapenet55,table,0.6202356815338135,0.7485674023628235,0.8117139935493469,0.8565881848335266
shapenet57,table,0.24567896127700806,0.4224884808063507,0.6091696619987488,0.7609529495239258
shapenet62,table,0.3213050663471222,0.45174089074134827,0.6336460709571838,0.8068030476570129
shapenet71,table,0.21855370700359344,0.23817980289459229,0.2669161856174469,0.33159419894218445
shapenet72,table,0.23967576026916504,0.2502064108848572,0.2776279151439667,0.34061431884765625
shapenet73,table,0.19665499031543732,0.21473312377929688,0.2469801902770996,0.3130403161048889
shapenet74,table,0.43151769042015076,0.44423142075538635,0.4692870080471039,0.5140902996063232
shapenet75,table,0.2657434940338135,0.276873916387558,0.3044857084751129,0.36635634303092957
shapenet80,table,0.6710123419761658,0.7068266868591309,0.7346704006195068,0.7625311017036438
shapenet82,table,0.015852132812142372,0.04166608676314354,0.09745278209447861,0.20904886722564697
shapenet83,table,0.2147577553987503,0.327495276927948,0.5173580050468445,0.7161931991577148
shapenet86,table,0.04498954489827156,0.07776536792516708,0.11245348304510117,0.19747759401798248
shapenet87,table,0.22944046556949615,0.24031208455562592,0.26852694153785706,0.3327357769012451
shapenet90,table,0.04210517928004265,0.0619552917778492,0.11283240467309952,0.19235849380493164
shapenet91,table,0.24309678375720978,0.3534696102142334,0.5242426991462708,0.7191197276115417
shapenet97,table,0.6170845031738281,0.7590852379798889,0.8712427020072937,0.9572136998176575
shapenet101,table,0.10693415254354477,0.12180164456367493,0.17164097726345062,0.27369019389152527
shapenet102,table,0.20540189743041992,0.27927032113075256,0.34768569469451904,0.4666050970554352
shapenet103,table,0.3537144660949707,0.36323127150535583,0.38610565662384033,0.440682053565979
shapenet104,table,0.2263866513967514,0.23797084391117096,0.2655046284198761,0.3281715214252472
shapenet107,table,0.7258574366569519,0.7759280800819397,0.8461635708808899,0.9172796607017517
shapenet110,table,0.24726863205432892,0.26680058240890503,0.29618385434150696,0.3579573631286621
shapenet112,table,0.38421741127967834,0.49672234058380127,0.626765787601471,0.7581213116645813
shapenet115,table,0.6196367144584656,0.6698167324066162,0.7350003123283386,0.810577392578125
shapenet116,table,0.6002271771430969,0.728958785533905,0.7838338017463684,0.8381147384643555
shapenet118,table,0.5131867527961731,0.5452095866203308,0.5911476016044617,0.637706458568573
shapenet119,table,0.539240837097168,0.6768860816955566,0.7666516304016113,0.8386979103088379
shapenet120,table,0.04249340295791626,0.06403540819883347,0.1030842587351799,0.1791539192199707
shapenet123,table,0.4556441307067871,0.4641743004322052,0.4824942350387573,0.5248553156852722
shapenet124,table,0.6731635928153992,0.7867863774299622,0.876906156539917,0.9584328532218933
shapenet125,table,0.2956353425979614,0.4359532296657562,0.5524104237556458,0.7075803875923157
shapenet126,table,0.07064934819936752,0.08306062966585159,0.11523386090993881,0.18703164160251617
shapenet128,table,0.28199872374534607,0.293157160282135,0.31890869140625,0.37342116236686707
shapenet129,table,0.0446336455643177,0.0570816695690155,0.09039153903722763,0.16486573219299316
shapenet133,table,0.20116691291332245,0.21347709000110626,0.24251507222652435,0.3063167929649353
shapenet134,table,0.3957747519016266,0.5685150027275085,0.6803287863731384,0.8181219100952148
shapenet136,table,0.5606016516685486,0.6173746585845947,0.6541021466255188,0.699791431427002
shapenet142,table,0.05913098528981209,0.08458107709884644,0.11874252557754517,0.18678700923919678
shapenet144,table,0.10118498653173447,0.2720014750957489,0.4516967535018921,0.6529640555381775
shapenet148,table,0.5381700992584229,0.5897313952445984,0.6184750199317932,0.6614449620246887
shapenet151,table,0.2617807984352112,0.34956303238868713,0.43298622965812683,0.5412003397941589
shapenet152,table,0.6125146746635437,0.6821464896202087,0.7311439514160156,0.77398681640625
shapenet153,table,0.41249939799308777,0.5045427680015564,0.6549422740936279,0.8138937950134277
shapenet154,table,0.6285510063171387,0.7434728741645813,0.8261971473693848,0.8878648281097412
shapenet156,table,0.31658685207366943,0.3268977105617523,0.35266706347465515,0.4096691608428955
shapenet157,table,0.23183590173721313,0.37129077315330505,0.5652079582214355,0.753589928150177
shapenet160,table,0.16643954813480377,0.2814524173736572,0.4581800401210785,0.6232163906097412
shapenet161,table,0.6816046833992004,0.7295141220092773,0.7583165764808655,0.7847233414649963
shapenet162,table,0.18315249681472778,0.3134336769580841,0.49099358916282654,0.6717622876167297
shapenet163,table,0.2058284431695938,0.2176070362329483,0.24703769385814667,0.31277400255203247
shapenet164,table,0.24856264889240265,0.25870612263679504,0.2863767743110657,0.3490752875804901
shapenet165,table,0.6841912269592285,0.775908887386322,0.8652358651161194,0.9520926475524902
shapenet167,table,0.0963074192404747,0.11835756152868271,0.16193164885044098,0.24341154098510742
shapenet169,table,0.5149543285369873,0.5650001168251038,0.5959396958351135,0.6356496810913086
shapenet171,table,0.6565062999725342,0.7545921802520752,0.8314909338951111,0.8930869698524475
shapenet172,table,0.2870817482471466,0.29690316319465637,0.32302725315093994,0.3836252689361572
shapenet176,table,0.09983827918767929,0.14484526216983795,0.20088882744312286,0.3292444050312042
shapenet178,table,0.5554749369621277,0.6110260486602783,0.6342225074768066,0.6725910305976868
shapenet179,table,0.3712127208709717,0.45346927642822266,0.5757961869239807,0.6735737323760986
shapenet184,table,0.3235783576965332,0.38639435172080994,0.42345955967903137,0.4799855053424835
shapenet185,table,0.2871602475643158,0.39018914103507996,0.5313031077384949,0.7196416854858398
shapenet186,table,0.4499981701374054,0.5896922945976257,0.672066867351532,0.7630407214164734
shapenet191,table,0.3714783191680908,0.41166186332702637,0.4419666528701782,0.4961670935153961
shapenet192,table,0.11971142143011093,0.18372654914855957,0.3159712255001068,0.48321405053138733
shapenet193,table,0.625492513179779,0.6594149470329285,0.7018712162971497,0.7520259022712708
shapenet194,table,0.46634021401405334,0.5810750126838684,0.7011821866035461,0.8158939480781555
shapenet196,table,0.5227047801017761,0.7311734557151794,0.830033540725708,0.8941665291786194
shapenet197,table,0.1289813071489334,0.1492036134004593,0.1872500628232956,0.28617063164711
shapenet199,table,0.22619754076004028,0.23741984367370605,0.26585614681243896,0.3296981155872345
shapenet200,table,0.4533536732196808,0.5043866038322449,0.5303643345832825,0.5690814852714539
shapenet203,table,0.4475715160369873,0.46503710746765137,0.4899798631668091,0.5376653671264648
shapenet204,table,0.5887854695320129,0.6065638065338135,0.6315014958381653,0.6707231998443604
shapenet210,table,0.6006754040718079,0.6705605387687683,0.7367463707923889,0.7973654270172119
shapenet211,table,0.6312710642814636,0.7569591403007507,0.8591930866241455,0.9431222081184387
shapenet213,table,0.554287850856781,0.5719907879829407,0.5911121964454651,0.625816822052002
shapenet214,table,0.4604979455471039,0.6030722260475159,0.6867426037788391,0.7588951587677002
shapenet215,table,0.2075398713350296,0.27881863713264465,0.4085354804992676,0.5695840716362
shapenet216,table,0.15564650297164917,0.16773343086242676,0.19758249819278717,0.2646060287952423
shapenet220,table,0.5182156562805176,0.6135417222976685,0.6560996174812317,0.6997084617614746
shapenet226,table,0.4179476797580719,0.4633685052394867,0.5781286358833313,0.7134254574775696
shapenet227,table,0.02473757602274418,0.036838386207818985,0.07001326233148575,0.14547990262508392
shapenet228,table,0.4836566746234894,0.5283768773078918,0.5605052709579468,0.6052529215812683
shapenet230,table,0.26523253321647644,0.31700399518013,0.3793609142303467,0.4651738703250885
shapenet231,table,0.29171842336654663,0.3890363276004791,0.49799203872680664,0.6079265475273132
shapenet232,table,0.5771287083625793,0.6238482594490051,0.6802492737770081,0.7248069643974304
shapenet233,table,0.09697053581476212,0.1724628359079361,0.2901853322982788,0.48510679602622986
shapenet236,table,0.488840252161026,0.6230573058128357,0.7450329661369324,0.8512566685676575
shapenet237,table,0.3816355764865875,0.3982422351837158,0.42213666439056396,0.4721924066543579
shapenet239,table,0.2836381494998932,0.29758456349372864,0.3254028260707855,0.3849293887615204
shapenet240,table,0.5883557200431824,0.6062137484550476,0.6227608323097229,0.6550299525260925
shapenet241,table,0.13592298328876495,0.2706558108329773,0.39701977372169495,0.5401760935783386
shapenet242,table,0.4222215712070465,0.5232658982276917,0.6340907216072083,0.7468194365501404
shapenet243,table,0.31870409846305847,0.3497942388057709,0.4072439670562744,0.4924701154232025
shapenet244,table,0.34174609184265137,0.35162296891212463,0.3760611116886139,0.4322868287563324
shapenet248,table,0.16631560027599335,0.1817481517791748,0.21092496812343597,0.27669015526771545
shapenet249,table,0.4829648733139038,0.5932157635688782,0.7278962731361389,0.8494608402252197
shapenet250,table,0.6100518107414246,0.7523527145385742,0.8779452443122864,0.969161331653595
shapenet252,table,0.3403022289276123,0.4590483605861664,0.6221528053283691,0.7664442658424377
shapenet255,table,0.5051599144935608,0.5559552311897278,0.6001166701316833,0.645176351070404
shapenet257,table,0.19460861384868622,0.2081078439950943,0.23923777043819427,0.30495840311050415
shapenet260,table,0.505012035369873,0.5701823234558105,0.6475374698638916,0.7421725392341614
shapenet262,table,0.5581905841827393,0.6105835437774658,0.6797206997871399,0.762669563293457
shapenet264,table,0.29023483395576477,0.30131271481513977,0.3276372253894806,0.38741815090179443
shapenet265,table,0.5129666328430176,0.5695602297782898,0.7110468745231628,0.8385712504386902
shapenet266,table,0.2015509158372879,0.3546755313873291,0.5464699268341064,0.7148906588554382
shapenet268,table,0.42402002215385437,0.5510240197181702,0.6668495535850525,0.7778000831604004
shapenet269,table,0.2154386192560196,0.22731100022792816,0.2477216273546219,0.3005744516849518
shapenet271,table,0.5302123427391052,0.5432662963867188,0.5692048668861389,0.6200352311134338
shapenet275,table,0.28250619769096375,0.29207050800323486,0.3190819323062897,0.37908855080604553
shapenet276,table,0.6362072825431824,0.6703662872314453,0.7304051518440247,0.7976668477058411
shapenet278,table,0.448244571685791,0.49273964762687683,0.517873227596283,0.5630264282226562
shapenet280,table,0.061097919940948486,0.07683748006820679,0.12118148803710938,0.19902436435222626
shapenet281,table,0.29495710134506226,0.30399587750434875,0.3303895890712738,0.3908095359802246
shapenet282,table,0.3776569068431854,0.5181344151496887,0.6605212092399597,0.8026579022407532
shapenet284,table,0.28383931517601013,0.41351690888404846,0.5437573790550232,0.6986198425292969
shapenet285,table,0.2482810765504837,0.4468628466129303,0.6172400116920471,0.7764238715171814
shapenet288,table,0.23031967878341675,0.2621847093105316,0.33611223101615906,0.4248981475830078
shapenet289,table,0.6014607548713684,0.6763057708740234,0.7463420033454895,0.8182783126831055
shapenet293,table,0.36861565709114075,0.3772374093532562,0.4015657603740692,0.45482030510902405
shapenet294,table,0.3491085469722748,0.3612305223941803,0.3869048058986664,0.44203153252601624
shapenet295,table,0.23704463243484497,0.24837081134319305,0.27617883682250977,0.3392370939254761
shapenet299,table,0.5609303712844849,0.6585071682929993,0.74295574426651,0.8355510234832764
shapenet300,table,0.6845769882202148,0.7530553936958313,0.7962491512298584,0.824026882648468
shapenet302,table,0.5647448301315308,0.7640287280082703,0.8708112835884094,0.9648839831352234
shapenet303,table,0.442716509103775,0.5869083404541016,0.654874324798584,0.7120964527130127
shapenet304,table,0.4545140266418457,0.4647352993488312,0.49334707856178284,0.5583527684211731
shapenet305,table,0.4039173424243927,0.5215432047843933,0.6790568828582764,0.8280613422393799
shapenet306,table,0.5467056632041931,0.5844395160675049,0.6085559725761414,0.6495277881622314
shapenet307,table,0.14803354442119598,0.1584508866071701,0.1836145967245102,0.24829186499118805
shapenet308,table,0.25014564394950867,0.2605467140674591,0.28865543007850647,0.351458340883255
shapenet310,table,0.06488299369812012,0.08356990665197372,0.12617145478725433,0.21432076394557953
shapenet311,table,0.3713424503803253,0.5057457089424133,0.6327717900276184,0.7574031949043274
shapenet321,table,0.20633237063884735,0.23949867486953735,0.3077753782272339,0.40350398421287537
shapenet323,table,0.2213137149810791,0.2320936769247055,0.2610006332397461,0.3259251117706299
shapenet328,table,0.08640176057815552,0.1710149645805359,0.2622584402561188,0.36781397461891174
shapenet330,table,0.1478530913591385,0.16052861511707306,0.1918305903673172,0.2600884735584259
shapenet332,table,0.18108664453029633,0.1930333375930786,0.22272567451000214,0.28937724232673645
shapenet333,table,0.7228217124938965,0.7471275329589844,0.7688499093055725,0.7931800484657288
shapenet335,table,0.27957430481910706,0.3189808428287506,0.372866153717041,0.43160009384155273
shapenet337,table,0.49516916275024414,0.6293569207191467,0.7613099217414856,0.8768036365509033
shapenet345,table,0.11247666925191879,0.12860311567783356,0.160703644156456,0.23182064294815063
shapenet346,table,0.6527835726737976,0.7858026623725891,0.8491132259368896,0.8895209431648254
shapenet347,table,0.41378024220466614,0.42890486121177673,0.45427441596984863,0.5061827898025513
shapenet348,table,0.15389679372310638,0.19826219975948334,0.23958031833171844,0.3150090277194977
shapenet350,table,0.2230435609817505,0.32568979263305664,0.46361324191093445,0.6656838059425354
shapenet351,table,0.6481642127037048,0.6668009757995605,0.6829530596733093,0.7116305828094482
shapenet352,table,0.551440417766571,0.6179543733596802,0.6524673104286194,0.695872962474823
shapenet355,table,0.3220597803592682,0.4152619540691376,0.5462103486061096,0.7093475461006165
shapenet356,table,0.3889821767807007,0.41532817482948303,0.44379857182502747,0.4977782666683197
shapenet358,table,0.34761276841163635,0.3597193956375122,0.38526925444602966,0.43965521454811096
shapenet359,table,0.22977638244628906,0.24949204921722412,0.27961185574531555,0.33609738945961
shapenet361,table,0.2261446863412857,0.3289514482021332,0.46307989954948425,0.5952996611595154
shapenet363,table,0.45558962225914,0.6057153344154358,0.6646974682807922,0.7119824886322021
shapenet366,table,0.14920997619628906,0.23859001696109772,0.3670214116573334,0.515466570854187
shapenet368,table,0.3552333414554596,0.42180362343788147,0.5463297963142395,0.6674968600273132
shapenet370,table,0.5211198329925537,0.5975802540779114,0.6690773963928223,0.7216393351554871
shapenet372,table,0.4296773672103882,0.44999146461486816,0.47941431403160095,0.547247052192688
shapenet374,table,0.1936354637145996,0.2056722640991211,0.235077902674675,0.29990625381469727
shapenet375,table,0.5596651434898376,0.7479531168937683,0.8556368947029114,0.9405505061149597
shapenet376,table,0.24593226611614227,0.3811330795288086,0.5844672322273254,0.7761871814727783
shapenet377,table,0.636054515838623,0.774045467376709,0.8649067878723145,0.9397330284118652
shapenet378,table,0.2297474592924118,0.24047964811325073,0.2684325575828552,0.3322768211364746
shapenet379,table,0.5868797898292542,0.6299229264259338,0.6835386157035828,0.7543308138847351
shapenet380,table,0.6189798712730408,0.6378259658813477,0.6527467370033264,0.6830516457557678
shapenet385,table,0.14554773271083832,0.1574094146490097,0.18770058453083038,0.2548483610153198
shapenet387,table,0.29769185185432434,0.3669606149196625,0.4272094666957855,0.49397119879722595
shapenet388,table,0.49523982405662537,0.5524535775184631,0.5822709202766418,0.6200547814369202
shapenet389,table,0.18948596715927124,0.3223024904727936,0.480684369802475,0.664685070514679
shapenet392,table,0.4002171456813812,0.4334637224674225,0.4756735861301422,0.532666027545929
shapenet393,table,0.29586437344551086,0.30595237016677856,0.33113211393356323,0.38978323340415955
shapenet397,table,0.5074619054794312,0.6627770066261292,0.7827977538108826,0.8889889717102051
shapenet400,table,0.4553893506526947,0.5137941837310791,0.5620981454849243,0.6158733367919922
shapenet405,table,0.5695304274559021,0.7612113952636719,0.8771587014198303,0.9631505012512207
shapenet410,table,0.11525044590234756,0.13184158504009247,0.17401552200317383,0.27401018142700195
shapenet411,table,0.20759491622447968,0.35904765129089355,0.5187726616859436,0.6804826855659485
shapenet412,table,0.5963162779808044,0.7650933265686035,0.8467822074890137,0.9099922180175781
shapenet413,table,0.10445725917816162,0.24657678604125977,0.3427843749523163,0.45566654205322266
shapenet415,table,0.47055020928382874,0.5181643962860107,0.5458145141601562,0.5937854051589966
shapenet418,table,0.2731790244579315,0.2907010316848755,0.3182733356952667,0.3738386332988739
shapenet420,table,0.6406269073486328,0.7977134585380554,0.8677385449409485,0.9162845611572266
shapenet422,table,0.20135904848575592,0.21539027988910675,0.24533207714557648,0.31049296259880066
shapenet423,table,0.3237478733062744,0.4299493730068207,0.5368082523345947,0.6941244006156921
shapenet424,table,0.1082635298371315,0.155027836561203,0.2690190374851227,0.4538814127445221
shapenet429,table,0.28252914547920227,0.29386818408966064,0.32002779841423035,0.3776707649230957
shapenet431,table,0.30904045701026917,0.47866055369377136,0.6212539076805115,0.7573431134223938
shapenet432,table,0.573485791683197,0.7471668720245361,0.8451293110847473,0.9133597016334534
shapenet439,table,0.40587738156318665,0.515865683555603,0.59531170129776,0.689753532409668
shapenet440,table,0.1629401445388794,0.361221581697464,0.5446560978889465,0.7336094975471497
shapenet443,table,0.1301996260881424,0.17388029396533966,0.2628972828388214,0.4317115843296051
shapenet444,table,0.674426257610321,0.7808924317359924,0.8492154479026794,0.8907058835029602
shapenet447,table,0.6340391039848328,0.7116100192070007,0.7735529541969299,0.8249686360359192
shapenet449,table,0.19441337883472443,0.20553572475910187,0.23541301488876343,0.3020522892475128
shapenet450,table,0.649716854095459,0.7761569619178772,0.8695942759513855,0.9382152557373047
shapenet453,table,0.2945733964443207,0.3205163776874542,0.35110998153686523,0.4047281742095947
shapenet455,table,0.2500878870487213,0.2620748281478882,0.2891942858695984,0.3488939106464386
shapenet458,table,0.5160384774208069,0.7229211330413818,0.8458567261695862,0.9156381487846375
shapenet459,table,0.22797124087810516,0.2528897225856781,0.2841716706752777,0.34834015369415283
shapenet461,table,0.5031945109367371,0.6908769011497498,0.7893450260162354,0.8529332280158997
shapenet462,table,0.27247750759124756,0.3714829385280609,0.5171973705291748,0.6971772313117981
shapenet464,table,0.299431174993515,0.3842509686946869,0.507010281085968,0.6760389804840088
shapenet469,table,0.18528099358081818,0.37051644921302795,0.5407117009162903,0.7220320105552673
shapenet471,table,0.2340046614408493,0.2446432113647461,0.27228328585624695,0.3356710374355316
shapenet473,table,0.2367277592420578,0.24690227210521698,0.2743491530418396,0.33778905868530273
shapenet474,table,0.4261744022369385,0.506152868270874,0.5845503211021423,0.6568784713745117
shapenet476,table,0.20085908472537994,0.21217460930347443,0.24145954847335815,0.3073078691959381
shapenet477,table,0.49207159876823425,0.6364306807518005,0.7496485710144043,0.8640257716178894
shapenet478,table,0.5144080519676208,0.5388090014457703,0.5792753100395203,0.6344172954559326
shapenet480,table,0.1781066209077835,0.2030525654554367,0.23519785702228546,0.30098092555999756
shapenet482,table,0.6006383299827576,0.6718955039978027,0.7322940826416016,0.7908576130867004
shapenet484,table,0.2045108526945114,0.2163199931383133,0.24441955983638763,0.30914556980133057
shapenet486,table,0.6292576193809509,0.7309646010398865,0.8129043579101562,0.8795903325080872
shapenet488,table,0.6162493228912354,0.7901413440704346,0.8833244442939758,0.9497902989387512
shapenet490,table,0.28809258341789246,0.4839060306549072,0.657296359539032,0.8309418559074402
shapenet496,table,0.5844408869743347,0.6254469752311707,0.6522595882415771,0.6930599212646484
shapenet497,table,0.48876824975013733,0.5609943866729736,0.6919680237770081,0.8278101086616516
shapenet498,table,0.32963046431541443,0.40996238589286804,0.5348732471466064,0.647929847240448
shapenet501,table,0.22476935386657715,0.23665748536586761,0.26401397585868835,0.32638171315193176
shapenet504,table,0.23377132415771484,0.24491459131240845,0.27172747254371643,0.3345038890838623
shapenet505,table,0.4752345085144043,0.6070379614830017,0.6882454752922058,0.7552041411399841
shapenet506,table,0.29894551634788513,0.40315303206443787,0.5529439449310303,0.7325429916381836
shapenet507,table,0.27074024081230164,0.28120124340057373,0.30806687474250793,0.36890390515327454
shapenet509,table,0.3558478057384491,0.42472854256629944,0.524008572101593,0.670475959777832
shapenet510,table,0.391971230506897,0.4054375886917114,0.4272555410861969,0.4748119115829468
shapenet513,table,0.42653706669807434,0.4362972676753998,0.4560459554195404,0.5008777379989624
shapenet514,table,0.2840457856655121,0.42802509665489197,0.5543498396873474,0.678521454334259
shapenet515,table,0.2684725522994995,0.3379507064819336,0.42738279700279236,0.579018771648407
shapenet516,table,0.43918147683143616,0.6368775367736816,0.751738965511322,0.8666288256645203
shapenet518,table,0.6547353863716125,0.674597442150116,0.7143048644065857,0.7595782279968262
shapenet520,table,0.27777811884880066,0.2983010709285736,0.32736045122146606,0.3885304927825928
shapenet521,table,0.5747794508934021,0.6210398077964783,0.6573130488395691,0.694897472858429
shapenet523,table,0.24283058941364288,0.25384894013404846,0.2805728018283844,0.34329596161842346
shapenet526,table,0.5787045955657959,0.6684691905975342,0.7267177104949951,0.8021652698516846
shapenet527,table,0.336317777633667,0.52983158826828,0.6744604706764221,0.828113853931427
shapenet529,table,0.45557260513305664,0.47356370091438293,0.5007347464561462,0.5466095209121704
shapenet534,table,0.02225649356842041,0.047138843685388565,0.0978328287601471,0.17916326224803925
shapenet535,table,0.40194737911224365,0.4785836637020111,0.5594894289970398,0.6371995806694031
shapenet537,table,0.5754489898681641,0.6318633556365967,0.6664445996284485,0.7057415843009949
shapenet541,table,0.551183819770813,0.6548337936401367,0.7455636858940125,0.8107595443725586
shapenet544,table,0.21265362203121185,0.31577441096305847,0.4533739984035492,0.6272020936012268
shapenet546,table,0.13262665271759033,0.14540477097034454,0.17679697275161743,0.24588815867900848
shapenet547,table,0.21993069350719452,0.31794077157974243,0.4575829803943634,0.6497841477394104
shapenet548,table,0.5186630487442017,0.7489071488380432,0.8709926009178162,0.9568789601325989
shapenet550,table,0.671393632888794,0.7638445496559143,0.8154980540275574,0.8526290059089661
shapenet554,table,0.24482238292694092,0.25553759932518005,0.2828982472419739,0.34586021304130554
shapenet555,table,0.20699648559093475,0.21828384697437286,0.24655507504940033,0.3090432584285736
shapenet567,table,0.1317707896232605,0.2765827476978302,0.4369303286075592,0.6341671943664551
shapenet569,table,0.3823157846927643,0.5045183300971985,0.6412525177001953,0.7831408977508545
shapenet572,table,0.5346300005912781,0.5857320427894592,0.6131645441055298,0.6496528387069702
shapenet574,table,0.21446551382541656,0.22601373493671417,0.2540733814239502,0.3181208074092865
shapenet577,table,0.548349142074585,0.6280161738395691,0.693577229976654,0.7567886710166931
shapenet580,table,0.5265524983406067,0.5731974840164185,0.6325967311859131,0.6987571120262146
shapenet584,table,0.024363815784454346,0.041733961552381516,0.09130319952964783,0.21076221764087677
shapenet586,table,0.02482748031616211,0.04489177465438843,0.09454084187746048,0.2109442800283432
shapenet590,table,0.2126556783914566,0.22501663863658905,0.2545197308063507,0.31820207834243774
shapenet591,table,0.18546198308467865,0.20038366317749023,0.2540959417819977,0.35482966899871826
shapenet592,table,0.6032834053039551,0.6348226070404053,0.6626089215278625,0.7083699107170105
shapenet593,table,0.5992509126663208,0.6933248043060303,0.7588027119636536,0.8187580108642578
shapenet597,table,0.24634407460689545,0.2567082941532135,0.28401443362236023,0.34697046875953674
shapenet598,table,0.22577188909053802,0.2366410493850708,0.26454249024391174,0.3285454213619232
shapenet599,table,0.3419974148273468,0.4736593961715698,0.6255540251731873,0.7798363566398621
shapenet600,table,0.30954816937446594,0.31952571868896484,0.34410107135772705,0.40205368399620056
shapenet604,table,0.4805034101009369,0.5876684784889221,0.719977080821991,0.818842351436615
shapenet605,table,0.17889325320720673,0.19982218742370605,0.2335876226425171,0.30094072222709656
shapenet608,table,0.5490993857383728,0.5666881203651428,0.6126232147216797,0.6815397143363953
shapenet609,table,0.24949026107788086,0.2606663405895233,0.28865110874176025,0.35161861777305603
shapenet612,table,0.24412532150745392,0.2554967701435089,0.2851240932941437,0.34864187240600586
shapenet616,table,0.589679479598999,0.6949968934059143,0.7644116282463074,0.8259267807006836
shapenet617,table,0.5902689695358276,0.7375330328941345,0.8344905972480774,0.8988315463066101
shapenet619,table,0.2518952488899231,0.36026525497436523,0.5428476333618164,0.7412926554679871
shapenet620,table,0.2370232790708542,0.4260734021663666,0.5458711981773376,0.7222511172294617
shapenet622,table,0.06012628600001335,0.07266414165496826,0.10584170371294022,0.1795327067375183
shapenet623,table,0.5780012011528015,0.7703881859779358,0.8668056130409241,0.9455323219299316
shapenet628,table,0.3198778033256531,0.410821795463562,0.527415931224823,0.7079224586486816
shapenet629,table,0.3576953709125519,0.38259658217430115,0.4100669324398041,0.4646662771701813
shapenet633,table,0.06606058031320572,0.10820914059877396,0.15015603601932526,0.24994520843029022
shapenet635,table,0.0694112554192543,0.10222559422254562,0.1457381695508957,0.2167278379201889
shapenet636,table,0.6748010516166687,0.7200904488563538,0.7510983943939209,0.7787038683891296
shapenet638,table,0.3344856798648834,0.46404901146888733,0.628965437412262,0.7889142036437988
shapenet639,table,0.2330583781003952,0.24292583763599396,0.2708643674850464,0.3320622742176056
shapenet640,table,0.052206557244062424,0.07311306148767471,0.12253761291503906,0.1981944888830185
shapenet644,table,0.6395706534385681,0.6985265612602234,0.7826731204986572,0.856086790561676
shapenet646,table,0.26877591013908386,0.3654922544956207,0.5178431868553162,0.6989233493804932
shapenet652,table,0.23814482986927032,0.2493608593940735,0.2758629024028778,0.33823809027671814
shapenet653,table,0.43867483735084534,0.5233567953109741,0.6333922743797302,0.7554652094841003
shapenet656,table,0.15127909183502197,0.27282655239105225,0.46323665976524353,0.6589197516441345
shapenet658,table,0.2633781433105469,0.2738417387008667,0.3014346659183502,0.36332985758781433
shapenet662,table,0.43561041355133057,0.44416919350624084,0.4629560708999634,0.5068157315254211
shapenet664,table,0.3290192484855652,0.4888317286968231,0.6576274037361145,0.8102323412895203
shapenet665,table,0.19368968904018402,0.2051796317100525,0.23369933664798737,0.2991655170917511
shapenet666,table,0.4411625564098358,0.4614274501800537,0.49466392397880554,0.5428088307380676
shapenet667,table,0.008845110423862934,0.05225802958011627,0.1277996003627777,0.2734476327896118
shapenet677,table,0.6056339740753174,0.7058305740356445,0.8116602301597595,0.8898594975471497
shapenet678,table,0.2794167101383209,0.2905479073524475,0.3159048855304718,0.3753190040588379
shapenet679,table,0.28324466943740845,0.43271246552467346,0.6023340225219727,0.7550371289253235
shapenet682,table,0.2584998905658722,0.2751854956150055,0.30269306898117065,0.36463427543640137
shapenet683,table,0.47533464431762695,0.49322709441185,0.5218012928962708,0.5641765594482422
shapenet686,table,0.2623814344406128,0.3244274854660034,0.37394657731056213,0.44813600182533264
shapenet687,table,0.11727994680404663,0.25975939631462097,0.4344607889652252,0.6340108513832092
shapenet690,table,0.6331861019134521,0.7222267985343933,0.7681520581245422,0.8057071566581726
shapenet691,table,0.03246951103210449,0.04886374995112419,0.08382297307252884,0.15824168920516968
shapenet692,table,0.6192911267280579,0.6705641150474548,0.7341568470001221,0.80218505859375
shapenet693,table,0.1622440367937088,0.27338868379592896,0.43137773871421814,0.6520187258720398
shapenet697,table,0.5344898104667664,0.5706225633621216,0.613960325717926,0.6683347225189209
shapenet699,table,0.6711061596870422,0.7928126454353333,0.8797943592071533,0.9573275446891785
shapenet702,table,0.06737339496612549,0.09754253178834915,0.1406678557395935,0.21660852432250977
shapenet703,table,0.35226449370384216,0.48857438564300537,0.643955409526825,0.8022968769073486
shapenet708,table,0.035542625933885574,0.051609013229608536,0.09979116916656494,0.17676834762096405
shapenet711,table,0.4100775420665741,0.4487885534763336,0.47732672095298767,0.5289038419723511
shapenet714,table,0.11943250894546509,0.1699744313955307,0.22652067244052887,0.3360198736190796
shapenet715,table,0.25563928484916687,0.2681976854801178,0.2956448495388031,0.35502302646636963
shapenet718,table,0.46929481625556946,0.4796265661716461,0.5102314949035645,0.5831074714660645
shapenet719,table,0.5268264412879944,0.6058726906776428,0.6863835453987122,0.7859408259391785
shapenet722,table,0.1553562879562378,0.3329072892665863,0.48668304085731506,0.679918110370636
shapenet724,table,0.5857508778572083,0.6579415202140808,0.7010994553565979,0.7468894124031067
shapenet725,table,0.33430054783821106,0.42202821373939514,0.504249095916748,0.6016176342964172
shapenet732,table,0.09307865053415298,0.10563602298498154,0.13698330521583557,0.20608723163604736
shapenet734,table,0.672886848449707,0.7136450409889221,0.7419469356536865,0.7691724300384521
shapenet736,table,0.22906625270843506,0.2406022995710373,0.26942968368530273,0.332928329706192
shapenet739,table,0.23468773066997528,0.24566538631916046,0.2727515995502472,0.3355827033519745
shapenet740,table,0.43920132517814636,0.49618813395500183,0.5487285256385803,0.6120288968086243
shapenet743,table,0.21929454803466797,0.2765539586544037,0.3460378646850586,0.48845529556274414
shapenet744,table,0.5054014325141907,0.5815231800079346,0.6768288016319275,0.7838757634162903
shapenet749,table,0.5490477681159973,0.6689168810844421,0.7463634014129639,0.8406298756599426
shapenet751,table,0.45819321274757385,0.48798322677612305,0.5416324138641357,0.612453281879425
shapenet757,table,0.6927812099456787,0.778544008731842,0.8284446597099304,0.8591139912605286
shapenet759,table,0.59635990858078,0.6602370738983154,0.7348909974098206,0.7941422462463379
shapenet760,table,0.6517811417579651,0.6930211186408997,0.7221511006355286,0.753390371799469
shapenet761,table,0.18812809884548187,0.25530657172203064,0.33708199858665466,0.4854181706905365
shapenet762,table,0.0726761445403099,0.08667463064193726,0.11835769563913345,0.1933794468641281
shapenet766,table,0.25838664174079895,0.2985837459564209,0.36320582032203674,0.4414304494857788
shapenet770,table,0.14692240953445435,0.15913760662078857,0.18979625403881073,0.2587394416332245
shapenet771,table,0.2113284021615982,0.2234080582857132,0.2520551383495331,0.31711170077323914
shapenet772,table,0.027811387553811073,0.051149990409612656,0.08866331726312637,0.17552928626537323
shapenet773,table,0.20455609261989594,0.24534989893436432,0.298759788274765,0.4135691225528717
shapenet774,table,0.17737515270709991,0.3497494161128998,0.5415468811988831,0.7215745449066162
shapenet775,table,0.504084587097168,0.6306936144828796,0.7403898239135742,0.8464954495429993
shapenet782,table,0.36868801712989807,0.39909282326698303,0.44868898391723633,0.5062429308891296
shapenet790,table,0.26984432339668274,0.3693726360797882,0.5036138892173767,0.6707382202148438
shapenet791,table,0.21112804114818573,0.22284696996212006,0.2513807713985443,0.3165287673473358
shapenet796,table,0.339517205953598,0.4718523919582367,0.6327089667320251,0.7996783256530762
shapenet797,table,0.2942550480365753,0.37803706526756287,0.5223243236541748,0.7013470530509949
shapenet798,table,0.2995755672454834,0.3388504981994629,0.44589802622795105,0.5785462260246277
shapenet799,table,0.6287832856178284,0.7464783787727356,0.8400012850761414,0.9326098561286926
shapenet800,table,0.15762297809123993,0.1688002198934555,0.19877676665782928,0.2664092183113098
shapenet801,table,0.16360072791576385,0.36215171217918396,0.5239908695220947,0.6907346844673157
shapenet804,table,0.3780616521835327,0.3851189613342285,0.4088565409183502,0.46162691712379456
shapenet805,table,0.38641485571861267,0.4840487539768219,0.6373628973960876,0.8037002086639404
shapenet808,table,0.18354706466197968,0.19573934376239777,0.22158849239349365,0.2831321060657501
shapenet811,table,0.08528196811676025,0.11304020881652832,0.20353977382183075,0.3683384954929352
shapenet812,table,0.5771571397781372,0.6620927453041077,0.7627604603767395,0.8562052845954895
shapenet813,table,0.6227551102638245,0.7788746953010559,0.8749673962593079,0.9538059830665588
shapenet814,table,0.6773558259010315,0.7379519939422607,0.8049821853637695,0.8759071826934814
shapenet816,table,0.09756741672754288,0.17832839488983154,0.3302976191043854,0.4966057538986206
shapenet817,table,0.34732452034950256,0.41680654883384705,0.5358670949935913,0.6612221598625183
shapenet818,table,0.5917760133743286,0.7533262372016907,0.8687787652015686,0.9459457397460938
shapenet820,table,0.4686106741428375,0.5957116484642029,0.703308641910553,0.7975695729255676
shapenet825,table,0.131850466132164,0.2775646150112152,0.4404175281524658,0.6216503977775574
shapenet826,table,0.08573178201913834,0.27749064564704895,0.43847861886024475,0.6634855270385742
shapenet827,table,0.14357326924800873,0.1534186452627182,0.1836928278207779,0.25285422801971436
shapenet831,table,0.2690834403038025,0.29201868176460266,0.3197038471698761,0.37851640582084656
shapenet832,table,0.042091209441423416,0.0594368577003479,0.09771069884300232,0.18891553580760956
shapenet833,table,0.35882583260536194,0.3780054748058319,0.40579652786254883,0.461029052734375
shapenet835,table,0.3082716464996338,0.31895700097084045,0.34525224566459656,0.4036497175693512
shapenet837,table,0.4581468105316162,0.5214086174964905,0.6582279205322266,0.7838889956474304
shapenet840,table,0.5127341747283936,0.581356942653656,0.681638777256012,0.8006659150123596
shapenet845,table,0.2735915184020996,0.3658907115459442,0.4569326937198639,0.5580357909202576
shapenet846,table,0.4570868909358978,0.47847482562065125,0.5092759728431702,0.5531186461448669
shapenet848,table,0.641662061214447,0.7374873757362366,0.8063040375709534,0.8479037284851074
shapenet851,table,0.2668862044811249,0.2780519723892212,0.30536386370658875,0.36690640449523926
shapenet852,table,0.5688309073448181,0.7536266446113586,0.8500795960426331,0.9174386858940125
shapenet854,table,0.6732769012451172,0.7528247237205505,0.7926157116889954,0.8212229609489441
shapenet856,table,0.009912252426147461,0.05581425502896309,0.10899925231933594,0.19798298180103302
shapenet859,table,0.08522585779428482,0.17856188118457794,0.27874693274497986,0.4107631742954254
shapenet860,table,0.19715888798236847,0.21184642612934113,0.2406998872756958,0.3046138286590576
shapenet861,table,0.21261994540691376,0.36940908432006836,0.5146957039833069,0.7089988589286804
shapenet863,table,0.2650550901889801,0.34254732728004456,0.4867641031742096,0.6788660883903503
shapenet867,table,0.5620152354240417,0.6106176972389221,0.6688807606697083,0.73426753282547
shapenet869,table,0.30268773436546326,0.35106417536735535,0.4735703468322754,0.6002132296562195
shapenet871,table,0.6499468088150024,0.7057088017463684,0.741790771484375,0.7724428176879883
shapenet873,table,0.4093059003353119,0.5350018739700317,0.688490092754364,0.8359244465827942
shapenet877,table,0.27319207787513733,0.29395535588264465,0.3199009895324707,0.37239933013916016
shapenet878,table,0.470624715089798,0.5557519197463989,0.6309964060783386,0.6933247447013855
shapenet879,table,0.36402055621147156,0.42050325870513916,0.5398121476173401,0.7113930583000183
shapenet884,table,0.3028995096683502,0.4251147210597992,0.5619978904724121,0.7207205891609192
shapenet886,table,0.04184327647089958,0.053872305899858475,0.09334617853164673,0.17919917404651642
shapenet888,table,0.06924796104431152,0.11647409945726395,0.23019099235534668,0.4261091649532318
shapenet891,table,0.268806129693985,0.2790316343307495,0.3049432635307312,0.3658410310745239
shapenet893,table,0.6677224040031433,0.7675502896308899,0.8155207633972168,0.8464357256889343
shapenet898,table,0.18670916557312012,0.19884192943572998,0.22867755591869354,0.29486706852912903
shapenet899,table,0.2929246723651886,0.3120344579219818,0.3500957787036896,0.41608890891075134
shapenet901,table,0.32196635007858276,0.33096829056739807,0.3559303283691406,0.41221246123313904
shapenet902,table,0.3910644054412842,0.5127139687538147,0.6324808597564697,0.7632530331611633
shapenet903,table,0.568234384059906,0.710601806640625,0.8046490550041199,0.8700602054595947
shapenet904,table,0.11123230308294296,0.335604190826416,0.5121078491210938,0.681346595287323
shapenet906,table,0.6218042969703674,0.666455090045929,0.7241737246513367,0.7779409885406494
shapenet913,table,0.16178347170352936,0.19206009805202484,0.24393677711486816,0.37037697434425354
shapenet914,table,0.05409939959645271,0.10055682808160782,0.1739070564508438,0.26581689715385437
shapenet915,table,0.15138991177082062,0.3077678978443146,0.4539017379283905,0.627585232257843
shapenet916,table,0.2731049954891205,0.28873541951179504,0.3174351751804352,0.3772127628326416
shapenet918,table,0.5788533687591553,0.642271101474762,0.7226008772850037,0.8168730735778809
shapenet919,table,0.29870137572288513,0.30980777740478516,0.33613288402557373,0.3952678143978119
shapenet923,table,0.3131239414215088,0.4079829752445221,0.5158138275146484,0.6424511671066284
shapenet924,table,0.22005219757556915,0.3647141456604004,0.5336750149726868,0.7311344742774963
shapenet925,table,0.3944607973098755,0.5075740814208984,0.6366584897041321,0.7667251229286194
shapenet927,table,0.325743705034256,0.39716264605522156,0.5209538340568542,0.6786486506462097
shapenet930,table,0.3712831437587738,0.4044611155986786,0.42974039912223816,0.4802791178226471
shapenet938,table,0.138725146651268,0.15853123366832733,0.1938135176897049,0.26622071862220764
shapenet939,table,0.017607569694519043,0.04753847420215607,0.09840015321969986,0.19755367934703827
shapenet941,table,0.5205066204071045,0.5940834283828735,0.677463948726654,0.74422287940979
shapenet942,table,0.42132750153541565,0.49368396401405334,0.5738756060600281,0.6528689861297607
shapenet943,table,0.23101301491260529,0.2560954988002777,0.2845039367675781,0.3400016129016876
shapenet946,table,0.2139410525560379,0.24328307807445526,0.3194524049758911,0.4145354926586151
shapenet949,table,0.3127111494541168,0.3966444432735443,0.5408015251159668,0.7108848094940186
shapenet950,table,0.2307177633047104,0.32687854766845703,0.4714857339859009,0.6456597447395325
shapenet952,table,0.5769115090370178,0.752241313457489,0.863836944103241,0.9398395419120789
shapenet953,table,0.03294531628489494,0.052894484251737595,0.1026967465877533,0.19178485870361328
shapenet954,table,0.1163240298628807,0.1280890852212906,0.1592707484960556,0.22886818647384644
shapenet955,table,0.24509720504283905,0.2571309506893158,0.2851698398590088,0.3480604588985443
shapenet956,table,0.17885811626911163,0.36326733231544495,0.5250651240348816,0.7132810950279236
shapenet957,table,0.2277427464723587,0.3340059220790863,0.41146326065063477,0.4980790615081787
shapenet958,table,0.06760603189468384,0.19426941871643066,0.3387690782546997,0.5320209860801697
shapenet959,table,0.21034669876098633,0.3837379515171051,0.5540063977241516,0.7422142028808594
shapenet960,table,0.5296927094459534,0.5900343060493469,0.709425687789917,0.8193561434745789
shapenet966,table,0.5353848934173584,0.6165555715560913,0.6955773234367371,0.7738457322120667
shapenet967,table,0.3271678388118744,0.42163482308387756,0.5418543219566345,0.7069520950317383
shapenet974,table,0.6869525909423828,0.7809514999389648,0.8346038460731506,0.8666425347328186
shapenet977,table,0.3188064396381378,0.40685129165649414,0.5462095737457275,0.723365068435669
shapenet978,table,0.2957543730735779,0.3059121072292328,0.3329128623008728,0.3924535810947418
shapenet979,table,0.48626676201820374,0.5391393303871155,0.6397297978401184,0.7676852345466614
shapenet983,table,0.2110707312822342,0.22053420543670654,0.24973760545253754,0.3148100674152374
shapenet984,table,0.6681148409843445,0.7414028644561768,0.785548210144043,0.8184520602226257
shapenet989,table,0.3093016445636749,0.34361329674720764,0.3826937675476074,0.44008609652519226
shapenet990,table,0.5846556425094604,0.6167782545089722,0.643286943435669,0.6773211359977722
shapenet991,table,0.5977621078491211,0.671560525894165,0.7673477530479431,0.8560666441917419
shapenet994,table,0.5917453169822693,0.7475535273551941,0.8534059524536133,0.9226425290107727
shapenet1000,table,0.2796332538127899,0.36484965682029724,0.49467435479164124,0.6600544452667236
shapenet1003,table,0.03805239871144295,0.06936828047037125,0.11318788677453995,0.2121138572692871
shapenet1005,table,0.5192702412605286,0.5440135598182678,0.5734286904335022,0.6127246022224426
shapenet1008,table,0.6363967061042786,0.7181864380836487,0.7683517336845398,0.8080776333808899
shapenet1009,table,0.1638609915971756,0.17676448822021484,0.20720912516117096,0.2745477855205536
shapenet1010,table,0.4504218101501465,0.5649913549423218,0.7147782444953918,0.8568625450134277
shapenet1016,table,0.13897474110126495,0.20736165344715118,0.28824853897094727,0.3791658580303192
shapenet1019,table,0.5270952582359314,0.6557179093360901,0.7481700778007507,0.8294784426689148
shapenet1020,table,0.292562872171402,0.3100951015949249,0.3375926911830902,0.3948476314544678
shapenet1023,table,0.21590669453144073,0.22768671810626984,0.2527560293674469,0.3124275803565979
shapenet1024,table,0.3236689269542694,0.3953436613082886,0.5213913917541504,0.6999996304512024
shapenet1025,table,0.26448437571525574,0.38186216354370117,0.5365385413169861,0.700707197189331
shapenet1026,table,0.2533375024795532,0.27980655431747437,0.3125708997249603,0.37360766530036926
shapenet1028,table,0.6316242814064026,0.7719433307647705,0.875546395778656,0.9610163569450378
shapenet1030,table,0.5294503569602966,0.709097683429718,0.7814181447029114,0.8658463954925537
shapenet1033,table,0.04803983494639397,0.06662110239267349,0.10201018303632736,0.1859869360923767
shapenet1034,table,0.28370025753974915,0.528838574886322,0.6974789500236511,0.8392841219902039
shapenet1035,table,0.03358395770192146,0.1767442375421524,0.3404959738254547,0.627021312713623
shapenet1036,table,0.5472354292869568,0.6126449108123779,0.6768758893013,0.7429580688476562
shapenet1037,table,0.4081737995147705,0.585252583026886,0.7255168557167053,0.8539707660675049
shapenet1041,table,0.296728253364563,0.3057865500450134,0.33274319767951965,0.393288254737854
shapenet1042,table,0.5706207752227783,0.6611964106559753,0.7428058981895447,0.8361287117004395
shapenet1043,table,0.2742736339569092,0.3581341803073883,0.4841277301311493,0.6603907942771912
shapenet1047,table,0.16626299917697906,0.20633210241794586,0.2964426279067993,0.4782148599624634
shapenet1048,table,0.1157820001244545,0.14996136724948883,0.21693642437458038,0.3428296148777008
shapenet1049,table,0.2821315824985504,0.2921687662601471,0.3181774914264679,0.37649011611938477
shapenet1050,table,0.6383483409881592,0.6460848450660706,0.6616955399513245,0.6905808448791504
shapenet1053,table,0.3506496250629425,0.4108006954193115,0.4878579378128052,0.5413061380386353
shapenet1055,table,0.2133212834596634,0.22484751045703888,0.25304338335990906,0.3152194917201996
shapenet1056,table,0.2836897373199463,0.3860785961151123,0.5075384378433228,0.6807971000671387
shapenet1057,table,0.2235679179430008,0.23442012071609497,0.2628649175167084,0.3273673355579376
shapenet1061,table,0.2839907705783844,0.3045324385166168,0.33729100227355957,0.39592209458351135
shapenet1062,table,0.05279463529586792,0.07137501239776611,0.11666011810302734,0.19416336715221405
shapenet1066,table,0.3182137608528137,0.33065006136894226,0.3569782078266144,0.41407835483551025
shapenet1067,table,0.48330965638160706,0.5736144185066223,0.7182316780090332,0.8572215437889099
shapenet1070,table,0.378933310508728,0.4046391248703003,0.43402552604675293,0.4909728765487671
shapenet1074,table,0.1630089432001114,0.1745605319738388,0.20096474885940552,0.2644551992416382
shapenet1078,table,0.16017018258571625,0.2178259938955307,0.30075275897979736,0.4022310674190521
shapenet1079,table,0.5841417908668518,0.6139511466026306,0.6546891331672668,0.7129209637641907
shapenet1081,table,0.5249693393707275,0.6588672995567322,0.7807081341743469,0.8907455801963806
shapenet1082,table,0.10167765617370605,0.11451563239097595,0.1459868848323822,0.2166992425918579
shapenet1084,table,0.3609800338745117,0.3739983141422272,0.3995525538921356,0.45260098576545715
shapenet1085,table,0.06606084108352661,0.14770948886871338,0.25272008776664734,0.3585599660873413
shapenet1086,table,0.20738136768341064,0.3710566461086273,0.5266799926757812,0.6927449107170105
shapenet1088,table,0.4281482398509979,0.44573602080345154,0.47143206000328064,0.5224040746688843
shapenet1091,table,0.43734073638916016,0.7410628795623779,0.8653066754341125,0.9624964594841003
shapenet1092,table,0.24946807324886322,0.26030784845352173,0.28758516907691956,0.34955349564552307
shapenet1093,table,0.3218255341053009,0.4671909809112549,0.6000315546989441,0.7467343211174011
shapenet1096,table,0.03674083948135376,0.05593639612197876,0.09844391793012619,0.182111456990242
shapenet1097,table,0.33719977736473083,0.4189998209476471,0.5554655194282532,0.6896615028381348
shapenet1099,table,0.15287894010543823,0.19045501947402954,0.42500564455986023,0.5437949299812317
shapenet1100,table,0.2121676355600357,0.22375370562076569,0.2520849406719208,0.3147484064102173
shapenet1103,table,0.6388950943946838,0.6656315922737122,0.6816679835319519,0.7102608680725098
shapenet1111,table,0.7055670619010925,0.7325885891914368,0.7574531435966492,0.7827718257904053
shapenet1113,table,0.27579808235168457,0.29514938592910767,0.32631754875183105,0.3791120946407318
shapenet1117,table,0.21290308237075806,0.22393138706684113,0.2531677186489105,0.3183150589466095
shapenet1119,table,0.26145222783088684,0.27295276522636414,0.30106526613235474,0.3610556125640869
shapenet1120,table,0.21114985644817352,0.22542865574359894,0.2554360330104828,0.3206377327442169
shapenet1121,table,0.34106937050819397,0.5442588329315186,0.7069952487945557,0.8453247547149658
shapenet1123,table,0.481290340423584,0.5214728713035583,0.5514024496078491,0.6005693078041077
shapenet1125,table,0.6469064354896545,0.7684903740882874,0.8273608088493347,0.8634859919548035
shapenet1127,table,0.43172451853752136,0.5171325206756592,0.5510218143463135,0.6012837290763855
shapenet1129,table,0.5358427166938782,0.6887290477752686,0.7705942988395691,0.8333700299263
shapenet1131,table,0.6449358463287354,0.793217122554779,0.860201358795166,0.907021701335907
shapenet1137,table,0.2149651199579239,0.22636324167251587,0.2548055350780487,0.3193792402744293
shapenet1141,table,0.6404017806053162,0.7068805694580078,0.7632801532745361,0.8231878280639648
shapenet1142,table,0.49613308906555176,0.5094968676567078,0.5468233227729797,0.625617504119873
shapenet1143,table,0.532801628112793,0.7552348971366882,0.8619793057441711,0.9290637969970703
shapenet1144,table,0.5707671046257019,0.7434975504875183,0.8505978584289551,0.9194219708442688
shapenet1145,table,0.18721912801265717,0.31618478894233704,0.4871596395969391,0.6816129088401794
shapenet1146,table,0.5716221928596497,0.6139233112335205,0.6373851895332336,0.6753425598144531
shapenet1147,table,0.08489855378866196,0.13220207393169403,0.17811506986618042,0.2739110589027405
shapenet1149,table,0.27535906434059143,0.31045976281166077,0.34203624725341797,0.3967333734035492
shapenet1155,table,0.43291571736335754,0.5353997349739075,0.6106307506561279,0.6730602383613586
shapenet1157,table,0.6559199690818787,0.6845951676368713,0.7025379538536072,0.7303187847137451
shapenet1159,table,0.21017134189605713,0.22141851484775543,0.2502534091472626,0.31566736102104187
shapenet1160,table,0.604353129863739,0.7755692005157471,0.8776893615722656,0.9587889313697815
shapenet1161,table,0.5675972104072571,0.6631035208702087,0.7039663791656494,0.7458019852638245
shapenet1163,table,0.08686121553182602,0.10284482687711716,0.1472458839416504,0.25179243087768555
shapenet1168,table,0.3232938051223755,0.4400310218334198,0.5954588651657104,0.7449660897254944
shapenet1171,table,0.26378342509269714,0.2735268175601959,0.301037460565567,0.3631458282470703
shapenet1172,table,0.24548818171024323,0.36701440811157227,0.5273503661155701,0.6881316304206848
shapenet1174,table,0.5712986588478088,0.6274914145469666,0.6931782364845276,0.7470337748527527
shapenet1178,table,0.5919139385223389,0.755303144454956,0.8631446361541748,0.9399388432502747
shapenet1179,table,0.3105856776237488,0.36314353346824646,0.4802233874797821,0.6006345152854919
shapenet1182,table,0.689858615398407,0.7518439292907715,0.7931210994720459,0.8202871680259705
shapenet1183,table,0.4001655578613281,0.4210515022277832,0.44699564576148987,0.49272266030311584
shapenet1184,table,0.2031155228614807,0.2145177721977234,0.2431444674730301,0.30840590596199036
shapenet1186,table,0.557921826839447,0.6387515664100647,0.7142787575721741,0.7907083630561829
shapenet1187,table,0.06811461597681046,0.25456199049949646,0.44268766045570374,0.6356894373893738
shapenet1189,table,0.4067469537258148,0.4402197301387787,0.4661639630794525,0.5161688327789307
shapenet1190,table,0.5981746315956116,0.6393067836761475,0.6770181655883789,0.7192983627319336
shapenet1191,table,0.3892398774623871,0.48645877838134766,0.6353591084480286,0.7908525466918945
shapenet1194,table,0.6041944622993469,0.7542851567268372,0.8746013045310974,0.9696381688117981
shapenet1196,table,0.20058061182498932,0.22063452005386353,0.25038984417915344,0.3154590427875519
shapenet1197,table,0.3984312117099762,0.42127561569213867,0.44578686356544495,0.49493885040283203
shapenet1199,table,0.3919779360294342,0.42297491431236267,0.45093512535095215,0.5041566491127014
shapenet1200,table,0.13419367372989655,0.21552491188049316,0.30692383646965027,0.4394596517086029
shapenet1201,table,0.12193045765161514,0.22761203348636627,0.37819138169288635,0.6049497127532959
shapenet1202,table,0.18637597560882568,0.1982344388961792,0.22793030738830566,0.2942391037940979
shapenet1208,table,0.4693543612957001,0.5118677616119385,0.5378646850585938,0.5826757550239563
shapenet1210,table,0.4715348780155182,0.5255236029624939,0.596637487411499,0.6876164078712463
shapenet1211,table,0.11913403123617172,0.1356067657470703,0.1657755821943283,0.2346130609512329
shapenet1212,table,0.6538469195365906,0.7625729441642761,0.8545857071876526,0.929527759552002
shapenet1215,table,0.18948382139205933,0.20182734727859497,0.2323049157857895,0.29809752106666565
shapenet1216,table,0.4351170063018799,0.45199957489967346,0.4760657548904419,0.5237493515014648
shapenet1218,table,0.5827214121818542,0.6648542284965515,0.7086579203605652,0.7499348521232605
shapenet1220,table,0.5907799601554871,0.7134622931480408,0.7983084321022034,0.8608894944190979
shapenet1222,table,0.44696366786956787,0.5172054171562195,0.5912482142448425,0.6716652512550354
shapenet1224,table,0.23729515075683594,0.24843765795230865,0.27689090371131897,0.3399845063686371
shapenet1226,table,0.2346351593732834,0.39557722210884094,0.5823694467544556,0.749678909778595
shapenet1227,table,0.18365304172039032,0.2527000606060028,0.44591212272644043,0.6140186786651611
shapenet1228,table,0.2817869484424591,0.2925938665866852,0.31874358654022217,0.3783257007598877
shapenet1232,table,0.45613276958465576,0.5093739628791809,0.5424866080284119,0.5896297097206116
shapenet1234,table,0.500902533531189,0.5648206472396851,0.6512059569358826,0.7507867217063904
shapenet1241,table,0.02068175934255123,0.032801877707242966,0.0660691037774086,0.14174379408359528
shapenet1242,table,0.3802696764469147,0.4983026683330536,0.6370686888694763,0.7538943290710449
shapenet1245,table,0.25499227643013,0.265505313873291,0.2927052974700928,0.35534945130348206
shapenet1250,table,0.2682422697544098,0.4426606595516205,0.5985093116760254,0.7376834750175476
shapenet1252,table,0.5589118599891663,0.5990141034126282,0.6214067935943604,0.660235583782196
shapenet1253,table,0.4933865964412689,0.5487772822380066,0.5765714049339294,0.6212136149406433
shapenet1255,table,0.45530059933662415,0.46930989623069763,0.4984836280345917,0.5555816292762756
shapenet1256,table,0.32617250084877014,0.3349202871322632,0.361281156539917,0.41830599308013916
shapenet1258,table,0.6321812272071838,0.7651165127754211,0.8634914755821228,0.93519526720047
shapenet1259,table,0.41223737597465515,0.4743100702762604,0.6241025924682617,0.7679784893989563
shapenet1260,table,0.5285723209381104,0.7206584811210632,0.8026492595672607,0.8597645163536072
shapenet1262,table,0.1926814317703247,0.3234574496746063,0.5090377926826477,0.7004008293151855
shapenet1263,table,0.4485359191894531,0.46212974190711975,0.49016547203063965,0.5361312031745911
shapenet1264,table,0.6344591975212097,0.7791374325752258,0.870243489742279,0.9494360089302063
shapenet1267,table,0.6177722811698914,0.6739969253540039,0.7289342284202576,0.7847458720207214
shapenet1269,table,0.148580864071846,0.32338982820510864,0.5038909316062927,0.6946337819099426
shapenet1271,table,0.3735453188419342,0.3844233453273773,0.40815210342407227,0.4599111080169678
shapenet1273,table,0.6527271270751953,0.7367384433746338,0.8071155548095703,0.8893106579780579
shapenet1274,table,0.18619315326213837,0.30023646354675293,0.46000728011131287,0.6024131774902344
shapenet1275,table,0.26951101422309875,0.2807410657405853,0.3073660433292389,0.36833319067955017
shapenet1276,table,0.21208113431930542,0.367780476808548,0.5088565945625305,0.6640198826789856
shapenet1278,table,0.15004955232143402,0.16505096852779388,0.19510537385940552,0.28714844584465027
shapenet1279,table,0.299550324678421,0.43844032287597656,0.5717756152153015,0.7452868819236755
shapenet1283,table,0.5780928134918213,0.6683778762817383,0.7122750282287598,0.7493081092834473
shapenet1285,table,0.42700281739234924,0.5967084765434265,0.727364718914032,0.8437984585762024
shapenet1286,table,0.193085715174675,0.302646666765213,0.4122687578201294,0.5637515187263489
shapenet1287,table,0.3586331307888031,0.4069376289844513,0.43440642952919006,0.47910431027412415
shapenet1288,table,0.6037028431892395,0.7335432171821594,0.8358729481697083,0.915616512298584
shapenet1290,table,0.6084479689598083,0.7575082778930664,0.8504891991615295,0.915154755115509
shapenet1292,table,0.35248708724975586,0.5390059351921082,0.6899641156196594,0.8225938677787781
shapenet1294,table,0.5957553386688232,0.6434704661369324,0.7122282981872559,0.7840917706489563
shapenet1295,table,0.05969246104359627,0.23161961138248444,0.39106452465057373,0.604137122631073
shapenet1296,table,0.5609437823295593,0.6383073925971985,0.718487560749054,0.7718079686164856
shapenet1297,table,0.3615688383579254,0.44325312972068787,0.5375503301620483,0.6489222645759583
shapenet1298,table,0.13239167630672455,0.2097804993391037,0.29495272040367126,0.4001142084598541
shapenet1299,table,0.6272045969963074,0.6534518599510193,0.6705841422080994,0.7000241875648499
shapenet1300,table,0.42339053750038147,0.4393101632595062,0.4652033746242523,0.5175880789756775
shapenet1303,table,0.1805596947669983,0.21891845762729645,0.3061051070690155,0.45237043499946594
shapenet1304,table,0.2429811805486679,0.2536572515964508,0.28176137804985046,0.3447602689266205
shapenet1306,table,0.29031625390052795,0.40649232268333435,0.5522646903991699,0.7271220088005066
shapenet1308,table,0.25041088461875916,0.26579931378364563,0.2850862443447113,0.3352595269680023
shapenet1310,table,0.14977788925170898,0.24740509688854218,0.4511067867279053,0.6478672027587891
shapenet1312,table,0.537115216255188,0.6032772064208984,0.6630055904388428,0.7372422814369202
shapenet1314,table,0.23792748153209686,0.3772165775299072,0.5411686897277832,0.7349198460578918
shapenet1315,table,0.06671372801065445,0.08553142100572586,0.1300138235092163,0.2082279920578003
shapenet1316,table,0.4603353440761566,0.49453678727149963,0.5321212410926819,0.5827205777168274
shapenet1317,table,0.6091305017471313,0.6363601088523865,0.6563192009925842,0.687465488910675
shapenet1318,table,0.4456186294555664,0.506920337677002,0.6119740009307861,0.7334761023521423
shapenet1320,table,0.47278881072998047,0.5983958840370178,0.6757481694221497,0.7605400085449219
shapenet1321,table,0.38514840602874756,0.4305790960788727,0.4721200466156006,0.5325711369514465
shapenet1322,table,0.6466262936592102,0.6786684989929199,0.7349150776863098,0.7996680736541748
shapenet1324,table,0.4341512620449066,0.5577218532562256,0.6947062015533447,0.8164857029914856
shapenet1325,table,0.3392164707183838,0.35014089941978455,0.37594178318977356,0.43093350529670715
shapenet1328,table,0.09170631319284439,0.22683368623256683,0.3864790201187134,0.5998833775520325
shapenet1330,table,0.5951331257820129,0.7683601975440979,0.872386634349823,0.957983672618866
shapenet1333,table,0.34184399247169495,0.41465651988983154,0.5293652415275574,0.7076558470726013
shapenet1337,table,0.39915409684181213,0.4102095067501068,0.43361735343933105,0.48431071639060974
shapenet1339,table,0.41618612408638,0.4461249113082886,0.4724040925502777,0.5216104388237
shapenet1341,table,0.6528170704841614,0.7718325257301331,0.8689618706703186,0.9493231773376465
shapenet1347,table,0.15231187641620636,0.16450700163841248,0.19441968202590942,0.2610224187374115
shapenet1349,table,0.23866170644760132,0.37618502974510193,0.513681948184967,0.6945313811302185
shapenet1351,table,0.18625564873218536,0.19829976558685303,0.22730354964733124,0.29357799887657166
shapenet1353,table,0.22443073987960815,0.23541855812072754,0.2641870081424713,0.3286825120449066
shapenet1354,table,0.2931858003139496,0.38468050956726074,0.5433767437934875,0.7267675399780273
shapenet1357,table,0.3630691468715668,0.49089956283569336,0.6096962690353394,0.705869734287262
shapenet1358,table,0.6138283014297485,0.7022371292114258,0.7840328812599182,0.8568398952484131
shapenet1359,table,0.6711575984954834,0.7781797051429749,0.8460568785667419,0.9237468838691711
shapenet1360,table,0.4407176971435547,0.6089667677879333,0.6764362454414368,0.7267799973487854
shapenet1361,table,0.6745481491088867,0.6994941830635071,0.7397966384887695,0.7802422046661377
shapenet1362,table,0.16948829591274261,0.18126825988292694,0.21172666549682617,0.2795517146587372
shapenet1364,table,0.11833709478378296,0.31201162934303284,0.5044087767601013,0.6998617649078369
shapenet1369,table,0.593957245349884,0.748526394367218,0.852842390537262,0.9294446110725403
shapenet1372,table,0.3388288915157318,0.5337039828300476,0.6975040435791016,0.8538697361946106
shapenet1375,table,0.22168539464473724,0.2332405298948288,0.2602842152118683,0.32437339425086975
shapenet1377,table,0.5582889914512634,0.6129885315895081,0.6381836533546448,0.6772789359092712
shapenet1378,table,0.33431628346443176,0.3717931807041168,0.40236619114875793,0.45783886313438416
shapenet1380,table,0.46004125475883484,0.5162577033042908,0.5890829563140869,0.6606343388557434
shapenet1381,table,0.6119445562362671,0.7665275931358337,0.8634252548217773,0.931048572063446
shapenet1383,table,0.15352611243724823,0.37935638427734375,0.5552034378051758,0.744612991809845
shapenet1386,table,0.5967344045639038,0.6540276408195496,0.691573441028595,0.7340171933174133
shapenet1390,table,0.5234922170639038,0.539650022983551,0.5582303404808044,0.5958991050720215
shapenet1391,table,0.1782066971063614,0.29879021644592285,0.44354498386383057,0.6434221863746643
shapenet1392,table,0.3730107843875885,0.40314772725105286,0.43103480339050293,0.48019158840179443
shapenet1393,table,0.31373557448387146,0.32448717951774597,0.3495364189147949,0.40461185574531555
shapenet1394,table,0.5588661432266235,0.6397948861122131,0.688117504119873,0.7434850335121155
shapenet1396,table,0.22863292694091797,0.23996299505233765,0.26700273156166077,0.32991644740104675
shapenet1397,table,0.33783218264579773,0.36278095841407776,0.39549019932746887,0.45146575570106506
shapenet1401,table,0.3053750693798065,0.34217217564582825,0.37293410301208496,0.4314265251159668
shapenet1402,table,0.5590055584907532,0.6031601428985596,0.648319661617279,0.7069687247276306
shapenet1404,table,0.5813496708869934,0.7383173108100891,0.8600624203681946,0.9465462565422058
shapenet1406,table,0.23306457698345184,0.24394972622394562,0.2717682421207428,0.3353348672389984
shapenet1411,table,0.3782958984375,0.4439429044723511,0.5244349241256714,0.63077712059021
shapenet1413,table,0.023378372192382812,0.053898703306913376,0.10776230692863464,0.1895572692155838
shapenet1418,table,0.6219587326049805,0.7494742274284363,0.8632984161376953,0.9347641468048096
shapenet1419,table,0.3335525095462799,0.3902091979980469,0.47937774658203125,0.6037527918815613
shapenet1421,table,0.5099841952323914,0.5823782086372375,0.617084264755249,0.6611153483390808
shapenet1422,table,0.21578849852085114,0.22700591385364532,0.2550983726978302,0.31969526410102844
shapenet1423,table,0.6789163947105408,0.7820118069648743,0.8574566841125488,0.9046403765678406
shapenet1427,table,0.3979564607143402,0.6680876612663269,0.7837160229682922,0.8847656846046448
shapenet1428,table,0.5624060034751892,0.7512874603271484,0.8558526635169983,0.925404965877533
shapenet1429,table,0.36430492997169495,0.47978082299232483,0.6331485509872437,0.7941067218780518
shapenet1433,table,0.5464861989021301,0.702995777130127,0.8133907318115234,0.9138525128364563
shapenet1435,table,0.27740252017974854,0.33149024844169617,0.41448819637298584,0.575462818145752
shapenet1436,table,0.26605042815208435,0.27895185351371765,0.3064803183078766,0.36808547377586365
shapenet1439,table,0.38306257128715515,0.541811466217041,0.6744144558906555,0.7936770915985107
shapenet1441,table,0.22076518833637238,0.23447354137897491,0.2626384496688843,0.3268613815307617
shapenet1445,table,0.21932853758335114,0.22944222390651703,0.2575570046901703,0.3221782445907593
shapenet1448,table,0.602504312992096,0.7107664942741394,0.8019941449165344,0.863405704498291
shapenet1449,table,0.2242310792207718,0.33324316143989563,0.4684005677700043,0.6210326552391052
shapenet1451,table,0.36684131622314453,0.4578010141849518,0.578884482383728,0.6902050971984863
shapenet1455,table,0.27103641629219055,0.28653886914253235,0.3142636716365814,0.375516414642334
shapenet1460,table,0.6520007252693176,0.7267498970031738,0.7810619473457336,0.8275291323661804
shapenet1466,table,0.22792170941829681,0.23925741016864777,0.266577810049057,0.3291710615158081
shapenet1468,table,0.6364073753356934,0.7882024645805359,0.8806447982788086,0.9453935027122498
shapenet1470,table,0.3483482897281647,0.37153640389442444,0.3999852240085602,0.44892629981040955
shapenet1472,table,0.23794591426849365,0.24990929663181305,0.2772255837917328,0.3385586738586426
shapenet1473,table,0.13167423009872437,0.1447659730911255,0.17638516426086426,0.24578167498111725
shapenet1474,table,0.5352658629417419,0.7363889813423157,0.8602942824363708,0.9382761120796204
shapenet1475,table,0.3608289062976837,0.495720237493515,0.6526343822479248,0.7956296801567078
shapenet1477,table,0.3622911870479584,0.4715798795223236,0.588176429271698,0.7346222400665283
shapenet1478,table,0.19782131910324097,0.21635888516902924,0.24709267914295197,0.3137248456478119
shapenet1479,table,0.6693633198738098,0.756912887096405,0.8311625123023987,0.9021275043487549
shapenet1480,table,0.4850602447986603,0.5410621762275696,0.6678358912467957,0.7994256019592285
shapenet1484,table,0.23803593218326569,0.24937890470027924,0.2750834822654724,0.33426690101623535
shapenet1486,table,0.07828396558761597,0.20343171060085297,0.3194698989391327,0.47089657187461853
shapenet1487,table,0.6551250219345093,0.7753116488456726,0.8363026976585388,0.8831934928894043
shapenet1489,table,0.12775170803070068,0.23861904442310333,0.41287657618522644,0.6183176040649414
shapenet1491,table,0.5543802380561829,0.5735740065574646,0.6063664555549622,0.6547279357910156
shapenet1494,table,0.17369623482227325,0.19860397279262543,0.25230059027671814,0.3355374336242676
shapenet1495,table,0.195778489112854,0.2920520007610321,0.44740262627601624,0.6136263012886047
shapenet2,telephone,0.4111337661743164,0.6601371169090271,0.7955090999603271,0.9085738658905029
shapenet3,telephone,0.3231637477874756,0.3806329071521759,0.46225085854530334,0.5932357907295227
shapenet4,telephone,0.19783608615398407,0.24536126852035522,0.351846843957901,0.5248088240623474
shapenet5,telephone,0.7800989747047424,0.9408522248268127,1.0245709419250488,1.065020203590393
shapenet6,telephone,0.17012274265289307,0.21038497984409332,0.31521227955818176,0.4864846467971802
shapenet10,telephone,0.39421525597572327,0.5028390884399414,0.6355659365653992,0.7686701416969299
shapenet11,telephone,0.13316881656646729,0.18146944046020508,0.29314860701560974,0.47931969165802
shapenet13,telephone,0.31689101457595825,0.3586423695087433,0.4522353708744049,0.6027050018310547
shapenet15,telephone,0.437334269285202,0.5393306612968445,0.6846888661384583,0.8618397116661072
shapenet18,telephone,0.6894939541816711,0.9128624796867371,1.0032042264938354,1.0717195272445679
shapenet19,telephone,0.5843661427497864,0.7322972416877747,0.8427677154541016,0.9179956912994385
shapenet20,telephone,0.06267347186803818,0.10762373358011246,0.22382692992687225,0.4166562855243683
shapenet22,telephone,0.25611135363578796,0.592619001865387,0.7444073557853699,0.8450596928596497
shapenet23,telephone,0.548806369304657,0.6668109893798828,0.8565121293067932,1.0388407707214355
shapenet24,telephone,0.5273295640945435,0.6666862368583679,0.8013997673988342,0.9109862446784973
shapenet25,telephone,0.6658169031143188,0.7198684811592102,0.7740638852119446,0.8418436050415039
shapenet26,telephone,0.5493800044059753,0.5809286236763,0.6479164361953735,0.7659063339233398
shapenet28,telephone,0.24867995083332062,0.29223546385765076,0.3948028087615967,0.5588467717170715
shapenet35,telephone,0.027910590171813965,0.030672451481223106,0.03536742553114891,0.05167550966143608
shapenet37,telephone,0.5996022820472717,0.6565276980400085,0.7635142207145691,0.893903911113739
shapenet41,telephone,0.2413424849510193,0.38452279567718506,0.5807673931121826,0.7287778854370117
shapenet42,telephone,0.48047372698783875,0.700930118560791,0.8704683780670166,1.033896565437317
shapenet46,telephone,0.4016251564025879,0.44131264090538025,0.5324673056602478,0.6468630433082581
shapenet49,telephone,0.30772390961647034,0.3493070900440216,0.4439713656902313,0.5966745018959045
shapenet50,telephone,0.47255054116249084,0.6620891690254211,0.8795216083526611,1.0596977472305298
shapenet53,telephone,0.8345243334770203,0.9433462023735046,1.0066553354263306,1.0512875318527222
shapenet55,telephone,0.008463263511657715,0.016472535207867622,0.04190574958920479,0.08144185692071915
shapenet57,telephone,0.46651044487953186,0.6639118194580078,0.8482053279876709,1.0129311084747314
shapenet62,telephone,0.38442909717559814,0.5413966178894043,0.6559817790985107,0.7459151148796082
shapenet71,telephone,0.23349857330322266,0.2818659245967865,0.38424229621887207,0.5506150126457214
shapenet72,telephone,0.24134506285190582,0.2880447804927826,0.3902956545352936,0.5551957488059998
shapenet73,telephone,0.22011315822601318,0.2609465420246124,0.3627435266971588,0.5380281805992126
shapenet74,telephone,0.4060782492160797,0.44546589255332947,0.5010747909545898,0.5933790802955627
shapenet75,telephone,0.2689776122570038,0.311927855014801,0.41284096240997314,0.5727759003639221
shapenet80,telephone,0.0006669362192042172,0.0035745601635426283,0.013963654637336731,0.04419068619608879
shapenet82,telephone,0.15110085904598236,0.19207774102687836,0.29913994669914246,0.47411274909973145
shapenet83,telephone,0.6626166701316833,0.7173619270324707,0.7963265776634216,0.8762285113334656
shapenet86,telephone,0.1267179399728775,0.17007608711719513,0.276348352432251,0.45334458351135254
shapenet87,telephone,0.23361442983150482,0.27809658646583557,0.3819166123867035,0.5484825968742371
shapenet90,telephone,0.10020136833190918,0.14593715965747833,0.25958916544914246,0.44582441449165344
shapenet91,telephone,0.5940452814102173,0.6872029900550842,0.8232852816581726,0.9463579058647156
shapenet97,telephone,0.9540473818778992,0.9836387634277344,1.0124386548995972,1.0518975257873535
shapenet101,telephone,0.2577499747276306,0.2954353392124176,0.38804736733436584,0.541915237903595
shapenet102,telephone,0.47931647300720215,0.5082361698150635,0.5697535872459412,0.6708146929740906
shapenet103,telephone,0.3545092046260834,0.39591944217681885,0.4853077828884125,0.6276703476905823
shapenet104,telephone,0.22971008718013763,0.27496424317359924,0.37800082564353943,0.5446023344993591
shapenet107,telephone,0.9164004325866699,0.9544138312339783,1.0009311437606812,1.0548571348190308
shapenet110,telephone,0.26276668906211853,0.30402040481567383,0.4029124081134796,0.5672873854637146
shapenet112,telephone,0.5041544437408447,0.5898872017860413,0.7447638511657715,0.9277836680412292
shapenet115,telephone,0.39399003982543945,0.5124006867408752,0.6988902688026428,0.8723001480102539
shapenet116,telephone,0.8044155240058899,0.8226903080940247,0.8611648082733154,0.9292922019958496
shapenet118,telephone,0.5810117125511169,0.6619455218315125,0.7283176779747009,0.7966878414154053
shapenet119,telephone,0.5405147671699524,0.7494249939918518,0.936913788318634,1.020285725593567
shapenet120,telephone,0.10630252212285995,0.15230999886989594,0.2639724016189575,0.44984862208366394
shapenet123,telephone,0.0004981756210327148,0.009116698987782001,0.022456159815192223,0.049795348197221756
shapenet124,telephone,0.9448473453521729,0.9903169274330139,1.028333067893982,1.0673788785934448
shapenet125,telephone,0.7401609420776367,0.8748341202735901,1.0153049230575562,1.1021742820739746
shapenet126,telephone,0.07119011878967285,0.11862149089574814,0.2302091121673584,0.4147516191005707
shapenet128,telephone,0.2766781151294708,0.321193128824234,0.41134023666381836,0.5722856521606445
shapenet129,telephone,0.0504319854080677,0.10108188539743423,0.2213163524866104,0.4213090240955353
shapenet133,telephone,0.19858253002166748,0.2382335662841797,0.33253997564315796,0.49547985196113586
shapenet134,telephone,0.3245760202407837,0.4797323942184448,0.5820921063423157,0.7074055075645447
shapenet136,telephone,0.6398258209228516,0.6679773926734924,0.7231168150901794,0.8199467658996582
shapenet142,telephone,0.1115519180893898,0.15691179037094116,0.2696405351161957,0.45565733313560486
shapenet144,telephone,0.45875558257102966,0.5779913067817688,0.7525078654289246,0.9294961094856262
shapenet148,telephone,0.6008862853050232,0.6299147605895996,0.690460205078125,0.7957106232643127
shapenet151,telephone,0.3557068109512329,0.44892939925193787,0.5619537234306335,0.7038505673408508
shapenet152,telephone,0.7205393314361572,0.7414674162864685,0.7919346690177917,0.8840824961662292
shapenet153,telephone,0.264577716588974,0.3582485020160675,0.4737967252731323,0.6075275540351868
shapenet154,telephone,0.8666800856590271,0.8844118118286133,0.9402282238006592,1.0006299018859863
shapenet156,telephone,0.3187240660190582,0.36183056235313416,0.4547567367553711,0.6040937304496765
shapenet157,telephone,0.3302304744720459,0.4969034194946289,0.6714441180229187,0.8318691253662109
shapenet160,telephone,0.7693455815315247,0.7843502163887024,0.8133304119110107,0.8630428314208984
shapenet161,telephone,0.005744457244873047,0.007820778526365757,0.010238688439130783,0.02930021472275257
shapenet162,telephone,0.5846393704414368,0.6898093223571777,0.8222307562828064,0.9651444554328918
shapenet163,telephone,0.21110598742961884,0.25548648834228516,0.36232778429985046,0.5337380766868591
shapenet164,telephone,0.25269922614097595,0.2966650128364563,0.3973456621170044,0.5595695972442627
shapenet165,telephone,0.9266436696052551,0.9927873015403748,1.0509589910507202,1.0923986434936523
shapenet167,telephone,0.19655799865722656,0.2385355681180954,0.3384251892566681,0.5085920691490173
shapenet169,telephone,0.0068731107749044895,0.01609538309276104,0.0401269756257534,0.08244398236274719
shapenet171,telephone,0.8723446726799011,0.8931345343589783,0.931467592716217,0.9877872467041016
shapenet172,telephone,0.29117828607559204,0.3340940475463867,0.43075522780418396,0.5861531496047974
shapenet176,telephone,0.515761137008667,0.5417041182518005,0.6023271679878235,0.7047345042228699
shapenet178,telephone,0.6040813326835632,0.6352195143699646,0.6956979632377625,0.7968676686286926
shapenet179,telephone,0.5586528182029724,0.6244068145751953,0.6994182467460632,0.7946813106536865
shapenet184,telephone,0.4272197186946869,0.45777785778045654,0.5342265963554382,0.6597691178321838
shapenet185,telephone,0.7368938326835632,0.9268479943275452,1.0032068490982056,1.050221562385559
shapenet186,telephone,0.7532525062561035,0.8560927510261536,0.9464651942253113,1.026153564453125
shapenet191,telephone,0.41417255997657776,0.4509543478488922,0.531819760799408,0.6719451546669006
shapenet192,telephone,0.6045164465904236,0.7827412486076355,0.8727378845214844,0.9285392761230469
shapenet193,telephone,0.1645413190126419,0.2210710048675537,0.3107796609401703,0.38871195912361145
shapenet194,telephone,0.28030407428741455,0.3743772506713867,0.5424895882606506,0.7014564871788025
shapenet196,telephone,0.8845870494842529,0.8936383128166199,0.9223244786262512,0.9755446314811707
shapenet197,telephone,0.2846967577934265,0.3190220892429352,0.40554603934288025,0.5591659545898438
shapenet199,telephone,0.2297426015138626,0.27521637082099915,0.37928566336631775,0.5467658638954163
shapenet200,telephone,0.30506137013435364,0.3770875632762909,0.45332643389701843,0.5418116450309753
shapenet203,telephone,0.45689380168914795,0.49425315856933594,0.5694653391838074,0.6972231864929199
shapenet204,telephone,0.5362486839294434,0.6356198191642761,0.7058637142181396,0.777803897857666
shapenet210,telephone,0.35578203201293945,0.5828751921653748,0.7519665360450745,0.9069874286651611
shapenet211,telephone,0.8977057933807373,0.9826934933662415,1.0339106321334839,1.0699230432510376
shapenet213,telephone,0.027545711025595665,0.04700005054473877,0.10463708639144897,0.15861167013645172
shapenet214,telephone,0.7129507064819336,0.7441291809082031,0.7948604226112366,0.87794429063797
shapenet215,telephone,0.5129573941230774,0.6181222796440125,0.7418305277824402,0.8665740489959717
shapenet216,telephone,0.15530426800251007,0.20656143128871918,0.3180510103702545,0.49899306893348694
shapenet220,telephone,0.6378895044326782,0.667093813419342,0.7244775295257568,0.8234831690788269
shapenet226,telephone,0.7091719508171082,0.869865894317627,0.9184606671333313,0.9641019701957703
shapenet227,telephone,0.028434038162231445,0.07388027757406235,0.1896863579750061,0.3852560222148895
shapenet228,telephone,0.01888187788426876,0.05315804108977318,0.07024163752794266,0.10360603779554367
shapenet230,telephone,0.34526634216308594,0.4394025504589081,0.5356984734535217,0.6683616042137146
shapenet231,telephone,0.42839503288269043,0.5277199745178223,0.6263557076454163,0.6949370503425598
shapenet232,telephone,0.6251895427703857,0.6571070551872253,0.7279117107391357,0.8094322085380554
shapenet233,telephone,0.7993434071540833,0.8353940844535828,0.8823956847190857,0.9337366223335266
shapenet236,telephone,0.6070873737335205,0.7110040187835693,0.8398165702819824,0.921165406703949
shapenet237,telephone,0.38893720507621765,0.42763519287109375,0.5093085765838623,0.6461670994758606
shapenet239,telephone,0.29402419924736023,0.33580875396728516,0.42830726504325867,0.5868791937828064
shapenet240,telephone,0.00197823834605515,0.0038696585688740015,0.008482389152050018,0.02568078599870205
shapenet241,telephone,0.3444477617740631,0.43336495757102966,0.5854851603507996,0.7526838183403015
shapenet242,telephone,0.7041363716125488,0.8401630520820618,0.9085621237754822,0.965283215045929
shapenet243,telephone,0.5768505930900574,0.6038408279418945,0.6639410853385925,0.7582864761352539
shapenet244,telephone,0.34578752517700195,0.38834086060523987,0.47810351848602295,0.6225769519805908
shapenet248,telephone,0.1665455549955368,0.20006249845027924,0.307354599237442,0.48048341274261475
shapenet249,telephone,0.16705000400543213,0.28569328784942627,0.4531395733356476,0.6100144982337952
shapenet250,telephone,0.9634127020835876,1.0023695230484009,1.0484565496444702,1.0856189727783203
shapenet252,telephone,0.36905619502067566,0.6227053999900818,0.8007580637931824,0.9532364010810852
shapenet255,telephone,0.5836628079414368,0.6158263087272644,0.6752740740776062,0.7768543362617493
shapenet257,telephone,0.20238089561462402,0.2516062259674072,0.35709843039512634,0.5283618569374084
shapenet260,telephone,0.6432601809501648,0.8166798949241638,0.9185967445373535,0.9946290850639343
shapenet262,telephone,0.6528679132461548,0.8187620043754578,0.8953984379768372,0.9586965441703796
shapenet264,telephone,0.29533007740974426,0.3388652801513672,0.43490859866142273,0.5892155766487122
shapenet265,telephone,0.17985880374908447,0.3062712848186493,0.4225998818874359,0.5764235854148865
shapenet266,telephone,0.3926980495452881,0.5366227626800537,0.7119260430335999,0.880052387714386
shapenet268,telephone,0.5889026522636414,0.7673515677452087,0.9036552906036377,1.0113409757614136
shapenet269,telephone,0.06557788699865341,0.17898647487163544,0.25543999671936035,0.3694399297237396
shapenet271,telephone,0.6152781844139099,0.6264866590499878,0.6665314435958862,0.7395944595336914
shapenet275,telephone,0.2870256006717682,0.33024105429649353,0.42686915397644043,0.5826432108879089
shapenet276,telephone,0.32202866673469543,0.5456460118293762,0.7304372787475586,0.9020221829414368
shapenet278,telephone,0.4864567816257477,0.5220038890838623,0.5932786464691162,0.7129923701286316
shapenet280,telephone,0.14059321582317352,0.18678313493728638,0.2957135736942291,0.4796731472015381
shapenet281,telephone,0.29700151085853577,0.3408851623535156,0.43693116307258606,0.5908055305480957
shapenet282,telephone,0.7831996083259583,0.8802403807640076,0.9593894481658936,1.0157686471939087
shapenet284,telephone,0.5530685782432556,0.8052499890327454,0.9655531048774719,1.0650361776351929
shapenet285,telephone,0.46973681449890137,0.565382719039917,0.6993324756622314,0.8609867095947266
shapenet288,telephone,0.2862450182437897,0.33221304416656494,0.4283721148967743,0.5487754940986633
shapenet289,telephone,0.6155657172203064,0.8237746357917786,0.9637136459350586,1.0316907167434692
shapenet293,telephone,0.37229111790657043,0.4153343141078949,0.502499520778656,0.6414766907691956
shapenet294,telephone,0.34846603870391846,0.38985928893089294,0.4782440960407257,0.6262512803077698
shapenet295,telephone,0.23957087099552155,0.2846360504627228,0.3879973888397217,0.5531379580497742
shapenet299,telephone,0.3171018064022064,0.45816949009895325,0.6472236514091492,0.8244805335998535
shapenet300,telephone,0.0006253917817957699,0.0013026456581428647,0.004172585904598236,0.024183647707104683
shapenet302,telephone,0.9461418986320496,1.0076184272766113,1.0611845254898071,1.102268099784851
shapenet303,telephone,0.11427297443151474,0.337861567735672,0.4856600761413574,0.5551593899726868
shapenet304,telephone,0.5220932960510254,0.5430262684822083,0.5898065567016602,0.6733073592185974
shapenet305,telephone,0.23115427792072296,0.30611684918403625,0.505077064037323,0.6902974247932434
shapenet306,telephone,0.5820174217224121,0.613605797290802,0.6760530471801758,0.7846358418464661
shapenet307,telephone,0.14850251376628876,0.18488401174545288,0.2820607125759125,0.4464634358882904
shapenet308,telephone,0.2541908919811249,0.2973015606403351,0.39864781498908997,0.5606749653816223
shapenet310,telephone,0.16367368400096893,0.20631462335586548,0.31014254689216614,0.48524007201194763
shapenet311,telephone,0.7918476462364197,0.840114414691925,0.8877409100532532,0.9491649270057678
shapenet321,telephone,0.3411000967025757,0.4321969449520111,0.5325893759727478,0.6693748831748962
shapenet323,telephone,0.2270665019750595,0.2700337767601013,0.3744686543941498,0.5424016714096069
shapenet328,telephone,0.34302520751953125,0.3716927468776703,0.45198342204093933,0.5839822292327881
shapenet330,telephone,0.15177659690380096,0.20018653571605682,0.3113064467906952,0.4932822287082672
shapenet332,telephone,0.18460820615291595,0.23113887012004852,0.3399876356124878,0.5152513384819031
shapenet333,telephone,0.07991717010736465,0.15253731608390808,0.38330188393592834,0.5094834566116333
shapenet335,telephone,0.28143879771232605,0.34237077832221985,0.44857946038246155,0.5978284478187561
shapenet337,telephone,0.44689297676086426,0.5536788105964661,0.6316343545913696,0.7161064147949219
shapenet345,telephone,0.12317293882369995,0.1772313117980957,0.29057827591896057,0.4756176769733429
shapenet346,telephone,0.0005169709329493344,0.007554916664958,0.017212891951203346,0.049880485981702805
shapenet347,telephone,0.4203508198261261,0.4587026536464691,0.5396830439567566,0.6755551695823669
shapenet348,telephone,0.3136633336544037,0.3510899543762207,0.4353116452693939,0.5749890804290771
shapenet350,telephone,0.6050482392311096,0.8427569270133972,0.9587850570678711,1.063172698020935
shapenet351,telephone,0.0011665424099192023,0.0031749028712511063,0.006869278848171234,0.0203842893242836
shapenet352,telephone,0.6272119283676147,0.6592075228691101,0.7172737121582031,0.8219799995422363
shapenet355,telephone,0.4520670175552368,0.6013675928115845,0.779155969619751,0.8929495811462402
shapenet356,telephone,0.41035833954811096,0.450258731842041,0.5340573191642761,0.6759941577911377
shapenet358,telephone,0.3484608829021454,0.3891860544681549,0.47647520899772644,0.6236473917961121
shapenet359,telephone,0.25581231713294983,0.28107741475105286,0.3668743371963501,0.5106949210166931
shapenet361,telephone,0.3520317077636719,0.45882391929626465,0.5566990971565247,0.6629033088684082
shapenet363,telephone,0.6497780084609985,0.6727757453918457,0.7275723814964294,0.8190934062004089
shapenet366,telephone,0.556581437587738,0.769526481628418,0.8853378295898438,0.9425484538078308
shapenet368,telephone,0.684673011302948,0.6969166398048401,0.7404090762138367,0.8082408905029297
shapenet370,telephone,0.28894978761672974,0.3592964708805084,0.4683099687099457,0.5702798366546631
shapenet372,telephone,0.5061483979225159,0.5569315552711487,0.6028473973274231,0.6807830333709717
shapenet374,telephone,0.1973557472229004,0.24086666107177734,0.34220877289772034,0.5116553902626038
shapenet375,telephone,0.9267681241035461,0.9728700518608093,1.016532301902771,1.0656026601791382
shapenet376,telephone,0.3155202567577362,0.49273180961608887,0.6722220778465271,0.8309891819953918
shapenet377,telephone,0.9183055758476257,0.9537137150764465,0.9867323040962219,1.0340052843093872
shapenet378,telephone,0.2348191738128662,0.2782476842403412,0.3809044361114502,0.5465385913848877
shapenet379,telephone,0.6256721615791321,0.793254554271698,0.8757982850074768,0.9337024688720703
shapenet380,telephone,0.0005333622102625668,0.002283765934407711,0.008334159851074219,0.03028969280421734
shapenet385,telephone,0.14817287027835846,0.19616757333278656,0.30479490756988525,0.48707661032676697
shapenet387,telephone,0.5408040881156921,0.5810695290565491,0.6312875151634216,0.7151406407356262
shapenet388,telephone,0.5812087655067444,0.6030030846595764,0.6585351824760437,0.7506144046783447
shapenet389,telephone,0.5022512078285217,0.5899319648742676,0.7344363331794739,0.8892237544059753
shapenet392,telephone,0.17489702999591827,0.3243539333343506,0.44609537720680237,0.5323629975318909
shapenet393,telephone,0.29817330837249756,0.34099307656288147,0.43680599331855774,0.5900925993919373
shapenet397,telephone,0.2674593925476074,0.3280812203884125,0.41708216071128845,0.5456352829933167
shapenet400,telephone,0.1967671662569046,0.34803274273872375,0.4702634811401367,0.6072906851768494
shapenet405,telephone,0.9551011919975281,0.9886782765388489,1.023854374885559,1.0654240846633911
shapenet410,telephone,0.29285234212875366,0.324531227350235,0.4110318124294281,0.5566099286079407
shapenet411,telephone,0.42170023918151855,0.6315075755119324,0.8255026340484619,1.0236974954605103
shapenet412,telephone,0.9034316539764404,0.9107387661933899,0.9395785331726074,0.9917582869529724
shapenet413,telephone,0.6122426986694336,0.7529463171958923,0.8088231682777405,0.8667556643486023
shapenet415,telephone,0.5156545042991638,0.5507299900054932,0.6214604377746582,0.741420567035675
shapenet418,telephone,0.16996271908283234,0.21590451896190643,0.27951449155807495,0.38800692558288574
shapenet420,telephone,0.016171932220458984,0.029043009504675865,0.05679870769381523,0.11490378528833389
shapenet422,telephone,0.20627182722091675,0.25304749608039856,0.35697588324546814,0.5321595668792725
shapenet423,telephone,0.5382242202758789,0.7283336520195007,0.9588574767112732,1.098013162612915
shapenet424,telephone,0.6925287246704102,0.8303451538085938,0.8901963829994202,0.9349969029426575
shapenet429,telephone,0.28260675072669983,0.32319360971450806,0.41740235686302185,0.5748244524002075
shapenet431,telephone,0.585347056388855,0.7637965083122253,0.8836151957511902,1.005358338356018
shapenet432,telephone,0.88727205991745,0.9058374762535095,0.942781925201416,1.0037217140197754
shapenet439,telephone,0.6477837562561035,0.7163193225860596,0.7889940738677979,0.8751556873321533
shapenet440,telephone,0.7648801803588867,0.8682188987731934,0.9921255111694336,1.0611919164657593
shapenet443,telephone,0.6102514863014221,0.6606540679931641,0.7076295018196106,0.7868695855140686
shapenet444,telephone,0.010901411063969135,0.020165516063570976,0.044971391558647156,0.10418277233839035
shapenet447,telephone,0.05730623006820679,0.1356184333562851,0.23721931874752045,0.35949912667274475
shapenet449,telephone,0.19978530704975128,0.24444158375263214,0.3516969680786133,0.5245540142059326
shapenet450,telephone,0.9076741337776184,0.9422295689582825,0.972274124622345,1.0205912590026855
shapenet453,telephone,0.34490153193473816,0.36831894516944885,0.4380866587162018,0.5593574047088623
shapenet455,telephone,0.2520022392272949,0.296446830034256,0.39331290125846863,0.5573174953460693
shapenet458,telephone,0.8942277431488037,0.9150009751319885,0.9498936533927917,1.007142186164856
shapenet459,telephone,0.24840442836284637,0.2934935986995697,0.3956729471683502,0.5610823631286621
shapenet461,telephone,0.8151192665100098,0.8363361358642578,0.8753440380096436,0.9434674382209778
shapenet462,telephone,0.5923928618431091,0.8463017344474792,0.985187828540802,1.06275475025177
shapenet464,telephone,0.5467097163200378,0.8132469058036804,0.960493266582489,1.075046181678772
shapenet469,telephone,0.5128019452095032,0.5739702582359314,0.732660710811615,0.9235655665397644
shapenet471,telephone,0.23663347959518433,0.2827616035938263,0.3855067789554596,0.5514057278633118
shapenet473,telephone,0.24056632816791534,0.2857203483581543,0.38727083802223206,0.5519618391990662
shapenet474,telephone,0.42306187748908997,0.5805485844612122,0.693702220916748,0.8060651421546936
shapenet476,telephone,0.20533640682697296,0.25044432282447815,0.3571757376194,0.528887927532196
shapenet477,telephone,0.8559687733650208,0.9475833773612976,0.9931488037109375,1.0302504301071167
shapenet478,telephone,0.6292229294776917,0.6506273746490479,0.7037612795829773,0.7923185229301453
shapenet480,telephone,0.20252643525600433,0.2458936721086502,0.34893491864204407,0.5251709222793579
shapenet482,telephone,0.6912834048271179,0.8383927345275879,0.9214206337928772,0.9777328372001648
shapenet484,telephone,0.20849448442459106,0.2542839050292969,0.35968640446662903,0.5303857326507568
shapenet486,telephone,0.0045096674002707005,0.0234181210398674,0.06729017943143845,0.16845454275608063
shapenet488,telephone,0.9460069537162781,0.9676782488822937,0.9896246790885925,1.0297913551330566
shapenet490,telephone,0.24177001416683197,0.4629022181034088,0.6161916851997375,0.757432758808136
shapenet496,telephone,0.6374767422676086,0.6612696051597595,0.7152681350708008,0.81540447473526
shapenet497,telephone,0.2673942744731903,0.35763096809387207,0.5359073281288147,0.6601945757865906
shapenet498,telephone,0.5120198130607605,0.6155462861061096,0.7125036120414734,0.7913995385169983
shapenet501,telephone,0.2272670418024063,0.2727033495903015,0.37570953369140625,0.5420191884040833
shapenet504,telephone,0.2369743138551712,0.28217047452926636,0.3837108314037323,0.5485289096832275
shapenet505,telephone,0.37744203209877014,0.48275724053382874,0.5748026371002197,0.657080888748169
shapenet506,telephone,0.7165809273719788,0.9157803058624268,1.0077584981918335,1.0633139610290527
shapenet507,telephone,0.2730448544025421,0.3200579583644867,0.418926864862442,0.57769376039505
shapenet509,telephone,0.6837592720985413,0.8575111031532288,0.9236032366752625,0.9829235076904297
shapenet510,telephone,0.01202690601348877,0.01587202027440071,0.03218943253159523,0.08343551307916641
shapenet513,telephone,0.009806175716221333,0.02461632899940014,0.07136743515729904,0.15307998657226562
shapenet514,telephone,0.6367844939231873,0.7452842593193054,0.8495349884033203,0.9516916275024414
shapenet515,telephone,0.6876716613769531,0.7385767102241516,0.7842320799827576,0.8462590575218201
shapenet516,telephone,0.6945883631706238,0.8309013247489929,0.9032351970672607,0.9659278988838196
shapenet518,telephone,0.7156841158866882,0.8208761215209961,0.8877671360969543,0.9261338114738464
shapenet520,telephone,0.30205079913139343,0.34642624855041504,0.44222116470336914,0.5961093306541443
shapenet521,telephone,0.5069489479064941,0.6171615123748779,0.6991143822669983,0.7911823391914368
shapenet523,telephone,0.24495410919189453,0.2916000187397003,0.39329853653907776,0.5572459697723389
shapenet526,telephone,0.7028629183769226,0.7635636329650879,0.8147676587104797,0.8555951714515686
shapenet527,telephone,0.7885112762451172,0.9521281123161316,1.0265297889709473,1.058199405670166
shapenet529,telephone,0.4456237256526947,0.4858483374118805,0.5588735938072205,0.6643959879875183
shapenet534,telephone,0.07912572473287582,0.12120279669761658,0.23539398610591888,0.42235636711120605
shapenet535,telephone,0.48916783928871155,0.655112624168396,0.7403631806373596,0.8375880122184753
shapenet537,telephone,0.6411178708076477,0.6716139912605286,0.7268772125244141,0.8220665454864502
shapenet541,telephone,0.20158733427524567,0.33309218287467957,0.42413830757141113,0.5007331371307373
shapenet544,telephone,0.5124824643135071,0.6729607582092285,0.859775960445404,1.0132277011871338
shapenet546,telephone,0.1366894245147705,0.18559111654758453,0.2973523437976837,0.4832310676574707
shapenet547,telephone,0.7185735702514648,0.8371750712394714,0.963623046875,1.109386920928955
shapenet548,telephone,0.9415704607963562,0.9752354621887207,1.008461833000183,1.0511430501937866
shapenet550,telephone,0.00892909336835146,0.017307909205555916,0.03389735147356987,0.06888114660978317
shapenet554,telephone,0.24879507720470428,0.292402058839798,0.3934060037136078,0.5561665892601013
shapenet555,telephone,0.20926885306835175,0.25441691279411316,0.35563698410987854,0.5263497233390808
shapenet567,telephone,0.6384180188179016,0.8002662658691406,0.9603557586669922,1.0923033952713013
shapenet569,telephone,0.30285897850990295,0.4588409960269928,0.646981418132782,0.7878177762031555
shapenet572,telephone,0.07373128086328506,0.10035298019647598,0.1531156450510025,0.2419867068529129
shapenet574,telephone,0.21777190268039703,0.26336339116096497,0.3681696951389313,0.5371195673942566
shapenet577,telephone,0.709637463092804,0.7378731369972229,0.7953723073005676,0.8793697357177734
shapenet580,telephone,0.6598847508430481,0.7604133486747742,0.8392813801765442,0.9016554951667786
shapenet584,telephone,0.16504180431365967,0.20758546888828278,0.31078484654426575,0.4841943085193634
shapenet586,telephone,0.15995192527770996,0.20327328145503998,0.30610939860343933,0.4786774814128876
shapenet590,telephone,0.21555083990097046,0.2613578736782074,0.3648499548435211,0.5371543765068054
shapenet591,telephone,0.37273868918418884,0.405572772026062,0.4848269522190094,0.6153675317764282
shapenet592,telephone,0.6766073107719421,0.7304666638374329,0.7811043858528137,0.8450594544410706
shapenet593,telephone,0.5538061261177063,0.6169117093086243,0.7554933428764343,0.9319023489952087
shapenet597,telephone,0.2510300576686859,0.29460904002189636,0.3951573669910431,0.5577698945999146
shapenet598,telephone,0.22934074699878693,0.2747252881526947,0.3786987364292145,0.5460530519485474
shapenet599,telephone,0.268892765045166,0.3753848969936371,0.5877634882926941,0.7743228077888489
shapenet600,telephone,0.31112930178642273,0.3541290760040283,0.44844841957092285,0.5994125008583069
shapenet604,telephone,0.42251256108283997,0.5816330909729004,0.7147415280342102,0.8404845595359802
shapenet605,telephone,0.2031240463256836,0.24625997245311737,0.35111188888549805,0.5288196206092834
shapenet608,telephone,0.5863780379295349,0.6940686106681824,0.7806141376495361,0.8590874671936035
shapenet609,telephone,0.253250390291214,0.29660674929618835,0.39891576766967773,0.561672568321228
shapenet612,telephone,0.25129613280296326,0.29486003518104553,0.39668115973472595,0.5614258646965027
shapenet616,telephone,0.6390447616577148,0.7862394452095032,0.9387919306755066,1.0067919492721558
shapenet617,telephone,0.8637723922729492,0.8929047584533691,0.9283649325370789,0.9855570197105408
shapenet619,telephone,0.794032871723175,0.939548909664154,1.0337952375411987,1.089534878730774
shapenet620,telephone,0.5219229459762573,0.6809112429618835,0.7829318642616272,0.8886391520500183
shapenet622,telephone,0.06519214063882828,0.11597710102796555,0.23510299623012543,0.43259409070014954
shapenet623,telephone,0.9261698722839355,0.9631848335266113,0.9988004565238953,1.0446563959121704
shapenet628,telephone,0.6757102608680725,0.9173954129219055,1.0027533769607544,1.0547059774398804
shapenet629,telephone,0.3781982958316803,0.41571688652038574,0.501598596572876,0.6457412838935852
shapenet633,telephone,0.19130609929561615,0.23388861119747162,0.33051538467407227,0.4922727346420288
shapenet635,telephone,0.14716728031635284,0.1894483119249344,0.2980074882507324,0.47594311833381653
shapenet636,telephone,0.016004741191864014,0.018148958683013916,0.024479461833834648,0.04470279440283775
shapenet638,telephone,0.6280311942100525,0.6945371627807617,0.7577951550483704,0.8234982490539551
shapenet639,telephone,0.23804132640361786,0.2802066504955292,0.37536898255348206,0.5406553745269775
shapenet640,telephone,0.147050678730011,0.18943701684474945,0.297638863325119,0.47639980912208557
shapenet644,telephone,0.38610315322875977,0.510308027267456,0.6682869791984558,0.8559228777885437
shapenet646,telephone,0.6576223373413086,0.7744119763374329,0.8984425663948059,1.0010117292404175
shapenet652,telephone,0.2405511885881424,0.2861325442790985,0.38770925998687744,0.5521512031555176
shapenet653,telephone,0.5561529397964478,0.6827462315559387,0.8348914980888367,0.9723723530769348
shapenet656,telephone,0.4686448574066162,0.6666352152824402,0.8520992398262024,1.0307196378707886
shapenet658,telephone,0.26956886053085327,0.3124959170818329,0.41169989109039307,0.5715381503105164
shapenet662,telephone,0.00025326013565063477,0.013919249176979065,0.0310951117426157,0.06407951563596725
shapenet664,telephone,0.35790279507637024,0.5419480800628662,0.7504208087921143,0.9313864707946777
shapenet665,telephone,0.19933731853961945,0.24584738910198212,0.3513968288898468,0.5236775279045105
shapenet666,telephone,0.47454485297203064,0.5316659212112427,0.6052412390708923,0.7043792605400085
shapenet667,telephone,0.25084707140922546,0.2863236963748932,0.38179516792297363,0.5356941223144531
shapenet677,telephone,0.8541903495788574,0.9182503819465637,0.9661644101142883,1.0183171033859253
shapenet678,telephone,0.2822529673576355,0.32582566142082214,0.4227715730667114,0.5790280699729919
shapenet679,telephone,0.6082770824432373,0.7316126823425293,0.8948409557342529,1.0439386367797852
shapenet682,telephone,0.2694730758666992,0.3167051672935486,0.4151900112628937,0.5745111107826233
shapenet683,telephone,0.4604414999485016,0.5147356986999512,0.5790000557899475,0.6770055890083313
shapenet686,telephone,0.20234332978725433,0.3904845416545868,0.5188183784484863,0.6567574143409729
shapenet687,telephone,0.5463689565658569,0.6889572143554688,0.8405423164367676,0.984605073928833
shapenet690,telephone,0.014071285724639893,0.02097041718661785,0.04067954793572426,0.0733245238661766
shapenet691,telephone,0.07806811481714249,0.12149073928594589,0.2357601672410965,0.4245607554912567
shapenet692,telephone,0.39754757285118103,0.5169999003410339,0.7010822296142578,0.8643562197685242
shapenet693,telephone,0.7738116383552551,0.9082664847373962,0.9836919903755188,1.0402806997299194
shapenet697,telephone,0.6259642243385315,0.6843106150627136,0.7393719553947449,0.801059901714325
shapenet699,telephone,0.9470291137695312,0.9855198264122009,1.0198103189468384,1.0596119165420532
shapenet702,telephone,0.15564952790737152,0.19889415800571442,0.303334504365921,0.47753241658210754
shapenet703,telephone,0.5217605829238892,0.6180245876312256,0.701275646686554,0.7736400961875916
shapenet708,telephone,0.08511465787887573,0.13066384196281433,0.24608676135540009,0.43526458740234375
shapenet711,telephone,0.44738805294036865,0.4843961298465729,0.562270998954773,0.6960668563842773
shapenet714,telephone,0.320944219827652,0.3555322587490082,0.4387076795101166,0.5759311318397522
shapenet715,telephone,0.2520638108253479,0.2879856824874878,0.37748321890830994,0.5293561816215515
shapenet718,telephone,0.5280742645263672,0.6033465266227722,0.6581149101257324,0.7425773739814758
shapenet719,telephone,0.38121533393859863,0.6320300102233887,0.8279569149017334,0.9988174438476562
shapenet722,telephone,0.7348434925079346,0.8820721507072449,0.9834818840026855,1.0623685121536255
shapenet724,telephone,0.697638750076294,0.721157968044281,0.7707303166389465,0.8509661555290222
shapenet725,telephone,0.3020384907722473,0.5269705653190613,0.6628844738006592,0.7469841837882996
shapenet732,telephone,0.095889151096344,0.13937406241893768,0.2481192946434021,0.4280751049518585
shapenet734,telephone,0.00041762986802496016,0.0025233409833163023,0.009833198972046375,0.031399283558130264
shapenet736,telephone,0.23212425410747528,0.277078241109848,0.38187918066978455,0.5489845871925354
shapenet739,telephone,0.23898476362228394,0.2830256223678589,0.38426005840301514,0.5485231280326843
shapenet740,telephone,0.593850314617157,0.6509481072425842,0.7147408127784729,0.7965621948242188
shapenet743,telephone,0.6320397257804871,0.6994619965553284,0.7655797600746155,0.8468199372291565
shapenet744,telephone,0.5572645664215088,0.6155719757080078,0.794630229473114,0.9645825028419495
shapenet749,telephone,0.5175763964653015,0.5825595855712891,0.7476925849914551,0.9458208680152893
shapenet751,telephone,0.3065568506717682,0.4120344817638397,0.5617883205413818,0.7204222083091736
shapenet757,telephone,0.004254937171936035,0.010346041060984135,0.019698282703757286,0.03945688158273697
shapenet759,telephone,0.5694207549095154,0.6765108108520508,0.79722660779953,0.86214280128479
shapenet760,telephone,0.0021110374946147203,0.005032742395997047,0.009435391053557396,0.028745710849761963
shapenet761,telephone,0.6478095650672913,0.754472553730011,0.823814332485199,0.900019645690918
shapenet762,telephone,0.15247668325901031,0.19797688722610474,0.3057493269443512,0.4878427982330322
shapenet766,telephone,0.4370862543582916,0.47432854771614075,0.5523386597633362,0.6800586581230164
shapenet770,telephone,0.15116596221923828,0.19874030351638794,0.31122061610221863,0.49316859245300293
shapenet771,telephone,0.21727819740772247,0.26335418224334717,0.3680170476436615,0.5373310446739197
shapenet772,telephone,0.1512884646654129,0.19227813184261322,0.29598119854927063,0.4697338044643402
shapenet773,telephone,0.6018993258476257,0.6544682383537292,0.7135313153266907,0.8056187033653259
shapenet774,telephone,0.5037222504615784,0.5827305912971497,0.7537462711334229,0.9162014126777649
shapenet775,telephone,0.2158612459897995,0.28861120343208313,0.37298381328582764,0.511594831943512
shapenet782,telephone,0.39303120970726013,0.46334585547447205,0.5281255841255188,0.6335305571556091
shapenet790,telephone,0.7350359559059143,0.8427152633666992,0.9777190685272217,1.0946404933929443
shapenet791,telephone,0.21637330949306488,0.26119759678840637,0.3659614026546478,0.5359473824501038
shapenet796,telephone,0.25506290793418884,0.46883830428123474,0.6530526280403137,0.7905104756355286
shapenet797,telephone,0.7055677771568298,0.8854570388793945,0.9964186549186707,1.0600805282592773
shapenet798,telephone,0.5740966200828552,0.607718825340271,0.6689865589141846,0.749297559261322
shapenet799,telephone,0.8755033016204834,0.9654810428619385,1.020147442817688,1.0716849565505981
shapenet800,telephone,0.16031189262866974,0.20975668728351593,0.3197921812534332,0.4995049238204956
shapenet801,telephone,0.651243269443512,0.7561981081962585,0.9437112808227539,1.1211763620376587
shapenet804,telephone,0.3814055621623993,0.4201492965221405,0.5056003928184509,0.6427788138389587
shapenet805,telephone,0.2697998285293579,0.3681207597255707,0.5212258100509644,0.665156364440918
shapenet808,telephone,0.18859152495861053,0.22151733934879303,0.31778350472450256,0.4812168776988983
shapenet811,telephone,0.44430121779441833,0.5326084494590759,0.6157791614532471,0.7326633334159851
shapenet812,telephone,0.5542561411857605,0.6759688258171082,0.7930243611335754,0.8750956654548645
shapenet813,telephone,0.942864716053009,0.9789496064186096,1.0136979818344116,1.0567286014556885
shapenet814,telephone,0.8080107569694519,0.8972849249839783,0.961442232131958,1.0209962129592896
shapenet816,telephone,0.6218416094779968,0.8325218558311462,0.9375168681144714,0.9921343922615051
shapenet817,telephone,0.517595648765564,0.6507254242897034,0.747871458530426,0.8388717770576477
shapenet818,telephone,0.9235404133796692,0.9561579823493958,0.9925746917724609,1.0418354272842407
shapenet820,telephone,0.6188592910766602,0.8352085947990417,0.9602141976356506,1.021988034248352
shapenet825,telephone,0.46012330055236816,0.6700249314308167,0.8267548680305481,0.9393529891967773
shapenet826,telephone,0.6573129296302795,0.7252556681632996,0.8104867339134216,0.8907952904701233
shapenet827,telephone,0.14505678415298462,0.19526922702789307,0.3079049289226532,0.49003371596336365
shapenet831,telephone,0.2865479290485382,0.32563188672065735,0.4198404848575592,0.5784451961517334
shapenet832,telephone,0.11480128765106201,0.15627901256084442,0.265709787607193,0.4453555643558502
shapenet833,telephone,0.36943599581718445,0.40942296385765076,0.4955415725708008,0.6431594491004944
shapenet835,telephone,0.31236347556114197,0.35595986247062683,0.4505995810031891,0.6018620133399963
shapenet837,telephone,0.42519354820251465,0.5591952800750732,0.6591365933418274,0.7195646166801453
shapenet840,telephone,0.7011375427246094,0.8665876984596252,0.9783182144165039,1.0699516534805298
shapenet845,telephone,0.5392683148384094,0.6107270121574402,0.7185182571411133,0.8361995816230774
shapenet846,telephone,0.46465298533439636,0.5057587027549744,0.5658833980560303,0.6591588854789734
shapenet848,telephone,0.8174684047698975,0.8320057392120361,0.8657255172729492,0.9330886006355286
shapenet851,telephone,0.2716892659664154,0.3151479661464691,0.4144839346408844,0.5734301209449768
shapenet852,telephone,0.8988223075866699,0.9157463908195496,0.9478304982185364,0.9998893737792969
shapenet854,telephone,0.01830104924738407,0.023718899115920067,0.03044317103922367,0.054814595729112625
shapenet856,telephone,0.13952414691448212,0.17890234291553497,0.2818116247653961,0.4516683518886566
shapenet859,telephone,0.5819507241249084,0.6439916491508484,0.719550371170044,0.8043212890625
shapenet860,telephone,0.20446081459522247,0.2510291635990143,0.35548070073127747,0.5241138935089111
shapenet861,telephone,0.708979606628418,0.8898826241493225,0.9885587692260742,1.0519601106643677
shapenet863,telephone,0.6654824614524841,0.8906729817390442,0.9769284725189209,1.0506576299667358
shapenet867,telephone,0.6974876523017883,0.7745888829231262,0.8262400031089783,0.8903530240058899
shapenet869,telephone,0.6128180027008057,0.6680981516838074,0.79241943359375,0.9017424583435059
shapenet871,telephone,0.00644663954153657,0.01382678747177124,0.035311009734869,0.09612222760915756
shapenet873,telephone,0.18100900948047638,0.3030480146408081,0.5246539115905762,0.7125293612480164
shapenet877,telephone,0.27687445282936096,0.3156965374946594,0.397720068693161,0.5303465723991394
shapenet878,telephone,0.330215185880661,0.49175843596458435,0.6474649906158447,0.7396671175956726
shapenet879,telephone,0.6281373500823975,0.8660685420036316,0.9957326054573059,1.070569396018982
shapenet884,telephone,0.7865192890167236,0.8520329594612122,0.9081961512565613,0.9662296175956726
shapenet886,telephone,0.12731443345546722,0.17178089916706085,0.28191542625427246,0.4665447175502777
shapenet888,telephone,0.5437691807746887,0.5892438292503357,0.6505367755889893,0.7441613674163818
shapenet891,telephone,0.2723429501056671,0.31590041518211365,0.41348347067832947,0.5716254711151123
shapenet893,telephone,0.00941749382764101,0.012796517461538315,0.018696263432502747,0.04237857088446617
shapenet898,telephone,0.19052763283252716,0.23687435686588287,0.34579071402549744,0.520754873752594
shapenet899,telephone,0.2134099155664444,0.27743521332740784,0.39094480872154236,0.5388441681861877
shapenet901,telephone,0.3258500397205353,0.36611250042915344,0.45680904388427734,0.6038875579833984
shapenet902,telephone,0.39100804924964905,0.5223255157470703,0.6325597763061523,0.7621183395385742
shapenet903,telephone,0.8075439929962158,0.8681735992431641,0.9276369214057922,0.9910823702812195
shapenet904,telephone,0.5654351115226746,0.6947587132453918,0.8862504959106445,1.080125331878662
shapenet906,telephone,0.5835745930671692,0.6894599795341492,0.7812414169311523,0.8370463848114014
shapenet913,telephone,0.5765860676765442,0.6150466799736023,0.6750590205192566,0.7737380862236023
shapenet914,telephone,0.4023880064487457,0.4243769347667694,0.49774542450904846,0.6194183230400085
shapenet915,telephone,0.4605928659439087,0.6778890490531921,0.8434111475944519,0.9661445617675781
shapenet916,telephone,0.27872809767723083,0.32266074419021606,0.41808509826660156,0.5801500678062439
shapenet918,telephone,0.7571165561676025,0.9034245610237122,0.997081995010376,1.066095232963562
shapenet919,telephone,0.3040119707584381,0.34728673100471497,0.44241759181022644,0.5950536727905273
shapenet923,telephone,0.608572781085968,0.7169294953346252,0.8619870543479919,0.9718486666679382
shapenet924,telephone,0.4234044551849365,0.5119108557701111,0.6486456990242004,0.780768871307373
shapenet925,telephone,0.5163419246673584,0.6028250455856323,0.7986306548118591,0.9862393736839294
shapenet927,telephone,0.6839527487754822,0.8868827819824219,0.989575207233429,1.0478789806365967
shapenet930,telephone,0.39958879351615906,0.43326911330223083,0.5139176249504089,0.6505289077758789
shapenet938,telephone,0.16406291723251343,0.21605820953845978,0.3260999023914337,0.5060627460479736
shapenet939,telephone,0.13818766176700592,0.18003709614276886,0.2842842638492584,0.4572714567184448
shapenet941,telephone,0.34691789746284485,0.5081726908683777,0.687511682510376,0.8154058456420898
shapenet942,telephone,0.6521740555763245,0.7367011904716492,0.8179591298103333,0.8983166813850403
shapenet943,telephone,0.24934832751750946,0.28200846910476685,0.36451855301856995,0.5036293864250183
shapenet946,telephone,0.3861297070980072,0.43431222438812256,0.5481520295143127,0.6917523741722107
shapenet949,telephone,0.7034422755241394,0.9117762446403503,0.9817478656768799,1.051632285118103
shapenet950,telephone,0.5529679656028748,0.6615881323814392,0.7740418314933777,0.8782555460929871
shapenet952,telephone,0.9244985580444336,0.9471527934074402,0.9778364300727844,1.02370023727417
shapenet953,telephone,0.12083408981561661,0.16590535640716553,0.27578476071357727,0.458024263381958
shapenet954,telephone,0.11759970337152481,0.16978393495082855,0.2843237817287445,0.4719206988811493
shapenet955,telephone,0.2522466480731964,0.298018217086792,0.3983893394470215,0.5608144402503967
shapenet956,telephone,0.6957785487174988,0.8721675872802734,0.9634830951690674,1.0195897817611694
shapenet957,telephone,0.5747774243354797,0.63040691614151,0.6944876313209534,0.7894099354743958
shapenet958,telephone,0.6989423632621765,0.8426730036735535,0.9269024729728699,0.9782813191413879
shapenet959,telephone,0.4482421875,0.6510431170463562,0.784296452999115,0.8831351399421692
shapenet960,telephone,0.42423972487449646,0.5423738956451416,0.6209059953689575,0.6812362670898438
shapenet966,telephone,0.7247781753540039,0.8661324381828308,0.9284312129020691,0.9755905270576477
shapenet967,telephone,0.6767346262931824,0.8875353932380676,0.9676735997200012,1.0210342407226562
shapenet974,telephone,0.002818882465362549,0.00810836162418127,0.014985202811658382,0.03630301356315613
shapenet977,telephone,0.7850914597511292,0.8954556584358215,0.9708495140075684,1.0297423601150513
shapenet978,telephone,0.29953256249427795,0.3421191871166229,0.4387119710445404,0.5924176573753357
shapenet979,telephone,0.6238428354263306,0.8007662892341614,0.9542993903160095,1.0557647943496704
shapenet983,telephone,0.21348649263381958,0.2595851421356201,0.3653304874897003,0.5347620844841003
shapenet984,telephone,0.003711024997755885,0.0072700027376413345,0.012192108668386936,0.03404394909739494
shapenet989,telephone,0.33804845809936523,0.38484904170036316,0.45687878131866455,0.5780661702156067
shapenet990,telephone,0.005462368484586477,0.00991860032081604,0.02538449503481388,0.07072391360998154
shapenet991,telephone,0.46279481053352356,0.6034960150718689,0.7281157374382019,0.8078175187110901
shapenet994,telephone,0.8840579986572266,0.9185613989830017,0.9554166793823242,1.0129796266555786
shapenet1000,telephone,0.6581079363822937,0.7785330414772034,0.9398062229156494,1.0809820890426636
shapenet1003,telephone,0.25069746375083923,0.2849874198436737,0.3743538558483124,0.5249608159065247
shapenet1005,telephone,0.5186060070991516,0.5539799332618713,0.6049458980560303,0.6794560551643372
shapenet1008,telephone,0.7761130332946777,0.7933033108711243,0.8305718898773193,0.9063542485237122
shapenet1009,telephone,0.17043530941009521,0.21648235619068146,0.3250720500946045,0.5034316182136536
shapenet1010,telephone,0.1485339254140854,0.30401477217674255,0.5051043033599854,0.6772781014442444
shapenet1016,telephone,0.40951991081237793,0.4548480808734894,0.5324788689613342,0.6579930782318115
shapenet1019,telephone,0.5984013080596924,0.7733156085014343,0.9312314391136169,0.9882828593254089
shapenet1020,telephone,0.3070686161518097,0.3486500680446625,0.44196057319641113,0.5917369723320007
shapenet1023,telephone,0.2203783541917801,0.2534419596195221,0.34678521752357483,0.5061543583869934
shapenet1024,telephone,0.645881175994873,0.8473173975944519,0.995960533618927,1.0861645936965942
shapenet1025,telephone,0.5716672539710999,0.6668556332588196,0.8312259316444397,0.9814926981925964
shapenet1026,telephone,0.27892446517944336,0.3211483657360077,0.4191683828830719,0.5755889415740967
shapenet1028,telephone,0.9542412757873535,0.9919268488883972,1.0355879068374634,1.0756139755249023
shapenet1030,telephone,0.4886346757411957,0.5701115131378174,0.7181561589241028,0.8799406886100769
shapenet1033,telephone,0.09568578004837036,0.13839174807071686,0.2501313388347626,0.4336235821247101
shapenet1034,telephone,0.8121139407157898,0.9388155937194824,0.9733984470367432,1.005936622619629
shapenet1035,telephone,0.7501036524772644,0.895133912563324,0.937786340713501,0.9644010663032532
shapenet1036,telephone,0.35047081112861633,0.46448835730552673,0.5995726585388184,0.8013675808906555
shapenet1037,telephone,0.4078465402126312,0.48256173729896545,0.5859257578849792,0.7071129679679871
shapenet1041,telephone,0.29983118176460266,0.3425391912460327,0.4390309751033783,0.5929100513458252
shapenet1042,telephone,0.3095056712627411,0.42386341094970703,0.5846101641654968,0.7204689383506775
shapenet1043,telephone,0.5204369425773621,0.7759788632392883,0.9104190468788147,1.0398415327072144
shapenet1047,telephone,0.45834437012672424,0.6232550144195557,0.6872148513793945,0.7689294219017029
shapenet1048,telephone,0.5198937654495239,0.5417392253875732,0.6026771664619446,0.7008320689201355
shapenet1049,telephone,0.2798402011394501,0.3294738829135895,0.42748990654945374,0.5843024849891663
shapenet1050,telephone,0.010907928459346294,0.09497108310461044,0.2284984588623047,0.31560835242271423
shapenet1053,telephone,0.3623782694339752,0.44614377617836,0.5478567481040955,0.6808962821960449
shapenet1055,telephone,0.2140185385942459,0.2592522203922272,0.36047306656837463,0.5303463935852051
shapenet1056,telephone,0.5596808791160583,0.7591512203216553,0.973015308380127,1.1058191061019897
shapenet1057,telephone,0.22913002967834473,0.2720355987548828,0.3757229149341583,0.5425727963447571
shapenet1061,telephone,0.16337482631206512,0.2522972822189331,0.3506096303462982,0.46117159724235535
shapenet1062,telephone,0.12086053937673569,0.16807490587234497,0.28012561798095703,0.46605184674263
shapenet1066,telephone,0.3197053074836731,0.36176684498786926,0.45335015654563904,0.6071692109107971
shapenet1067,telephone,0.19979779422283173,0.2698768377304077,0.4393749535083771,0.6066954135894775
shapenet1070,telephone,0.4278005361557007,0.47371721267700195,0.5304336547851562,0.6245766282081604
shapenet1074,telephone,0.165923073887825,0.20582561194896698,0.3073230981826782,0.4772985279560089
shapenet1078,telephone,0.21347473561763763,0.29854968190193176,0.4016686677932739,0.5468183755874634
shapenet1079,telephone,0.6323185563087463,0.725376307964325,0.7843027114868164,0.8439391255378723
shapenet1081,telephone,0.3017873466014862,0.42642942070961,0.5273725390434265,0.6433765292167664
shapenet1082,telephone,0.10831838846206665,0.15496379137039185,0.2668125331401825,0.4539847671985626
shapenet1084,telephone,0.362578421831131,0.40280142426490784,0.48782166838645935,0.6327463984489441
shapenet1085,telephone,0.31604135036468506,0.34856948256492615,0.434927374124527,0.5767431259155273
shapenet1086,telephone,0.4798947870731354,0.5585389137268066,0.697902262210846,0.8602731823921204
shapenet1088,telephone,0.43772420287132263,0.4756258428096771,0.5540640950202942,0.6874899864196777
shapenet1091,telephone,0.9899342656135559,1.0218753814697266,1.0506091117858887,1.0882166624069214
shapenet1092,telephone,0.2529403567314148,0.29667946696281433,0.39790114760398865,0.559977114200592
shapenet1093,telephone,0.5727388858795166,0.8013391494750977,0.9739423394203186,1.0794506072998047
shapenet1096,telephone,0.10333659499883652,0.14864414930343628,0.26076528429985046,0.4475896656513214
shapenet1097,telephone,0.7289056777954102,0.743095338344574,0.7830266952514648,0.8435721397399902
shapenet1099,telephone,0.4654623568058014,0.5214561820030212,0.5808995366096497,0.6690446734428406
shapenet1100,telephone,0.21439050137996674,0.25950419902801514,0.3606659173965454,0.5306585431098938
shapenet1103,telephone,0.0006240407819859684,0.00245272321626544,0.007261311635375023,0.026801297441124916
shapenet1111,telephone,0.04278399422764778,0.07951670140028,0.1980219930410385,0.2701101005077362
shapenet1113,telephone,0.31011059880256653,0.32962509989738464,0.4046688973903656,0.5346601009368896
shapenet1117,telephone,0.21865351498126984,0.26167795062065125,0.36683788895606995,0.5360708832740784
shapenet1119,telephone,0.26193860173225403,0.3085732161998749,0.40695807337760925,0.5679922699928284
shapenet1120,telephone,0.21671152114868164,0.2627618610858917,0.3664744794368744,0.5401042103767395
shapenet1121,telephone,0.3718031346797943,0.5267420411109924,0.6663684248924255,0.8171183466911316
shapenet1123,telephone,0.5252334475517273,0.5593795776367188,0.6310369968414307,0.7522077560424805
shapenet1125,telephone,0.001033822656609118,0.006278695538640022,0.014998567290604115,0.04656444862484932
shapenet1127,telephone,0.5242325663566589,0.5588340759277344,0.6301524639129639,0.7489754557609558
shapenet1129,telephone,0.7551562190055847,0.8340620994567871,0.8903264999389648,0.958137571811676
shapenet1131,telephone,0.021525144577026367,0.04346124827861786,0.07699491828680038,0.13951672613620758
shapenet1137,telephone,0.21796341240406036,0.2637995779514313,0.36903703212738037,0.5381948351860046
shapenet1141,telephone,0.5933066010475159,0.786370575428009,0.9460528492927551,1.0124908685684204
shapenet1142,telephone,0.5794148445129395,0.6043550372123718,0.6388599872589111,0.69731205701828
shapenet1143,telephone,0.9021914005279541,0.925393283367157,0.9539896845817566,1.0042442083358765
shapenet1144,telephone,0.8950843811035156,0.9294233918190002,0.9699956774711609,1.0248662233352661
shapenet1145,telephone,0.5694128274917603,0.685267984867096,0.8196783065795898,0.9209322929382324
shapenet1146,telephone,0.611177921295166,0.6410487294197083,0.7000827789306641,0.802274227142334
shapenet1147,telephone,0.27361372113227844,0.3245154917240143,0.41405820846557617,0.556657075881958
shapenet1149,telephone,0.32177940011024475,0.35648372769355774,0.44319382309913635,0.5878232717514038
shapenet1155,telephone,0.1757543534040451,0.40155646204948425,0.5388611555099487,0.6005324721336365
shapenet1157,telephone,0.001980046508833766,0.003449259325861931,0.007250547409057617,0.021075019612908363
shapenet1159,telephone,0.21584554016590118,0.25924015045166016,0.3645416796207428,0.5341054797172546
shapenet1160,telephone,0.9508588910102844,0.9841461777687073,1.0167936086654663,1.057966709136963
shapenet1161,telephone,0.6869780421257019,0.7140114903450012,0.7653319835662842,0.8583796620368958
shapenet1163,telephone,0.24637657403945923,0.2797304689884186,0.3714078962802887,0.5253922939300537
shapenet1168,telephone,0.8008721470832825,0.8352745175361633,0.8719120621681213,0.9180140495300293
shapenet1171,telephone,0.26823028922080994,0.3110049068927765,0.41034212708473206,0.5699505805969238
shapenet1172,telephone,0.4140540361404419,0.6006065011024475,0.8057759404182434,1.0208771228790283
shapenet1174,telephone,0.3594761788845062,0.45187368988990784,0.5936103463172913,0.7163553833961487
shapenet1178,telephone,0.9250425696372986,0.9529460072517395,0.9833499789237976,1.0311864614486694
shapenet1179,telephone,0.37862542271614075,0.4482414722442627,0.5621731281280518,0.6627176403999329
shapenet1182,telephone,0.0008709232206456363,0.001701023313216865,0.004765551537275314,0.02580174244940281
shapenet1183,telephone,0.27727004885673523,0.3330870568752289,0.40570756793022156,0.5043119788169861
shapenet1184,telephone,0.20632445812225342,0.25258153676986694,0.35882568359375,0.5301654934883118
shapenet1186,telephone,0.8282410502433777,0.8858408331871033,0.9398539662361145,0.9937148094177246
shapenet1187,telephone,0.47122907638549805,0.604796826839447,0.7694840431213379,0.9402856230735779
shapenet1189,telephone,0.43408551812171936,0.47067639231681824,0.5489026308059692,0.6807012557983398
shapenet1190,telephone,0.662909984588623,0.6858231425285339,0.7400853037834167,0.8448266983032227
shapenet1191,telephone,0.19006328284740448,0.35075846314430237,0.5572216510772705,0.7376372218132019
shapenet1194,telephone,0.9657551646232605,1.0114538669586182,1.065374732017517,1.0979347229003906
shapenet1196,telephone,0.21560144424438477,0.26335573196411133,0.3673522472381592,0.5366237163543701
shapenet1197,telephone,0.4136958122253418,0.4510137140750885,0.5304262638092041,0.6631495356559753
shapenet1199,telephone,0.4209554195404053,0.45781397819519043,0.538227379322052,0.6771901249885559
shapenet1200,telephone,0.7507638931274414,0.8021432757377625,0.8379544615745544,0.8978648781776428
shapenet1201,telephone,0.8735296726226807,0.8973689079284668,0.9320260882377625,0.9635584354400635
shapenet1202,telephone,0.19017593562602997,0.23653645813465118,0.3448277413845062,0.5193093419075012
shapenet1208,telephone,0.5095204710960388,0.541350781917572,0.6115776300430298,0.7301436066627502
shapenet1210,telephone,0.6547732949256897,0.7501125335693359,0.8131775856018066,0.8811851143836975
shapenet1211,telephone,0.12059422582387924,0.15833169221878052,0.2677578032016754,0.4481135606765747
shapenet1212,telephone,0.9185371994972229,0.9469111561775208,0.985651433467865,1.0339174270629883
shapenet1215,telephone,0.18720968067646027,0.2421451359987259,0.34935879707336426,0.5250130295753479
shapenet1216,telephone,0.4447246789932251,0.48202523589134216,0.5580424666404724,0.687350332736969
shapenet1218,telephone,0.03704450652003288,0.09946531057357788,0.11883717775344849,0.14557933807373047
shapenet1220,telephone,0.8237517476081848,0.8476864695549011,0.890300452709198,0.9545924067497253
shapenet1222,telephone,0.6302082538604736,0.7135172486305237,0.7843580842018127,0.8691268563270569
shapenet1224,telephone,0.24070541560649872,0.284426748752594,0.3881542384624481,0.5530478954315186
shapenet1226,telephone,0.3747116029262543,0.48093676567077637,0.655211865901947,0.8159306645393372
shapenet1227,telephone,0.6763935685157776,0.7149286866188049,0.7563921809196472,0.8160116076469421
shapenet1228,telephone,0.2868348956108093,0.32883813977241516,0.425433874130249,0.5810118317604065
shapenet1232,telephone,0.514366626739502,0.549480140209198,0.6198098063468933,0.7390177845954895
shapenet1234,telephone,0.6775180697441101,0.8679781556129456,0.9492545127868652,1.0001144409179688
shapenet1241,telephone,0.024636268615722656,0.07230750471353531,0.19016487896442413,0.3889665901660919
shapenet1242,telephone,0.5593693852424622,0.6390431523323059,0.7379199862480164,0.8455500602722168
shapenet1245,telephone,0.25912177562713623,0.3030283749103546,0.40363386273384094,0.5653178691864014
shapenet1250,telephone,0.5905801653862,0.8240504264831543,0.9557771682739258,1.0559042692184448
shapenet1252,telephone,0.5897440314292908,0.6222284436225891,0.6842120289802551,0.7870648503303528
shapenet1253,telephone,0.5520196557044983,0.5847107768058777,0.6501856446266174,0.7639392018318176
shapenet1255,telephone,0.5446417927742004,0.5600365996360779,0.6112720966339111,0.7015793323516846
shapenet1256,telephone,0.3319535553455353,0.3726728856563568,0.46420490741729736,0.6111286282539368
shapenet1258,telephone,0.9004864692687988,0.9454018473625183,0.9849680066108704,1.0352190732955933
shapenet1259,telephone,0.2777421474456787,0.438274621963501,0.5762611627578735,0.7563048005104065
shapenet1260,telephone,0.8349761962890625,0.8469052314758301,0.8792011141777039,0.9371099472045898
shapenet1262,telephone,0.39133787155151367,0.5533753037452698,0.7259349226951599,0.910329282283783
shapenet1263,telephone,0.41204556822776794,0.49069204926490784,0.5649781823158264,0.6634811758995056
shapenet1264,telephone,0.9312255382537842,0.9672591090202332,0.9978020191192627,1.040793538093567
shapenet1267,telephone,0.37515541911125183,0.5895527005195618,0.7472972273826599,0.8902888298034668
shapenet1269,telephone,0.6923845410346985,0.8669160008430481,0.9775645732879639,1.072271466255188
shapenet1271,telephone,0.3733164370059967,0.41342923045158386,0.498689740896225,0.6398128867149353
shapenet1273,telephone,0.8039620518684387,0.9151027202606201,0.9928348660469055,1.0564106702804565
shapenet1274,telephone,0.6758977770805359,0.6956093907356262,0.73838871717453,0.8101466298103333
shapenet1275,telephone,0.2734016478061676,0.317253977060318,0.4160391390323639,0.5744380354881287
shapenet1276,telephone,0.3548613488674164,0.49369016289711,0.6329115033149719,0.7737330794334412
shapenet1278,telephone,0.29543256759643555,0.3320828378200531,0.41910257935523987,0.5750824213027954
shapenet1279,telephone,0.6878079771995544,0.8919720649719238,0.9986761212348938,1.0528372526168823
shapenet1283,telephone,0.006830295082181692,0.014435983262956142,0.033184926956892014,0.06752244383096695
shapenet1285,telephone,0.23935723304748535,0.31984809041023254,0.46086373925209045,0.6037315726280212
shapenet1286,telephone,0.7065679430961609,0.7228479385375977,0.7599010467529297,0.8097549080848694
shapenet1287,telephone,0.2786702811717987,0.34324535727500916,0.42204979062080383,0.5347967743873596
shapenet1288,telephone,0.8459851145744324,0.9233891367912292,0.9751754403114319,1.0292022228240967
shapenet1290,telephone,0.8972368240356445,0.9135072231292725,0.946177065372467,0.9995705485343933
shapenet1292,telephone,0.5726867318153381,0.651484489440918,0.7936494946479797,0.9037566184997559
shapenet1294,telephone,0.32527878880500793,0.4319351017475128,0.5966658592224121,0.7116833329200745
shapenet1295,telephone,0.6092430949211121,0.8156458735466003,0.9356439113616943,1.0507076978683472
shapenet1296,telephone,0.6104217171669006,0.6554566025733948,0.7459733486175537,0.8245137333869934
shapenet1297,telephone,0.5915908217430115,0.6841242909431458,0.7779051661491394,0.8838936686515808
shapenet1298,telephone,0.2866177260875702,0.35055384039878845,0.47526001930236816,0.6396904587745667
shapenet1299,telephone,0.0013222495326772332,0.002838861895725131,0.0070456587709486485,0.02411927841603756
shapenet1300,telephone,0.44075870513916016,0.4757958948612213,0.551974356174469,0.6870372891426086
shapenet1303,telephone,0.6332898736000061,0.8481213450431824,0.9191219210624695,0.9657410979270935
shapenet1304,telephone,0.24683843553066254,0.29055869579315186,0.3924194276332855,0.5554938912391663
shapenet1306,telephone,0.7441328167915344,0.916743278503418,0.9853599071502686,1.025687575340271
shapenet1308,telephone,0.0447951965034008,0.18938951194286346,0.2701234817504883,0.374955415725708
shapenet1310,telephone,0.6155865788459778,0.7473278045654297,0.8612060546875,0.9745405316352844
shapenet1312,telephone,0.6359043121337891,0.7706900238990784,0.8472306132316589,0.9085720181465149
shapenet1314,telephone,0.4230246841907501,0.5131097435951233,0.6324507594108582,0.7618959546089172
shapenet1315,telephone,0.14052242040634155,0.18387238681316376,0.2920075058937073,0.47264257073402405
shapenet1316,telephone,0.5151719450950623,0.5473899245262146,0.6138671040534973,0.7354690432548523
shapenet1317,telephone,0.0168174896389246,0.028932830318808556,0.06056569516658783,0.09377109259366989
shapenet1318,telephone,0.626804530620575,0.84299236536026,0.9800665974617004,1.0599536895751953
shapenet1320,telephone,0.7191500067710876,0.7736093401908875,0.8463748097419739,0.926361083984375
shapenet1321,telephone,0.49866607785224915,0.5272217988967896,0.5967742800712585,0.7113373875617981
shapenet1322,telephone,0.37148189544677734,0.5486436486244202,0.7246283888816833,0.8923384547233582
shapenet1324,telephone,0.45506414771080017,0.685239315032959,0.8376500606536865,0.9457864165306091
shapenet1325,telephone,0.34206509590148926,0.38375163078308105,0.473956435918808,0.6186347603797913
shapenet1328,telephone,0.5780165791511536,0.781285285949707,0.9156413078308105,1.055641770362854
shapenet1330,telephone,0.9450883865356445,0.9800998568534851,1.0127534866333008,1.053795337677002
shapenet1333,telephone,0.6703922152519226,0.9263375401496887,1.0104891061782837,1.0625933408737183
shapenet1337,telephone,0.39849647879600525,0.43735066056251526,0.5207281708717346,0.6586382985115051
shapenet1339,telephone,0.4416050612926483,0.47677290439605713,0.5550560355186462,0.6857210993766785
shapenet1341,telephone,0.9200430512428284,0.9752407073974609,1.0233701467514038,1.0687986612319946
shapenet1347,telephone,0.15651315450668335,0.2035314291715622,0.311169296503067,0.4923839569091797
shapenet1349,telephone,0.625878632068634,0.8501532673835754,0.9949974417686462,1.0783880949020386
shapenet1351,telephone,0.19071447849273682,0.23685568571090698,0.3446691930294037,0.5190963745117188
shapenet1353,telephone,0.22867132723331451,0.2727392315864563,0.3767549693584442,0.5437482595443726
shapenet1354,telephone,0.7627052664756775,0.9099710583686829,1.0200916528701782,1.0862746238708496
shapenet1357,telephone,0.5071385502815247,0.7489321827888489,0.8584346175193787,0.9612589478492737
shapenet1358,telephone,0.11286938190460205,0.2593933045864105,0.42491182684898376,0.597702145576477
shapenet1359,telephone,0.8874311447143555,0.9670581817626953,1.036752700805664,1.0926213264465332
shapenet1360,telephone,0.36755919456481934,0.5204660296440125,0.6045515537261963,0.6872811913490295
shapenet1361,telephone,0.7606572508811951,0.8456382751464844,0.8945367932319641,0.9308094382286072
shapenet1362,telephone,0.17431245744228363,0.22026807069778442,0.33025360107421875,0.5076302289962769
shapenet1364,telephone,0.7051060795783997,0.8226230144500732,0.9421818852424622,1.0165201425552368
shapenet1369,telephone,0.8888799548149109,0.9447253346443176,0.9883792996406555,1.0329221487045288
shapenet1372,telephone,0.15645189583301544,0.40104591846466064,0.5389370918273926,0.6760141253471375
shapenet1375,telephone,0.22366583347320557,0.272248238325119,0.3761974275112152,0.5442398190498352
shapenet1377,telephone,0.6176276803016663,0.6422805786132812,0.6971578001976013,0.7937987446784973
shapenet1378,telephone,0.37626656889915466,0.41220155358314514,0.49556228518486023,0.6437629461288452
shapenet1380,telephone,0.405266672372818,0.5169779658317566,0.6287322044372559,0.7265996336936951
shapenet1381,telephone,0.8957340121269226,0.9285886883735657,0.9601107239723206,1.0119962692260742
shapenet1383,telephone,0.5020269751548767,0.5772884488105774,0.7440669536590576,0.9369634985923767
shapenet1386,telephone,0.5008969902992249,0.6367489099502563,0.7331077456474304,0.8377351760864258
shapenet1390,telephone,0.007032990455627441,0.0097435237839818,0.020580047741532326,0.05854395031929016
shapenet1391,telephone,0.6433747410774231,0.7874286770820618,0.9294877052307129,1.084240436553955
shapenet1392,telephone,0.12451913207769394,0.16039703786373138,0.22621071338653564,0.3350222408771515
shapenet1393,telephone,0.31409040093421936,0.35564732551574707,0.44511160254478455,0.5962509512901306
shapenet1394,telephone,0.5639412999153137,0.6261851787567139,0.6662835478782654,0.7107929587364197
shapenet1396,telephone,0.23099617660045624,0.2771904468536377,0.37978243827819824,0.5459535717964172
shapenet1397,telephone,0.4021291732788086,0.42399194836616516,0.4914757013320923,0.6053339242935181
shapenet1401,telephone,0.3377093970775604,0.38158857822418213,0.4744158983230591,0.6225406527519226
shapenet1402,telephone,0.6829726099967957,0.7649502158164978,0.8330003619194031,0.9041784405708313
shapenet1404,telephone,0.9031991958618164,0.9642207026481628,1.0072978734970093,1.0514663457870483
shapenet1406,telephone,0.23642508685588837,0.28131625056266785,0.38434985280036926,0.550021231174469
shapenet1411,telephone,0.6855497360229492,0.7810661196708679,0.8378434777259827,0.9075436592102051
shapenet1413,telephone,0.09172437340021133,0.1325330287218094,0.24462032318115234,0.4282064437866211
shapenet1418,telephone,0.9086830615997314,0.9378792643547058,0.9663820862770081,1.0132921934127808
shapenet1419,telephone,0.7130864262580872,0.8193972706794739,0.9015666842460632,0.9573209881782532
shapenet1421,telephone,0.593973696231842,0.6244232654571533,0.6854347586631775,0.7903578877449036
shapenet1422,telephone,0.21956855058670044,0.26527848839759827,0.3697744309902191,0.5388132333755493
shapenet1423,telephone,0.014935712330043316,0.030971260741353035,0.07497555762529373,0.171731635928154
shapenet1427,telephone,0.5101602673530579,0.6568296551704407,0.7579948902130127,0.8659455180168152
shapenet1428,telephone,0.8993379473686218,0.92290860414505,0.9565221667289734,1.0119106769561768
shapenet1429,telephone,0.8522165417671204,0.9159293174743652,0.9836384654045105,1.0342906713485718
shapenet1433,telephone,0.9145291447639465,0.9788408279418945,1.0191413164138794,1.0566946268081665
shapenet1435,telephone,0.6756505370140076,0.7273691296577454,0.7710743546485901,0.8335299491882324
shapenet1436,telephone,0.27327725291252136,0.318471759557724,0.4168642461299896,0.5753117203712463
shapenet1439,telephone,0.5452781915664673,0.6915308833122253,0.7999528050422668,0.9163298606872559
shapenet1441,telephone,0.2270074337720871,0.2742602229118347,0.37782391905784607,0.5453537106513977
shapenet1445,telephone,0.22321157157421112,0.2691210210323334,0.37266603112220764,0.5407657027244568
shapenet1448,telephone,0.11136946827173233,0.18449901044368744,0.2537871301174164,0.35336753726005554
shapenet1449,telephone,0.5828925967216492,0.7237317562103271,0.8675814270973206,0.971203088760376
shapenet1451,telephone,0.47771772742271423,0.6290578246116638,0.7567345499992371,0.8975369334220886
shapenet1455,telephone,0.28430572152137756,0.32883885502815247,0.4264433681964874,0.5832828879356384
shapenet1460,telephone,0.0023414690513163805,0.012093224562704563,0.036096613854169846,0.09411874413490295
shapenet1466,telephone,0.23108915984630585,0.2758626639842987,0.3784538209438324,0.5442374348640442
shapenet1468,telephone,0.9328404068946838,0.9570303559303284,0.9806485176086426,1.0237797498703003
shapenet1470,telephone,0.36118218302726746,0.3932216167449951,0.46643316745758057,0.583185613155365
shapenet1472,telephone,0.23988507688045502,0.2849009037017822,0.3870294988155365,0.550876796245575
shapenet1473,telephone,0.1349923014640808,0.18471212685108185,0.2964819073677063,0.48244595527648926
shapenet1474,telephone,0.9330244064331055,0.9546294212341309,0.9839676022529602,1.033955454826355
shapenet1475,telephone,0.4169422686100006,0.539031445980072,0.7060683369636536,0.8474090695381165
shapenet1477,telephone,0.7073566317558289,0.8213116526603699,0.908532440662384,0.985607922077179
shapenet1478,telephone,0.21527759730815887,0.26069238781929016,0.3653053343296051,0.53419429063797
shapenet1479,telephone,0.8607997298240662,0.9196144938468933,0.9704623222351074,1.0182543992996216
shapenet1480,telephone,0.3697476387023926,0.4459015429019928,0.6044930815696716,0.7032623887062073
shapenet1484,telephone,0.01179675292223692,0.035513024777173996,0.09654881805181503,0.2113841027021408
shapenet1486,telephone,0.6924669742584229,0.7689843773841858,0.820521891117096,0.8730223178863525
shapenet1487,telephone,0.01780257560312748,0.034397054463624954,0.06480661779642105,0.11383131891489029
shapenet1489,telephone,0.6370331645011902,0.8119985461235046,0.9468269348144531,1.058707594871521
shapenet1491,telephone,0.6470591425895691,0.6646727919578552,0.713344156742096,0.7937279343605042
shapenet1494,telephone,0.32821449637413025,0.36404430866241455,0.45164310932159424,0.5938666462898254
shapenet1495,telephone,0.5351078510284424,0.616402268409729,0.7267815470695496,0.8112177848815918
shapenet2,watercraft,0.7892386317253113,0.8579109311103821,0.9220574498176575,1.0005625486373901
shapenet3,watercraft,0.347875714302063,0.35176169872283936,0.3673175871372223,0.4093022644519806
shapenet4,watercraft,0.12211334705352783,0.1683548539876938,0.20168976485729218,0.2548615634441376
shapenet5,watercraft,0.7536258697509766,0.7910871505737305,0.8429614901542664,0.8877330422401428
shapenet6,watercraft,0.15555588901042938,0.16311711072921753,0.18126411736011505,0.23409955203533173
shapenet10,watercraft,0.9727466106414795,0.9828226566314697,0.9922068119049072,1.0046076774597168
shapenet11,watercraft,0.02134040929377079,0.02929423749446869,0.046556759625673294,0.08021975308656693
shapenet13,watercraft,0.2354498952627182,0.2852785289287567,0.31526654958724976,0.36200007796287537
shapenet15,watercraft,1.0569164752960205,1.0868115425109863,1.120567798614502,1.1662673950195312
shapenet18,watercraft,0.7754512429237366,0.8296062350273132,0.9116313457489014,0.9960606694221497
shapenet19,watercraft,0.8505470156669617,0.8778273463249207,0.8908929824829102,0.9049069285392761
shapenet20,watercraft,0.04969149827957153,0.05549357831478119,0.07561109215021133,0.1331038922071457
shapenet22,watercraft,0.5211406350135803,0.6322131156921387,0.7068888545036316,0.778292715549469
shapenet23,watercraft,0.7675787806510925,0.8899180889129639,1.0035033226013184,1.1208304166793823
shapenet24,watercraft,0.9363113045692444,0.9703454375267029,1.0027098655700684,1.041721224784851
shapenet25,watercraft,0.7108368873596191,0.7238875031471252,0.7339137196540833,0.7563993334770203
shapenet26,watercraft,0.04366590455174446,0.06952570378780365,0.10198155045509338,0.14840878546237946
shapenet28,watercraft,0.16824586689472198,0.21375124156475067,0.24764788150787354,0.2992587983608246
shapenet35,watercraft,0.7210121154785156,0.7244670987129211,0.7342391014099121,0.7594423294067383
shapenet37,watercraft,0.7606579661369324,0.8042696118354797,0.8248876929283142,0.847477912902832
shapenet41,watercraft,1.0739902257919312,1.104849934577942,1.1478559970855713,1.1976155042648315
shapenet42,watercraft,0.8683661818504333,0.9678173661231995,1.06255042552948,1.1658881902694702
shapenet46,watercraft,0.5159437656402588,0.5221487879753113,0.5340325832366943,0.566889762878418
shapenet49,watercraft,0.19094640016555786,0.24305248260498047,0.2957858741283417,0.34792089462280273
shapenet50,watercraft,0.8100221753120422,0.9089126586914062,0.9852916598320007,1.0520689487457275
shapenet53,watercraft,0.19303403794765472,0.2876706123352051,0.4001997411251068,0.5585777759552002
shapenet55,watercraft,0.8822529911994934,0.8857479095458984,0.8925660252571106,0.9097195267677307
shapenet57,watercraft,0.7188542485237122,0.8720462918281555,0.9805116057395935,1.0844388008117676
shapenet62,watercraft,1.0003325939178467,1.0389212369918823,1.1026878356933594,1.1680660247802734
shapenet71,watercraft,0.20974355936050415,0.22285433113574982,0.2435072660446167,0.29131463170051575
shapenet72,watercraft,0.15113134682178497,0.21669326722621918,0.24541716277599335,0.29452505707740784
shapenet73,watercraft,0.0638270154595375,0.09328828006982803,0.14043737947940826,0.21240465342998505
shapenet74,watercraft,0.44581547379493713,0.4504148066043854,0.46448180079460144,0.5015131235122681
shapenet75,watercraft,0.16884487867355347,0.21974270045757294,0.2637145221233368,0.3166360855102539
shapenet80,watercraft,0.7461288571357727,0.7487609386444092,0.7580516338348389,0.7817013263702393
shapenet82,watercraft,0.1388118416070938,0.14624394476413727,0.1651337742805481,0.21809285879135132
shapenet83,watercraft,0.924482524394989,1.0264581441879272,1.080583095550537,1.132367730140686
shapenet86,watercraft,0.11701700836420059,0.12385610491037369,0.14289137721061707,0.19744615256786346
shapenet87,watercraft,0.1697634905576706,0.20456378161907196,0.23438994586467743,0.28531306982040405
shapenet90,watercraft,0.08681926876306534,0.09329718351364136,0.1125410795211792,0.16904956102371216
shapenet91,watercraft,0.8786099553108215,0.9616098403930664,1.043709635734558,1.1376124620437622
shapenet97,watercraft,0.1855878233909607,0.2359163612127304,0.2932584285736084,0.37523898482322693
shapenet101,watercraft,0.25100064277648926,0.25527098774909973,0.27308395504951477,0.32047221064567566
shapenet102,watercraft,0.49683403968811035,0.5003947615623474,0.5122936367988586,0.5461748242378235
shapenet103,watercraft,0.2018863707780838,0.26946893334388733,0.3401752710342407,0.39557209610939026
shapenet104,watercraft,0.1519879698753357,0.20540113747119904,0.23079295456409454,0.28038907051086426
shapenet107,watercraft,0.2183670997619629,0.2892199158668518,0.3856782019138336,0.5141375660896301
shapenet110,watercraft,0.055044133216142654,0.07418521493673325,0.0984821692109108,0.1365726739168167
shapenet112,watercraft,0.9964809417724609,1.0513889789581299,1.1066333055496216,1.1780036687850952
shapenet115,watercraft,0.8976090550422668,0.9082717895507812,0.9164838790893555,0.9332435727119446
shapenet116,watercraft,0.14306312799453735,0.17249830067157745,0.22901777923107147,0.2890848219394684
shapenet118,watercraft,0.6393421292304993,0.678862988948822,0.7007079124450684,0.7274386286735535
shapenet119,watercraft,0.8877484798431396,0.9718265533447266,1.0188318490982056,1.0468581914901733
shapenet120,watercraft,0.09592471271753311,0.10086559504270554,0.1202540472149849,0.17535676062107086
shapenet123,watercraft,0.46292564272880554,0.46710458397865295,0.48148664832115173,0.520359456539154
shapenet124,watercraft,0.20676197111606598,0.2604523003101349,0.330828994512558,0.43170037865638733
shapenet125,watercraft,0.7573869824409485,0.8585798144340515,0.9406679272651672,1.0423972606658936
shapenet126,watercraft,0.06325241178274155,0.06922701001167297,0.08901777118444443,0.14503340423107147
shapenet128,watercraft,0.2767542004585266,0.28472375869750977,0.3001256287097931,0.3442988395690918
shapenet129,watercraft,0.019975125789642334,0.030863827094435692,0.05127502605319023,0.1089346632361412
shapenet133,watercraft,0.1670130491256714,0.182201087474823,0.19805090129375458,0.2396797090768814
shapenet134,watercraft,0.9292905330657959,0.9780972599983215,1.0399718284606934,1.0880382061004639
shapenet136,watercraft,0.06928422302007675,0.1957533210515976,0.26014581322669983,0.3089185655117035
shapenet142,watercraft,0.09996026754379272,0.10562924295663834,0.12484019994735718,0.18013496696949005
shapenet144,watercraft,1.0401184558868408,1.081454873085022,1.1478317975997925,1.2216891050338745
shapenet148,watercraft,0.10685233026742935,0.1363963931798935,0.1785295456647873,0.24643683433532715
shapenet151,watercraft,0.5409424901008606,0.5620013475418091,0.5977956652641296,0.6510837078094482
shapenet152,watercraft,0.04832450672984123,0.10918435454368591,0.15296728909015656,0.21466316282749176
shapenet153,watercraft,1.0335811376571655,1.0787813663482666,1.129158616065979,1.1831177473068237
shapenet154,watercraft,0.25135278701782227,0.26912686228752136,0.32327279448509216,0.4155302047729492
shapenet156,watercraft,0.1698158234357834,0.23589317500591278,0.2925894558429718,0.35021522641181946
shapenet157,watercraft,0.9924162030220032,1.0394192934036255,1.1137466430664062,1.1964588165283203
shapenet160,watercraft,0.7599515914916992,0.7737758755683899,0.780663788318634,0.7977293133735657
shapenet161,watercraft,0.7661318182945251,0.7703139185905457,0.7796600461006165,0.8027485013008118
shapenet162,watercraft,0.9962490200996399,1.0523971319198608,1.1129111051559448,1.1767712831497192
shapenet163,watercraft,0.16519653797149658,0.18651904165744781,0.21129758656024933,0.2626537084579468
shapenet164,watercraft,0.20430169999599457,0.2280440777540207,0.2545849680900574,0.3040626347064972
shapenet165,watercraft,0.2133602648973465,0.26289036870002747,0.3301207423210144,0.44349536299705505
shapenet167,watercraft,0.18554449081420898,0.1903356909751892,0.2094203680753708,0.26153042912483215
shapenet169,watercraft,0.5974984765052795,0.6019536256790161,0.6142833828926086,0.646487295627594
shapenet171,watercraft,0.21442943811416626,0.26465800404548645,0.32990142703056335,0.41291120648384094
shapenet172,watercraft,0.20795178413391113,0.257426381111145,0.2900245487689972,0.33901867270469666
shapenet176,watercraft,0.5101816058158875,0.5156210064888,0.5299397110939026,0.5662913918495178
shapenet178,watercraft,0.045732975006103516,0.06335141509771347,0.09398692846298218,0.14343547821044922
shapenet179,watercraft,0.6255558729171753,0.6898326873779297,0.7334781289100647,0.7978978157043457
shapenet184,watercraft,0.4145065248012543,0.4190901219844818,0.43123483657836914,0.46545591950416565
shapenet185,watercraft,0.8337559700012207,0.9008825421333313,0.9571129679679871,1.0078487396240234
shapenet186,watercraft,0.8323974013328552,0.9384991526603699,1.0205087661743164,1.0749417543411255
shapenet191,watercraft,0.10765030235052109,0.13183021545410156,0.16890431940555573,0.2063779979944229
shapenet192,watercraft,0.8846475481987,0.9099550247192383,0.9228886961936951,0.9377848505973816
shapenet193,watercraft,0.7668605446815491,0.7960004806518555,0.8168423771858215,0.8427410125732422
shapenet194,watercraft,1.0798765420913696,1.1134589910507202,1.1571720838546753,1.2109185457229614
shapenet196,watercraft,0.20082439482212067,0.24734234809875488,0.31917908787727356,0.40013566613197327
shapenet197,watercraft,0.27513259649276733,0.27920112013816833,0.29648974537849426,0.34338343143463135
shapenet199,watercraft,0.18367497622966766,0.20921875536441803,0.2313849925994873,0.2803656756877899
shapenet200,watercraft,0.4831359386444092,0.5046125054359436,0.5183227062225342,0.550632894039154
shapenet203,watercraft,0.08842114359140396,0.12541081011295319,0.17938704788684845,0.23894725739955902
shapenet204,watercraft,0.6585085391998291,0.6669104099273682,0.6777071356773376,0.7042563557624817
shapenet210,watercraft,0.8231832981109619,0.8771427273750305,0.8973380923271179,0.9170140624046326
shapenet211,watercraft,0.19695423543453217,0.28084811568260193,0.36399781703948975,0.4955081045627594
shapenet213,watercraft,0.5750076174736023,0.5803060531616211,0.5923998951911926,0.6251569986343384
shapenet214,watercraft,0.1847032755613327,0.2290063351392746,0.2734937369823456,0.33822759985923767
shapenet215,watercraft,0.7988925576210022,0.8489686846733093,0.8812795281410217,0.9044485092163086
shapenet216,watercraft,0.13778601586818695,0.14614342153072357,0.16613194346427917,0.2177724391222
shapenet220,watercraft,0.09608206897974014,0.11786863207817078,0.14845161139965057,0.19937185943126678
shapenet226,watercraft,0.7967726588249207,0.8267226815223694,0.8564950823783875,0.884394645690918
shapenet227,watercraft,0.017394861206412315,0.023338844999670982,0.043159980326890945,0.10108622163534164
shapenet228,watercraft,0.5671377778053284,0.5710976123809814,0.5839532017707825,0.6177719831466675
shapenet230,watercraft,0.3145705759525299,0.3435845375061035,0.3828636109828949,0.4433143436908722
shapenet231,watercraft,0.7198241353034973,0.7397370338439941,0.7694856524467468,0.8108410835266113
shapenet232,watercraft,0.6801910996437073,0.7057442665100098,0.7243675589561462,0.747714102268219
shapenet233,watercraft,0.8144299387931824,0.8448052406311035,0.862414538860321,0.8865542411804199
shapenet236,watercraft,0.7184991836547852,0.8601587414741516,0.9675555229187012,1.0620355606079102
shapenet237,watercraft,0.014601469039916992,0.02723703719675541,0.04534391686320305,0.07431035488843918
shapenet239,watercraft,0.040066320449113846,0.051237378269433975,0.08442915230989456,0.1366037130355835
shapenet240,watercraft,0.6143291592597961,0.6174259185791016,0.6289240717887878,0.6592829823493958
shapenet241,watercraft,0.7883756756782532,0.8160579800605774,0.8616964221000671,0.9290837645530701
shapenet242,watercraft,0.4889550507068634,0.6466707587242126,0.7326715588569641,0.7743291854858398
shapenet243,watercraft,0.551002562046051,0.5724275708198547,0.5867515206336975,0.6171761155128479
shapenet244,watercraft,0.2612418234348297,0.3100298047065735,0.3454020321369171,0.3914523124694824
shapenet248,watercraft,0.12459459155797958,0.14817065000534058,0.16831614077091217,0.21182860434055328
shapenet249,watercraft,1.0671050548553467,1.0970197916030884,1.1422513723373413,1.1962203979492188
shapenet250,watercraft,0.15911614894866943,0.23983819782733917,0.3001895248889923,0.39285483956336975
shapenet252,watercraft,0.8778917193412781,0.9619379043579102,1.0599230527877808,1.1623893976211548
shapenet255,watercraft,0.2680222690105438,0.35527411103248596,0.43486666679382324,0.4894508421421051
shapenet257,watercraft,0.10054042190313339,0.1545071005821228,0.19760127365589142,0.2532729208469391
shapenet260,watercraft,0.7940575480461121,0.8798332214355469,0.9452958106994629,1.0155285596847534
shapenet262,watercraft,0.8162074685096741,0.8549866676330566,0.8834249377250671,0.9056990742683411
shapenet264,watercraft,0.20550687611103058,0.2665845453739166,0.29717448353767395,0.34468182921409607
shapenet265,watercraft,1.0338492393493652,1.0832027196884155,1.13498055934906,1.1908882856369019
shapenet266,watercraft,1.0313249826431274,1.082544207572937,1.1545859575271606,1.2390248775482178
shapenet268,watercraft,0.7901307940483093,0.8805558085441589,0.9649827480316162,1.0317811965942383
shapenet269,watercraft,0.23749302327632904,0.24308550357818604,0.2613365352153778,0.3119693100452423
shapenet271,watercraft,0.6049014925956726,0.613034188747406,0.6242313981056213,0.6522514820098877
shapenet275,watercraft,0.20046794414520264,0.2597464621067047,0.28833141922950745,0.33587896823883057
shapenet276,watercraft,0.8568982481956482,0.8893501162528992,0.9014531970024109,0.9199727177619934
shapenet278,watercraft,0.025416115298867226,0.06432363390922546,0.09384575486183167,0.14000362157821655
shapenet280,watercraft,0.12839241325855255,0.13317091763019562,0.15294145047664642,0.20690494775772095
shapenet281,watercraft,0.22858352959156036,0.26753464341163635,0.2983914911746979,0.34483179450035095
shapenet282,watercraft,0.5202082991600037,0.620373010635376,0.7147266268730164,0.8042600750923157
shapenet284,watercraft,0.8548725247383118,0.923241376876831,1.0017038583755493,1.0877058506011963
shapenet285,watercraft,0.9757797718048096,1.0343958139419556,1.1046808958053589,1.1801472902297974
shapenet288,watercraft,0.46864190697669983,0.4820220470428467,0.5019086003303528,0.5431926846504211
shapenet289,watercraft,0.851405143737793,0.9657173156738281,1.032869815826416,1.074855923652649
shapenet293,watercraft,0.29454493522644043,0.32676753401756287,0.3702346384525299,0.41658639907836914
shapenet294,watercraft,0.06659392267465591,0.08148836344480515,0.1073407530784607,0.1439957469701767
shapenet295,watercraft,0.15662716329097748,0.20661018788814545,0.23987801373004913,0.29101428389549255
shapenet299,watercraft,1.0025309324264526,1.0427621603012085,1.0630770921707153,1.0800879001617432
shapenet300,watercraft,0.816871166229248,0.8211953043937683,0.8294762969017029,0.8500129580497742
shapenet302,watercraft,0.18431468307971954,0.26886290311813354,0.33931195735931396,0.437349408864975
shapenet303,watercraft,0.8097937107086182,0.8123571276664734,0.8217384219169617,0.843580424785614
shapenet304,watercraft,0.5434882044792175,0.5485244393348694,0.5600468516349792,0.5904941558837891
shapenet305,watercraft,1.0614608526229858,1.0914207696914673,1.146423578262329,1.2095600366592407
shapenet306,watercraft,0.04256590083241463,0.06020136550068855,0.0951511487364769,0.14592993259429932
shapenet307,watercraft,0.14153359830379486,0.1469741314649582,0.16521185636520386,0.21694540977478027
shapenet308,watercraft,0.18142420053482056,0.2212657332420349,0.2537926435470581,0.3048495352268219
shapenet310,watercraft,0.15279237926006317,0.15760749578475952,0.17715638875961304,0.2303670197725296
shapenet311,watercraft,0.6475592851638794,0.7016782760620117,0.7611584663391113,0.7965471148490906
shapenet321,watercraft,0.3701813519001007,0.3804313838481903,0.40683090686798096,0.4498051106929779
shapenet323,watercraft,0.1863931566476822,0.20658926665782928,0.22849898040294647,0.27894127368927
shapenet328,watercraft,0.3272683620452881,0.3331885039806366,0.349933385848999,0.393894761800766
shapenet330,watercraft,0.07155641168355942,0.1107819676399231,0.13966386020183563,0.19225198030471802
shapenet332,watercraft,0.13725966215133667,0.1623658388853073,0.18709595501422882,0.23952561616897583
shapenet333,watercraft,0.7701608538627625,0.775992214679718,0.7843946814537048,0.8063464164733887
shapenet335,watercraft,0.28557416796684265,0.33010420203208923,0.3656916320323944,0.4054953157901764
shapenet337,watercraft,0.9039981961250305,1.0195693969726562,1.0745930671691895,1.113070011138916
shapenet345,watercraft,0.11745230108499527,0.12297546118497849,0.14117322862148285,0.19427144527435303
shapenet346,watercraft,0.9147374629974365,0.9195661544799805,0.9259446263313293,0.9410780072212219
shapenet347,watercraft,0.08784840255975723,0.10956129431724548,0.13908445835113525,0.18752622604370117
shapenet348,watercraft,0.3251618444919586,0.329393595457077,0.3442995548248291,0.38861849904060364
shapenet350,watercraft,0.8551993370056152,0.9276888966560364,0.9960185885429382,1.060135006904602
shapenet351,watercraft,0.681917130947113,0.6846132278442383,0.6949979662895203,0.7217888832092285
shapenet352,watercraft,0.10528341680765152,0.13327030837535858,0.17268800735473633,0.23060058057308197
shapenet355,watercraft,1.032331109046936,1.06946861743927,1.112983226776123,1.1530317068099976
shapenet356,watercraft,0.14810609817504883,0.17648066580295563,0.21039219200611115,0.2523374855518341
shapenet358,watercraft,0.026680568233132362,0.044115591794252396,0.07443775981664658,0.11942677944898605
shapenet359,watercraft,0.2465621829032898,0.2517012655735016,0.26856276392936707,0.31525954604148865
shapenet361,watercraft,0.6437217593193054,0.7206929326057434,0.7449252605438232,0.7706926465034485
shapenet363,watercraft,0.2181752473115921,0.24668419361114502,0.2802789807319641,0.3268220126628876
shapenet366,watercraft,0.7781863212585449,0.9060862064361572,0.9571828842163086,0.978178083896637
shapenet368,watercraft,0.6590543389320374,0.6806015968322754,0.695084273815155,0.7154422402381897
shapenet370,watercraft,0.7451745867729187,0.7536123394966125,0.7640066146850586,0.7880150675773621
shapenet372,watercraft,0.5438365340232849,0.5558667182922363,0.5685523152351379,0.5993312001228333
shapenet374,watercraft,0.11938915401697159,0.1331518292427063,0.15878446400165558,0.19830727577209473
shapenet375,watercraft,0.1970353126525879,0.26304277777671814,0.33858469128608704,0.4232468903064728
shapenet376,watercraft,0.98883056640625,1.0310970544815063,1.1138910055160522,1.2038341760635376
shapenet377,watercraft,0.17371179163455963,0.23701231181621552,0.30059531331062317,0.3878098726272583
shapenet378,watercraft,0.2043582648038864,0.21692495048046112,0.2368176430463791,0.2863129675388336
shapenet379,watercraft,0.7697250843048096,0.859579861164093,0.9210624098777771,0.9559763073921204
shapenet380,watercraft,0.6483283638954163,0.65131014585495,0.6622939109802246,0.6909980773925781
shapenet385,watercraft,0.027649899944663048,0.04118584468960762,0.0559416227042675,0.0855475589632988
shapenet387,watercraft,0.5590395331382751,0.5683280825614929,0.5846320986747742,0.6174859404563904
shapenet388,watercraft,0.5625207424163818,0.568009078502655,0.5796327590942383,0.6055079698562622
shapenet389,watercraft,1.046768307685852,1.0999776124954224,1.1551868915557861,1.2195547819137573
shapenet392,watercraft,0.5561292767524719,0.559998095035553,0.5733196139335632,0.6084827184677124
shapenet393,watercraft,0.16640424728393555,0.23860180377960205,0.2918696701526642,0.34519708156585693
shapenet397,watercraft,0.9309592843055725,1.0038992166519165,1.0679045915603638,1.1253101825714111
shapenet400,watercraft,0.6402420401573181,0.6538164615631104,0.6780142784118652,0.7172951698303223
shapenet405,watercraft,0.176139697432518,0.2452399581670761,0.3100396990776062,0.39366546273231506
shapenet410,watercraft,0.2830815315246582,0.2879004180431366,0.30522480607032776,0.3518446385860443
shapenet411,watercraft,0.9335716366767883,1.0223277807235718,1.11391282081604,1.2172223329544067
shapenet412,watercraft,0.19628353416919708,0.23887747526168823,0.31056132912635803,0.38760673999786377
shapenet413,watercraft,0.7346394658088684,0.7669536471366882,0.7765330672264099,0.7914268970489502
shapenet415,watercraft,0.021233201026916504,0.12287343293428421,0.1687190979719162,0.22398121654987335
shapenet418,watercraft,0.26184535026550293,0.2810845971107483,0.3003823161125183,0.34650757908821106
shapenet420,watercraft,0.9662662148475647,0.9715070724487305,0.9775049686431885,0.990246593952179
shapenet422,watercraft,0.04520793631672859,0.07108267396688461,0.09714874625205994,0.12998579442501068
shapenet423,watercraft,0.8827276229858398,0.946304976940155,1.0188775062561035,1.1096091270446777
shapenet424,watercraft,0.8109838366508484,0.8943240642547607,0.9144033789634705,0.9342097640037537
shapenet429,watercraft,0.02189858816564083,0.03611517325043678,0.05411597713828087,0.08342918753623962
shapenet431,watercraft,0.7370218634605408,0.7885890007019043,0.8573214411735535,0.9508035778999329
shapenet432,watercraft,0.14871107041835785,0.20739208161830902,0.2646268308162689,0.34193477034568787
shapenet439,watercraft,0.29044631123542786,0.38476893305778503,0.5093783736228943,0.6102031469345093
shapenet440,watercraft,0.7446553111076355,0.8249416947364807,0.8954441547393799,0.9438066482543945
shapenet443,watercraft,0.6454963088035583,0.6499009728431702,0.6627953052520752,0.6908931136131287
shapenet444,watercraft,0.9093189239501953,0.9149209856987,0.9236828684806824,0.9391622543334961
shapenet447,watercraft,0.8543108105659485,0.872822105884552,0.8966519236564636,0.923968493938446
shapenet449,watercraft,0.15365421772003174,0.17833204567432404,0.20213694870471954,0.25315138697624207
shapenet450,watercraft,0.15946133434772491,0.21722674369812012,0.28267303109169006,0.3680281937122345
shapenet453,watercraft,0.34425488114356995,0.348900705575943,0.3642013967037201,0.4061907231807709
shapenet455,watercraft,0.01267347764223814,0.020577145740389824,0.0350986048579216,0.06728006154298782
shapenet458,watercraft,0.17180602252483368,0.20193791389465332,0.2496275156736374,0.3235739767551422
shapenet459,watercraft,0.15280525386333466,0.1695135086774826,0.20876948535442352,0.27001988887786865
shapenet461,watercraft,0.1778576821088791,0.21699011325836182,0.26315775513648987,0.33040642738342285
shapenet462,watercraft,0.8862159848213196,0.9450162053108215,0.9981725811958313,1.0506861209869385
shapenet464,watercraft,0.8440709114074707,0.9456713795661926,1.02464759349823,1.1127005815505981
shapenet469,watercraft,0.9876957535743713,1.0357921123504639,1.1247376203536987,1.2245210409164429
shapenet471,watercraft,0.15091730654239655,0.21299614012241364,0.23967383801937103,0.289392352104187
shapenet473,watercraft,0.19684618711471558,0.21979229152202606,0.2437124252319336,0.293454647064209
shapenet474,watercraft,0.6683516502380371,0.7334198951721191,0.7850964069366455,0.8449875712394714
shapenet476,watercraft,0.1666306108236313,0.1845855563879013,0.2069137692451477,0.2589963376522064
shapenet477,watercraft,0.3893373906612396,0.47790226340293884,0.5978577136993408,0.7242854237556458
shapenet478,watercraft,0.6230899691581726,0.6259586215019226,0.6344924569129944,0.659129798412323
shapenet480,watercraft,0.026516536250710487,0.040261153131723404,0.06673529744148254,0.11500153690576553
shapenet482,watercraft,0.7614827156066895,0.8208408355712891,0.8679888844490051,0.9128787517547607
shapenet484,watercraft,0.13485772907733917,0.18034116923809052,0.210382342338562,0.26264694333076477
shapenet486,watercraft,0.9353582262992859,0.9539973735809326,0.981273353099823,1.0077649354934692
shapenet488,watercraft,0.20163710415363312,0.270219087600708,0.31956714391708374,0.403409868478775
shapenet490,watercraft,0.9042332768440247,0.9722814559936523,1.0543460845947266,1.1377441883087158
shapenet496,watercraft,0.08238953351974487,0.13474756479263306,0.17720429599285126,0.23375271260738373
shapenet497,watercraft,1.056437611579895,1.0797226428985596,1.1186988353729248,1.1611822843551636
shapenet498,watercraft,0.7219368815422058,0.760138213634491,0.7803611755371094,0.7989556789398193
shapenet501,watercraft,0.09460067749023438,0.1852945238351822,0.22700031101703644,0.2798967659473419
shapenet504,watercraft,0.17254894971847534,0.2147953063249588,0.23946203291416168,0.2901001274585724
shapenet505,watercraft,0.8584899306297302,0.8609536290168762,0.8695963025093079,0.8893092274665833
shapenet506,watercraft,0.8369442820549011,0.8976335525512695,0.9509873390197754,1.0064741373062134
shapenet507,watercraft,0.22222936153411865,0.2501281201839447,0.27624741196632385,0.32278549671173096
shapenet509,watercraft,0.771900475025177,0.8440844416618347,0.879826009273529,0.9191424250602722
shapenet510,watercraft,0.4033164083957672,0.4077019691467285,0.42304325103759766,0.4643813669681549
shapenet513,watercraft,0.4329087734222412,0.43718552589416504,0.45122596621513367,0.48988986015319824
shapenet514,watercraft,0.6505094170570374,0.7153958678245544,0.7645134925842285,0.8085749745368958
shapenet515,watercraft,0.6828861236572266,0.7139495015144348,0.733997642993927,0.7642526030540466
shapenet516,watercraft,0.7877119183540344,0.8547723293304443,0.9039610028266907,0.9399668574333191
shapenet518,watercraft,0.8334972262382507,0.8748669028282166,0.8936979174613953,0.9105802178382874
shapenet520,watercraft,0.22370149195194244,0.2792746126651764,0.30635151267051697,0.3520357608795166
shapenet521,watercraft,0.7133607864379883,0.7164904475212097,0.7267560958862305,0.7536458373069763
shapenet523,watercraft,0.20911568403244019,0.22864806652069092,0.25077977776527405,0.29925963282585144
shapenet526,watercraft,0.6663495898246765,0.7316884994506836,0.7765677571296692,0.8199031949043274
shapenet527,watercraft,0.6454001069068909,0.7540720105171204,0.8024722933769226,0.842639148235321
shapenet529,watercraft,0.4773440361022949,0.5038252472877502,0.5187393426895142,0.5519939064979553
shapenet534,watercraft,0.06398703902959824,0.07061054557561874,0.08918710798025131,0.14526379108428955
shapenet535,watercraft,0.6208429336547852,0.6660146713256836,0.7106163501739502,0.7649062275886536
shapenet537,watercraft,0.06433719396591187,0.10209157317876816,0.15000717341899872,0.2165108174085617
shapenet541,watercraft,0.9040173888206482,0.9087613224983215,0.9162445664405823,0.9321694374084473
shapenet544,watercraft,0.8933976292610168,0.9343196749687195,0.992397129535675,1.043462872505188
shapenet546,watercraft,0.03435961529612541,0.044362444430589676,0.06056991592049599,0.09201455861330032
shapenet547,watercraft,0.8517699241638184,0.9248540997505188,0.986531674861908,1.052993655204773
shapenet548,watercraft,0.16558264195919037,0.22403597831726074,0.293060839176178,0.37380585074424744
shapenet550,watercraft,0.8727679252624512,0.8768041729927063,0.8843832015991211,0.9020228981971741
shapenet554,watercraft,0.1978406459093094,0.22065861523151398,0.24817514419555664,0.2991698682308197
shapenet555,watercraft,0.025779346004128456,0.03511926904320717,0.05491417273879051,0.08921078592538834
shapenet567,watercraft,0.8571431636810303,0.9394801259040833,1.0105623006820679,1.0856987237930298
shapenet569,watercraft,0.9869025349617004,1.0627645254135132,1.122278094291687,1.1936951875686646
shapenet572,watercraft,0.5990890860557556,0.6070830821990967,0.6181540489196777,0.649225652217865
shapenet574,watercraft,0.1181124672293663,0.18722499907016754,0.21980644762516022,0.2716893255710602
shapenet577,watercraft,0.2436211109161377,0.2955089807510376,0.35306882858276367,0.4246693551540375
shapenet580,watercraft,0.8305827975273132,0.8752729296684265,0.9078088402748108,0.9289586544036865
shapenet584,watercraft,0.15539920330047607,0.15999454259872437,0.17971475422382355,0.2325717955827713
shapenet586,watercraft,0.1508464217185974,0.15608486533164978,0.1760856658220291,0.22935998439788818
shapenet590,watercraft,0.031998950988054276,0.04151882231235504,0.06152324751019478,0.09218627214431763
shapenet591,watercraft,0.3686436712741852,0.37285247445106506,0.38929566740989685,0.4305485785007477
shapenet592,watercraft,0.7165398597717285,0.7317584156990051,0.7419003844261169,0.7638556361198425
shapenet593,watercraft,0.8586330413818359,0.9025018811225891,0.9275502562522888,0.9482588768005371
shapenet597,watercraft,0.20366553962230682,0.2248045653104782,0.2520090639591217,0.30186882615089417
shapenet598,watercraft,0.16303850710391998,0.2059222012758255,0.23311255872249603,0.2831903100013733
shapenet599,watercraft,1.0723434686660767,1.1003392934799194,1.1521531343460083,1.2137656211853027
shapenet600,watercraft,0.21079890429973602,0.25706276297569275,0.30454346537590027,0.35658636689186096
shapenet604,watercraft,1.0438858270645142,1.062916874885559,1.0842255353927612,1.1114768981933594
shapenet605,watercraft,0.0749036893248558,0.10024885088205338,0.1367693990468979,0.19466455280780792
shapenet608,watercraft,0.743006706237793,0.7679254412651062,0.7813422679901123,0.8008421063423157
shapenet609,watercraft,0.159831702709198,0.20912425220012665,0.2496940940618515,0.30240964889526367
shapenet612,watercraft,0.16845065355300903,0.20771260559558868,0.24400849640369415,0.29484808444976807
shapenet616,watercraft,0.9106467366218567,0.9691848754882812,0.9971032738685608,1.0160127878189087
shapenet617,watercraft,0.14728079736232758,0.19699017703533173,0.24711425602436066,0.32267019152641296
shapenet619,watercraft,0.7973949909210205,0.86053067445755,0.9203652739524841,0.9843428134918213
shapenet620,watercraft,0.8778128623962402,0.9458594918251038,1.0186563730239868,1.0817946195602417
shapenet622,watercraft,0.027450501918792725,0.04535774514079094,0.06726020574569702,0.1250893622636795
shapenet623,watercraft,0.1896345019340515,0.24486930668354034,0.31674453616142273,0.4025519788265228
shapenet628,watercraft,0.8662301898002625,0.9265554547309875,0.9734296798706055,1.018477201461792
shapenet629,watercraft,0.05605880543589592,0.07356452941894531,0.09538688510656357,0.13282613456249237
shapenet633,watercraft,0.18462295830249786,0.19236648082733154,0.21053504943847656,0.2619648873806
shapenet635,watercraft,0.13469886779785156,0.14021451771259308,0.1589597910642624,0.2128894180059433
shapenet636,watercraft,0.7588272094726562,0.7629691958427429,0.7721281051635742,0.7956355214118958
shapenet638,watercraft,0.9010857939720154,1.0278677940368652,1.0804163217544556,1.1256994009017944
shapenet639,watercraft,0.22672289609909058,0.23519794642925262,0.24950431287288666,0.2912193834781647
shapenet640,watercraft,0.1344241052865982,0.14102400839328766,0.16026794910430908,0.21475863456726074
shapenet644,watercraft,0.9920487403869629,1.0006533861160278,1.011434555053711,1.0225634574890137
shapenet646,watercraft,0.8522066473960876,0.9415867924690247,1.0100492238998413,1.0916022062301636
shapenet652,watercraft,0.14241409301757812,0.19594132900238037,0.23903055489063263,0.2929246127605438
shapenet653,watercraft,0.9230146408081055,0.9920718669891357,1.0563567876815796,1.1349495649337769
shapenet656,watercraft,0.8628955483436584,0.9656752943992615,1.0690051317214966,1.1749992370605469
shapenet658,watercraft,0.21548964083194733,0.24576139450073242,0.2701767683029175,0.3175903856754303
shapenet662,watercraft,0.4427426755428314,0.4470997154712677,0.46192407608032227,0.5019837021827698
shapenet664,watercraft,0.8026700615882874,0.9206129908561707,1.0112043619155884,1.0973809957504272
shapenet665,watercraft,0.1643381267786026,0.1817777305841446,0.2060321569442749,0.2563437521457672
shapenet666,watercraft,0.4965766966342926,0.5198349952697754,0.5380065441131592,0.5717361569404602
shapenet667,watercraft,0.2393408864736557,0.24821807444095612,0.26605868339538574,0.313769668340683
shapenet677,watercraft,0.17799152433872223,0.24933910369873047,0.3533053696155548,0.4921732246875763
shapenet678,watercraft,0.17130379378795624,0.2315600961446762,0.27783045172691345,0.32997167110443115
shapenet679,watercraft,0.6407174468040466,0.801718533039093,0.9349238872528076,1.0649795532226562
shapenet682,watercraft,0.23261690139770508,0.25325915217399597,0.27738702297210693,0.3246397078037262
shapenet683,watercraft,0.5066966414451599,0.5111212134361267,0.5237087607383728,0.5574467778205872
shapenet686,watercraft,0.3272607922554016,0.3851611316204071,0.4313124120235443,0.4923692047595978
shapenet687,watercraft,0.9259333610534668,0.9833453297615051,1.0370415449142456,1.1018258333206177
shapenet690,watercraft,0.8067223429679871,0.8097981810569763,0.8181179165840149,0.8397131562232971
shapenet691,watercraft,0.06528520584106445,0.07095350325107574,0.0909009799361229,0.147730752825737
shapenet692,watercraft,0.8694776892662048,0.8806387782096863,0.889315664768219,0.9075345396995544
shapenet693,watercraft,0.8759937286376953,0.9221735596656799,0.9709731936454773,1.0171884298324585
shapenet697,watercraft,0.7164142727851868,0.7485284805297852,0.7715103030204773,0.7952690124511719
shapenet699,watercraft,0.19506268203258514,0.2586839199066162,0.3261738717556,0.4225071370601654
shapenet702,watercraft,0.14728792011737823,0.15154998004436493,0.17034058272838593,0.22318987548351288
shapenet703,watercraft,1.0068602561950684,1.0353795289993286,1.0923515558242798,1.152266025543213
shapenet708,watercraft,0.07154639810323715,0.07802461087703705,0.09736686944961548,0.15435779094696045
shapenet711,watercraft,0.03964225575327873,0.05776463821530342,0.08113852888345718,0.11850855499505997
shapenet714,watercraft,0.32461217045783997,0.32862094044685364,0.34470415115356445,0.3886609971523285
shapenet715,watercraft,0.21997839212417603,0.24157457053661346,0.2575906813144684,0.2991981506347656
shapenet718,watercraft,0.588657557964325,0.5915386080741882,0.6023213267326355,0.6310037970542908
shapenet719,watercraft,0.8554668426513672,0.9238160252571106,0.9672186970710754,1.0073598623275757
shapenet722,watercraft,0.8231914043426514,0.8868798613548279,0.9575212597846985,1.0240422487258911
shapenet724,watercraft,0.1385456770658493,0.30166634917259216,0.3868838846683502,0.4373873770236969
shapenet725,watercraft,0.7312767505645752,0.7671670317649841,0.8055118918418884,0.8597869873046875
shapenet732,watercraft,0.0858980193734169,0.09170106798410416,0.11121901124715805,0.1661236435174942
shapenet734,watercraft,0.7527075409889221,0.7553771138191223,0.7645852565765381,0.7879695892333984
shapenet736,watercraft,0.13748474419116974,0.19350509345531464,0.23183999955654144,0.28487247228622437
shapenet739,watercraft,0.18959884345531464,0.2203153520822525,0.2424045354127884,0.29145801067352295
shapenet740,watercraft,0.6386535167694092,0.6914317011833191,0.7195119261741638,0.7465610504150391
shapenet743,watercraft,0.5883544683456421,0.6397724151611328,0.6617165207862854,0.6961193084716797
shapenet744,watercraft,0.9653384685516357,1.0372236967086792,1.0848116874694824,1.1238571405410767
shapenet749,watercraft,0.9402945637702942,0.9686811566352844,1.007840871810913,1.041777491569519
shapenet751,watercraft,0.6280032992362976,0.6564590334892273,0.6711161136627197,0.7012675404548645
shapenet757,watercraft,0.8586419224739075,0.8646664619445801,0.8721482157707214,0.8903961777687073
shapenet759,watercraft,0.7809750437736511,0.8590292930603027,0.8899025321006775,0.9073145985603333
shapenet760,watercraft,0.7331163287162781,0.7370367646217346,0.7465383410453796,0.7707415223121643
shapenet761,watercraft,0.7218549847602844,0.753899335861206,0.781592071056366,0.8254658579826355
shapenet762,watercraft,0.14015133678913116,0.145530566573143,0.16559027135372162,0.21979637444019318
shapenet766,watercraft,0.40885427594184875,0.4253663718700409,0.439287394285202,0.47320544719696045
shapenet770,watercraft,0.11408489942550659,0.13364030420780182,0.15502554178237915,0.2087469846010208
shapenet771,watercraft,0.15226761996746063,0.1953185796737671,0.22140173614025116,0.27285608649253845
shapenet772,watercraft,0.14059902727603912,0.14621974527835846,0.1651080697774887,0.21866397559642792
shapenet773,watercraft,0.6281657814979553,0.6362254023551941,0.6458028554916382,0.672523558139801
shapenet774,watercraft,0.9159324765205383,1.0049775838851929,1.0987648963928223,1.2019591331481934
shapenet775,watercraft,0.9737858772277832,1.0075019598007202,1.0594267845153809,1.1059861183166504
shapenet782,watercraft,0.4457508623600006,0.4492504596710205,0.46267902851104736,0.4994939863681793
shapenet790,watercraft,0.7756524085998535,0.8575251698493958,0.9486794471740723,1.0587893724441528
shapenet791,watercraft,0.16718773543834686,0.19099263846874237,0.21609772741794586,0.2664623260498047
shapenet796,watercraft,0.9580411911010742,1.0160354375839233,1.0785502195358276,1.140102505683899
shapenet797,watercraft,0.8467028141021729,0.8900854587554932,0.9319494366645813,0.9824008941650391
shapenet798,watercraft,0.6394102573394775,0.6586079001426697,0.681468665599823,0.7093521952629089
shapenet799,watercraft,0.17239521443843842,0.2613680958747864,0.3556881248950958,0.4702011048793793
shapenet800,watercraft,0.11821112781763077,0.14746998250484467,0.16954612731933594,0.2214605063199997
shapenet801,watercraft,0.8276656270027161,0.8797630667686462,0.9660893082618713,1.067731261253357
shapenet804,watercraft,0.24508030712604523,0.30281540751457214,0.35798636078834534,0.4091266095638275
shapenet805,watercraft,1.0268101692199707,1.0781314373016357,1.1343621015548706,1.1958743333816528
shapenet808,watercraft,0.17663796246051788,0.1822882443666458,0.2001701146364212,0.250560998916626
shapenet811,watercraft,0.49065014719963074,0.5098149180412292,0.5332000851631165,0.577354907989502
shapenet812,watercraft,0.79713374376297,0.892279326915741,0.9682243466377258,1.0309243202209473
shapenet813,watercraft,0.19207340478897095,0.23913557827472687,0.3026255965232849,0.3874768316745758
shapenet814,watercraft,0.21263360977172852,0.24465636909008026,0.3191561698913574,0.44467583298683167
shapenet816,watercraft,0.718813955783844,0.8665496706962585,0.9231911301612854,0.9647328853607178
shapenet817,watercraft,0.8180751800537109,0.8396151661872864,0.8662817478179932,0.9042344689369202
shapenet818,watercraft,0.16530583798885345,0.2108660191297531,0.26942184567451477,0.3520177900791168
shapenet820,watercraft,0.8216395974159241,0.9277135729789734,1.0163410902023315,1.083943486213684
shapenet825,watercraft,1.0277456045150757,1.0531607866287231,1.066927433013916,1.0762711763381958
shapenet826,watercraft,0.9596250653266907,0.9672420620918274,0.9719159007072449,0.9797642230987549
shapenet827,watercraft,0.10044781118631363,0.128019779920578,0.15535981953144073,0.2098219394683838
shapenet831,watercraft,0.03022577427327633,0.046653877943754196,0.0809757187962532,0.1281975358724594
shapenet832,watercraft,0.103262759745121,0.1083807572722435,0.12795348465442657,0.18317852914333344
shapenet833,watercraft,0.0036689441185444593,0.03411491960287094,0.06645037978887558,0.10513383150100708
shapenet835,watercraft,0.22794632613658905,0.27394023537635803,0.31261110305786133,0.36081191897392273
shapenet837,watercraft,0.9551165699958801,0.9660084247589111,0.9759970307350159,0.9877130389213562
shapenet840,watercraft,0.8211691379547119,0.8624692559242249,0.9392722249031067,1.0324701070785522
shapenet845,watercraft,0.5651735663414001,0.595363438129425,0.6314914226531982,0.681394100189209
shapenet846,watercraft,0.4900082051753998,0.508712112903595,0.52313232421875,0.5553662180900574
shapenet848,watercraft,0.16764338314533234,0.18932415544986725,0.23123221099376678,0.2989812195301056
shapenet851,watercraft,0.18674325942993164,0.2337508648633957,0.27070847153663635,0.3211353123188019
shapenet852,watercraft,0.14685262739658356,0.19984477758407593,0.2649132013320923,0.34451809525489807
shapenet854,watercraft,0.809650719165802,0.8159556984901428,0.8249298930168152,0.8462932705879211
shapenet856,watercraft,0.13222460448741913,0.13699591159820557,0.15657053887844086,0.21060657501220703
shapenet859,watercraft,0.7201669812202454,0.7516140937805176,0.7639262676239014,0.7871021628379822
shapenet860,watercraft,0.1269959956407547,0.15017898380756378,0.20099930465221405,0.2596505880355835
shapenet861,watercraft,0.8574872016906738,0.9276953339576721,0.9826762080192566,1.0335599184036255
shapenet863,watercraft,0.8434346318244934,0.9035506248474121,0.9675743579864502,1.0260066986083984
shapenet867,watercraft,0.6334973573684692,0.700709342956543,0.7443636059761047,0.792306661605835
shapenet869,watercraft,0.5447091460227966,0.5761494040489197,0.610325038433075,0.6518936157226562
shapenet871,watercraft,0.749265730381012,0.7557621002197266,0.7639397978782654,0.7869204878807068
shapenet873,watercraft,1.0385364294052124,1.0756944417953491,1.132196307182312,1.198255181312561
shapenet877,watercraft,0.28928565979003906,0.2942008972167969,0.30965515971183777,0.35302653908729553
shapenet878,watercraft,0.7936803698539734,0.7997775077819824,0.8109064102172852,0.8338368535041809
shapenet879,watercraft,0.87656170129776,0.9326636791229248,0.9812934994697571,1.028744101524353
shapenet884,watercraft,0.7307726740837097,0.7950577735900879,0.8265945315361023,0.8563125133514404
shapenet886,watercraft,0.11410514265298843,0.11913951486349106,0.13954772055149078,0.194585382938385
shapenet888,watercraft,0.5688116550445557,0.5725822448730469,0.5834344625473022,0.6123972535133362
shapenet891,watercraft,0.21078850328922272,0.2447197288274765,0.27263739705085754,0.3220937252044678
shapenet893,watercraft,0.8439051508903503,0.84987872838974,0.8580945134162903,0.8774973750114441
shapenet898,watercraft,0.11357871443033218,0.1598692238330841,0.192817822098732,0.24678516387939453
shapenet899,watercraft,0.3814592659473419,0.3987691104412079,0.41607484221458435,0.4588445723056793
shapenet901,watercraft,0.20092181861400604,0.24476076662540436,0.2954436242580414,0.3480032980442047
shapenet902,watercraft,0.9470412135124207,0.9872702956199646,1.057446002960205,1.1284308433532715
shapenet903,watercraft,0.20101730525493622,0.25742682814598083,0.3252183794975281,0.40546178817749023
shapenet904,watercraft,0.8755483627319336,0.9405835270881653,1.0292043685913086,1.1313096284866333
shapenet906,watercraft,0.7648768424987793,0.8110726475715637,0.8314325213432312,0.8490324020385742
shapenet913,watercraft,0.5809566974639893,0.5897813439369202,0.6007285118103027,0.6304304003715515
shapenet914,watercraft,0.3938778340816498,0.398181676864624,0.41291344165802,0.45144733786582947
shapenet915,watercraft,1.035610318183899,1.0556572675704956,1.0729211568832397,1.0863827466964722
shapenet916,watercraft,0.007337769027799368,0.026958949863910675,0.048908133059740067,0.08019832521677017
shapenet918,watercraft,0.883564293384552,0.9180185198783875,0.9739864468574524,1.035577416419983
shapenet919,watercraft,0.22025436162948608,0.26750537753105164,0.3040377199649811,0.35244616866111755
shapenet923,watercraft,0.6954803466796875,0.7432494163513184,0.7992445826530457,0.8685635924339294
shapenet924,watercraft,1.0154352188110352,1.0708746910095215,1.1301828622817993,1.1964917182922363
shapenet925,watercraft,0.9327947497367859,1.02541983127594,1.1027789115905762,1.1692441701889038
shapenet927,watercraft,0.9038946628570557,0.9301755428314209,0.9737966060638428,1.0144233703613281
shapenet930,watercraft,0.031637173146009445,0.0446518175303936,0.07177072018384933,0.11609286069869995
shapenet938,watercraft,0.15299250185489655,0.1597486287355423,0.1782873123884201,0.22946257889270782
shapenet939,watercraft,0.13035668432712555,0.1349853277206421,0.15500463545322418,0.20930765569210052
shapenet941,watercraft,0.8406993746757507,0.8503818511962891,0.8607721328735352,0.8806570172309875
shapenet942,watercraft,0.737128734588623,0.8292675018310547,0.8723330497741699,0.8958136439323425
shapenet943,watercraft,0.25191348791122437,0.2569824755191803,0.2732143998146057,0.3191322982311249
shapenet946,watercraft,0.34196892380714417,0.3622231185436249,0.38843169808387756,0.4345203638076782
shapenet949,watercraft,0.7948398590087891,0.8467741012573242,0.9030685424804688,0.9515781402587891
shapenet950,watercraft,0.9074186682701111,0.944283664226532,0.9890182018280029,1.0399953126907349
shapenet952,watercraft,0.1442345231771469,0.2070235013961792,0.2656562030315399,0.34661808609962463
shapenet953,watercraft,0.11006703227758408,0.1164725199341774,0.13462691009044647,0.18912744522094727
shapenet954,watercraft,0.09158643335103989,0.10914599150419235,0.12985768914222717,0.18319959938526154
shapenet955,watercraft,0.19654662907123566,0.2330784797668457,0.2574522793292999,0.30675438046455383
shapenet956,watercraft,0.8718140721321106,0.9315053820610046,0.9816568493843079,1.0263060331344604
shapenet957,watercraft,0.5429012775421143,0.5864021182060242,0.614539384841919,0.6485008597373962
shapenet958,watercraft,0.8657078742980957,0.903317391872406,0.9444283843040466,0.9788458943367004
shapenet959,watercraft,0.9092289805412292,0.9757015109062195,1.0380340814590454,1.0938596725463867
shapenet960,watercraft,0.9255942702293396,0.9357986450195312,0.945817768573761,0.9579082131385803
shapenet966,watercraft,0.6099023818969727,0.7368257641792297,0.8145309090614319,0.8874090313911438
shapenet967,watercraft,0.8391267657279968,0.8778102993965149,0.9132649302482605,0.9510111808776855
shapenet974,watercraft,0.8697071671485901,0.8754770159721375,0.8827071785926819,0.9003092646598816
shapenet977,watercraft,0.7598125338554382,0.84690260887146,0.8832960724830627,0.9210925102233887
shapenet978,watercraft,0.20163173973560333,0.25614944100379944,0.29734620451927185,0.34701696038246155
shapenet979,watercraft,0.8814735412597656,0.9533595442771912,1.016391634941101,1.0711110830307007
shapenet983,watercraft,0.1326628476381302,0.1815468668937683,0.21659283339977264,0.26941630244255066
shapenet984,watercraft,0.813426673412323,0.8183798789978027,0.8264837861061096,0.8466323018074036
shapenet989,watercraft,0.3607027530670166,0.36503925919532776,0.379673570394516,0.4208202064037323
shapenet990,watercraft,0.6386310458183289,0.6436474919319153,0.6542523503303528,0.683218777179718
shapenet991,watercraft,0.9011361002922058,0.950645923614502,0.9917500615119934,1.0278438329696655
shapenet994,watercraft,0.14707358181476593,0.18810206651687622,0.24494491517543793,0.32507285475730896
shapenet1000,watercraft,0.8001534938812256,0.8965132832527161,1.000288486480713,1.1100109815597534
shapenet1003,watercraft,0.24232374131679535,0.24757187068462372,0.26481080055236816,0.31352338194847107
shapenet1005,watercraft,0.5435522794723511,0.5752045512199402,0.590610921382904,0.6189702153205872
shapenet1008,watercraft,0.20866666734218597,0.2379412204027176,0.28374603390693665,0.3559379279613495
shapenet1009,watercraft,0.0916583314538002,0.13800635933876038,0.1663263887166977,0.21394853293895721
shapenet1010,watercraft,1.0025579929351807,1.0562574863433838,1.1120905876159668,1.175083041191101
shapenet1016,watercraft,0.41835272312164307,0.4297008514404297,0.44508466124534607,0.48211631178855896
shapenet1019,watercraft,0.8585540652275085,0.9497637152671814,1.0210543870925903,1.0662349462509155
shapenet1020,watercraft,0.16009865701198578,0.20031113922595978,0.2839522659778595,0.3460930287837982
shapenet1023,watercraft,0.20913122594356537,0.21460776031017303,0.23185567557811737,0.28045791387557983
shapenet1024,watercraft,0.8879086375236511,0.9409510493278503,0.9972662329673767,1.0525647401809692
shapenet1025,watercraft,0.8331324458122253,0.9593307971954346,1.061049222946167,1.1678762435913086
shapenet1026,watercraft,0.15508703887462616,0.1900647133588791,0.23949210345745087,0.30679985880851746
shapenet1028,watercraft,0.18732523918151855,0.24779413640499115,0.31272202730178833,0.40190669894218445
shapenet1030,watercraft,0.9071442484855652,0.9424911141395569,0.9826156497001648,1.0177977085113525
shapenet1033,watercraft,0.08294972032308578,0.08851826190948486,0.10792076587677002,0.16410969197750092
shapenet1034,watercraft,0.5885608792304993,0.6960232853889465,0.7507949471473694,0.7846367359161377
shapenet1035,watercraft,0.9067444801330566,0.9245002269744873,0.9389926791191101,0.9492497444152832
shapenet1036,watercraft,0.8137800097465515,0.8363995552062988,0.8697502613067627,0.9092338681221008
shapenet1037,watercraft,0.8654758334159851,0.9757289290428162,1.0566939115524292,1.1410081386566162
shapenet1041,watercraft,0.2216128557920456,0.26134106516838074,0.29736992716789246,0.3455021381378174
shapenet1042,watercraft,1.0255736112594604,1.0647534132003784,1.085410475730896,1.106671929359436
shapenet1043,watercraft,0.9051945805549622,0.978472888469696,1.0447510480880737,1.1000429391860962
shapenet1047,watercraft,0.6185739636421204,0.621461808681488,0.6311213374137878,0.6568391919136047
shapenet1048,watercraft,0.5153810381889343,0.5197307467460632,0.5317066311836243,0.5642055869102478
shapenet1049,watercraft,0.23543912172317505,0.2578926384449005,0.28793713450431824,0.33597397804260254
shapenet1050,watercraft,0.661388099193573,0.6648107171058655,0.6761114001274109,0.7048346996307373
shapenet1053,watercraft,0.4047339856624603,0.46618223190307617,0.515710175037384,0.5562543272972107
shapenet1055,watercraft,0.013620774261653423,0.0277803186327219,0.04629622399806976,0.0775144174695015
shapenet1056,watercraft,0.8527413010597229,0.925512969493866,0.9978184700012207,1.0852141380310059
shapenet1057,watercraft,0.19929827749729156,0.2095089554786682,0.2304723709821701,0.2808644771575928
shapenet1061,watercraft,0.35949471592903137,0.364322692155838,0.38037124276161194,0.4241994619369507
shapenet1062,watercraft,0.10972068458795547,0.1150641217827797,0.134232759475708,0.18905949592590332
shapenet1066,watercraft,0.04363866522908211,0.06215079501271248,0.08890434354543686,0.12649743258953094
shapenet1067,watercraft,1.0524119138717651,1.0883175134658813,1.1394352912902832,1.194424033164978
shapenet1070,watercraft,0.46092188358306885,0.4689762592315674,0.48277124762535095,0.5179253220558167
shapenet1074,watercraft,0.15617455542087555,0.1614709496498108,0.17942185699939728,0.2303554266691208
shapenet1078,watercraft,0.36619874835014343,0.4068702757358551,0.4275705814361572,0.46707072854042053
shapenet1079,watercraft,0.7111882567405701,0.7574836611747742,0.7930412888526917,0.8225337862968445
shapenet1081,watercraft,0.9343153834342957,1.0148364305496216,1.07386314868927,1.1129603385925293
shapenet1082,watercraft,0.061554450541734695,0.07159038633108139,0.09419786185026169,0.14304794371128082
shapenet1084,watercraft,0.028295835480093956,0.045010149478912354,0.07181103527545929,0.11213735491037369
shapenet1085,watercraft,0.2931939363479614,0.3001132011413574,0.31750524044036865,0.3626598119735718
shapenet1086,watercraft,1.0622705221176147,1.1200016736984253,1.1665089130401611,1.2215824127197266
shapenet1088,watercraft,0.09441455453634262,0.11022482067346573,0.13847923278808594,0.18745188415050507
shapenet1091,watercraft,0.22699584066867828,0.2812732458114624,0.35596856474876404,0.4475184977054596
shapenet1092,watercraft,0.1570727825164795,0.2093954235315323,0.2504750192165375,0.3033806085586548
shapenet1093,watercraft,0.8233358860015869,0.895958662033081,0.9875330924987793,1.0821661949157715
shapenet1096,watercraft,0.09070601314306259,0.09634194523096085,0.11572705954313278,0.17122618854045868
shapenet1097,watercraft,0.6929091811180115,0.7250375747680664,0.7438452839851379,0.7631468772888184
shapenet1099,watercraft,0.5097774863243103,0.5133241415023804,0.5252148509025574,0.5574741363525391
shapenet1100,watercraft,0.03650609776377678,0.05196341499686241,0.06673288345336914,0.09115511924028397
shapenet1103,watercraft,0.6799254417419434,0.682630717754364,0.6929437518119812,0.7197377681732178
shapenet1111,watercraft,0.7631106376647949,0.7671487927436829,0.775970458984375,0.7986257076263428
shapenet1113,watercraft,0.3018587827682495,0.3066244423389435,0.3225678503513336,0.3661317825317383
shapenet1117,watercraft,0.180501326918602,0.20020556449890137,0.22063229978084564,0.27108293771743774
shapenet1119,watercraft,0.1568688303232193,0.18006549775600433,0.21780574321746826,0.27221763134002686
shapenet1120,watercraft,0.04218636080622673,0.06588297337293625,0.0941968783736229,0.13041503727436066
shapenet1121,watercraft,0.9183125495910645,0.9826533794403076,1.0533159971237183,1.1182150840759277
shapenet1123,watercraft,0.14917773008346558,0.17185436189174652,0.21292300522327423,0.2647956907749176
shapenet1125,watercraft,0.877732515335083,0.8814830780029297,0.8885989189147949,0.9057618975639343
shapenet1127,watercraft,0.04245781898498535,0.17466644942760468,0.22117061913013458,0.27841296792030334
shapenet1129,watercraft,0.22215235233306885,0.2820596694946289,0.3602422773838043,0.4508325755596161
shapenet1131,watercraft,0.9482194781303406,0.9528000950813293,0.9592315554618835,0.9731628894805908
shapenet1137,watercraft,0.1608608365058899,0.19270110130310059,0.2202051877975464,0.2709794342517853
shapenet1141,watercraft,0.8688579201698303,0.9609244465827942,1.0175557136535645,1.0475927591323853
shapenet1142,watercraft,0.6339252591133118,0.637809693813324,0.6476878523826599,0.6733543872833252
shapenet1143,watercraft,0.17852608859539032,0.21246659755706787,0.2708902359008789,0.35043826699256897
shapenet1144,watercraft,0.17975038290023804,0.23331384360790253,0.2951982319355011,0.375018447637558
shapenet1145,watercraft,0.9846131205558777,1.0401592254638672,1.0916600227355957,1.1411405801773071
shapenet1146,watercraft,0.03706822916865349,0.057449061423540115,0.08982036262750626,0.13770747184753418
shapenet1147,watercraft,0.29715678095817566,0.3018215298652649,0.3181825876235962,0.36437711119651794
shapenet1149,watercraft,0.3050120174884796,0.3109112083911896,0.3269401788711548,0.3685653507709503
shapenet1155,watercraft,0.7694515585899353,0.7723493576049805,0.7826276421546936,0.8072075843811035
shapenet1157,watercraft,0.7044530510902405,0.7070057392120361,0.7169467806816101,0.7424616813659668
shapenet1159,watercraft,0.17664003372192383,0.19460488855838776,0.21741992235183716,0.2688502371311188
shapenet1160,watercraft,0.18408752977848053,0.2454521805047989,0.310038685798645,0.39687058329582214
shapenet1161,watercraft,0.09683563560247421,0.13381052017211914,0.17519217729568481,0.23738951981067657
shapenet1163,watercraft,0.2369585633277893,0.24144355952739716,0.25958871841430664,0.30863091349601746
shapenet1168,watercraft,0.6841458678245544,0.7307266592979431,0.7671238780021667,0.7931937575340271
shapenet1171,watercraft,0.19548439979553223,0.239118292927742,0.2690071165561676,0.3177809417247772
shapenet1172,watercraft,0.9899784922599792,1.0518978834152222,1.131705403327942,1.2235215902328491
shapenet1174,watercraft,0.776214599609375,0.789720356464386,0.7997552752494812,0.82172030210495
shapenet1178,watercraft,0.1849421113729477,0.2363816499710083,0.2986622750759125,0.3823903799057007
shapenet1179,watercraft,0.7394587993621826,0.760577917098999,0.7824379801750183,0.8116453289985657
shapenet1182,watercraft,0.8115220069885254,0.815925121307373,0.8242350220680237,0.8449695706367493
shapenet1183,watercraft,0.37768304347991943,0.41098353266716003,0.43119943141937256,0.46977758407592773
shapenet1184,watercraft,0.16363131999969482,0.18665353953838348,0.20942841470241547,0.2604999244213104
shapenet1186,watercraft,0.8282776474952698,0.8962542414665222,0.9572067260742188,0.9943186640739441
shapenet1187,watercraft,1.0230883359909058,1.0713165998458862,1.1436206102371216,1.2188501358032227
shapenet1189,watercraft,0.050832051783800125,0.08094996958971024,0.10869324952363968,0.15086865425109863
shapenet1190,watercraft,0.08683838695287704,0.13502421975135803,0.1732211858034134,0.22781173884868622
shapenet1191,watercraft,1.0441781282424927,1.0863010883331299,1.1470447778701782,1.2142747640609741
shapenet1194,watercraft,0.15757715702056885,0.25197961926460266,0.31868621706962585,0.4144464433193207
shapenet1196,watercraft,0.18930836021900177,0.20647485554218292,0.2240609973669052,0.2730260193347931
shapenet1197,watercraft,0.022971808910369873,0.03954944387078285,0.06029171869158745,0.09154560416936874
shapenet1199,watercraft,0.09795627743005753,0.13514822721481323,0.17419476807117462,0.21207182109355927
shapenet1200,watercraft,0.6267105340957642,0.7640376091003418,0.7900772094726562,0.8127691149711609
shapenet1201,watercraft,0.9085731506347656,0.9279612898826599,0.946540117263794,0.9613932967185974
shapenet1202,watercraft,0.14840508997440338,0.1703491061925888,0.19240081310272217,0.24392777681350708
shapenet1208,watercraft,0.03121030330657959,0.04660039022564888,0.07759937644004822,0.12338685989379883
shapenet1210,watercraft,0.7033605575561523,0.713431179523468,0.7322495579719543,0.7558735013008118
shapenet1211,watercraft,0.09815064817667007,0.1116061806678772,0.12928427755832672,0.17700684070587158
shapenet1212,watercraft,0.20202088356018066,0.26011642813682556,0.3239348232746124,0.4113410413265228
shapenet1215,watercraft,0.14377813041210175,0.1757163554430008,0.19735486805438995,0.2477249950170517
shapenet1216,watercraft,0.05877460911870003,0.0928577184677124,0.13571472465991974,0.18727679550647736
shapenet1218,watercraft,0.7462351322174072,0.7494730949401855,0.7594647407531738,0.7841470241546631
shapenet1220,watercraft,0.2172948569059372,0.28374508023262024,0.33254438638687134,0.39771023392677307
shapenet1222,watercraft,0.47986674308776855,0.5805715918540955,0.6349677443504333,0.6665930151939392
shapenet1224,watercraft,0.1348578929901123,0.20115262269973755,0.2386690378189087,0.2910390794277191
shapenet1226,watercraft,1.0503538846969604,1.0899490118026733,1.1580793857574463,1.2381677627563477
shapenet1227,watercraft,0.7067594528198242,0.7110130190849304,0.7185783386230469,0.7401108741760254
shapenet1228,watercraft,0.23682798445224762,0.2623126208782196,0.2870011627674103,0.333905965089798
shapenet1232,watercraft,0.059758204966783524,0.07601858675479889,0.09781000763177872,0.13320571184158325
shapenet1234,watercraft,0.8409311175346375,0.9098598957061768,0.9585752487182617,0.9918516278266907
shapenet1241,watercraft,0.013373474590480328,0.019119787961244583,0.038640011101961136,0.09655249863862991
shapenet1242,watercraft,0.6538518667221069,0.7776113152503967,0.8538579940795898,0.9536819458007812
shapenet1245,watercraft,0.17812347412109375,0.22539179027080536,0.25887200236320496,0.30964216589927673
shapenet1250,watercraft,0.7392544746398926,0.8553640246391296,0.963293731212616,1.055819034576416
shapenet1252,watercraft,0.051428258419036865,0.07089758664369583,0.10287618637084961,0.15331041812896729
shapenet1253,watercraft,0.07784625142812729,0.098886638879776,0.1295233964920044,0.1790362149477005
shapenet1255,watercraft,0.5349741578102112,0.5408738255500793,0.5527568459510803,0.5843117833137512
shapenet1256,watercraft,0.24737048149108887,0.30127307772636414,0.33148500323295593,0.37688684463500977
shapenet1258,watercraft,0.16933518648147583,0.2094665765762329,0.258894681930542,0.3499404191970825
shapenet1259,watercraft,1.0258592367172241,1.0878726243972778,1.1493310928344727,1.2175546884536743
shapenet1260,watercraft,0.1690090149641037,0.22857244312763214,0.3001082241535187,0.3813072144985199
shapenet1262,watercraft,1.000752329826355,1.047528624534607,1.1264209747314453,1.217025876045227
shapenet1263,watercraft,0.49799585342407227,0.5043215751647949,0.5174680352210999,0.5517182946205139
shapenet1264,watercraft,0.19350992143154144,0.25065621733665466,0.32183149456977844,0.4083383083343506
shapenet1267,watercraft,0.812542200088501,0.8457886576652527,0.8603084683418274,0.880649745464325
shapenet1269,watercraft,0.6750316619873047,0.7398483157157898,0.845684826374054,0.9416008591651917
shapenet1271,watercraft,0.019480228424072266,0.03135610371828079,0.04512198269367218,0.06819315999746323
shapenet1273,watercraft,0.27849236130714417,0.33531057834625244,0.4363677203655243,0.5627033114433289
shapenet1274,watercraft,0.6703639030456543,0.6796507835388184,0.687215268611908,0.7080734372138977
shapenet1275,watercraft,0.16326604783535004,0.23870408535003662,0.27401217818260193,0.3234744369983673
shapenet1276,watercraft,0.7510697245597839,0.7746310234069824,0.8319395184516907,0.9020664095878601
shapenet1278,watercraft,0.28496313095092773,0.28938356041908264,0.3063320815563202,0.35239672660827637
shapenet1279,watercraft,0.8473078608512878,0.8974551558494568,0.9361786842346191,0.9810158610343933
shapenet1283,watercraft,0.733402669429779,0.7379166483879089,0.7479690909385681,0.7731152176856995
shapenet1285,watercraft,1.0714956521987915,1.1117936372756958,1.1538629531860352,1.2036559581756592
shapenet1286,watercraft,0.7593231201171875,0.76304692029953,0.7709622383117676,0.7898712754249573
shapenet1287,watercraft,0.3881397247314453,0.40474405884742737,0.41932258009910583,0.45863595604896545
shapenet1288,watercraft,0.17765669524669647,0.22700680792331696,0.3072222173213959,0.4156065881252289
shapenet1290,watercraft,0.17584504187107086,0.20459528267383575,0.24547474086284637,0.3224221467971802
shapenet1292,watercraft,0.7808547616004944,0.9226288795471191,1.02231764793396,1.1242600679397583
shapenet1294,watercraft,0.8482016921043396,0.9012742042541504,0.932460606098175,0.9575145840644836
shapenet1295,watercraft,0.8572389483451843,0.9543762803077698,1.0397881269454956,1.1290230751037598
shapenet1296,watercraft,0.7310299277305603,0.77867192029953,0.808102548122406,0.8320059776306152
shapenet1297,watercraft,0.4480401575565338,0.49822941422462463,0.5637082457542419,0.6397578120231628
shapenet1298,watercraft,0.5024613738059998,0.5191028714179993,0.551308274269104,0.6099100708961487
shapenet1299,watercraft,0.6674200892448425,0.6701757311820984,0.6807137131690979,0.7081222534179688
shapenet1300,watercraft,0.06717435270547867,0.08113525062799454,0.12549208104610443,0.183841273188591
shapenet1303,watercraft,0.8597214818000793,0.902656614780426,0.9178376197814941,0.9338220953941345
shapenet1304,watercraft,0.188170924782753,0.21644826233386993,0.24714799225330353,0.2983412742614746
shapenet1306,watercraft,0.8344295024871826,0.8878903388977051,0.9376071095466614,0.9816114902496338
shapenet1308,watercraft,0.28047695755958557,0.2858933210372925,0.3035323917865753,0.35214963555336
shapenet1310,watercraft,0.9469801783561707,1.0191422700881958,1.0853815078735352,1.1515164375305176
shapenet1312,watercraft,0.7717457413673401,0.822502613067627,0.8613387942314148,0.9067797064781189
shapenet1314,watercraft,1.0195404291152954,1.0719358921051025,1.1251025199890137,1.1844605207443237
shapenet1315,watercraft,0.1273961067199707,0.1330682933330536,0.1522030085325241,0.20667533576488495
shapenet1316,watercraft,0.22910939157009125,0.2841091752052307,0.34638145565986633,0.40299761295318604
shapenet1317,watercraft,0.6492703557014465,0.6539304852485657,0.664977490901947,0.6940473914146423
shapenet1318,watercraft,0.8527684211730957,0.943128764629364,1.0175915956497192,1.0718082189559937
shapenet1320,watercraft,0.21522416174411774,0.2655028700828552,0.3227132260799408,0.3968799114227295
shapenet1321,watercraft,0.4858604669570923,0.49203070998191833,0.5041746497154236,0.5372629761695862
shapenet1322,watercraft,0.8336297869682312,0.8753082752227783,0.8889520168304443,0.909020721912384
shapenet1324,watercraft,0.772106945514679,0.8831375241279602,0.9932753443717957,1.1003397703170776
shapenet1325,watercraft,0.16364367306232452,0.21991808712482452,0.29201146960258484,0.3564853370189667
shapenet1328,watercraft,0.8804455399513245,0.9678754806518555,1.0531784296035767,1.1473866701126099
shapenet1330,watercraft,0.19565989077091217,0.2467600554227829,0.32282519340515137,0.40819573402404785
shapenet1333,watercraft,0.8436489105224609,0.9262315630912781,0.9698122143745422,1.0123176574707031
shapenet1337,watercraft,0.02181297540664673,0.03494030609726906,0.05021922290325165,0.074558787047863
shapenet1339,watercraft,0.030877649784088135,0.04128694534301758,0.0626804456114769,0.09478829056024551
shapenet1341,watercraft,0.1830463409423828,0.231551393866539,0.2921755313873291,0.39037826657295227
shapenet1347,watercraft,0.021131476387381554,0.026555003598332405,0.041542429476976395,0.08050569146871567
shapenet1349,watercraft,0.8763843178749084,0.9312911033630371,0.9933285117149353,1.0553630590438843
shapenet1351,watercraft,0.11930463463068008,0.16448046267032623,0.19327473640441895,0.2464420646429062
shapenet1353,watercraft,0.1814734786748886,0.20022301375865936,0.2276523858308792,0.2802466154098511
shapenet1354,watercraft,0.8273636698722839,0.8827312588691711,0.9428970217704773,1.008217215538025
shapenet1357,watercraft,0.6879904866218567,0.7747613787651062,0.852419376373291,0.9327898025512695
shapenet1358,watercraft,0.9200277328491211,0.9546604752540588,0.9938361048698425,1.0272833108901978
shapenet1359,watercraft,0.2275763750076294,0.27244481444358826,0.4009166657924652,0.5519624352455139
shapenet1360,watercraft,0.778343677520752,0.7811135649681091,0.7905247211456299,0.8134486675262451
shapenet1361,watercraft,0.8335862755775452,0.8709226250648499,0.8848170638084412,0.9004881978034973
shapenet1362,watercraft,0.13252776861190796,0.15400069952011108,0.1771155595779419,0.2296234518289566
shapenet1364,watercraft,0.8190929889678955,0.8854352831840515,0.946296215057373,0.9907539486885071
shapenet1369,watercraft,0.1794263869524002,0.227033793926239,0.29406705498695374,0.3930867612361908
shapenet1372,watercraft,0.9127292633056641,0.9889912009239197,1.0624642372131348,1.1342105865478516
shapenet1375,watercraft,0.2023351788520813,0.21460960805416107,0.233817458152771,0.28217247128486633
shapenet1377,watercraft,0.08189427852630615,0.1436452865600586,0.19021303951740265,0.2508603036403656
shapenet1378,watercraft,0.04969676211476326,0.07369714975357056,0.11002057790756226,0.15728183090686798
shapenet1380,watercraft,0.629069983959198,0.6743767857551575,0.6970815658569336,0.7186517715454102
shapenet1381,watercraft,0.1630633920431137,0.20574331283569336,0.26949331164360046,0.35033294558525085
shapenet1383,watercraft,0.9351562857627869,0.9956801533699036,1.0877249240875244,1.187857985496521
shapenet1386,watercraft,0.7647390365600586,0.7674417495727539,0.7767933011054993,0.8001759648323059
shapenet1390,watercraft,0.544736921787262,0.5482004284858704,0.5609624981880188,0.594764769077301
shapenet1391,watercraft,0.8859868049621582,0.9591293334960938,1.0196763277053833,1.0863536596298218
shapenet1392,watercraft,0.40380463004112244,0.4104635715484619,0.4248661994934082,0.4661751091480255
shapenet1393,watercraft,0.02241714857518673,0.03154468536376953,0.049645084887742996,0.08110799640417099
shapenet1394,watercraft,0.6636946797370911,0.6975157260894775,0.7246930003166199,0.7613250613212585
shapenet1396,watercraft,0.14588212966918945,0.20519383251667023,0.23351846635341644,0.2848503887653351
shapenet1397,watercraft,0.39926448464393616,0.40365758538246155,0.41798821091651917,0.4574134647846222
shapenet1401,watercraft,0.17785055935382843,0.20416474342346191,0.2640254497528076,0.33515608310699463
shapenet1402,watercraft,0.7098742127418518,0.7424377799034119,0.7705767750740051,0.8026250004768372
shapenet1404,watercraft,0.17519424855709076,0.2149062305688858,0.269805371761322,0.37046894431114197
shapenet1406,watercraft,0.19193394482135773,0.21416513621807098,0.23786766827106476,0.28825294971466064
shapenet1411,watercraft,0.7118549346923828,0.7548995018005371,0.7839937210083008,0.8190496563911438
shapenet1413,watercraft,0.07704214006662369,0.08359063416719437,0.10187842696905136,0.15762443840503693
shapenet1418,watercraft,0.21769852936267853,0.26617860794067383,0.3193311393260956,0.39643988013267517
shapenet1419,watercraft,0.900213897228241,0.9141530394554138,0.9291862845420837,0.9462844729423523
shapenet1421,watercraft,0.05846363306045532,0.09234090894460678,0.13903117179870605,0.19628627598285675
shapenet1422,watercraft,0.1469123810529709,0.19704347848892212,0.22268585860729218,0.27337801456451416
shapenet1423,watercraft,0.9301632046699524,0.9369805455207825,0.9472683072090149,0.9614372849464417
shapenet1427,watercraft,0.8966882228851318,0.9387531280517578,0.9776293635368347,1.0051535367965698
shapenet1428,watercraft,0.15227068960666656,0.1920296549797058,0.24992847442626953,0.3282484710216522
shapenet1429,watercraft,0.662518322467804,0.7304832339286804,0.7816233038902283,0.8286404609680176
shapenet1433,watercraft,0.290818452835083,0.37184593081474304,0.4664684534072876,0.5741304755210876
shapenet1435,watercraft,0.6962583661079407,0.7134068608283997,0.7282182574272156,0.7545314431190491
shapenet1436,watercraft,0.23557095229625702,0.2542935907840729,0.2782272398471832,0.3262672424316406
shapenet1439,watercraft,0.7828567624092102,0.8405938744544983,0.8856770992279053,0.9393060207366943
shapenet1441,watercraft,0.19598835706710815,0.21188543736934662,0.23275147378444672,0.28211867809295654
shapenet1445,watercraft,0.18300378322601318,0.20553326606750488,0.22807109355926514,0.27813491225242615
shapenet1448,watercraft,0.9260762333869934,0.9334153532981873,0.9423649907112122,0.9567332863807678
shapenet1449,watercraft,0.8584083914756775,0.8930959701538086,0.9323758482933044,0.9672181010246277
shapenet1451,watercraft,0.7223404049873352,0.8491687774658203,0.9420144557952881,1.0313409566879272
shapenet1455,watercraft,0.21992437541484833,0.2611154019832611,0.2871958017349243,0.3343353569507599
shapenet1460,watercraft,0.8466532826423645,0.8573395609855652,0.8754881024360657,0.9002311825752258
shapenet1466,watercraft,0.11309454590082169,0.19857721030712128,0.2327452450990677,0.2838123142719269
shapenet1468,watercraft,0.17852388322353363,0.24275757372379303,0.2942119538784027,0.3777131736278534
shapenet1470,watercraft,0.3768622577190399,0.3927745819091797,0.40864601731300354,0.44797754287719727
shapenet1472,watercraft,0.08555233478546143,0.1922929286956787,0.23834013938903809,0.2913029193878174
shapenet1473,watercraft,0.050489384680986404,0.06211486831307411,0.0818866640329361,0.12081670016050339
shapenet1474,watercraft,0.1895545870065689,0.23050610721111298,0.286016047000885,0.3634490668773651
shapenet1475,watercraft,0.8882471919059753,1.0036929845809937,1.0823568105697632,1.175410270690918
shapenet1477,watercraft,0.3670983612537384,0.4865992069244385,0.6349776983261108,0.7492530941963196
shapenet1478,watercraft,0.18326760828495026,0.1975650042295456,0.22018367052078247,0.2715458571910858
shapenet1479,watercraft,0.21275055408477783,0.27705880999565125,0.34017181396484375,0.44759896397590637
shapenet1480,watercraft,1.0419002771377563,1.0607774257659912,1.0911144018173218,1.1199270486831665
shapenet1484,watercraft,0.23900340497493744,0.2442852258682251,0.2615559995174408,0.31008780002593994
shapenet1486,watercraft,0.660701334476471,0.7574446797370911,0.7873129844665527,0.8075277209281921
shapenet1487,watercraft,0.9312033653259277,0.9349279999732971,0.9417695999145508,0.9563879370689392
shapenet1489,watercraft,0.8577032089233398,0.9532502293586731,1.0239065885543823,1.0953266620635986
shapenet1491,watercraft,0.642329216003418,0.6447204947471619,0.6526185870170593,0.6755160689353943
shapenet1494,watercraft,0.3084546625614166,0.3223095238208771,0.3383748233318329,0.3814077377319336
shapenet1495,watercraft,0.8421783447265625,0.8777532577514648,0.9254549145698547,0.9745544791221619
