trial,category,coverage,count,knn,ft,pre,fc,pc,own
shapenet2,airplane,0.0,0.0,0.9894189956665799,0.0756287276744842,0.0241907835006713,1,1,loudspeaker
shapenet3,airplane,-2.221469673450136,18.0,0.3591643925697206,0.186508446931839,0.1602188944816589,1,1,bench
shapenet4,airplane,-6.022724823483094,412.0,0.04285423734702764,0.3979982361197471,0.2167392373085022,1,1,airplane
shapenet5,airplane,0.0,0.0,0.8101496963186151,0.0448853373527526,0.0364487171173095,0,0,sofa
shapenet6,airplane,-0.9241962407465937,5.0,0.16785626786366126,0.0949143469333648,0.0723785758018493,1,1,bench
shapenet10,airplane,0.0,0.0,0.9634654143843947,-0.1186309456825256,-0.1119518280029296,0,0,display
shapenet11,airplane,-3.496275593487256,89.0,0.12414951749912169,0.045557677745819,0.0410408675670623,1,1,watercraft
shapenet13,airplane,-5.561518389023895,263.6666666666667,0.03756562672871246,0.4560934454202652,0.0926105976104736,1,1,airplane
shapenet15,airplane,0.0,0.0,1.1484294848023051,0.116869181394577,0.089080661535263,1,1,cabinet
shapenet18,airplane,0.0,0.0,0.9890571811763778,0.1668956577777862,0.1286601424217224,1,1,table
shapenet19,airplane,0.0,0.0,0.8883781871922745,0.0677821934223175,0.0506073832511901,0,0,chair
shapenet20,airplane,-4.579110925633416,106.33333333333333,0.06629863050604631,0.0048527121543884,0.0637953877449035,0,1,bench
shapenet22,airplane,0.0,0.0,0.7571246167580519,0.2385740876197815,0.1911988854408264,1,1,chair
shapenet23,airplane,0.0,0.0,1.1217707015791945,-0.0926249921321868,-0.0585803687572479,0,0,loudspeaker
shapenet24,airplane,0.0,0.0,0.9874760520596437,0.0580335259437561,0.0579293370246887,1,1,cabinet
shapenet25,airplane,0.0,0.0,0.7315974154520833,0.215691477060318,0.2099210619926452,1,1,chair
shapenet26,airplane,0.0,0.0,0.43033345669475426,0.0306267589330673,-0.0800977349281311,0,0,watercraft
shapenet28,airplane,-5.854997599454045,353.6666666666667,0.030714850732574874,0.1207845211029052,-0.0009410977363586,1,0,airplane
shapenet35,airplane,0.0,0.0,0.7285138025247581,-0.0074018836021423,0.0031989216804504,0,0,telephone
shapenet37,airplane,0.0,0.0,0.7451656556347581,-0.0491062998771667,-0.0654328465461731,0,0,display
shapenet41,airplane,0.0,0.0,1.1809025616783821,0.0077051520347595,-0.03516685962677,0,0,cabinet
shapenet42,airplane,0.0,0.0,1.1590341333961185,0.0770202875137329,0.0765052437782287,1,1,loudspeaker
shapenet46,airplane,0.0,0.0,0.5329417020388824,0.0265084505081176,0.0792386829853057,0,1,table
shapenet49,airplane,-0.7675283643313486,3.0,0.17189019642990908,0.0370519757270813,0.0554926395416259,1,1,airplane
shapenet50,airplane,0.0,0.0,0.9996997749599464,0.0326305031776428,-0.00068199634552,1,0,display
shapenet53,airplane,0.0,0.0,0.8386892615509748,-0.0284209847450256,-0.0308929681777954,0,0,car
shapenet55,airplane,0.0,0.0,0.8835535702161105,0.0964634418487548,0.0740576386451721,1,1,telephone
shapenet57,airplane,0.0,0.0,1.087764756368772,0.2946511507034302,0.3005216121673584,1,1,loudspeaker
shapenet62,airplane,0.0,0.0,1.174794472566023,-0.1052689850330352,-0.1298196613788604,0,0,loudspeaker
shapenet71,airplane,-5.472313124924569,237.33333333333334,0.04403483110188455,0.2370409220457077,0.1618518531322479,1,1,airplane
shapenet72,airplane,-6.0284487592749185,415.3333333333333,0.018336954749934287,0.4735458325594663,0.1164968013763427,1,1,airplane
shapenet73,airplane,0.0,0.0,0.21903406199533393,-0.0177794098854064,-0.0672264099121093,0,0,watercraft
shapenet74,airplane,0.0,0.0,0.4586432868187471,-0.0487099587917327,-0.0312279760837554,0,0,chair
shapenet75,airplane,-5.7779077577558695,326.0,0.028066786647248283,0.2482073307037353,-0.0595597624778747,1,0,airplane
shapenet80,airplane,0.0,0.0,0.751394032134782,0.0613974928855896,0.0355584025382995,0,0,telephone
shapenet82,airplane,-3.2398749362411148,85.33333333333333,0.15287652442042365,0.0139913856983184,-0.0057975053787231,0,0,bench
shapenet83,airplane,0.0,0.0,1.0951904786122628,-0.0155749320983886,-0.0697695016860961,0,0,cabinet
shapenet86,airplane,-3.0428987943118906,63.333333333333336,0.1335254518474822,-0.0040844678878784,-0.010015457868576,0,0,bench
shapenet87,airplane,-5.90824029049352,370.0,0.03484773092172379,0.1722871512174606,0.0677871406078338,1,1,airplane
shapenet90,airplane,-3.847170973940713,50.333333333333336,0.09965606203186735,0.021774411201477,0.1438702940940857,0,1,bench
shapenet91,airplane,0.0,0.0,1.1378750973943532,-0.1440933942794799,-0.1352855563163757,0,0,loudspeaker
shapenet97,airplane,0.0,0.0,0.6828363164137681,0.0114752054214477,-0.0528821349143981,0,0,car
shapenet101,airplane,0.0,0.0,0.2619747771221213,0.1651236414909362,0.1374700367450714,1,1,bench
shapenet102,airplane,0.0,0.0,0.4639656871146971,0.0521687120199203,0.1193779408931732,1,1,bench
shapenet103,airplane,-5.625910483326483,290.3333333333333,0.03930699436769882,0.1663281023502349,0.027547538280487,1,1,airplane
shapenet104,airplane,-5.9277217789847745,375.0,0.047482696163182146,0.2164688855409622,0.0419152379035949,1,1,airplane
shapenet107,airplane,0.0,0.0,0.789139283430306,-0.0563841164112091,-0.0259132087230682,0,0,car
shapenet110,airplane,-0.46209812037329684,0.6666666666666666,0.23321838036832043,0.0907687246799469,0.0757603645324707,1,1,watercraft
shapenet112,airplane,0.0,0.0,1.1733429097870436,0.0505478978157043,0.0573135018348693,1,1,cabinet
shapenet115,airplane,0.0,0.0,0.8753394503710271,0.0140842795372009,0.0159212350845336,0,0,display
shapenet116,airplane,0.0,0.0,0.5807975456935742,0.0076161623001098,0.0146422386169433,0,0,car
shapenet118,airplane,0.0,0.0,0.6992534916144931,-0.0390385091304779,0.0405457317829132,0,0,chair
shapenet119,airplane,0.0,0.0,1.0389808560205118,-0.0388992428779602,-0.06917405128479,0,0,chair
shapenet120,airplane,-3.127565254819429,72.0,0.11178294550585162,0.0234058797359466,0.0732601284980773,0,1,bench
shapenet123,airplane,0.0,0.0,0.47333094953327204,0.0803794860839843,0.0454006791114807,1,1,telephone
shapenet124,airplane,0.0,0.0,0.7139191788440392,-0.0680546164512634,-0.0428165197372436,0,0,car
shapenet125,airplane,0.0,0.0,1.033677485266095,0.0178972482681274,0.0512470602989196,0,0,sofa
shapenet126,airplane,-4.216429813193792,85.66666666666667,0.07988427214767939,0.0607876181602478,-0.0086700320243835,1,0,chair
shapenet128,airplane,0.0,0.0,0.2934445600818881,0.0913535952568054,0.0334146916866302,1,1,lamp
shapenet129,airplane,-5.121382744387485,168.33333333333334,0.04560838473122162,0.1504740118980407,-0.0149354636669158,1,0,watercraft
shapenet133,airplane,0.0,0.0,0.20420073154915772,-0.0143778920173645,-0.0082961320877075,0,0,lamp
shapenet134,airplane,0.0,0.0,1.108623799971513,0.0769024193286895,0.0987787246704101,1,1,loudspeaker
shapenet136,airplane,0.0,0.0,0.42992191682894537,0.0273051261901855,-0.004727303981781,0,0,watercraft
shapenet142,airplane,-2.8783254090242067,49.333333333333336,0.11417325995345805,0.1805917620658874,0.2693129777908325,1,1,bench
shapenet144,airplane,0.0,0.0,1.2088591642157638,0.0658440589904785,0.0823929905891418,1,1,cabinet
shapenet148,airplane,0.0,0.0,0.5393061118294985,0.1169648766517639,0.0157907009124755,1,0,watercraft
shapenet151,airplane,0.0,0.0,0.5849686423892777,0.0286324918270111,0.0378164649009704,0,1,loudspeaker
shapenet152,airplane,0.0,0.0,0.46891914708479865,0.1568226218223571,0.0681538879871368,1,1,watercraft
shapenet153,airplane,0.0,0.0,1.1666605805029764,-0.0869953632354736,-0.0997340083122253,0,0,cabinet
shapenet154,airplane,0.0,0.0,0.6640816754411202,0.0651012361049652,0.0678203701972961,1,1,car
shapenet156,airplane,-5.0442122547929555,240.66666666666666,0.05091162682973749,0.3708220645785332,0.1605275571346283,1,1,airplane
shapenet157,airplane,0.0,0.0,1.208639615400611,0.1240715384483337,0.1102774143218994,1,1,loudspeaker
shapenet160,airplane,0.0,0.0,0.7783787415362188,-0.076218843460083,-0.0514995455741882,0,0,table
shapenet161,airplane,0.0,0.0,0.7737560619145346,-0.0527220368385314,-0.0349398851394653,0,0,telephone
shapenet162,airplane,0.0,0.0,1.1423430040819917,-0.1405743360519409,-0.1361637115478515,0,0,loudspeaker
shapenet163,airplane,-5.900502091005259,368.0,0.030631970697459193,0.3857533559203148,0.1576379537582397,1,1,airplane
shapenet164,airplane,-6.091809995685781,466.6666666666667,0.02990001252644735,0.3005134835839271,0.0535483360290527,1,1,airplane
shapenet165,airplane,0.0,0.0,0.7465622416273393,-0.0554156601428985,-0.0400231480598449,0,0,car
shapenet167,airplane,-1.4301531470494637,24.0,0.19834990498666852,0.0223698616027832,0.0117198228836059,1,0,bench
shapenet169,airplane,0.0,0.0,0.6058035534796785,0.2397607564926147,0.2161377370357513,1,1,telephone
shapenet171,airplane,0.0,0.0,0.6359037603141887,0.109953224658966,0.0421214997768402,1,0,car
shapenet172,airplane,-6.130968842197187,463.0,0.023885071786839535,-0.0157893896102905,-0.0906313061714172,0,0,airplane
shapenet176,airplane,0.0,0.0,0.5226527569247058,0.0867978036403656,0.0840274095535278,1,1,table
shapenet178,airplane,0.0,0.0,0.4135141590005813,-0.0368968844413757,0.0885592997074127,0,1,watercraft
shapenet179,airplane,0.0,0.0,0.7885565752238998,-0.0998013615608215,-0.0824221968650817,0,0,cabinet
shapenet184,airplane,0.0,0.0,0.42827684591227316,0.056734874844551,0.0380235612392425,1,1,chair
shapenet185,airplane,0.0,0.0,0.9311114683362384,0.0598835945129394,0.0763335227966308,1,1,sofa
shapenet186,airplane,0.0,0.0,1.0708557111029506,0.3494183123111725,0.2805329263210296,1,1,chair
shapenet191,airplane,0.0,0.0,0.37345205290892,0.0612795650959014,-0.0038683712482452,1,0,watercraft
shapenet192,airplane,0.0,0.0,0.9069728002221682,0.0779868960380554,0.0491095781326293,1,1,table
shapenet193,airplane,0.0,0.0,0.8180283542035186,0.1483199000358581,0.1030685901641845,1,1,telephone
shapenet194,airplane,0.0,0.0,1.1997176905461668,0.118933618068695,0.1713669300079345,1,1,cabinet
shapenet196,airplane,0.0,0.0,0.5730357819983807,-0.0716849863529205,0.0309870839118957,0,1,car
shapenet197,airplane,0.0,0.0,0.28740061685090357,-0.1167739629745483,-0.1303233504295349,0,0,bench
shapenet199,airplane,-5.834392367266614,390.6666666666667,0.032876759662073506,0.4334625219926238,0.1953926086425781,1,1,airplane
shapenet200,airplane,0.0,0.0,0.5243089789805312,0.0840143859386444,0.0549777746200561,1,1,lamp
shapenet203,airplane,0.0,0.0,0.32336560142632603,-0.0356790423393249,-0.0391791462898254,0,0,watercraft
shapenet204,airplane,0.0,0.0,0.6721929294826055,0.0036404728889465,0.0291329026222229,0,0,chair
shapenet210,airplane,0.0,0.0,0.814696661523004,0.0298900604248046,0.0641681551933288,0,1,display
shapenet211,airplane,0.0,0.0,0.7801165306657786,-0.0131100118160247,-0.0561562776565551,0,0,car
shapenet213,airplane,0.0,0.0,0.5871717257209962,0.0134832262992858,0.0155926942825317,1,0,telephone
shapenet214,airplane,0.0,0.0,0.49068771056008903,0.2436687350273132,0.1882888078689575,1,1,car
shapenet215,airplane,0.0,0.0,0.8777995246640623,0.1200380325317382,0.1219865679740905,1,1,table
shapenet216,airplane,-5.461524838586333,237.66666666666666,0.042642591819835006,0.3440787978470325,0.1671299040317535,1,1,airplane
shapenet220,airplane,0.0,0.0,0.4295103078143198,0.0595805644989013,0.0872367024421691,1,1,watercraft
shapenet226,airplane,0.0,0.0,0.7485794267136198,-0.0015293657779693,-0.0244661569595336,0,0,sofa
shapenet227,airplane,-5.2302880378521515,186.66666666666666,0.03440979503497916,0.1176055669784545,0.0559582710266113,1,1,lamp
shapenet228,airplane,0.0,0.0,0.5758990266478388,0.1120440363883972,0.1204927265644073,1,1,telephone
shapenet230,airplane,0.0,0.0,0.37231374793162786,0.0381059646606445,0.0564455986022949,1,1,lamp
shapenet231,airplane,0.0,0.0,0.7606579023474991,0.0980596542358398,0.1392593383789062,1,1,cabinet
shapenet232,airplane,0.0,0.0,0.7337186184423894,0.1165929734706878,0.1533192992210388,1,1,chair
shapenet233,airplane,0.0,0.0,0.8699684509845437,-0.0819911956787109,-0.0712139904499054,0,0,table
shapenet236,airplane,0.0,0.0,1.1397565001147902,0.0092273354530334,-0.0117807388305664,1,0,cabinet
shapenet237,airplane,0.0,0.0,0.3755940513146839,0.0963817536830902,0.0825773775577545,1,1,watercraft
shapenet239,airplane,0.0,0.0,0.2719122351841974,0.062926173210144,-0.0520530045032501,1,0,watercraft
shapenet240,airplane,0.0,0.0,0.6227517465018311,0.2189566493034362,0.1644455790519714,1,1,telephone
shapenet241,airplane,0.0,0.0,0.9049446800731547,0.0811521708965301,0.0736196935176849,1,1,table
shapenet242,airplane,0.0,0.0,0.6561057326256509,0.0336905419826507,0.0006163716316223,1,0,sofa
shapenet243,airplane,-1.499936556776755,29.666666666666668,0.5816173865046484,0.1871481835842132,0.1334666609764099,1,1,bench
shapenet244,airplane,-5.381288284849426,217.33333333333334,0.054218377279378345,0.0709835886955261,0.0553928613662719,1,0,airplane
shapenet248,airplane,-1.3591791479685733,19.333333333333332,0.171136833867599,0.1322700977325439,0.0842035412788391,1,1,lamp
shapenet249,airplane,0.0,0.0,1.1916686260076181,0.1628534197807312,0.129124641418457,1,1,cabinet
shapenet250,airplane,0.0,0.0,0.6622245440864526,0.0095727741718292,-0.0267992317676544,0,0,car
shapenet252,airplane,0.0,0.0,1.203512725631905,-0.0918933451175689,-0.081162542104721,0,0,cabinet
shapenet255,airplane,0.0,0.0,0.47840896134512323,0.0194942355155944,-0.0135300457477569,0,0,watercraft
shapenet257,airplane,-4.125166304779465,68.0,0.08707296361088539,0.4238210637122392,0.2824626266956329,1,1,airplane
shapenet260,airplane,0.0,0.0,1.0166071620751198,0.1397444903850555,0.0861705243587493,1,1,chair
shapenet262,airplane,0.0,0.0,0.8973531159663084,-0.0871586501598358,-0.1050143241882324,0,0,chair
shapenet264,airplane,-5.58034440670114,284.3333333333333,0.033276386026695894,0.1532199382781982,0.0217524766921997,1,1,airplane
shapenet265,airplane,0.0,0.0,1.1815860744058246,0.0674218535423278,0.004560649394989,1,0,cabinet
shapenet266,airplane,0.0,0.0,1.2314193537768303,0.0506093502044677,0.0601649284362793,1,1,loudspeaker
shapenet268,airplane,0.0,0.0,1.0241755300909514,0.0507899224758148,-0.0165807902812957,1,0,chair
shapenet269,airplane,0.0,0.0,0.2504904264190286,0.1174014210700988,0.0839261412620544,1,1,display
shapenet271,airplane,0.0,0.0,0.6204157911465912,0.0477421879768371,0.0667964816093444,1,1,chair
shapenet275,airplane,-4.940559031256885,298.3333333333333,0.05425866079065824,0.4449810981750488,0.0330288410186767,1,1,airplane
shapenet276,airplane,0.0,0.0,0.8470704699351682,0.3248632550239563,0.0480973720550537,1,1,display
shapenet278,airplane,0.0,0.0,0.4227922593518114,0.086799144744873,0.0654579997062683,1,1,watercraft
shapenet280,airplane,-1.3170812395271425,17.0,0.14076056464835673,-0.024040937423706,-0.0603362917900085,0,0,bench
shapenet281,airplane,-5.8318046155239545,340.0,0.04152867328118713,0.0675548315048217,0.0092536807060241,1,1,airplane
shapenet282,airplane,0.0,0.0,0.7380456260015542,0.0481016039848327,0.0400300920009613,1,1,sofa
shapenet284,airplane,0.0,0.0,1.0789448636301415,-0.0832127034664154,-0.0648369789123535,0,0,sofa
shapenet285,airplane,0.0,0.0,1.1815965563609505,-0.0735739469528198,-0.0547962188720703,0,0,loudspeaker
shapenet288,airplane,0.0,0.0,0.48146177747217567,0.0456531047821044,0.0883724689483642,1,1,cabinet
shapenet289,airplane,0.0,0.0,1.0742594661201421,0.0622413158416748,0.0571181774139404,1,1,chair
shapenet293,airplane,-3.083187028376488,40.333333333333336,0.1223900626816819,0.185016393661499,0.0921261012554168,1,1,airplane
shapenet294,airplane,0.0,0.0,0.28524322242391537,0.0525930523872375,-0.0136311948299407,1,0,watercraft
shapenet295,airplane,-5.979683583230856,394.3333333333333,0.017371989030259664,0.3455613702535629,0.1999466717243194,1,1,airplane
shapenet299,airplane,0.0,0.0,1.0345563572824465,-0.1868360638618469,-0.0583379864692688,0,0,display
shapenet300,airplane,0.0,0.0,0.8236729631859112,0.0597813129425048,0.023289144039154,1,1,telephone
shapenet302,airplane,0.0,0.0,0.6737381109085154,-0.0643730163574218,-0.0698298215866088,0,0,car
shapenet303,airplane,0.0,0.0,0.8119421581057041,0.3283945620059967,0.1836393475532531,1,1,display
shapenet304,airplane,0.0,0.0,0.5564401659245636,0.2754593193531036,0.2207830548286438,1,1,chair
shapenet305,airplane,0.0,0.0,1.2002727001425229,0.0409083366394043,0.0379602313041687,1,1,cabinet
shapenet306,airplane,0.0,0.0,0.5407992196898016,0.0374770164489746,0.1116411089897155,1,1,watercraft
shapenet307,airplane,0.0,0.0,0.15801805212713108,0.0362359881401062,0.0181712508201599,1,1,chair
shapenet308,airplane,-5.768731966709217,321.3333333333333,0.018047759057821935,0.2293215095996856,-0.0062736272811889,1,0,airplane
shapenet310,airplane,-1.6917246050779422,53.0,0.1666636775354086,0.0866892039775848,0.0479352474212646,1,1,bench
shapenet311,airplane,0.0,0.0,0.648100983034381,0.0733715295791626,-0.0052577853202819,1,0,sofa
shapenet321,airplane,-1.0729586082894003,2.6666666666666665,0.37882866046844726,-0.0571975708007812,-0.058578073978424,0,0,sofa
shapenet323,airplane,-5.802849267757185,331.3333333333333,0.029567504509180966,-0.0987379550933837,-0.0370676517486572,0,0,airplane
shapenet328,airplane,0.0,0.0,0.33696269969408416,0.1333528757095337,0.1250616312026977,1,1,table
shapenet330,airplane,-4.23637470960737,128.0,0.07962514085364425,0.4449153263121843,0.2286310195922851,1,1,airplane
shapenet332,airplane,-5.381791751953347,247.33333333333334,0.016415412252435466,0.4059094823896885,0.1926169395446777,1,1,airplane
shapenet333,airplane,0.0,0.0,0.7788620343036344,-0.0568394660949707,-0.0475676953792572,0,0,telephone
shapenet335,airplane,0.0,0.0,0.37935137376404376,-0.0782776474952697,-0.0511876344680786,0,0,lamp
shapenet337,airplane,0.0,0.0,1.104383324037206,-0.0951071381568908,-0.0857526063919067,0,0,cabinet
shapenet345,airplane,-4.539483777761286,109.66666666666667,0.07329841713817167,0.2503629103302955,0.1732369661331176,1,1,airplane
shapenet346,airplane,0.0,0.0,0.9192498016535233,-0.0883746147155761,-0.0730123519897461,0,0,telephone
shapenet347,airplane,0.0,0.0,0.2808713878646574,-0.0376600623130798,-0.0074700713157653,0,0,watercraft
shapenet348,airplane,0.0,0.0,0.33804296116951543,0.026616096496582,0.0185957551002502,1,0,bench
shapenet350,airplane,0.0,0.0,1.0167922310078341,0.193045973777771,0.1310572922229766,1,1,table
shapenet351,airplane,0.0,0.0,0.6889858755646093,0.0247874557971954,0.0160931348800659,0,0,telephone
shapenet352,airplane,0.0,0.0,0.4070327473726049,0.1299185156822204,0.0467656552791595,1,1,watercraft
shapenet355,airplane,0.0,0.0,1.1324570279869102,0.0031189322471618,-0.0178040266036987,0,0,cabinet
shapenet356,airplane,0.0,0.0,0.2689359758333811,0.1078429818153381,0.10286545753479,1,1,watercraft
shapenet358,airplane,-0.7324081924454066,1.3333333333333333,0.3150640904104835,0.0703191757202148,0.057732880115509,1,1,watercraft
shapenet359,airplane,0.0,0.0,0.2614137558254284,-0.0778759121894836,-0.0478738546371459,0,0,chair
shapenet361,airplane,-1.2762137988296984,15.0,0.7452153383045234,0.3262706995010376,0.2869221270084381,1,1,lamp
shapenet363,airplane,0.0,0.0,0.4443435134721349,-0.0684486627578735,-0.063596487045288,0,0,car
shapenet366,airplane,0.0,0.0,0.9543930877434809,0.0884397625923156,0.0049522519111633,1,0,table
shapenet368,airplane,0.0,0.0,0.584901779414024,0.0281078219413757,0.0200671553611755,1,1,sofa
shapenet370,airplane,0.0,0.0,0.7416760436431512,-0.0128750205039978,-0.0029332041740417,0,0,display
shapenet372,airplane,0.0,0.0,0.5649775901184326,-0.0477950274944305,-0.0663862526416778,0,0,chair
shapenet374,airplane,-1.8170128178552334,77.33333333333333,0.18220481015690695,0.076337993144989,0.016306459903717,1,1,lamp
shapenet375,airplane,0.0,0.0,0.5909034336357706,0.0424699187278747,-0.0518829822540283,1,0,car
shapenet376,airplane,0.0,0.0,1.2067767053546705,0.0784050822257995,0.0510373711585998,1,1,loudspeaker
shapenet377,airplane,0.0,0.0,0.6403118208393312,-0.0224096775054931,-0.0024123787879943,0,0,car
shapenet378,airplane,-5.9419827730033985,385.3333333333333,0.010713321588148944,0.3461311757564544,-0.0633582472801208,1,0,airplane
shapenet379,airplane,0.0,0.0,0.9424233107874532,0.1615053415298462,0.1614041328430175,1,1,chair
shapenet380,airplane,0.0,0.0,0.6554763789806742,-0.0221045613288879,-0.0214902162551879,0,0,telephone
shapenet385,airplane,-2.813005136784071,44.666666666666664,0.14837617751050008,-0.0280080139636993,-0.0113636851310729,0,0,watercraft
shapenet387,airplane,0.0,0.0,0.5596654462301933,0.0078269839286804,-0.0022946596145629,0,0,table
shapenet388,airplane,-1.544909662743212,34.0,0.578110880164725,0.1124953925609588,0.0488553047180175,1,1,chair
shapenet389,airplane,0.0,0.0,1.2068688224560755,-0.0222795009613037,-0.0395524501800537,0,0,cabinet
shapenet392,airplane,0.0,0.0,0.5599916557980773,0.0739168524742126,0.0144106745719909,1,0,display
shapenet393,airplane,-5.697356486337687,301.6666666666667,0.05507843829409936,0.2934891805052757,0.1932362914085388,1,1,airplane
shapenet397,airplane,0.0,0.0,1.1439840706130338,0.0687385201454162,0.0664495825767517,1,1,cabinet
shapenet400,airplane,0.0,0.0,0.6530605179951543,-0.0346326529979705,-0.0543197393417358,0,0,display
shapenet405,airplane,0.0,0.0,0.6105483126683872,-0.0138323307037353,0.0076000094413757,0,0,car
shapenet410,airplane,0.0,0.0,0.29671794950086205,0.2030307650566101,0.166029155254364,1,1,bench
shapenet411,airplane,0.0,0.0,1.215483210323313,0.1447315216064453,0.1382727622985839,1,1,loudspeaker
shapenet412,airplane,0.0,0.0,0.6304824407348106,0.0357095301151275,-0.0202662348747253,1,0,car
shapenet413,airplane,0.0,0.0,0.7768062218125774,0.0447744131088256,0.0078625082969665,1,0,table
shapenet415,airplane,0.0,0.0,0.3084786095064785,0.1013369262218475,0.0046307742595672,1,0,watercraft
shapenet418,airplane,0.0,0.0,0.30005869921083045,0.0552140474319458,0.034698486328125,1,1,lamp
shapenet420,airplane,0.0,0.0,0.9693589586884857,-0.0458548069000244,0.0226578712463378,0,0,telephone
shapenet422,airplane,0.0,0.0,0.20252109654576889,-0.072391390800476,-0.0705592036247253,0,0,watercraft
shapenet423,airplane,0.0,0.0,1.1127288188495328,-0.0199991464614868,-0.0054593682289123,0,0,sofa
shapenet424,airplane,0.0,0.0,0.9037819514822619,-0.1137215197086334,-0.0777380466461181,0,0,table
shapenet429,airplane,0.0,0.0,0.27132985204951426,0.0733319222927093,-0.0763487219810485,1,0,watercraft
shapenet431,airplane,0.0,0.0,0.8593767216875281,0.100231796503067,0.0547612309455871,1,1,lamp
shapenet432,airplane,0.0,0.0,0.5741288525855667,-0.0214484632015228,-0.0016281604766845,0,0,car
shapenet439,airplane,0.0,0.0,0.4212385398311412,-0.0371757447719574,0.0456329882144928,0,0,lamp
shapenet440,airplane,0.0,0.0,0.8430364437993868,-0.0870960354804992,-0.0856775939464569,0,0,sofa
shapenet443,airplane,0.0,0.0,0.6613101989465079,-0.0634567737579345,-0.108356237411499,0,0,table
shapenet444,airplane,0.0,0.0,0.920198076450288,0.0637316703796386,0.011464774608612,1,1,telephone
shapenet447,airplane,0.0,0.0,0.8959864700724817,0.0964958369731903,0.0506009757518768,1,1,telephone
shapenet449,airplane,-5.7294981862997725,335.3333333333333,0.033724981597894936,0.3596195243299007,0.0711019039154052,1,1,airplane
shapenet450,airplane,0.0,0.0,0.6308613529309745,0.0236983299255371,-0.0106181800365448,0,0,car
shapenet453,airplane,0.0,0.0,0.35827496638951545,0.12013840675354,0.0975065231323242,1,1,chair
shapenet455,airplane,-1.5757959395707803,37.333333333333336,0.2531387046588977,0.1248991191387176,0.0083281397819519,1,0,watercraft
shapenet458,airplane,0.0,0.0,0.510096009777964,0.056847870349884,-0.0115940570831298,1,0,car
shapenet459,airplane,-4.060244774838327,63.333333333333336,0.08843504960445203,0.0261071324348449,-0.0250212550163269,0,0,airplane
shapenet461,airplane,0.0,0.0,0.49055369907157104,-0.0522730946540832,-0.0155627131462097,0,0,car
shapenet462,airplane,0.0,0.0,0.991265682694071,-0.058627963066101,-0.0238116383552551,0,0,sofa
shapenet464,airplane,0.0,0.0,1.110827163803332,-0.1071526408195495,-0.0743521451950073,0,0,sofa
shapenet469,airplane,0.0,0.0,1.2128517235348717,0.2075378894805908,0.1921848654747009,1,1,loudspeaker
shapenet471,airplane,-6.021860685689167,413.3333333333333,0.01720337608076015,0.4837391078472137,0.1122706532478332,1,1,airplane
shapenet473,airplane,-6.1826107930442795,491.6666666666667,0.019239741925492684,0.1781024932861328,0.1922177374362945,1,1,airplane
shapenet474,airplane,0.0,0.0,0.7978230513445834,0.0179801881313323,0.0495787262916564,0,1,display
shapenet476,airplane,-5.851372420285402,350.0,0.016830565310502088,0.3767894804477691,0.1686484813690185,1,1,airplane
shapenet477,airplane,0.0,0.0,0.6854538699504772,-0.05003023147583,-0.0482565760612487,0,0,car
shapenet478,airplane,0.0,0.0,0.6288142703801495,0.3503511697053909,0.3121099919080734,1,1,chair
shapenet480,airplane,-3.5288698831496617,132.0,0.1941241767721856,0.0495768189430236,0.0553798675537109,1,1,watercraft
shapenet482,airplane,0.0,0.0,0.9072581077745993,0.1537857353687286,0.1997835636138916,1,1,chair
shapenet484,airplane,-6.170499506911756,479.0,0.03305590141777786,-0.0113561749458312,-0.072366178035736,0,0,airplane
shapenet486,airplane,0.0,0.0,1.0013558444783375,-0.0428518652915954,-0.050944983959198,0,0,telephone
shapenet488,airplane,0.0,0.0,0.6302225270123533,-0.0265209078788757,-0.014797031879425,0,0,car
shapenet490,airplane,0.0,0.0,1.1971785867241662,0.0806230306625366,0.104284644126892,1,1,cabinet
shapenet496,airplane,0.0,0.0,0.47879504615418805,0.2355648875236511,0.1670287251472473,1,1,watercraft
shapenet497,airplane,0.0,0.0,1.1385690947129739,0.0363970398902893,0.0125258564949035,0,0,cabinet
shapenet498,airplane,0.0,0.0,0.7837859323561956,-0.0182306468486785,-0.0323807895183563,0,0,loudspeaker
shapenet501,airplane,-5.0142605457966845,152.33333333333334,0.06776845031052789,0.126940369606018,0.1510275602340698,1,1,airplane
shapenet504,airplane,-5.950627293449408,387.0,0.018791541650379672,-0.0821273922920227,-0.0956886410713195,0,0,airplane
shapenet505,airplane,0.0,0.0,0.8445072654599586,0.0635749101638794,0.0774000287055969,1,1,display
shapenet506,airplane,0.0,0.0,0.9303551605797272,-0.0918091237545013,-0.0969523787498474,0,0,sofa
shapenet507,airplane,-4.484289280748583,104.66666666666667,0.09212051654354725,0.2465928792953491,0.1492902636528015,1,1,airplane
shapenet509,airplane,0.0,0.0,0.8333876281796441,0.0016626715660095,0.0075249671936035,0,1,sofa
shapenet510,airplane,0.0,0.0,0.41613136805764567,-0.0046733319759368,-0.0047419965267181,0,0,telephone
shapenet513,airplane,-1.548130299713791,34.333333333333336,0.44487965903220905,-0.0074509978294372,-0.0260153412818908,0,0,telephone
shapenet514,airplane,0.0,0.0,0.7070515630406922,0.1195102930068969,0.0532336235046386,1,1,sofa
shapenet515,airplane,0.0,0.0,0.6902665096471746,0.1194185316562652,0.0899977684020996,1,1,bench
shapenet516,airplane,0.0,0.0,0.827360137384161,0.2014324069023132,0.0855721831321716,1,1,display
shapenet518,airplane,0.0,0.0,0.8965825986106367,0.1028826236724853,0.0327661037445068,1,0,chair
shapenet520,airplane,-3.4710141230562246,142.0,0.10027002347165583,0.3496045619249344,0.15169358253479,1,1,airplane
shapenet521,airplane,0.0,0.0,0.7128477372357049,0.1168558299541473,0.0781649351119995,1,1,display
shapenet523,airplane,-5.788352225945821,342.0,0.021977341879055187,0.453497864305973,0.3041170239448547,1,1,airplane
shapenet526,airplane,0.0,0.0,0.9252941786621083,0.0791952610015869,0.0717094540596008,1,1,cabinet
shapenet527,airplane,0.0,0.0,0.8056807397097193,0.0235229134559631,-0.0119919180870056,0,0,sofa
shapenet529,airplane,0.0,0.0,0.5162657557490403,-0.011811077594757,-0.033578336238861,0,0,chair
shapenet534,airplane,-4.4002682679036305,85.0,0.07894184618294503,0.1838433742523193,0.1178936064243316,1,1,bench
shapenet535,airplane,0.0,0.0,0.746749855655405,-0.0870193541049957,-0.03757244348526,0,0,chair
shapenet537,airplane,0.0,0.0,0.36042211699209564,0.0192933678627014,0.0189718008041381,0,0,watercraft
shapenet541,airplane,0.0,0.0,0.9024592691756327,0.0689828395843505,0.033824622631073,1,1,cabinet
shapenet544,airplane,0.0,0.0,0.9654082761864314,-0.0576131641864776,-0.057002305984497,0,0,cabinet
shapenet546,airplane,-0.9985774245179969,6.333333333333333,0.13305668514194832,0.1357024610042572,0.1676487922668457,1,1,watercraft
shapenet547,airplane,0.0,0.0,1.0492948543527743,0.1605396866798401,0.1354497075080871,1,1,loudspeaker
shapenet548,airplane,0.0,0.0,0.6278628882521767,-0.0553311705589294,-0.0573607087135314,0,0,car
shapenet550,airplane,0.0,0.0,0.8783813089368544,-0.0799905359745025,-0.0747300386428833,0,0,telephone
shapenet554,airplane,-5.904440624678166,370.6666666666667,0.027595366922694816,0.4067917186766863,0.0332262516021728,1,1,airplane
shapenet555,airplane,-2.522793089278841,28.666666666666668,0.20671995362106943,-0.024065613746643,-0.0763022303581237,0,0,watercraft
shapenet567,airplane,0.0,0.0,1.0766260923178776,-0.0194279253482818,0.0099655091762542,0,0,loudspeaker
shapenet569,airplane,0.0,0.0,1.185434425166057,0.0446781516075134,0.0158235728740692,1,0,cabinet
shapenet572,airplane,0.0,0.0,0.61281292011772,0.1430779695510864,0.0966692566871643,1,1,telephone
shapenet574,airplane,-5.580900101679782,356.6666666666667,0.0357830087247252,0.340988278388977,0.2388920187950134,1,1,airplane
shapenet577,airplane,0.0,0.0,0.5536594793022621,0.1230666041374206,0.0461806654930114,1,1,car
shapenet580,airplane,0.0,0.0,0.9113183639201097,0.0779110640287399,0.088329941034317,1,1,chair
shapenet584,airplane,0.0,0.0,0.16636818263339356,0.0390152335166931,-0.007205307483673,1,0,bench
shapenet586,airplane,0.0,0.0,0.16356301975578155,0.0609020590782165,0.0507627129554748,1,0,bench
shapenet590,airplane,-2.0947113870236005,45.0,0.1945376140893945,0.0766092240810394,0.0060118436813354,1,0,watercraft
shapenet591,airplane,0.0,0.0,0.3782346519437429,0.1600223779678344,0.1472237706184387,1,1,bench
shapenet592,airplane,0.0,0.0,0.7396121508045388,0.0927323102951049,0.1592596769332885,1,1,chair
shapenet593,airplane,0.0,0.0,0.8601351509501818,-0.0869275033473968,-0.048413872718811,0,0,display
shapenet597,airplane,-6.137496347800673,468.3333333333333,0.024510724007029566,0.0844379067420959,0.0208253264427185,1,1,airplane
shapenet598,airplane,-5.8175440190403584,338.0,0.044077104842879654,0.4269535839557647,0.2814482450485229,1,1,airplane
shapenet599,airplane,0.0,0.0,1.2054020396005303,-0.1060710251331329,-0.0695875585079193,0,0,cabinet
shapenet600,airplane,-5.840174914797927,357.6666666666667,0.021794246706076086,0.1879505515098571,0.0845870375633239,1,1,airplane
shapenet604,airplane,0.0,0.0,1.084113500383128,-0.1145945489406585,-0.1056732237339019,0,0,cabinet
shapenet605,airplane,0.0,0.0,0.19891068641434295,0.061548888683319,0.0147233009338378,1,0,watercraft
shapenet608,airplane,0.0,0.0,0.7790400929628679,0.1136156916618347,0.1172830462455749,1,1,chair
shapenet609,airplane,-5.8859345925312185,363.0,0.02348454759739087,-0.0235877037048339,0.078905165195465,0,1,airplane
shapenet612,airplane,-1.5350567286626973,6.0,0.15825472278009947,-0.0870186686515808,-0.0725151896476745,0,0,airplane
shapenet616,airplane,0.0,0.0,1.0057199763443803,0.1298832297325134,0.1444228291511535,1,1,chair
shapenet617,airplane,0.0,0.0,0.563193882785924,-0.0678887367248535,-0.0648699104785919,0,0,car
shapenet619,airplane,0.0,0.0,0.9342498184696795,-0.0803494453430175,-0.0912733674049377,0,0,sofa
shapenet620,airplane,0.0,0.0,1.0920343976204838,0.0167487561702728,0.0618963241577148,0,1,loudspeaker
shapenet622,airplane,-5.0170188150617685,151.66666666666666,0.05622364893491235,0.2059584259986877,0.0811740756034851,1,1,watercraft
shapenet623,airplane,0.0,0.0,0.6302681856800916,0.0212565064430236,0.0002508759498596,0,0,car
shapenet628,airplane,0.0,0.0,0.9439664649874621,-0.0704226195812225,-0.0581055283546447,0,0,sofa
shapenet629,airplane,-0.23104906018664842,0.3333333333333333,0.320663027533311,0.066538780927658,0.0631337463855743,1,1,watercraft
shapenet633,airplane,-1.5214493971559453,31.666666666666668,0.20087893051125139,0.1612444818019867,0.0887197256088256,1,1,bench
shapenet635,airplane,-1.4391627045121034,24.666666666666668,0.1463520465299871,0.0369144678115844,0.0168339610099792,0,1,bench
shapenet636,airplane,0.0,0.0,0.7662581828969045,-0.0209551453590393,-0.0204922556877136,0,0,telephone
shapenet638,airplane,0.0,0.0,1.0950548248527696,0.0990104377269744,0.1029821634292602,1,1,cabinet
shapenet639,airplane,0.0,0.0,0.2418929990530058,-0.0449846684932708,-0.0371086299419403,0,0,lamp
shapenet640,airplane,-1.8483924814931874,10.0,0.14748622198687092,0.0377669632434845,-0.0215262174606323,1,0,bench
shapenet644,airplane,0.0,0.0,0.983514630583905,-0.020158052444458,-0.0184158086776733,0,0,display
shapenet646,airplane,0.0,0.0,1.0824067630481793,0.083659291267395,0.0501002669334411,1,1,loudspeaker
shapenet652,airplane,-5.995716191734229,401.0,0.04374749978516249,0.2059402912855148,0.099647432565689,1,1,airplane
shapenet653,airplane,0.0,0.0,1.1339403503526049,-0.030270516872406,-0.043292611837387,0,0,cabinet
shapenet656,airplane,0.0,0.0,1.1728235523900927,-0.1166813373565673,-0.0465108752250671,0,0,loudspeaker
shapenet658,airplane,-5.68931477449355,299.3333333333333,0.04229877651922298,0.4587980732321739,0.1242203116416931,1,1,airplane
shapenet662,airplane,0.0,0.0,0.4532875299518537,-0.0347242951393127,-0.032472550868988,0,0,telephone
shapenet664,airplane,0.0,0.0,1.128368986699208,0.01201593875885,0.0404214262962341,0,1,loudspeaker
shapenet665,airplane,-5.577323675540936,273.6666666666667,0.05762694943707109,0.2900012284517288,0.216950386762619,1,1,airplane
shapenet666,airplane,0.0,0.0,0.529281405551444,0.2405747771263122,0.1202899813652038,1,1,chair
shapenet667,airplane,-1.6199374681205574,42.666666666666664,0.2513924815593324,0.0221850275993347,0.0059669613838195,0,0,bench
shapenet677,airplane,0.0,0.0,0.7805905051689629,0.1503318548202514,0.0916127860546112,1,1,car
shapenet678,airplane,-5.126518473166702,168.0,0.059179418401684926,0.0924757122993469,0.0600859522819519,1,1,airplane
shapenet679,airplane,0.0,0.0,1.0640534671582023,0.3041781187057495,0.3116668462753296,1,1,loudspeaker
shapenet682,airplane,-5.435237913221161,228.66666666666666,0.04132876529068436,0.1853684484958648,0.2401564717292785,1,1,airplane
shapenet683,airplane,0.0,0.0,0.5178244118482549,0.1353992223739624,0.0489208698272705,1,1,chair
shapenet686,airplane,0.0,0.0,0.4525039932663156,0.0811375677585601,0.0645036697387695,1,1,chair
shapenet687,airplane,0.0,0.0,1.0719035971033257,0.112582117319107,0.0865823030471801,1,1,cabinet
shapenet690,airplane,0.0,0.0,0.8088633600182323,0.119121253490448,0.1138461828231811,1,1,telephone
shapenet691,airplane,-4.245566965530782,77.66666666666667,0.08171266040381543,0.188366562128067,0.1727542281150818,1,1,bench
shapenet692,airplane,0.0,0.0,0.8477780733423987,-0.0122913122177124,0.0307862758636474,0,1,display
shapenet693,airplane,0.0,0.0,1.0132848050491539,-0.049227625131607,-0.0502444505691528,0,0,table
shapenet697,airplane,0.0,0.0,0.7727372303936408,0.0836254954338073,0.0468218326568603,1,1,chair
shapenet699,airplane,0.0,0.0,0.696843002674581,-0.0579067468643188,-0.005961000919342,0,0,car
shapenet702,airplane,-1.5637826274097144,36.0,0.16249208683921187,0.0340324938297271,0.0059122145175933,0,0,bench
shapenet703,airplane,0.0,0.0,1.1528629273543167,-0.059604525566101,-0.0705913007259368,0,0,loudspeaker
shapenet708,airplane,-4.138993886392013,66.66666666666667,0.08590319853832906,0.1323136687278747,0.0722074508666992,1,1,bench
shapenet711,airplane,0.0,0.0,0.3836633583165117,-0.0120124816894531,-0.0022562742233276,0,0,watercraft
shapenet714,airplane,0.0,0.0,0.3140943457840295,0.2310112714767456,0.1666880846023559,1,1,bench
shapenet715,airplane,0.0,0.0,0.25610245334141574,0.200282335281372,0.0485840439796447,1,1,lamp
shapenet718,airplane,-1.110734836725068,9.0,0.5973619201079939,0.196138322353363,0.1401979923248291,1,1,bench
shapenet719,airplane,0.0,0.0,0.9502243297161935,0.1138131618499755,0.1261869072914123,1,1,display
shapenet722,airplane,0.0,0.0,0.9843965482480609,0.2083543986082077,0.2045737206935882,1,1,sofa
shapenet724,airplane,0.0,0.0,0.4417109681441554,-0.011392593383789,0.0190478563308715,0,0,watercraft
shapenet725,airplane,0.0,0.0,0.8341860720429134,-0.0353915095329284,-0.0641862154006958,0,0,loudspeaker
shapenet732,airplane,-3.653736133276054,53.333333333333336,0.10250590155714079,0.073742389678955,0.0310445427894592,1,1,chair
shapenet734,airplane,0.0,0.0,0.7582964281825278,0.1075367331504821,0.1137009859085083,1,1,telephone
shapenet736,airplane,-5.850654478773248,352.3333333333333,0.043259115195397824,0.4185331612825393,0.1655927896499633,1,1,airplane
shapenet739,airplane,-5.88655163317233,359.6666666666667,0.019402517400197546,0.1883981823921203,0.0379926562309265,1,1,airplane
shapenet740,airplane,0.0,0.0,0.722609005702204,0.1774097681045532,0.1906964778900146,1,1,chair
shapenet743,airplane,0.0,0.0,0.6727553789286471,-0.0529731214046478,-0.0346428155899047,0,0,table
shapenet744,airplane,0.0,0.0,1.0842051262169836,-0.0833011865615844,-0.0661205649375915,0,0,loudspeaker
shapenet749,airplane,0.0,0.0,0.9206394334618673,0.0076614916324615,-0.0004715323448181,0,0,display
shapenet751,airplane,0.0,0.0,0.6301897622702897,-0.1122713983058929,-0.1240255236625671,0,0,display
shapenet757,airplane,0.0,0.0,0.8674223199648433,0.026638388633728,0.0870080590248107,0,1,telephone
shapenet759,airplane,0.0,0.0,0.9024617978768797,-0.0272134542465209,-0.0092962980270385,0,0,chair
shapenet760,airplane,0.0,0.0,0.7409766212711567,0.0230051279067993,-0.0483216941356658,0,0,telephone
shapenet761,airplane,0.0,0.0,0.7777551444927928,-0.0122625231742858,-0.0219002664089202,0,0,table
shapenet762,airplane,-1.3170812395271425,17.0,0.15357612222447062,0.2031802535057068,0.1583147644996643,1,1,bench
shapenet766,airplane,0.0,0.0,0.40888304722868973,-0.0937331616878509,-0.0825366377830505,0,0,table
shapenet770,airplane,-5.838897211960076,345.6666666666667,0.02413241956839689,-0.0275518596172332,-0.0033552646636962,0,0,airplane
shapenet771,airplane,-6.00609165377735,443.0,0.02516812176579587,0.0729627609252929,0.0032296180725097,0,0,airplane
shapenet772,airplane,-3.191661161854697,79.33333333333333,0.1563178249524251,0.0522400885820388,0.0124148428440094,1,0,bench
shapenet773,airplane,0.0,0.0,0.6500106978787875,0.1000296175479888,0.077958345413208,1,1,table
shapenet774,airplane,0.0,0.0,1.1985885684335325,0.0032787322998046,0.0024951100349426,0,0,loudspeaker
shapenet775,airplane,0.0,0.0,1.1034132092231606,0.0055042505264282,-0.0427635908126831,0,0,loudspeaker
shapenet782,airplane,0.0,0.0,0.45762380461041774,0.0420715808868408,0.0130807161331176,1,1,chair
shapenet790,airplane,0.0,0.0,1.0884416757741564,0.1339238882064819,0.0784856081008911,1,1,loudspeaker
shapenet791,airplane,-5.554608742275124,330.6666666666667,0.03683020420269535,0.4194246381521225,0.1256563067436218,1,1,airplane
shapenet796,airplane,0.0,0.0,1.1098223100517421,0.073494553565979,0.0584169626235961,1,1,loudspeaker
shapenet797,airplane,0.0,0.0,0.9130319737149746,0.0820286870002746,0.0203036367893219,1,1,sofa
shapenet798,airplane,0.0,0.0,0.7072569686616439,-0.02034792304039,-0.0108460485935211,0,0,table
shapenet799,airplane,0.0,0.0,0.7343314602415676,0.0344964861869812,-0.0312206149101257,1,0,car
shapenet800,airplane,-5.831182144132356,357.0,0.03049132325888665,0.2635307759046554,0.0754708051681518,1,1,airplane
shapenet801,airplane,0.0,0.0,1.0660935226084238,-0.0663366019725799,-0.0518797039985656,0,0,loudspeaker
shapenet804,airplane,-3.715688537151474,49.333333333333336,0.10099108101720262,0.233993262052536,0.0670865178108215,1,1,airplane
shapenet805,airplane,0.0,0.0,1.1839482352392585,0.0313116908073425,-0.0098984837532043,1,0,cabinet
shapenet808,airplane,0.0,0.0,0.19231308200083486,-0.0035034418106079,0.0088022351264953,0,0,chair
shapenet811,airplane,0.0,0.0,0.5838624275550072,-0.0603997707366943,-0.04999840259552,0,0,table
shapenet812,airplane,0.0,0.0,1.0789560772555369,0.0608148574829101,0.0168808698654174,1,0,cabinet
shapenet813,airplane,0.0,0.0,0.6862280463938998,0.1196717917919159,-0.0049038529396057,1,0,car
shapenet814,airplane,0.0,0.0,0.7108442248667654,-0.0427103638648986,-0.062924325466156,0,0,car
shapenet816,airplane,0.0,0.0,0.9308984138074988,0.233901172876358,0.1665162444114685,1,1,table
shapenet817,airplane,0.0,0.0,0.8464964087837212,0.1631014943122863,0.1827784180641174,1,1,cabinet
shapenet818,airplane,0.0,0.0,0.6108286394292168,0.1670841574668884,0.1690474152565002,1,1,car
shapenet820,airplane,0.0,0.0,1.092207797965919,0.2004597187042236,0.1661158204078674,1,1,chair
shapenet825,airplane,0.0,0.0,1.0567303698726234,-0.1140923798084259,-0.1114904880523681,0,0,table
shapenet826,airplane,0.0,0.0,0.9678942807279433,0.0526484251022338,0.0272364616394042,0,0,table
shapenet827,airplane,-5.635806878276147,282.3333333333333,0.035650614369891295,0.3159386217594147,0.1392627954483032,1,1,airplane
shapenet831,airplane,0.0,0.0,0.2844442303784477,0.0822792947292327,0.1035825908184051,1,1,watercraft
shapenet832,airplane,-2.2323447492221615,31.0,0.11572041018358759,-0.1013682782649993,-0.0819031596183776,0,0,bench
shapenet833,airplane,0.0,0.0,0.3104965047112305,-0.0254597961902618,-0.0269570052623748,0,0,watercraft
shapenet835,airplane,-5.648277165834212,284.6666666666667,0.025653419841114963,0.127456396818161,0.0099040269851684,1,0,airplane
shapenet837,airplane,0.0,0.0,0.9411674868355075,-0.0436821281909942,-0.0380144119262695,0,0,cabinet
shapenet840,airplane,0.0,0.0,1.0163249692220637,0.0680185854434967,0.0693278312683105,1,1,chair
shapenet845,airplane,0.0,0.0,0.6303488854034908,-0.008874237537384,-0.0133445262908935,0,0,sofa
shapenet846,airplane,0.0,0.0,0.5219878924267519,0.1647714972496032,0.1027482151985168,1,1,chair
shapenet848,airplane,0.0,0.0,0.5870647092888377,0.0818142890930175,0.051901638507843,1,1,watercraft
shapenet851,airplane,-5.778169702817247,335.6666666666667,0.02194965444003487,-0.0620110034942626,0.047741949558258,0,1,airplane
shapenet852,airplane,0.0,0.0,0.5822484182956069,-0.0916145145893096,-0.1055793464183807,0,0,car
shapenet854,airplane,0.0,0.0,0.8195619253663385,-0.0076938867568969,0.0320241451263427,0,0,telephone
shapenet856,airplane,0.0,0.0,0.14707069245571475,0.0673123598098754,-0.0495164990425109,1,0,bench
shapenet859,airplane,0.0,0.0,0.7590619396049071,-0.0495761334896087,-0.0222050547599792,0,0,table
shapenet860,airplane,-4.084134214370927,94.66666666666667,0.09932516783650085,0.3242772370576858,0.0864661335945129,1,1,airplane
shapenet861,airplane,0.0,0.0,0.9566973066828571,-0.0336299836635589,-0.0421598553657531,0,0,sofa
shapenet863,airplane,0.0,0.0,0.9740430466042386,-0.0239389538764953,-0.0136587023735046,0,0,sofa
shapenet867,airplane,0.0,0.0,0.7764792611862461,0.3550086915493011,0.2905646562576294,1,1,chair
shapenet869,airplane,0.0,0.0,0.6111190878220533,0.1925317645072937,0.2050864100456237,1,1,sofa
shapenet871,airplane,0.0,0.0,0.7608202703112895,0.089693546295166,0.0098748505115509,1,0,telephone
shapenet873,airplane,0.0,0.0,1.2054973169681065,0.1172512471675872,0.1605020761489868,1,1,cabinet
shapenet877,airplane,0.0,0.0,0.30425227076089884,0.0770206451416015,0.0178350806236267,0,0,chair
shapenet878,airplane,0.0,0.0,0.7834610770656143,0.1731309592723846,0.0796400904655456,1,1,display
shapenet879,airplane,0.0,0.0,0.9516445822104207,0.0418978929519653,0.0202753543853759,1,1,sofa
shapenet884,airplane,0.0,0.0,0.7319766606689792,-0.0039000511169433,0.0156089663505554,0,1,sofa
shapenet886,airplane,-2.634162479054285,34.0,0.12761720290801046,0.1070813536643982,0.0817873477935791,1,1,bench
shapenet888,airplane,0.0,0.0,0.5796183735036816,-0.0491714179515838,-0.0360732674598693,0,0,table
shapenet891,airplane,-6.045719070923146,421.3333333333333,0.019937040605556188,0.2669618129730224,-0.0366836190223693,1,0,airplane
shapenet893,airplane,0.0,0.0,0.852374491584034,-0.0307205915451049,-0.0272567272186279,0,0,telephone
shapenet898,airplane,-5.977723855594117,399.6666666666667,0.03567167536193097,0.2359769940376281,0.1099046468734741,1,1,airplane
shapenet899,airplane,0.0,0.0,0.39018394742428786,0.1127171516418457,0.0664105415344238,1,1,display
shapenet901,airplane,-3.2118693691268425,31.666666666666668,0.11554780936118537,0.2469312846660614,0.0574234127998352,1,1,airplane
shapenet902,airplane,0.0,0.0,1.1123260242432,0.0221966505050659,0.023599088191986,0,0,loudspeaker
shapenet903,airplane,0.0,0.0,0.5819359684535989,0.0308048129081726,-0.0036106407642364,1,0,car
shapenet904,airplane,0.0,0.0,1.1295435383980148,0.0990190804004669,0.0646446347236633,1,1,loudspeaker
shapenet906,airplane,0.0,0.0,0.838982657023602,0.0552603006362915,0.0447152256965637,1,1,chair
shapenet913,airplane,0.0,0.0,0.6011948883991124,0.161156952381134,0.0979308187961578,1,1,table
shapenet914,airplane,0.0,0.0,0.40861642315284463,-0.0850520730018615,-0.1175716519355773,0,0,table
shapenet915,airplane,0.0,0.0,1.0576351317358215,-0.0995499789714813,-0.0972876548767089,0,0,table
shapenet916,airplane,0.0,0.0,0.2503688291906056,0.0271578431129455,0.0579913258552551,1,1,watercraft
shapenet918,airplane,0.0,0.0,1.008795223173079,-0.0012954473495483,-0.0076105594635009,0,0,chair
shapenet919,airplane,-5.567377988744629,273.3333333333333,0.02455259320208526,0.1908533573150634,0.0559059381484985,1,1,airplane
shapenet923,airplane,0.0,0.0,0.8124076741123906,-0.0318473875522613,0.0081643760204315,0,0,sofa
shapenet924,airplane,0.0,0.0,1.1824660404053404,-0.0299694240093231,-0.0375480353832244,0,0,cabinet
shapenet925,airplane,0.0,0.0,1.1198626710051423,0.0905208587646484,0.0539358258247375,1,0,loudspeaker
shapenet927,airplane,0.0,0.0,0.9197635419869279,-0.0448203682899475,-0.0487716794013977,0,0,sofa
shapenet930,airplane,0.0,0.0,0.39738917928552,0.0263463258743286,0.0409463346004486,1,1,watercraft
shapenet938,airplane,-4.398533609302287,82.66666666666667,0.08642009808006501,0.3431883901357651,0.162488043308258,1,1,airplane
shapenet939,airplane,0.0,0.0,0.1443297005551636,0.0115549564361572,0.0363364815711975,0,1,bench
shapenet941,airplane,0.0,0.0,0.8218346100276458,0.1727229654788971,0.1882215440273285,1,1,display
shapenet942,airplane,0.0,0.0,0.8816312906783864,0.3046809136867523,0.1604295074939727,1,1,chair
shapenet943,airplane,0.0,0.0,0.2671146590802872,-0.0099980235099792,-0.0192859172821044,0,0,chair
shapenet946,airplane,0.0,0.0,0.38754824807306837,-0.0182913541793823,-0.0553356409072876,0,0,sofa
shapenet949,airplane,0.0,0.0,0.8683220127272785,0.0928182005882263,0.0664764046669006,1,1,sofa
shapenet950,airplane,0.0,0.0,0.995367034151029,0.1047990620136261,0.0736720263957977,1,1,cabinet
shapenet952,airplane,0.0,0.0,0.5874630033791414,0.1603241562843322,0.0768990516662597,1,1,car
shapenet953,airplane,-3.0288631881800026,62.0,0.1231437353004274,-0.0998392701148986,-0.0879788994789123,0,0,table
shapenet954,airplane,-5.598579079577103,285.0,0.04154847364061792,0.3079422190785408,0.0623947978019714,1,1,airplane
shapenet955,airplane,-5.686033834399601,328.0,0.036985681595895596,0.2982451319694519,0.0545761585235595,1,1,airplane
shapenet956,airplane,0.0,0.0,0.9351450815224762,0.1262585520744323,0.0838918983936309,1,1,sofa
shapenet957,airplane,0.0,0.0,0.5214413345798206,0.0616583526134491,0.0844027698040008,1,1,table
shapenet958,airplane,0.0,0.0,0.970609591750184,0.1370594799518585,0.096845805644989,1,1,table
shapenet959,airplane,0.0,0.0,1.0267775866536122,-0.0256040692329406,-0.0256498456001281,0,0,loudspeaker
shapenet960,airplane,0.0,0.0,0.9107351463318816,0.0619134306907653,0.0739115476608276,1,1,cabinet
shapenet966,airplane,0.0,0.0,0.887120942696725,0.0484015941619873,0.0886535942554473,1,1,chair
shapenet967,airplane,0.0,0.0,0.8467499400133267,-0.0426385402679443,-0.0593208074569702,0,0,sofa
shapenet974,airplane,0.0,0.0,0.8776666396780199,-0.1199250817298889,-0.0784850716590881,0,0,telephone
shapenet977,airplane,0.0,0.0,0.8242437803702715,0.0022030472755432,-0.0138222575187683,0,0,sofa
shapenet978,airplane,-5.728209827907328,308.3333333333333,0.023791741095732566,0.0213750600814819,-0.0182495713233947,0,0,airplane
shapenet979,airplane,0.0,0.0,1.0159685240513312,0.0532686710357666,0.0901115536689758,1,1,sofa
shapenet983,airplane,-5.738224267824772,312.6666666666667,0.0282802527654753,0.3618932552635669,0.155186265707016,1,1,airplane
shapenet984,airplane,0.0,0.0,0.8213466275201088,0.1021576523780822,0.0930854678153991,1,1,telephone
shapenet989,airplane,0.0,0.0,0.3738740375373782,-0.0492836833000183,-0.0186414718627929,0,0,chair
shapenet990,airplane,0.0,0.0,0.649686081280438,0.079547107219696,0.1365360915660858,1,1,telephone
shapenet991,airplane,0.0,0.0,1.0282154002856412,-0.0977494120597839,-0.0798879861831665,0,0,cabinet
shapenet994,airplane,0.0,0.0,0.6005448980763809,0.0176746845245361,-0.0511643290519714,1,0,car
shapenet1000,airplane,0.0,0.0,1.1212371807945436,-0.0642429888248443,-0.0587695240974426,0,0,loudspeaker
shapenet1003,airplane,-1.5958305809273485,39.666666666666664,0.2569590186103447,-0.0015628039836883,0.0158789157867431,0,0,bench
shapenet1005,airplane,0.0,0.0,0.5918929020422564,0.0407703518867492,0.0517406463623046,0,0,chair
shapenet1008,airplane,0.0,0.0,0.6254749043643621,0.0521528720855712,0.002147614955902,1,0,watercraft
shapenet1009,airplane,-3.533641838171077,41.333333333333336,0.09554207936554031,0.2884096056222915,0.1990477740764618,1,1,airplane
shapenet1010,airplane,0.0,0.0,1.1918562392876193,0.0974201560020446,0.0325040221214294,1,1,cabinet
shapenet1016,airplane,0.0,0.0,0.4433110043107013,0.1024355590343475,0.1249841451644897,1,1,table
shapenet1019,airplane,0.0,0.0,1.0694585675844543,0.0918988287448883,0.1106314063072204,1,1,chair
shapenet1020,airplane,-3.2410147435846484,52.333333333333336,0.12421653368781028,0.2735131829977035,0.199876457452774,1,1,airplane
shapenet1023,airplane,0.0,0.0,0.22428035152171,0.0031906366348266,0.0011001229286193,0,0,chair
shapenet1024,airplane,0.0,0.0,1.0013770838171412,-0.0350337326526641,-0.0144360661506652,0,0,sofa
shapenet1025,airplane,0.0,0.0,1.1507142843558604,-0.0035294294357299,0.0043132305145263,0,0,loudspeaker
shapenet1026,airplane,-4.528195606443701,211.66666666666666,0.06957091972956163,0.3797613084316253,0.2060964703559875,1,1,airplane
shapenet1028,airplane,0.0,0.0,0.6863762448818318,0.2524946630001068,0.1389904916286468,1,1,car
shapenet1030,airplane,0.0,0.0,0.8822259974189025,-0.0749543905258178,-0.0547468066215515,0,0,display
shapenet1033,airplane,-3.3660772097762135,60.0,0.0948808316686957,0.0372146070003509,0.0186741948127746,0,0,bench
shapenet1034,airplane,0.0,0.0,0.6957811133251449,0.1876895129680633,0.1619873940944671,1,1,sofa
shapenet1035,airplane,0.0,0.0,0.9175654455318635,0.086154043674469,0.054320752620697,1,1,table
shapenet1036,airplane,0.0,0.0,0.8292803770648455,-0.0285573005676269,-0.022130012512207,0,0,display
shapenet1037,airplane,0.0,0.0,1.1693883483596095,-0.0006699562072753,-0.0302963256835937,0,0,cabinet
shapenet1041,airplane,-5.822967573674511,337.0,0.03401587872016656,0.0990761518478393,0.0197744965553283,1,0,airplane
shapenet1042,airplane,0.0,0.0,1.0588818395829689,0.0819880068302154,0.0314137935638427,1,0,display
shapenet1043,airplane,0.0,0.0,1.0714980227852133,0.0508371889591217,0.0636987686157226,1,1,table
shapenet1047,airplane,0.0,0.0,0.6270837020681231,0.1155009865760803,0.0786448121070861,1,1,table
shapenet1048,airplane,0.0,0.0,0.5271757894863637,0.0689089298248291,-0.0012999773025512,1,0,table
shapenet1049,airplane,-3.8637889637589304,71.66666666666667,0.10459192334074352,0.286560446023941,0.2286412119865417,1,1,airplane
shapenet1050,airplane,0.0,0.0,0.6676748761696264,-0.0406739711761474,-0.0128532648086547,0,0,telephone
shapenet1053,airplane,0.0,0.0,0.53417758300795,0.1402052044868469,0.114247977733612,1,1,lamp
shapenet1055,airplane,0.0,0.0,0.21114129584125632,0.0045670270919799,0.0479375123977661,0,1,watercraft
shapenet1056,airplane,0.0,0.0,1.0820259875098621,0.0575374364852905,0.0409151911735534,1,1,sofa
shapenet1057,airplane,-5.817857455903049,340.6666666666667,0.014210549045114844,0.3640269488096237,-0.1035364866256713,1,0,airplane
shapenet1061,airplane,0.0,0.0,0.3689018926348664,0.0013870000839233,-0.0327749252319335,0,0,display
shapenet1062,airplane,-2.634162479054285,34.0,0.12207093135215791,0.0569838881492614,0.0381270051002502,1,1,bench
shapenet1066,airplane,0.0,0.0,0.288095608498159,-0.0264897942543029,-0.0223101377487182,0,0,watercraft
shapenet1067,airplane,0.0,0.0,1.1794067245683346,-0.0369045734405517,-0.0143821835517883,0,0,cabinet
shapenet1070,airplane,0.0,0.0,0.4785440565932941,0.0806876420974731,0.0718433856964111,1,1,chair
shapenet1074,airplane,0.0,0.0,0.17232402225928042,0.1708461046218872,0.1257690191268921,1,1,chair
shapenet1078,airplane,-2.552427597659397,30.0,0.42492589728831276,-0.0112633407115936,-0.0058605968952178,0,0,lamp
shapenet1079,airplane,0.0,0.0,0.8017964092189169,0.1547324657440185,0.1123297214508056,1,1,chair
shapenet1081,airplane,0.0,0.0,1.1207951602366981,0.0034193992614746,0.0035160779953002,0,0,cabinet
shapenet1082,airplane,-3.6340256357104668,154.66666666666666,0.10150058082119669,0.1726772189140319,0.1573998928070068,1,1,lamp
shapenet1084,airplane,-0.3662040962227033,0.6666666666666666,0.3302048366905932,0.0517628788948059,-0.0832794904708862,1,0,watercraft
shapenet1085,airplane,0.0,0.0,0.2983262766287513,0.1637506484985351,0.1772978901863098,1,1,table
shapenet1086,airplane,0.0,0.0,1.2045273629969069,0.1230744123458862,0.07020765542984,1,1,cabinet
shapenet1088,airplane,0.0,0.0,0.2886390248615396,0.0060371160507202,-0.0409923195838928,0,0,watercraft
shapenet1091,airplane,0.0,0.0,0.5871087896588956,0.0116767287254333,-0.0674461722373962,1,0,car
shapenet1092,airplane,-5.81876386952906,340.3333333333333,0.054243269408294326,0.3943905308842659,0.2211909890174865,1,1,airplane
shapenet1093,airplane,0.0,0.0,1.0782721653716025,0.13963183760643,0.0990875959396362,1,1,sofa
shapenet1096,airplane,-3.3834492101558844,106.0,0.10582315945705117,-0.0619952678680419,-0.0917473435401916,0,0,bench
shapenet1097,airplane,0.0,0.0,0.6261054200175854,0.0451691448688507,0.0483612120151519,1,1,sofa
shapenet1099,airplane,0.0,0.0,0.5200267375140798,-0.0788146555423736,-0.0598165392875671,0,0,table
shapenet1100,airplane,-1.4065025683920356,22.333333333333332,0.21075843776829192,0.0604587793350219,0.1022871136665344,1,1,watercraft
shapenet1103,airplane,0.0,0.0,0.6868994087111807,0.0149994492530822,-0.02234548330307,0,0,telephone
shapenet1111,airplane,0.0,0.0,0.7699683559224587,0.2790395021438598,0.2163501679897308,1,1,telephone
shapenet1113,airplane,0.0,0.0,0.3158664908873293,-0.005062997341156,-0.0017551183700561,0,0,chair
shapenet1117,airplane,-5.744912312048502,312.6666666666667,0.03150154420945164,-0.0660821795463562,-0.0072972178459167,0,0,airplane
shapenet1119,airplane,-3.896806239191403,65.66666666666667,0.10197528549514251,0.3230984359979629,0.2517565786838531,1,1,airplane
shapenet1120,airplane,0.0,0.0,0.20847014915095416,-0.0146068632602691,-0.020589679479599,0,0,watercraft
shapenet1121,airplane,0.0,0.0,1.1401609962984145,0.0403550863265991,0.0077781081199646,1,0,loudspeaker
shapenet1123,airplane,0.0,0.0,0.32405646471888483,0.0188692212104797,0.0239312946796417,0,1,watercraft
shapenet1125,airplane,0.0,0.0,0.8814351372926229,-0.0458049774169921,-0.010015845298767,0,0,telephone
shapenet1127,airplane,0.0,0.0,0.3202222974462415,-0.0028404593467712,-0.0125469267368316,0,0,watercraft
shapenet1129,airplane,0.0,0.0,0.5953592963144183,0.1034968644380569,0.0084109306335449,1,0,car
shapenet1131,airplane,0.0,0.0,0.9504981837662685,0.0151539742946624,-0.0145338177680969,0,0,telephone
shapenet1137,airplane,-5.7331455825142585,342.6666666666667,0.013779167471612735,0.4631718751043081,0.2504238486289978,1,1,airplane
shapenet1141,airplane,0.0,0.0,1.0449204279551065,-0.0303249955177307,-0.0316674709320068,0,0,chair
shapenet1142,airplane,0.0,0.0,0.6447695549444884,0.1242097616195678,0.1275566220283508,1,1,chair
shapenet1143,airplane,0.0,0.0,0.584464907691499,0.0674907267093658,-0.0217499732971191,1,0,car
shapenet1144,airplane,0.0,0.0,0.5234229970554533,0.0293827056884765,0.013551115989685,0,0,car
shapenet1145,airplane,0.0,0.0,1.1097628303513032,-0.0724620223045349,-0.0683524310588836,0,0,cabinet
shapenet1146,airplane,0.0,0.0,0.5583074493209303,-0.0027288198471069,0.0159395635128021,0,0,watercraft
shapenet1147,airplane,0.0,0.0,0.31056250256632606,0.2736322283744812,0.2622060179710388,1,1,bench
shapenet1149,airplane,-3.089819325486424,68.0,0.321446502747198,0.023061454296112,0.1033545136451721,0,1,chair
shapenet1155,airplane,0.0,0.0,0.7707478346210083,-0.0135864615440368,0.0346174240112304,0,1,display
shapenet1157,airplane,0.0,0.0,0.7110845484903949,0.2810010910034179,0.3034858703613281,1,1,telephone
shapenet1159,airplane,-5.851094120500914,355.3333333333333,0.016249520297121716,-0.0949587821960449,0.0086296200752258,0,0,airplane
shapenet1160,airplane,0.0,0.0,0.653460129940109,-0.0038458704948425,0.0076016783714294,0,0,car
shapenet1161,airplane,0.0,0.0,0.4496003055881342,-0.0573930442333221,-0.0528261661529541,0,0,watercraft
shapenet1163,airplane,0.0,0.0,0.24984515301952995,0.257556140422821,0.1835153698921203,1,1,bench
shapenet1168,airplane,0.0,0.0,0.6642121589957675,-0.1276749372482299,-0.1193838417530059,0,0,sofa
shapenet1171,airplane,-5.850488577078615,348.6666666666667,0.017356869075698462,0.0627022385597229,-0.0295320749282836,1,0,airplane
shapenet1172,airplane,0.0,0.0,1.221295678276243,0.0790916085243225,0.0583212971687316,1,1,loudspeaker
shapenet1174,airplane,0.0,0.0,0.7636649493074555,-0.12557053565979,-0.0820364952087402,0,0,display
shapenet1178,airplane,0.0,0.0,0.5623032241021398,0.2088033258914947,0.1222806274890899,1,1,car
shapenet1179,airplane,0.0,0.0,0.7563779979797683,0.0212075114250183,0.009549081325531,0,0,cabinet
shapenet1182,airplane,0.0,0.0,0.818680154643522,-0.0253955125808715,-0.0257882475852966,0,0,telephone
shapenet1183,airplane,0.0,0.0,0.43769253861310947,0.0507568717002868,0.0224367082118988,1,1,lamp
shapenet1184,airplane,-5.934791236110669,380.3333333333333,0.014046733818866777,0.0849523544311523,0.0752103924751281,1,1,airplane
shapenet1186,airplane,0.0,0.0,0.9853227090156773,-0.0539924204349517,-0.0476050972938537,0,0,chair
shapenet1187,airplane,0.0,0.0,1.2074531641188444,0.0693740844726562,0.1078817844390869,1,1,cabinet
shapenet1189,airplane,0.0,0.0,0.3986509343514526,-0.070372998714447,-0.0876303315162658,0,0,watercraft
shapenet1190,airplane,0.0,0.0,0.45218885251992597,0.091438740491867,0.0095185935497283,1,0,watercraft
shapenet1191,airplane,0.0,0.0,1.2156775437446952,0.0801013708114624,0.08463054895401,1,1,loudspeaker
shapenet1194,airplane,0.0,0.0,0.6734023973000943,-0.0433533787727355,0.0179488658905029,0,1,car
shapenet1196,airplane,-5.9497387640063435,428.3333333333333,0.031869047525258855,0.3051982074975967,0.1713203489780426,1,1,airplane
shapenet1197,airplane,0.0,0.0,0.38784563507159237,0.0225486755371093,-0.0333210825920105,0,0,watercraft
shapenet1199,airplane,0.0,0.0,0.37607893225808214,0.2418230772018432,0.0202354788780212,1,0,watercraft
shapenet1200,airplane,0.0,0.0,0.7972616805704599,0.0735257565975189,0.0612848997116088,1,1,table
shapenet1201,airplane,0.0,0.0,0.9771058959092936,0.1181241571903228,0.1125380992889404,1,1,table
shapenet1202,airplane,-5.432415144329525,271.3333333333333,0.02597813402744929,0.4661715812981128,0.1927480995655059,1,1,airplane
shapenet1208,airplane,0.0,0.0,0.4947637834023175,0.0652711987495422,-0.0666841268539428,1,0,watercraft
shapenet1210,airplane,0.0,0.0,0.6618946386354608,-0.0614554286003112,-0.0666577219963073,0,0,sofa
shapenet1211,airplane,-2.7183582959371466,38.666666666666664,0.13014018019629128,0.0325737595558166,0.0171892046928405,1,1,lamp
shapenet1212,airplane,0.0,0.0,0.6674056074272526,-0.0603517293930053,-0.0306013226509094,0,0,car
shapenet1215,airplane,-2.1972245773362196,17.333333333333332,0.15613227916579078,0.1131787300109863,0.1521626114845276,1,1,airplane
shapenet1216,airplane,0.0,0.0,0.38092521689223857,0.0219955444335937,0.0116339325904846,0,0,watercraft
shapenet1218,airplane,0.0,0.0,0.7524089937306111,0.1108869910240173,0.1167070865631103,1,1,telephone
shapenet1220,airplane,0.0,0.0,0.5976412960104835,0.2579533159732818,0.1703915894031524,1,1,car
shapenet1222,airplane,0.0,0.0,0.5688601612414185,0.0311791896820068,0.0465555787086486,0,1,sofa
shapenet1224,airplane,-5.732439049171499,310.3333333333333,0.03557787633839967,0.4794305264949798,0.2359625697135925,1,1,airplane
shapenet1226,airplane,0.0,0.0,1.232729814814018,-0.0142403244972229,-0.0412117838859558,0,0,loudspeaker
shapenet1227,airplane,0.0,0.0,0.7151967381201318,0.0422032177448272,0.0872152000665664,1,1,table
shapenet1228,airplane,-5.675945660751438,309.6666666666667,0.03944832290981682,0.0731370747089386,-0.0418864488601684,0,0,airplane
shapenet1232,airplane,0.0,0.0,0.402050947953637,-0.0457191467285156,-0.0523683726787567,0,0,watercraft
shapenet1234,airplane,0.0,0.0,0.9942251873769076,0.0848773121833801,0.0737970471382141,1,1,chair
shapenet1241,airplane,-5.2957901017807885,199.33333333333334,0.030356706192034,0.2388905584812164,0.1911015212535858,1,1,lamp
shapenet1242,airplane,0.0,0.0,0.9832990509636451,0.1101264059543609,0.065611720085144,1,1,cabinet
shapenet1245,airplane,-6.2240667644722345,508.0,0.02214574349273146,-0.0227696299552917,-0.0709108710289001,0,0,airplane
shapenet1250,airplane,0.0,0.0,1.053392099406796,0.1793494820594787,0.1765789985656738,1,1,chair
shapenet1252,airplane,0.0,0.0,0.38768902139999906,-0.1174855232238769,-0.0800297260284423,0,0,watercraft
shapenet1253,airplane,0.0,0.0,0.500675385267496,0.0865224301815033,0.1112739741802215,1,1,watercraft
shapenet1255,airplane,0.0,0.0,0.5481898805163589,-0.1055564582347869,-0.0990599989891052,0,0,chair
shapenet1256,airplane,-3.7898081804360717,155.66666666666666,0.09200497864264325,0.4682382717728615,0.0411356687545776,1,1,airplane
shapenet1258,airplane,0.0,0.0,0.6592675144511653,0.1891892850399017,0.0757443904876709,1,1,car
shapenet1259,airplane,0.0,0.0,1.212959494916355,0.0326258838176727,0.0579676926136016,0,1,cabinet
shapenet1260,airplane,0.0,0.0,0.5684089350602551,-0.1011485159397125,-0.0567564666271209,0,0,car
shapenet1262,airplane,0.0,0.0,1.2301252270464007,-0.0930852890014648,-0.0870117545127868,0,0,loudspeaker
shapenet1263,airplane,0.0,0.0,0.511958931045297,0.3363863974809646,0.2409015595912933,1,1,chair
shapenet1264,airplane,0.0,0.0,0.6803614207650192,-0.0661372542381286,-0.0506225824356079,0,0,car
shapenet1267,airplane,0.0,0.0,0.7942121005621269,-0.1350009441375732,-0.0879358649253845,0,0,display
shapenet1269,airplane,0.0,0.0,0.8000762003932564,-0.0608577728271484,-0.1128704249858856,0,0,table
shapenet1271,airplane,0.0,0.0,0.3615640691627582,0.1527841687202453,0.2400241494178772,1,1,watercraft
shapenet1273,airplane,0.0,0.0,0.7014324384872461,-0.0449380278587341,-0.0987838506698608,0,0,car
shapenet1274,airplane,0.0,0.0,0.6855504659210077,0.051077663898468,0.0599015057086944,1,1,table
shapenet1275,airplane,-5.842568819558061,365.6666666666667,0.026426973842327287,0.0451921224594116,-0.02314954996109,1,0,airplane
shapenet1276,airplane,0.0,0.0,0.8863868993015784,0.0397534072399139,0.0222522020339965,1,0,loudspeaker
shapenet1278,airplane,0.0,0.0,0.29879895283510044,0.1323639154434204,0.0547105073928833,1,1,bench
shapenet1279,airplane,0.0,0.0,0.8898022888799216,0.1329941749572754,0.1248415112495422,1,1,sofa
shapenet1283,airplane,0.0,0.0,0.7401089339421837,0.0009479522705078,0.0321806073188781,0,1,telephone
shapenet1285,airplane,0.0,0.0,1.1885659712950325,0.1790216565132141,0.1744775772094726,1,1,cabinet
shapenet1286,airplane,0.0,0.0,0.7691429080512021,0.0680931806564331,0.0578203797340393,1,1,table
shapenet1287,airplane,0.0,0.0,0.4208149071893315,0.0219253450632095,0.023853451013565,0,0,lamp
shapenet1288,airplane,0.0,0.0,0.6767042819026295,0.0296627283096313,0.0026432871818542,1,0,car
shapenet1290,airplane,0.0,0.0,0.6232759601983114,0.038023442029953,-0.0206902623176574,1,0,car
shapenet1292,airplane,0.0,0.0,1.1727405266765023,-0.0081686973571777,-0.0366249680519104,0,0,cabinet
shapenet1294,airplane,0.0,0.0,0.9392025597617556,-0.0235781371593475,0.0520908832550048,0,1,telephone
shapenet1295,airplane,0.0,0.0,1.1238668876975504,-0.0267381072044372,-0.013943612575531,0,0,cabinet
shapenet1296,airplane,0.0,0.0,0.8277825775659896,0.1466261446475982,0.1303048133850097,1,1,chair
shapenet1297,airplane,0.0,0.0,0.5381767365904461,-0.0699198246002197,-0.087397426366806,0,0,lamp
shapenet1298,airplane,0.0,0.0,0.5687399068462813,-0.0299960374832153,-0.0304311513900756,0,0,table
shapenet1299,airplane,0.0,0.0,0.6749146524604656,0.0146031975746154,-0.0108265876770019,1,0,telephone
shapenet1300,airplane,0.0,0.0,0.3910592353182447,-0.0003942549228668,-0.0670742690563201,0,0,watercraft
shapenet1303,airplane,0.0,0.0,0.9569724759444279,0.0339334905147552,0.0482087135314941,0,1,table
shapenet1304,airplane,-5.84326068764381,367.3333333333333,0.03301588567257679,0.2903710454702377,0.1141688823699951,1,1,airplane
shapenet1306,airplane,0.0,0.0,0.88100882248919,-0.0440706610679626,-0.0301522016525268,0,0,sofa
shapenet1308,airplane,0.0,0.0,0.29295050381732496,-0.0531592965126037,-0.0412774085998535,0,0,display
shapenet1310,airplane,0.0,0.0,1.1247768689826545,0.0171535909175872,0.0020322203636169,0,0,loudspeaker
shapenet1312,airplane,0.0,0.0,0.8971436380548309,0.3345425426959991,0.2861450910568237,1,1,chair
shapenet1314,airplane,0.0,0.0,1.1657960464252526,0.0255531072616577,-0.0241385698318481,1,0,cabinet
shapenet1315,airplane,-2.8603062940989274,48.0,0.14072899912888645,-0.0901470184326171,-0.0929202437400817,0,0,bench
shapenet1316,airplane,0.0,0.0,0.4436667986873948,0.0127282440662384,0.0384072959423065,1,0,watercraft
shapenet1317,airplane,0.0,0.0,0.6596598770211101,0.0616582036018371,0.0221961736679077,1,1,telephone
shapenet1318,airplane,0.0,0.0,1.0456291081510125,0.0942721366882324,0.0416124463081359,1,1,sofa
shapenet1320,airplane,0.0,0.0,0.551912771698193,-0.0069314539432525,-0.0521267652511596,0,0,car
shapenet1321,airplane,0.0,0.0,0.5006175333386277,0.2405834197998047,0.1811056733131408,1,1,chair
shapenet1322,airplane,0.0,0.0,0.8233078673520917,-0.0782121419906616,0.0022336840629577,0,0,display
shapenet1324,airplane,0.0,0.0,1.174041439566454,-0.0350220799446105,-0.0625313520431518,0,0,cabinet
shapenet1325,airplane,-4.239099729639051,135.33333333333334,0.0797137390242657,0.4039106471464038,0.2240466475486755,1,1,airplane
shapenet1328,airplane,0.0,0.0,1.146407186761875,-0.0458180904388427,-0.0170623064041137,0,0,cabinet
shapenet1330,airplane,0.0,0.0,0.6652809600210766,0.0334821939468383,0.0023592710494995,1,0,car
shapenet1333,airplane,0.0,0.0,0.9372200780605381,0.1807057857513427,0.1400061249732971,1,1,sofa
shapenet1337,airplane,0.0,0.0,0.3744641006038687,0.1421687453985214,-0.0612450242042541,1,0,watercraft
shapenet1339,airplane,0.0,0.0,0.4252244468323818,-0.0225386619567871,0.0218293070793151,0,0,watercraft
shapenet1341,airplane,0.0,0.0,0.6937961943792246,-0.1200682520866394,-0.0259963870048522,0,0,car
shapenet1347,airplane,-3.1515918791415607,74.66666666666667,0.15726233904723486,0.1220408976078033,0.0497165322303772,1,1,watercraft
shapenet1349,airplane,0.0,0.0,1.015815931129475,-0.0113618373870849,0.0098820328712463,0,1,sofa
shapenet1351,airplane,-6.227316833991279,507.0,0.027014039332647104,0.0965007543563842,-0.1281042695045471,1,0,airplane
shapenet1353,airplane,-5.785433656395299,329.3333333333333,0.02995581893225847,0.3039276301860809,0.011461853981018,1,0,airplane
shapenet1354,airplane,0.0,0.0,0.9502407592239305,0.1513757109642028,0.13924640417099,1,1,sofa
shapenet1357,airplane,0.0,0.0,0.9270894984457035,0.1840957105159759,0.1531468033790588,1,1,chair
shapenet1358,airplane,0.0,0.0,0.9991540661023514,0.0332419872283935,0.0548915863037109,0,1,telephone
shapenet1359,airplane,0.0,0.0,0.8230403321985622,0.0045933425426483,-0.0677734315395355,0,0,car
shapenet1360,airplane,0.0,0.0,0.7694332446131367,0.1285058856010437,0.0815763473510742,1,1,display
shapenet1361,airplane,0.0,0.0,0.8858099660377236,0.1390852332115173,0.1332599520683288,1,1,chair
shapenet1362,airplane,-5.411624193553268,248.66666666666666,0.0269588169739783,0.4773151576519012,0.2001701593399047,1,1,airplane
shapenet1364,airplane,0.0,0.0,0.8858031453268347,0.0471765398979187,-0.0023027658462524,1,0,sofa
shapenet1369,airplane,0.0,0.0,0.6586757133631379,0.0508943796157836,0.0285881161689758,1,0,car
shapenet1372,airplane,0.0,0.0,1.1943920042947322,-0.1164926290512085,-0.0846184492111206,0,0,cabinet
shapenet1375,airplane,-5.555681102542114,273.0,0.04021533925562234,0.3336187154054642,0.2516615986824035,1,1,airplane
shapenet1377,airplane,0.0,0.0,0.43321667984398743,0.0259139835834503,-0.019837737083435,1,0,watercraft
shapenet1378,airplane,-1.7644349415748308,66.0,0.35799838758751035,0.1788777709007263,0.123207002878189,1,1,watercraft
shapenet1380,airplane,0.0,0.0,0.7084042364392614,-0.0079678893089294,-0.034300684928894,0,0,loudspeaker
shapenet1381,airplane,0.0,0.0,0.6269450547680563,0.0917801856994628,0.0163037180900573,1,0,car
shapenet1383,airplane,0.0,0.0,1.1944309853276456,-0.0910697877407074,-0.0893880128860473,0,0,loudspeaker
shapenet1386,airplane,0.0,0.0,0.7622157609661642,-0.0411952435970306,-0.0486639142036438,0,0,display
shapenet1390,airplane,0.0,0.0,0.5550707716248776,-0.0516613721847534,-0.0018378496170043,0,0,telephone
shapenet1391,airplane,0.0,0.0,1.0784766168832183,0.1208739578723907,0.0870592892169952,1,1,loudspeaker
shapenet1392,airplane,0.0,0.0,0.4166889260963549,0.1405575275421142,0.0623784959316253,1,1,telephone
shapenet1393,airplane,-1.2613965446394204,14.333333333333334,0.307787215865048,0.0715832114219665,0.0460767447948455,1,1,watercraft
shapenet1394,airplane,0.0,0.0,0.7897337978041096,-0.05497407913208,-0.0540354251861572,0,0,cabinet
shapenet1396,airplane,-5.846815240629446,349.0,0.02476426539590965,-0.0300226211547851,0.0044541358947753,0,0,airplane
shapenet1397,airplane,0.0,0.0,0.4123366935106157,0.068702757358551,0.0369684100151062,0,0,chair
shapenet1401,airplane,-3.7137703024124007,45.666666666666664,0.09930597088307375,0.0307143926620483,0.0131690502166748,1,1,airplane
shapenet1402,airplane,0.0,0.0,0.7932658228196557,0.1775439381599426,0.1425019204616546,1,1,chair
shapenet1404,airplane,0.0,0.0,0.5988717116300691,-0.0924197733402252,0.0062756240367889,0,0,car
shapenet1406,airplane,-5.947002626983891,385.0,0.010355342975312917,0.5092251747846603,0.3007927983999252,1,1,airplane
shapenet1411,airplane,0.0,0.0,0.7160004382786295,-0.0809809267520904,-0.0718332529067993,0,0,sofa
shapenet1413,airplane,-4.156145636665888,67.0,0.09042366513201927,0.1246094107627868,0.1350704431533813,1,1,bench
shapenet1418,airplane,0.0,0.0,0.623326712635557,-0.0189638137817382,-0.0357309579849243,0,0,car
shapenet1419,airplane,0.0,0.0,0.9774925636609654,-0.1103440821170806,-0.0601184368133544,0,0,table
shapenet1421,airplane,0.0,0.0,0.3766564697399759,-0.079007089138031,-0.0841362178325653,0,0,watercraft
shapenet1422,airplane,-6.090478037090551,442.6666666666667,0.01519976220224434,0.3887909501791,0.0270657539367675,1,0,airplane
shapenet1423,airplane,0.0,0.0,0.9468345234593292,0.0351313352584838,0.011841595172882,1,0,telephone
shapenet1427,airplane,0.0,0.0,0.9125847152247983,0.0338931083679199,0.0036223232746124,0,0,display
shapenet1428,airplane,0.0,0.0,0.5692904908749848,-0.0569205284118652,0.0156983733177185,0,1,car
shapenet1429,airplane,0.0,0.0,0.759325370867794,0.0219935178756713,0.0356457233428955,0,1,sofa
shapenet1433,airplane,0.0,0.0,0.6841895407743507,-0.012258768081665,0.0484888553619384,0,1,car
shapenet1435,airplane,0.0,0.0,0.7047433773703206,0.2850150018930435,0.2590386867523193,1,1,bench
shapenet1436,airplane,-5.409720950821991,227.66666666666666,0.040766687056619344,0.0296131372451782,-0.0135230422019958,0,0,airplane
shapenet1439,airplane,0.0,0.0,0.8836316001584884,-0.044058620929718,-0.0303328335285186,0,0,lamp
shapenet1441,airplane,-5.984932652121241,406.0,0.017550003356791216,0.4286966174840927,0.2989781647920608,1,1,airplane
shapenet1445,airplane,-6.048056899341275,430.3333333333333,0.02758911453293746,0.1774330139160156,0.1273740828037262,1,1,airplane
shapenet1448,airplane,0.0,0.0,0.9367072230965489,0.0067142844200134,0.0211828351020813,0,0,cabinet
shapenet1449,airplane,0.0,0.0,0.8563659101183866,-0.0462820529937744,-0.092201292514801,0,0,cabinet
shapenet1451,airplane,0.0,0.0,0.9855430986746039,0.1379370391368866,0.0839506983757019,1,1,display
shapenet1455,airplane,-4.744803668776229,276.0,0.05200669976277784,0.4825368896126747,0.2689354419708252,1,1,airplane
shapenet1460,airplane,0.0,0.0,0.8826591957957558,0.1584399342536926,0.1210862696170806,1,1,telephone
shapenet1466,airplane,-4.949194107608046,215.33333333333334,0.05660499127479427,0.1468176990747451,0.0665410161018371,1,1,airplane
shapenet1468,airplane,0.0,0.0,0.6308098345833296,-0.0441073775291442,-0.0724620223045349,0,0,car
shapenet1470,airplane,0.0,0.0,0.4037729981651559,0.0627638697624206,0.066514253616333,1,1,chair
shapenet1472,airplane,-4.87522949709559,132.66666666666666,0.07301577441602679,0.4631306864321232,0.1541776061058044,1,1,airplane
shapenet1473,airplane,-1.9971548490359938,12.666666666666666,0.12566410760340238,0.0045550763607025,-0.0264171659946441,0,0,watercraft
shapenet1474,airplane,0.0,0.0,0.572600969730226,-0.0010679960250854,-0.0212944746017456,0,0,car
shapenet1475,airplane,0.0,0.0,1.1776387607993843,0.0498414039611816,0.0465022921562194,1,1,cabinet
shapenet1477,airplane,0.0,0.0,0.5367391100479418,0.215031623840332,0.1609391570091247,1,1,lamp
shapenet1478,airplane,-5.232437675463416,219.33333333333334,0.03503077235322349,0.4096426721662283,0.2385966181755066,1,1,airplane
shapenet1479,airplane,0.0,0.0,0.675672131063824,-0.0085633397102355,0.0612667202949523,0,1,car
shapenet1480,airplane,0.0,0.0,1.0857686589234339,-0.0471664071083068,-0.0533498525619506,0,0,cabinet
shapenet1484,airplane,-3.096260599427582,68.66666666666667,0.2533004669299425,-0.0363304018974304,-0.0063869357109069,0,0,telephone
shapenet1486,airplane,0.0,0.0,0.7892846257385138,0.1321377754211425,0.1304951906204223,1,1,table
shapenet1487,airplane,0.0,0.0,0.9354718726239684,0.0020239055156707,-0.0183818340301513,0,0,telephone
shapenet1489,airplane,0.0,0.0,1.0979552436881939,-0.0250023901462554,-0.0345554053783416,0,0,loudspeaker
shapenet1491,airplane,0.0,0.0,0.6494873923115333,0.2592688798904419,0.234607994556427,1,1,chair
shapenet1494,airplane,-2.99987311355351,59.333333333333336,0.32977785475076,-0.071854829788208,-0.089490532875061,0,0,bench
shapenet1495,airplane,0.0,0.0,0.9215497457032485,0.1720964014530182,0.1683225631713867,1,1,cabinet
shapenet2,bench,0.0,0.0,0.5467568797737722,0.169224351644516,0.0241907835006713,1,1,loudspeaker
shapenet3,bench,-4.262393835967088,398.0,0.2791438978531325,0.1435774564743042,0.1602188944816589,1,1,bench
shapenet4,bench,0.0,0.0,0.19953997102372978,0.0929270982742309,0.2167392373085022,1,1,airplane
shapenet5,bench,0.0,0.0,0.7085903333965454,0.0281201601028442,0.0364487171173095,0,0,sofa
shapenet6,bench,-5.61389840499323,279.0,0.0575716380108103,0.2004714608192443,0.0723785758018493,1,1,bench
shapenet10,bench,0.0,0.0,0.8592622384814604,-0.0958485603332519,-0.1119518280029296,0,0,display
shapenet11,bench,-4.075788119888155,300.6666666666667,0.13642722408122868,0.0592786073684692,0.0410408675670623,1,1,watercraft
shapenet13,bench,0.0,0.0,0.31354711301711724,0.1011670231819152,0.0926105976104736,1,1,airplane
shapenet15,bench,0.0,0.0,0.8451590781355005,0.205509215593338,0.089080661535263,1,1,cabinet
shapenet18,bench,0.0,0.0,0.856786176260048,0.3367277383804321,0.1286601424217224,1,1,table
shapenet19,bench,0.0,0.0,0.761853518126939,0.1883066892623901,0.0506073832511901,1,0,chair
shapenet20,bench,-6.5748138136247505,718.6666666666666,0.024825617279583028,0.0794439911842346,0.0637953877449035,1,1,bench
shapenet22,bench,0.0,0.0,0.6551071083556808,0.2546108365058899,0.1911988854408264,1,1,chair
shapenet23,bench,0.0,0.0,0.9238998593561579,-0.0760151743888855,-0.0585803687572479,0,0,loudspeaker
shapenet24,bench,0.0,0.0,0.5677426648609721,0.0717071890830993,0.0579293370246887,1,1,cabinet
shapenet25,bench,0.0,0.0,0.7139370552448624,0.2927753180265426,0.2099210619926452,1,1,chair
shapenet26,bench,0.0,0.0,0.5506590830380029,-0.0593042969703674,-0.0800977349281311,0,0,watercraft
shapenet28,bench,0.0,0.0,0.2497468224950421,0.0960392951965332,-0.0009410977363586,1,0,airplane
shapenet35,bench,0.0,0.0,0.7111572410783179,0.051149308681488,0.0031989216804504,1,0,telephone
shapenet37,bench,0.0,0.0,0.6948057640335797,-0.0020337700843811,-0.0654328465461731,0,0,display
shapenet41,bench,0.0,0.0,0.8424597093131604,0.0804033875465393,-0.03516685962677,1,0,cabinet
shapenet42,bench,-0.46209812037329684,0.6666666666666666,0.681413440551277,0.0365768074989318,0.0765052437782287,1,1,loudspeaker
shapenet46,bench,-1.0729586082894003,2.6666666666666665,0.4354944337113254,0.1352078914642334,0.0792386829853057,1,1,table
shapenet49,bench,0.0,0.0,0.3084232745165333,0.007007896900177,0.0554926395416259,0,1,airplane
shapenet50,bench,0.0,0.0,0.8271196774033628,0.0633167028427124,-0.00068199634552,1,0,display
shapenet53,bench,0.0,0.0,0.9162244509234903,-0.0305644273757934,-0.0308929681777954,0,0,car
shapenet55,bench,0.0,0.0,0.8434721369964455,0.148905336856842,0.0740576386451721,1,1,telephone
shapenet57,bench,0.0,0.0,0.9184917781897393,0.2340002655982971,0.3005216121673584,1,1,loudspeaker
shapenet62,bench,0.0,0.0,0.9854658761043575,-0.0939460098743438,-0.1298196613788604,0,0,loudspeaker
shapenet71,bench,0.0,0.0,0.2313839531855708,-0.0359731912612915,0.1618518531322479,0,1,airplane
shapenet72,bench,0.0,0.0,0.24301598148451267,0.1394229531288147,0.1164968013763427,1,1,airplane
shapenet73,bench,0.0,0.0,0.21609432285965277,0.014723002910614,-0.0672264099121093,0,0,watercraft
shapenet74,bench,0.0,0.0,0.4572246328646718,0.1531411707401275,-0.0312279760837554,1,0,chair
shapenet75,bench,0.0,0.0,0.2708209020408376,0.0033221840858459,-0.0595597624778747,0,0,airplane
shapenet80,bench,0.0,0.0,0.7302086107591482,0.0224853754043579,0.0355584025382995,0,0,telephone
shapenet82,bench,-6.028283183939408,555.3333333333334,0.026899059676430845,0.2287483885884285,-0.0057975053787231,1,0,bench
shapenet83,bench,0.0,0.0,0.6378157059210914,-0.0010137557983398,-0.0697695016860961,0,0,cabinet
shapenet86,bench,-5.638974277045219,492.6666666666667,0.05525353884376919,0.3408712446689605,-0.010015457868576,1,0,bench
shapenet87,bench,0.0,0.0,0.2336101063594452,0.0509094297885894,0.0677871406078338,1,1,airplane
shapenet90,bench,-6.03825071042423,431.3333333333333,0.028432562751881624,0.3082770481705665,0.1438702940940857,1,1,bench
shapenet91,bench,0.0,0.0,0.9526061940186011,-0.0835835933685302,-0.1352855563163757,0,0,loudspeaker
shapenet97,bench,0.0,0.0,0.9480894983940032,-0.0185808539390563,-0.0528821349143981,0,0,car
shapenet101,bench,-4.4217144565258915,357.6666666666667,0.1018262016729597,0.3189209550619125,0.1374700367450714,1,1,bench
shapenet102,bench,-2.529609959435938,165.0,0.25122398295390763,0.1073110252618789,0.1193779408931732,1,1,bench
shapenet103,bench,0.0,0.0,0.3557948652864897,0.0571386516094207,0.027547538280487,1,1,airplane
shapenet104,bench,0.0,0.0,0.23173520021790064,0.0774706602096557,0.0419152379035949,1,1,airplane
shapenet107,bench,0.0,0.0,0.9293264103312958,-0.0226192772388458,-0.0259132087230682,0,0,car
shapenet110,bench,0.0,0.0,0.26348784875931774,-0.0234490036964416,0.0757603645324707,0,1,watercraft
shapenet112,bench,0.0,0.0,0.8228950403848359,0.0689090490341186,0.0573135018348693,1,1,cabinet
shapenet115,bench,0.0,0.0,0.8083908394494603,0.0735610723495483,0.0159212350845336,1,0,display
shapenet116,bench,0.0,0.0,0.786107882214624,0.0591223537921905,0.0146422386169433,0,0,car
shapenet118,bench,0.0,0.0,0.6504201843435858,0.1566796600818634,0.0405457317829132,1,0,chair
shapenet119,bench,0.0,0.0,0.8599671596325851,-0.002469003200531,-0.06917405128479,0,0,chair
shapenet120,bench,-5.768996214771081,516.0,0.048499651496206976,0.1192652881145477,0.0732601284980773,1,1,bench
shapenet123,bench,0.0,0.0,0.46185068699100623,0.1357451677322387,0.0454006791114807,1,1,telephone
shapenet124,bench,0.0,0.0,0.9609579118635422,-0.0691710710525512,-0.0428165197372436,0,0,car
shapenet125,bench,0.0,0.0,0.6881583150569183,0.0682152509689331,0.0512470602989196,1,0,sofa
shapenet126,bench,-4.909795726071477,295.3333333333333,0.07858874515910315,0.0932899117469787,-0.0086700320243835,1,0,chair
shapenet128,bench,0.0,0.0,0.29287456503939263,0.1330494582653045,0.0334146916866302,1,1,lamp
shapenet129,bench,-6.029089550769247,436.6666666666667,0.05240212692900604,0.0283263325691223,-0.0149354636669158,1,0,watercraft
shapenet133,bench,0.0,0.0,0.20745774632326497,0.0777572393417358,-0.0082961320877075,1,0,lamp
shapenet134,bench,0.0,0.0,0.8138931171951748,0.1308365166187286,0.0987787246704101,1,1,loudspeaker
shapenet136,bench,0.0,0.0,0.6302947045886691,0.112594187259674,-0.004727303981781,1,0,watercraft
shapenet142,bench,-6.056552111204063,457.6666666666667,0.03906786166294712,0.4009118229150772,0.2693129777908325,1,1,bench
shapenet144,bench,0.0,0.0,0.6259104635460339,0.1859011054039001,0.0823929905891418,1,1,cabinet
shapenet148,bench,0.0,0.0,0.5994424944081687,0.1034685969352722,0.0157907009124755,1,0,watercraft
shapenet151,bench,0.0,0.0,0.5496596999566404,0.0502043068408966,0.0378164649009704,1,1,loudspeaker
shapenet152,bench,0.0,0.0,0.7206905274445582,0.1788808107376098,0.0681538879871368,1,1,watercraft
shapenet153,bench,0.0,0.0,0.8537147793119972,0.0014150738716125,-0.0997340083122253,0,0,cabinet
shapenet154,bench,0.0,0.0,0.8689735502417241,0.1008864045143127,0.0678203701972961,1,1,car
shapenet156,bench,0.0,0.0,0.3210635168715674,0.0952841639518737,0.1605275571346283,1,1,airplane
shapenet157,bench,0.0,0.0,0.8502181838491539,0.1315746307373047,0.1102774143218994,1,1,loudspeaker
shapenet160,bench,0.0,0.0,0.7487500206020284,0.1361272037029266,-0.0514995455741882,1,0,table
shapenet161,bench,0.0,0.0,0.7526269010141178,-0.0129019021987915,-0.0349398851394653,0,0,telephone
shapenet162,bench,-0.23104906018664842,0.3333333333333333,0.5904252108957777,-0.1463464498519897,-0.1361637115478515,0,0,loudspeaker
shapenet163,bench,0.0,0.0,0.2112774742246685,0.0020461082458496,0.1576379537582397,0,1,airplane
shapenet164,bench,0.0,0.0,0.25188651163546055,-0.0681512653827667,0.0535483360290527,0,1,airplane
shapenet165,bench,0.0,0.0,0.9735493354476682,-0.1231403648853302,-0.0400231480598449,0,0,car
shapenet167,bench,-5.53069942452028,294.6666666666667,0.03847004370054586,0.1289441585540771,0.0117198228836059,1,0,bench
shapenet169,bench,0.0,0.0,0.5874320412252371,0.2933595478534698,0.2161377370357513,1,1,telephone
shapenet171,bench,0.0,0.0,0.8555188451602557,0.1170167028903961,0.0421214997768402,1,0,car
shapenet172,bench,0.0,0.0,0.28922677132227825,0.0146841406822204,-0.0906313061714172,0,0,airplane
shapenet176,bench,0.0,0.0,0.37109560646568385,0.2911903038620949,0.0840274095535278,1,1,table
shapenet178,bench,0.0,0.0,0.6132909168637394,0.0120479464530944,0.0885592997074127,0,1,watercraft
shapenet179,bench,0.0,0.0,0.6883759622873867,-0.0577406287193298,-0.0824221968650817,0,0,cabinet
shapenet184,bench,0.0,0.0,0.4275862278123466,0.0732356607913971,0.0380235612392425,1,1,chair
shapenet185,bench,0.0,0.0,0.436860729338661,0.1447287201881408,0.0763335227966308,1,1,sofa
shapenet186,bench,0.0,0.0,0.8848792159680069,0.4366477467119694,0.2805329263210296,1,1,chair
shapenet191,bench,0.0,0.0,0.4124215342229574,0.0679157972335815,-0.0038683712482452,1,0,watercraft
shapenet192,bench,-0.5364793041447001,1.3333333333333333,0.550905214498286,0.1120874285697937,0.0491095781326293,1,1,table
shapenet193,bench,0.0,0.0,0.7403712712276324,0.1262510418891906,0.1030685901641845,1,1,telephone
shapenet194,bench,0.0,0.0,0.9112271503012739,0.1624624133110046,0.1713669300079345,1,1,cabinet
shapenet196,bench,0.0,0.0,0.8441439912427883,-0.0186594128608703,0.0309870839118957,0,1,car
shapenet197,bench,-3.457830393927287,54.0,0.1282053507693441,0.1418559849262237,-0.1303233504295349,1,0,bench
shapenet199,bench,0.0,0.0,0.2303055906234209,0.1255517601966858,0.1953926086425781,1,1,airplane
shapenet200,bench,0.0,0.0,0.5124478126855511,0.0796855241060257,0.0549777746200561,1,1,lamp
shapenet203,bench,0.0,0.0,0.4609572289481531,0.0091151595115661,-0.0391791462898254,0,0,watercraft
shapenet204,bench,0.0,0.0,0.6202194978962128,0.2336585819721222,0.0291329026222229,1,0,chair
shapenet210,bench,0.0,0.0,0.7784506568144286,0.0979754328727722,0.0641681551933288,1,1,display
shapenet211,bench,0.0,0.0,0.9629985952063921,-0.041491687297821,-0.0561562776565551,0,0,car
shapenet213,bench,0.0,0.0,0.5772307624974612,0.075321614742279,0.0155926942825317,1,0,telephone
shapenet214,bench,0.0,0.0,0.7052690847506758,0.1556351482868194,0.1882888078689575,1,1,car
shapenet215,bench,0.0,0.0,0.6475004732604203,0.1375764906406402,0.1219865679740905,1,1,table
shapenet216,bench,-0.46209812037329684,0.6666666666666666,0.16151018141139004,0.1635172963142395,0.1671299040317535,1,1,airplane
shapenet220,bench,0.0,0.0,0.6369775616280275,0.1095130443572998,0.0872367024421691,1,1,watercraft
shapenet226,bench,0.0,0.0,0.4861309574471413,-0.0030369162559509,-0.0244661569595336,0,0,sofa
shapenet227,bench,-6.311572813827201,550.6666666666666,0.03233117770945517,0.2022032439708709,0.0559582710266113,1,1,lamp
shapenet228,bench,0.0,0.0,0.554445756483561,0.1384181380271911,0.1204927265644073,1,1,telephone
shapenet230,bench,0.0,0.0,0.42232477604591984,0.1535099148750305,0.0564455986022949,1,1,lamp
shapenet231,bench,0.0,0.0,0.4671619689668074,0.1834571957588195,0.1392593383789062,1,1,cabinet
shapenet232,bench,0.0,0.0,0.6903701933698355,0.3257201164960861,0.1533192992210388,1,1,chair
shapenet233,bench,0.0,0.0,0.6143863870711188,-0.0059155523777008,-0.0712139904499054,0,0,table
shapenet236,bench,0.0,0.0,0.9353902075294428,-0.0401975512504577,-0.0117807388305664,0,0,cabinet
shapenet237,bench,0.0,0.0,0.39542496172225133,0.0559595823287963,0.0825773775577545,1,1,watercraft
shapenet239,bench,0.0,0.0,0.2949491942627267,-0.0309810638427734,-0.0520530045032501,0,0,watercraft
shapenet240,bench,0.0,0.0,0.6079394798057879,0.239536166191101,0.1644455790519714,1,1,telephone
shapenet241,bench,0.0,0.0,0.5586032383538174,0.1939104497432708,0.0736196935176849,1,1,table
shapenet242,bench,0.0,0.0,0.7459264776021614,-0.0261389017105102,0.0006163716316223,0,0,sofa
shapenet243,bench,-2.0794415416798357,170.33333333333334,0.5036484121321859,0.257666066288948,0.1334666609764099,1,1,bench
shapenet244,bench,0.0,0.0,0.3437944918587394,0.0059399008750915,0.0553928613662719,0,0,airplane
shapenet248,bench,-1.9100332609911914,102.33333333333333,0.17102362474756205,0.194573700428009,0.0842035412788391,1,1,lamp
shapenet249,bench,0.0,0.0,0.9483947214833148,0.1491593718528747,0.129124641418457,1,1,cabinet
shapenet250,bench,0.0,0.0,0.9731695534305246,0.0052204728126525,-0.0267992317676544,0,0,car
shapenet252,bench,0.0,0.0,0.8720031207596572,0.0578860640525817,-0.081162542104721,1,0,cabinet
shapenet255,bench,0.0,0.0,0.5831562746731761,0.0301971137523651,-0.0135300457477569,1,0,watercraft
shapenet257,bench,-1.8431430291704745,83.66666666666667,0.20133965061463618,0.3222309350967407,0.2824626266956329,1,1,airplane
shapenet260,bench,0.0,0.0,0.8297276585066534,0.1756190657615661,0.0861705243587493,1,1,chair
shapenet262,bench,0.0,0.0,0.8426844349946291,0.0178167819976806,-0.1050143241882324,1,0,chair
shapenet264,bench,0.0,0.0,0.2941172794829403,-0.0057402849197387,0.0217524766921997,0,1,airplane
shapenet265,bench,0.0,0.0,0.9344311874287096,0.042532742023468,0.004560649394989,1,0,cabinet
shapenet266,bench,0.0,0.0,0.8920693993476263,0.0865060091018676,0.0601649284362793,1,1,loudspeaker
shapenet268,bench,0.0,0.0,0.8789928275897881,0.1076764464378357,-0.0165807902812957,1,0,chair
shapenet269,bench,0.0,0.0,0.2263967331989509,0.0792810916900634,0.0839261412620544,1,1,display
shapenet271,bench,0.0,0.0,0.6128999958714236,0.1516622900962829,0.0667964816093444,1,1,chair
shapenet275,bench,0.0,0.0,0.2851995856828607,0.1741477251052856,0.0330288410186767,1,1,airplane
shapenet276,bench,0.0,0.0,0.779513412379068,0.1366175413131714,0.0480973720550537,1,1,display
shapenet278,bench,0.0,0.0,0.4932408964812863,0.0650420188903808,0.0654579997062683,1,1,watercraft
shapenet280,bench,-6.065832651456115,430.6666666666667,0.04648249483559897,0.1741472482681274,-0.0603362917900085,1,0,bench
shapenet281,bench,0.0,0.0,0.2968937671723741,-0.0308082103729248,0.0092536807060241,0,1,airplane
shapenet282,bench,0.0,0.0,0.7644244900508164,0.1176500916481018,0.0400300920009613,1,1,sofa
shapenet284,bench,0.0,0.0,0.6408473234057644,0.0012277960777282,-0.0648369789123535,0,0,sofa
shapenet285,bench,0.0,0.0,0.8293417564416966,-0.0464502274990081,-0.0547962188720703,0,0,loudspeaker
shapenet288,bench,0.0,0.0,0.32625232784956676,0.0503707528114318,0.0883724689483642,1,1,cabinet
shapenet289,bench,0.0,0.0,0.8783035719249218,0.0831110477447509,0.0571181774139404,1,1,chair
shapenet293,bench,0.0,0.0,0.37268419217550247,-0.0237380862236022,0.0921261012554168,0,1,airplane
shapenet294,bench,0.0,0.0,0.3558073988851888,0.0452460050582885,-0.0136311948299407,1,0,watercraft
shapenet295,bench,0.0,0.0,0.24177564616291866,0.0383745431900024,0.1999466717243194,0,1,airplane
shapenet299,bench,0.0,0.0,0.8747469420953381,0.0137710571289062,-0.0583379864692688,0,0,display
shapenet300,bench,0.0,0.0,0.7990053415916197,0.0351017117500305,0.023289144039154,1,1,telephone
shapenet302,bench,0.0,0.0,0.9821136995184453,-0.048742651939392,-0.0698298215866088,0,0,car
shapenet303,bench,0.0,0.0,0.6725421001552832,0.1952805519104004,0.1836393475532531,1,1,display
shapenet304,bench,0.0,0.0,0.5444487040642781,0.3037589192390442,0.2207830548286438,1,1,chair
shapenet305,bench,0.0,0.0,0.93470473614884,0.0273927450180053,0.0379602313041687,1,1,cabinet
shapenet306,bench,0.0,0.0,0.5867163151685183,0.0141714811325073,0.1116411089897155,0,1,watercraft
shapenet307,bench,0.0,0.0,0.1561214711955626,0.1598134040832519,0.0181712508201599,1,1,chair
shapenet308,bench,0.0,0.0,0.25391412541136543,0.0007547140121459,-0.0062736272811889,0,0,airplane
shapenet310,bench,-6.026050088394903,429.3333333333333,0.03022296588344141,0.0359086990356445,0.0479352474212646,1,1,bench
shapenet311,bench,0.0,0.0,0.6535656903676738,0.0463712811470031,-0.0052577853202819,1,0,sofa
shapenet321,bench,0.0,0.0,0.26873628496518515,-0.0696361660957336,-0.058578073978424,0,0,sofa
shapenet323,bench,0.0,0.0,0.22575025959385112,-0.0464180707931518,-0.0370676517486572,0,0,airplane
shapenet328,bench,-0.7675283643313486,3.0,0.2939495202861709,0.0952444672584533,0.1250616312026977,1,1,table
shapenet330,bench,0.0,0.0,0.15544663125040534,0.2151678800582885,0.2286310195922851,1,1,airplane
shapenet332,bench,0.0,0.0,0.18671041903576144,0.1252026557922363,0.1926169395446777,1,1,airplane
shapenet333,bench,0.0,0.0,0.7576467232967207,0.0020919442176818,-0.0475676953792572,0,0,telephone
shapenet335,bench,0.0,0.0,0.3577169909488081,-0.0571266710758209,-0.0511876344680786,0,0,lamp
shapenet337,bench,0.0,0.0,0.9667752428842246,0.067808985710144,-0.0857526063919067,1,0,cabinet
shapenet345,bench,-2.8323301613662397,46.0,0.11908110943878243,0.1115113496780395,0.1732369661331176,1,1,airplane
shapenet346,bench,0.0,0.0,0.8795426540916674,-0.0361697077751159,-0.0730123519897461,0,0,telephone
shapenet347,bench,0.0,0.0,0.42326253722418367,0.0111792087554931,-0.0074700713157653,0,0,watercraft
shapenet348,bench,-1.2378573555681027,13.333333333333334,0.18565769813854294,0.3222781717777252,0.0185957551002502,1,0,bench
shapenet350,bench,0.0,0.0,0.5539181908673455,0.2726577222347259,0.1310572922229766,1,1,table
shapenet351,bench,0.0,0.0,0.671911178004258,-0.0106174945831298,0.0160931348800659,0,0,telephone
shapenet352,bench,0.0,0.0,0.6294799100647299,0.0570780634880065,0.0467656552791595,1,1,watercraft
shapenet355,bench,0.0,0.0,0.6723944298542116,0.0682374238967895,-0.0178040266036987,1,0,cabinet
shapenet356,bench,0.0,0.0,0.41316415752833074,0.1071494817733764,0.10286545753479,1,1,watercraft
shapenet358,bench,0.0,0.0,0.3547023293827635,0.0127731561660766,0.057732880115509,0,1,watercraft
shapenet359,bench,0.0,0.0,0.2610665956455585,0.037731647491455,-0.0478738546371459,1,0,chair
shapenet361,bench,-1.6199374681205574,42.666666666666664,0.7021034301073961,0.3930973708629608,0.2869221270084381,1,1,lamp
shapenet363,bench,0.0,0.0,0.6441821931387404,0.0194809734821319,-0.063596487045288,0,0,car
shapenet366,bench,-0.7324081924454066,1.3333333333333333,0.5317042237981029,0.1228624880313873,0.0049522519111633,1,0,table
shapenet368,bench,-0.46209812037329684,0.6666666666666666,0.41644555540936556,0.0999830961227417,0.0200671553611755,1,1,sofa
shapenet370,bench,0.0,0.0,0.6913448382520571,0.0903694629669189,-0.0029332041740417,1,0,display
shapenet372,bench,0.0,0.0,0.5477154179246501,0.0260879397392272,-0.0663862526416778,0,0,chair
shapenet374,bench,-2.144848839595818,207.33333333333334,0.20152237217322946,0.1817893385887146,0.016306459903717,1,1,lamp
shapenet375,bench,0.0,0.0,0.9321901111450789,-0.0384525060653686,-0.0518829822540283,0,0,car
shapenet376,bench,0.0,0.0,0.9417996128201086,0.0817401409149169,0.0510373711585998,1,1,loudspeaker
shapenet377,bench,0.0,0.0,0.9222962887897782,0.086777925491333,-0.0024123787879943,1,0,car
shapenet378,bench,0.0,0.0,0.2338226931109483,0.1082455813884735,-0.0633582472801208,1,0,airplane
shapenet379,bench,0.0,0.0,0.8340772123372638,0.1659200191497802,0.1614041328430175,1,1,chair
shapenet380,bench,0.0,0.0,0.6395148704923939,-0.0031781792640686,-0.0214902162551879,0,0,telephone
shapenet385,bench,-3.6809739452414973,166.0,0.15267105099336084,0.035274863243103,-0.0113636851310729,0,0,watercraft
shapenet387,bench,0.0,0.0,0.488293199467613,0.0742160677909851,-0.0022946596145629,1,0,table
shapenet388,bench,-1.9971548490359938,133.0,0.5752845705868891,0.0892047584056854,0.0488553047180175,1,1,chair
shapenet389,bench,0.0,0.0,0.7076478745679452,0.1165434718132019,-0.0395524501800537,1,0,cabinet
shapenet392,bench,0.0,0.0,0.47022773636384213,0.0632987022399902,0.0144106745719909,1,0,display
shapenet393,bench,0.0,0.0,0.2982805671085253,0.1756154894828796,0.1932362914085388,1,1,airplane
shapenet397,bench,0.0,0.0,0.9828315293715922,0.0155812501907348,0.0664495825767517,1,1,cabinet
shapenet400,bench,0.0,0.0,0.5942833751233452,0.0495262145996093,-0.0543197393417358,1,0,display
shapenet405,bench,0.0,0.0,0.9556743170739544,0.0378978848457336,0.0076000094413757,0,0,car
shapenet410,bench,-2.458418592669918,133.33333333333334,0.16411928164624268,0.3573262691497803,0.166029155254364,1,1,bench
shapenet411,bench,0.0,0.0,0.8266866807444154,0.195380687713623,0.1382727622985839,1,1,loudspeaker
shapenet412,bench,0.0,0.0,0.8619775163002247,-0.0073136091232299,-0.0202662348747253,0,0,car
shapenet413,bench,0.0,0.0,0.5680544911026533,0.1883444190025329,0.0078625082969665,1,0,table
shapenet415,bench,0.0,0.0,0.5187567330294374,0.0698699057102203,0.0046307742595672,1,0,watercraft
shapenet418,bench,0.0,0.0,0.2915842861276672,0.0463382601737976,0.034698486328125,1,1,lamp
shapenet420,bench,0.0,0.0,0.9160692044987687,-0.040557861328125,0.0226578712463378,0,0,telephone
shapenet422,bench,0.0,0.0,0.21011711542396225,-0.0153346061706542,-0.0705592036247253,0,0,watercraft
shapenet423,bench,0.0,0.0,0.603136036725141,0.0335343480110168,-0.0054593682289123,1,0,sofa
shapenet424,bench,0.0,0.0,0.5685346455033152,-0.0698016881942749,-0.0777380466461181,0,0,table
shapenet429,bench,0.0,0.0,0.28820837835409463,-0.0478041172027587,-0.0763487219810485,0,0,watercraft
shapenet431,bench,0.0,0.0,0.8506597822127394,0.0677875280380249,0.0547612309455871,1,1,lamp
shapenet432,bench,0.0,0.0,0.8815518008680842,0.0155717134475708,-0.0016281604766845,0,0,car
shapenet439,bench,0.0,0.0,0.6773780709769367,0.0837482810020446,0.0456329882144928,1,0,lamp
shapenet440,bench,-0.3662040962227033,0.6666666666666666,0.6732780135615641,0.0260693430900573,-0.0856775939464569,0,0,sofa
shapenet443,bench,-0.46209812037329684,1.0,0.5525506827609736,-0.0366336107254028,-0.108356237411499,0,0,table
shapenet444,bench,0.0,0.0,0.8849715979294249,0.0078423619270324,0.011464774608612,0,1,telephone
shapenet447,bench,0.0,0.0,0.8256143543009559,0.1019203066825866,0.0506009757518768,1,1,telephone
shapenet449,bench,0.0,0.0,0.19844880577088944,0.0997992157936096,0.0711019039154052,1,1,airplane
shapenet450,bench,0.0,0.0,0.9087566143426149,0.0706219673156738,-0.0106181800365448,1,0,car
shapenet453,bench,0.0,0.0,0.3563036772814407,0.0995612144470214,0.0975065231323242,1,1,chair
shapenet455,bench,-2.0078158643203445,137.33333333333334,0.25724728859663387,0.0299060940742492,0.0083281397819519,0,0,watercraft
shapenet458,bench,0.0,0.0,0.8867246873291436,0.0096089243888854,-0.0115940570831298,1,0,car
shapenet459,bench,0.0,0.0,0.2519665865829725,0.0555189847946167,-0.0250212550163269,0,0,airplane
shapenet461,bench,0.0,0.0,0.8078944130618604,-0.0765839517116546,-0.0155627131462097,0,0,car
shapenet462,bench,-0.23104906018664842,0.3333333333333333,0.4110159921301199,-0.0149438381195068,-0.0238116383552551,0,0,sofa
shapenet464,bench,0.0,0.0,0.6570781922482253,0.0173222720623016,-0.0743521451950073,0,0,sofa
shapenet469,bench,0.0,0.0,0.8245973286686626,0.1208515167236328,0.1921848654747009,1,1,loudspeaker
shapenet471,bench,0.0,0.0,0.237407761293675,0.0940162539482116,0.1122706532478332,1,1,airplane
shapenet473,bench,0.0,0.0,0.23970665956896228,0.1180430352687835,0.1922177374362945,1,1,airplane
shapenet474,bench,0.0,0.0,0.6673221587162544,0.0178114771842956,0.0495787262916564,0,1,display
shapenet476,bench,0.0,0.0,0.2057605835332782,0.1614796221256256,0.1686484813690185,1,1,airplane
shapenet477,bench,0.0,0.0,0.9021553953142186,-0.0167435109615325,-0.0482565760612487,0,0,car
shapenet478,bench,0.0,0.0,0.6211630200031858,0.2255392372608184,0.3121099919080734,1,1,chair
shapenet480,bench,-4.212645409164289,369.3333333333333,0.20204770784133244,0.1241386532783508,0.0553798675537109,1,1,watercraft
shapenet482,bench,0.0,0.0,0.8423826990599692,0.2644027322530746,0.1997835636138916,1,1,chair
shapenet484,bench,0.0,0.0,0.2093939556413572,-0.0224102139472961,-0.072366178035736,0,0,airplane
shapenet486,bench,0.0,0.0,0.9079793535242375,0.0256322622299194,-0.050944983959198,0,0,telephone
shapenet488,bench,0.0,0.0,0.9240359726102055,-0.0668563842773437,-0.014797031879425,0,0,car
shapenet490,bench,0.0,0.0,0.9680281762774537,0.0856580734252929,0.104284644126892,1,1,cabinet
shapenet496,bench,0.0,0.0,0.6351828497955153,0.0486093759536743,0.1670287251472473,1,1,watercraft
shapenet497,bench,0.0,0.0,0.8856464994902762,0.0278128385543823,0.0125258564949035,0,0,cabinet
shapenet498,bench,0.0,0.0,0.5466433618876461,0.0163342356681823,-0.0323807895183563,1,0,loudspeaker
shapenet501,bench,0.0,0.0,0.23003992734366696,0.0801369547843933,0.1510275602340698,1,1,airplane
shapenet504,bench,0.0,0.0,0.2378396958435067,-0.0872976779937744,-0.0956886410713195,0,0,airplane
shapenet505,bench,0.0,0.0,0.750856016595372,0.0060288310050964,0.0774000287055969,0,1,display
shapenet506,bench,-0.46209812037329684,0.6666666666666666,0.4825948347837203,-0.104668378829956,-0.0969523787498474,0,0,sofa
shapenet507,bench,0.0,0.0,0.276366581542552,0.1174888014793396,0.1492902636528015,1,1,airplane
shapenet509,bench,-0.46209812037329684,0.6666666666666666,0.4096671655679483,0.0750759840011596,0.0075249671936035,1,1,sofa
shapenet510,bench,0.0,0.0,0.4057696945635558,-0.1052128970623016,-0.0047419965267181,0,0,telephone
shapenet513,bench,-2.0296816251489487,146.66666666666666,0.43473858669079996,-0.0574082732200622,-0.0260153412818908,0,0,telephone
shapenet514,bench,0.0,0.0,0.5872044948879017,0.0187324881553649,0.0532336235046386,0,1,sofa
shapenet515,bench,0.0,0.0,0.43105107378059243,0.2224334180355072,0.0899977684020996,1,1,bench
shapenet516,bench,0.0,0.0,0.872031214828391,0.1139084100723266,0.0855721831321716,1,1,display
shapenet518,bench,0.0,0.0,0.7795268665586988,0.2922709882259369,0.0327661037445068,1,0,chair
shapenet520,bench,0.0,0.0,0.2989595409143094,0.1770674586296081,0.15169358253479,1,1,airplane
shapenet521,bench,0.0,0.0,0.6211134684453653,0.0762494206428527,0.0781649351119995,1,1,display
shapenet523,bench,0.0,0.0,0.24692560553447176,0.3186952173709869,0.3041170239448547,1,1,airplane
shapenet526,bench,0.0,0.0,0.8539022438758085,-0.0317863225936889,0.0717094540596008,0,1,cabinet
shapenet527,bench,0.0,0.0,0.8040040961945,0.0229672789573669,-0.0119919180870056,1,0,sofa
shapenet529,bench,0.0,0.0,0.5074359426465163,0.0287992358207702,-0.033578336238861,0,0,chair
shapenet534,bench,-6.162516765374947,477.0,0.03320964172255442,0.3210824355483055,0.1178936064243316,1,1,bench
shapenet535,bench,0.0,0.0,0.6765552346015657,0.0016776621341705,-0.03757244348526,0,0,chair
shapenet537,bench,0.0,0.0,0.6485247012951664,0.0257867574691772,0.0189718008041381,0,0,watercraft
shapenet541,bench,0.0,0.0,0.7768843971478366,0.1279019713401794,0.033824622631073,1,1,cabinet
shapenet544,bench,0.0,0.0,0.4609068964397565,-0.0094082951545715,-0.057002305984497,0,0,cabinet
shapenet546,bench,0.0,0.0,0.14050252869641858,0.1091837882995605,0.1676487922668457,1,1,watercraft
shapenet547,bench,0.0,0.0,0.5387312854165329,0.226609319448471,0.1354497075080871,1,1,loudspeaker
shapenet548,bench,0.0,0.0,0.9355788653400285,-0.1054613590240478,-0.0573607087135314,0,0,car
shapenet550,bench,0.0,0.0,0.8429737847405692,0.0141031444072723,-0.0747300386428833,0,0,telephone
shapenet554,bench,0.0,0.0,0.2485465983935833,0.0421427488327026,0.0332262516021728,1,1,airplane
shapenet555,bench,-2.984891209652138,58.0,0.21367808643593336,-0.0308483242988586,-0.0763022303581237,0,0,watercraft
shapenet567,bench,0.0,0.0,0.45700694345196435,0.0035620331764221,0.0099655091762542,0,0,loudspeaker
shapenet569,bench,0.0,0.0,0.8684172424647912,0.0549734234809875,0.0158235728740692,1,0,cabinet
shapenet572,bench,0.0,0.0,0.6014449927658151,0.0992431640625,0.0966692566871643,1,1,telephone
shapenet574,bench,0.0,0.0,0.21945863965950504,0.1373675465583801,0.2388920187950134,1,1,airplane
shapenet577,bench,0.0,0.0,0.6993718100332589,0.1214419603347778,0.0461806654930114,1,1,car
shapenet580,bench,0.0,0.0,0.7726391373921668,0.1800824850797653,0.088329941034317,1,1,chair
shapenet584,bench,-6.197093219425446,490.3333333333333,0.02435106463734475,0.2285889983177185,-0.007205307483673,1,0,bench
shapenet586,bench,-6.19165092166297,487.6666666666667,0.026663603873007397,0.2332749813795089,0.0507627129554748,1,0,bench
shapenet590,bench,-2.0378940599440774,150.33333333333334,0.22015381343302676,0.0732553005218505,0.0060118436813354,1,0,watercraft
shapenet591,bench,-2.5574308185429184,179.33333333333334,0.17667604987530708,0.2016330659389495,0.1472237706184387,1,1,bench
shapenet592,bench,0.0,0.0,0.7161260998567188,0.2279331684112548,0.1592596769332885,1,1,chair
shapenet593,bench,0.0,0.0,0.8030997494546409,-0.0321859717369079,-0.048413872718811,0,0,display
shapenet597,bench,0.0,0.0,0.24983672192031814,-0.0549550056457519,0.0208253264427185,0,1,airplane
shapenet598,bench,0.0,0.0,0.2298954667258087,0.1935731768608093,0.2814482450485229,1,1,airplane
shapenet599,bench,0.0,0.0,0.8649204885150498,0.0323068499565124,-0.0695875585079193,1,0,cabinet
shapenet600,bench,0.0,0.0,0.3123326168599972,0.0979391038417816,0.0845870375633239,1,1,airplane
shapenet604,bench,0.0,0.0,0.8584801352858104,-0.0014641284942626,-0.1056732237339019,0,0,cabinet
shapenet605,bench,0.0,0.0,0.19917991929555948,0.0376065969467163,0.0147233009338378,0,0,watercraft
shapenet608,bench,0.0,0.0,0.7129320865374159,0.0499302148818969,0.1172830462455749,0,1,chair
shapenet609,bench,0.0,0.0,0.2543792155195011,-0.004310131072998,0.078905165195465,0,1,airplane
shapenet612,bench,0.0,0.0,0.2510649224826651,-0.0313572883605957,-0.0725151896476745,0,0,airplane
shapenet616,bench,0.0,0.0,0.8522180211303332,0.1654803156852722,0.1444228291511535,1,1,chair
shapenet617,bench,0.0,0.0,0.8649837521543174,-0.0983330309391021,-0.0648699104785919,0,0,car
shapenet619,bench,0.0,0.0,0.596943982916433,-0.0556688606739044,-0.0912733674049377,0,0,sofa
shapenet620,bench,0.0,0.0,0.6378574717513413,-0.0125013589859008,0.0618963241577148,0,1,loudspeaker
shapenet622,bench,-5.7890828178322336,346.3333333333333,0.06793304406351687,0.0879082083702087,0.0811740756034851,1,1,watercraft
shapenet623,bench,0.0,0.0,0.9205037106260862,0.1143581569194793,0.0002508759498596,1,0,car
shapenet628,bench,-0.23104906018664842,0.3333333333333333,0.42054147059924124,0.0819551944732666,-0.0581055283546447,1,0,sofa
shapenet629,bench,0.0,0.0,0.3800304120300258,0.0710921287536621,0.0631337463855743,1,1,watercraft
shapenet633,bench,-4.700087196369391,267.3333333333333,0.07631948959708866,0.3514666259288788,0.0887197256088256,1,1,bench
shapenet635,bench,-5.772744918680375,349.3333333333333,0.037912858375588054,0.1673895120620727,0.0168339610099792,1,1,bench
shapenet636,bench,0.0,0.0,0.7458232179397671,0.0163525938987731,-0.0204922556877136,1,0,telephone
shapenet638,bench,0.0,0.0,0.7968478668663727,0.0633678436279296,0.1029821634292602,1,1,cabinet
shapenet639,bench,0.0,0.0,0.2433697854754943,0.0258596837520599,-0.0371086299419403,1,0,lamp
shapenet640,bench,-5.7555261363149866,321.0,0.061147246487466035,0.2358759641647339,-0.0215262174606323,1,0,bench
shapenet644,bench,0.0,0.0,0.8816138513520224,0.0591153502464294,-0.0184158086776733,1,0,display
shapenet646,bench,0.0,0.0,0.9561004817799345,0.0284375250339508,0.0501002669334411,0,1,loudspeaker
shapenet652,bench,0.0,0.0,0.24225097090173864,0.048226773738861,0.099647432565689,0,1,airplane
shapenet653,bench,0.0,0.0,0.813952059784481,0.0443950891494751,-0.043292611837387,1,0,cabinet
shapenet656,bench,-0.23104906018664842,0.3333333333333333,0.8085082739627317,-0.1206321716308593,-0.0465108752250671,0,0,loudspeaker
shapenet658,bench,0.0,0.0,0.2665175646634114,0.1127777397632598,0.1242203116416931,1,1,airplane
shapenet662,bench,0.0,0.0,0.4419645674518959,-0.0286214351654052,-0.032472550868988,0,0,telephone
shapenet664,bench,0.0,0.0,0.9300695963164656,0.0740869641304016,0.0404214262962341,1,1,loudspeaker
shapenet665,bench,-2.0296816251489487,13.333333333333334,0.19915393814607116,0.2018049955368042,0.216950386762619,1,1,airplane
shapenet666,bench,0.0,0.0,0.512354246179689,0.2380889356136322,0.1202899813652038,1,1,chair
shapenet667,bench,-5.403703338525468,336.6666666666667,0.03255391143119849,0.3440319001674652,0.0059669613838195,1,0,bench
shapenet677,bench,0.0,0.0,0.8875386817431442,0.0713960528373718,0.0916127860546112,1,1,car
shapenet678,bench,0.0,0.0,0.2830565302909333,0.0554437041282653,0.0600859522819519,1,1,airplane
shapenet679,bench,0.0,0.0,0.9374615626436983,0.2541587948799133,0.3116668462753296,1,1,loudspeaker
shapenet682,bench,0.0,0.0,0.2677200447066125,0.1107121109962463,0.2401564717292785,1,1,airplane
shapenet683,bench,0.0,0.0,0.5186211403823872,0.2195965051651001,0.0489208698272705,1,1,chair
shapenet686,bench,0.0,0.0,0.40112446808288205,0.1467845439910888,0.0645036697387695,1,1,chair
shapenet687,bench,0.0,0.0,0.5405013018133452,0.1097409725189209,0.0865823030471801,1,1,cabinet
shapenet690,bench,0.0,0.0,0.7785044525235527,0.1953259706497192,0.1138461828231811,1,1,telephone
shapenet691,bench,-6.511059838082982,674.3333333333334,0.031764603682611796,0.2621120810508728,0.1727542281150818,1,1,bench
shapenet692,bench,0.0,0.0,0.7905605099280741,0.0683716535568237,0.0307862758636474,1,1,display
shapenet693,bench,0.0,0.0,0.888994455108936,-0.0652247965335846,-0.0502444505691528,0,0,table
shapenet697,bench,0.0,0.0,0.6942157864156497,0.2727124392986297,0.0468218326568603,1,1,chair
shapenet699,bench,0.0,0.0,0.9530892330947425,-0.0059649944305419,-0.005961000919342,0,0,car
shapenet702,bench,-4.9232668293384,287.0,0.06891348179022866,0.0213204026222229,0.0059122145175933,0,0,bench
shapenet703,bench,0.0,0.0,0.9813715520840091,-0.0908572077751159,-0.0705913007259368,0,0,loudspeaker
shapenet708,bench,-6.210033363915165,510.6666666666667,0.02026187576293979,0.3162839114665985,0.0722074508666992,1,1,bench
shapenet711,bench,0.0,0.0,0.45114443599734955,-0.0207866728305816,-0.0022562742233276,0,0,watercraft
shapenet714,bench,-4.366072738311931,329.0,0.1443689038235891,0.296135663986206,0.1666880846023559,1,1,bench
shapenet715,bench,0.0,0.0,0.2603247621313394,0.1126925945281982,0.0485840439796447,1,1,lamp
shapenet718,bench,-2.131196917983544,199.0,0.5246069960197971,0.240585595369339,0.1401979923248291,1,1,bench
shapenet719,bench,0.0,0.0,0.8080343247206331,0.044670283794403,0.1261869072914123,0,1,display
shapenet722,bench,0.0,0.0,0.5570834056670663,0.162550538778305,0.2045737206935882,1,1,sofa
shapenet724,bench,0.0,0.0,0.6813666538546964,-0.0344523787498474,0.0190478563308715,0,0,watercraft
shapenet725,bench,0.0,0.0,0.5541515138451955,0.1498589515686035,-0.0641862154006958,1,0,loudspeaker
shapenet732,bench,-3.7373725417665065,153.66666666666666,0.10107330040021843,0.0867031812667846,0.0310445427894592,1,1,chair
shapenet734,bench,0.0,0.0,0.7373761166456215,0.0553345084190368,0.1137009859085083,1,1,telephone
shapenet736,bench,0.0,0.0,0.23430651245956632,0.1425130367279052,0.1655927896499633,1,1,airplane
shapenet739,bench,0.0,0.0,0.23906597011158257,0.0094364285469055,0.0379926562309265,0,1,airplane
shapenet740,bench,0.0,0.0,0.645972009403795,0.238125741481781,0.1906964778900146,1,1,chair
shapenet743,bench,0.0,0.0,0.5926683217586239,-0.047404944896698,-0.0346428155899047,0,0,table
shapenet744,bench,0.0,0.0,0.8830541992015348,-0.0089427828788757,-0.0661205649375915,0,0,loudspeaker
shapenet749,bench,0.0,0.0,0.8569093009431267,0.0446512401103973,-0.0004715323448181,1,0,display
shapenet751,bench,0.0,0.0,0.5910270912264509,-0.0686177611351013,-0.1240255236625671,0,0,display
shapenet757,bench,0.0,0.0,0.8380130385349904,0.0538094043731689,0.0870080590248107,1,1,telephone
shapenet759,bench,0.0,0.0,0.7918021488807105,0.0464178919792175,-0.0092962980270385,1,0,chair
shapenet760,bench,0.0,0.0,0.7195158104912234,0.1552063226699829,-0.0483216941356658,1,0,telephone
shapenet761,bench,0.0,0.0,0.5503429831914596,-0.0048885643482208,-0.0219002664089202,0,0,table
shapenet762,bench,-3.9074153053103196,218.0,0.09204441482438908,0.4689031764864921,0.1583147644996643,1,1,bench
shapenet766,bench,0.0,0.0,0.4124591419532269,0.0112119913101196,-0.0825366377830505,1,0,table
shapenet770,bench,-3.294428281739536,92.66666666666667,0.1527223609059636,0.0936884582042694,-0.0033552646636962,1,0,airplane
shapenet771,bench,0.0,0.0,0.21677777585304767,0.046046495437622,0.0032296180725097,1,0,airplane
shapenet772,bench,-5.15453634223103,539.0,0.07567780344559716,0.2813864946365356,0.0124148428440094,1,0,bench
shapenet773,bench,0.0,0.0,0.494599252641504,0.2663201093673706,0.077958345413208,1,1,table
shapenet774,bench,0.0,0.0,0.9239319563807055,0.0716224908828735,0.0024951100349426,1,0,loudspeaker
shapenet775,bench,0.0,0.0,0.8905145232478504,0.0048217177391052,-0.0427635908126831,0,0,loudspeaker
shapenet782,bench,0.0,0.0,0.45531471165774673,0.1328913569450378,0.0130807161331176,1,1,chair
shapenet790,bench,0.0,0.0,0.7733049439933658,0.1309191584587097,0.0784856081008911,1,1,loudspeaker
shapenet791,bench,0.0,0.0,0.21695231610891497,0.162486582994461,0.1256563067436218,1,1,airplane
shapenet796,bench,-0.5364793041447001,1.3333333333333333,0.7474614086803818,-0.0115143656730651,0.0584169626235961,0,1,loudspeaker
shapenet797,bench,0.0,0.0,0.5090768071286464,0.0525885820388793,0.0203036367893219,1,1,sofa
shapenet798,bench,-0.23104906018664842,0.3333333333333333,0.6322859011026721,0.1523420214653015,-0.0108460485935211,1,0,table
shapenet799,bench,0.0,0.0,0.949154945734159,-0.0466939806938171,-0.0312206149101257,0,0,car
shapenet800,bench,-1.8599099419954073,88.0,0.16172932431689022,0.0667110681533813,0.0754708051681518,1,1,airplane
shapenet801,bench,0.0,0.0,0.8108279863896269,-0.0118744373321533,-0.0518797039985656,0,0,loudspeaker
shapenet804,bench,0.0,0.0,0.3819918469653258,0.0760760903358459,0.0670865178108215,1,1,airplane
shapenet805,bench,0.0,0.0,0.8341426520671981,0.0377230644226074,-0.0098984837532043,1,0,cabinet
shapenet808,bench,0.0,0.0,0.1912072628046465,0.0186083912849426,0.0088022351264953,1,0,chair
shapenet811,bench,0.0,0.0,0.38533651201448244,-0.0366396903991699,-0.04999840259552,0,0,table
shapenet812,bench,0.0,0.0,0.8968462680286291,0.1105850934982299,0.0168808698654174,1,0,cabinet
shapenet813,bench,0.0,0.0,0.9485797631936187,0.0036388039588928,-0.0049038529396057,0,0,car
shapenet814,bench,0.0,0.0,0.886786987642196,-0.0641417205333709,-0.062924325466156,0,0,car
shapenet816,bench,0.0,0.0,0.48125534393012787,0.2436504364013672,0.1665162444114685,1,1,table
shapenet817,bench,0.0,0.0,0.5380656754156026,0.2710931897163391,0.1827784180641174,1,1,cabinet
shapenet818,bench,0.0,0.0,0.9287720285863594,0.1960080862045288,0.1690474152565002,1,1,car
shapenet820,bench,0.0,0.0,0.9131721149517696,0.2229689359664917,0.1661158204078674,1,1,chair
shapenet825,bench,0.0,0.0,0.9009733862489556,0.0394190847873687,-0.1114904880523681,1,0,table
shapenet826,bench,0.0,0.0,0.8803264751383507,0.0762240290641784,0.0272364616394042,1,0,table
shapenet827,bench,-3.7396478634566397,181.33333333333334,0.1486367034439667,0.1505313217639923,0.1392627954483032,1,1,airplane
shapenet831,bench,0.0,0.0,0.2878877832123218,0.2275686264038086,0.1035825908184051,1,1,watercraft
shapenet832,bench,-6.075466610094417,435.0,0.034406654194180576,0.1683783531188964,-0.0819031596183776,1,0,bench
shapenet833,bench,0.0,0.0,0.3741502581358294,-0.0737070441246032,-0.0269570052623748,0,0,watercraft
shapenet835,bench,0.0,0.0,0.31266395627139915,0.0471140146255493,0.0099040269851684,1,0,airplane
shapenet837,bench,0.0,0.0,0.7108185353509945,-0.0506361126899719,-0.0380144119262695,0,0,cabinet
shapenet840,bench,0.0,0.0,0.8679732097303389,0.1179727613925933,0.0693278312683105,1,1,chair
shapenet845,bench,0.0,0.0,0.43404576431965675,0.0124003887176513,-0.0133445262908935,0,0,sofa
shapenet846,bench,0.0,0.0,0.5133678477778688,0.3023582696914673,0.1027482151985168,1,1,chair
shapenet848,bench,0.0,0.0,0.8143428565905516,0.0280319452285766,0.051901638507843,1,1,watercraft
shapenet851,bench,0.0,0.0,0.2710775106280705,-0.1142582297325134,0.047741949558258,0,1,airplane
shapenet852,bench,0.0,0.0,0.87061149388785,-0.1426489651203155,-0.1055793464183807,0,0,car
shapenet854,bench,0.0,0.0,0.7945848551498612,-0.0509274005889892,0.0320241451263427,0,0,telephone
shapenet856,bench,-5.9948155632245905,409.6666666666667,0.04681348230533555,0.0180461406707763,-0.0495164990425109,1,0,bench
shapenet859,bench,0.0,0.0,0.5144700622395731,0.085926353931427,-0.0222050547599792,1,0,table
shapenet860,bench,-3.035917927733694,62.666666666666664,0.20820422719944343,0.081921100616455,0.0864661335945129,1,1,airplane
shapenet861,bench,0.0,0.0,0.45020539668897785,-0.0295027494430542,-0.0421598553657531,0,0,sofa
shapenet863,bench,0.0,0.0,0.4300337003524986,0.0365839600563049,-0.0136587023735046,0,0,sofa
shapenet867,bench,0.0,0.0,0.7654406112404514,0.3276461362838745,0.2905646562576294,1,1,chair
shapenet869,bench,-0.6486367163517711,2.0,0.5642411951401826,0.1471319198608398,0.2050864100456237,1,1,sofa
shapenet871,bench,0.0,0.0,0.7380200932506161,0.0866804420948028,0.0098748505115509,1,0,telephone
shapenet873,bench,0.0,0.0,0.9362931938530368,0.1332789063453674,0.1605020761489868,1,1,cabinet
shapenet877,bench,0.0,0.0,0.3023432870500358,0.1044446229934692,0.0178350806236267,1,0,chair
shapenet878,bench,0.0,0.0,0.6453161955611619,0.0680649280548095,0.0796400904655456,1,1,display
shapenet879,bench,-0.23104906018664842,0.3333333333333333,0.41254742708174436,0.1487584114074707,0.0202753543853759,1,1,sofa
shapenet884,bench,0.0,0.0,0.4922778141653507,0.126477301120758,0.0156089663505554,1,1,sofa
shapenet886,bench,-5.17577328100538,423.0,0.06297983505862219,0.3218755144625902,0.0817873477935791,1,1,bench
shapenet888,bench,0.0,0.0,0.5561870419146927,0.0216985940933227,-0.0360732674598693,0,0,table
shapenet891,bench,0.0,0.0,0.2716436523300368,0.0599263310432434,-0.0366836190223693,1,0,airplane
shapenet893,bench,0.0,0.0,0.8238946709165845,-0.0318866968154907,-0.0272567272186279,0,0,telephone
shapenet898,bench,0.0,0.0,0.19241400691730517,0.1174787282943725,0.1099046468734741,1,1,airplane
shapenet899,bench,0.0,0.0,0.3622577727307112,0.1026424765586853,0.0664105415344238,1,1,display
shapenet901,bench,0.0,0.0,0.32747736767714697,0.0514280200004577,0.0574234127998352,1,1,airplane
shapenet902,bench,0.0,0.0,0.7973933427144809,0.0314286947250366,0.023599088191986,1,0,loudspeaker
shapenet903,bench,0.0,0.0,0.8542221153400177,0.0495195686817169,-0.0036106407642364,0,0,car
shapenet904,bench,0.0,0.0,0.8496380043116171,0.146285593509674,0.0646446347236633,1,1,loudspeaker
shapenet906,bench,0.0,0.0,0.7666567713377516,0.1178497076034545,0.0447152256965637,1,1,chair
shapenet913,bench,0.0,0.0,0.45755670938048415,0.2374612092971801,0.0979308187961578,1,1,table
shapenet914,bench,-0.5972531564093516,1.6666666666666667,0.22069950682724704,0.1404871344566345,-0.1175716519355773,1,0,table
shapenet915,bench,0.0,0.0,0.9001018084898441,-0.0558082163333892,-0.0972876548767089,0,0,table
shapenet916,bench,0.0,0.0,0.28431231117192796,0.0602166652679443,0.0579913258552551,1,1,watercraft
shapenet918,bench,0.0,0.0,0.9049610370886009,0.0801331996917724,-0.0076105594635009,1,0,chair
shapenet919,bench,0.0,0.0,0.3024039651643854,0.084156334400177,0.0559059381484985,1,1,airplane
shapenet923,bench,0.0,0.0,0.5239970377513484,0.1294003129005432,0.0081643760204315,1,0,sofa
shapenet924,bench,0.0,0.0,0.7012228587090004,0.0325381755828857,-0.0375480353832244,1,0,cabinet
shapenet925,bench,0.0,0.0,0.8942560836621497,0.0392045974731445,0.0539358258247375,0,0,loudspeaker
shapenet927,bench,0.0,0.0,0.42988050565299424,0.0771589875221252,-0.0487716794013977,1,0,sofa
shapenet930,bench,0.0,0.0,0.4014476124206228,0.0697573125362396,0.0409463346004486,1,1,watercraft
shapenet938,bench,-1.6040614517908056,40.666666666666664,0.15745249254225682,0.1511272192001342,0.162488043308258,1,1,airplane
shapenet939,bench,-6.1431923513914555,474.3333333333333,0.03519481073968168,0.0373927652835845,0.0363364815711975,1,1,bench
shapenet941,bench,0.0,0.0,0.7028723600635782,0.0455218255519866,0.1882215440273285,1,1,display
shapenet942,bench,0.0,0.0,0.7448202094467082,0.220558226108551,0.1604295074939727,1,1,chair
shapenet943,bench,0.0,0.0,0.2654001533544736,0.0551484823226928,-0.0192859172821044,1,0,chair
shapenet946,bench,-1.2972734327035422,4.0,0.34570414990438475,-0.0258404612541198,-0.0553356409072876,0,0,sofa
shapenet949,bench,0.0,0.0,0.4898494677440406,-0.0345461368560791,0.0664764046669006,0,1,sofa
shapenet950,bench,0.0,0.0,0.543374824827259,0.07785364985466,0.0736720263957977,1,1,cabinet
shapenet952,bench,0.0,0.0,0.9051930701946612,0.1124517321586608,0.0768990516662597,1,1,car
shapenet953,bench,-4.618371937518877,340.3333333333333,0.08025528156032824,0.022539347410202,-0.0879788994789123,0,0,table
shapenet954,bench,-3.7198198839908145,176.0,0.12161534163576722,0.1438472270965576,0.0623947978019714,1,1,airplane
shapenet955,bench,0.0,0.0,0.25043588866229055,0.1188907623291015,0.0545761585235595,1,1,airplane
shapenet956,bench,0.0,0.0,0.4241680124817726,0.1250617504119873,0.0838918983936309,1,1,sofa
shapenet957,bench,0.0,0.0,0.49689547977348797,0.1669119000434875,0.0844027698040008,1,1,table
shapenet958,bench,0.0,0.0,0.712533260283438,0.2016972005367279,0.096845805644989,1,1,table
shapenet959,bench,-1.0729586082894003,2.6666666666666665,0.5531799255570521,-0.0021517276763916,-0.0256498456001281,0,0,loudspeaker
shapenet960,bench,0.0,0.0,0.7914471814574715,0.0876290798187255,0.0739115476608276,1,1,cabinet
shapenet966,bench,0.0,0.0,0.8549425660444632,0.2238674461841583,0.0886535942554473,1,1,chair
shapenet967,bench,0.0,0.0,0.4486624856011387,-0.0556498169898986,-0.0593208074569702,0,0,sofa
shapenet974,bench,0.0,0.0,0.8469678229596788,0.0031074881553649,-0.0784850716590881,0,0,telephone
shapenet977,bench,0.0,0.0,0.5015276018612993,0.0251753330230712,-0.0138222575187683,0,0,sofa
shapenet978,bench,0.0,0.0,0.3002217032296523,-0.0098462104797363,-0.0182495713233947,0,0,airplane
shapenet979,bench,-0.23104906018664842,0.3333333333333333,0.6660330955046606,0.1115146875381469,0.0901115536689758,1,1,sofa
shapenet983,bench,-1.8698239317283198,90.66666666666667,0.2159529505366035,0.1198148131370544,0.155186265707016,1,1,airplane
shapenet984,bench,0.0,0.0,0.793663632289347,0.0709781050682067,0.0930854678153991,1,1,telephone
shapenet989,bench,0.0,0.0,0.37264687036890914,0.0219687223434448,-0.0186414718627929,0,0,chair
shapenet990,bench,0.0,0.0,0.632214140905282,0.0897728204727172,0.1365360915660858,1,1,telephone
shapenet991,bench,0.0,0.0,0.8417430357376595,-0.0620602965354919,-0.0798879861831665,0,0,cabinet
shapenet994,bench,0.0,0.0,0.8910271005014136,-0.0689311623573303,-0.0511643290519714,0,0,car
shapenet1000,bench,0.0,0.0,0.856450466663905,-0.0505448877811431,-0.0587695240974426,0,0,loudspeaker
shapenet1003,bench,-3.6169889419554333,273.0,0.13061930962161603,0.254738911986351,0.0158789157867431,1,0,bench
shapenet1005,bench,0.0,0.0,0.5776475192355514,0.243551880121231,0.0517406463623046,1,0,chair
shapenet1008,bench,0.0,0.0,0.7710773457825938,0.052783191204071,0.002147614955902,1,0,watercraft
shapenet1009,bench,0.0,0.0,0.17195930424545622,0.1745111346244812,0.1990477740764618,1,1,airplane
shapenet1010,bench,0.0,0.0,0.955298821170604,0.0442156195640563,0.0325040221214294,1,1,cabinet
shapenet1016,bench,-0.46209812037329684,0.6666666666666666,0.3867398433950829,0.2748296856880188,0.1249841451644897,1,1,table
shapenet1019,bench,0.0,0.0,0.9079102038839788,0.1110286712646484,0.1106314063072204,1,1,chair
shapenet1020,bench,-1.517958963866847,31.333333333333332,0.3103439093690476,0.1837357878684997,0.199876457452774,1,1,airplane
shapenet1023,bench,0.0,0.0,0.22343498903067394,0.0472152233123779,0.0011001229286193,0,0,chair
shapenet1024,bench,-0.46209812037329684,0.6666666666666666,0.42751112074674463,0.1838206648826599,-0.0144360661506652,1,0,sofa
shapenet1025,bench,0.0,0.0,0.9406917756776493,-0.0218094587326049,0.0043132305145263,0,0,loudspeaker
shapenet1026,bench,0.0,0.0,0.2822223958746628,0.1744689047336578,0.2060964703559875,1,1,airplane
shapenet1028,bench,0.0,0.0,0.967486618322106,0.1713871359825134,0.1389904916286468,1,1,car
shapenet1030,bench,0.0,0.0,0.8804679625826751,-0.0866096019744873,-0.0547468066215515,0,0,display
shapenet1033,bench,-6.028440410674449,415.0,0.031550386900230265,0.2351089417934417,0.0186741948127746,1,0,bench
shapenet1034,bench,0.0,0.0,0.8463923347421128,0.1596100926399231,0.1619873940944671,1,1,sofa
shapenet1035,bench,0.0,0.0,0.921168808425071,0.0375189185142517,0.054320752620697,1,1,table
shapenet1036,bench,0.0,0.0,0.7478667357350175,0.0115343332290649,-0.022130012512207,0,0,display
shapenet1037,bench,0.0,0.0,0.9682843398958273,0.1250489354133606,-0.0302963256835937,1,0,cabinet
shapenet1041,bench,0.0,0.0,0.29911228833282055,0.0286713242530822,0.0197744965553283,1,0,airplane
shapenet1042,bench,0.0,0.0,0.8902097502893326,0.0329548120498657,0.0314137935638427,0,0,display
shapenet1043,bench,0.0,0.0,0.6442165265224421,0.1791412234306335,0.0636987686157226,1,1,table
shapenet1047,bench,-0.5364793041447001,1.3333333333333333,0.6166094460259689,0.142791211605072,0.0786448121070861,1,1,table
shapenet1048,bench,-0.46209812037329684,0.6666666666666666,0.3554387895961319,0.043792724609375,-0.0012999773025512,0,0,table
shapenet1049,bench,0.0,0.0,0.2865258684181044,0.1750123798847198,0.2286412119865417,1,1,airplane
shapenet1050,bench,0.0,0.0,0.6458841516434418,-0.0252124071121215,-0.0128532648086547,0,0,telephone
shapenet1053,bench,0.0,0.0,0.4957747571666258,0.1781613528728485,0.114247977733612,1,1,lamp
shapenet1055,bench,0.0,0.0,0.21975979008570556,0.0828737020492553,0.0479375123977661,1,1,watercraft
shapenet1056,bench,0.0,0.0,0.5684689091976752,0.1219448447227478,0.0409151911735534,1,1,sofa
shapenet1057,bench,0.0,0.0,0.22788356097064077,-0.0448858141899108,-0.1035364866256713,0,0,airplane
shapenet1061,bench,0.0,0.0,0.3207560087620908,0.0145307779312133,-0.0327749252319335,0,0,display
shapenet1062,bench,-6.108217709951197,449.3333333333333,0.03648548245087015,0.208529531955719,0.0381270051002502,1,1,bench
shapenet1066,bench,0.0,0.0,0.3254038794862803,-0.036477506160736,-0.0223101377487182,0,0,watercraft
shapenet1067,bench,0.0,0.0,0.964357420027608,0.0082698464393615,-0.0143821835517883,1,0,cabinet
shapenet1070,bench,0.0,0.0,0.46720208659645784,0.10435152053833,0.0718433856964111,1,1,chair
shapenet1074,bench,0.0,0.0,0.17091764379023608,0.2287610173225402,0.1257690191268921,1,1,chair
shapenet1078,bench,-3.2398749362411148,85.33333333333333,0.40184488018285225,0.0621830374002456,-0.0058605968952178,1,0,lamp
shapenet1079,bench,0.0,0.0,0.7432748319688267,0.1493266820907592,0.1123297214508056,1,1,chair
shapenet1081,bench,0.0,0.0,0.9808164606959989,0.041764497756958,0.0035160779953002,1,0,cabinet
shapenet1082,bench,-4.289697679191636,414.6666666666667,0.10995456323671023,0.1426478028297424,0.1573998928070068,1,1,lamp
shapenet1084,bench,0.0,0.0,0.36914105649620893,0.0193570256233215,-0.0832794904708862,0,0,watercraft
shapenet1085,bench,-1.5350567286626973,6.0,0.21989605787641217,0.1169871687889099,0.1772978901863098,1,1,table
shapenet1086,bench,0.0,0.0,0.7957527244625865,0.2275053560733795,0.07020765542984,1,1,cabinet
shapenet1088,bench,0.0,0.0,0.4399246920169939,-0.0162978172302246,-0.0409923195838928,0,0,watercraft
shapenet1091,bench,0.0,0.0,0.9567550397241437,-0.0544203519821167,-0.0674461722373962,0,0,car
shapenet1092,bench,0.0,0.0,0.25330509499110737,-0.0052831172943115,0.2211909890174865,0,1,airplane
shapenet1093,bench,0.0,0.0,0.7744208015175934,0.2180345952510833,0.0990875959396362,1,1,sofa
shapenet1096,bench,-6.2172894397272005,517.6666666666666,0.021020815285074736,-0.0348424315452575,-0.0917473435401916,0,0,bench
shapenet1097,bench,-0.23104906018664842,0.3333333333333333,0.4166119396787485,0.1190661489963531,0.0483612120151519,1,1,sofa
shapenet1099,bench,0.0,0.0,0.5196103247740989,-0.1130672097206115,-0.0598165392875671,0,0,table
shapenet1100,bench,-1.8404869726207487,83.0,0.21907254590034156,0.0790571570396423,0.1022871136665344,1,1,watercraft
shapenet1103,bench,0.0,0.0,0.6701034637529212,-0.0212371349334716,-0.02234548330307,0,0,telephone
shapenet1111,bench,0.0,0.0,0.7516793156057308,0.2357943058013916,0.2163501679897308,1,1,telephone
shapenet1113,bench,0.0,0.0,0.3156426309717653,0.0573903322219848,-0.0017551183700561,1,0,chair
shapenet1117,bench,0.0,0.0,0.21742438796305943,-0.0538212060928344,-0.0072972178459167,0,0,airplane
shapenet1119,bench,0.0,0.0,0.26821685799529793,0.1512409746646881,0.2517565786838531,1,1,airplane
shapenet1120,bench,0.0,0.0,0.21982124238592607,0.016253650188446,-0.020589679479599,0,0,watercraft
shapenet1121,bench,0.0,0.0,0.8936630489343479,0.0094056129455566,0.0077781081199646,0,0,loudspeaker
shapenet1123,bench,0.0,0.0,0.5248659375964985,0.0040870308876037,0.0239312946796417,0,1,watercraft
shapenet1125,bench,0.0,0.0,0.8477726989967697,0.0299618244171142,-0.010015845298767,1,0,telephone
shapenet1127,bench,0.0,0.0,0.5233030974526445,0.0464274287223815,-0.0125469267368316,1,0,watercraft
shapenet1129,bench,0.0,0.0,0.8164310983595682,0.155271977186203,0.0084109306335449,1,0,car
shapenet1131,bench,0.0,0.0,0.9013156507428418,0.0127931833267211,-0.0145338177680969,0,0,telephone
shapenet1137,bench,0.0,0.0,0.21976729041773066,0.1218386888504028,0.2504238486289978,1,1,airplane
shapenet1141,bench,0.0,0.0,0.8537880774859553,-0.0186220407485961,-0.0316674709320068,0,0,chair
shapenet1142,bench,0.0,0.0,0.6306007238850873,0.2097578942775726,0.1275566220283508,1,1,chair
shapenet1143,bench,0.0,0.0,0.8852230660167129,0.0920488834381103,-0.0217499732971191,1,0,car
shapenet1144,bench,0.0,0.0,0.8994728608222561,0.0292778611183166,0.013551115989685,0,0,car
shapenet1145,bench,0.0,0.0,0.5607905131257896,-0.0017659962177276,-0.0683524310588836,0,0,cabinet
shapenet1146,bench,0.0,0.0,0.6173447975543449,0.0473320484161376,0.0159395635128021,1,0,watercraft
shapenet1147,bench,-2.4757147111362054,26.666666666666668,0.14119883023457513,0.4003401100635528,0.2622060179710388,1,1,bench
shapenet1149,bench,-3.9943096980719877,266.0,0.3193749926788149,0.2579321265220642,0.1033545136451721,1,1,chair
shapenet1155,bench,0.0,0.0,0.6188248842920405,0.0089644789695739,0.0346174240112304,0,1,display
shapenet1157,bench,0.0,0.0,0.6929225962871498,0.1772134900093078,0.3034858703613281,1,1,telephone
shapenet1159,bench,0.0,0.0,0.21493073455800785,-0.0081924796104431,0.0086296200752258,0,0,airplane
shapenet1160,bench,0.0,0.0,0.9497801604927396,0.0763762593269348,0.0076016783714294,1,0,car
shapenet1161,bench,0.0,0.0,0.6854455454614149,0.0353280305862426,-0.0528261661529541,0,0,watercraft
shapenet1163,bench,-4.223690004779891,265.6666666666667,0.10694913911311732,0.3578025102615356,0.1835153698921203,1,1,bench
shapenet1168,bench,0.0,0.0,0.5443905154043218,-0.1371365189552307,-0.1193838417530059,0,0,sofa
shapenet1171,bench,0.0,0.0,0.26648536805644046,0.0291845202445983,-0.0295320749282836,0,0,airplane
shapenet1172,bench,0.0,0.0,0.8206577040683009,0.118981659412384,0.0583212971687316,1,1,loudspeaker
shapenet1174,bench,0.0,0.0,0.7044392158821619,0.0046696066856384,-0.0820364952087402,0,0,display
shapenet1178,bench,0.0,0.0,0.9224396687101949,0.2046042084693908,0.1222806274890899,1,1,car
shapenet1179,bench,0.0,0.0,0.49360087684153925,-0.0289129614830017,0.009549081325531,0,0,cabinet
shapenet1182,bench,0.0,0.0,0.7946070730855731,-0.061657428741455,-0.0257882475852966,0,0,telephone
shapenet1183,bench,0.0,0.0,0.4256770511424725,0.1909265518188476,0.0224367082118988,1,1,lamp
shapenet1184,bench,-1.647214140869768,46.333333333333336,0.2077987186671901,0.0978798866271972,0.0752103924751281,1,1,airplane
shapenet1186,bench,0.0,0.0,0.8684300969123336,0.1443558633327484,-0.0476050972938537,1,0,chair
shapenet1187,bench,0.0,0.0,0.6271328964455777,0.2303074598312378,0.1078817844390869,1,1,cabinet
shapenet1189,bench,0.0,0.0,0.4380058153383392,0.0340498387813568,-0.0876303315162658,0,0,watercraft
shapenet1190,bench,0.0,0.0,0.6609634678979922,0.0706607103347778,0.0095185935497283,1,0,watercraft
shapenet1191,bench,0.0,0.0,0.8928452622301483,0.0697821378707885,0.08463054895401,1,1,loudspeaker
shapenet1194,bench,0.0,0.0,0.984091939671147,-0.0032140016555786,0.0179488658905029,0,1,car
shapenet1196,bench,0.0,0.0,0.21519181392833295,0.2003258913755417,0.1713203489780426,1,1,airplane
shapenet1197,bench,0.0,0.0,0.41978972303484047,0.0821146368980407,-0.0333210825920105,1,0,watercraft
shapenet1199,bench,0.0,0.0,0.4206256014678938,0.1415894031524658,0.0202354788780212,1,0,watercraft
shapenet1200,bench,0.0,0.0,0.48060174510631165,0.228093147277832,0.0612848997116088,1,1,table
shapenet1201,bench,0.0,0.0,0.8000498630679834,0.1395239531993866,0.1125380992889404,1,1,table
shapenet1202,bench,0.0,0.0,0.19165398983726958,0.1290376782417297,0.1927480995655059,1,1,airplane
shapenet1208,bench,0.0,0.0,0.5133685732647367,0.1407667994499206,-0.0666841268539428,1,0,watercraft
shapenet1210,bench,0.0,0.0,0.5839117705770883,0.0936571955680847,-0.0666577219963073,1,0,sofa
shapenet1211,bench,-3.820066521982383,204.66666666666666,0.12537096369915013,0.0917762517929077,0.0171892046928405,1,1,lamp
shapenet1212,bench,0.0,0.0,0.9147291785046904,-0.0206360816955566,-0.0306013226509094,0,0,car
shapenet1215,bench,0.0,0.0,0.19847230381133962,0.1072810292243957,0.1521626114845276,1,1,airplane
shapenet1216,bench,0.0,0.0,0.44862888032919424,0.1317960321903228,0.0116339325904846,1,0,watercraft
shapenet1218,bench,0.0,0.0,0.7197299402853385,0.0952603220939636,0.1167070865631103,1,1,telephone
shapenet1220,bench,0.0,0.0,0.8198196995479602,0.1572631001472473,0.1703915894031524,1,1,car
shapenet1222,bench,0.0,0.0,0.6328192694112217,0.1501196324825287,0.0465555787086486,1,1,sofa
shapenet1224,bench,0.0,0.0,0.2425194611308875,0.2592378556728363,0.2359625697135925,1,1,airplane
shapenet1226,bench,0.0,0.0,0.8979222322610685,0.0298978090286254,-0.0412117838859558,0,0,loudspeaker
shapenet1227,bench,0.0,0.0,0.6669494437130857,0.1792804598808288,0.0872152000665664,1,1,table
shapenet1228,bench,0.0,0.0,0.28557216066868035,-0.0417916178703308,-0.0418864488601684,0,0,airplane
shapenet1232,bench,0.0,0.0,0.5185110625895568,0.0006155967712402,-0.0523683726787567,0,0,watercraft
shapenet1234,bench,0.0,0.0,0.879048739974314,0.1576301753520965,0.0737970471382141,1,1,chair
shapenet1241,bench,-6.348383606412464,571.3333333333334,0.028189249919359657,0.3032964766025543,0.1911015212535858,1,1,lamp
shapenet1242,bench,0.0,0.0,0.8231180252644604,0.0691307783126831,0.065611720085144,1,1,cabinet
shapenet1245,bench,0.0,0.0,0.25845799758803045,-0.0034836530685424,-0.0709108710289001,0,0,airplane
shapenet1250,bench,0.0,0.0,0.867723254683488,0.26123046875,0.1765789985656738,1,1,chair
shapenet1252,bench,0.0,0.0,0.5997988974907984,-0.0510368347167968,-0.0800297260284423,0,0,watercraft
shapenet1253,bench,0.0,0.0,0.5546311431141163,0.044630229473114,0.1112739741802215,1,1,watercraft
shapenet1255,bench,0.0,0.0,0.5395861854877041,0.1023700237274169,-0.0990599989891052,1,0,chair
shapenet1256,bench,0.0,0.0,0.32879358959621346,0.0660478472709655,0.0411356687545776,1,1,airplane
shapenet1258,bench,0.0,0.0,0.9214336002170674,0.1693998575210571,0.0757443904876709,1,1,car
shapenet1259,bench,0.0,0.0,0.8634943823949865,0.0645233392715454,0.0579676926136016,1,1,cabinet
shapenet1260,bench,0.0,0.0,0.799117120304393,-0.0615862905979156,-0.0567564666271209,0,0,car
shapenet1262,bench,0.0,0.0,0.7746649601708514,-0.1108691096305847,-0.0870117545127868,0,0,loudspeaker
shapenet1263,bench,0.0,0.0,0.4831151431297793,0.3758634328842163,0.2409015595912933,1,1,chair
shapenet1264,bench,0.0,0.0,0.9312441096222073,-0.1057154834270477,-0.0506225824356079,0,0,car
shapenet1267,bench,0.0,0.0,0.7525783905526318,-0.0559295415878295,-0.0879358649253845,0,0,display
shapenet1269,bench,0.0,0.0,0.8563870537059891,0.073034644126892,-0.1128704249858856,1,0,table
shapenet1271,bench,0.0,0.0,0.37996741532255357,0.1637054681777954,0.2400241494178772,1,1,watercraft
shapenet1273,bench,0.0,0.0,0.9149273638915414,-0.0819794535636901,-0.0987838506698608,0,0,car
shapenet1274,bench,0.0,0.0,0.6603227311812029,0.2186085730791092,0.0599015057086944,1,1,table
shapenet1275,bench,0.0,0.0,0.27396030841103,-0.0098779201507568,-0.02314954996109,0,0,airplane
shapenet1276,bench,0.0,0.0,0.7588618139822215,-0.018110305070877,0.0222522020339965,0,0,loudspeaker
shapenet1278,bench,-2.533634153180694,29.0,0.16439593179062897,0.2447134256362915,0.0547105073928833,1,1,bench
shapenet1279,bench,-0.46209812037329684,0.6666666666666666,0.5118092401244043,0.1581690907478332,0.1248415112495422,1,1,sofa
shapenet1283,bench,0.0,0.0,0.7159391566494878,-0.0074977278709411,0.0321806073188781,0,1,telephone
shapenet1285,bench,0.0,0.0,0.9377091814852752,0.1884491443634033,0.1744775772094726,1,1,cabinet
shapenet1286,bench,0.0,0.0,0.7018026988781269,0.1481382846832275,0.0578203797340393,1,1,table
shapenet1287,bench,0.0,0.0,0.4129825853903562,0.0332910418510437,0.023853451013565,1,0,lamp
shapenet1288,bench,0.0,0.0,0.9071414127605308,0.0100564360618591,0.0026432871818542,1,0,car
shapenet1290,bench,0.0,0.0,0.87843682607261,0.071424126625061,-0.0206902623176574,1,0,car
shapenet1292,bench,0.0,0.0,0.9397265174231825,-0.0014076828956604,-0.0366249680519104,0,0,cabinet
shapenet1294,bench,0.0,0.0,0.7998156977770975,0.0062867403030395,0.0520908832550048,0,1,telephone
shapenet1295,bench,0.0,0.0,0.48195157650641546,0.0713374018669128,-0.013943612575531,1,0,cabinet
shapenet1296,bench,0.0,0.0,0.744976975858476,0.2509136795997619,0.1303048133850097,1,1,chair
shapenet1297,bench,0.0,0.0,0.65591301592644,0.0289275348186492,-0.087397426366806,0,0,lamp
shapenet1298,bench,0.0,0.0,0.38218458819784557,0.2515643090009689,-0.0304311513900756,1,0,table
shapenet1299,bench,0.0,0.0,0.6585243578803431,0.0343797802925109,-0.0108265876770019,1,0,telephone
shapenet1300,bench,0.0,0.0,0.4384931149995406,-0.0299791693687438,-0.0670742690563201,0,0,watercraft
shapenet1303,bench,0.0,0.0,0.5894374609381104,0.0818899869918823,0.0482087135314941,1,1,table
shapenet1304,bench,0.0,0.0,0.24731998569024558,0.0458791851997375,0.1141688823699951,1,1,airplane
shapenet1306,bench,0.0,0.0,0.4209228322766507,0.0138242244720458,-0.0301522016525268,1,0,sofa
shapenet1308,bench,0.0,0.0,0.26601705999128433,0.0458948016166687,-0.0412774085998535,1,0,display
shapenet1310,bench,-0.46209812037329684,0.6666666666666666,0.496325187618003,0.0735830664634704,0.0020322203636169,1,0,loudspeaker
shapenet1312,bench,0.0,0.0,0.7878041954781617,0.3275022506713867,0.2861450910568237,1,1,chair
shapenet1314,bench,0.0,0.0,0.708560730665758,0.0663647651672363,-0.0241385698318481,1,0,cabinet
shapenet1315,bench,-5.913904372227108,418.3333333333333,0.027954556228132827,0.0808663368225097,-0.0929202437400817,1,0,bench
shapenet1316,bench,0.0,0.0,0.5105121628740593,0.1003891229629516,0.0384072959423065,1,0,watercraft
shapenet1317,bench,0.0,0.0,0.6458295859671471,0.1276245713233947,0.0221961736679077,1,1,telephone
shapenet1318,bench,0.0,0.0,0.6861981909879655,0.2363313734531402,0.0416124463081359,1,1,sofa
shapenet1320,bench,0.0,0.0,0.7381538705431806,-0.0462958514690399,-0.0521267652511596,0,0,car
shapenet1321,bench,0.0,0.0,0.49951784929221116,0.1257027387619018,0.1811056733131408,1,1,chair
shapenet1322,bench,0.0,0.0,0.7782261416706829,0.0619674921035766,0.0022336840629577,1,0,display
shapenet1324,bench,0.0,0.0,0.9068879572361178,0.0113466382026672,-0.0625313520431518,1,0,cabinet
shapenet1325,bench,0.0,0.0,0.34625254668043515,0.2112278342247009,0.2240466475486755,1,1,airplane
shapenet1328,bench,0.0,0.0,0.5157554540867407,-0.020524263381958,-0.0170623064041137,0,0,cabinet
shapenet1330,bench,0.0,0.0,0.9424187465124184,-0.0780698060989379,0.0023592710494995,0,0,car
shapenet1333,bench,-0.23104906018664842,0.3333333333333333,0.4199513765338301,0.1989504396915435,0.1400061249732971,1,1,sofa
shapenet1337,bench,0.0,0.0,0.4054219275589203,0.0309605002403259,-0.0612450242042541,1,0,watercraft
shapenet1339,bench,0.0,0.0,0.4460562239416579,-0.0358025431632995,0.0218293070793151,0,0,watercraft
shapenet1341,bench,0.0,0.0,0.9548120185949026,-0.0976873934268951,-0.0259963870048522,0,0,car
shapenet1347,bench,-4.015631728640689,274.6666666666667,0.1597489226532668,0.0480480790138244,0.0497165322303772,1,1,watercraft
shapenet1349,bench,-0.46209812037329684,0.6666666666666666,0.4542221325202254,0.1754910945892334,0.0098820328712463,1,1,sofa
shapenet1351,bench,0.0,0.0,0.1915915522905236,0.0284833908081054,-0.1281042695045471,1,0,airplane
shapenet1353,bench,0.0,0.0,0.22874714741931457,0.0259000062942504,0.011461853981018,1,0,airplane
shapenet1354,bench,-0.23104906018664842,0.3333333333333333,0.552403638927227,0.0340791940689086,0.13924640417099,1,1,sofa
shapenet1357,bench,0.0,0.0,0.7971504353290424,0.1254058480262756,0.1531468033790588,1,1,chair
shapenet1358,bench,0.0,0.0,0.8842573122093221,0.158980131149292,0.0548915863037109,1,1,telephone
shapenet1359,bench,0.0,0.0,0.95352449350438,-0.0011066198348999,-0.0677734315395355,0,0,car
shapenet1360,bench,0.0,0.0,0.6891325413140654,0.001240849494934,0.0815763473510742,1,1,display
shapenet1361,bench,0.0,0.0,0.8132990351782202,0.2530592530965805,0.1332599520683288,1,1,chair
shapenet1362,bench,0.0,0.0,0.17470363368257621,-0.0144305825233459,0.2001701593399047,0,1,airplane
shapenet1364,bench,-0.7324081924454066,1.3333333333333333,0.5247274964531187,0.0786831974983215,-0.0023027658462524,1,0,sofa
shapenet1369,bench,0.0,0.0,0.9151707272810815,0.0665774345397949,0.0285881161689758,1,0,car
shapenet1372,bench,0.0,0.0,0.9749605412119303,-0.0979573130607605,-0.0846184492111206,0,0,cabinet
shapenet1375,bench,0.0,0.0,0.22635469646851294,0.2212546467781067,0.2516615986824035,1,1,airplane
shapenet1377,bench,0.0,0.0,0.6195974908834352,0.0215359926223754,-0.019837737083435,0,0,watercraft
shapenet1378,bench,-2.1063227045821447,184.66666666666666,0.37451431344900904,0.0623462796211242,0.123207002878189,1,1,watercraft
shapenet1380,bench,0.0,0.0,0.5868823800572617,0.0393734574317932,-0.034300684928894,0,0,loudspeaker
shapenet1381,bench,0.0,0.0,0.8944139464912317,0.0196164846420288,0.0163037180900573,1,0,car
shapenet1383,bench,0.0,0.0,0.8842008693627227,-0.0592793822288513,-0.0893880128860473,0,0,loudspeaker
shapenet1386,bench,0.0,0.0,0.6541284917177838,0.0065756440162658,-0.0486639142036438,0,0,display
shapenet1390,bench,0.0,0.0,0.5418665291944761,-0.0105764865875244,-0.0018378496170043,0,0,telephone
shapenet1391,bench,0.0,0.0,0.4958898158586189,0.1478126049041748,0.0870592892169952,1,1,loudspeaker
shapenet1392,bench,0.0,0.0,0.40821866114836153,0.2119653224945068,0.0623784959316253,1,1,telephone
shapenet1393,bench,-1.492445604826069,29.0,0.3200407422148522,0.0268406867980957,0.0460767447948455,1,1,watercraft
shapenet1394,bench,0.0,0.0,0.7457510669174138,-0.0353601574897766,-0.0540354251861572,0,0,cabinet
shapenet1396,bench,0.0,0.0,0.2326345734838855,-0.0581860542297363,0.0044541358947753,0,0,airplane
shapenet1397,bench,0.0,0.0,0.41148721823358586,0.1783247590065002,0.0369684100151062,1,0,chair
shapenet1401,bench,0.0,0.0,0.34475129096394896,0.0314610004425048,0.0131690502166748,1,1,airplane
shapenet1402,bench,0.0,0.0,0.7400816956170857,0.1940687894821167,0.1425019204616546,1,1,chair
shapenet1404,bench,0.0,0.0,0.9453628143014638,0.0244692265987396,0.0062756240367889,0,0,car
shapenet1406,bench,0.0,0.0,0.2372633426273013,0.2363395094871521,0.3007927983999252,1,1,airplane
shapenet1411,bench,-0.23104906018664842,0.3333333333333333,0.40796001082896255,0.1341282725334167,-0.0718332529067993,1,0,sofa
shapenet1413,bench,-6.076990656241464,438.0,0.032914231833081245,0.2707671672105789,0.1350704431533813,1,1,bench
shapenet1418,bench,0.0,0.0,0.9091753475330662,-0.1007517278194427,-0.0357309579849243,0,0,car
shapenet1419,bench,0.0,0.0,0.6562996581977513,-0.0736970901489257,-0.0601184368133544,0,0,table
shapenet1421,bench,0.0,0.0,0.5943874653692708,-0.0582875311374664,-0.0841362178325653,0,0,watercraft
shapenet1422,bench,0.0,0.0,0.22007422285818487,0.1037611365318298,0.0270657539367675,1,0,airplane
shapenet1423,bench,0.0,0.0,0.9066448866939002,0.0368326902389526,0.011841595172882,1,0,telephone
shapenet1427,bench,0.0,0.0,0.8842067956482714,0.0286616683006286,0.0036223232746124,1,0,display
shapenet1428,bench,0.0,0.0,0.8906529695899817,-0.0229759216308593,0.0156983733177185,0,1,car
shapenet1429,bench,0.0,0.0,0.7764265934930341,0.0962055921554565,0.0356457233428955,1,1,sofa
shapenet1433,bench,0.0,0.0,0.9339168481415019,0.0032537579536437,0.0484888553619384,0,1,car
shapenet1435,bench,0.0,0.0,0.522838557855067,0.3676266074180603,0.2590386867523193,1,1,bench
shapenet1436,bench,0.0,0.0,0.2715553200676544,0.0027322173118591,-0.0135230422019958,0,0,airplane
shapenet1439,bench,0.0,0.0,0.8856081961615487,-0.0387655794620513,-0.0303328335285186,0,0,lamp
shapenet1441,bench,0.0,0.0,0.22814731289069323,0.2961704134941101,0.2989781647920608,1,1,airplane
shapenet1445,bench,0.0,0.0,0.22214974622293907,0.1019812822341919,0.1273740828037262,1,1,airplane
shapenet1448,bench,0.0,0.0,0.8475391811258693,0.0370944142341613,0.0211828351020813,1,0,cabinet
shapenet1449,bench,0.0,0.0,0.42333527300422497,0.0813021957874298,-0.092201292514801,1,0,cabinet
shapenet1451,bench,0.0,0.0,0.7996550805141766,0.092683732509613,0.0839506983757019,1,1,display
shapenet1455,bench,0.0,0.0,0.28338971952702385,0.1975494027137756,0.2689354419708252,1,1,airplane
shapenet1460,bench,0.0,0.0,0.8259092030629026,0.1257360577583313,0.1210862696170806,1,1,telephone
shapenet1466,bench,0.0,0.0,0.2327070817240243,0.0614626407623291,0.0665410161018371,1,1,airplane
shapenet1468,bench,0.0,0.0,0.9179833766051018,-0.069557249546051,-0.0724620223045349,0,0,car
shapenet1470,bench,0.0,0.0,0.3977869653382123,0.093582808971405,0.066514253616333,1,1,chair
shapenet1472,bench,0.0,0.0,0.24371743174011273,0.1429207623004913,0.1541776061058044,1,1,airplane
shapenet1473,bench,0.0,0.0,0.1397550826387883,0.0011406540870666,-0.0264171659946441,0,0,watercraft
shapenet1474,bench,0.0,0.0,0.912636634095969,-0.0051734447479248,-0.0212944746017456,0,0,car
shapenet1475,bench,0.0,0.0,0.9147308055618598,0.110752522945404,0.0465022921562194,1,1,cabinet
shapenet1477,bench,0.0,0.0,0.7654094900868667,0.2390648573637008,0.1609391570091247,1,1,lamp
shapenet1478,bench,0.0,0.0,0.21166874027643004,0.1259344518184662,0.2385966181755066,1,1,airplane
shapenet1479,bench,0.0,0.0,0.9011419707803441,-0.0052343010902404,0.0612667202949523,0,1,car
shapenet1480,bench,0.0,0.0,0.7953392113520249,-0.0724907219409942,-0.0533498525619506,0,0,cabinet
shapenet1484,bench,-4.059363250297897,293.3333333333333,0.24639700436157919,0.0112057626247406,-0.0063869357109069,0,0,telephone
shapenet1486,bench,0.0,0.0,0.5417752840458175,0.1198441982269287,0.1304951906204223,1,1,table
shapenet1487,bench,0.0,0.0,0.8891637532956295,0.0602105855941772,-0.0183818340301513,1,0,telephone
shapenet1489,bench,0.0,0.0,0.42089662103317976,0.0152687728404998,-0.0345554053783416,1,0,loudspeaker
shapenet1491,bench,0.0,0.0,0.6408069173821321,0.1470927298069,0.234607994556427,1,1,chair
shapenet1494,bench,-4.1588830833596715,340.6666666666667,0.26452393190192036,0.0653460174798965,-0.089490532875061,1,0,bench
shapenet1495,bench,0.0,0.0,0.4841249804802714,0.098554253578186,0.1683225631713867,1,1,cabinet
shapenet2,cabinet,-1.598596848532247,6.666666666666667,0.27405127551728997,0.1816470026969909,0.0241907835006713,1,1,loudspeaker
shapenet3,cabinet,0.0,0.0,0.47002442549853846,0.0417716801166534,0.1602188944816589,0,1,bench
shapenet4,cabinet,0.0,0.0,0.398204689659015,0.248600959777832,0.2167392373085022,1,1,airplane
shapenet5,cabinet,0.0,0.0,0.6718896372386353,0.0642994046211242,0.0364487171173095,1,0,sofa
shapenet6,cabinet,0.0,0.0,0.3464132236344939,0.1035366654396057,0.0723785758018493,1,1,bench
shapenet10,cabinet,0.0,0.0,0.5081161726772662,-0.1747529506683349,-0.1119518280029296,0,0,display
shapenet11,cabinet,-0.46209812037329684,0.6666666666666666,0.3452229787864179,-0.0106546878814697,0.0410408675670623,0,1,watercraft
shapenet13,cabinet,0.0,0.0,0.4942819185435261,0.1815609335899353,0.0926105976104736,1,1,airplane
shapenet15,cabinet,-0.8283022165960001,1.3333333333333333,0.2865591285224765,0.1379246488213539,0.089080661535263,1,1,cabinet
shapenet18,cabinet,0.0,0.0,0.7408374640051675,0.1528621912002563,0.1286601424217224,1,1,table
shapenet19,cabinet,0.0,0.0,0.7143956411855273,0.1838261783123016,0.0506073832511901,1,0,chair
shapenet20,cabinet,-0.7324081924454066,1.3333333333333333,0.2645720112582169,0.0674754381179809,0.0637953877449035,1,1,bench
shapenet22,cabinet,0.0,0.0,0.43387651824141876,0.1657659411430359,0.1911988854408264,1,1,chair
shapenet23,cabinet,0.0,0.0,0.4403870152507053,-0.1258329153060913,-0.0585803687572479,0,0,loudspeaker
shapenet24,cabinet,-1.2296264847046456,3.6666666666666665,0.253904200639234,0.0400989651679992,0.0579293370246887,1,1,cabinet
shapenet25,cabinet,0.0,0.0,0.7888445716786291,0.1833933591842651,0.2099210619926452,1,1,chair
shapenet26,cabinet,0.0,0.0,0.692580804839535,0.004630833864212,-0.0800977349281311,0,0,watercraft
shapenet28,cabinet,0.0,0.0,0.44096579141442277,0.0573490262031555,-0.0009410977363586,1,0,airplane
shapenet35,cabinet,0.0,0.0,0.4369521711223894,0.117678701877594,0.0031989216804504,1,0,telephone
shapenet37,cabinet,0.0,0.0,0.666863389925087,-0.006704568862915,-0.0654328465461731,0,0,display
shapenet41,cabinet,-2.138910760837442,8.666666666666666,0.2044921279805403,0.2718997001647949,-0.03516685962677,1,0,cabinet
shapenet42,cabinet,-1.3862943611198906,4.666666666666667,0.28167961611204,0.2998055815696716,0.0765052437782287,1,1,loudspeaker
shapenet46,cabinet,-0.46209812037329684,0.6666666666666666,0.43717479358304634,0.0586606264114379,0.0792386829853057,0,1,table
shapenet49,cabinet,0.0,0.0,0.48983959620517964,0.065544307231903,0.0554926395416259,1,1,airplane
shapenet50,cabinet,0.0,0.0,0.6122184820551194,0.0593054890632629,-0.00068199634552,1,0,display
shapenet53,cabinet,0.0,0.0,0.8619047523559793,-0.0411374568939209,-0.0308929681777954,0,0,car
shapenet55,cabinet,-0.46209812037329684,0.6666666666666666,0.39534647917966836,0.0270386338233947,0.0740576386451721,1,1,telephone
shapenet57,cabinet,-0.7324081924454066,2.6666666666666665,0.4762486601580614,0.2075280845165252,0.3005216121673584,1,1,loudspeaker
shapenet62,cabinet,-1.3862943611198906,4.666666666666667,0.2957602399311074,-0.1107851266860961,-0.1298196613788604,0,0,loudspeaker
shapenet71,cabinet,0.0,0.0,0.4287300241537307,0.1493718922138214,0.1618518531322479,1,1,airplane
shapenet72,cabinet,0.0,0.0,0.43564270431867275,0.0721189379692077,0.1164968013763427,1,1,airplane
shapenet73,cabinet,0.0,0.0,0.4175938823473891,0.0449603796005249,-0.0672264099121093,1,0,watercraft
shapenet74,cabinet,0.0,0.0,0.5170790345726345,0.068265289068222,-0.0312279760837554,1,0,chair
shapenet75,cabinet,0.0,0.0,0.45811961071075186,-0.0333896279335022,-0.0595597624778747,0,0,airplane
shapenet80,cabinet,0.0,0.0,0.522410930978695,0.0818636417388916,0.0355584025382995,1,0,telephone
shapenet82,cabinet,-0.7324081924454066,1.3333333333333333,0.33024979507050156,-0.0572973191738128,-0.0057975053787231,0,0,bench
shapenet83,cabinet,-2.4917797455222455,11.333333333333334,0.2217237122650014,0.0176791101694107,-0.0697695016860961,0,0,cabinet
shapenet86,cabinet,-0.7324081924454066,1.3333333333333333,0.3004813266933187,0.1007460355758667,-0.010015457868576,1,0,bench
shapenet87,cabinet,0.0,0.0,0.42805747267158295,0.102762371301651,0.0677871406078338,1,1,airplane
shapenet90,cabinet,-0.3662040962227033,0.6666666666666666,0.2953334675919791,0.079395443201065,0.1438702940940857,1,1,bench
shapenet91,cabinet,-0.46209812037329684,0.6666666666666666,0.43341089448408415,-0.0279471278190612,-0.1352855563163757,0,0,loudspeaker
shapenet97,cabinet,0.0,0.0,0.9279883698056689,-0.0482827723026275,-0.0528821349143981,0,0,car
shapenet101,cabinet,0.0,0.0,0.4007805371242577,0.0662857294082641,0.1374700367450714,0,1,bench
shapenet102,cabinet,0.0,0.0,0.43796120125591514,0.033581256866455,0.1193779408931732,1,1,bench
shapenet103,cabinet,0.0,0.0,0.5251312431642138,-0.0123696327209472,0.027547538280487,0,1,airplane
shapenet104,cabinet,0.0,0.0,0.42396400400169426,0.13369220495224,0.0419152379035949,1,1,airplane
shapenet107,cabinet,0.0,0.0,0.8859303591872806,-0.081086054444313,-0.0259132087230682,0,0,car
shapenet110,cabinet,0.0,0.0,0.4544263098974175,0.1460325121879577,0.0757603645324707,1,1,watercraft
shapenet112,cabinet,-0.46209812037329684,0.6666666666666666,0.2986572554950777,0.1837554574012756,0.0573135018348693,1,1,cabinet
shapenet115,cabinet,0.0,0.0,0.5507295645580519,-0.07216477394104,0.0159212350845336,0,0,display
shapenet116,cabinet,0.0,0.0,0.8621870905563985,0.0973013639450073,0.0146422386169433,1,0,car
shapenet118,cabinet,0.0,0.0,0.6362891217090295,0.1742771565914154,0.0405457317829132,1,0,chair
shapenet119,cabinet,0.0,0.0,0.5990969032641975,0.0276990234851837,-0.06917405128479,0,0,chair
shapenet120,cabinet,-0.7324081924454066,1.3333333333333333,0.3051697928454897,0.02519953250885,0.0732601284980773,1,1,bench
shapenet123,cabinet,0.0,0.0,0.4122162754506162,0.0502746105194091,0.0454006791114807,0,1,telephone
shapenet124,cabinet,0.0,0.0,0.933310765353895,-0.0607649087905883,-0.0428165197372436,0,0,car
shapenet125,cabinet,0.0,0.0,0.525816073143299,0.1273447871208191,0.0512470602989196,1,0,sofa
shapenet126,cabinet,-0.9241962407465937,2.0,0.2772706191626672,0.0304223299026489,-0.0086700320243835,1,0,chair
shapenet128,cabinet,0.0,0.0,0.4609063498463652,0.1301041543483734,0.0334146916866302,1,1,lamp
shapenet129,cabinet,-1.0729586082894003,2.6666666666666665,0.2739787180503908,-0.0302616357803344,-0.0149354636669158,0,0,watercraft
shapenet133,cabinet,0.0,0.0,0.3719538465680288,-0.0004791617393493,-0.0082961320877075,0,0,lamp
shapenet134,cabinet,-2.6269347815583006,15.0,0.16750682597817634,0.3885866403579712,0.0987787246704101,1,1,loudspeaker
shapenet136,cabinet,0.0,0.0,0.7643399994953844,0.0222258269786834,-0.004727303981781,0,0,watercraft
shapenet142,cabinet,0.0,0.0,0.3098669783771642,0.2110106945037841,0.2693129777908325,1,1,bench
shapenet144,cabinet,-3.1695304652590655,26.0,0.11268126609435121,0.0339861959218978,0.0823929905891418,0,1,cabinet
shapenet148,cabinet,0.0,0.0,0.7291559303787535,0.1099335849285125,0.0157907009124755,1,0,watercraft
shapenet151,cabinet,-0.5364793041447001,1.3333333333333333,0.41798985538225214,0.3010282963514328,0.0378164649009704,1,1,loudspeaker
shapenet152,cabinet,0.0,0.0,0.8284485685923005,0.1081408560276031,0.0681538879871368,1,1,watercraft
shapenet153,cabinet,-3.7503037130890085,41.666666666666664,0.08451189829775192,0.1237531602382659,-0.0997340083122253,1,0,cabinet
shapenet154,cabinet,0.0,0.0,0.8733867934261794,0.1830559074878692,0.0678203701972961,1,1,car
shapenet156,cabinet,0.0,0.0,0.4974317487143489,0.1696914732456207,0.1605275571346283,1,1,airplane
shapenet157,cabinet,-1.1552453009332422,3.0,0.2083657766777145,0.319058358669281,0.1102774143218994,1,1,loudspeaker
shapenet160,cabinet,0.0,0.0,0.7865987612928912,-0.0129992961883544,-0.0514995455741882,0,0,table
shapenet161,cabinet,0.0,0.0,0.4395014981541377,-0.0637464523315429,-0.0349398851394653,0,0,telephone
shapenet162,cabinet,-0.7992984242661235,3.3333333333333335,0.21749649323160777,-0.0895838141441345,-0.1361637115478515,0,0,loudspeaker
shapenet163,cabinet,0.0,0.0,0.41020298558062435,0.1549527645111084,0.1576379537582397,1,1,airplane
shapenet164,cabinet,0.0,0.0,0.44184406556806377,0.102017194032669,0.0535483360290527,1,1,airplane
shapenet165,cabinet,0.0,0.0,0.907471082713633,-0.129607617855072,-0.0400231480598449,0,0,car
shapenet167,cabinet,0.0,0.0,0.37196895789015105,-0.0120050311088562,0.0117198228836059,0,0,bench
shapenet169,cabinet,0.0,0.0,0.41573773325089286,0.1394981741905212,0.2161377370357513,1,1,telephone
shapenet171,cabinet,0.0,0.0,0.9006253437982549,0.0182951390743255,0.0421214997768402,0,0,car
shapenet172,cabinet,0.0,0.0,0.47399751521335576,-0.0270403027534484,-0.0906313061714172,0,0,airplane
shapenet176,cabinet,0.0,0.0,0.5977704269465253,0.0912445187568664,0.0840274095535278,1,1,table
shapenet178,cabinet,0.0,0.0,0.7329540841748585,0.1602281481027603,0.0885592997074127,1,1,watercraft
shapenet179,cabinet,-0.9814796597221468,6.0,0.4757986229534407,0.2448945790529251,-0.0824221968650817,1,0,cabinet
shapenet184,cabinet,0.0,0.0,0.5712890385315427,0.0413649976253509,0.0380235612392425,1,1,chair
shapenet185,cabinet,-0.23104906018664842,0.3333333333333333,0.37940517920505745,0.0808208584785461,0.0763335227966308,1,1,sofa
shapenet186,cabinet,0.0,0.0,0.7223549940293919,0.3821302801370621,0.2805329263210296,1,1,chair
shapenet191,cabinet,0.0,0.0,0.5820052252490138,0.0312788784503936,-0.0038683712482452,0,0,watercraft
shapenet192,cabinet,0.0,0.0,0.6031750924843936,0.1910063028335571,0.0491095781326293,1,1,table
shapenet193,cabinet,0.0,0.0,0.48061393985339046,0.1987806856632232,0.1030685901641845,1,1,telephone
shapenet194,cabinet,-2.7426366125324946,15.666666666666666,0.15431524554957063,0.0078965425491333,0.1713669300079345,0,1,cabinet
shapenet196,cabinet,0.0,0.0,0.9039310869358715,0.0236851871013641,0.0309870839118957,0,1,car
shapenet197,cabinet,0.0,0.0,0.426450817745251,-0.0597005486488342,-0.1303233504295349,0,0,bench
shapenet199,cabinet,0.0,0.0,0.4259540962190797,0.1726976037025451,0.1953926086425781,1,1,airplane
shapenet200,cabinet,0.0,0.0,0.4049373455331511,0.021879032254219,0.0549777746200561,1,1,lamp
shapenet203,cabinet,0.0,0.0,0.6121124509604859,-0.0498838126659393,-0.0391791462898254,0,0,watercraft
shapenet204,cabinet,0.0,0.0,0.7082352620217632,0.0868922173976898,0.0291329026222229,1,0,chair
shapenet210,cabinet,0.0,0.0,0.6087535244958953,0.0365027785301208,0.0641681551933288,1,1,display
shapenet211,cabinet,0.0,0.0,0.9034686154877599,-0.0632508695125579,-0.0561562776565551,0,0,car
shapenet213,cabinet,0.0,0.0,0.39602267565438626,-0.0967060923576355,0.0155926942825317,0,0,telephone
shapenet214,cabinet,0.0,0.0,0.7822518616757176,0.1901896297931671,0.1882888078689575,1,1,car
shapenet215,cabinet,0.0,0.0,0.47464866017981966,0.1283229887485504,0.1219865679740905,1,1,table
shapenet216,cabinet,0.0,0.0,0.36712388189889994,0.1681955754756927,0.1671299040317535,1,1,airplane
shapenet220,cabinet,0.0,0.0,0.7570325965772912,0.0870310366153717,0.0872367024421691,1,1,watercraft
shapenet226,cabinet,0.0,0.0,0.5575719671453673,0.0293709635734558,-0.0244661569595336,1,0,sofa
shapenet227,cabinet,-1.8876534933786484,5.666666666666667,0.2411859501772001,0.142256885766983,0.0559582710266113,1,1,lamp
shapenet228,cabinet,0.0,0.0,0.39146844724485724,0.1445615887641906,0.1204927265644073,1,1,telephone
shapenet230,cabinet,0.0,0.0,0.49660951175607826,0.1797185540199279,0.0564455986022949,1,1,lamp
shapenet231,cabinet,-0.8549831191538456,4.0,0.281621526680854,-0.0235939621925354,0.1392593383789062,0,1,cabinet
shapenet232,cabinet,0.0,0.0,0.668136865805743,0.1691562235355377,0.1533192992210388,1,1,chair
shapenet233,cabinet,0.0,0.0,0.7395123132365828,0.0769771039485931,-0.0712139904499054,1,0,table
shapenet236,cabinet,-2.615920845824536,13.0,0.1998581496300574,-0.0035742819309234,-0.0117807388305664,0,0,cabinet
shapenet237,cabinet,0.0,0.0,0.5489345901420438,0.0402014255523681,0.0825773775577545,0,1,watercraft
shapenet239,cabinet,0.0,0.0,0.4747764766306935,0.0338815450668334,-0.0520530045032501,1,0,watercraft
shapenet240,cabinet,0.0,0.0,0.47385232954549644,0.2093392610549926,0.1644455790519714,1,1,telephone
shapenet241,cabinet,-1.8483924814931874,10.0,0.22105422909349817,0.222469300031662,0.0736196935176849,1,1,table
shapenet242,cabinet,0.0,0.0,0.8358032868706203,-0.1112031638622284,0.0006163716316223,0,0,sofa
shapenet243,cabinet,0.0,0.0,0.6561100363345201,0.1350781023502349,0.1334666609764099,1,1,bench
shapenet244,cabinet,0.0,0.0,0.518981064917058,0.0261571407318115,0.0553928613662719,0,0,airplane
shapenet248,cabinet,-0.23104906018664842,0.3333333333333333,0.34455240547605137,0.1669652462005615,0.0842035412788391,1,1,lamp
shapenet249,cabinet,-3.0642624042428643,21.666666666666668,0.12585917559762053,-0.001397430896759,0.129124641418457,0,1,cabinet
shapenet250,cabinet,0.0,0.0,0.9245793979206424,-0.0699764490127563,-0.0267992317676544,0,0,car
shapenet252,cabinet,-0.7992984242661235,3.3333333333333335,0.27302114429496066,0.2375176846981048,-0.081162542104721,1,0,cabinet
shapenet255,cabinet,0.0,0.0,0.7137207050940823,0.0303241610527038,-0.0135300457477569,0,0,watercraft
shapenet257,cabinet,0.0,0.0,0.4024831104638383,0.2194049954414367,0.2824626266956329,1,1,airplane
shapenet260,cabinet,0.0,0.0,0.6961882453659665,0.1138736307621002,0.0861705243587493,1,1,chair
shapenet262,cabinet,0.0,0.0,0.8195114313660188,0.0078030824661254,-0.1050143241882324,0,0,chair
shapenet264,cabinet,0.0,0.0,0.47767717311016195,-0.0056610107421875,0.0217524766921997,0,1,airplane
shapenet265,cabinet,-3.255201281724247,31.333333333333332,0.11839151536459387,0.2438399940729141,0.004560649394989,1,0,cabinet
shapenet266,cabinet,-1.8038820172850132,6.333333333333333,0.2602972158007813,-0.0145089626312255,0.0601649284362793,0,1,loudspeaker
shapenet268,cabinet,0.0,0.0,0.6971549010408719,0.0069596171379089,-0.0165807902812957,0,0,chair
shapenet269,cabinet,-0.7324081924454066,1.3333333333333333,0.2919984650318958,0.0447645187377929,0.0839261412620544,1,1,display
shapenet271,cabinet,0.0,0.0,0.6830649988002021,0.0667106509208679,0.0667964816093444,1,1,chair
shapenet275,cabinet,0.0,0.0,0.46984067580491673,0.0652773976325988,0.0330288410186767,1,1,airplane
shapenet276,cabinet,0.0,0.0,0.5922138713563001,0.097220242023468,0.0480973720550537,1,1,display
shapenet278,cabinet,0.0,0.0,0.6314633469884671,0.1954879164695739,0.0654579997062683,1,1,watercraft
shapenet280,cabinet,0.0,0.0,0.33698318488399465,0.0123476386070251,-0.0603362917900085,0,0,bench
shapenet281,cabinet,0.0,0.0,0.4796562922977537,0.0346685051918029,0.0092536807060241,1,1,airplane
shapenet282,cabinet,0.0,0.0,0.7561272926347713,0.1574046909809112,0.0400300920009613,1,1,sofa
shapenet284,cabinet,0.0,0.0,0.49283314845872256,0.0110754072666168,-0.0648369789123535,0,0,sofa
shapenet285,cabinet,-0.46209812037329684,0.6666666666666666,0.27569824419725636,0.0345402956008911,-0.0547962188720703,1,0,loudspeaker
shapenet288,cabinet,-0.9241962407465937,2.0,0.26662514778639906,0.040667325258255,0.0883724689483642,1,1,cabinet
shapenet289,cabinet,0.0,0.0,0.6996564263671442,0.1303159594535827,0.0571181774139404,1,1,chair
shapenet293,cabinet,0.0,0.0,0.5413707777481925,0.0677862763404846,0.0921261012554168,1,1,airplane
shapenet294,cabinet,0.0,0.0,0.5268145385267817,-0.0412206351757049,-0.0136311948299407,0,0,watercraft
shapenet295,cabinet,0.0,0.0,0.4335373091709225,0.1245924234390258,0.1999466717243194,1,1,airplane
shapenet299,cabinet,0.0,0.0,0.46015290547564786,-0.101523756980896,-0.0583379864692688,0,0,display
shapenet300,cabinet,0.0,0.0,0.40935250824488484,0.0539066791534423,0.023289144039154,1,1,telephone
shapenet302,cabinet,0.0,0.0,0.9250094261555413,-0.1372793912887573,-0.0698298215866088,0,0,car
shapenet303,cabinet,0.0,0.0,0.4157508969212021,0.2943348884582519,0.1836393475532531,1,1,display
shapenet304,cabinet,0.0,0.0,0.6141446954257329,0.2390560209751129,0.2207830548286438,1,1,chair
shapenet305,cabinet,-3.2183420644125427,25.333333333333332,0.11678544289082726,-0.0424935817718505,0.0379602313041687,0,1,cabinet
shapenet306,cabinet,0.0,0.0,0.7132962993050201,0.1041327714920044,0.1116411089897155,1,1,watercraft
shapenet307,cabinet,0.0,0.0,0.3298741056164763,0.0039616823196411,0.0181712508201599,0,1,chair
shapenet308,cabinet,0.0,0.0,0.443233575411611,-0.0213410258293151,-0.0062736272811889,0,0,airplane
shapenet310,cabinet,-0.3662040962227033,0.6666666666666666,0.3442456709154889,0.2086875140666961,0.0479352474212646,1,1,bench
shapenet311,cabinet,0.0,0.0,0.7247016508534391,-0.0046908259391784,-0.0052577853202819,0,0,sofa
shapenet321,cabinet,0.0,0.0,0.4134066090356372,-0.0559560060501098,-0.058578073978424,0,0,sofa
shapenet323,cabinet,0.0,0.0,0.42138428855645854,-0.0533391237258911,-0.0370676517486572,0,0,airplane
shapenet328,cabinet,0.0,0.0,0.4649225639197472,0.1543066501617431,0.1250616312026977,1,1,table
shapenet330,cabinet,0.0,0.0,0.3624079169548034,0.1957196295261383,0.2286310195922851,1,1,airplane
shapenet332,cabinet,0.0,0.0,0.3876325534281555,0.1711153388023376,0.1926169395446777,1,1,airplane
shapenet333,cabinet,0.0,0.0,0.5687675341904047,-0.0544911623001098,-0.0475676953792572,0,0,telephone
shapenet335,cabinet,0.0,0.0,0.4796934664663451,-0.069501519203186,-0.0511876344680786,0,0,lamp
shapenet337,cabinet,-2.609478786385862,15.333333333333334,0.2954802327486113,0.1226547062397003,-0.0857526063919067,1,0,cabinet
shapenet345,cabinet,0.0,0.0,0.33294434029901593,0.1505330204963684,0.1732369661331176,1,1,airplane
shapenet346,cabinet,-0.46209812037329684,0.6666666666666666,0.37999616181833334,-0.0427908301353454,-0.0730123519897461,0,0,telephone
shapenet347,cabinet,0.0,0.0,0.5904043200261253,-0.012752741575241,-0.0074700713157653,0,0,watercraft
shapenet348,cabinet,0.0,0.0,0.42286800619027304,0.1362916231155395,0.0185957551002502,1,0,bench
shapenet350,cabinet,-0.7324081924454066,1.3333333333333333,0.3792953691254442,0.1794244647026062,0.1310572922229766,1,1,table
shapenet351,cabinet,0.0,0.0,0.5079124011475343,0.0385271310806274,0.0160931348800659,0,0,telephone
shapenet352,cabinet,0.0,0.0,0.7602359739405263,-0.0222315788269042,0.0467656552791595,0,1,watercraft
shapenet355,cabinet,-0.8549831191538456,4.0,0.25971863377772836,0.1099594831466674,-0.0178040266036987,1,0,cabinet
shapenet356,cabinet,0.0,0.0,0.576355684046885,0.2021405696868896,0.10286545753479,1,1,watercraft
shapenet358,cabinet,0.0,0.0,0.5240383311118358,-0.0099998414516448,0.057732880115509,0,1,watercraft
shapenet359,cabinet,0.0,0.0,0.406643466467393,-0.0208700299263,-0.0478738546371459,0,0,chair
shapenet361,cabinet,-0.23104906018664842,0.3333333333333333,0.3837347890077732,0.4181795120239258,0.2869221270084381,1,1,lamp
shapenet363,cabinet,0.0,0.0,0.7536185909693329,-0.0797541290521621,-0.063596487045288,0,0,car
shapenet366,cabinet,0.0,0.0,0.5494542281757583,0.0977236032485961,0.0049522519111633,1,0,table
shapenet368,cabinet,0.0,0.0,0.46149550820738305,0.0299639701843261,0.0200671553611755,1,1,sofa
shapenet370,cabinet,0.0,0.0,0.5209547173495609,0.0130370259284973,-0.0029332041740417,0,0,display
shapenet372,cabinet,0.0,0.0,0.631715125206547,-0.1072303056716919,-0.0663862526416778,0,0,chair
shapenet374,cabinet,-0.6931471805599453,2.3333333333333335,0.39108761585754376,-0.0101875066757202,0.016306459903717,0,1,lamp
shapenet375,cabinet,0.0,0.0,0.9214002165671689,0.0087674856185913,-0.0518829822540283,0,0,car
shapenet376,cabinet,-0.46209812037329684,0.6666666666666666,0.24353081086258532,0.1214725375175476,0.0510373711585998,1,1,loudspeaker
shapenet377,cabinet,0.0,0.0,0.9305423955438532,-0.0710199475288391,-0.0024123787879943,0,0,car
shapenet378,cabinet,0.0,0.0,0.426386652763496,-0.0074002742767333,-0.0633582472801208,0,0,airplane
shapenet379,cabinet,0.0,0.0,0.7666583616701313,0.1240005493164062,0.1614041328430175,1,1,chair
shapenet380,cabinet,0.0,0.0,0.496788044195497,-0.0250874757766723,-0.0214902162551879,0,0,telephone
shapenet385,cabinet,0.0,0.0,0.35305970416495996,-0.0191972851753234,-0.0113636851310729,0,0,watercraft
shapenet387,cabinet,0.0,0.0,0.5429324258758497,0.1824105381965637,-0.0022946596145629,1,0,table
shapenet388,cabinet,-0.23104906018664842,0.3333333333333333,0.6823437233113744,-0.1107128262519836,0.0488553047180175,0,1,chair
shapenet389,cabinet,-2.794477733745571,19.0,0.1504924429422071,0.1856977045536041,-0.0395524501800537,1,0,cabinet
shapenet392,cabinet,-0.9241962407465937,2.0,0.30361016542433905,0.1046866178512573,0.0144106745719909,1,0,display
shapenet393,cabinet,0.0,0.0,0.4788122487647651,0.163882315158844,0.1932362914085388,1,1,airplane
shapenet397,cabinet,-3.2118693691268425,24.666666666666668,0.12911797581242737,0.1709864139556884,0.0664495825767517,1,1,cabinet
shapenet400,cabinet,0.0,0.0,0.4525471432856783,0.0288710296154022,-0.0543197393417358,1,0,display
shapenet405,cabinet,0.0,0.0,0.9402964576056968,-0.0887964963912963,0.0076000094413757,0,0,car
shapenet410,cabinet,0.0,0.0,0.4337880133299124,-0.0060611963272094,0.166029155254364,0,1,bench
shapenet411,cabinet,0.0,0.0,0.2967509177072763,0.2620460391044616,0.1382727622985839,1,1,loudspeaker
shapenet412,cabinet,0.0,0.0,0.9163685308823788,-0.0803531110286712,-0.0202662348747253,0,0,car
shapenet413,cabinet,0.0,0.0,0.7166699321293137,0.0474288165569305,0.0078625082969665,1,0,table
shapenet415,cabinet,0.0,0.0,0.6705320266951326,0.0395248532295227,0.0046307742595672,1,0,watercraft
shapenet418,cabinet,-0.46209812037329684,0.6666666666666666,0.320420163136656,0.1320502758026123,0.034698486328125,1,1,lamp
shapenet420,cabinet,-0.46209812037329684,0.6666666666666666,0.35262266076384813,-0.0051632225513458,0.0226578712463378,0,0,telephone
shapenet422,cabinet,0.0,0.0,0.41076938101267974,-0.0208523869514465,-0.0705592036247253,0,0,watercraft
shapenet423,cabinet,0.0,0.0,0.4000377104476576,-0.1090068221092224,-0.0054593682289123,0,0,sofa
shapenet424,cabinet,0.0,0.0,0.7067021560971121,-0.1216520071029663,-0.0777380466461181,0,0,table
shapenet429,cabinet,0.0,0.0,0.46116104385052004,-0.0500664114952087,-0.0763487219810485,0,0,watercraft
shapenet431,cabinet,0.0,0.0,0.6785548515186623,0.1202407479286193,0.0547612309455871,1,1,lamp
shapenet432,cabinet,0.0,0.0,0.9180208004624518,-0.0183955281972885,-0.0016281604766845,0,0,car
shapenet439,cabinet,0.0,0.0,0.7575757137575424,0.0394957661628723,0.0456329882144928,0,0,lamp
shapenet440,cabinet,-0.6931471805599453,2.3333333333333335,0.6189431155367178,-0.0895988345146179,-0.0856775939464569,0,0,sofa
shapenet443,cabinet,0.0,0.0,0.6020879454612064,-0.1201023161411285,-0.108356237411499,0,0,table
shapenet444,cabinet,-1.4065025683920356,6.0,0.30208854848429306,0.1296018958091735,0.011464774608612,1,1,telephone
shapenet447,cabinet,0.0,0.0,0.489823929147385,0.1220914423465728,0.0506009757518768,1,1,telephone
shapenet449,cabinet,0.0,0.0,0.39925617658315,0.1269918084144592,0.0711019039154052,1,1,airplane
shapenet450,cabinet,0.0,0.0,0.9383470333898413,-0.0438048541545867,-0.0106181800365448,0,0,car
shapenet453,cabinet,0.0,0.0,0.47598556930453856,0.0738228559494018,0.0975065231323242,1,1,chair
shapenet455,cabinet,-0.23104906018664842,0.3333333333333333,0.43732666650887814,0.0763197541236877,0.0083281397819519,1,0,watercraft
shapenet458,cabinet,0.0,0.0,0.9112650412113795,-0.0875542759895324,-0.0115940570831298,0,0,car
shapenet459,cabinet,0.0,0.0,0.4457627206251142,0.1810987889766693,-0.0250212550163269,1,0,airplane
shapenet461,cabinet,0.0,0.0,0.8701991374509598,-0.0775462388992309,-0.0155627131462097,0,0,car
shapenet462,cabinet,0.0,0.0,0.35672723234976944,0.0201880633831024,-0.0238116383552551,0,0,sofa
shapenet464,cabinet,0.0,0.0,0.4690144029772096,0.1188583076000213,-0.0743521451950073,1,0,sofa
shapenet469,cabinet,-0.5364793041447001,1.3333333333333333,0.24838351771417697,0.224782794713974,0.1921848654747009,1,1,loudspeaker
shapenet471,cabinet,0.0,0.0,0.4311889380265499,0.0872628092765808,0.1122706532478332,1,1,airplane
shapenet473,cabinet,0.0,0.0,0.43206149873938093,0.2065503597259521,0.1922177374362945,1,1,airplane
shapenet474,cabinet,-0.46209812037329684,0.6666666666666666,0.4519076373512904,0.255156010389328,0.0495787262916564,1,1,display
shapenet476,cabinet,0.0,0.0,0.40451390903375034,0.0456272363662719,0.1686484813690185,0,1,airplane
shapenet477,cabinet,0.0,0.0,0.9294752940882595,-0.0454767346382141,-0.0482565760612487,0,0,car
shapenet478,cabinet,0.0,0.0,0.7316198494321015,0.2086594700813293,0.3121099919080734,1,1,chair
shapenet480,cabinet,-1.0729586082894003,2.6666666666666665,0.4001482943971492,0.0092832744121551,0.0553798675537109,0,1,watercraft
shapenet482,cabinet,0.0,0.0,0.7965487907874659,0.1531071662902832,0.1997835636138916,1,1,chair
shapenet484,cabinet,0.0,0.0,0.4060048678479775,-0.0645157098770141,-0.072366178035736,0,0,airplane
shapenet486,cabinet,-2.221469673450136,18.0,0.22857489604257505,-0.0225565433502197,-0.050944983959198,0,0,telephone
shapenet488,cabinet,0.0,0.0,0.9431359976835392,-0.0202805995941162,-0.014797031879425,0,0,car
shapenet490,cabinet,-2.1579635654507583,9.0,0.1803049070373404,0.0466268658638,0.104284644126892,1,1,cabinet
shapenet496,cabinet,0.0,0.0,0.7526579698191308,0.1075974106788635,0.1670287251472473,1,1,watercraft
shapenet497,cabinet,-2.825457065631994,26.666666666666668,0.14653201066594246,0.1519229710102081,0.0125258564949035,1,0,cabinet
shapenet498,cabinet,0.0,0.0,0.40255296462352774,0.0130518972873687,-0.0323807895183563,0,0,loudspeaker
shapenet501,cabinet,0.0,0.0,0.4204372839264896,0.1129761338233947,0.1510275602340698,1,1,airplane
shapenet504,cabinet,0.0,0.0,0.42809062860545555,-0.0706380605697631,-0.0956886410713195,0,0,airplane
shapenet505,cabinet,-0.23104906018664842,0.3333333333333333,0.43330746392936187,-0.0034681558609008,0.0774000287055969,0,1,display
shapenet506,cabinet,-0.46209812037329684,0.6666666666666666,0.4351976235706239,-0.1740875989198684,-0.0969523787498474,0,0,sofa
shapenet507,cabinet,0.0,0.0,0.46222800748370063,0.1229130029678344,0.1492902636528015,1,1,airplane
shapenet509,cabinet,0.0,0.0,0.447313216512555,-0.0475522279739379,0.0075249671936035,0,1,sofa
shapenet510,cabinet,0.0,0.0,0.37420988126453597,-0.1023997366428375,-0.0047419965267181,0,0,telephone
shapenet513,cabinet,-0.5972531564093516,1.6666666666666667,0.3885848225658319,-0.0714819431304931,-0.0260153412818908,0,0,telephone
shapenet514,cabinet,0.0,0.0,0.6092413955032155,-0.0072510540485382,0.0532336235046386,0,1,sofa
shapenet515,cabinet,0.0,0.0,0.6620827916790887,0.1161733567714691,0.0899977684020996,1,1,bench
shapenet516,cabinet,0.0,0.0,0.7310990803942282,0.2340787053108215,0.0855721831321716,1,1,display
shapenet518,cabinet,0.0,0.0,0.7987906462336269,0.2303878664970398,0.0327661037445068,1,0,chair
shapenet520,cabinet,0.0,0.0,0.48446790664143236,0.094932347536087,0.15169358253479,1,1,airplane
shapenet521,cabinet,0.0,0.0,0.5817931978226029,0.0685987174510955,0.0781649351119995,1,1,display
shapenet523,cabinet,0.0,0.0,0.43732887654037417,0.3293282687664032,0.3041170239448547,1,1,airplane
shapenet526,cabinet,0.0,0.0,0.5788457339732149,0.0893353819847107,0.0717094540596008,1,1,cabinet
shapenet527,cabinet,0.0,0.0,0.7812783921747241,-0.0239865779876709,-0.0119919180870056,0,0,sofa
shapenet529,cabinet,0.0,0.0,0.5834649697936166,0.0220497846603393,-0.033578336238861,1,0,chair
shapenet534,cabinet,-0.7324081924454066,1.3333333333333333,0.2760440106038777,0.1208841204643249,0.1178936064243316,1,1,bench
shapenet535,cabinet,0.0,0.0,0.6609883987260945,-0.0601411759853363,-0.03757244348526,0,0,chair
shapenet537,cabinet,0.0,0.0,0.7637303193934706,0.0764192938804626,0.0189718008041381,1,0,watercraft
shapenet541,cabinet,-0.9634572526320548,5.666666666666667,0.2922247939956885,0.0930109620094299,0.033824622631073,1,1,cabinet
shapenet544,cabinet,-0.46209812037329684,0.6666666666666666,0.27002970483211075,0.0512062311172485,-0.057002305984497,1,0,cabinet
shapenet546,cabinet,0.0,0.0,0.34975387893322146,0.211572527885437,0.1676487922668457,1,1,watercraft
shapenet547,cabinet,-0.5972531564093516,1.6666666666666667,0.3233147774229958,0.2028218805789947,0.1354497075080871,1,1,loudspeaker
shapenet548,cabinet,0.0,0.0,0.9308306766647624,-0.1322715282440185,-0.0573607087135314,0,0,car
shapenet550,cabinet,0.0,0.0,0.3996594770309682,-0.0158982872962951,-0.0747300386428833,0,0,telephone
shapenet554,cabinet,0.0,0.0,0.4381597834014235,0.051506757736206,0.0332262516021728,1,1,airplane
shapenet555,cabinet,0.0,0.0,0.4000933317844008,-0.0160036087036132,-0.0763022303581237,0,0,watercraft
shapenet567,cabinet,-0.8283022165960001,3.6666666666666665,0.26693792313687476,-0.0279324352741241,0.0099655091762542,0,0,loudspeaker
shapenet569,cabinet,-2.0715360328073973,7.333333333333333,0.21016975654453238,0.3799310475587845,0.0158235728740692,1,0,cabinet
shapenet572,cabinet,-0.46209812037329684,0.6666666666666666,0.31960114136085804,0.1193331778049469,0.0966692566871643,1,1,telephone
shapenet574,cabinet,0.0,0.0,0.41411863112306463,0.182287335395813,0.2388920187950134,1,1,airplane
shapenet577,cabinet,0.0,0.0,0.7881900174551443,0.093771755695343,0.0461806654930114,1,1,car
shapenet580,cabinet,0.0,0.0,0.6765794089497236,0.0860821157693862,0.088329941034317,1,1,chair
shapenet584,cabinet,0.0,0.0,0.34229232189061004,0.0014737248420715,-0.007205307483673,0,0,bench
shapenet586,cabinet,0.0,0.0,0.3378046833775133,0.098609983921051,0.0507627129554748,1,0,bench
shapenet590,cabinet,-0.23104906018664842,0.3333333333333333,0.4171004636084694,0.0952264666557312,0.0060118436813354,1,0,watercraft
shapenet591,cabinet,0.0,0.0,0.4815346786743859,0.1261844635009765,0.1472237706184387,1,1,bench
shapenet592,cabinet,0.0,0.0,0.7921930084187793,0.0411365330219268,0.1592596769332885,1,1,chair
shapenet593,cabinet,0.0,0.0,0.6115076335601498,-0.120132565498352,-0.048413872718811,0,0,display
shapenet597,cabinet,0.0,0.0,0.4400403146387755,0.0407334566116333,0.0208253264427185,1,1,airplane
shapenet598,cabinet,0.0,0.0,0.42462317132192107,0.2441455721855163,0.2814482450485229,1,1,airplane
shapenet599,cabinet,-2.486062052446829,12.333333333333334,0.17750458957537793,0.1641008555889129,-0.0695875585079193,1,0,cabinet
shapenet600,cabinet,0.0,0.0,0.4903522335049191,0.08622407913208,0.0845870375633239,1,1,airplane
shapenet604,cabinet,-0.963457252632055,1.6666666666666667,0.33631460858560175,0.1742664277553558,-0.1056732237339019,1,0,cabinet
shapenet605,cabinet,0.0,0.0,0.40668063079728395,0.0360502004623413,0.0147233009338378,0,0,watercraft
shapenet608,cabinet,0.0,0.0,0.7290117281853795,-0.0369923114776611,0.1172830462455749,0,1,chair
shapenet609,cabinet,0.0,0.0,0.44463596647372544,-0.0127356648445129,0.078905165195465,0,1,airplane
shapenet612,cabinet,0.0,0.0,0.44623581906685145,-0.0444969534873962,-0.0725151896476745,0,0,airplane
shapenet616,cabinet,0.0,0.0,0.6933929501520297,0.1286173164844513,0.1444228291511535,1,1,chair
shapenet617,cabinet,0.0,0.0,0.9025597870151713,-0.0700527131557464,-0.0648699104785919,0,0,car
shapenet619,cabinet,-0.23104906018664842,0.3333333333333333,0.539930828808261,-0.1003090143203735,-0.0912733674049377,0,0,sofa
shapenet620,cabinet,-2.209347125393178,10.0,0.21602536805349612,0.2273114621639251,0.0618963241577148,1,1,loudspeaker
shapenet622,cabinet,-0.5364793041447001,1.3333333333333333,0.2880220501702146,0.1240832209587097,0.0811740756034851,1,1,watercraft
shapenet623,cabinet,0.0,0.0,0.9388711466680446,0.1240169554948806,0.0002508759498596,1,0,car
shapenet628,cabinet,0.0,0.0,0.4088653661184396,0.1029394268989563,-0.0581055283546447,1,0,sofa
shapenet629,cabinet,0.0,0.0,0.5509397861608885,0.0933586359024047,0.0631337463855743,1,1,watercraft
shapenet633,cabinet,-0.3662040962227033,0.6666666666666666,0.3433752206527167,0.2843168675899505,0.0887197256088256,1,1,bench
shapenet635,cabinet,0.0,0.0,0.33389241483070115,-0.0092238783836364,0.0168339610099792,0,1,bench
shapenet636,cabinet,0.0,0.0,0.40131329485762385,0.0172260403633117,-0.0204922556877136,0,0,telephone
shapenet638,cabinet,-2.3445021614292325,9.666666666666666,0.3024670104035125,0.3738698652014136,0.1029821634292602,1,1,cabinet
shapenet639,cabinet,0.0,0.0,0.42480026741086113,-0.0651556253433227,-0.0371086299419403,0,0,lamp
shapenet640,cabinet,0.0,0.0,0.33191169955356026,0.0747003555297851,-0.0215262174606323,1,0,bench
shapenet644,cabinet,0.0,0.0,0.5105490391868471,0.0184262990951538,-0.0184158086776733,0,0,display
shapenet646,cabinet,-0.23104906018664842,0.3333333333333333,0.576051794742381,0.0083593428134918,0.0501002669334411,0,1,loudspeaker
shapenet652,cabinet,0.0,0.0,0.43228708431540447,0.1298509538173675,0.099647432565689,1,1,airplane
shapenet653,cabinet,-0.23104906018664842,0.3333333333333333,0.36051086253080417,0.0382483601570129,-0.043292611837387,0,0,cabinet
shapenet656,cabinet,-0.6931471805599453,2.3333333333333335,0.3435404328294223,-0.0747700333595275,-0.0465108752250671,0,0,loudspeaker
shapenet658,cabinet,0.0,0.0,0.4560163708239598,0.0664843916893005,0.1242203116416931,1,1,airplane
shapenet662,cabinet,0.0,0.0,0.40475550890604867,-0.0589737892150878,-0.032472550868988,0,0,telephone
shapenet664,cabinet,-1.4648163848908131,5.333333333333333,0.33338032225125697,0.182323008775711,0.0404214262962341,1,1,loudspeaker
shapenet665,cabinet,0.0,0.0,0.39819532127014573,0.2366690635681152,0.216950386762619,1,1,airplane
shapenet666,cabinet,0.0,0.0,0.5779445364684183,0.1648413389921188,0.1202899813652038,1,1,chair
shapenet667,cabinet,-0.3662040962227033,0.6666666666666666,0.4055984837724333,0.1302173137664795,0.0059669613838195,1,0,bench
shapenet677,cabinet,0.0,0.0,0.8804093443885187,0.1181854605674743,0.0916127860546112,1,1,car
shapenet678,cabinet,0.0,0.0,0.46588925370261824,0.054632544517517,0.0600859522819519,1,1,airplane
shapenet679,cabinet,0.0,0.0,0.5238082038035564,0.1692724823951721,0.3116668462753296,1,1,loudspeaker
shapenet682,cabinet,0.0,0.0,0.45844720910231446,0.1183792352676391,0.2401564717292785,1,1,airplane
shapenet683,cabinet,0.0,0.0,0.5965447406368533,0.0820541381835937,0.0489208698272705,1,1,chair
shapenet686,cabinet,0.0,0.0,0.38670770819299705,0.1187641024589538,0.0645036697387695,1,1,chair
shapenet687,cabinet,-1.7661057888493457,6.333333333333333,0.216977569263207,0.1561073362827301,0.0865823030471801,1,1,cabinet
shapenet690,cabinet,-0.23104906018664842,0.3333333333333333,0.40446783858514784,0.0963400602340698,0.1138461828231811,1,1,telephone
shapenet691,cabinet,-0.3662040962227033,0.6666666666666666,0.27465938694065967,0.2060283124446869,0.1727542281150818,1,1,bench
shapenet692,cabinet,0.0,0.0,0.5720428066124922,0.0496286749839782,0.0307862758636474,1,1,display
shapenet693,cabinet,0.0,0.0,0.7751344372231266,-0.0751236677169799,-0.0502444505691528,0,0,table
shapenet697,cabinet,0.0,0.0,0.6433473375789295,0.2068550586700439,0.0468218326568603,1,1,chair
shapenet699,cabinet,0.0,0.0,0.9374599171433836,-0.0722346305847168,-0.005961000919342,0,0,car
shapenet702,cabinet,-0.3662040962227033,0.6666666666666666,0.3390057073301931,0.0335600972175598,0.0059122145175933,0,0,bench
shapenet703,cabinet,-0.6931471805599453,2.3333333333333335,0.40183015916584724,-0.0317921936511993,-0.0705913007259368,0,0,loudspeaker
shapenet708,cabinet,-0.7324081924454066,1.3333333333333333,0.2847798047392669,0.202991783618927,0.0722074508666992,1,1,bench
shapenet711,cabinet,0.0,0.0,0.6084652459523285,-0.0289932787418365,-0.0022562742233276,0,0,watercraft
shapenet714,cabinet,0.0,0.0,0.3890935291655145,0.2573789954185486,0.1666880846023559,1,1,bench
shapenet715,cabinet,0.0,0.0,0.40752178971086356,0.1205565333366394,0.0485840439796447,1,1,lamp
shapenet718,cabinet,0.0,0.0,0.6368211657878554,0.306598961353302,0.1401979923248291,1,1,bench
shapenet719,cabinet,0.0,0.0,0.6128437233973762,0.2454214394092559,0.1261869072914123,1,1,display
shapenet722,cabinet,-0.9241962407465937,2.0,0.4574123807031409,0.0665090233087539,0.2045737206935882,1,1,sofa
shapenet724,cabinet,0.0,0.0,0.8035464323764846,0.0047195255756378,0.0190478563308715,0,0,watercraft
shapenet725,cabinet,-0.7992984242661235,3.3333333333333335,0.31663569488643356,0.1607217490673065,-0.0641862154006958,1,0,loudspeaker
shapenet732,cabinet,-0.46209812037329684,1.0,0.2932860809956442,0.1378571391105651,0.0310445427894592,1,1,chair
shapenet734,cabinet,0.0,0.0,0.5037697716795347,0.0026361346244812,0.1137009859085083,0,1,telephone
shapenet736,cabinet,0.0,0.0,0.4279740996724897,0.2096796035766601,0.1655927896499633,1,1,airplane
shapenet739,cabinet,0.0,0.0,0.4286108705971829,0.1611913740634918,0.0379926562309265,1,1,airplane
shapenet740,cabinet,0.0,0.0,0.6560193137762839,0.175070583820343,0.1906964778900146,1,1,chair
shapenet743,cabinet,0.0,0.0,0.6905804120198503,0.0089481323957443,-0.0346428155899047,0,0,table
shapenet744,cabinet,0.0,0.0,0.5785930564400619,0.003636747598648,-0.0661205649375915,0,0,loudspeaker
shapenet749,cabinet,0.0,0.0,0.5609437883079567,-0.0051652193069458,-0.0004715323448181,0,0,display
shapenet751,cabinet,-0.3662040962227033,0.6666666666666666,0.4726831336728868,-0.1479575634002685,-0.1240255236625671,0,0,display
shapenet757,cabinet,0.0,0.0,0.34801947790956883,0.0527991652488708,0.0870080590248107,1,1,telephone
shapenet759,cabinet,0.0,0.0,0.6562807693359795,0.0408684611320495,-0.0092962980270385,1,0,chair
shapenet760,cabinet,0.0,0.0,0.4470694357732394,0.1450717151165008,-0.0483216941356658,1,0,telephone
shapenet761,cabinet,0.0,0.0,0.6550812013784141,-0.043060302734375,-0.0219002664089202,0,0,table
shapenet762,cabinet,0.0,0.0,0.34939997368621306,0.1309118866920471,0.1583147644996643,1,1,bench
shapenet766,cabinet,0.0,0.0,0.588091487250528,0.0129941254854202,-0.0825366377830505,1,0,table
shapenet770,cabinet,0.0,0.0,0.3606757392096544,-0.014450192451477,-0.0033552646636962,0,0,airplane
shapenet771,cabinet,0.0,0.0,0.41395140544181036,0.0183058977127075,0.0032296180725097,0,0,airplane
shapenet772,cabinet,-0.7324081924454066,1.3333333333333333,0.32909112660055956,0.1176028400659561,0.0124148428440094,1,0,bench
shapenet773,cabinet,0.0,0.0,0.6902010198563769,0.0472317934036254,0.077958345413208,1,1,table
shapenet774,cabinet,-0.6931471805599453,1.0,0.33887850313469453,0.0108433961868286,0.0024951100349426,0,0,loudspeaker
shapenet775,cabinet,-2.2674649211081035,19.333333333333332,0.20315859929475852,0.2533600628376007,-0.0427635908126831,1,0,loudspeaker
shapenet782,cabinet,0.0,0.0,0.5595015263291707,0.0672565698623657,0.0130807161331176,1,1,chair
shapenet790,cabinet,-0.23104906018664842,0.3333333333333333,0.5325241379561103,0.3097048997879028,0.0784856081008911,1,1,loudspeaker
shapenet791,cabinet,0.0,0.0,0.4134311592484535,0.1064246892929077,0.1256563067436218,1,1,airplane
shapenet796,cabinet,-2.6269347815583006,15.0,0.1705323492605283,0.1020623594522476,0.0584169626235961,0,1,loudspeaker
shapenet797,cabinet,0.0,0.0,0.47439951362763705,-0.0093106031417846,0.0203036367893219,0,1,sofa
shapenet798,cabinet,0.0,0.0,0.5899951915004024,0.0533072799444198,-0.0108460485935211,1,0,table
shapenet799,cabinet,0.0,0.0,0.9001106069566657,-0.086761474609375,-0.0312206149101257,0,0,car
shapenet800,cabinet,0.0,0.0,0.36761014793463137,0.1271540522575378,0.0754708051681518,1,1,airplane
shapenet801,cabinet,-0.23104906018664842,0.3333333333333333,0.5208637137686499,-0.0773485004901886,-0.0518797039985656,0,0,loudspeaker
shapenet804,cabinet,0.0,0.0,0.5457376374198345,0.0184202194213867,0.0670865178108215,0,1,airplane
shapenet805,cabinet,-3.6527972471471997,39.0,0.08925787381174004,0.2600342482328415,-0.0098984837532043,1,0,cabinet
shapenet808,cabinet,0.0,0.0,0.3605554633065872,-0.0716789364814758,0.0088022351264953,0,0,chair
shapenet811,cabinet,0.0,0.0,0.4510906915598895,-0.0578640401363372,-0.04999840259552,0,0,table
shapenet812,cabinet,-1.9629593194442936,12.0,0.2939266280351476,0.1745761036872863,0.0168808698654174,1,0,cabinet
shapenet813,cabinet,0.0,0.0,0.9328323279739505,0.084733098745346,-0.0049038529396057,1,0,car
shapenet814,cabinet,0.0,0.0,0.865699694254569,-0.0742994546890258,-0.062924325466156,0,0,car
shapenet816,cabinet,0.0,0.0,0.6264178543790941,0.1923348307609558,0.1665162444114685,1,1,table
shapenet817,cabinet,-1.1754535082053872,11.0,0.31919566303675606,0.2280500829219818,0.1827784180641174,1,1,cabinet
shapenet818,cabinet,0.0,0.0,0.932171476915276,0.2354935407638549,0.1690474152565002,1,1,car
shapenet820,cabinet,0.0,0.0,0.6934493371398691,0.1438624560832977,0.1661158204078674,1,1,chair
shapenet825,cabinet,0.0,0.0,0.5198382817445936,-0.1083844900131225,-0.1114904880523681,0,0,table
shapenet826,cabinet,0.0,0.0,0.6127159961641229,0.0497580170631408,0.0272364616394042,1,0,table
shapenet827,cabinet,0.0,0.0,0.35484687096586426,0.1988627910614013,0.1392627954483032,1,1,airplane
shapenet831,cabinet,0.0,0.0,0.46550690011082696,0.1845423579216003,0.1035825908184051,1,1,watercraft
shapenet832,cabinet,0.0,0.0,0.30367641482615754,-0.087963730096817,-0.0819031596183776,0,0,bench
shapenet833,cabinet,0.0,0.0,0.5465639397151926,-0.0799505710601806,-0.0269570052623748,0,0,watercraft
shapenet835,cabinet,0.0,0.0,0.4933765560198058,0.0236308574676513,0.0099040269851684,1,0,airplane
shapenet837,cabinet,-0.46209812037329684,0.6666666666666666,0.32885418039382913,0.1776950657367706,-0.0380144119262695,1,0,cabinet
shapenet840,cabinet,0.0,0.0,0.6863728413877634,0.0465939044952392,0.0693278312683105,1,1,chair
shapenet845,cabinet,0.0,0.0,0.5603504892299781,-0.0436359047889709,-0.0133445262908935,0,0,sofa
shapenet846,cabinet,0.0,0.0,0.5818553224072721,0.1505357027053833,0.1027482151985168,1,1,chair
shapenet848,cabinet,0.0,0.0,0.8691538149142853,0.0194771885871887,0.051901638507843,0,1,watercraft
shapenet851,cabinet,0.0,0.0,0.45897232090171497,-0.0392124652862548,0.047741949558258,0,1,airplane
shapenet852,cabinet,0.0,0.0,0.9242623850568634,-0.1245626807212829,-0.1055793464183807,0,0,car
shapenet854,cabinet,0.0,0.0,0.3783146924528186,0.0255776643753051,0.0320241451263427,1,0,telephone
shapenet856,cabinet,0.0,0.0,0.31256377475732516,0.0336940288543701,-0.0495164990425109,1,0,bench
shapenet859,cabinet,0.0,0.0,0.5966657954553356,-0.1074764728546142,-0.0222050547599792,0,0,table
shapenet860,cabinet,0.0,0.0,0.3990887107543896,0.143655240535736,0.0864661335945129,1,1,airplane
shapenet861,cabinet,-0.46209812037329684,1.0,0.3439661954640781,-0.1140864342451095,-0.0421598553657531,0,0,sofa
shapenet863,cabinet,-0.7324081924454066,1.3333333333333333,0.36969448326595383,0.0799990892410278,-0.0136587023735046,0,0,sofa
shapenet867,cabinet,0.0,0.0,0.7828411577525483,0.4149557650089264,0.2905646562576294,1,1,chair
shapenet869,cabinet,0.0,0.0,0.6047441490152051,0.2024775147438049,0.2050864100456237,1,1,sofa
shapenet871,cabinet,-0.7324081924454066,1.3333333333333333,0.33918167987334824,0.0350070297718048,0.0098748505115509,0,0,telephone
shapenet873,cabinet,-3.3767149743833778,28.333333333333332,0.1039631914492079,0.1868826746940612,0.1605020761489868,1,1,cabinet
shapenet877,cabinet,0.0,0.0,0.4401248947337231,0.1932520866394043,0.0178350806236267,1,0,chair
shapenet878,cabinet,0.0,0.0,0.478133779684355,0.0553035140037536,0.0796400904655456,1,1,display
shapenet879,cabinet,0.0,0.0,0.39688928902891507,0.1049450039863586,0.0202753543853759,1,1,sofa
shapenet884,cabinet,0.0,0.0,0.5225320327048385,0.0652928948402404,0.0156089663505554,1,1,sofa
shapenet886,cabinet,0.0,0.0,0.3249574365580636,0.1425637900829315,0.0817873477935791,1,1,bench
shapenet888,cabinet,0.0,0.0,0.6371253166706491,-0.0796163380146026,-0.0360732674598693,0,0,table
shapenet891,cabinet,0.0,0.0,0.4566369669583244,0.0196045637130737,-0.0366836190223693,0,0,airplane
shapenet893,cabinet,0.0,0.0,0.37324470543073957,-0.0716512203216552,-0.0272567272186279,0,0,telephone
shapenet898,cabinet,0.0,0.0,0.3936852184078516,0.1473836004734039,0.1099046468734741,1,1,airplane
shapenet899,cabinet,-0.7324081924454066,1.3333333333333333,0.36534023182385117,0.0939804911613464,0.0664105415344238,1,1,display
shapenet901,cabinet,0.0,0.0,0.49922929667022925,0.0853680670261383,0.0574234127998352,1,1,airplane
shapenet902,cabinet,-1.1337324605540517,9.666666666666666,0.2953980499970929,0.1596346795558929,0.023599088191986,1,0,loudspeaker
shapenet903,cabinet,0.0,0.0,0.878036113790059,-0.0385280549526214,-0.0036106407642364,0,0,car
shapenet904,cabinet,-0.46209812037329684,0.6666666666666666,0.4304899919759529,-0.0772954225540161,0.0646446347236633,0,1,loudspeaker
shapenet906,cabinet,0.0,0.0,0.6919468799963644,0.0383538007736206,0.0447152256965637,1,1,chair
shapenet913,cabinet,0.0,0.0,0.6682285112783032,0.0739365220069885,0.0979308187961578,1,1,table
shapenet914,cabinet,0.0,0.0,0.512141953448625,0.0426136255264282,-0.1175716519355773,1,0,table
shapenet915,cabinet,0.0,0.0,0.5467008279591691,-0.1251254975795745,-0.0972876548767089,0,0,table
shapenet916,cabinet,0.0,0.0,0.46847010695941615,0.1607219576835632,0.0579913258552551,1,1,watercraft
shapenet918,cabinet,0.0,0.0,0.7865920984021447,-0.0125284790992736,-0.0076105594635009,0,0,chair
shapenet919,cabinet,0.0,0.0,0.48525293904001404,0.0977427959442138,0.0559059381484985,1,1,airplane
shapenet923,cabinet,0.0,0.0,0.5305985840105832,-0.0321226119995117,0.0081643760204315,0,0,sofa
shapenet924,cabinet,-3.455446892584341,32.0,0.09823513935074409,0.4043967723846435,-0.0375480353832244,1,0,cabinet
shapenet925,cabinet,0.0,0.0,0.5255361006517507,0.0956908464431762,0.0539358258247375,1,0,loudspeaker
shapenet927,cabinet,0.0,0.0,0.4661798844510294,-0.0355651080608367,-0.0487716794013977,0,0,sofa
shapenet930,cabinet,0.0,0.0,0.5515859026139981,0.1821746826171875,0.0409463346004486,1,1,watercraft
shapenet938,cabinet,0.0,0.0,0.37156165448106565,0.1278479099273681,0.162488043308258,1,1,airplane
shapenet939,cabinet,0.0,0.0,0.3171070776642961,0.0061003565788269,0.0363364815711975,0,1,bench
shapenet941,cabinet,0.0,0.0,0.5144616043581189,0.0340175628662109,0.1882215440273285,1,1,display
shapenet942,cabinet,0.0,0.0,0.700988615946477,0.0615760684013366,0.1604295074939727,1,1,chair
shapenet943,cabinet,0.0,0.0,0.40822748413071785,-0.0235183835029602,-0.0192859172821044,0,0,chair
shapenet946,cabinet,0.0,0.0,0.470164442280606,-0.0751166939735412,-0.0553356409072876,0,0,sofa
shapenet949,cabinet,-0.3662040962227033,0.6666666666666666,0.47871501889532925,-0.1255944967269897,0.0664764046669006,0,1,sofa
shapenet950,cabinet,-2.3509070164107744,22.0,0.21009522801025515,0.2022645771503448,0.0736720263957977,1,1,cabinet
shapenet952,cabinet,0.0,0.0,0.931761459081652,0.1225227117538452,0.0768990516662597,1,1,car
shapenet953,cabinet,0.0,0.0,0.3119902069959137,-0.0431450605392456,-0.0879788994789123,0,0,table
shapenet954,cabinet,0.0,0.0,0.3338650458006113,0.1125787496566772,0.0623947978019714,1,1,airplane
shapenet955,cabinet,0.0,0.0,0.44245839158706457,0.054128885269165,0.0545761585235595,0,1,airplane
shapenet956,cabinet,-0.9241962407465937,2.0,0.3186208727429812,0.1649433672428131,0.0838918983936309,1,1,sofa
shapenet957,cabinet,0.0,0.0,0.6802866677911378,0.2142260372638702,0.0844027698040008,1,1,table
shapenet958,cabinet,0.0,0.0,0.6809876359930751,0.1716034412384033,0.096845805644989,1,1,table
shapenet959,cabinet,-2.209347125393178,10.0,0.2081185248602858,0.2483966648578643,-0.0256498456001281,1,0,loudspeaker
shapenet960,cabinet,-0.23104906018664842,0.3333333333333333,0.36598759125719565,0.2887688279151916,0.0739115476608276,1,1,cabinet
shapenet966,cabinet,0.0,0.0,0.818328426575091,0.0937927961349487,0.0886535942554473,1,1,chair
shapenet967,cabinet,0.0,0.0,0.46043222980293724,-0.0281415581703186,-0.0593208074569702,0,0,sofa
shapenet974,cabinet,0.0,0.0,0.35237563085743767,-0.0237529277801513,-0.0784850716590881,0,0,telephone
shapenet977,cabinet,0.0,0.0,0.48223129412224447,0.0026978850364685,-0.0138222575187683,0,0,sofa
shapenet978,cabinet,0.0,0.0,0.4821412188543595,0.0056049227714538,-0.0182495713233947,0,0,airplane
shapenet979,cabinet,0.0,0.0,0.5597087285439931,0.1633456945419311,0.0901115536689758,1,1,sofa
shapenet983,cabinet,0.0,0.0,0.41073986589471395,0.0697519481182098,0.155186265707016,1,1,airplane
shapenet984,cabinet,0.0,0.0,0.39805829041242863,0.0856024026870727,0.0930854678153991,1,1,telephone
shapenet989,cabinet,0.0,0.0,0.49364652660686986,-0.0431458950042724,-0.0186414718627929,0,0,chair
shapenet990,cabinet,-0.3662040962227033,0.6666666666666666,0.386617606153028,0.1185851693153381,0.1365360915660858,1,1,telephone
shapenet991,cabinet,-0.9814796597221468,6.0,0.3757555363262732,0.1449958086013794,-0.0798879861831665,1,0,cabinet
shapenet994,cabinet,0.0,0.0,0.9242500560302505,-0.1306467652320861,-0.0511643290519714,0,0,car
shapenet1000,cabinet,-0.46209812037329684,0.6666666666666666,0.5324260761825487,0.1529603376984596,-0.0587695240974426,1,0,loudspeaker
shapenet1003,cabinet,-0.3662040962227033,0.6666666666666666,0.39588584557176026,0.0068267285823822,0.0158789157867431,0,0,bench
shapenet1005,cabinet,0.0,0.0,0.6029852073463267,0.0845375061035156,0.0517406463623046,1,0,chair
shapenet1008,cabinet,0.0,0.0,0.8444899827972495,-0.0361362099647522,0.002147614955902,0,0,watercraft
shapenet1009,cabinet,0.0,0.0,0.37539190402627964,0.1135975122451782,0.1990477740764618,1,1,airplane
shapenet1010,cabinet,-3.421225438591552,29.666666666666668,0.10067534397423328,0.161209225654602,0.0325040221214294,1,1,cabinet
shapenet1016,cabinet,0.0,0.0,0.45806590074461795,0.2484236061573028,0.1249841451644897,1,1,table
shapenet1019,cabinet,0.0,0.0,0.6078857864499586,0.0770744383335113,0.1106314063072204,1,1,chair
shapenet1020,cabinet,0.0,0.0,0.48335024850030234,0.2458475679159164,0.199876457452774,1,1,airplane
shapenet1023,cabinet,0.0,0.0,0.38854736295430686,-0.0627545118331909,0.0011001229286193,0,0,chair
shapenet1024,cabinet,0.0,0.0,0.378270895769343,0.0563769787549972,-0.0144360661506652,1,0,sofa
shapenet1025,cabinet,-0.6931471805599453,1.0,0.463911514935807,-0.0228995680809021,0.0043132305145263,0,0,loudspeaker
shapenet1026,cabinet,0.0,0.0,0.4633991706730127,0.1824683845043182,0.2060964703559875,1,1,airplane
shapenet1028,cabinet,0.0,0.0,0.9299530196763257,0.2092157006263733,0.1389904916286468,1,1,car
shapenet1030,cabinet,0.0,0.0,0.5692095981141714,-0.069104790687561,-0.0547468066215515,0,0,display
shapenet1033,cabinet,0.0,0.0,0.2894501323502298,0.0757503509521484,0.0186741948127746,1,0,bench
shapenet1034,cabinet,0.0,0.0,0.8888795604240332,0.0850376486778259,0.1619873940944671,1,1,sofa
shapenet1035,cabinet,0.0,0.0,0.8323973019869301,0.0222876667976379,0.054320752620697,1,1,table
shapenet1036,cabinet,0.0,0.0,0.5037533688614043,-0.0906452536582946,-0.022130012512207,0,0,display
shapenet1037,cabinet,-3.0225413565915296,20.333333333333332,0.15120560843489086,0.3762215860188007,-0.0302963256835937,1,0,cabinet
shapenet1041,cabinet,0.0,0.0,0.48251850110715777,0.0190726518630981,0.0197744965553283,0,0,airplane
shapenet1042,cabinet,0.0,0.0,0.4218644901662693,0.0326203107833862,0.0314137935638427,1,0,display
shapenet1043,cabinet,-0.3662040962227033,0.6666666666666666,0.3995365322753819,0.186101347208023,0.0636987686157226,1,1,table
shapenet1047,cabinet,0.0,0.0,0.680799480246513,0.1653730869293213,0.0786448121070861,1,1,table
shapenet1048,cabinet,0.0,0.0,0.6061971334067046,0.1700603663921356,-0.0012999773025512,1,0,table
shapenet1049,cabinet,0.0,0.0,0.4702206671376163,0.1318514347076416,0.2286412119865417,1,1,airplane
shapenet1050,cabinet,0.0,0.0,0.5133807097473201,0.01630699634552,-0.0128532648086547,0,0,telephone
shapenet1053,cabinet,0.0,0.0,0.5776517927716408,0.1990987658500671,0.114247977733612,1,1,lamp
shapenet1055,cabinet,0.0,0.0,0.4062644848836617,0.0223470032215118,0.0479375123977661,0,1,watercraft
shapenet1056,cabinet,0.0,0.0,0.3894661209203934,0.0080128908157348,0.0409151911735534,0,1,sofa
shapenet1057,cabinet,0.0,0.0,0.4219843798742185,-0.0196856260299682,-0.1035364866256713,0,0,airplane
shapenet1061,cabinet,-0.46209812037329684,1.0,0.3019119082212666,0.0976335406303405,-0.0327749252319335,1,0,display
shapenet1062,cabinet,0.0,0.0,0.32130143899574454,0.0473228693008422,0.0381270051002502,1,1,bench
shapenet1066,cabinet,0.0,0.0,0.5018672179310973,-0.0777923166751861,-0.0223101377487182,0,0,watercraft
shapenet1067,cabinet,-3.440951855271095,31.666666666666668,0.10595375182273463,0.0112823247909545,-0.0143821835517883,0,0,cabinet
shapenet1070,cabinet,0.0,0.0,0.5643888343055999,0.0228787660598754,0.0718433856964111,1,1,chair
shapenet1074,cabinet,0.0,0.0,0.35332392165178766,0.1862352192401886,0.1257690191268921,1,1,chair
shapenet1078,cabinet,-0.46209812037329684,0.6666666666666666,0.33627957535902375,0.0324218422174453,-0.0058605968952178,1,0,lamp
shapenet1079,cabinet,0.0,0.0,0.7392007960505916,0.1283249855041504,0.1123297214508056,1,1,chair
shapenet1081,cabinet,-3.0217329954355043,22.666666666666668,0.20278459228832393,0.224653273820877,0.0035160779953002,1,0,cabinet
shapenet1082,cabinet,-1.3862943611198906,4.666666666666667,0.3172474827598369,0.1401879489421844,0.1573998928070068,1,1,lamp
shapenet1084,cabinet,0.0,0.0,0.5342054652395481,-0.0177162587642669,-0.0832794904708862,0,0,watercraft
shapenet1085,cabinet,0.0,0.0,0.4537335005575734,0.1592429876327514,0.1772978901863098,1,1,table
shapenet1086,cabinet,-2.2931186014868126,12.0,0.18717373496322628,0.2318580746650695,0.07020765542984,1,1,cabinet
shapenet1088,cabinet,0.0,0.0,0.6053695536087972,-0.0550354123115539,-0.0409923195838928,0,0,watercraft
shapenet1091,cabinet,0.0,0.0,0.9291406848986722,-0.1036911904811859,-0.0674461722373962,0,0,car
shapenet1092,cabinet,0.0,0.0,0.4422805351655576,0.1930085718631744,0.2211909890174865,1,1,airplane
shapenet1093,cabinet,0.0,0.0,0.5553296467176527,0.3452556282281875,0.0990875959396362,1,1,sofa
shapenet1096,cabinet,-0.7324081924454066,1.3333333333333333,0.3001045036875738,-0.036489725112915,-0.0917473435401916,0,0,bench
shapenet1097,cabinet,0.0,0.0,0.4491584210156332,0.0623100399971008,0.0483612120151519,1,1,sofa
shapenet1099,cabinet,0.0,0.0,0.6014640600525523,0.0608513057231903,-0.0598165392875671,1,0,table
shapenet1100,cabinet,0.0,0.0,0.4067972148526069,0.0402958393096923,0.1022871136665344,0,1,watercraft
shapenet1103,cabinet,0.0,0.0,0.5027086297369491,-0.0446495413780212,-0.02234548330307,0,0,telephone
shapenet1111,cabinet,0.0,0.0,0.5322757017167749,0.1984133124351501,0.2163501679897308,1,1,telephone
shapenet1113,cabinet,0.0,0.0,0.4423450456011733,0.0210474133491516,-0.0017551183700561,1,0,chair
shapenet1117,cabinet,0.0,0.0,0.4140484782854709,-0.0197877287864685,-0.0072972178459167,0,0,airplane
shapenet1119,cabinet,0.0,0.0,0.4541169338976907,0.2339244484901428,0.2517565786838531,1,1,airplane
shapenet1120,cabinet,0.0,0.0,0.4213705504020074,-0.037929892539978,-0.020589679479599,0,0,watercraft
shapenet1121,cabinet,-0.23104906018664842,0.3333333333333333,0.29726662939397513,0.1000172719359397,0.0077781081199646,1,0,loudspeaker
shapenet1123,cabinet,0.0,0.0,0.6747147578639705,0.0871159434318542,0.0239312946796417,1,1,watercraft
shapenet1125,cabinet,-0.23104906018664842,0.3333333333333333,0.42644173437304583,-0.0622398257255554,-0.010015845298767,0,0,telephone
shapenet1127,cabinet,0.0,0.0,0.6791295683186774,0.0296774208545684,-0.0125469267368316,1,0,watercraft
shapenet1129,cabinet,0.0,0.0,0.834605693524165,0.1404875516891479,0.0084109306335449,1,0,car
shapenet1131,cabinet,-0.23104906018664842,0.3333333333333333,0.35730962195368415,-0.0185599327087402,-0.0145338177680969,0,0,telephone
shapenet1137,cabinet,0.0,0.0,0.4153622262530304,0.1769558787345886,0.2504238486289978,1,1,airplane
shapenet1141,cabinet,0.0,0.0,0.6770147500185404,-0.102172315120697,-0.0316674709320068,0,0,chair
shapenet1142,cabinet,0.0,0.0,0.6651314571481136,0.0618080496788024,0.1275566220283508,1,1,chair
shapenet1143,cabinet,0.0,0.0,0.9283890772118882,-0.0346082746982574,-0.0217499732971191,0,0,car
shapenet1144,cabinet,0.0,0.0,0.9211181202111991,0.0295397043228149,0.013551115989685,0,0,car
shapenet1145,cabinet,-1.7099662383076912,8.0,0.21846530886382395,0.0864049792289733,-0.0683524310588836,1,0,cabinet
shapenet1146,cabinet,0.0,0.0,0.7335537642163154,0.0439028739929199,0.0159395635128021,0,0,watercraft
shapenet1147,cabinet,0.0,0.0,0.41620361907420644,0.2733708024024963,0.2622060179710388,1,1,bench
shapenet1149,cabinet,-0.46209812037329684,0.6666666666666666,0.4796013008316991,0.2105094790458679,0.1033545136451721,1,1,chair
shapenet1155,cabinet,0.0,0.0,0.39500189196319035,-0.0004394948482513,0.0346174240112304,0,1,display
shapenet1157,cabinet,0.0,0.0,0.5153518732832133,0.2046309113502502,0.3034858703613281,1,1,telephone
shapenet1159,cabinet,0.0,0.0,0.4115542989746685,-0.0229911804199218,0.0086296200752258,0,0,airplane
shapenet1160,cabinet,0.0,0.0,0.9385870451343404,0.1308345794677734,0.0076016783714294,1,0,car
shapenet1161,cabinet,0.0,0.0,0.8005629578886063,0.0460616946220397,-0.0528261661529541,1,0,watercraft
shapenet1163,cabinet,0.0,0.0,0.3952701176705244,0.1709021925926208,0.1835153698921203,1,1,bench
shapenet1168,cabinet,0.0,0.0,0.5783478200917634,-0.0057160258293151,-0.1193838417530059,0,0,sofa
shapenet1171,cabinet,0.0,0.0,0.45439470316690933,-0.0086185336112976,-0.0295320749282836,0,0,airplane
shapenet1172,cabinet,0.0,0.0,0.29214027407297366,0.2608785033226013,0.0583212971687316,1,1,loudspeaker
shapenet1174,cabinet,0.0,0.0,0.5477204701088881,-0.0996610522270202,-0.0820364952087402,0,0,display
shapenet1178,cabinet,0.0,0.0,0.9377042664515917,0.0808906555175781,0.1222806274890899,1,1,car
shapenet1179,cabinet,-0.46209812037329684,1.0,0.263038973358574,0.0671991109848022,0.009549081325531,1,0,cabinet
shapenet1182,cabinet,0.0,0.0,0.40744255075169794,-0.0234193801879882,-0.0257882475852966,0,0,telephone
shapenet1183,cabinet,-0.23104906018664842,0.3333333333333333,0.3719534645209765,0.0655637979507446,0.0224367082118988,1,1,lamp
shapenet1184,cabinet,0.0,0.0,0.4056849050409406,0.0233526229858398,0.0752103924751281,0,1,airplane
shapenet1186,cabinet,0.0,0.0,0.8281389726119346,-0.0024151355028152,-0.0476050972938537,0,0,chair
shapenet1187,cabinet,-2.7837128690287183,18.0,0.1373889232134671,0.2639210522174835,0.1078817844390869,1,1,cabinet
shapenet1189,cabinet,0.0,0.0,0.5915068581293372,-0.0577241480350494,-0.0876303315162658,0,0,watercraft
shapenet1190,cabinet,0.0,0.0,0.7881771063802008,-0.0620691180229187,0.0095185935497283,0,0,watercraft
shapenet1191,cabinet,-2.9213510897825876,27.0,0.11727280428907592,0.0340269804000854,0.08463054895401,1,1,loudspeaker
shapenet1194,cabinet,0.0,0.0,0.9209687506917755,-0.0090738832950592,0.0179488658905029,0,1,car
shapenet1196,cabinet,0.0,0.0,0.41263571095721147,0.2268378734588623,0.1713203489780426,1,1,airplane
shapenet1197,cabinet,0.0,0.0,0.5716096870898963,0.2120167016983032,-0.0333210825920105,1,0,watercraft
shapenet1199,cabinet,0.0,0.0,0.5871743679584911,0.190960556268692,0.0202354788780212,1,0,watercraft
shapenet1200,cabinet,0.0,0.0,0.7624176657601408,0.1204128265380859,0.0612848997116088,1,1,table
shapenet1201,cabinet,0.0,0.0,0.7978368212344756,0.0757126808166503,0.1125380992889404,1,1,table
shapenet1202,cabinet,0.0,0.0,0.3926513130359908,0.1978835463523864,0.1927480995655059,1,1,airplane
shapenet1208,cabinet,0.0,0.0,0.6482634240839226,0.0840914249420166,-0.0666841268539428,1,0,watercraft
shapenet1210,cabinet,0.0,0.0,0.7093357762413525,0.0103340148925781,-0.0666577219963073,0,0,sofa
shapenet1211,cabinet,-0.46209812037329684,0.6666666666666666,0.3098379277394675,0.0924332737922668,0.0171892046928405,1,1,lamp
shapenet1212,cabinet,0.0,0.0,0.9156993807497757,-0.0207842588424682,-0.0306013226509094,0,0,car
shapenet1215,cabinet,0.0,0.0,0.3992540070670398,0.1323705315589904,0.1521626114845276,1,1,airplane
shapenet1216,cabinet,0.0,0.0,0.5956711594547772,0.2065152525901794,0.0116339325904846,1,0,watercraft
shapenet1218,cabinet,0.0,0.0,0.40825802652620863,0.0993799567222595,0.1167070865631103,1,1,telephone
shapenet1220,cabinet,0.0,0.0,0.8797241223641662,0.1285640597343444,0.1703915894031524,1,1,car
shapenet1222,cabinet,0.0,0.0,0.7616643130926778,0.1259022355079651,0.0465555787086486,1,1,sofa
shapenet1224,cabinet,0.0,0.0,0.43365873574854147,0.2440557181835174,0.2359625697135925,1,1,airplane
shapenet1226,cabinet,-2.2214696734501356,9.666666666666666,0.21621363244968475,-0.0177600085735321,-0.0412117838859558,0,0,loudspeaker
shapenet1227,cabinet,0.0,0.0,0.7268170098233652,0.2557503581047058,0.0872152000665664,1,1,table
shapenet1228,cabinet,0.0,0.0,0.4687417752420247,-0.1041114330291748,-0.0418864488601684,0,0,airplane
shapenet1232,cabinet,0.0,0.0,0.6576012006686086,0.1346912682056427,-0.0523683726787567,1,0,watercraft
shapenet1234,cabinet,0.0,0.0,0.8351025937879246,0.1401340067386627,0.0737970471382141,1,1,chair
shapenet1241,cabinet,-1.9835475175292423,6.333333333333333,0.2399358301883712,0.299124538898468,0.1911015212535858,1,1,lamp
shapenet1242,cabinet,-1.9629593194442936,12.0,0.32317345911519707,0.3497893139719963,0.065611720085144,1,1,cabinet
shapenet1245,cabinet,0.0,0.0,0.44840158110402184,-0.0483235120773315,-0.0709108710289001,0,0,airplane
shapenet1250,cabinet,0.0,0.0,0.683693867667032,0.3398694843053818,0.1765789985656738,1,1,chair
shapenet1252,cabinet,0.0,0.0,0.7214326765383534,-0.040663868188858,-0.0800297260284423,0,0,watercraft
shapenet1253,cabinet,0.0,0.0,0.6916190319522254,0.1095505356788635,0.1112739741802215,1,1,watercraft
shapenet1255,cabinet,0.0,0.0,0.6308499269483735,-0.0598990023136138,-0.0990599989891052,0,0,chair
shapenet1256,cabinet,0.0,0.0,0.5050091251948737,0.0361590087413787,0.0411356687545776,1,1,airplane
shapenet1258,cabinet,0.0,0.0,0.9231690683267839,0.0597123503684997,0.0757443904876709,1,1,car
shapenet1259,cabinet,-2.726212929530233,19.666666666666668,0.1498972190998785,0.1791011989116668,0.0579676926136016,1,1,cabinet
shapenet1260,cabinet,0.0,0.0,0.8793082050697958,0.0109965950250625,-0.0567564666271209,0,0,car
shapenet1262,cabinet,-1.617343421306539,5.0,0.21170648295031147,0.202289342880249,-0.0870117545127868,1,0,loudspeaker
shapenet1263,cabinet,0.0,0.0,0.5868640925887306,0.3568333685398102,0.2409015595912933,1,1,chair
shapenet1264,cabinet,0.0,0.0,0.9359551360612336,-0.0926959514617919,-0.0506225824356079,0,0,car
shapenet1267,cabinet,0.0,0.0,0.6327082586524096,-0.0161468386650085,-0.0879358649253845,0,0,display
shapenet1269,cabinet,0.0,0.0,0.8263510664266138,0.0097867846488952,-0.1128704249858856,1,0,table
shapenet1271,cabinet,0.0,0.0,0.5403784086547936,0.1586114168167114,0.2400241494178772,1,1,watercraft
shapenet1273,cabinet,0.0,0.0,0.8718795709774768,-0.1386192440986633,-0.0987838506698608,0,0,car
shapenet1274,cabinet,0.0,0.0,0.7266116938345085,0.1418138742446899,0.0599015057086944,1,1,table
shapenet1275,cabinet,0.0,0.0,0.45968417374268356,-0.0121655464172363,-0.02314954996109,0,0,airplane
shapenet1276,cabinet,-1.0729586082894003,2.6666666666666665,0.31930143380722326,0.2190216109156608,0.0222522020339965,1,0,loudspeaker
shapenet1278,cabinet,0.0,0.0,0.44418846149615776,0.0356541872024536,0.0547105073928833,1,1,bench
shapenet1279,cabinet,0.0,0.0,0.5050092696923059,0.0973039269447326,0.1248415112495422,1,1,sofa
shapenet1283,cabinet,0.0,0.0,0.4117955646502522,0.0088753104209899,0.0321806073188781,1,1,telephone
shapenet1285,cabinet,-3.0003665752769884,20.333333333333332,0.13198715732775698,0.3157162666320801,0.1744775772094726,1,1,cabinet
shapenet1286,cabinet,0.0,0.0,0.6840484088127367,0.1064427495002746,0.0578203797340393,1,1,table
shapenet1287,cabinet,0.0,0.0,0.41618377358173086,0.0482367128133773,0.023853451013565,1,0,lamp
shapenet1288,cabinet,0.0,0.0,0.8970709150169913,-0.0149806439876556,0.0026432871818542,0,0,car
shapenet1290,cabinet,0.0,0.0,0.9123111702920044,-0.04067263007164,-0.0206902623176574,0,0,car
shapenet1292,cabinet,-2.4592529694092913,11.0,0.17375256687869575,0.2453202605247497,-0.0366249680519104,1,0,cabinet
shapenet1294,cabinet,0.0,0.0,0.5253014170549066,-0.0432270169258117,0.0520908832550048,0,1,telephone
shapenet1295,cabinet,-2.331005040977654,9.333333333333334,0.21354259605567405,0.0456154346466064,-0.013943612575531,1,0,cabinet
shapenet1296,cabinet,0.0,0.0,0.6285134049225257,0.1185863614082336,0.1303048133850097,1,1,chair
shapenet1297,cabinet,0.0,0.0,0.6673391091015244,0.0382947623729705,-0.087397426366806,1,0,lamp
shapenet1298,cabinet,-0.9241962407465937,5.0,0.3081480202567386,0.1662042438983917,-0.0304311513900756,1,0,table
shapenet1299,cabinet,0.0,0.0,0.4964461072827824,0.01398766040802,-0.0108265876770019,0,0,telephone
shapenet1300,cabinet,0.0,0.0,0.5983789987174507,-0.023218035697937,-0.0670742690563201,0,0,watercraft
shapenet1303,cabinet,0.0,0.0,0.6618358771463555,0.0033283233642578,0.0482087135314941,0,1,table
shapenet1304,cabinet,0.0,0.0,0.43722579833134634,0.1115411520004272,0.1141688823699951,1,1,airplane
shapenet1306,cabinet,-0.46209812037329684,0.6666666666666666,0.3883450628799403,0.0128124952316284,-0.0301522016525268,0,0,sofa
shapenet1308,cabinet,-0.3662040962227033,0.6666666666666666,0.3108635306810346,-0.0289517045021057,-0.0412774085998535,0,0,display
shapenet1310,cabinet,-1.598596848532247,6.666666666666667,0.20271583729304077,-0.0801115334033966,0.0020322203636169,0,0,loudspeaker
shapenet1312,cabinet,0.0,0.0,0.7212142291264261,0.2403399646282196,0.2861450910568237,1,1,chair
shapenet1314,cabinet,-3.693944936407697,39.333333333333336,0.08939852321858578,0.1212251782417297,-0.0241385698318481,1,0,cabinet
shapenet1315,cabinet,0.0,0.0,0.3295542155370994,-0.0425404906272888,-0.0929202437400817,0,0,bench
shapenet1316,cabinet,0.0,0.0,0.6634074401812051,-0.0302815735340118,0.0384072959423065,0,0,watercraft
shapenet1317,cabinet,0.0,0.0,0.4188400056107862,-0.0967878699302673,0.0221961736679077,0,1,telephone
shapenet1318,cabinet,0.0,0.0,0.5613144245019211,0.1140564084053039,0.0416124463081359,1,1,sofa
shapenet1320,cabinet,0.0,0.0,0.7619447187015082,-0.0937147438526153,-0.0521267652511596,0,0,car
shapenet1321,cabinet,0.0,0.0,0.631633167541168,0.1955547034740448,0.1811056733131408,1,1,chair
shapenet1322,cabinet,0.0,0.0,0.6009110489596797,-0.0442559719085693,0.0022336840629577,0,0,display
shapenet1324,cabinet,-1.598596848532247,6.666666666666667,0.2407350644681674,0.234105110168457,-0.0625313520431518,1,0,cabinet
shapenet1325,cabinet,0.0,0.0,0.516570013001584,0.1809909790754318,0.2240466475486755,1,1,airplane
shapenet1328,cabinet,-2.2641148091569367,8.666666666666666,0.20995018298239274,-0.0032786726951599,-0.0170623064041137,0,0,cabinet
shapenet1330,cabinet,0.0,0.0,0.9367295690778527,-0.1295336037874221,0.0023592710494995,0,0,car
shapenet1333,cabinet,0.0,0.0,0.3975483602562504,0.0593839883804321,0.1400061249732971,1,1,sofa
shapenet1337,cabinet,0.0,0.0,0.563545355065474,-0.0454383790493011,-0.0612450242042541,0,0,watercraft
shapenet1339,cabinet,0.0,0.0,0.5960216496324793,-0.0836148262023925,0.0218293070793151,0,0,watercraft
shapenet1341,cabinet,0.0,0.0,0.9208056072490836,-0.0812647938728332,-0.0259963870048522,0,0,car
shapenet1347,cabinet,-0.46209812037329684,0.6666666666666666,0.3586894255946714,0.0655395984649658,0.0497165322303772,1,1,watercraft
shapenet1349,cabinet,0.0,0.0,0.3670325173422793,0.139349490404129,0.0098820328712463,1,1,sofa
shapenet1351,cabinet,0.0,0.0,0.39212562137584467,-0.0846419930458068,-0.1281042695045471,0,0,airplane
shapenet1353,cabinet,0.0,0.0,0.42305575594494904,0.0516096949577331,0.011461853981018,1,0,airplane
shapenet1354,cabinet,-0.23104906018664842,0.3333333333333333,0.479254582249832,0.0416549146175384,0.13924640417099,0,1,sofa
shapenet1357,cabinet,0.0,0.0,0.6803318996326292,0.1184668838977813,0.1531468033790588,1,1,chair
shapenet1358,cabinet,0.0,0.0,0.4180023887524702,0.2752262949943542,0.0548915863037109,1,1,telephone
shapenet1359,cabinet,0.0,0.0,0.8603020972086629,-0.0343791842460632,-0.0677734315395355,0,0,car
shapenet1360,cabinet,-0.46209812037329684,0.6666666666666666,0.45631683906683046,-0.0420228242874145,0.0815763473510742,0,1,display
shapenet1361,cabinet,0.0,0.0,0.8493602418411164,0.1742652654647827,0.1332599520683288,1,1,chair
shapenet1362,cabinet,0.0,0.0,0.37856734812020504,0.1699401438236236,0.2001701593399047,1,1,airplane
shapenet1364,cabinet,-1.3862943611198906,4.666666666666667,0.4213514515443475,0.1213384270668029,-0.0023027658462524,1,0,sofa
shapenet1369,cabinet,0.0,0.0,0.9145334967558064,0.0452159643173217,0.0285881161689758,1,0,car
shapenet1372,cabinet,-2.5241676616734616,13.0,0.15511516805897918,-0.0618568658828735,-0.0846184492111206,0,0,cabinet
shapenet1375,cabinet,0.0,0.0,0.42023986289591236,0.2322794795036316,0.2516615986824035,1,1,airplane
shapenet1377,cabinet,0.0,0.0,0.7279006232380167,-0.0085130929946899,-0.019837737083435,0,0,watercraft
shapenet1378,cabinet,-0.5364793041447001,1.3333333333333333,0.5442856063655412,0.009623646736145,0.123207002878189,0,1,watercraft
shapenet1380,cabinet,0.0,0.0,0.41214441926403894,0.2775879502296448,-0.034300684928894,1,0,loudspeaker
shapenet1381,cabinet,0.0,0.0,0.9314199578922532,-0.0549755692481994,0.0163037180900573,0,0,car
shapenet1383,cabinet,-1.0729586082894003,2.6666666666666665,0.24456224405107466,0.3820009976625442,-0.0893880128860473,1,0,loudspeaker
shapenet1386,cabinet,0.0,0.0,0.626356751838109,0.0117782652378082,-0.0486639142036438,0,0,display
shapenet1390,cabinet,0.0,0.0,0.43321495719571695,-0.0437966585159301,-0.0018378496170043,0,0,telephone
shapenet1391,cabinet,-1.1945063128187032,3.3333333333333335,0.27509023882791145,0.0568869113922119,0.0870592892169952,1,1,loudspeaker
shapenet1392,cabinet,-0.23104906018664842,0.3333333333333333,0.3139957936813852,0.1448875665664672,0.0623784959316253,1,1,telephone
shapenet1393,cabinet,0.0,0.0,0.4861730658108215,0.0165451169013977,0.0460767447948455,1,1,watercraft
shapenet1394,cabinet,0.0,0.0,0.5040587386557628,-0.0115613937377929,-0.0540354251861572,0,0,cabinet
shapenet1396,cabinet,0.0,0.0,0.42451856874266397,-0.0453627109527587,0.0044541358947753,0,0,airplane
shapenet1397,cabinet,0.0,0.0,0.5269165544172755,0.0982580780982971,0.0369684100151062,1,0,chair
shapenet1401,cabinet,0.0,0.0,0.5211407648049593,-0.0466152429580688,0.0131690502166748,0,1,airplane
shapenet1402,cabinet,0.0,0.0,0.7820251420293491,0.1313617825508117,0.1425019204616546,1,1,chair
shapenet1404,cabinet,0.0,0.0,0.9167904908626067,-0.0666558742523193,0.0062756240367889,0,0,car
shapenet1406,cabinet,0.0,0.0,0.43001587724422624,0.2782018780708313,0.3007927983999252,1,1,airplane
shapenet1411,cabinet,0.0,0.0,0.5201735150498195,-0.0622330009937286,-0.0718332529067993,0,0,sofa
shapenet1413,cabinet,-0.3662040962227033,0.6666666666666666,0.2812207892756052,0.1068097949028015,0.1350704431533813,1,1,bench
shapenet1418,cabinet,0.0,0.0,0.9253477423883366,-0.0567046999931335,-0.0357309579849243,0,0,car
shapenet1419,cabinet,0.0,0.0,0.5659247319967163,-0.0858522951602935,-0.0601184368133544,0,0,table
shapenet1421,cabinet,0.0,0.0,0.7279573849433145,0.0190856158733367,-0.0841362178325653,0,0,watercraft
shapenet1422,cabinet,0.0,0.0,0.41607064995222826,0.0516369938850402,0.0270657539367675,1,0,airplane
shapenet1423,cabinet,-2.1198579562241258,11.0,0.23103543068649898,-0.0073636174201965,0.011841595172882,0,0,telephone
shapenet1427,cabinet,0.0,0.0,0.6099815722457494,0.1047603785991668,0.0036223232746124,1,0,display
shapenet1428,cabinet,0.0,0.0,0.9308003247764475,0.0145129561424255,0.0156983733177185,0,1,car
shapenet1429,cabinet,0.0,0.0,0.7349707525753918,0.0458453893661499,0.0356457233428955,0,1,sofa
shapenet1433,cabinet,0.0,0.0,0.9306760673353981,0.1209912300109863,0.0484888553619384,1,1,car
shapenet1435,cabinet,0.0,0.0,0.6963731475259046,0.2822537720203399,0.2590386867523193,1,1,bench
shapenet1436,cabinet,0.0,0.0,0.4605959180977857,-0.039347231388092,-0.0135230422019958,0,0,airplane
shapenet1439,cabinet,0.0,0.0,0.606114184099368,-0.0356950759887695,-0.0303328335285186,0,0,lamp
shapenet1441,cabinet,0.0,0.0,0.4233905881945343,0.2757110893726349,0.2989781647920608,1,1,airplane
shapenet1445,cabinet,0.0,0.0,0.4181306405185139,0.1182166039943695,0.1273740828037262,1,1,airplane
shapenet1448,cabinet,-1.9269145052641097,11.333333333333334,0.22725446974048155,0.1771644949913025,0.0211828351020813,1,0,cabinet
shapenet1449,cabinet,-0.23104906018664842,0.3333333333333333,0.3037377224940243,0.0858171880245208,-0.092201292514801,1,0,cabinet
shapenet1451,cabinet,-0.23104906018664842,0.3333333333333333,0.457801177046066,0.0402811169624328,0.0839506983757019,0,1,display
shapenet1455,cabinet,0.0,0.0,0.46956981186380925,0.2529148459434509,0.2689354419708252,1,1,airplane
shapenet1460,cabinet,-1.110734836725068,9.0,0.35606959124259124,0.1644998788833618,0.1210862696170806,1,1,telephone
shapenet1466,cabinet,0.0,0.0,0.4234040710407167,0.097263753414154,0.0665410161018371,1,1,airplane
shapenet1468,cabinet,0.0,0.0,0.94068868627866,-0.1390817761421203,-0.0724620223045349,0,0,car
shapenet1470,cabinet,0.0,0.0,0.5001418883707105,0.0726590156555175,0.066514253616333,1,1,chair
shapenet1472,cabinet,0.0,0.0,0.4314090064177929,0.1556260585784912,0.1541776061058044,1,1,airplane
shapenet1473,cabinet,0.0,0.0,0.34950423544580883,-0.0155293047428131,-0.0264171659946441,0,0,watercraft
shapenet1474,cabinet,0.0,0.0,0.9136285304646513,-0.0140340328216552,-0.0212944746017456,0,0,car
shapenet1475,cabinet,-1.8404869726207487,5.666666666666667,0.21694972726189052,0.4294081181287765,0.0465022921562194,1,1,cabinet
shapenet1477,cabinet,0.0,0.0,0.8135406720251188,0.1872218549251556,0.1609391570091247,1,1,lamp
shapenet1478,cabinet,0.0,0.0,0.4104868702041819,0.2707240283489227,0.2385966181755066,1,1,airplane
shapenet1479,cabinet,0.0,0.0,0.8918198617899784,0.018575370311737,0.0612667202949523,0,1,car
shapenet1480,cabinet,-1.9620346771500519,14.333333333333334,0.2109010104585115,0.1169899106025695,-0.0533498525619506,1,0,cabinet
shapenet1484,cabinet,-1.1945063128187032,3.3333333333333335,0.30608092341853343,-0.027142584323883,-0.0063869357109069,0,0,telephone
shapenet1486,cabinet,0.0,0.0,0.7053419142396885,0.1548993587493896,0.1304951906204223,1,1,table
shapenet1487,cabinet,0.0,0.0,0.3875733268889306,-0.0470316708087921,-0.0183818340301513,0,0,telephone
shapenet1489,cabinet,-1.6566044331920002,7.333333333333333,0.22941200573063825,0.1479489803314209,-0.0345554053783416,1,0,loudspeaker
shapenet1491,cabinet,0.0,0.0,0.7369136093644054,0.2373000979423523,0.234607994556427,1,1,chair
shapenet1494,cabinet,0.0,0.0,0.46577988027588485,0.1149958968162536,-0.089490532875061,1,0,bench
shapenet1495,cabinet,-1.7099662383076912,8.0,0.21434539928596727,0.0128854513168334,0.1683225631713867,0,1,cabinet
shapenet2,car,0.0,0.0,0.9024610882237852,0.0763977169990539,0.0241907835006713,1,1,loudspeaker
shapenet3,car,-0.9241962407465937,2.0,0.5167693241026949,0.1151970624923706,0.1602188944816589,1,1,bench
shapenet4,car,0.0,0.0,0.38842528159728595,0.3143045753240585,0.2167392373085022,1,1,airplane
shapenet5,car,0.0,0.0,0.8148636830213031,0.0469230413436889,0.0364487171173095,1,0,sofa
shapenet6,car,-0.23104906018664842,0.3333333333333333,0.3606765213714078,0.1359948813915252,0.0723785758018493,1,1,bench
shapenet10,car,0.0,0.0,1.0278745645759628,-0.1087086200714111,-0.1119518280029296,0,0,display
shapenet11,car,-1.598596848532247,6.666666666666667,0.2532734651496193,0.0816312134265899,0.0410408675670623,1,1,watercraft
shapenet13,car,0.0,0.0,0.46412801857814695,0.1553822457790374,0.0926105976104736,1,1,airplane
shapenet15,car,0.0,0.0,1.0798091580379479,0.1228696107864379,0.089080661535263,1,1,cabinet
shapenet18,car,0.0,0.0,0.7886573037068142,0.1749779284000396,0.1286601424217224,1,1,table
shapenet19,car,0.0,0.0,0.941622874198015,0.0285928845405578,0.0506073832511901,0,0,chair
shapenet20,car,-2.228203909222642,8.333333333333334,0.2821004247049422,0.0469617247581481,0.0637953877449035,1,1,bench
shapenet22,car,0.0,0.0,0.6762590343754881,0.2092687487602234,0.1911988854408264,1,1,chair
shapenet23,car,0.0,0.0,0.8662696422360475,-0.0516872704029083,-0.0585803687572479,0,0,loudspeaker
shapenet24,car,0.0,0.0,0.9855787747196585,0.0585638880729675,0.0579293370246887,1,1,cabinet
shapenet25,car,0.0,0.0,0.8176767664986214,0.2175513803958892,0.2099210619926452,1,1,chair
shapenet26,car,-0.6931471805599453,1.0,0.22337195165275706,0.0004066228866577,-0.0800977349281311,0,0,watercraft
shapenet28,car,0.0,0.0,0.39663319553628895,0.0609537959098815,-0.0009410977363586,1,0,airplane
shapenet35,car,0.0,0.0,0.8020765666236334,0.0041116178035736,0.0031989216804504,0,0,telephone
shapenet37,car,0.0,0.0,0.8914828921673988,-0.0307399630546569,-0.0654328465461731,0,0,display
shapenet41,car,0.0,0.0,1.1020946180659548,-0.0106865763664245,-0.03516685962677,0,0,cabinet
shapenet42,car,0.0,0.0,0.9668218143063148,0.0788209438323974,0.0765052437782287,1,1,loudspeaker
shapenet46,car,0.0,0.0,0.6546135057744874,0.0658420324325561,0.0792386829853057,1,1,table
shapenet49,car,0.0,0.0,0.4327354699444337,0.0261746048927307,0.0554926395416259,1,1,airplane
shapenet50,car,0.0,0.0,0.8759441947286709,0.0054962635040283,-0.00068199634552,0,0,display
shapenet53,car,-3.4464508443451245,35.0,0.10569574109728508,0.2261796742677688,-0.0308929681777954,1,0,car
shapenet55,car,0.0,0.0,0.9314618254257003,0.1062912344932556,0.0740576386451721,1,1,telephone
shapenet57,car,0.0,0.0,0.8579516877616817,0.2852475941181183,0.3005216121673584,1,1,loudspeaker
shapenet62,car,0.0,0.0,1.0556392314214083,-0.1173222064971923,-0.1298196613788604,0,0,loudspeaker
shapenet71,car,0.0,0.0,0.416446214936577,0.2701572477817535,0.1618518531322479,1,1,airplane
shapenet72,car,0.0,0.0,0.4165866585693498,0.0791744589805603,0.1164968013763427,1,1,airplane
shapenet73,car,0.0,0.0,0.3424717628083475,0.0237081050872802,-0.0672264099121093,1,0,watercraft
shapenet74,car,0.0,0.0,0.601783839786489,-0.0622026026248931,-0.0312279760837554,0,0,chair
shapenet75,car,0.0,0.0,0.38944146205727925,-0.0092285275459289,-0.0595597624778747,0,0,airplane
shapenet80,car,0.0,0.0,0.8221363097691293,0.0697172880172729,0.0355584025382995,1,0,telephone
shapenet82,car,-1.5350567286626973,6.0,0.35135163110792517,0.0112354755401611,-0.0057975053787231,0,0,bench
shapenet83,car,0.0,0.0,1.0434152831941177,0.0048831105232238,-0.0697695016860961,0,0,cabinet
shapenet86,car,-1.4648163848908131,5.333333333333333,0.33442591959606016,0.0439951419830322,-0.010015457868576,1,0,bench
shapenet87,car,0.0,0.0,0.3924119906046765,0.1411530673503875,0.0677871406078338,1,1,airplane
shapenet90,car,-1.8053668007348067,5.333333333333333,0.30686471818968175,0.0253801941871643,0.1438702940940857,0,1,bench
shapenet91,car,0.0,0.0,0.9613384573092194,-0.1782591640949249,-0.1352855563163757,0,0,loudspeaker
shapenet97,car,-5.919262746654037,387.0,0.05159226286179294,0.2530399560928345,-0.0528821349143981,1,0,car
shapenet101,car,0.0,0.0,0.440780815712073,0.132082462310791,0.1374700367450714,1,1,bench
shapenet102,car,0.0,0.0,0.6126318805870025,0.0609154403209686,0.1193779408931732,1,1,bench
shapenet103,car,0.0,0.0,0.505281976669861,-0.0058841407299041,0.027547538280487,0,1,airplane
shapenet104,car,0.0,0.0,0.4092664277725367,0.129336416721344,0.0419152379035949,1,1,airplane
shapenet107,car,-2.690302029595939,26.333333333333332,0.1373304326844391,0.0935842394828796,-0.0259132087230682,1,0,car
shapenet110,car,-0.3662040962227033,0.6666666666666666,0.27056145112156127,0.0912666916847229,0.0757603645324707,1,1,watercraft
shapenet112,car,0.0,0.0,1.0284243703841345,0.0358902812004089,0.0573135018348693,1,1,cabinet
shapenet115,car,0.0,0.0,0.9720513230555584,0.0574198365211486,0.0159212350845336,1,0,display
shapenet116,car,-4.937535594479957,297.0,0.09487105884276802,0.1978415250778198,0.0146422386169433,1,0,car
shapenet118,car,0.0,0.0,0.7933350580502149,0.0845836997032165,0.0405457317829132,1,0,chair
shapenet119,car,0.0,0.0,1.0016665047260107,-0.0144252777099609,-0.06917405128479,0,0,chair
shapenet120,car,-1.4648163848908131,5.333333333333333,0.3174642979963522,0.0351101756095886,0.0732601284980773,1,1,bench
shapenet123,car,0.0,0.0,0.6033534772850705,0.0633283853530883,0.0454006791114807,1,1,telephone
shapenet124,car,-6.108603302540853,454.3333333333333,0.031830639615945296,0.0848124027252197,-0.0428165197372436,1,0,car
shapenet125,car,0.0,0.0,0.8284010700906103,0.0170872807502746,0.0512470602989196,0,0,sofa
shapenet126,car,-1.9012608248854006,6.666666666666667,0.2941433570872717,0.0536072850227355,-0.0086700320243835,1,0,chair
shapenet128,car,0.0,0.0,0.45498277221300704,0.0187689661979675,0.0334146916866302,1,1,lamp
shapenet129,car,-2.3890126256374065,10.0,0.252924885001984,0.0340579152107238,-0.0149354636669158,1,0,watercraft
shapenet133,car,0.0,0.0,0.3667204027654592,0.0231119990348815,-0.0082961320877075,1,0,lamp
shapenet134,car,0.0,0.0,1.0187035203117678,0.0951476097106933,0.0987787246704101,1,1,loudspeaker
shapenet136,car,0.0,0.0,0.3414428785919028,0.1474388241767883,-0.004727303981781,1,0,watercraft
shapenet142,car,-1.4648163848908131,5.333333333333333,0.3200287915028513,0.1886117756366729,0.2693129777908325,1,1,bench
shapenet144,car,0.0,0.0,1.077887065914436,0.0106601417064666,0.0823929905891418,0,1,cabinet
shapenet148,car,-0.3662040962227033,0.6666666666666666,0.29590719629012946,0.0676807165145874,0.0157907009124755,1,0,watercraft
shapenet151,car,0.0,0.0,0.6650203540987788,0.0679593384265899,0.0378164649009704,1,1,loudspeaker
shapenet152,car,-0.9241962407465937,2.0,0.19695268919644948,0.1112206876277923,0.0681538879871368,1,1,watercraft
shapenet153,car,0.0,0.0,1.0796163889385302,-0.0565361976623535,-0.0997340083122253,0,0,cabinet
shapenet154,car,-2.902604517008296,36.333333333333336,0.1445592832308182,0.1859906613826751,0.0678203701972961,1,1,car
shapenet156,car,0.0,0.0,0.4505603576635777,0.2556093633174896,0.1605275571346283,1,1,airplane
shapenet157,car,0.0,0.0,1.0520922779054316,0.1534379124641418,0.1102774143218994,1,1,loudspeaker
shapenet160,car,0.0,0.0,0.8408737332044184,-0.0470868647098541,-0.0514995455741882,0,0,table
shapenet161,car,0.0,0.0,0.8388365639975642,-0.0404252409934997,-0.0349398851394653,0,0,telephone
shapenet162,car,0.0,0.0,1.068740103674137,-0.1287190914154052,-0.1361637115478515,0,0,loudspeaker
shapenet163,car,0.0,0.0,0.3627165205809526,0.1555342674255371,0.1576379537582397,1,1,airplane
shapenet164,car,0.0,0.0,0.40840340818461723,0.1867289394140243,0.0535483360290527,1,1,airplane
shapenet165,car,-5.760767904724865,337.6666666666667,0.05816269191265702,0.2258819043636322,-0.0400231480598449,1,0,car
shapenet167,car,-0.7324081924454066,2.6666666666666665,0.39406036982619636,-0.0169795155525207,0.0117198228836059,0,0,bench
shapenet169,car,0.0,0.0,0.7117475254063989,0.186018168926239,0.2161377370357513,1,1,telephone
shapenet171,car,-4.017541406355098,142.66666666666666,0.0992656455736282,0.3911789283156395,0.0421214997768402,1,0,car
shapenet172,car,0.0,0.0,0.4444893660701339,-0.0310345292091369,-0.0906313061714172,0,0,airplane
shapenet176,car,0.0,0.0,0.6553821833471382,0.0812202095985412,0.0840274095535278,1,1,table
shapenet178,car,-1.3040076684760484,3.0,0.25125406759975455,-0.0045640468597412,0.0885592997074127,0,1,watercraft
shapenet179,car,0.0,0.0,0.7459502093373409,-0.0439984798431396,-0.0824221968650817,0,0,cabinet
shapenet184,car,0.0,0.0,0.5546873115585218,0.0930421650409698,0.0380235612392425,1,1,chair
shapenet185,car,0.0,0.0,0.9283369431531382,0.0493916869163513,0.0763335227966308,1,1,sofa
shapenet186,car,0.0,0.0,0.9099156223088934,0.3423372805118561,0.2805329263210296,1,1,chair
shapenet191,car,0.0,0.0,0.2606375026894407,0.1045987904071807,-0.0038683712482452,1,0,watercraft
shapenet192,car,0.0,0.0,0.9635501129509327,0.1172727942466735,0.0491095781326293,1,1,table
shapenet193,car,0.0,0.0,0.8645105147025097,0.1791001260280609,0.1030685901641845,1,1,telephone
shapenet194,car,0.0,0.0,1.1060597794065636,0.1234338283538818,0.1713669300079345,1,1,cabinet
shapenet196,car,-3.2808209502327847,25.666666666666668,0.11581016193935521,0.1456378102302551,0.0309870839118957,1,1,car
shapenet197,car,0.0,0.0,0.4669539899553627,-0.0778084397315979,-0.1303233504295349,0,0,bench
shapenet199,car,0.0,0.0,0.3927138683930455,0.1819578260183334,0.1953926086425781,1,1,airplane
shapenet200,car,0.0,0.0,0.6226903701898746,0.0380736291408538,0.0549777746200561,1,1,lamp
shapenet203,car,0.0,0.0,0.3502124153649419,-0.0154591798782348,-0.0391791462898254,0,0,watercraft
shapenet204,car,0.0,0.0,0.7759583487641937,-0.0009723901748657,0.0291329026222229,0,0,chair
shapenet210,car,0.0,0.0,0.9560543533780349,0.0799970030784607,0.0641681551933288,1,1,display
shapenet211,car,-5.3074257804614415,280.0,0.05644808928754643,0.1995903551578521,-0.0561562776565551,1,0,car
shapenet213,car,0.0,0.0,0.6902840162341843,0.1937873065471649,0.0155926942825317,1,0,telephone
shapenet214,car,-4.979706601049782,478.3333333333333,0.10279206929907365,0.2226485013961792,0.1882888078689575,1,1,car
shapenet215,car,0.0,0.0,0.9237697541853315,0.0865216851234436,0.1219865679740905,1,1,table
shapenet216,car,-0.7324081924454066,1.3333333333333333,0.3422921809646921,0.2800880372524261,0.1671299040317535,1,1,airplane
shapenet220,car,-0.23104906018664842,0.3333333333333333,0.23485992362293784,0.0283755660057067,0.0872367024421691,0,1,watercraft
shapenet226,car,0.0,0.0,0.8711111761391979,0.0659921169281005,-0.0244661569595336,1,0,sofa
shapenet227,car,-2.5012802488996506,11.333333333333334,0.2517915405942011,0.1450017988681793,0.0559582710266113,1,1,lamp
shapenet228,car,0.0,0.0,0.686888795309879,0.0942342579364776,0.1204927265644073,1,1,telephone
shapenet230,car,0.0,0.0,0.47078156598904597,0.0265683531761169,0.0564455986022949,1,1,lamp
shapenet231,car,0.0,0.0,0.8115521109164562,0.162573367357254,0.1392593383789062,1,1,cabinet
shapenet232,car,0.0,0.0,0.8046053495244747,0.2264576554298401,0.1533192992210388,1,1,chair
shapenet233,car,0.0,0.0,0.8940336993299497,-0.0760434567928314,-0.0712139904499054,0,0,table
shapenet236,car,0.0,0.0,0.9035787464767049,-0.044838547706604,-0.0117807388305664,0,0,cabinet
shapenet237,car,-0.6931471805599453,1.0,0.3813908158387755,0.0939400792121887,0.0825773775577545,1,1,watercraft
shapenet239,car,0.0,0.0,0.26888958015026726,0.0102171301841735,-0.0520530045032501,0,0,watercraft
shapenet240,car,0.0,0.0,0.716774132671883,0.2007399201393127,0.1644455790519714,1,1,telephone
shapenet241,car,0.0,0.0,0.8722523239484595,0.1099966466426849,0.0736196935176849,1,1,table
shapenet242,car,0.0,0.0,0.7530027519184618,-0.053574800491333,0.0006163716316223,0,0,sofa
shapenet243,car,-0.7324081924454066,2.6666666666666665,0.6837388427893504,0.2081065773963928,0.1334666609764099,1,1,bench
shapenet244,car,0.0,0.0,0.49690526141292324,0.0166725814342498,0.0553928613662719,0,0,airplane
shapenet248,car,-1.7234946650127174,5.333333333333333,0.30321684067138904,0.1199241876602172,0.0842035412788391,1,1,lamp
shapenet249,car,0.0,0.0,1.0955466518402188,0.1271095871925354,0.129124641418457,1,1,cabinet
shapenet250,car,-6.331989878674835,577.6666666666666,0.03247701159586901,0.2063968777656555,-0.0267992317676544,1,0,car
shapenet252,car,0.0,0.0,0.973922716752074,-0.0598747730255126,-0.081162542104721,0,0,cabinet
shapenet255,car,0.0,0.0,0.5539340312507676,0.0388355255126953,-0.0135300457477569,0,0,watercraft
shapenet257,car,-0.6931471805599453,2.3333333333333335,0.36007764992065566,0.4129219278693199,0.2824626266956329,1,1,airplane
shapenet260,car,0.0,0.0,0.8678000798780356,0.1343777477741241,0.0861705243587493,1,1,chair
shapenet262,car,0.0,0.0,0.8843844351763481,-0.1183031201362609,-0.1050143241882324,0,0,chair
shapenet264,car,0.0,0.0,0.4530048533104321,0.0125001072883605,0.0217524766921997,0,1,airplane
shapenet265,car,0.0,0.0,1.0740867455478078,0.0797555446624755,0.004560649394989,1,0,cabinet
shapenet266,car,0.0,0.0,1.0760813852766826,0.0797790884971618,0.0601649284362793,1,1,loudspeaker
shapenet268,car,0.0,0.0,0.9118704792985096,0.0315415561199188,-0.0165807902812957,0,0,chair
shapenet269,car,0.0,0.0,0.43174721064726573,0.0789988040924072,0.0839261412620544,1,1,display
shapenet271,car,0.0,0.0,0.730848786327833,0.0913091301918029,0.0667964816093444,1,1,chair
shapenet275,car,0.0,0.0,0.44780180311195433,0.1920444965362548,0.0330288410186767,1,1,airplane
shapenet276,car,0.0,0.0,0.9586971858467285,0.0755818486213684,0.0480973720550537,1,1,display
shapenet278,car,0.0,0.0,0.3499223078219342,0.1464848220348358,0.0654579997062683,1,1,watercraft
shapenet280,car,-0.6486367163517711,2.0,0.3456448516973866,0.0016560554504394,-0.0603362917900085,0,0,bench
shapenet281,car,0.0,0.0,0.4432671659121088,0.0221570134162902,0.0092536807060241,1,1,airplane
shapenet282,car,0.0,0.0,0.7018041615835985,0.1126114130020141,0.0400300920009613,1,1,sofa
shapenet284,car,0.0,0.0,0.9110780109117088,-0.0306553244590759,-0.0648369789123535,0,0,sofa
shapenet285,car,0.0,0.0,1.0411728257606414,-0.0590780377388,-0.0547962188720703,0,0,loudspeaker
shapenet288,car,0.0,0.0,0.6149298876087244,0.0819468796253204,0.0883724689483642,1,1,cabinet
shapenet289,car,0.0,0.0,0.9660990811702256,0.0806191563606262,0.0571181774139404,1,1,chair
shapenet293,car,0.0,0.0,0.5092835014281974,0.087869256734848,0.0921261012554168,1,1,airplane
shapenet294,car,0.0,0.0,0.2861535960113993,0.0580695271492004,-0.0136311948299407,1,0,watercraft
shapenet295,car,0.0,0.0,0.39770421088843516,0.1609573662281036,0.1999466717243194,1,1,airplane
shapenet299,car,0.0,0.0,1.0755126895745664,-0.1697711646556854,-0.0583379864692688,0,0,display
shapenet300,car,0.0,0.0,0.8779437478416412,0.0615884661674499,0.023289144039154,1,1,telephone
shapenet302,car,-5.796240825931677,342.6666666666667,0.03721052873090958,0.1825380325317382,-0.0698298215866088,1,0,car
shapenet303,car,0.0,0.0,0.8828019040188159,0.3305943608283996,0.1836393475532531,1,1,display
shapenet304,car,0.0,0.0,0.6774787670087724,0.2799046635627746,0.2207830548286438,1,1,chair
shapenet305,car,0.0,0.0,1.0915130294062652,0.0193959474563598,0.0379602313041687,1,1,cabinet
shapenet306,car,0.0,0.0,0.3147033288209456,0.0357730984687805,0.1116411089897155,1,1,watercraft
shapenet307,car,0.0,0.0,0.358311208153133,-0.0055417418479919,0.0181712508201599,0,1,chair
shapenet308,car,0.0,0.0,0.3904394308568962,-0.0426092147827148,-0.0062736272811889,0,0,airplane
shapenet310,car,-0.7675283643313486,3.0,0.3669551673489066,0.1793845891952514,0.0479352474212646,1,1,bench
shapenet311,car,0.0,0.0,0.7838297569143622,0.0279011726379394,-0.0052577853202819,0,0,sofa
shapenet321,car,0.0,0.0,0.5007885327772134,-0.0768524408340454,-0.058578073978424,0,0,sofa
shapenet323,car,0.0,0.0,0.3723148920387164,-0.0338364839553833,-0.0370676517486572,0,0,airplane
shapenet328,car,0.0,0.0,0.5039667921690437,0.1147423386573791,0.1250616312026977,1,1,table
shapenet330,car,0.0,0.0,0.2915390232807895,0.3428171426057815,0.2286310195922851,1,1,airplane
shapenet332,car,0.0,0.0,0.34181274245178556,0.193982183933258,0.1926169395446777,1,1,airplane
shapenet333,car,0.0,0.0,0.8465828157856548,-0.0464019775390625,-0.0475676953792572,0,0,telephone
shapenet335,car,-0.46209812037329684,0.6666666666666666,0.4694387129997142,-0.0765058398246765,-0.0511876344680786,0,0,lamp
shapenet337,car,0.0,0.0,1.0505128654242866,-0.0271034836769104,-0.0857526063919067,0,0,cabinet
shapenet345,car,-1.3862943611198906,4.666666666666667,0.3293434046309508,0.1651889979839325,0.1732369661331176,1,1,airplane
shapenet346,car,0.0,0.0,0.9565413910054641,-0.0759897828102111,-0.0730123519897461,0,0,telephone
shapenet347,car,-0.46209812037329684,0.6666666666666666,0.263924376169264,0.0573716461658477,-0.0074700713157653,1,0,watercraft
shapenet348,car,0.0,0.0,0.49578590502771297,0.1205031275749206,0.0185957551002502,1,0,bench
shapenet350,car,0.0,0.0,0.9497265970208502,0.2139330804347992,0.1310572922229766,1,1,table
shapenet351,car,0.0,0.0,0.7702507914981975,0.0591677725315094,0.0160931348800659,1,0,telephone
shapenet352,car,0.0,0.0,0.22744096299623484,0.2271660566329956,0.0467656552791595,1,1,watercraft
shapenet355,car,0.0,0.0,1.0792226909634468,0.0627799332141876,-0.0178040266036987,1,0,cabinet
shapenet356,car,0.0,0.0,0.34189386100614194,0.1862590312957763,0.10286545753479,1,1,watercraft
shapenet358,car,-0.23104906018664842,0.3333333333333333,0.32318945529076887,0.0211986303329467,0.057732880115509,1,1,watercraft
shapenet359,car,0.0,0.0,0.4439059445053933,-0.0358096957206726,-0.0478738546371459,0,0,chair
shapenet361,car,-0.7324081924454066,2.6666666666666665,0.8246754803969546,0.3403352499008178,0.2869221270084381,1,1,lamp
shapenet363,car,-2.214596577715891,10.666666666666666,0.18234671282175885,0.0848443359136581,-0.063596487045288,1,0,car
shapenet366,car,0.0,0.0,0.9707152769057793,0.0990231335163116,0.0049522519111633,1,0,table
shapenet368,car,0.0,0.0,0.716227602164513,0.0802066326141357,0.0200671553611755,1,1,sofa
shapenet370,car,0.0,0.0,0.8411861962082164,0.0410833358764648,-0.0029332041740417,0,0,display
shapenet372,car,0.0,0.0,0.6891117110304616,-0.0984791815280914,-0.0663862526416778,0,0,chair
shapenet374,car,-0.8796857765384195,4.333333333333333,0.31802190406627745,0.1296801269054412,0.016306459903717,1,1,lamp
shapenet375,car,-4.013229142678191,63.0,0.1037664120010258,0.0291199684143066,-0.0518829822540283,1,0,car
shapenet376,car,0.0,0.0,1.0338875676781076,0.1290752291679382,0.0510373711585998,1,1,loudspeaker
shapenet377,car,-5.365483968614799,242.33333333333334,0.06173924571240219,0.323228970170021,-0.0024123787879943,1,0,car
shapenet378,car,0.0,0.0,0.3962520155058882,-0.0405499339103698,-0.0633582472801208,0,0,airplane
shapenet379,car,0.0,0.0,0.8748957909906864,0.1232297420501709,0.1614041328430175,1,1,chair
shapenet380,car,0.0,0.0,0.7447792699103681,-0.0321583747863769,-0.0214902162551879,0,0,telephone
shapenet385,car,-1.8296459087188957,7.0,0.2812738906882488,0.0007787942886352,-0.0113636851310729,0,0,watercraft
shapenet387,car,0.0,0.0,0.6966050038287309,0.0421257019042968,-0.0022946596145629,1,0,table
shapenet388,car,-0.7324081924454066,2.6666666666666665,0.6758428658364544,0.1211701035499572,0.0488553047180175,1,1,chair
shapenet389,car,0.0,0.0,1.0856523930624777,0.0183859467506408,-0.0395524501800537,0,0,cabinet
shapenet392,car,0.0,0.0,0.6834884656318163,0.0486931204795837,0.0144106745719909,1,0,display
shapenet393,car,0.0,0.0,0.4572188945595377,0.2826434671878814,0.1932362914085388,1,1,airplane
shapenet397,car,0.0,0.0,1.0060880729338357,0.1177956759929657,0.0664495825767517,1,1,cabinet
shapenet400,car,0.0,0.0,0.7709797485114583,-0.0208666920661926,-0.0543197393417358,0,0,display
shapenet405,car,-5.9565284910313965,398.0,0.03964550423572255,0.0272856950759887,0.0076000094413757,1,0,car
shapenet410,car,0.0,0.0,0.4742301282969765,0.185842752456665,0.166029155254364,1,1,bench
shapenet411,car,0.0,0.0,0.9957949478913234,0.1460287570953369,0.1382727622985839,1,1,loudspeaker
shapenet412,car,-5.10390688133498,163.66666666666666,0.07407934678761621,0.3264315128326416,-0.0202662348747253,1,0,car
shapenet413,car,0.0,0.0,0.8447954261703149,0.0698516964912414,0.0078625082969665,1,0,table
shapenet415,car,0.0,0.0,0.3010846777884102,-0.0251564085483551,0.0046307742595672,0,0,watercraft
shapenet418,car,0.0,0.0,0.454511237641719,0.0171468257904052,0.034698486328125,0,1,lamp
shapenet420,car,0.0,0.0,1.000521223322626,-0.0855752527713775,0.0226578712463378,0,0,telephone
shapenet422,car,0.0,0.0,0.25811500367683476,-0.0597497224807739,-0.0705592036247253,0,0,watercraft
shapenet423,car,0.0,0.0,0.9208384601689311,-0.0388704240322113,-0.0054593682289123,0,0,sofa
shapenet424,car,0.0,0.0,0.9314792250275222,-0.0620104670524597,-0.0777380466461181,0,0,table
shapenet429,car,-0.6931471805599453,1.0,0.3182185530555761,-0.0432197153568267,-0.0763487219810485,0,0,watercraft
shapenet431,car,0.0,0.0,0.7597091004143733,0.0471770167350769,0.0547612309455871,1,1,lamp
shapenet432,car,-4.63496470636632,209.0,0.08159357120287421,0.1881128549575805,-0.0016281604766845,1,0,car
shapenet439,car,0.0,0.0,0.5919554717763917,-0.049819141626358,0.0456329882144928,0,0,lamp
shapenet440,car,0.0,0.0,0.8727604164603789,-0.0483655631542205,-0.0856775939464569,0,0,sofa
shapenet443,car,0.0,0.0,0.7616546281199089,-0.0980151295661926,-0.108356237411499,0,0,table
shapenet444,car,0.0,0.0,0.9523251647159539,0.0538068413734436,0.011464774608612,1,1,telephone
shapenet447,car,0.0,0.0,0.9236997594770093,0.1214298903942108,0.0506009757518768,1,1,telephone
shapenet449,car,0.0,0.0,0.3554984120294306,0.1998279094696045,0.0711019039154052,1,1,airplane
shapenet450,car,-6.111175134624425,456.6666666666667,0.03458050874767018,0.3234768062829971,-0.0106181800365448,1,0,car
shapenet453,car,0.0,0.0,0.5246558366996372,0.1041176319122314,0.0975065231323242,1,1,chair
shapenet455,car,-1.3170812395271425,4.666666666666667,0.3122628930277798,0.0232211351394653,0.0083281397819519,0,0,watercraft
shapenet458,car,-4.1761100142072145,94.0,0.1006652742131459,-0.0438774824142456,-0.0115940570831298,0,0,car
shapenet459,car,0.0,0.0,0.34593995637849634,0.0839062333106994,-0.0250212550163269,1,0,airplane
shapenet461,car,-2.3702320409929425,22.666666666666668,0.16043726318120166,-0.0405826866626739,-0.0155627131462097,0,0,car
shapenet462,car,0.0,0.0,0.9560130528976237,-0.0851427018642425,-0.0238116383552551,0,0,sofa
shapenet464,car,0.0,0.0,0.8963653730789399,-0.017297625541687,-0.0743521451950073,0,0,sofa
shapenet469,car,0.0,0.0,1.0369767521916746,0.1854422688484192,0.1921848654747009,1,1,loudspeaker
shapenet471,car,0.0,0.0,0.4134654499540606,0.1048865616321563,0.1122706532478332,1,1,airplane
shapenet473,car,0.0,0.0,0.41721481821370804,0.2003165781497955,0.1922177374362945,1,1,airplane
shapenet474,car,0.0,0.0,0.7806221277482557,0.1038412451744079,0.0495787262916564,1,1,display
shapenet476,car,0.0,0.0,0.3585218383802049,0.1280370950698852,0.1686484813690185,1,1,airplane
shapenet477,car,-2.124439929859004,195.0,0.3718732645720471,-0.0051202178001403,-0.0482565760612487,0,0,car
shapenet478,car,0.0,0.0,0.7296135784609904,0.325430691242218,0.3121099919080734,1,1,chair
shapenet480,car,-1.8483924814931874,10.0,0.2558356739930048,0.0612847805023193,0.0553798675537109,1,1,watercraft
shapenet482,car,0.0,0.0,0.8276290743615314,0.1998608559370041,0.1997835636138916,1,1,chair
shapenet484,car,0.0,0.0,0.3871952869602861,-0.0891520977020263,-0.072366178035736,0,0,airplane
shapenet486,car,0.0,0.0,0.9890869729990959,0.0562080740928649,-0.050944983959198,0,0,telephone
shapenet488,car,-5.750471973868442,332.6666666666667,0.06807808536364313,0.0511702895164489,-0.014797031879425,0,0,car
shapenet490,car,0.0,0.0,0.9946347754852637,0.0496306419372558,0.104284644126892,1,1,cabinet
shapenet496,car,0.0,0.0,0.2734011637456403,0.2105693817138672,0.1670287251472473,1,1,watercraft
shapenet497,car,0.0,0.0,1.07925715605506,0.0643398761749267,0.0125258564949035,1,0,cabinet
shapenet498,car,0.0,0.0,0.8209987687557149,-0.0516388118267059,-0.0323807895183563,0,0,loudspeaker
shapenet501,car,0.0,0.0,0.4009849648623838,0.238884150981903,0.1510275602340698,1,1,airplane
shapenet504,car,0.0,0.0,0.41440381570908147,-0.1150330901145935,-0.0956886410713195,0,0,airplane
shapenet505,car,0.0,0.0,0.930862542090163,-0.0065631866455078,0.0774000287055969,0,1,display
shapenet506,car,0.0,0.0,0.9194772576797217,-0.1205887794494628,-0.0969523787498474,0,0,sofa
shapenet507,car,0.0,0.0,0.4285109257444035,0.2254011631011963,0.1492902636528015,1,1,airplane
shapenet509,car,0.0,0.0,0.8804690779300616,0.0573062598705291,0.0075249671936035,1,1,sofa
shapenet510,car,0.0,0.0,0.556119783576359,0.0451155602931976,-0.0047419965267181,1,0,telephone
shapenet513,car,-0.7992984242661235,3.3333333333333335,0.5722978236466824,-0.0092552304267883,-0.0260153412818908,0,0,telephone
shapenet514,car,0.0,0.0,0.7727864420261517,-0.0237923860549926,0.0532336235046386,0,1,sofa
shapenet515,car,0.0,0.0,0.8127648726840971,0.2241766452789306,0.0899977684020996,1,1,bench
shapenet516,car,0.0,0.0,0.9220318317804553,0.1638481616973877,0.0855721831321716,1,1,display
shapenet518,car,0.0,0.0,0.9311245165318535,0.0460242629051208,0.0327661037445068,0,0,chair
shapenet520,car,0.0,0.0,0.4676053591950337,0.2563371062278747,0.15169358253479,1,1,airplane
shapenet521,car,0.0,0.0,0.8092002855963621,0.0884310901165008,0.0781649351119995,1,1,display
shapenet523,car,0.0,0.0,0.4207768937645863,0.3959334045648575,0.3041170239448547,1,1,airplane
shapenet526,car,0.0,0.0,0.7538746627051337,0.0453755259513855,0.0717094540596008,1,1,cabinet
shapenet527,car,0.0,0.0,0.772223417758283,0.1481382846832275,-0.0119919180870056,1,0,sofa
shapenet529,car,0.0,0.0,0.6475187993073017,0.0126810669898986,-0.033578336238861,0,0,chair
shapenet534,car,-2.1579635654507583,7.666666666666667,0.2855043386483979,0.217361032962799,0.1178936064243316,1,1,bench
shapenet535,car,0.0,0.0,0.726836872874861,-0.1060526371002197,-0.03757244348526,0,0,chair
shapenet537,car,0.0,0.0,0.25465225225213334,0.0502846240997314,0.0189718008041381,1,0,watercraft
shapenet541,car,0.0,0.0,0.9486057262845672,0.0750983953475952,0.033824622631073,1,1,cabinet
shapenet544,car,0.0,0.0,0.962925968999914,-0.0733141899108886,-0.057002305984497,0,0,cabinet
shapenet546,car,0.0,0.0,0.2570664101767253,0.2673917710781097,0.1676487922668457,1,1,watercraft
shapenet547,car,0.0,0.0,0.9598885275597233,0.1515666246414184,0.1354497075080871,1,1,loudspeaker
shapenet548,car,-6.092624716441299,450.3333333333333,0.04070778066839097,0.09617680311203,-0.0573607087135314,1,0,car
shapenet550,car,0.0,0.0,0.9250808902410036,0.0698022842407226,-0.0747300386428833,1,0,telephone
shapenet554,car,0.0,0.0,0.4015387641351212,0.1260313987731933,0.0332262516021728,1,1,airplane
shapenet555,car,-1.617343421306539,5.0,0.31035504975857364,-0.02302086353302,-0.0763022303581237,0,0,watercraft
shapenet567,car,0.0,0.0,0.955409004627624,-0.0076546669006347,0.0099655091762542,0,0,loudspeaker
shapenet569,car,0.0,0.0,1.0370922174260329,0.0886366963386535,0.0158235728740692,1,0,cabinet
shapenet572,car,0.0,0.0,0.7086452231593151,0.1167666912078857,0.0966692566871643,1,1,telephone
shapenet574,car,0.0,0.0,0.39266541025736706,0.2571321725845337,0.2388920187950134,1,1,airplane
shapenet577,car,-2.194469740719588,240.66666666666666,0.17646509600742466,0.1168319880962371,0.0461806654930114,1,1,car
shapenet580,car,0.0,0.0,0.9264485611820339,0.0177752673625946,0.088329941034317,1,1,chair
shapenet584,car,0.0,0.0,0.3660328243785094,0.0352143049240112,-0.007205307483673,1,0,bench
shapenet586,car,0.0,0.0,0.36394599983314846,0.0341020822525024,0.0507627129554748,1,0,bench
shapenet590,car,-0.7992984242661235,3.3333333333333335,0.26415080649199796,0.0541864931583404,0.0060118436813354,1,0,watercraft
shapenet591,car,0.0,0.0,0.5358230452376159,0.1416050791740417,0.1472237706184387,1,1,bench
shapenet592,car,0.0,0.0,0.8249628451848251,-0.0261707603931427,0.1592596769332885,0,1,chair
shapenet593,car,0.0,0.0,0.9763143666314016,-0.1165280640125274,-0.048413872718811,0,0,display
shapenet597,car,0.0,0.0,0.41284433363548484,0.0473881959915161,0.0208253264427185,1,1,airplane
shapenet598,car,0.0,0.0,0.4013822308958505,0.3401760905981064,0.2814482450485229,1,1,airplane
shapenet599,car,0.0,0.0,1.0995789165990184,-0.0706183314323425,-0.0695875585079193,0,0,cabinet
shapenet600,car,0.0,0.0,0.4699950508352925,0.1096652150154113,0.0845870375633239,1,1,airplane
shapenet604,car,0.0,0.0,1.0660119216447,-0.0524287521839141,-0.1056732237339019,0,0,cabinet
shapenet605,car,0.0,0.0,0.3180056242160889,-0.0323779582977294,0.0147233009338378,0,0,watercraft
shapenet608,car,0.0,0.0,0.8527838677058162,-0.010701835155487,0.1172830462455749,0,1,chair
shapenet609,car,0.0,0.0,0.38637793439030216,0.010366678237915,0.078905165195465,1,1,airplane
shapenet612,car,0.0,0.0,0.3764370102365738,-0.0950521826744079,-0.0725151896476745,0,0,airplane
shapenet616,car,0.0,0.0,1.0046337122761566,0.213919922709465,0.1444228291511535,1,1,chair
shapenet617,car,-4.588843458580851,459.6666666666667,0.07282916475966285,0.1426373124122619,-0.0648699104785919,1,0,car
shapenet619,car,0.0,0.0,0.8757616641324989,-0.1086003482341766,-0.0912733674049377,0,0,sofa
shapenet620,car,0.0,0.0,0.9869455708308199,0.009298026561737,0.0618963241577148,0,1,loudspeaker
shapenet622,car,-2.2931186014868135,9.0,0.2632170800832929,0.1679528951644897,0.0811740756034851,1,1,watercraft
shapenet623,car,-6.213934076088786,498.6666666666667,0.04801408766877511,0.2977170944213867,0.0002508759498596,1,0,car
shapenet628,car,0.0,0.0,0.9280897678870481,-0.0185064077377319,-0.0581055283546447,0,0,sofa
shapenet629,car,-0.7324081924454066,1.3333333333333333,0.2578001563392198,0.0855176448822021,0.0631337463855743,1,1,watercraft
shapenet633,car,-0.7324081924454066,2.6666666666666665,0.3878687002012615,0.2843002825975418,0.0887197256088256,1,1,bench
shapenet635,car,-0.7324081924454066,2.6666666666666665,0.3460443708489542,-0.0268966853618621,0.0168339610099792,0,1,bench
shapenet636,car,0.0,0.0,0.8323982569253664,0.0169145464897155,-0.0204922556877136,1,0,telephone
shapenet638,car,0.0,0.0,1.047904738415317,0.0301295518875122,0.1029821634292602,1,1,cabinet
shapenet639,car,0.0,0.0,0.4057359256349536,-0.0094625949859619,-0.0371086299419403,0,0,lamp
shapenet640,car,-0.46209812037329684,0.6666666666666666,0.3502893474427801,0.1497186124324798,-0.0215262174606323,1,0,bench
shapenet644,car,0.0,0.0,1.0395494611896243,0.0102306008338928,-0.0184158086776733,1,0,display
shapenet646,car,0.0,0.0,0.946554785114584,0.110234260559082,0.0501002669334411,1,1,loudspeaker
shapenet652,car,0.0,0.0,0.42069251123651336,0.0949992835521698,0.099647432565689,0,1,airplane
shapenet653,car,0.0,0.0,0.9632423463370734,-0.0298333168029785,-0.043292611837387,0,0,cabinet
shapenet656,car,0.0,0.0,0.9480559973192597,-0.0883599519729614,-0.0465108752250671,0,0,loudspeaker
shapenet658,car,0.0,0.0,0.4281799622721208,0.0995917916297912,0.1242203116416931,1,1,airplane
shapenet662,car,0.0,0.0,0.5894768256596898,-0.0420202612876892,-0.032472550868988,0,0,telephone
shapenet664,car,0.0,0.0,0.9300572023048211,0.0190441608428955,0.0404214262962341,1,1,loudspeaker
shapenet665,car,-0.9241962407465937,2.0,0.38590546291079947,0.3015241622924804,0.216950386762619,1,1,airplane
shapenet666,car,0.0,0.0,0.6596267537009366,0.0555039644241333,0.1202899813652038,0,1,chair
shapenet667,car,-0.7675283643313486,3.0,0.4341166598385704,0.0851135849952697,0.0059669613838195,1,0,bench
shapenet677,car,-3.042754086980192,24.0,0.1174188433886797,0.3184310495853424,0.0916127860546112,1,1,car
shapenet678,car,0.0,0.0,0.4490016884501759,0.0033164024353027,0.0600859522819519,0,1,airplane
shapenet679,car,0.0,0.0,0.7605793902603507,0.3046851754188537,0.3116668462753296,1,1,loudspeaker
shapenet682,car,0.0,0.0,0.44541522143967455,0.183073878288269,0.2401564717292785,1,1,airplane
shapenet683,car,0.0,0.0,0.6498770257552864,0.1004135906696319,0.0489208698272705,1,1,chair
shapenet686,car,0.0,0.0,0.5126719297137289,0.0122304260730743,0.0645036697387695,1,1,chair
shapenet687,car,0.0,0.0,0.9954867583847614,0.0890273451805114,0.0865823030471801,1,1,cabinet
shapenet690,car,0.0,0.0,0.8715131994701921,0.1142389774322509,0.1138461828231811,1,1,telephone
shapenet691,car,-2.153822725451239,7.666666666666667,0.29457768144859003,0.1374277472496032,0.1727542281150818,1,1,bench
shapenet692,car,0.0,0.0,0.9508244699377633,-0.0402040481567382,0.0307862758636474,0,1,display
shapenet693,car,0.0,0.0,0.9152024103113757,-0.0099492073059082,-0.0502444505691528,0,0,table
shapenet697,car,0.0,0.0,0.832941789982176,0.1206923127174377,0.0468218326568603,1,1,chair
shapenet699,car,-6.218270043135024,506.6666666666667,0.02809621517327766,-0.0121152997016906,-0.005961000919342,0,0,car
shapenet702,car,-0.7324081924454066,2.6666666666666665,0.3595888275510633,0.0360697507858276,0.0059122145175933,0,0,bench
shapenet703,car,0.0,0.0,1.054249565720817,-0.0837427973747253,-0.0705913007259368,0,0,loudspeaker
shapenet708,car,-2.0012956890355134,6.666666666666667,0.29513263337854806,0.2012474238872528,0.0722074508666992,1,1,bench
shapenet711,car,-0.6931471805599453,1.0,0.2537339332725564,0.0357174575328826,-0.0022562742233276,1,0,watercraft
shapenet714,car,0.0,0.0,0.4896488809581105,0.232654184103012,0.1666880846023559,1,1,bench
shapenet715,car,0.0,0.0,0.40081177512792004,0.2316471934318542,0.0485840439796447,1,1,lamp
shapenet718,car,-0.46209812037329684,1.0,0.7042280717008133,0.212440550327301,0.1401979923248291,1,1,bench
shapenet719,car,0.0,0.0,0.9334647380478875,0.2097971439361572,0.1261869072914123,1,1,display
shapenet722,car,0.0,0.0,0.9138952431600877,0.1912351250648498,0.2045737206935882,1,1,sofa
shapenet724,car,0.0,0.0,0.4483315696549735,0.0088611245155334,0.0190478563308715,0,0,watercraft
shapenet725,car,0.0,0.0,0.8429049242544714,-0.0253223776817321,-0.0641862154006958,0,0,loudspeaker
shapenet732,car,-1.4999365567767553,4.333333333333333,0.31334112404064507,0.0426448583602905,0.0310445427894592,1,1,chair
shapenet734,car,0.0,0.0,0.826515576623217,-0.0437408685684204,0.1137009859085083,0,1,telephone
shapenet736,car,0.0,0.0,0.3818452909662815,0.2868887633085251,0.1655927896499633,1,1,airplane
shapenet739,car,0.0,0.0,0.41065313825905675,0.0921658277511596,0.0379926562309265,1,1,airplane
shapenet740,car,0.0,0.0,0.7851188468736415,0.2352487444877624,0.1906964778900146,1,1,chair
shapenet743,car,0.0,0.0,0.7543219933616548,-0.0585915446281433,-0.0346428155899047,0,0,table
shapenet744,car,0.0,0.0,1.0327038261216481,-0.0180281996726989,-0.0661205649375915,0,0,loudspeaker
shapenet749,car,0.0,0.0,1.0591065522301542,-0.0123806595802307,-0.0004715323448181,0,0,display
shapenet751,car,0.0,0.0,0.7719179167859855,-0.1347332596778869,-0.1240255236625671,0,0,display
shapenet757,car,0.0,0.0,0.9109481074945324,0.0503432154655456,0.0870080590248107,1,1,telephone
shapenet759,car,0.0,0.0,0.9390915040563783,-0.0756775140762329,-0.0092962980270385,0,0,chair
shapenet760,car,0.0,0.0,0.8116129522553458,-0.0121862888336181,-0.0483216941356658,0,0,telephone
shapenet761,car,0.0,0.0,0.8382411347564735,-0.0038195848464965,-0.0219002664089202,0,0,table
shapenet762,car,-0.6931471805599453,2.3333333333333335,0.36124715345111835,0.171468436717987,0.1583147644996643,1,1,bench
shapenet766,car,0.0,0.0,0.5723026332715789,-0.0160180330276489,-0.0825366377830505,0,0,table
shapenet770,car,-1.3862943611198906,4.666666666666667,0.3228133065551409,-0.0089324116706848,-0.0033552646636962,0,0,airplane
shapenet771,car,0.0,0.0,0.3912395302567642,0.0084014534950256,0.0032296180725097,0,0,airplane
shapenet772,car,-1.5350567286626973,6.0,0.35676711615845846,0.1027888059616088,0.0124148428440094,1,0,bench
shapenet773,car,0.0,0.0,0.7526207909495989,-0.0303767919540405,0.077958345413208,0,1,table
shapenet774,car,0.0,0.0,0.9921386959835715,0.0556281805038452,0.0024951100349426,1,0,loudspeaker
shapenet775,car,0.0,0.0,1.0299464760215142,0.011234164237976,-0.0427635908126831,0,0,loudspeaker
shapenet782,car,0.0,0.0,0.6017246844921874,0.0448660850524902,0.0130807161331176,1,1,chair
shapenet790,car,0.0,0.0,0.8358051512512136,0.1344550251960754,0.0784856081008911,1,1,loudspeaker
shapenet791,car,0.0,0.0,0.3713371209948142,0.1767494529485702,0.1256563067436218,1,1,airplane
shapenet796,car,0.0,0.0,1.0365265673829547,0.0494822263717651,0.0584169626235961,1,1,loudspeaker
shapenet797,car,0.0,0.0,0.8766436171884978,0.2462497949600219,0.0203036367893219,1,1,sofa
shapenet798,car,0.0,0.0,0.7606805738607382,-0.0229675471782684,-0.0108460485935211,0,0,table
shapenet799,car,-5.390331565146287,392.3333333333333,0.05462180400185091,0.1883879601955413,-0.0312206149101257,1,0,car
shapenet800,car,-0.7324081924454066,2.6666666666666665,0.3590978264314993,0.1133003234863281,0.0754708051681518,1,1,airplane
shapenet801,car,0.0,0.0,0.8702675640857729,0.0040621161460876,-0.0518797039985656,0,0,loudspeaker
shapenet804,car,0.0,0.0,0.4773694786813399,0.1154652833938598,0.0670865178108215,1,1,airplane
shapenet805,car,0.0,0.0,1.0816447589602423,0.0380827784538269,-0.0098984837532043,1,0,cabinet
shapenet808,car,0.0,0.0,0.38626344331577417,0.0020244121551513,0.0088022351264953,0,0,chair
shapenet811,car,0.0,0.0,0.6462453649261114,-0.0229018628597259,-0.04999840259552,0,0,table
shapenet812,car,0.0,0.0,0.9441420291827537,0.0907694101333618,0.0168808698654174,1,0,cabinet
shapenet813,car,-6.096087337363737,448.6666666666667,0.049986420033272555,0.2364565134048462,-0.0049038529396057,1,0,car
shapenet814,car,-4.510829426153601,127.33333333333333,0.07150553951013679,0.0805831998586654,-0.062924325466156,1,0,car
shapenet816,car,0.0,0.0,0.9173956447091275,0.2199142277240753,0.1665162444114685,1,1,table
shapenet817,car,0.0,0.0,0.8866336034321735,0.1323150694370269,0.1827784180641174,1,1,cabinet
shapenet818,car,-6.117963323688521,494.6666666666667,0.035924151007560114,0.3200863748788833,0.1690474152565002,1,1,car
shapenet820,car,0.0,0.0,0.8850323932964975,0.2066172957420349,0.1661158204078674,1,1,chair
shapenet825,car,0.0,0.0,1.0764780501275761,-0.108563631772995,-0.1114904880523681,0,0,table
shapenet826,car,0.0,0.0,1.000406244770743,0.0507564544677734,0.0272364616394042,1,0,table
shapenet827,car,-1.4648163848908131,5.333333333333333,0.3327155205337519,0.1858346760272979,0.1392627954483032,1,1,airplane
shapenet831,car,0.0,0.0,0.3088675273363157,0.1488509178161621,0.1035825908184051,1,1,watercraft
shapenet832,car,-0.7324081924454066,2.6666666666666665,0.3202785682569363,-0.004958689212799,-0.0819031596183776,0,0,bench
shapenet833,car,-1.0729586082894003,2.6666666666666665,0.24472203992714228,-0.008974403142929,-0.0269570052623748,0,0,watercraft
shapenet835,car,0.0,0.0,0.46154898944075784,0.0315333604812622,0.0099040269851684,0,0,airplane
shapenet837,car,0.0,0.0,0.9851638161840399,-0.0139166712760925,-0.0380144119262695,0,0,cabinet
shapenet840,car,0.0,0.0,0.84885897693773,0.02708101272583,0.0693278312683105,1,1,chair
shapenet845,car,0.0,0.0,0.6836070102995379,0.0413107275962829,-0.0133445262908935,1,0,sofa
shapenet846,car,0.0,0.0,0.6493129551734531,0.0731870532035827,0.1027482151985168,1,1,chair
shapenet848,car,0.0,0.0,0.2916238875244448,0.1678739488124847,0.051901638507843,1,1,watercraft
shapenet851,car,0.0,0.0,0.42039844353211114,-0.0076462626457214,0.047741949558258,0,1,airplane
shapenet852,car,-5.905737359890182,391.3333333333333,0.044903756619482794,0.2688151746988296,-0.1055793464183807,1,0,car
shapenet854,car,0.0,0.0,0.8764570248364155,-0.0147703289985656,0.0320241451263427,0,0,telephone
shapenet856,car,0.0,0.0,0.34766856163352394,0.0078560709953308,-0.0495164990425109,0,0,bench
shapenet859,car,0.0,0.0,0.8489163737850333,0.0309163928031921,-0.0222050547599792,0,0,table
shapenet860,car,-1.2972734327035422,4.0,0.38421423995191617,0.1472270488739013,0.0864661335945129,1,1,airplane
shapenet861,car,0.0,0.0,0.954902474336806,-0.0516343712806701,-0.0421598553657531,0,0,sofa
shapenet863,car,0.0,0.0,0.9308676014379879,0.0276988744735717,-0.0136587023735046,0,0,sofa
shapenet867,car,0.0,0.0,0.7266407922454302,0.3390714526176452,0.2905646562576294,1,1,chair
shapenet869,car,0.0,0.0,0.656741863696995,0.1186234652996063,0.2050864100456237,1,1,sofa
shapenet871,car,0.0,0.0,0.8208304435678863,0.0842924118041992,0.0098748505115509,1,0,telephone
shapenet873,car,0.0,0.0,1.0803310027150055,0.1059036254882812,0.1605020761489868,1,1,cabinet
shapenet877,car,0.0,0.0,0.4729626993370575,0.0749719142913818,0.0178350806236267,1,0,chair
shapenet878,car,0.0,0.0,0.8846068532145921,0.0720210075378418,0.0796400904655456,1,1,display
shapenet879,car,0.0,0.0,0.9390334194572826,-0.0105639696121215,0.0202753543853759,0,1,sofa
shapenet884,car,0.0,0.0,0.8258764289147931,0.0321234464645385,0.0156089663505554,1,1,sofa
shapenet886,car,-1.3862943611198906,4.666666666666667,0.3379000119291587,0.1526679098606109,0.0817873477935791,1,1,bench
shapenet888,car,0.0,0.0,0.6921054068151123,-0.0276377201080322,-0.0360732674598693,0,0,table
shapenet891,car,0.0,0.0,0.43975612935747194,-0.0060333609580993,-0.0366836190223693,0,0,airplane
shapenet893,car,0.0,0.0,0.902629949077315,-0.0348233580589294,-0.0272567272186279,0,0,telephone
shapenet898,car,0.0,0.0,0.35518523880578057,0.2020346522331237,0.1099046468734741,1,1,airplane
shapenet899,car,0.0,0.0,0.5628790910237295,0.1216869354248046,0.0664105415344238,1,1,display
shapenet901,car,0.0,0.0,0.4177688603949064,0.1437045633792877,0.0574234127998352,1,1,airplane
shapenet902,car,0.0,0.0,1.0068850267087253,0.0414187312126159,0.023599088191986,1,0,loudspeaker
shapenet903,car,-1.7791793599004393,69.0,0.14237022558884663,0.3523820489645004,-0.0036106407642364,1,0,car
shapenet904,car,0.0,0.0,0.9312543546333162,0.0833369791507721,0.0646446347236633,1,1,loudspeaker
shapenet906,car,0.0,0.0,0.8943099215255458,0.0071663856506347,0.0447152256965637,0,1,chair
shapenet913,car,0.0,0.0,0.7141619018281568,0.2088877558708191,0.0979308187961578,1,1,table
shapenet914,car,0.0,0.0,0.5621735990448377,-0.0646358132362365,-0.1175716519355773,0,0,table
shapenet915,car,0.0,0.0,1.0780228499480065,-0.0927114486694336,-0.0972876548767089,0,0,table
shapenet916,car,-0.5364793041447001,1.3333333333333333,0.2657797731155978,0.0140780806541442,0.0579913258552551,0,1,watercraft
shapenet918,car,0.0,0.0,0.9033010654973004,0.0279359221458435,-0.0076105594635009,0,0,chair
shapenet919,car,0.0,0.0,0.4566571478614166,0.11368328332901,0.0559059381484985,1,1,airplane
shapenet923,car,0.0,0.0,0.7922522257006551,0.0553636252880096,0.0081643760204315,1,0,sofa
shapenet924,car,0.0,0.0,1.075170046067598,0.042529284954071,-0.0375480353832244,1,0,cabinet
shapenet925,car,0.0,0.0,0.9959895893024097,0.0806957185268402,0.0539358258247375,1,0,loudspeaker
shapenet927,car,0.0,0.0,0.9215409237127575,-0.0244677662849426,-0.0487716794013977,0,0,sofa
shapenet930,car,0.0,0.0,0.3365635225497006,0.043317824602127,0.0409463346004486,1,1,watercraft
shapenet938,car,-0.6486367163517711,2.0,0.3612477959117977,0.1970692276954651,0.162488043308258,1,1,airplane
shapenet939,car,0.0,0.0,0.34727657280436447,0.0771547853946685,0.0363364815711975,1,1,bench
shapenet941,car,0.0,0.0,0.9219617165072109,0.1934773921966552,0.1882215440273285,1,1,display
shapenet942,car,0.0,0.0,0.8846915666603312,0.3325054049491882,0.1604295074939727,1,1,chair
shapenet943,car,0.0,0.0,0.44455313692804327,-0.0415570735931396,-0.0192859172821044,0,0,chair
shapenet946,car,0.0,0.0,0.5023753956618608,-0.0111283063888549,-0.0553356409072876,0,0,sofa
shapenet949,car,0.0,0.0,0.8808435620663264,0.015247106552124,0.0664764046669006,0,1,sofa
shapenet950,car,0.0,0.0,0.9689684000621516,0.0967219769954681,0.0736720263957977,1,1,cabinet
shapenet952,car,-6.155482908960511,497.6666666666667,0.03713061131632802,0.2259331047534942,0.0768990516662597,1,1,car
shapenet953,car,-1.4648163848908131,5.333333333333333,0.32539105223187065,-0.0505204200744628,-0.0879788994789123,0,0,table
shapenet954,car,-1.4648163848908131,5.333333333333333,0.32592496100051827,0.2044384181499481,0.0623947978019714,1,1,airplane
shapenet955,car,0.0,0.0,0.4262974683127763,0.2299055457115173,0.0545761585235595,1,1,airplane
shapenet956,car,0.0,0.0,0.9617406603490184,0.0849811434745788,0.0838918983936309,1,1,sofa
shapenet957,car,0.0,0.0,0.7129370502068989,0.1498251557350158,0.0844027698040008,1,1,table
shapenet958,car,0.0,0.0,0.8898820527665822,0.1642336249351501,0.096845805644989,1,1,table
shapenet959,car,0.0,0.0,1.006705886875399,-0.0277053117752075,-0.0256498456001281,0,0,loudspeaker
shapenet960,car,0.0,0.0,0.963548314393424,0.0110607147216796,0.0739115476608276,0,1,cabinet
shapenet966,car,0.0,0.0,0.6993522413724628,0.1325171291828155,0.0886535942554473,1,1,chair
shapenet967,car,0.0,0.0,0.8754164945438218,0.0075305104255676,-0.0593208074569702,0,0,sofa
shapenet974,car,0.0,0.0,0.9200325372446984,-0.0406864285469055,-0.0784850716590881,0,0,telephone
shapenet977,car,0.0,0.0,0.8666658809755843,0.1814574599266052,-0.0138222575187683,1,0,sofa
shapenet978,car,0.0,0.0,0.43408149137324203,0.0318282842636108,-0.0182495713233947,0,0,airplane
shapenet979,car,0.0,0.0,0.956513417859752,0.1148183643817901,0.0901115536689758,1,1,sofa
shapenet983,car,-0.7324081924454066,2.6666666666666665,0.3699409003578307,0.1324047744274139,0.155186265707016,1,1,airplane
shapenet984,car,0.0,0.0,0.8761355772481988,0.0329435467720031,0.0930854678153991,1,1,telephone
shapenet989,car,0.0,0.0,0.533673130344878,-0.0659947991371154,-0.0186414718627929,0,0,chair
shapenet990,car,0.0,0.0,0.7348575832400474,0.1089990139007568,0.1365360915660858,1,1,telephone
shapenet991,car,0.0,0.0,0.9862661259784181,-0.0553424358367919,-0.0798879861831665,0,0,cabinet
shapenet994,car,-5.801380128589588,367.3333333333333,0.04128207187698876,0.2029620707035064,-0.0511643290519714,1,0,car
shapenet1000,car,0.0,0.0,0.8574000762901646,-0.054245114326477,-0.0587695240974426,0,0,loudspeaker
shapenet1003,car,-0.7675283643313486,3.0,0.4382507547899926,0.1299457252025604,0.0158789157867431,1,0,bench
shapenet1005,car,0.0,0.0,0.7023581691260529,-0.0007264018058776,0.0517406463623046,0,0,chair
shapenet1008,car,0.0,0.0,0.35464703667379965,0.1950031816959381,0.002147614955902,1,0,watercraft
shapenet1009,car,0.0,0.0,0.315572638179011,0.2603106647729873,0.1990477740764618,1,1,airplane
shapenet1010,car,0.0,0.0,1.0652954586499133,0.0800673961639404,0.0325040221214294,1,1,cabinet
shapenet1016,car,0.0,0.0,0.5870968261493971,0.1729795932769775,0.1249841451644897,1,1,table
shapenet1019,car,0.0,0.0,0.9592250061087689,0.0830387473106384,0.1106314063072204,1,1,chair
shapenet1020,car,-0.6486367163517711,2.0,0.45564038427732245,0.20244961977005,0.199876457452774,1,1,airplane
shapenet1023,car,0.0,0.0,0.4119900689977795,-0.0601186156272888,0.0011001229286193,0,0,chair
shapenet1024,car,0.0,0.0,0.952658576277324,0.1355718970298767,-0.0144360661506652,1,0,sofa
shapenet1025,car,0.0,0.0,0.9367769002737188,-0.0217355489730834,0.0043132305145263,0,0,loudspeaker
shapenet1026,car,0.0,0.0,0.3831326900750387,0.276262879371643,0.2060964703559875,1,1,airplane
shapenet1028,car,-6.205722669443035,500.3333333333333,0.046764934365456645,0.2030783295631408,0.1389904916286468,1,1,car
shapenet1030,car,0.0,0.0,1.0392226796166473,0.0304272174835205,-0.0547468066215515,0,0,display
shapenet1033,car,-1.4648163848908131,5.333333333333333,0.3007060542366687,0.0499051809310913,0.0186741948127746,1,0,bench
shapenet1034,car,0.0,0.0,0.7405189296417501,-0.077733963727951,0.1619873940944671,0,1,sofa
shapenet1035,car,0.0,0.0,0.9701548895887794,0.0063328742980957,0.054320752620697,1,1,table
shapenet1036,car,0.0,0.0,0.9260739423212664,-0.0432478189468383,-0.022130012512207,0,0,display
shapenet1037,car,0.0,0.0,0.9582965623733336,-0.020071268081665,-0.0302963256835937,0,0,cabinet
shapenet1041,car,0.0,0.0,0.4348435845518332,-0.0419507026672363,0.0197744965553283,0,0,airplane
shapenet1042,car,0.0,0.0,1.0927467380370999,0.0583359003067016,0.0314137935638427,1,0,display
shapenet1043,car,0.0,0.0,0.9924235873866452,0.0945497751235961,0.0636987686157226,1,1,table
shapenet1047,car,0.0,0.0,0.7235681337596533,0.0555879473686218,0.0786448121070861,1,1,table
shapenet1048,car,0.0,0.0,0.6557334020426911,0.0783516466617584,-0.0012999773025512,1,0,table
shapenet1049,car,0.0,0.0,0.44629408174658797,0.219134896993637,0.2286412119865417,1,1,airplane
shapenet1050,car,0.0,0.0,0.7681420426751856,-0.0167371034622192,-0.0128532648086547,0,0,telephone
shapenet1053,car,-0.23104906018664842,0.3333333333333333,0.6067063176368394,0.1643647253513336,0.114247977733612,1,1,lamp
shapenet1055,car,-0.6931471805599453,1.0,0.3058525019008073,0.048186182975769,0.0479375123977661,1,1,watercraft
shapenet1056,car,0.0,0.0,0.9071590749095649,0.2047818154096603,0.0409151911735534,1,1,sofa
shapenet1057,car,0.0,0.0,0.3804171344152755,-0.0246047377586364,-0.1035364866256713,0,0,airplane
shapenet1061,car,0.0,0.0,0.5278656161572927,0.0110173225402832,-0.0327749252319335,0,0,display
shapenet1062,car,-1.2972734327035422,4.0,0.32653772417345295,0.044050395488739,0.0381270051002502,1,1,bench
shapenet1066,car,0.0,0.0,0.29170633915915384,-0.0040263831615448,-0.0223101377487182,0,0,watercraft
shapenet1067,car,0.0,0.0,1.0878042532219843,-0.04688560962677,-0.0143821835517883,0,0,cabinet
shapenet1070,car,0.0,0.0,0.618469925928881,0.0515978932380676,0.0718433856964111,1,1,chair
shapenet1074,car,0.0,0.0,0.3696980712926286,0.155439555644989,0.1257690191268921,1,1,chair
shapenet1078,car,-1.4648163848908131,5.333333333333333,0.5640676660508493,0.0047422349452972,-0.0058605968952178,0,0,lamp
shapenet1079,car,0.0,0.0,0.818419051898681,0.174745500087738,0.1123297214508056,1,1,chair
shapenet1081,car,0.0,0.0,1.0479820126894148,0.0105001330375671,0.0035160779953002,0,0,cabinet
shapenet1082,car,-1.759371553076839,8.666666666666666,0.2785608900248431,0.223785400390625,0.1573998928070068,1,1,lamp
shapenet1084,car,-0.46209812037329684,0.6666666666666666,0.3326384442962303,-0.0543870329856872,-0.0832794904708862,0,0,watercraft
shapenet1085,car,0.0,0.0,0.467697417540508,0.1589207053184509,0.1772978901863098,1,1,table
shapenet1086,car,0.0,0.0,1.1018095271694035,0.1259444952011108,0.07020765542984,1,1,cabinet
shapenet1088,car,-0.23104906018664842,0.3333333333333333,0.265582496525023,0.0468816757202148,-0.0409923195838928,1,0,watercraft
shapenet1091,car,-4.523974824886179,115.33333333333333,0.08239956272645856,-0.0007939338684082,-0.0674461722373962,0,0,car
shapenet1092,car,0.0,0.0,0.41267229126557164,0.3034504055976867,0.2211909890174865,1,1,airplane
shapenet1093,car,0.0,0.0,0.8842904686778811,0.3181146383285522,0.0990875959396362,1,1,sofa
shapenet1096,car,-1.5350567286626973,6.0,0.31226330521871853,-0.0308625698089599,-0.0917473435401916,0,0,bench
shapenet1097,car,0.0,0.0,0.7548175329873786,0.074991300702095,0.0483612120151519,1,1,sofa
shapenet1099,car,0.0,0.0,0.6411454426604962,-0.1015329658985138,-0.0598165392875671,0,0,table
shapenet1100,car,-1.2613965446394204,4.0,0.3051052201540212,0.0185742974281311,0.1022871136665344,0,1,watercraft
shapenet1103,car,0.0,0.0,0.7676772491159221,-0.0767048001289367,-0.02234548330307,0,0,telephone
shapenet1111,car,0.0,0.0,0.8395450972321384,0.1869348883628845,0.2163501679897308,1,1,telephone
shapenet1113,car,0.0,0.0,0.488658058735032,0.0058031678199768,-0.0017551183700561,1,0,chair
shapenet1117,car,0.0,0.0,0.36882102876773026,-0.0273168087005615,-0.0072972178459167,0,0,airplane
shapenet1119,car,0.0,0.0,0.3645909880480788,0.2808280289173126,0.2517565786838531,1,1,airplane
shapenet1120,car,0.0,0.0,0.2548453526755982,-0.0367738008499145,-0.020589679479599,0,0,watercraft
shapenet1121,car,0.0,0.0,1.0155389970981614,0.0059267580509185,0.0077781081199646,0,0,loudspeaker
shapenet1123,car,0.0,0.0,0.306108896629894,0.1092568337917327,0.0239312946796417,1,1,watercraft
shapenet1125,car,0.0,0.0,0.926975045586234,-0.0047590732574462,-0.010015845298767,0,0,telephone
shapenet1127,car,0.0,0.0,0.31907003820084673,0.1050834953784942,-0.0125469267368316,1,0,watercraft
shapenet1129,car,-0.5972531564093516,1.6666666666666667,0.18021369722489744,0.1426570266485214,0.0084109306335449,1,0,car
shapenet1131,car,0.0,0.0,0.9868349216306701,-0.0630370378494262,-0.0145338177680969,0,0,telephone
shapenet1137,car,0.0,0.0,0.37928708732560784,0.2931504249572754,0.2504238486289978,1,1,airplane
shapenet1141,car,0.0,0.0,0.9854972865374171,-0.0300416946411132,-0.0316674709320068,0,0,chair
shapenet1142,car,0.0,0.0,0.7483255887947085,0.0953550338745117,0.1275566220283508,1,1,chair
shapenet1143,car,-5.646909910398879,333.0,0.04566525880668826,-0.15239779651165,-0.0217499732971191,0,0,car
shapenet1144,car,-3.595641486513068,43.0,0.11045697777555676,-0.0050569772720336,0.013551115989685,0,0,car
shapenet1145,car,0.0,0.0,1.053439850208804,-0.0303339064121246,-0.0683524310588836,0,0,cabinet
shapenet1146,car,0.0,0.0,0.3227706737046226,0.0151045322418212,0.0159395635128021,1,0,watercraft
shapenet1147,car,0.0,0.0,0.47988905211237914,0.2751484513282776,0.2622060179710388,1,1,bench
shapenet1149,car,-1.4648163848908131,5.333333333333333,0.4797388493669783,-0.0878752171993255,0.1033545136451721,0,1,chair
shapenet1155,car,0.0,0.0,0.8519018929131278,-0.0758642554283142,0.0346174240112304,0,1,display
shapenet1157,car,0.0,0.0,0.7871468797084851,0.1932939887046814,0.3034858703613281,1,1,telephone
shapenet1159,car,0.0,0.0,0.36792398908203117,0.0386456847190856,0.0086296200752258,1,0,airplane
shapenet1160,car,-6.132313466270463,473.0,0.03349963009972323,0.289472371339798,0.0076016783714294,1,0,car
shapenet1161,car,0.0,0.0,0.20710288766695104,0.0168954730033874,-0.0528261661529541,0,0,watercraft
shapenet1163,car,0.0,0.0,0.43523185042632767,0.2344750165939331,0.1835153698921203,1,1,bench
shapenet1168,car,0.0,0.0,0.7640262652480115,-0.1289638876914978,-0.1193838417530059,0,0,sofa
shapenet1171,car,0.0,0.0,0.41325276255015564,-0.0548895597457885,-0.0295320749282836,0,0,airplane
shapenet1172,car,0.0,0.0,1.037335745564859,0.0694860816001892,0.0583212971687316,1,1,loudspeaker
shapenet1174,car,0.0,0.0,0.867149774894309,-0.1151285171508789,-0.0820364952087402,0,0,display
shapenet1178,car,-4.975225723642685,169.66666666666666,0.06761103771619197,0.2100046873092651,0.1222806274890899,1,1,car
shapenet1179,car,0.0,0.0,0.834671938588618,-0.0447632372379303,0.009549081325531,0,0,cabinet
shapenet1182,car,0.0,0.0,0.8731738728211417,-0.0006885528564453,-0.0257882475852966,0,0,telephone
shapenet1183,car,0.0,0.0,0.5578472112439482,-0.0056139528751373,0.0224367082118988,0,1,lamp
shapenet1184,car,-0.6931471805599453,2.3333333333333335,0.37640525437142597,0.1080555915832519,0.0752103924751281,1,1,airplane
shapenet1186,car,0.0,0.0,0.9104304258682495,0.01667121052742,-0.0476050972938537,1,0,chair
shapenet1187,car,0.0,0.0,1.06394749284594,0.0798648595809936,0.1078817844390869,1,1,cabinet
shapenet1189,car,0.0,0.0,0.33588182805682637,-0.0483704209327697,-0.0876303315162658,0,0,watercraft
shapenet1190,car,-0.46209812037329684,1.0,0.2318178172694377,0.043117880821228,0.0095185935497283,0,0,watercraft
shapenet1191,car,0.0,0.0,1.0836707046527423,0.1039468646049499,0.08463054895401,1,1,loudspeaker
shapenet1194,car,-6.156702044964658,486.3333333333333,0.04385657554912698,-0.0060875713825225,0.0179488658905029,0,1,car
shapenet1196,car,0.0,0.0,0.3998750466694309,0.2464275062084198,0.1713203489780426,1,1,airplane
shapenet1197,car,-0.6931471805599453,1.0,0.36763529896885916,0.0608052611351013,-0.0333210825920105,1,0,watercraft
shapenet1199,car,0.0,0.0,0.25694230857413863,0.096673309803009,0.0202354788780212,1,0,watercraft
shapenet1200,car,0.0,0.0,0.8599959266122085,0.1061111092567443,0.0612848997116088,1,1,table
shapenet1201,car,0.0,0.0,0.9589821830899542,0.0868293046951294,0.1125380992889404,1,1,table
shapenet1202,car,0.0,0.0,0.3484370557641803,0.2627048194408417,0.1927480995655059,1,1,airplane
shapenet1208,car,-0.23104906018664842,0.3333333333333333,0.33158359694759487,0.0650935769081115,-0.0666841268539428,1,0,watercraft
shapenet1210,car,0.0,0.0,0.7736101433100092,0.0704149007797241,-0.0666577219963073,1,0,sofa
shapenet1211,car,-2.060694968905544,7.666666666666667,0.2854054640093995,0.0504566431045532,0.0171892046928405,1,1,lamp
shapenet1212,car,-4.990560374986772,265.3333333333333,0.07933203168739784,-0.0042954236268997,-0.0306013226509094,0,0,car
shapenet1215,car,0.0,0.0,0.35245084619155703,0.1274386644363403,0.1521626114845276,1,1,airplane
shapenet1216,car,0.0,0.0,0.36832809068619515,-0.0156263411045074,0.0116339325904846,0,0,watercraft
shapenet1218,car,0.0,0.0,0.8279595836142395,0.1568952798843383,0.1167070865631103,1,1,telephone
shapenet1220,car,-2.890885764680103,217.33333333333334,0.12316759620016528,0.2208175063133239,0.1703915894031524,1,1,car
shapenet1222,car,0.0,0.0,0.6903724613236658,-0.0137319862842559,0.0465555787086486,0,1,sofa
shapenet1224,car,0.0,0.0,0.38537450834016757,0.3572842180728912,0.2359625697135925,1,1,airplane
shapenet1226,car,0.0,0.0,1.0861436680352008,-0.0631279647350311,-0.0412117838859558,0,0,loudspeaker
shapenet1227,car,0.0,0.0,0.7949660505551064,0.0480314791202545,0.0872152000665664,1,1,table
shapenet1228,car,0.0,0.0,0.44349064353965706,-0.0973410606384277,-0.0418864488601684,0,0,airplane
shapenet1232,car,-0.46209812037329684,0.6666666666666666,0.2854282193889091,0.0837805867195129,-0.0523683726787567,1,0,watercraft
shapenet1234,car,0.0,0.0,0.8952356613737629,0.1337122321128845,0.0737970471382141,1,1,chair
shapenet1241,car,-2.6046652250009306,12.666666666666666,0.2471059400210099,0.265885591506958,0.1911015212535858,1,1,lamp
shapenet1242,car,0.0,0.0,0.7780964021309517,0.1281753778457641,0.065611720085144,1,1,cabinet
shapenet1245,car,0.0,0.0,0.41457144622386727,-0.0756592154502868,-0.0709108710289001,0,0,airplane
shapenet1250,car,0.0,0.0,0.8241610726229168,0.270405113697052,0.1765789985656738,1,1,chair
shapenet1252,car,-0.9985774245179969,2.0,0.26148280891830344,-0.0512844026088714,-0.0800297260284423,0,0,watercraft
shapenet1253,car,-0.7324081924454066,1.3333333333333333,0.28446556759521435,-0.0167320072650909,0.1112739741802215,0,1,watercraft
shapenet1255,car,0.0,0.0,0.6727319961534718,-0.1071743667125701,-0.0990599989891052,0,0,chair
shapenet1256,car,0.0,0.0,0.4733024776977428,0.2273322343826294,0.0411356687545776,1,1,airplane
shapenet1258,car,-5.836457526150832,351.6666666666667,0.047595120390631185,0.3341395258903503,0.0757443904876709,1,1,car
shapenet1259,car,0.0,0.0,1.0680824875531743,0.0092845261096954,0.0579676926136016,0,1,cabinet
shapenet1260,car,-3.229437390290365,24.333333333333332,0.11712416433028684,0.0294141471385955,-0.0567564666271209,0,0,car
shapenet1262,car,0.0,0.0,1.0540650916499716,-0.0992094278335571,-0.0870117545127868,0,0,loudspeaker
shapenet1263,car,0.0,0.0,0.6467613090275195,0.3705170601606369,0.2409015595912933,1,1,chair
shapenet1264,car,-6.208151564627047,504.3333333333333,0.039854571769514235,-0.0689643323421478,-0.0506225824356079,0,0,car
shapenet1267,car,0.0,0.0,0.9251427174911923,-0.132631629705429,-0.0879358649253845,0,0,display
shapenet1269,car,0.0,0.0,0.7558040081465709,-0.0492312908172607,-0.1128704249858856,0,0,table
shapenet1271,car,-0.6931471805599453,1.0,0.34732730178123356,0.1018570065498352,0.2400241494178772,1,1,watercraft
shapenet1273,car,-3.169060127404243,39.0,0.10994180603067442,0.1041496396064758,-0.0987838506698608,1,0,car
shapenet1274,car,0.0,0.0,0.766949962441945,0.0895158946514129,0.0599015057086944,1,1,table
shapenet1275,car,0.0,0.0,0.4297829973645791,-0.0354397296905517,-0.02314954996109,0,0,airplane
shapenet1276,car,0.0,0.0,0.8298932855248559,-0.0185866355895996,0.0222522020339965,0,0,loudspeaker
shapenet1278,car,0.0,0.0,0.47685959582785126,0.1213317513465881,0.0547105073928833,1,1,bench
shapenet1279,car,0.0,0.0,0.9082974408531608,0.1072234511375427,0.1248415112495422,1,1,sofa
shapenet1283,car,0.0,0.0,0.8179566835031488,-0.0514189004898071,0.0321806073188781,0,1,telephone
shapenet1285,car,0.0,0.0,1.1053049322764106,0.1824029684066772,0.1744775772094726,1,1,cabinet
shapenet1286,car,0.0,0.0,0.8428245320797032,0.0468356013298034,0.0578203797340393,1,1,table
shapenet1287,car,0.0,0.0,0.5491115483919541,0.005487710237503,0.023853451013565,0,0,lamp
shapenet1288,car,-5.249432273826284,200.0,0.050512596108121456,0.3736196681857109,0.0026432871818542,1,0,car
shapenet1290,car,-5.656684213575416,354.3333333333333,0.0535087838116823,0.2716654241085052,-0.0206902623176574,1,0,car
shapenet1292,car,0.0,0.0,0.923869139559743,0.0261932015419006,-0.0366249680519104,0,0,cabinet
shapenet1294,car,0.0,0.0,0.9569916955415257,0.0384413003921508,0.0520908832550048,1,1,telephone
shapenet1295,car,0.0,0.0,0.981347022820582,0.05284184217453,-0.013943612575531,1,0,cabinet
shapenet1296,car,0.0,0.0,0.8779197999622497,0.1707220077514648,0.1303048133850097,1,1,chair
shapenet1297,car,0.0,0.0,0.5869766779978165,-0.0581235885620117,-0.087397426366806,0,0,lamp
shapenet1298,car,0.0,0.0,0.6488192262127036,0.0162403583526611,-0.0304311513900756,0,0,table
shapenet1299,car,0.0,0.0,0.7576725292652041,0.031703770160675,-0.0108265876770019,1,0,telephone
shapenet1300,car,0.0,0.0,0.2567809542629172,-0.013398140668869,-0.0670742690563201,0,0,watercraft
shapenet1303,car,0.0,0.0,0.9763535746949131,0.0215505957603454,0.0482087135314941,0,1,table
shapenet1304,car,0.0,0.0,0.3871871769356381,0.1471404731273651,0.1141688823699951,1,1,airplane
shapenet1306,car,0.0,0.0,0.9175891399329065,-0.0682579278945922,-0.0301522016525268,0,0,sofa
shapenet1308,car,0.0,0.0,0.4660209925594079,-0.0145272016525268,-0.0412774085998535,0,0,display
shapenet1310,car,0.0,0.0,1.0402553397421437,0.0464255213737487,0.0020322203636169,1,0,loudspeaker
shapenet1312,car,0.0,0.0,0.8618077980054282,0.3272350430488586,0.2861450910568237,1,1,chair
shapenet1314,car,0.0,0.0,1.074445205655208,0.049916386604309,-0.0241385698318481,1,0,cabinet
shapenet1315,car,-1.4648163848908131,5.333333333333333,0.3436804205721589,-0.0631806850433349,-0.0929202437400817,0,0,bench
shapenet1316,car,0.0,0.0,0.4669773100977233,0.1836510300636291,0.0384072959423065,1,0,watercraft
shapenet1317,car,0.0,0.0,0.7475644141331808,0.0128729939460754,0.0221961736679077,0,1,telephone
shapenet1318,car,0.0,0.0,0.937721928063968,0.0970189571380615,0.0416124463081359,1,1,sofa
shapenet1320,car,-4.111677660592227,317.3333333333333,0.11596486918365286,0.219941109418869,-0.0521267652511596,1,0,car
shapenet1321,car,0.0,0.0,0.6243632749476822,0.2287533283233642,0.1811056733131408,1,1,chair
shapenet1322,car,0.0,0.0,0.9481251071130875,-0.1271713972091674,0.0022336840629577,0,0,display
shapenet1324,car,0.0,0.0,0.9079489084041517,-0.0038592219352722,-0.0625313520431518,0,0,cabinet
shapenet1325,car,0.0,0.0,0.4365360741865707,0.3130705952644348,0.2240466475486755,1,1,airplane
shapenet1328,car,0.0,0.0,0.987298462576481,-0.0507388710975647,-0.0170623064041137,0,0,cabinet
shapenet1330,car,-6.336369934158505,572.6666666666666,0.03821417348310471,0.0849646925926208,0.0023592710494995,1,0,car
shapenet1333,car,0.0,0.0,0.9293663977148133,0.1765755414962768,0.1400061249732971,1,1,sofa
shapenet1337,car,-0.6931471805599453,1.0,0.32506156259770025,0.0483909249305725,-0.0612450242042541,1,0,watercraft
shapenet1339,car,-0.46209812037329684,0.6666666666666666,0.3232107268823656,-0.0204030871391296,0.0218293070793151,0,0,watercraft
shapenet1341,car,-6.0030341293211436,414.3333333333333,0.041961577657726644,0.0632029771804809,-0.0259963870048522,0,0,car
shapenet1347,car,-1.9410152984943396,8.333333333333334,0.27989943585889954,0.13637375831604,0.0497165322303772,1,1,watercraft
shapenet1349,car,0.0,0.0,0.9434299259061923,0.0476195812225341,0.0098820328712463,1,1,sofa
shapenet1351,car,0.0,0.0,0.36612751729161835,-0.1335513591766357,-0.1281042695045471,0,0,airplane
shapenet1353,car,0.0,0.0,0.3689982020902507,0.1115257740020752,0.011461853981018,1,0,airplane
shapenet1354,car,0.0,0.0,0.904582712404648,0.1255723536014557,0.13924640417099,1,1,sofa
shapenet1357,car,0.0,0.0,0.7709333279606873,0.0549563914537429,0.1531468033790588,1,1,chair
shapenet1358,car,0.0,0.0,0.9901545730691238,0.1017535328865051,0.0548915863037109,1,1,telephone
shapenet1359,car,-2.063438468617716,41.0,0.14059122888113915,0.1192533373832702,-0.0677734315395355,1,0,car
shapenet1360,car,0.0,0.0,0.8620172492956257,0.0512908101081848,0.0815763473510742,1,1,display
shapenet1361,car,0.0,0.0,0.9289044113959717,0.1537888050079345,0.1332599520683288,1,1,chair
shapenet1362,car,0.0,0.0,0.3284862601988331,0.2305210530757904,0.2001701593399047,1,1,airplane
shapenet1364,car,0.0,0.0,0.924676099843352,0.1281466484069824,-0.0023027658462524,1,0,sofa
shapenet1369,car,-5.76100662910438,326.3333333333333,0.056657269966592566,0.3706360757350921,0.0285881161689758,1,0,car
shapenet1372,car,0.0,0.0,1.0159512007462264,-0.0987828373908996,-0.0846184492111206,0,0,cabinet
shapenet1375,car,0.0,0.0,0.40822092507799174,0.3381301760673523,0.2516615986824035,1,1,airplane
shapenet1377,car,0.0,0.0,0.31215661641049713,0.0437126457691192,-0.019837737083435,1,0,watercraft
shapenet1378,car,-0.9241962407465937,5.0,0.2823981267444284,0.220973253250122,0.123207002878189,1,1,watercraft
shapenet1380,car,0.0,0.0,0.7599815973389853,-0.0255268216133117,-0.034300684928894,0,0,loudspeaker
shapenet1381,car,-5.985980679045145,403.3333333333333,0.03213785545492004,0.3214316964149475,0.0163037180900573,1,0,car
shapenet1383,car,0.0,0.0,0.9994251397301467,-0.0848112404346466,-0.0893880128860473,0,0,loudspeaker
shapenet1386,car,0.0,0.0,0.8523221885686584,0.0351219177246093,-0.0486639142036438,1,0,display
shapenet1390,car,0.0,0.0,0.6633562305248796,-0.0129727721214294,-0.0018378496170043,0,0,telephone
shapenet1391,car,0.0,0.0,0.9884690012971052,0.0383163690567016,0.0870592892169952,1,1,loudspeaker
shapenet1392,car,0.0,0.0,0.5587230977913987,0.1406827569007873,0.0623784959316253,1,1,telephone
shapenet1393,car,-1.1552453009332422,3.0,0.35145032498887013,0.0396103858947753,0.0460767447948455,0,1,watercraft
shapenet1394,car,0.0,0.0,0.7556565623834199,-0.043592631816864,-0.0540354251861572,0,0,cabinet
shapenet1396,car,0.0,0.0,0.41303571641413067,-0.0320149660110473,0.0044541358947753,0,0,airplane
shapenet1397,car,0.0,0.0,0.5681849982179911,0.0288016200065612,0.0369684100151062,0,0,chair
shapenet1401,car,0.0,0.0,0.3906797257635908,0.0142765045166015,0.0131690502166748,0,1,airplane
shapenet1402,car,0.0,0.0,0.8009166424240687,0.2050150036811828,0.1425019204616546,1,1,chair
shapenet1404,car,-4.009917680310618,93.66666666666667,0.09130050820112719,0.1827250123023986,0.0062756240367889,1,0,car
shapenet1406,car,0.0,0.0,0.39651935579178493,0.3231463134288788,0.3007927983999252,1,1,airplane
shapenet1411,car,0.0,0.0,0.8218720225557146,-0.0541087090969085,-0.0718332529067993,0,0,sofa
shapenet1413,car,-2.118702553565297,7.333333333333333,0.29399347318289354,0.09473717212677,0.1350704431533813,1,1,bench
shapenet1418,car,-3.7683261201791005,189.33333333333334,0.11173339137153131,-0.0108048915863037,-0.0357309579849243,0,0,car
shapenet1419,car,0.0,0.0,0.9641882265690906,-0.1109024882316589,-0.0601184368133544,0,0,table
shapenet1421,car,0.0,0.0,0.2362955121256748,-0.0539917647838592,-0.0841362178325653,0,0,watercraft
shapenet1422,car,0.0,0.0,0.3946177198391912,0.05305016040802,0.0270657539367675,1,0,airplane
shapenet1423,car,0.0,0.0,0.967575108805399,0.0864873528480529,0.011841595172882,1,0,telephone
shapenet1427,car,0.0,0.0,0.9956416401031921,0.0468633472919464,0.0036223232746124,1,0,display
shapenet1428,car,-5.89163273698432,364.6666666666667,0.03856795314606723,0.2644934058189392,0.0156983733177185,1,1,car
shapenet1429,car,0.0,0.0,0.7762289742114933,0.0014359354972839,0.0356457233428955,0,1,sofa
shapenet1433,car,-4.248879859718008,390.0,0.20244757579918002,0.0329391360282897,0.0484888553619384,1,1,car
shapenet1435,car,0.0,0.0,0.8113174979901195,0.3275229036808014,0.2590386867523193,1,1,bench
shapenet1436,car,0.0,0.0,0.43503089076815504,-0.0113661289215087,-0.0135230422019958,0,0,airplane
shapenet1439,car,0.0,0.0,0.8593450728367436,-0.0381833612918853,-0.0303328335285186,0,0,lamp
shapenet1441,car,-0.23104906018664842,0.3333333333333333,0.40642118833392754,0.3397029936313629,0.2989781647920608,1,1,airplane
shapenet1445,car,0.0,0.0,0.4053783502004172,0.1663734018802642,0.1273740828037262,1,1,airplane
shapenet1448,car,0.0,0.0,0.9642948155442311,0.043781042098999,0.0211828351020813,1,0,cabinet
shapenet1449,car,0.0,0.0,0.9251262199223172,0.0049866735935211,-0.092201292514801,1,0,cabinet
shapenet1451,car,0.0,0.0,0.8393473124147682,0.0651437044143676,0.0839506983757019,1,1,display
shapenet1455,car,0.0,0.0,0.4505717259852593,0.2902781367301941,0.2689354419708252,1,1,airplane
shapenet1460,car,0.0,0.0,0.9090169940839209,0.3336470425128937,0.1210862696170806,1,1,telephone
shapenet1466,car,0.0,0.0,0.40891948359012337,0.1371223330497741,0.0665410161018371,1,1,airplane
shapenet1468,car,-5.9875152015719015,418.3333333333333,0.05188771030267006,-0.0435844659805297,-0.0724620223045349,0,0,car
shapenet1470,car,0.0,0.0,0.5590031168781978,0.0445805788040161,0.066514253616333,1,1,chair
shapenet1472,car,0.0,0.0,0.40056096182522216,0.3253343999385834,0.1541776061058044,1,1,airplane
shapenet1473,car,0.0,0.0,0.2584664644545512,-0.0234584510326385,-0.0264171659946441,0,0,watercraft
shapenet1474,car,-4.76870108995832,153.0,0.09536165757588334,0.1374678909778595,-0.0212944746017456,1,0,car
shapenet1475,car,0.0,0.0,0.9613875425145094,0.0564350485801696,0.0465022921562194,1,1,cabinet
shapenet1477,car,0.0,0.0,0.637677187432859,0.1667148470878601,0.1609391570091247,1,1,lamp
shapenet1478,car,0.0,0.0,0.3726538069888663,0.3719348460435867,0.2385966181755066,1,1,airplane
shapenet1479,car,-3.686286058340949,167.33333333333334,0.09281718839292864,0.1713159084320068,0.0612667202949523,1,1,car
shapenet1480,car,0.0,0.0,1.068639790942634,-0.0628957748413086,-0.0533498525619506,0,0,cabinet
shapenet1484,car,-1.598596848532247,6.666666666666667,0.42429035679362687,0.0103879570960998,-0.0063869357109069,1,0,telephone
shapenet1486,car,0.0,0.0,0.8532576992739996,0.0515640974044799,0.1304951906204223,0,1,table
shapenet1487,car,0.0,0.0,0.9742804776692827,0.0522223711013793,-0.0183818340301513,1,0,telephone
shapenet1489,car,0.0,0.0,0.9746905347010686,0.0713227987289428,-0.0345554053783416,1,0,loudspeaker
shapenet1491,car,0.0,0.0,0.745408759179301,0.1355856955051422,0.234607994556427,1,1,chair
shapenet1494,car,-1.4648163848908131,5.333333333333333,0.4829487258352099,0.0116713941097259,-0.089490532875061,1,0,bench
shapenet1495,car,0.0,0.0,0.9199099770104775,0.0455172955989837,0.1683225631713867,1,1,cabinet
shapenet2,chair,-0.46209812037329684,0.6666666666666666,0.496076332263853,0.1929726749658584,0.0241907835006713,1,1,loudspeaker
shapenet3,chair,-1.598596848532247,6.666666666666667,0.27386807947767294,0.0890822410583496,0.1602188944816589,1,1,bench
shapenet4,chair,0.0,0.0,0.23448975333760338,0.1405310034751892,0.2167392373085022,1,1,airplane
shapenet5,chair,0.0,0.0,0.660303493213667,0.0577162504196167,0.0364487171173095,1,0,sofa
shapenet6,chair,-1.3810449087971775,3.3333333333333335,0.19836783339417782,0.1227630376815795,0.0723785758018493,1,1,bench
shapenet10,chair,0.0,0.0,0.9097403614880015,-0.0674536228179931,-0.1119518280029296,0,0,display
shapenet11,chair,-2.5667650678067058,30.666666666666668,0.16887472485206753,0.0787230134010315,0.0410408675670623,1,1,watercraft
shapenet13,chair,0.0,0.0,0.34787007466768255,0.1458114385604858,0.0926105976104736,1,1,airplane
shapenet15,chair,0.0,0.0,0.8523888011800776,0.2256586700677871,0.089080661535263,1,1,cabinet
shapenet18,chair,0.0,0.0,0.5027848754171268,0.3269025385379791,0.1286601424217224,1,1,table
shapenet19,chair,0.0,0.0,0.5010228825136592,0.3105717599391937,0.0506073832511901,1,0,chair
shapenet20,chair,-3.7201946583947794,42.333333333333336,0.09562716716080004,0.0421221852302551,0.0637953877449035,1,1,bench
shapenet22,chair,-0.6931471805599453,2.3333333333333335,0.28662427061466944,0.3894515186548233,0.1911988854408264,1,1,chair
shapenet23,chair,0.0,0.0,0.4534734968171102,-0.1197607517242431,-0.0585803687572479,0,0,loudspeaker
shapenet24,chair,0.0,0.0,0.694585343867448,0.0590806603431701,0.0579293370246887,1,1,cabinet
shapenet25,chair,-0.46209812037329684,0.6666666666666666,0.34072450407906335,0.3724305182695389,0.2099210619926452,1,1,chair
shapenet26,chair,0.0,0.0,0.5619624357841175,-0.0438826382160186,-0.0800977349281311,0,0,watercraft
shapenet28,chair,0.0,0.0,0.2814509440362002,-0.0187355875968933,-0.0009410977363586,0,0,airplane
shapenet35,chair,0.0,0.0,0.6907467803787962,0.0435285568237304,0.0031989216804504,1,0,telephone
shapenet37,chair,0.0,0.0,0.7719661347411922,-0.1001697182655334,-0.0654328465461731,0,0,display
shapenet41,chair,0.0,0.0,0.8610992841950426,0.1316016912460327,-0.03516685962677,1,0,cabinet
shapenet42,chair,0.0,0.0,0.44335045524570593,0.0339112281799316,0.0765052437782287,1,1,loudspeaker
shapenet46,chair,-0.46209812037329684,0.6666666666666666,0.4677056190797817,0.0467429757118225,0.0792386829853057,0,1,table
shapenet49,chair,0.0,0.0,0.3384473092808151,0.0552499294281005,0.0554926395416259,1,1,airplane
shapenet50,chair,0.0,0.0,0.6244826857407612,0.0356532335281372,-0.00068199634552,1,0,display
shapenet53,chair,0.0,0.0,0.7394700242004731,0.0310088396072387,-0.0308929681777954,1,0,car
shapenet55,chair,0.0,0.0,0.8133585523036629,0.1914216876029968,0.0740576386451721,1,1,telephone
shapenet57,chair,0.0,0.0,0.35708912366229867,0.2639091908931732,0.3005216121673584,1,1,loudspeaker
shapenet62,chair,0.0,0.0,0.6290168155786123,-0.1061038672924041,-0.1298196613788604,0,0,loudspeaker
shapenet71,chair,0.0,0.0,0.27049387021135246,-0.0793259143829345,0.1618518531322479,0,1,airplane
shapenet72,chair,0.0,0.0,0.2772678483167795,0.146588921546936,0.1164968013763427,1,1,airplane
shapenet73,chair,0.0,0.0,0.25030626558349883,0.0331842899322509,-0.0672264099121093,1,0,watercraft
shapenet74,chair,0.0,0.0,0.40547850919547956,0.0230710357427597,-0.0312279760837554,0,0,chair
shapenet75,chair,0.0,0.0,0.3016714220883569,-0.0388605594635009,-0.0595597624778747,0,0,airplane
shapenet80,chair,0.0,0.0,0.7111964538987808,0.0518965721130371,0.0355584025382995,1,0,telephone
shapenet82,chair,-2.783476657846045,30.333333333333332,0.17019140371032992,0.1227716207504272,-0.0057975053787231,1,0,bench
shapenet83,chair,0.0,0.0,0.6270185221266437,-0.0192461609840393,-0.0697695016860961,0,0,cabinet
shapenet86,chair,-2.4917797455222455,27.333333333333332,0.15628714999538726,0.302525907754898,-0.010015457868576,1,0,bench
shapenet87,chair,0.0,0.0,0.26755319877159267,0.0345875322818756,0.0677871406078338,0,1,airplane
shapenet90,chair,-2.5617478693252775,15.666666666666666,0.13493179504247532,0.0723749697208404,0.1438702940940857,1,1,bench
shapenet91,chair,0.0,0.0,0.5177018970136781,-0.0907298326492309,-0.1352855563163757,0,0,loudspeaker
shapenet97,chair,0.0,0.0,0.8343879718597563,-0.0666063427925109,-0.0528821349143981,0,0,car
shapenet101,chair,-1.4648163848908131,5.333333333333333,0.25547714275862843,0.1862934231758117,0.1374700367450714,1,1,bench
shapenet102,chair,-0.6486367163517711,2.0,0.4776800206432563,0.1263450123369693,0.1193779408931732,1,1,bench
shapenet103,chair,0.0,0.0,0.3859723197558316,0.0425010919570922,0.027547538280487,1,1,airplane
shapenet104,chair,0.0,0.0,0.2642998320226653,0.0406417846679687,0.0419152379035949,0,1,airplane
shapenet107,chair,0.0,0.0,0.792852333659659,-0.0684804618358612,-0.0259132087230682,0,0,car
shapenet110,chair,0.0,0.0,0.29070725334700975,0.0860909819602966,0.0757603645324707,1,1,watercraft
shapenet112,chair,0.0,0.0,0.7018799837225829,0.0657075047492981,0.0573135018348693,1,1,cabinet
shapenet115,chair,0.0,0.0,0.8732315190455283,0.0768787860870361,0.0159212350845336,1,0,display
shapenet116,chair,0.0,0.0,0.75606852842143,-0.0457152128219604,0.0146422386169433,0,0,car
shapenet118,chair,-0.7324081924454066,1.3333333333333333,0.2916622144142163,0.3513893205672502,0.0405457317829132,1,0,chair
shapenet119,chair,0.0,0.0,0.43717424228333446,0.0731227993965148,-0.06917405128479,1,0,chair
shapenet120,chair,-2.7228288057088936,27.666666666666668,0.1379348251001242,0.0804787874221801,0.0732601284980773,1,1,bench
shapenet123,chair,0.0,0.0,0.4775040574813462,0.1425256729125976,0.0454006791114807,1,1,telephone
shapenet124,chair,0.0,0.0,0.8224053199629834,-0.0646155476570129,-0.0428165197372436,0,0,car
shapenet125,chair,0.0,0.0,0.4180478012273376,0.1224824786186218,0.0512470602989196,1,0,sofa
shapenet126,chair,-3.582775082112169,37.0,0.10204921952690847,0.1348596811294555,-0.0086700320243835,1,0,chair
shapenet128,chair,0.0,0.0,0.30725361406260904,0.2171994596719741,0.0334146916866302,1,1,lamp
shapenet129,chair,-3.8025216497708008,47.333333333333336,0.09036457972095002,-0.0130763053894042,-0.0149354636669158,0,0,watercraft
shapenet133,chair,0.0,0.0,0.24025730003475046,0.0556219816207885,-0.0082961320877075,1,0,lamp
shapenet134,chair,0.0,0.0,0.6760383322007927,0.1818137764930725,0.0987787246704101,1,1,loudspeaker
shapenet136,chair,0.0,0.0,0.6509068081650228,0.0986334085464477,-0.004727303981781,1,0,watercraft
shapenet142,chair,-2.6766946980891877,21.333333333333332,0.1436827578413039,0.2041532695293426,0.2693129777908325,1,1,bench
shapenet144,chair,0.0,0.0,0.6892698266646263,0.1674002408981323,0.0823929905891418,1,1,cabinet
shapenet148,chair,0.0,0.0,0.6083020501648555,0.0976676940917968,0.0157907009124755,1,0,watercraft
shapenet151,chair,0.0,0.0,0.47150739773705524,0.0940980315208435,0.0378164649009704,1,1,loudspeaker
shapenet152,chair,0.0,0.0,0.7214970610122301,0.1139817833900451,0.0681538879871368,1,1,watercraft
shapenet153,chair,0.0,0.0,0.8331665858424221,0.0085054636001586,-0.0997340083122253,1,0,cabinet
shapenet154,chair,0.0,0.0,0.7908874429676606,0.0450788140296936,0.0678203701972961,0,1,car
shapenet156,chair,0.0,0.0,0.350858091915365,0.0170221030712127,0.1605275571346283,0,1,airplane
shapenet157,chair,0.0,0.0,0.7135865585431698,0.1772008538246154,0.1102774143218994,1,1,loudspeaker
shapenet160,chair,0.0,0.0,0.6834847243413219,0.0048482567071914,-0.0514995455741882,0,0,table
shapenet161,chair,0.0,0.0,0.725401656032715,-0.0518979430198669,-0.0349398851394653,0,0,telephone
shapenet162,chair,0.0,0.0,0.6708193296944372,-0.1549696624279022,-0.1361637115478515,0,0,loudspeaker
shapenet163,chair,0.0,0.0,0.24488690965381124,0.0358189940452575,0.1576379537582397,0,1,airplane
shapenet164,chair,0.0,0.0,0.28602564667689845,-0.1082727015018463,0.0535483360290527,0,1,airplane
shapenet165,chair,0.0,0.0,0.811368282542448,-0.1087209582328796,-0.0400231480598449,0,0,car
shapenet167,chair,-1.9971548490359938,10.0,0.20709490573030043,0.0314637422561645,0.0117198228836059,1,0,bench
shapenet169,chair,0.0,0.0,0.5876570780103816,0.2200661897659301,0.2161377370357513,1,1,telephone
shapenet171,chair,0.0,0.0,0.7906313051173539,0.1524612605571746,0.0421214997768402,1,0,car
shapenet172,chair,0.0,0.0,0.3230650247209384,0.0146358013153076,-0.0906313061714172,0,0,airplane
shapenet176,chair,0.0,0.0,0.4564116359377881,0.252941332757473,0.0840274095535278,1,1,table
shapenet178,chair,0.0,0.0,0.6168715570520088,0.0375508069992065,0.0885592997074127,1,1,watercraft
shapenet179,chair,0.0,0.0,0.6009851072614306,-0.0404513478279113,-0.0824221968650817,0,0,cabinet
shapenet184,chair,0.0,0.0,0.3603322267226678,0.1254572570323944,0.0380235612392425,1,1,chair
shapenet185,chair,-0.9241962407465937,1.6666666666666667,0.4994779681110426,0.1690252423286438,0.0763335227966308,1,1,sofa
shapenet186,chair,0.0,0.0,0.43148329066948055,0.4753402173519134,0.2805329263210296,1,1,chair
shapenet191,chair,0.0,0.0,0.43402923812801814,0.081052154302597,-0.0038683712482452,1,0,watercraft
shapenet192,chair,0.0,0.0,0.5681581905887264,0.0818983912467956,0.0491095781326293,1,1,table
shapenet193,chair,0.0,0.0,0.6145071043077809,0.1461604833602905,0.1030685901641845,1,1,telephone
shapenet194,chair,0.0,0.0,0.8791328826281123,0.1262722015380859,0.1713669300079345,1,1,cabinet
shapenet196,chair,0.0,0.0,0.8197402778988399,0.028250902891159,0.0309870839118957,0,1,car
shapenet197,chair,-0.7324081924454066,1.3333333333333333,0.2847076887309316,0.0875074863433837,-0.1303233504295349,1,0,bench
shapenet199,chair,0.0,0.0,0.2646743174811667,0.1301797330379486,0.1953926086425781,1,1,airplane
shapenet200,chair,0.0,0.0,0.5259779990164967,0.0328790843486785,0.0549777746200561,0,1,lamp
shapenet203,chair,0.0,0.0,0.4817116951241392,0.0275115072727203,-0.0391791462898254,0,0,watercraft
shapenet204,chair,-0.23104906018664842,0.3333333333333333,0.3881054921398674,0.4068499580025673,0.0291329026222229,1,0,chair
shapenet210,chair,0.0,0.0,0.8554197066023846,0.1014994978904724,0.0641681551933288,1,1,display
shapenet211,chair,0.0,0.0,0.7934443261074686,-0.0396620035171508,-0.0561562776565551,0,0,car
shapenet213,chair,0.0,0.0,0.5704954290981629,0.0841725766658783,0.0155926942825317,1,0,telephone
shapenet214,chair,0.0,0.0,0.6636231016691717,0.0897720456123352,0.1882888078689575,1,1,car
shapenet215,chair,0.0,0.0,0.64691417626134,0.0927509069442749,0.1219865679740905,1,1,table
shapenet216,chair,-0.46209812037329684,0.6666666666666666,0.19648234736439676,0.142967477440834,0.1671299040317535,1,1,airplane
shapenet220,chair,0.0,0.0,0.6380977941365759,0.1675483584403991,0.0872367024421691,1,1,watercraft
shapenet226,chair,-0.46209812037329684,0.6666666666666666,0.5772007299826579,-0.0687882304191589,-0.0244661569595336,0,0,sofa
shapenet227,chair,-4.118330841896699,60.666666666666664,0.07131028706559982,0.2036615908145904,0.0559582710266113,1,1,lamp
shapenet228,chair,0.0,0.0,0.5580283309944617,0.1029392480850219,0.1204927265644073,1,1,telephone
shapenet230,chair,0.0,0.0,0.39963442502078655,0.1576099097728729,0.0564455986022949,1,1,lamp
shapenet231,chair,0.0,0.0,0.6161955103155874,0.0793488621711731,0.1392593383789062,1,1,cabinet
shapenet232,chair,-0.5364793041447001,1.3333333333333333,0.40804775095784557,0.4327751696109772,0.1533192992210388,1,1,chair
shapenet233,chair,0.0,0.0,0.6038215130681902,0.0284981429576873,-0.0712139904499054,0,0,table
shapenet236,chair,0.0,0.0,0.6141311048787902,0.0451298952102661,-0.0117807388305664,1,0,cabinet
shapenet237,chair,0.0,0.0,0.4130351840011,0.0246500372886657,0.0825773775577545,0,1,watercraft
shapenet239,chair,0.0,0.0,0.3201061606401188,-0.0657352209091186,-0.0520530045032501,0,0,watercraft
shapenet240,chair,0.0,0.0,0.6021316939385288,0.2837272584438324,0.1644455790519714,1,1,telephone
shapenet241,chair,0.0,0.0,0.5748388572177071,0.1962831616401672,0.0736196935176849,1,1,table
shapenet242,chair,0.0,0.0,0.6429934937221992,0.032167375087738,0.0006163716316223,1,0,sofa
shapenet243,chair,-1.0986122886681098,8.666666666666666,0.5642623397251735,0.194437175989151,0.1334666609764099,1,1,bench
shapenet244,chair,0.0,0.0,0.3778452378016384,0.0016143023967742,0.0553928613662719,0,0,airplane
shapenet248,chair,-1.0451647386430498,7.333333333333333,0.2133381258757283,0.1636609733104705,0.0842035412788391,1,1,lamp
shapenet249,chair,0.0,0.0,0.8802255761413118,0.1305906474590301,0.129124641418457,1,1,cabinet
shapenet250,chair,0.0,0.0,0.8336058603510739,-0.0100139081478118,-0.0267992317676544,0,0,car
shapenet252,chair,0.0,0.0,0.5776838311347235,0.0849184393882751,-0.081162542104721,1,0,cabinet
shapenet255,chair,0.0,0.0,0.6009838058276578,0.0432994961738586,-0.0135300457477569,1,0,watercraft
shapenet257,chair,-0.7675283643313486,3.0,0.24012465669124286,0.2902776896953583,0.2824626266956329,1,1,airplane
shapenet260,chair,0.0,0.0,0.288091283496744,0.1827002391219139,0.0861705243587493,1,1,chair
shapenet262,chair,0.0,0.0,0.4591156254296021,0.0451962351799011,-0.1050143241882324,1,0,chair
shapenet264,chair,0.0,0.0,0.3281764660914321,0.0119907855987548,0.0217524766921997,1,1,airplane
shapenet265,chair,0.0,0.0,0.8284445860572536,0.1203879117965698,0.004560649394989,1,0,cabinet
shapenet266,chair,0.0,0.0,0.6648808730468801,0.1423654556274414,0.0601649284362793,1,1,loudspeaker
shapenet268,chair,-0.3662040962227033,0.6666666666666666,0.36577962331261454,0.0571938455104827,-0.0165807902812957,1,0,chair
shapenet269,chair,0.0,0.0,0.27065774765863887,0.0657476782798767,0.0839261412620544,1,1,display
shapenet271,chair,-0.46209812037329684,0.6666666666666666,0.2790272300413213,0.1425044387578964,0.0667964816093444,1,1,chair
shapenet275,chair,0.0,0.0,0.31939570051940097,0.207241952419281,0.0330288410186767,1,1,airplane
shapenet276,chair,0.0,0.0,0.8552812320228114,0.2243874073028564,0.0480973720550537,1,1,display
shapenet278,chair,0.0,0.0,0.5070047001296523,0.1209853887557983,0.0654579997062683,1,1,watercraft
shapenet280,chair,-2.1522565518573877,8.0,0.1605400801694367,0.1170365214347839,-0.0603362917900085,1,0,bench
shapenet281,chair,0.0,0.0,0.3303116624095273,-0.0304045677185058,0.0092536807060241,0,1,airplane
shapenet282,chair,-0.23104906018664842,0.3333333333333333,0.6687107903947404,0.1870390921831131,0.0400300920009613,1,1,sofa
shapenet284,chair,-0.963457252632055,1.6666666666666667,0.3728606520639762,0.0101060271263122,-0.0648369789123535,0,0,sofa
shapenet285,chair,0.0,0.0,0.6622229133601817,-0.0718218982219696,-0.0547962188720703,0,0,loudspeaker
shapenet288,chair,0.0,0.0,0.428551845430917,0.094436764717102,0.0883724689483642,1,1,cabinet
shapenet289,chair,0.0,0.0,0.3174526509778303,0.1746721267700195,0.0571181774139404,1,1,chair
shapenet293,chair,0.0,0.0,0.40518947326370086,0.0022169649600982,0.0921261012554168,0,1,airplane
shapenet294,chair,0.0,0.0,0.37863748707877826,-0.0328657627105712,-0.0136311948299407,0,0,watercraft
shapenet295,chair,0.0,0.0,0.2739979476249423,0.092389702796936,0.1999466717243194,1,1,airplane
shapenet299,chair,0.0,0.0,0.9200198378408911,0.0341297388076782,-0.0583379864692688,1,0,display
shapenet300,chair,0.0,0.0,0.7564156685339745,0.033493161201477,0.023289144039154,1,1,telephone
shapenet302,chair,0.0,0.0,0.8210648508405533,-0.1477012038230896,-0.0698298215866088,0,0,car
shapenet303,chair,0.0,0.0,0.7635321031155485,0.1806002259254455,0.1836393475532531,1,1,display
shapenet304,chair,-0.46209812037329684,0.6666666666666666,0.34360667259690647,0.3625104129314422,0.2207830548286438,1,1,chair
shapenet305,chair,0.0,0.0,0.864126307681845,0.0672807097434997,0.0379602313041687,1,1,cabinet
shapenet306,chair,0.0,0.0,0.5954719181151756,0.0359669923782348,0.1116411089897155,1,1,watercraft
shapenet307,chair,-2.4377401290301006,10.666666666666666,0.13750651669433864,0.3414724422618747,0.0181712508201599,1,1,chair
shapenet308,chair,0.0,0.0,0.287102179853004,-0.0161582231521606,-0.0062736272811889,0,0,airplane
shapenet310,chair,-2.709724998970598,22.0,0.17450233853635333,0.0605683326721191,0.0479352474212646,1,1,bench
shapenet311,chair,0.0,0.0,0.7133096168190104,0.1088365912437439,-0.0052577853202819,1,0,sofa
shapenet321,chair,0.0,0.0,0.28694467044057465,-0.1024472117424011,-0.058578073978424,0,0,sofa
shapenet323,chair,0.0,0.0,0.25972839334335557,-0.0584290027618408,-0.0370676517486572,0,0,airplane
shapenet328,chair,0.0,0.0,0.3433847756982736,0.1006657481193542,0.1250616312026977,1,1,table
shapenet330,chair,0.0,0.0,0.18894216585851642,0.2596851289272308,0.2286310195922851,1,1,airplane
shapenet332,chair,0.0,0.0,0.22096242109322808,0.1756724715232849,0.1926169395446777,1,1,airplane
shapenet333,chair,0.0,0.0,0.6856794304440754,-0.0320895314216613,-0.0475676953792572,0,0,telephone
shapenet335,chair,0.0,0.0,0.3572525698714082,-0.0335729718208313,-0.0511876344680786,0,0,lamp
shapenet337,chair,0.0,0.0,0.695770352964952,0.1057724356651306,-0.0857526063919067,1,0,cabinet
shapenet345,chair,-1.3862943611198906,4.666666666666667,0.16769936454565074,0.1273998618125915,0.1732369661331176,1,1,airplane
shapenet346,chair,0.0,0.0,0.8317588748328744,-0.0268746614456176,-0.0730123519897461,0,0,telephone
shapenet347,chair,0.0,0.0,0.44463463898105554,-0.0131147801876068,-0.0074700713157653,0,0,watercraft
shapenet348,chair,-0.3662040962227033,0.6666666666666666,0.3401565823826375,0.3652977645397186,0.0185957551002502,1,0,bench
shapenet350,chair,-0.46209812037329684,0.6666666666666666,0.5296063365160977,0.2777641415596008,0.1310572922229766,1,1,table
shapenet351,chair,0.0,0.0,0.6565365790521931,-0.0112312138080596,0.0160931348800659,0,0,telephone
shapenet352,chair,0.0,0.0,0.6367374428607668,0.098693162202835,0.0467656552791595,1,1,watercraft
shapenet355,chair,0.0,0.0,0.767192716765677,0.0341905355453491,-0.0178040266036987,1,0,cabinet
shapenet356,chair,0.0,0.0,0.43249938558078327,0.1662557721138,0.10286545753479,1,1,watercraft
shapenet358,chair,0.0,0.0,0.3797467945014293,0.0459502935409545,0.057732880115509,1,1,watercraft
shapenet359,chair,-1.6634775289262453,4.666666666666667,0.17645735834251966,0.0834172964096069,-0.0478738546371459,1,0,chair
shapenet361,chair,-0.8549831191538456,4.0,0.4778440014872352,0.4178714603185653,0.2869221270084381,1,1,lamp
shapenet363,chair,0.0,0.0,0.6540881123565784,-0.0334646105766296,-0.063596487045288,0,0,car
shapenet366,chair,0.0,0.0,0.6847480901762735,0.0838384628295898,0.0049522519111633,1,0,table
shapenet368,chair,-0.23104906018664842,0.3333333333333333,0.611267892576229,0.1462417840957641,0.0200671553611755,1,1,sofa
shapenet370,chair,0.0,0.0,0.7434689140972477,0.1218596398830413,-0.0029332041740417,1,0,display
shapenet372,chair,0.0,0.0,0.27796302959678876,0.0997676029801368,-0.0663862526416778,1,0,chair
shapenet374,chair,-1.4391627045121034,24.666666666666668,0.23170018940160256,0.1579435467720031,0.016306459903717,1,1,lamp
shapenet375,chair,0.0,0.0,0.8233490107823412,0.0160648524761199,-0.0518829822540283,0,0,car
shapenet376,chair,0.0,0.0,0.6721529994842163,0.0957536399364471,0.0510373711585998,1,1,loudspeaker
shapenet377,chair,0.0,0.0,0.8386236429601933,0.0350539684295654,-0.0024123787879943,0,0,car
shapenet378,chair,0.0,0.0,0.2677257290965918,0.0102724432945251,-0.0633582472801208,0,0,airplane
shapenet379,chair,0.0,0.0,0.3734087059492695,0.2460240721702575,0.1614041328430175,1,1,chair
shapenet380,chair,0.0,0.0,0.6318467204543173,-0.0021662712097167,-0.0214902162551879,0,0,telephone
shapenet385,chair,-2.1459172165788005,16.0,0.18454263940517857,0.0711096227169036,-0.0113636851310729,1,0,watercraft
shapenet387,chair,0.0,0.0,0.5762963007273755,-0.020283818244934,-0.0022946596145629,0,0,table
shapenet388,chair,-1.353481003515473,19.0,0.42028838995792134,0.192245002835989,0.0488553047180175,1,1,chair
shapenet389,chair,0.0,0.0,0.7069829578274334,0.1756688356399536,-0.0395524501800537,1,0,cabinet
shapenet392,chair,0.0,0.0,0.5524546599334489,0.0565795302391052,0.0144106745719909,1,0,display
shapenet393,chair,0.0,0.0,0.33066316459826356,0.1719979047775268,0.1932362914085388,1,1,airplane
shapenet397,chair,0.0,0.0,0.7761414038684725,0.082358181476593,0.0664495825767517,1,1,cabinet
shapenet400,chair,0.0,0.0,0.6243499540662351,0.0596753060817718,-0.0543197393417358,1,0,display
shapenet405,chair,0.0,0.0,0.8472011866597592,0.016823798418045,0.0076000094413757,0,0,car
shapenet410,chair,-0.5972531564093516,1.6666666666666667,0.2970574894513675,0.2410902082920074,0.166029155254364,1,1,bench
shapenet411,chair,0.0,0.0,0.45868164537106365,0.2169621586799621,0.1382727622985839,1,1,loudspeaker
shapenet412,chair,0.0,0.0,0.8217559429212118,-0.046937495470047,-0.0202662348747253,0,0,car
shapenet413,chair,0.0,0.0,0.6125620320960211,0.1898596584796905,0.0078625082969665,1,0,table
shapenet415,chair,0.0,0.0,0.5356589605942479,0.0458782911300659,0.0046307742595672,1,0,watercraft
shapenet418,chair,0.0,0.0,0.31366411849033166,-0.0643549263477325,0.034698486328125,0,1,lamp
shapenet420,chair,0.0,0.0,0.8769757320028203,0.0144862532615661,0.0226578712463378,1,0,telephone
shapenet422,chair,0.0,0.0,0.24072094788138906,0.0081413388252258,-0.0705592036247253,0,0,watercraft
shapenet423,chair,0.0,0.0,0.4062536389200848,0.1169803142547607,-0.0054593682289123,1,0,sofa
shapenet424,chair,0.0,0.0,0.6901006116255378,-0.1145203709602356,-0.0777380466461181,0,0,table
shapenet429,chair,0.0,0.0,0.31408504874748805,-0.0159737765789031,-0.0763487219810485,0,0,watercraft
shapenet431,chair,0.0,0.0,0.6152199323928009,0.0408007502555847,0.0547612309455871,0,1,lamp
shapenet432,chair,0.0,0.0,0.822347370160395,0.0130788087844848,-0.0016281604766845,0,0,car
shapenet439,chair,0.0,0.0,0.6234813206173344,0.0554942190647125,0.0456329882144928,0,0,lamp
shapenet440,chair,0.0,0.0,0.5839439865461792,0.1023699045181274,-0.0856775939464569,1,0,sofa
shapenet443,chair,0.0,0.0,0.5286855032336863,-0.0867452621459961,-0.108356237411499,0,0,table
shapenet444,chair,0.0,0.0,0.8236844554286756,0.1095271706581115,0.011464774608612,1,1,telephone
shapenet447,chair,0.0,0.0,0.7903464971374956,0.1140486001968383,0.0506009757518768,1,1,telephone
shapenet449,chair,0.0,0.0,0.23423036912475156,0.0623349845409393,0.0711019039154052,1,1,airplane
shapenet450,chair,0.0,0.0,0.8385292127941844,0.0256384909152984,-0.0106181800365448,0,0,car
shapenet453,chair,-0.7324081924454066,1.3333333333333333,0.21153340432804937,0.3018078282475471,0.0975065231323242,1,1,chair
shapenet455,chair,-1.2125287199087953,12.333333333333334,0.2830388493907831,0.1187283396720886,0.0083281397819519,1,0,watercraft
shapenet458,chair,0.0,0.0,0.8287621237769601,0.0150757431983947,-0.0115940570831298,0,0,car
shapenet459,chair,0.0,0.0,0.2825873887920819,0.1200809776782989,-0.0250212550163269,1,0,airplane
shapenet461,chair,0.0,0.0,0.7834381185329634,-0.0820430815219879,-0.0155627131462097,0,0,car
shapenet462,chair,-0.23104906018664842,0.3333333333333333,0.440162520632366,0.0762533545494079,-0.0238116383552551,1,0,sofa
shapenet464,chair,-0.46209812037329684,0.6666666666666666,0.3500947432533746,0.1234093159437179,-0.0743521451950073,1,0,sofa
shapenet469,chair,0.0,0.0,0.6131543995146389,0.1508412957191467,0.1921848654747009,1,1,loudspeaker
shapenet471,chair,0.0,0.0,0.2718665294348018,0.100732684135437,0.1122706532478332,1,1,airplane
shapenet473,chair,0.0,0.0,0.27486326737113154,0.0969851016998291,0.1922177374362945,1,1,airplane
shapenet474,chair,0.0,0.0,0.5640583358563539,-0.0022238492965698,0.0495787262916564,0,1,display
shapenet476,chair,0.0,0.0,0.24023846834029441,0.0915644168853759,0.1686484813690185,1,1,airplane
shapenet477,chair,0.0,0.0,0.7751435955687892,-0.0666509270668029,-0.0482565760612487,0,0,car
shapenet478,chair,0.0,0.0,0.45509429106308,0.3135802820324898,0.3121099919080734,1,1,chair
shapenet480,chair,-2.782924846597091,42.666666666666664,0.23448514765053333,0.1349681913852691,0.0553798675537109,1,1,watercraft
shapenet482,chair,0.0,0.0,0.45045123060116454,0.2688550651073456,0.1997835636138916,1,1,chair
shapenet484,chair,0.0,0.0,0.24327142258147658,-0.0553604960441589,-0.072366178035736,0,0,airplane
shapenet486,chair,0.0,0.0,0.8265678389353824,0.145134150981903,-0.050944983959198,1,0,telephone
shapenet488,chair,0.0,0.0,0.8371380110043,-0.0913879871368408,-0.014797031879425,0,0,car
shapenet490,chair,0.0,0.0,0.5948089778565815,0.101723313331604,0.104284644126892,1,1,cabinet
shapenet496,chair,0.0,0.0,0.6442906405010552,0.0715252161026001,0.1670287251472473,1,1,watercraft
shapenet497,chair,0.0,0.0,0.8812985389082925,0.0322349667549133,0.0125258564949035,0,0,cabinet
shapenet498,chair,0.0,0.0,0.6894446359701453,0.0528806149959564,-0.0323807895183563,1,0,loudspeaker
shapenet501,chair,0.0,0.0,0.26178942422260976,0.1059721112251281,0.1510275602340698,1,1,airplane
shapenet504,chair,0.0,0.0,0.27133639189378067,-0.0408365726470947,-0.0956886410713195,0,0,airplane
shapenet505,chair,0.0,0.0,0.8249132611722789,-0.0101911425590515,0.0774000287055969,0,1,display
shapenet506,chair,-0.46209812037329684,0.6666666666666666,0.5045943440014031,-0.0992510616779327,-0.0969523787498474,0,0,sofa
shapenet507,chair,0.0,0.0,0.30881885064562936,0.0628666877746582,0.1492902636528015,1,1,airplane
shapenet509,chair,-0.46209812037329684,0.6666666666666666,0.4865650202838517,0.1584349870681762,0.0075249671936035,1,1,sofa
shapenet510,chair,0.0,0.0,0.41841164759891175,-0.0861869752407074,-0.0047419965267181,0,0,telephone
shapenet513,chair,-1.2458898727611227,13.666666666666666,0.44300135969825005,-0.0160152316093444,-0.0260153412818908,0,0,telephone
shapenet514,chair,0.0,0.0,0.5771373978201321,0.0184442400932312,0.0532336235046386,0,1,sofa
shapenet515,chair,0.0,0.0,0.5485497574215518,0.1713642179965973,0.0899977684020996,1,1,bench
shapenet516,chair,0.0,0.0,0.7852920133320408,0.1588339209556579,0.0855721831321716,1,1,display
shapenet518,chair,-0.6931471805599453,1.0,0.38554400149173285,0.3002481460571289,0.0327661037445068,1,0,chair
shapenet520,chair,0.0,0.0,0.334786682310343,0.1905016005039215,0.15169358253479,1,1,airplane
shapenet521,chair,0.0,0.0,0.7025507934666616,0.1338499784469604,0.0781649351119995,1,1,display
shapenet523,chair,0.0,0.0,0.28099050744080545,0.326223149895668,0.3041170239448547,1,1,airplane
shapenet526,chair,0.0,0.0,0.6918610615807131,0.0438525378704071,0.0717094540596008,1,1,cabinet
shapenet527,chair,0.0,0.0,0.6585206190949775,0.0610715150833129,-0.0119919180870056,1,0,sofa
shapenet529,chair,-0.5364793041447001,1.3333333333333333,0.2351281040987537,-0.0650356709957122,-0.033578336238861,0,0,chair
shapenet534,chair,-3.2535904167781773,26.666666666666668,0.11365959311070524,0.2519930303096771,0.1178936064243316,1,1,bench
shapenet535,chair,0.0,0.0,0.27998976412102466,-0.0515809059143066,-0.03757244348526,0,0,chair
shapenet537,chair,0.0,0.0,0.6507808085395935,0.0258679986000061,0.0189718008041381,0,0,watercraft
shapenet541,chair,0.0,0.0,0.8425596377452661,0.0738376975059509,0.033824622631073,1,1,cabinet
shapenet544,chair,0.0,0.0,0.5494070161872612,0.0526152849197387,-0.057002305984497,1,0,cabinet
shapenet546,chair,0.0,0.0,0.1737748455912287,0.1262491345405578,0.1676487922668457,1,1,watercraft
shapenet547,chair,0.0,0.0,0.5390338794773647,0.2530269622802734,0.1354497075080871,1,1,loudspeaker
shapenet548,chair,0.0,0.0,0.8445804176107542,-0.1427677869796753,-0.0573607087135314,0,0,car
shapenet550,chair,0.0,0.0,0.7996317378613482,0.0415491163730621,-0.0747300386428833,1,0,telephone
shapenet554,chair,0.0,0.0,0.2823499936150255,0.0609232783317565,0.0332262516021728,1,1,airplane
shapenet555,chair,-1.5350567286626973,6.0,0.24131000943550598,-0.0235680937767028,-0.0763022303581237,0,0,watercraft
shapenet567,chair,0.0,0.0,0.4431899499243106,-0.0084647834300994,0.0099655091762542,0,0,loudspeaker
shapenet569,chair,0.0,0.0,0.7659759886285573,0.0585893392562866,0.0158235728740692,1,0,cabinet
shapenet572,chair,0.0,0.0,0.588091531997401,0.074276328086853,0.0966692566871643,1,1,telephone
shapenet574,chair,0.0,0.0,0.25254629809021284,0.2301867306232452,0.2388920187950134,1,1,airplane
shapenet577,chair,0.0,0.0,0.6808550051425812,0.0821152925491333,0.0461806654930114,1,1,car
shapenet580,chair,0.0,0.0,0.5272588643097594,0.2013760050758719,0.088329941034317,1,1,chair
shapenet584,chair,-2.1579635654507583,7.666666666666667,0.17863825175897285,0.1450703740119934,-0.007205307483673,1,0,bench
shapenet586,chair,-2.118702553565297,7.333333333333333,0.17662514231070828,0.1144207119941711,0.0507627129554748,1,0,bench
shapenet590,chair,-1.2833825339033529,15.333333333333334,0.2485735025225546,0.1555188000202179,0.0060118436813354,1,0,watercraft
shapenet591,chair,-0.7324081924454066,2.6666666666666665,0.35159549651870686,0.1096327900886535,0.1472237706184387,1,1,bench
shapenet592,chair,-0.23104906018664842,0.3333333333333333,0.3608456011058087,0.3074368834495544,0.1592596769332885,1,1,chair
shapenet593,chair,0.0,0.0,0.8484956134341605,-0.0206873416900634,-0.048413872718811,0,0,display
shapenet597,chair,0.0,0.0,0.2838748606048739,-0.045032799243927,0.0208253264427185,0,1,airplane
shapenet598,chair,0.0,0.0,0.26435241322016506,0.254935622215271,0.2814482450485229,1,1,airplane
shapenet599,chair,0.0,0.0,0.8357035565918439,0.0562351047992706,-0.0695875585079193,1,0,cabinet
shapenet600,chair,0.0,0.0,0.3438045694272244,0.1567176580429077,0.0845870375633239,1,1,airplane
shapenet604,chair,0.0,0.0,0.8988886022839409,0.0296355932950973,-0.1056732237339019,1,0,cabinet
shapenet605,chair,0.0,0.0,0.23456047451336018,-0.0254897475242614,0.0147233009338378,0,0,watercraft
shapenet608,chair,0.0,0.0,0.3946213953226619,0.2196675539016723,0.1172830462455749,1,1,chair
shapenet609,chair,0.0,0.0,0.286163275022803,-0.0101247429847717,0.078905165195465,0,1,airplane
shapenet612,chair,0.0,0.0,0.2836821739281968,0.0047241449356079,-0.0725151896476745,0,0,airplane
shapenet616,chair,0.0,0.0,0.5187442722131941,0.2146924138069152,0.1444228291511535,1,1,chair
shapenet617,chair,0.0,0.0,0.8051901574569905,-0.1332522928714752,-0.0648699104785919,0,0,car
shapenet619,chair,-0.23104906018664842,0.3333333333333333,0.5344828587883986,0.0042051374912261,-0.0912733674049377,0,0,sofa
shapenet620,chair,0.0,0.0,0.5574942735394939,0.0118491947650909,0.0618963241577148,0,1,loudspeaker
shapenet622,chair,-3.5106987373195007,35.666666666666664,0.10538117512427403,0.1644780933856964,0.0811740756034851,1,1,watercraft
shapenet623,chair,0.0,0.0,0.8335647095697944,0.1328372955322265,0.0002508759498596,1,0,car
shapenet628,chair,-0.46209812037329684,0.6666666666666666,0.4750148020501949,0.1779994368553161,-0.0581055283546447,1,0,sofa
shapenet629,chair,0.0,0.0,0.4014767880117578,0.0736072957515716,0.0631337463855743,1,1,watercraft
shapenet633,chair,-1.2458898727611227,13.666666666666666,0.217029522899586,0.2956169247627258,0.0887197256088256,1,1,bench
shapenet635,chair,-1.8876534933786486,11.666666666666666,0.17530835552589905,0.1431607007980346,0.0168339610099792,1,1,bench
shapenet636,chair,0.0,0.0,0.7201604065404715,-0.0391620397567749,-0.0204922556877136,0,0,telephone
shapenet638,chair,0.0,0.0,0.6402564380673167,0.0866369009017944,0.1029821634292602,1,1,cabinet
shapenet639,chair,0.0,0.0,0.2713324852381103,0.0240028500556945,-0.0371086299419403,0,0,lamp
shapenet640,chair,-1.6634775289262453,4.666666666666667,0.1749416894817204,0.2278304696083068,-0.0215262174606323,1,0,bench
shapenet644,chair,0.0,0.0,0.912977803755085,0.0631482601165771,-0.0184158086776733,0,0,display
shapenet646,chair,0.0,0.0,0.49045340275774646,0.0066738724708557,0.0501002669334411,0,1,loudspeaker
shapenet652,chair,0.0,0.0,0.27559741487156,0.1452800631523132,0.099647432565689,1,1,airplane
shapenet653,chair,0.0,0.0,0.5978709673689515,0.0793051123619079,-0.043292611837387,1,0,cabinet
shapenet656,chair,0.0,0.0,0.4249475552527091,-0.1208403706550598,-0.0465108752250671,0,0,loudspeaker
shapenet658,chair,0.0,0.0,0.30164716399942143,0.0417564213275909,0.1242203116416931,1,1,airplane
shapenet662,chair,0.0,0.0,0.4601329607599065,-0.0055443048477172,-0.032472550868988,0,0,telephone
shapenet664,chair,0.0,0.0,0.458066984589526,0.1249002516269683,0.0404214262962341,1,1,loudspeaker
shapenet665,chair,-0.9241962407465937,2.0,0.23440179733743702,0.2148919105529785,0.216950386762619,1,1,airplane
shapenet666,chair,-0.3662040962227033,0.6666666666666666,0.3171606913135953,0.3557536825537681,0.1202899813652038,1,1,chair
shapenet667,chair,-1.7383119192029952,15.666666666666666,0.25393586867395146,0.2015441656112671,0.0059669613838195,1,0,bench
shapenet677,chair,0.0,0.0,0.7571893484653506,0.1111636161804199,0.0916127860546112,1,1,car
shapenet678,chair,0.0,0.0,0.3156285737039313,0.0448094010353088,0.0600859522819519,1,1,airplane
shapenet679,chair,0.0,0.0,0.43226217965190744,0.2444760203361511,0.3116668462753296,1,1,loudspeaker
shapenet682,chair,0.0,0.0,0.3055205860091468,0.1218249499797821,0.2401564717292785,1,1,airplane
shapenet683,chair,0.0,0.0,0.4356523400480083,0.2428930737078189,0.0489208698272705,1,1,chair
shapenet686,chair,-1.3862943611198906,4.666666666666667,0.21910233941091603,0.2284910976886749,0.0645036697387695,1,1,chair
shapenet687,chair,0.0,0.0,0.596397784713441,0.0937229394912719,0.0865823030471801,1,1,cabinet
shapenet690,chair,0.0,0.0,0.7622017888711322,0.184352695941925,0.1138461828231811,1,1,telephone
shapenet691,chair,-3.4891455982081307,33.666666666666664,0.10863949466569851,0.1436770558357238,0.1727542281150818,1,1,bench
shapenet692,chair,0.0,0.0,0.8530122625890769,0.0964302420616149,0.0307862758636474,1,1,display
shapenet693,chair,0.0,0.0,0.6010126040773408,-0.1254128217697143,-0.0502444505691528,0,0,table
shapenet697,chair,0.0,0.0,0.4094573590411132,0.3317525237798691,0.0468218326568603,1,1,chair
shapenet699,chair,0.0,0.0,0.8310209427152316,-0.0794014930725097,-0.005961000919342,0,0,car
shapenet702,chair,-1.7079879931344195,14.333333333333334,0.18285410577088776,-0.0309081673622131,0.0059122145175933,0,0,bench
shapenet703,chair,0.0,0.0,0.6468858192608801,-0.070658802986145,-0.0705913007259368,0,0,loudspeaker
shapenet708,chair,-3.0440541969707198,24.333333333333332,0.11982037769816058,0.1844084858894348,0.0722074508666992,1,1,bench
shapenet711,chair,0.0,0.0,0.4674899762212781,-0.0126665532588958,-0.0022562742233276,0,0,watercraft
shapenet714,chair,-1.2972734327035422,4.0,0.32658231098665397,0.3512409329414367,0.1666880846023559,1,1,bench
shapenet715,chair,0.0,0.0,0.294847285493874,0.1227837204933166,0.0485840439796447,1,1,lamp
shapenet718,chair,-0.7992984242661235,3.3333333333333335,0.4062663396084358,0.3193467259407043,0.1401979923248291,1,1,bench
shapenet719,chair,0.0,0.0,0.7536513667700815,-0.0276033282279968,0.1261869072914123,0,1,display
shapenet722,chair,0.0,0.0,0.5013878757777749,0.1472332924604416,0.2045737206935882,1,1,sofa
shapenet724,chair,0.0,0.0,0.7047570264550762,-0.0766206979751586,0.0190478563308715,0,0,watercraft
shapenet725,chair,-0.23104906018664842,0.3333333333333333,0.5757368849077155,0.203953355550766,-0.0641862154006958,1,0,loudspeaker
shapenet732,chair,-3.3369087677352423,29.0,0.11253291585381293,0.191826194524765,0.0310445427894592,1,1,chair
shapenet734,chair,0.0,0.0,0.71222908790672,0.0431989431381225,0.1137009859085083,1,1,telephone
shapenet736,chair,0.0,0.0,0.2664144351331302,0.1299119889736175,0.1655927896499633,1,1,airplane
shapenet739,chair,0.0,0.0,0.2723592780651239,-0.0091813802719116,0.0379926562309265,0,1,airplane
shapenet740,chair,0.0,0.0,0.39880013216994287,0.3563603535294533,0.1906964778900146,1,1,chair
shapenet743,chair,0.0,0.0,0.5658456500911999,-0.070129781961441,-0.0346428155899047,0,0,table
shapenet744,chair,0.0,0.0,0.659081064138538,0.0197157859802246,-0.0661205649375915,0,0,loudspeaker
shapenet749,chair,0.0,0.0,0.8858811186564628,0.0446779727935791,-0.0004715323448181,1,0,display
shapenet751,chair,0.0,0.0,0.6389385601851655,-0.0863441228866577,-0.1240255236625671,0,0,display
shapenet757,chair,0.0,0.0,0.7882380768433506,0.0830454230308532,0.0870080590248107,1,1,telephone
shapenet759,chair,0.0,0.0,0.3047178339748934,0.1169077157974243,-0.0092962980270385,1,0,chair
shapenet760,chair,0.0,0.0,0.6946810366109922,0.1608600616455078,-0.0483216941356658,1,0,telephone
shapenet761,chair,0.0,0.0,0.6122836027306856,-0.038527488708496,-0.0219002664089202,0,0,table
shapenet762,chair,-1.4606755448912938,7.0,0.17540067475188645,0.2894492149353027,0.1583147644996643,1,1,bench
shapenet766,chair,0.0,0.0,0.4609351735178056,-0.0400761365890502,-0.0825366377830505,0,0,table
shapenet770,chair,-1.9269145052641097,11.333333333333334,0.18826184836077528,0.0353812575340271,-0.0033552646636962,1,0,airplane
shapenet771,chair,0.0,0.0,0.25221811267040695,0.0494064688682556,0.0032296180725097,1,0,airplane
shapenet772,chair,-2.783476657846045,30.333333333333332,0.17602654886387448,0.3029534835368395,0.0124148428440094,1,0,bench
shapenet773,chair,0.0,0.0,0.5533288318497309,0.170574814081192,0.077958345413208,1,1,table
shapenet774,chair,0.0,0.0,0.5669942629600655,0.0904163718223571,0.0024951100349426,1,0,loudspeaker
shapenet775,chair,0.0,0.0,0.7754313803331508,0.0290791988372802,-0.0427635908126831,1,0,loudspeaker
shapenet782,chair,0.0,0.0,0.25770617786567956,0.2719187289476394,0.0130807161331176,1,1,chair
shapenet790,chair,0.0,0.0,0.3905864143091597,0.1454833149909973,0.0784856081008911,1,1,loudspeaker
shapenet791,chair,0.0,0.0,0.2503894686384391,0.1943703293800354,0.1256563067436218,1,1,airplane
shapenet796,chair,0.0,0.0,0.6721311953663199,0.0267904996871948,0.0584169626235961,1,1,loudspeaker
shapenet797,chair,-0.23104906018664842,0.3333333333333333,0.4567835551811876,-0.0333184599876403,0.0203036367893219,0,1,sofa
shapenet798,chair,0.0,0.0,0.5804637067582173,0.2185644507408142,-0.0108460485935211,1,0,table
shapenet799,chair,0.0,0.0,0.7811179330668958,-0.1055496931076049,-0.0312206149101257,0,0,car
shapenet800,chair,-1.0860321793404941,8.333333333333334,0.19883966034990427,0.0504912137985229,0.0754708051681518,1,1,airplane
shapenet801,chair,0.0,0.0,0.4184861748483144,-0.0166135430335998,-0.0518797039985656,0,0,loudspeaker
shapenet804,chair,0.0,0.0,0.40960428705262175,0.0548387765884399,0.0670865178108215,1,1,airplane
shapenet805,chair,0.0,0.0,0.8278421670274523,0.0620015263557434,-0.0098984837532043,1,0,cabinet
shapenet808,chair,-2.6457915653877646,14.666666666666666,0.14441779212139452,0.0865993201732635,0.0088022351264953,1,0,chair
shapenet811,chair,0.0,0.0,0.39091208092360746,-0.0641060620546341,-0.04999840259552,0,0,table
shapenet812,chair,0.0,0.0,0.7678986507705204,0.106283813714981,0.0168808698654174,1,0,cabinet
shapenet813,chair,0.0,0.0,0.832350653874942,0.0108345746994018,-0.0049038529396057,0,0,car
shapenet814,chair,0.0,0.0,0.7504173115373657,-0.1033355891704559,-0.062924325466156,0,0,car
shapenet816,chair,0.0,0.0,0.6147274658978664,0.2740132659673691,0.1665162444114685,1,1,table
shapenet817,chair,0.0,0.0,0.6999673909169114,0.2435314953327179,0.1827784180641174,1,1,cabinet
shapenet818,chair,0.0,0.0,0.8363773929156649,0.2309784293174743,0.1690474152565002,1,1,car
shapenet820,chair,-0.46209812037329684,0.6666666666666666,0.2967876836302869,0.284589946269989,0.1661158204078674,1,1,chair
shapenet825,chair,0.0,0.0,0.7919956824637158,-0.0607553124427795,-0.1114904880523681,0,0,table
shapenet826,chair,0.0,0.0,0.8147687019678073,0.1395981311798095,0.0272364616394042,1,0,table
shapenet827,chair,-2.1459172165788005,16.0,0.185319159713118,0.1179962456226348,0.1392627954483032,1,1,airplane
shapenet831,chair,0.0,0.0,0.31440425961458807,0.3197568655014038,0.1035825908184051,1,1,watercraft
shapenet832,chair,-2.339168714313752,13.333333333333334,0.14237409811709797,0.0905688405036926,-0.0819031596183776,1,0,bench
shapenet833,chair,0.0,0.0,0.3977231531682665,-0.0450942814350128,-0.0269570052623748,0,0,watercraft
shapenet835,chair,0.0,0.0,0.34534011412608806,0.0263105630874633,0.0099040269851684,1,0,airplane
shapenet837,chair,0.0,0.0,0.8255009540969818,-0.0496895313262939,-0.0380144119262695,0,0,cabinet
shapenet840,chair,0.0,0.0,0.4291486540649642,0.1780894696712494,0.0693278312683105,1,1,chair
shapenet845,chair,0.0,0.0,0.4673269046121225,-0.0116888880729675,-0.0133445262908935,0,0,sofa
shapenet846,chair,-0.5364793041447001,1.3333333333333333,0.2121649728689258,0.4028078094124794,0.1027482151985168,1,1,chair
shapenet848,chair,0.0,0.0,0.7909831317520343,0.0359145402908325,0.051901638507843,1,1,watercraft
shapenet851,chair,0.0,0.0,0.3044649407499547,-0.0839596986770629,0.047741949558258,0,1,airplane
shapenet852,chair,0.0,0.0,0.8263244260996271,-0.1337473392486572,-0.1055793464183807,0,0,car
shapenet854,chair,0.0,0.0,0.7617847961325079,-0.0123431682586669,0.0320241451263427,0,0,telephone
shapenet856,chair,-1.617343421306539,4.333333333333333,0.1644039963211362,0.0226539373397827,-0.0495164990425109,1,0,bench
shapenet859,chair,0.0,0.0,0.6173645078363633,-0.0005679726600646,-0.0222050547599792,0,0,table
shapenet860,chair,-1.598596848532247,6.666666666666667,0.24073592405352806,0.1153806447982788,0.0864661335945129,1,1,airplane
shapenet861,chair,-0.9241962407465937,1.6666666666666667,0.4963980799306451,0.0249018967151641,-0.0421598553657531,0,0,sofa
shapenet863,chair,0.0,0.0,0.4646935558056698,0.0143991112709045,-0.0136587023735046,0,0,sofa
shapenet867,chair,0.0,0.0,0.3877957989421053,0.3774196207523346,0.2905646562576294,1,1,chair
shapenet869,chair,0.0,0.0,0.5055213480596072,0.1404054462909698,0.2050864100456237,1,1,sofa
shapenet871,chair,0.0,0.0,0.7113951527930364,0.0809172391891479,0.0098748505115509,1,0,telephone
shapenet873,chair,0.0,0.0,0.7994488613380416,0.0828669667243957,0.1605020761489868,1,1,cabinet
shapenet877,chair,-0.5972531564093516,1.6666666666666667,0.22221989812032839,0.3346312344074249,0.0178350806236267,1,0,chair
shapenet878,chair,0.0,0.0,0.7676297507373478,0.0605045557022094,0.0796400904655456,1,1,display
shapenet879,chair,0.0,0.0,0.4496114174448289,0.1592561900615692,0.0202753543853759,1,1,sofa
shapenet884,chair,-0.23104906018664842,0.3333333333333333,0.6206931991432177,0.1189786493778228,0.0156089663505554,1,1,sofa
shapenet886,chair,-2.228203909222642,13.0,0.1515992503868168,0.1328014284372329,0.0817873477935791,1,1,bench
shapenet888,chair,0.0,0.0,0.5014578406141003,-0.059211254119873,-0.0360732674598693,0,0,table
shapenet891,chair,0.0,0.0,0.30517875452283627,0.0586060285568237,-0.0366836190223693,1,0,airplane
shapenet893,chair,0.0,0.0,0.7829295992352924,-0.0649306774139404,-0.0272567272186279,0,0,telephone
shapenet898,chair,0.0,0.0,0.22605069668789865,0.1173345744609832,0.1099046468734741,1,1,airplane
shapenet899,chair,0.0,0.0,0.40761291576202113,0.0424380898475647,0.0664105415344238,1,1,display
shapenet901,chair,0.0,0.0,0.3552358344325924,0.0412048697471618,0.0574234127998352,1,1,airplane
shapenet902,chair,0.0,0.0,0.679638690530842,0.0917499065399169,0.023599088191986,1,0,loudspeaker
shapenet903,chair,0.0,0.0,0.7685444130981341,0.0198300778865814,-0.0036106407642364,0,0,car
shapenet904,chair,0.0,0.0,0.44363134795678905,0.175452321767807,0.0646446347236633,1,1,loudspeaker
shapenet906,chair,0.0,0.0,0.295770320459062,0.2183806896209716,0.0447152256965637,1,1,chair
shapenet913,chair,0.0,0.0,0.535124548717352,0.2026756405830383,0.0979308187961578,1,1,table
shapenet914,chair,0.0,0.0,0.39595464012191095,0.1446905732154846,-0.1175716519355773,1,0,table
shapenet915,chair,0.0,0.0,0.758896317843293,-0.0363907068967819,-0.0972876548767089,0,0,table
shapenet916,chair,0.0,0.0,0.31094346396511785,0.0187677145004272,0.0579913258552551,0,1,watercraft
shapenet918,chair,0.0,0.0,0.4371564369178254,0.1323956549167633,-0.0076105594635009,1,0,chair
shapenet919,chair,0.0,0.0,0.3365062149148807,0.025957703590393,0.0559059381484985,1,1,airplane
shapenet923,chair,0.0,0.0,0.45116589039988453,0.1437565684318542,0.0081643760204315,1,0,sofa
shapenet924,chair,0.0,0.0,0.7501295194939903,0.0606607198715209,-0.0375480353832244,1,0,cabinet
shapenet925,chair,0.0,0.0,0.5880256984396922,-0.0051080882549285,0.0539358258247375,0,0,loudspeaker
shapenet927,chair,-0.46209812037329684,0.6666666666666666,0.45921323739111447,0.1315637826919555,-0.0487716794013977,1,0,sofa
shapenet930,chair,0.0,0.0,0.421398807713852,0.0852817296981811,0.0409463346004486,1,1,watercraft
shapenet938,chair,-0.7324081924454066,2.6666666666666665,0.20440796800977576,0.1762524843215942,0.162488043308258,1,1,airplane
shapenet939,chair,-1.8483924814931871,5.666666666666667,0.16113371413865377,0.0020367503166198,0.0363364815711975,0,1,bench
shapenet941,chair,0.0,0.0,0.8159299599752142,0.0266528725624084,0.1882215440273285,1,1,display
shapenet942,chair,0.0,0.0,0.45339647387825505,0.3816320598125458,0.1604295074939727,1,1,chair
shapenet943,chair,-1.1945063128187032,3.3333333333333335,0.19152393825812375,0.2176737934350967,-0.0192859172821044,1,0,chair
shapenet946,chair,0.0,0.0,0.34813597689575837,0.0077078938484191,-0.0553356409072876,0,0,sofa
shapenet949,chair,0.0,0.0,0.5221272826141153,-0.0296664834022521,0.0664764046669006,0,1,sofa
shapenet950,chair,0.0,0.0,0.6850787682336555,0.0020976662635803,0.0736720263957977,0,1,cabinet
shapenet952,chair,0.0,0.0,0.8361153464618876,0.1446884274482727,0.0768990516662597,1,1,car
shapenet953,chair,-2.452518733636784,18.333333333333332,0.15572559928125165,-0.0381825864315032,-0.0879788994789123,0,0,table
shapenet954,chair,-2.1720643586809882,16.666666666666668,0.15908928086173152,0.0820246636867523,0.0623947978019714,1,1,airplane
shapenet955,chair,0.0,0.0,0.2868037537939072,0.1794883906841278,0.0545761585235595,1,1,airplane
shapenet956,chair,-1.155245300933242,2.3333333333333335,0.5100700853130313,0.1345397233963012,0.0838918983936309,1,1,sofa
shapenet957,chair,0.0,0.0,0.5880543656057091,0.2559118717908859,0.0844027698040008,1,1,table
shapenet958,chair,0.0,0.0,0.602016524213747,0.1866405308246612,0.096845805644989,1,1,table
shapenet959,chair,0.0,0.0,0.5822502014287542,-0.0476816296577453,-0.0256498456001281,0,0,loudspeaker
shapenet960,chair,0.0,0.0,0.8535189491092927,0.0698892474174499,0.0739115476608276,1,1,cabinet
shapenet966,chair,0.0,0.0,0.3851454479109064,0.272101916372776,0.0886535942554473,1,1,chair
shapenet967,chair,-0.46209812037329684,0.6666666666666666,0.47173208430680863,-0.0541105270385742,-0.0593208074569702,0,0,sofa
shapenet974,chair,0.0,0.0,0.795987945773549,-0.0374995470046997,-0.0784850716590881,0,0,telephone
shapenet977,chair,-0.46209812037329684,0.6666666666666666,0.5816119934168688,0.0609148740768432,-0.0138222575187683,1,0,sofa
shapenet978,chair,0.0,0.0,0.33165798548307174,0.042772889137268,-0.0182495713233947,1,0,airplane
shapenet979,chair,-0.23104906018664842,0.3333333333333333,0.571139080021304,0.2464240491390228,0.0901115536689758,1,1,sofa
shapenet983,chair,-1.0729586082894003,8.0,0.24945657339480518,0.1320801973342895,0.155186265707016,1,1,airplane
shapenet984,chair,0.0,0.0,0.7535698656786547,0.0831350684165954,0.0930854678153991,1,1,telephone
shapenet989,chair,0.0,0.0,0.2580017278336905,0.0016212314367294,-0.0186414718627929,0,0,chair
shapenet990,chair,0.0,0.0,0.6216684938788849,0.1119915843009948,0.1365360915660858,1,1,telephone
shapenet991,chair,0.0,0.0,0.8481329269127618,-0.053248107433319,-0.0798879861831665,0,0,cabinet
shapenet994,chair,0.0,0.0,0.8303486506837673,-0.0433776378631591,-0.0511643290519714,0,0,car
shapenet1000,chair,0.0,0.0,0.36520752180944066,0.0386275053024292,-0.0587695240974426,1,0,loudspeaker
shapenet1003,chair,-1.7383119192029952,15.666666666666666,0.2663057473290003,0.1854579374194145,0.0158789157867431,1,0,bench
shapenet1005,chair,-1.0729586082894003,2.6666666666666665,0.2054422010990324,0.3472734540700912,0.0517406463623046,1,0,chair
shapenet1008,chair,0.0,0.0,0.7582732393492261,0.0783631503582,0.002147614955902,1,0,watercraft
shapenet1009,chair,0.0,0.0,0.20513640540882963,0.1824566125869751,0.1990477740764618,1,1,airplane
shapenet1010,chair,0.0,0.0,0.7572267257983613,0.0763285160064697,0.0325040221214294,1,1,cabinet
shapenet1016,chair,0.0,0.0,0.4259492141330061,0.2793335020542145,0.1249841451644897,1,1,table
shapenet1019,chair,-0.23104906018664842,0.3333333333333333,0.31534183371970964,0.2082519233226776,0.1106314063072204,1,1,chair
shapenet1020,chair,-0.7992984242661235,3.3333333333333335,0.3372495510775653,0.24260213971138,0.199876457452774,1,1,airplane
shapenet1023,chair,-2.2958508572215393,10.333333333333334,0.16425002480542075,0.1979332566261291,0.0011001229286193,1,0,chair
shapenet1024,chair,0.0,0.0,0.4393050630123356,0.1229016482830047,-0.0144360661506652,1,0,sofa
shapenet1025,chair,0.0,0.0,0.4514161973254769,-5.447864532470703e-05,0.0043132305145263,0,0,loudspeaker
shapenet1026,chair,0.0,0.0,0.3108910976600998,0.1808437705039978,0.2060964703559875,1,1,airplane
shapenet1028,chair,0.0,0.0,0.8263570393046878,0.1366713047027588,0.1389904916286468,1,1,car
shapenet1030,chair,0.0,0.0,0.9043086834142203,0.0247092843055725,-0.0547468066215515,1,0,display
shapenet1033,chair,-2.8865779593994496,21.666666666666668,0.1284169483082653,0.0425758361816406,0.0186741948127746,1,0,bench
shapenet1034,chair,0.0,0.0,0.7697701642031304,0.1583247482776641,0.1619873940944671,1,1,sofa
shapenet1035,chair,0.0,0.0,0.7741736056280901,0.0185036063194274,0.054320752620697,0,1,table
shapenet1036,chair,0.0,0.0,0.7642631143075649,1.2993812561035156e-05,-0.022130012512207,0,0,display
shapenet1037,chair,0.0,0.0,0.6813649634107977,0.2159090638160705,-0.0302963256835937,1,0,cabinet
shapenet1041,chair,0.0,0.0,0.3318424496158047,0.0378549695014953,0.0197744965553283,1,0,airplane
shapenet1042,chair,0.0,0.0,0.9184073386861985,0.0452907681465148,0.0314137935638427,1,0,display
shapenet1043,chair,-0.23104906018664842,0.3333333333333333,0.6057234614086698,0.0553252100944519,0.0636987686157226,0,1,table
shapenet1047,chair,-0.23104906018664842,0.3333333333333333,0.5724574367839771,0.2761160656809807,0.0786448121070861,1,1,table
shapenet1048,chair,0.0,0.0,0.5029641141847915,0.0348356366157531,-0.0012999773025512,0,0,table
shapenet1049,chair,0.0,0.0,0.31981913914893184,0.2116368114948272,0.2286412119865417,1,1,airplane
shapenet1050,chair,0.0,0.0,0.6589964830727368,-0.0654391646385192,-0.0128532648086547,0,0,telephone
shapenet1053,chair,0.0,0.0,0.44879860478877304,0.2232152819633484,0.114247977733612,1,1,lamp
shapenet1055,chair,0.0,0.0,0.24866069215984288,0.0938007533550262,0.0479375123977661,1,1,watercraft
shapenet1056,chair,0.0,0.0,0.39718800090132556,0.1252152323722839,0.0409151911735534,1,1,sofa
shapenet1057,chair,0.0,0.0,0.2617718017932556,-0.0411716103553772,-0.1035364866256713,0,0,airplane
shapenet1061,chair,0.0,0.0,0.37943724110598215,-0.0185540318489074,-0.0327749252319335,0,0,display
shapenet1062,chair,-2.3586029546594625,10.0,0.14906365618560913,0.137901484966278,0.0381270051002502,1,1,bench
shapenet1066,chair,0.0,0.0,0.3496956939193307,-0.0445960164070129,-0.0223101377487182,0,0,watercraft
shapenet1067,chair,0.0,0.0,0.8906691357079862,0.0246651768684387,-0.0143821835517883,1,0,cabinet
shapenet1070,chair,0.0,0.0,0.2613712457427055,0.3374154269695282,0.0718433856964111,1,1,chair
shapenet1074,chair,-2.5728951650661553,12.333333333333334,0.13530204679346503,0.3872353881597519,0.1257690191268921,1,1,chair
shapenet1078,chair,-1.7099662383076912,8.0,0.3086838645627649,0.0700595155358314,-0.0058605968952178,1,0,lamp
shapenet1079,chair,0.0,0.0,0.37684601292731035,0.2188604176044464,0.1123297214508056,1,1,chair
shapenet1081,chair,0.0,0.0,0.7331700575259265,0.089400827884674,0.0035160779953002,1,0,cabinet
shapenet1082,chair,-2.8783254090242067,49.333333333333336,0.14517078622824403,0.1072975397109985,0.1573998928070068,1,1,lamp
shapenet1084,chair,0.0,0.0,0.39313285652960567,-0.0064169764518737,-0.0832794904708862,0,0,watercraft
shapenet1085,chair,0.0,0.0,0.32741068964550135,0.1580841541290283,0.1772978901863098,1,1,table
shapenet1086,chair,0.0,0.0,0.7356879822483191,0.3239646703004837,0.07020765542984,1,1,cabinet
shapenet1088,chair,0.0,0.0,0.46085619655217597,-0.0157988667488098,-0.0409923195838928,0,0,watercraft
shapenet1091,chair,0.0,0.0,0.8390366313171661,-0.1156335771083831,-0.0674461722373962,0,0,car
shapenet1092,chair,0.0,0.0,0.2862087999648191,0.0035647451877593,0.2211909890174865,0,1,airplane
shapenet1093,chair,-0.8283022165960001,1.3333333333333333,0.34538790721430274,0.2696287333965301,0.0990875959396362,1,1,sofa
shapenet1096,chair,-3.34000845626136,37.0,0.12752931406527293,-0.0616427063941955,-0.0917473435401916,0,0,bench
shapenet1097,chair,-0.46209812037329684,0.6666666666666666,0.6198031180098142,0.2185783684253692,0.0483612120151519,1,1,sofa
shapenet1099,chair,0.0,0.0,0.5318343183377486,-0.0594351962208747,-0.0598165392875671,0,0,table
shapenet1100,chair,-1.0729586082894003,8.0,0.24682261526626928,0.1188929080963134,0.1022871136665344,1,1,watercraft
shapenet1103,chair,0.0,0.0,0.6547666233023046,0.0178887844085693,-0.02234548330307,0,0,telephone
shapenet1111,chair,0.0,0.0,0.7016427722825594,0.2733232080936432,0.2163501679897308,1,1,telephone
shapenet1113,chair,-1.3810449087971775,3.3333333333333335,0.19300909607171082,0.2492331862449646,-0.0017551183700561,1,0,chair
shapenet1117,chair,0.0,0.0,0.251626186646784,-0.046343982219696,-0.0072972178459167,0,0,airplane
shapenet1119,chair,0.0,0.0,0.29821703923496085,0.1186347603797912,0.2517565786838531,1,1,airplane
shapenet1120,chair,0.0,0.0,0.2510220994674224,0.0124324858188629,-0.020589679479599,0,0,watercraft
shapenet1121,chair,0.0,0.0,0.6700561037053641,0.0559180080890655,0.0077781081199646,1,0,loudspeaker
shapenet1123,chair,0.0,0.0,0.539250670337721,0.0080929994583129,0.0239312946796417,0,1,watercraft
shapenet1125,chair,0.0,0.0,0.804786015102373,0.0110271573066711,-0.010015845298767,0,0,telephone
shapenet1127,chair,0.0,0.0,0.5435659402573475,0.1264127492904663,-0.0125469267368316,1,0,watercraft
shapenet1129,chair,0.0,0.0,0.7315945947744457,0.2219259440898895,0.0084109306335449,1,0,car
shapenet1131,chair,0.0,0.0,0.872091297038985,-0.0401698350906372,-0.0145338177680969,0,0,telephone
shapenet1137,chair,0.0,0.0,0.25332726434960456,0.0982946157455444,0.2504238486289978,1,1,airplane
shapenet1141,chair,0.0,0.0,0.3175987670373906,0.0400602221488952,-0.0316674709320068,1,0,chair
shapenet1142,chair,-0.23104906018664842,0.3333333333333333,0.36793873997764504,0.2436317056417465,0.1275566220283508,1,1,chair
shapenet1143,chair,0.0,0.0,0.8407020122724905,0.0722955465316772,-0.0217499732971191,1,0,car
shapenet1144,chair,0.0,0.0,0.8234742136212464,0.012394905090332,0.013551115989685,0,0,car
shapenet1145,chair,0.0,0.0,0.6698094844190453,-0.0196118056774139,-0.0683524310588836,0,0,cabinet
shapenet1146,chair,0.0,0.0,0.6212846615478248,0.0495291948318481,0.0159395635128021,0,0,watercraft
shapenet1147,chair,-0.7324081924454066,1.3333333333333333,0.316903932703462,0.3652118146419525,0.2622060179710388,1,1,bench
shapenet1149,chair,-2.706962007030946,38.0,0.251704150603232,0.405067466199398,0.1033545136451721,1,1,chair
shapenet1155,chair,0.0,0.0,0.7347728768034273,0.0267811119556427,0.0346174240112304,0,1,display
shapenet1157,chair,0.0,0.0,0.6729751770342309,0.1895582675933838,0.3034858703613281,1,1,telephone
shapenet1159,chair,0.0,0.0,0.24891249519889072,-0.010621428489685,0.0086296200752258,0,0,airplane
shapenet1160,chair,0.0,0.0,0.8432923185439072,0.0115578472614288,0.0076016783714294,0,0,car
shapenet1161,chair,0.0,0.0,0.6856801298687508,0.1728771328926086,-0.0528261661529541,1,0,watercraft
shapenet1163,chair,-1.1945063128187032,3.3333333333333335,0.2514833174875499,0.4192077293992042,0.1835153698921203,1,1,bench
shapenet1168,chair,0.0,0.0,0.668260417783978,-0.1100272536277771,-0.1193838417530059,0,0,sofa
shapenet1171,chair,0.0,0.0,0.30038253009852633,0.043705940246582,-0.0295320749282836,1,0,airplane
shapenet1172,chair,0.0,0.0,0.5558630374342681,0.1313676238059997,0.0583212971687316,1,1,loudspeaker
shapenet1174,chair,0.0,0.0,0.7768002745708995,0.1025222837924957,-0.0820364952087402,1,0,display
shapenet1178,chair,0.0,0.0,0.8425288066955597,0.0976922810077667,0.1222806274890899,1,1,car
shapenet1179,chair,0.0,0.0,0.6248246234760187,-0.019695907831192,0.009549081325531,0,0,cabinet
shapenet1182,chair,0.0,0.0,0.7524660440084006,-0.0315123796463012,-0.0257882475852966,0,0,telephone
shapenet1183,chair,0.0,0.0,0.43786787950522443,0.1158825308084487,0.0224367082118988,1,1,lamp
shapenet1184,chair,-0.9634572526320548,5.666666666666667,0.2420186515388214,0.1182388663291931,0.0752103924751281,1,1,airplane
shapenet1186,chair,0.0,0.0,0.547459416347146,0.1309001445770263,-0.0476050972938537,1,0,chair
shapenet1187,chair,0.0,0.0,0.6643762963427319,0.2665440440177917,0.1078817844390869,1,1,cabinet
shapenet1189,chair,0.0,0.0,0.4569463717888154,0.0420160591602325,-0.0876303315162658,1,0,watercraft
shapenet1190,chair,0.0,0.0,0.6713773311486931,0.0610579252243042,0.0095185935497283,1,0,watercraft
shapenet1191,chair,0.0,0.0,0.8006304839449713,0.0410538911819458,0.08463054895401,1,1,loudspeaker
shapenet1194,chair,0.0,0.0,0.8240611926007757,-0.1159097254276275,0.0179488658905029,0,1,car
shapenet1196,chair,0.0,0.0,0.2525239031094457,0.2101267278194427,0.1713203489780426,1,1,airplane
shapenet1197,chair,0.0,0.0,0.4367259334009524,0.0688418745994567,-0.0333210825920105,1,0,watercraft
shapenet1199,chair,0.0,0.0,0.44181690267707774,0.2392360568046569,0.0202354788780212,1,0,watercraft
shapenet1200,chair,0.0,0.0,0.6994080439621082,0.2224114537239074,0.0612848997116088,1,1,table
shapenet1201,chair,0.0,0.0,0.6745405714509564,0.0221560001373291,0.1125380992889404,1,1,table
shapenet1202,chair,0.0,0.0,0.22632511239423678,0.1566532850265503,0.1927480995655059,1,1,airplane
shapenet1208,chair,0.0,0.0,0.5265545944336383,0.1757477819919586,-0.0666841268539428,1,0,watercraft
shapenet1210,chair,0.0,0.0,0.635041191990311,0.024535983800888,-0.0666577219963073,0,0,sofa
shapenet1211,chair,-2.0903294772860996,14.666666666666666,0.16791166539003785,0.1625790297985077,0.0171892046928405,1,1,lamp
shapenet1212,chair,0.0,0.0,0.8055698217139051,-0.0741675496101379,-0.0306013226509094,0,0,car
shapenet1215,chair,0.0,0.0,0.23155426471967885,0.0893270671367645,0.1521626114845276,1,1,airplane
shapenet1216,chair,0.0,0.0,0.4675583910245282,0.0598608553409576,0.0116339325904846,1,0,watercraft
shapenet1218,chair,0.0,0.0,0.7049991311651823,0.1081563830375671,0.1167070865631103,1,1,telephone
shapenet1220,chair,0.0,0.0,0.7760316912830273,0.1425922513008117,0.1703915894031524,1,1,car
shapenet1222,chair,0.0,0.0,0.6053293433210999,0.2096709609031677,0.0465555787086486,1,1,sofa
shapenet1224,chair,0.0,0.0,0.2738493500115232,0.1693979501724243,0.2359625697135925,1,1,airplane
shapenet1226,chair,0.0,0.0,0.7409015486329943,0.1428177952766418,-0.0412117838859558,1,0,loudspeaker
shapenet1227,chair,0.0,0.0,0.6329468572549132,0.1838875263929367,0.0872152000665664,1,1,table
shapenet1228,chair,0.0,0.0,0.31867146061314516,-0.0790647566318512,-0.0418864488601684,0,0,airplane
shapenet1232,chair,0.0,0.0,0.5280647224743046,-0.0250287055969238,-0.0523683726787567,0,0,watercraft
shapenet1234,chair,0.0,0.0,0.42767922653355034,0.158952534198761,0.0737970471382141,1,1,chair
shapenet1241,chair,-4.1762186732469795,64.33333333333333,0.06742972154589173,0.3097832947969436,0.1911015212535858,1,1,lamp
shapenet1242,chair,0.0,0.0,0.5962682558942013,0.0811387300491333,0.065611720085144,1,1,cabinet
shapenet1245,chair,0.0,0.0,0.2920128896380329,-0.0544391274452209,-0.0709108710289001,0,0,airplane
shapenet1250,chair,-0.7324081924454066,1.3333333333333333,0.2868555320601388,0.2897974252700805,0.1765789985656738,1,1,chair
shapenet1252,chair,0.0,0.0,0.6040467602492835,-0.1337408423423767,-0.0800297260284423,0,0,watercraft
shapenet1253,chair,0.0,0.0,0.565349997066255,0.0465335249900817,0.1112739741802215,1,1,watercraft
shapenet1255,chair,-0.23104906018664842,0.3333333333333333,0.2839955567271695,0.2363060116767883,-0.0990599989891052,1,0,chair
shapenet1256,chair,0.0,0.0,0.3620463881292075,0.0488867163658142,0.0411356687545776,1,1,airplane
shapenet1258,chair,0.0,0.0,0.8290411134633496,0.0960868000984191,0.0757443904876709,1,1,car
shapenet1259,chair,0.0,0.0,0.7387571795426872,0.0911322832107544,0.0579676926136016,1,1,cabinet
shapenet1260,chair,0.0,0.0,0.7927568570966135,-0.0358124077320098,-0.0567564666271209,0,0,car
shapenet1262,chair,0.0,0.0,0.6411829025329445,-0.1200872063636779,-0.0870117545127868,0,0,loudspeaker
shapenet1263,chair,-0.46209812037329684,0.6666666666666666,0.2913988431312107,0.4392599463462829,0.2409015595912933,1,1,chair
shapenet1264,chair,0.0,0.0,0.8360002974627653,-0.0968511998653411,-0.0506225824356079,0,0,car
shapenet1267,chair,0.0,0.0,0.8256856581355807,-0.1123358309268951,-0.0879358649253845,0,0,display
shapenet1269,chair,0.0,0.0,0.6070292133001934,0.0743255615234375,-0.1128704249858856,1,0,table
shapenet1271,chair,0.0,0.0,0.3982945176435974,0.2013333439826965,0.2400241494178772,1,1,watercraft
shapenet1273,chair,0.0,0.0,0.7456641224678752,-0.0118237733840942,-0.0987838506698608,0,0,car
shapenet1274,chair,0.0,0.0,0.6344468349798894,0.1352621912956237,0.0599015057086944,1,1,table
shapenet1275,chair,0.0,0.0,0.3066624898349969,-0.0038895010948181,-0.02314954996109,0,0,airplane
shapenet1276,chair,0.0,0.0,0.5485518109490107,0.0163155198097229,0.0222522020339965,0,0,loudspeaker
shapenet1278,chair,-0.3662040962227033,0.6666666666666666,0.3015018323181016,0.2204097509384155,0.0547105073928833,1,1,bench
shapenet1279,chair,-0.46209812037329684,0.6666666666666666,0.5368500724961358,0.1615425944328308,0.1248415112495422,1,1,sofa
shapenet1283,chair,0.0,0.0,0.696073365878621,-0.0076963305473327,0.0321806073188781,0,1,telephone
shapenet1285,chair,0.0,0.0,0.9082667651134045,0.2473054528236389,0.1744775772094726,1,1,cabinet
shapenet1286,chair,0.0,0.0,0.6589799709066809,0.1768788695335388,0.0578203797340393,1,1,table
shapenet1287,chair,0.0,0.0,0.430395480646746,0.0577689111232757,0.023853451013565,1,0,lamp
shapenet1288,chair,0.0,0.0,0.8032587454987016,-0.0273476839065551,0.0026432871818542,0,0,car
shapenet1290,chair,0.0,0.0,0.8217211596218292,0.0539495646953582,-0.0206902623176574,0,0,car
shapenet1292,chair,0.0,0.0,0.5878718821508607,-0.0365739464759826,-0.0366249680519104,0,0,cabinet
shapenet1294,chair,0.0,0.0,0.5675796229300994,0.0722385644912719,0.0520908832550048,1,1,telephone
shapenet1295,chair,0.0,0.0,0.4434499435615438,0.022890567779541,-0.013943612575531,0,0,cabinet
shapenet1296,chair,-1.0729586082894003,2.6666666666666665,0.3184510183707671,0.4217034429311752,0.1303048133850097,1,1,chair
shapenet1297,chair,0.0,0.0,0.5667140327587781,0.0388745665550231,-0.087397426366806,1,0,lamp
shapenet1298,chair,0.0,0.0,0.4124875896198858,0.3118182718753814,-0.0304311513900756,1,0,table
shapenet1299,chair,0.0,0.0,0.6440873699861144,0.0770900249481201,-0.0108265876770019,1,0,telephone
shapenet1300,chair,0.0,0.0,0.45935713742791967,0.0234235525131225,-0.0670742690563201,0,0,watercraft
shapenet1303,chair,0.0,0.0,0.6594887831170556,0.1387254297733307,0.0482087135314941,1,1,table
shapenet1304,chair,0.0,0.0,0.2804405918006477,0.0630259215831756,0.1141688823699951,1,1,airplane
shapenet1306,chair,-1.155245300933242,2.3333333333333335,0.5243607002041601,0.0438897609710693,-0.0301522016525268,1,0,sofa
shapenet1308,chair,0.0,0.0,0.310628343740782,0.0365180969238281,-0.0412774085998535,1,0,display
shapenet1310,chair,0.0,0.0,0.5827439842751567,0.0632334947586059,0.0020322203636169,1,0,loudspeaker
shapenet1312,chair,0.0,0.0,0.2869758900431302,0.3637635856866836,0.2861450910568237,1,1,chair
shapenet1314,chair,0.0,0.0,0.7574770340999327,0.0487027764320373,-0.0241385698318481,1,0,cabinet
shapenet1315,chair,-2.6080153369520973,17.0,0.16235963630643102,0.0072042942047119,-0.0929202437400817,0,0,bench
shapenet1316,chair,0.0,0.0,0.533834720642667,0.0932669043540954,0.0384072959423065,1,0,watercraft
shapenet1317,chair,0.0,0.0,0.6289938101316158,0.1541208624839782,0.0221961736679077,1,1,telephone
shapenet1318,chair,-0.46209812037329684,0.6666666666666666,0.475726876504542,0.2218241095542907,0.0416124463081359,1,1,sofa
shapenet1320,chair,0.0,0.0,0.6390154244833605,-0.0283930301666259,-0.0521267652511596,0,0,car
shapenet1321,chair,0.0,0.0,0.345897277802961,0.1991737782955169,0.1811056733131408,1,1,chair
shapenet1322,chair,0.0,0.0,0.8523743452292284,0.0430962145328521,0.0022336840629577,0,0,display
shapenet1324,chair,0.0,0.0,0.5776919757700972,0.006497323513031,-0.0625313520431518,0,0,cabinet
shapenet1325,chair,0.0,0.0,0.3724494423123432,0.2385376989841461,0.2240466475486755,1,1,airplane
shapenet1328,chair,0.0,0.0,0.4498919915288105,-0.0360786914825439,-0.0170623064041137,0,0,cabinet
shapenet1330,chair,0.0,0.0,0.8387689829192312,-0.0626474618911743,0.0023592710494995,0,0,car
shapenet1333,chair,-0.23104906018664842,0.3333333333333333,0.46661602845459854,0.0972554087638855,0.1400061249732971,1,1,sofa
shapenet1337,chair,0.0,0.0,0.4227657862220737,-0.0257297158241271,-0.0612450242042541,0,0,watercraft
shapenet1339,chair,0.0,0.0,0.46191177562155633,0.0025730431079864,0.0218293070793151,0,0,watercraft
shapenet1341,chair,0.0,0.0,0.819866891100734,-0.094875156879425,-0.0259963870048522,0,0,car
shapenet1347,chair,-2.4250574398175906,24.666666666666668,0.19098812892466832,0.097967505455017,0.0497165322303772,1,1,watercraft
shapenet1349,chair,-0.46209812037329684,0.6666666666666666,0.43444906993397353,0.2045181989669799,0.0098820328712463,1,1,sofa
shapenet1351,chair,0.0,0.0,0.2258596331096562,-0.0372448563575744,-0.1281042695045471,0,0,airplane
shapenet1353,chair,0.0,0.0,0.26289722751648453,0.0089218914508819,0.011461853981018,1,0,airplane
shapenet1354,chair,-0.23104906018664842,0.3333333333333333,0.5024676349956505,0.0480248928070068,0.13924640417099,1,1,sofa
shapenet1357,chair,0.0,0.0,0.2810157205672426,0.1660723984241485,0.1531468033790588,1,1,chair
shapenet1358,chair,0.0,0.0,0.8268184345715218,0.1807374358177185,0.0548915863037109,1,1,telephone
shapenet1359,chair,0.0,0.0,0.790152982305055,-0.0312502384185791,-0.0677734315395355,0,0,car
shapenet1360,chair,0.0,0.0,0.7642005197427144,0.0423850417137146,0.0815763473510742,1,1,display
shapenet1361,chair,-0.6931471805599453,1.0,0.44339972058773935,0.2661583721637726,0.1332599520683288,1,1,chair
shapenet1362,chair,0.0,0.0,0.21021449984451837,-0.0084528923034667,0.2001701593399047,0,1,airplane
shapenet1364,chair,0.0,0.0,0.5617158097065037,0.0951469540596008,-0.0023027658462524,1,0,sofa
shapenet1369,chair,0.0,0.0,0.8085124988629032,-0.029213935136795,0.0285881161689758,0,0,car
shapenet1372,chair,0.0,0.0,0.6017442704756464,-0.0804547667503357,-0.0846184492111206,0,0,cabinet
shapenet1375,chair,0.0,0.0,0.26173284312573786,0.2569777071475982,0.2516615986824035,1,1,airplane
shapenet1377,chair,0.0,0.0,0.6272451539544671,0.0458468794822692,-0.019837737083435,1,0,watercraft
shapenet1378,chair,-1.3914624232985455,21.333333333333332,0.40058220030948016,0.1037986278533935,0.123207002878189,1,1,watercraft
shapenet1380,chair,0.0,0.0,0.6568518569291143,0.076835036277771,-0.034300684928894,1,0,loudspeaker
shapenet1381,chair,0.0,0.0,0.839260997702191,0.0219207406044006,0.0163037180900573,1,0,car
shapenet1383,chair,0.0,0.0,0.5801750997798666,-0.0249698162078857,-0.0893880128860473,0,0,loudspeaker
shapenet1386,chair,0.0,0.0,0.7436449054743903,0.0408874154090881,-0.0486639142036438,0,0,display
shapenet1390,chair,0.0,0.0,0.5392590629934757,-0.0163665413856506,-0.0018378496170043,0,0,telephone
shapenet1391,chair,0.0,0.0,0.5417630155253446,0.1284840404987335,0.0870592892169952,1,1,loudspeaker
shapenet1392,chair,0.0,0.0,0.4188672493425781,0.2589408755302429,0.0623784959316253,1,1,telephone
shapenet1393,chair,-0.7675283643313486,3.0,0.34143747120870854,0.0537866950035095,0.0460767447948455,1,1,watercraft
shapenet1394,chair,0.0,0.0,0.6733006136542041,-0.0974191427230835,-0.0540354251861572,0,0,cabinet
shapenet1396,chair,0.0,0.0,0.26625711389377893,-0.0497633218765258,0.0044541358947753,0,0,airplane
shapenet1397,chair,-0.3662040962227033,0.6666666666666666,0.2266074283957472,0.305098332464695,0.0369684100151062,1,0,chair
shapenet1401,chair,0.0,0.0,0.3706859569230339,0.024729311466217,0.0131690502166748,1,1,airplane
shapenet1402,chair,0.0,0.0,0.5016400555773037,0.1651002764701843,0.1425019204616546,1,1,chair
shapenet1404,chair,0.0,0.0,0.8285835989983671,-0.0381314158439636,0.0062756240367889,0,0,car
shapenet1406,chair,0.0,0.0,0.27086638925954526,0.2925277948379516,0.3007927983999252,1,1,airplane
shapenet1411,chair,-0.23104906018664842,0.3333333333333333,0.505660642917578,0.2121064364910125,-0.0718332529067993,1,0,sofa
shapenet1413,chair,-2.980820308940194,20.333333333333332,0.1253271885007138,0.1710867285728454,0.1350704431533813,1,1,bench
shapenet1418,chair,0.0,0.0,0.8388887795629683,-0.1547736227512359,-0.0357309579849243,0,0,car
shapenet1419,chair,0.0,0.0,0.8226997907967993,-0.0615414381027221,-0.0601184368133544,0,0,table
shapenet1421,chair,0.0,0.0,0.6046570116699683,-0.0659568607807159,-0.0841362178325653,0,0,watercraft
shapenet1422,chair,0.0,0.0,0.25435614481386487,0.0805820822715759,0.0270657539367675,1,0,airplane
shapenet1423,chair,0.0,0.0,0.8349428464187646,0.045985460281372,0.011841595172882,1,0,telephone
shapenet1427,chair,0.0,0.0,0.8625687358495799,0.0607293248176574,0.0036223232746124,1,0,display
shapenet1428,chair,0.0,0.0,0.8310355795049157,-0.0183861255645751,0.0156983733177185,0,1,car
shapenet1429,chair,-0.23104906018664842,0.3333333333333333,0.6885532937212039,0.1063748598098754,0.0356457233428955,1,1,sofa
shapenet1433,chair,0.0,0.0,0.806398151626086,0.1241383552551269,0.0484888553619384,1,1,car
shapenet1435,chair,0.0,0.0,0.5626389332920476,0.3598415553569793,0.2590386867523193,1,1,bench
shapenet1436,chair,0.0,0.0,0.30762413195132426,0.0844627022743225,-0.0135230422019958,1,0,airplane
shapenet1439,chair,0.0,0.0,0.6239334722657873,-0.0366609096527099,-0.0303328335285186,0,0,lamp
shapenet1441,chair,0.0,0.0,0.2633737258934134,0.2947162687778473,0.2989781647920608,1,1,airplane
shapenet1445,chair,0.0,0.0,0.258365058722474,0.1829912066459655,0.1273740828037262,1,1,airplane
shapenet1448,chair,0.0,0.0,0.8479198736650709,0.0266816020011901,0.0211828351020813,0,0,cabinet
shapenet1449,chair,0.0,0.0,0.5290598810747166,0.1301210522651672,-0.092201292514801,1,0,cabinet
shapenet1451,chair,0.0,0.0,0.5041171217302812,0.1060535907745361,0.0839506983757019,1,1,display
shapenet1455,chair,0.0,0.0,0.317667988128429,0.164804995059967,0.2689354419708252,1,1,airplane
shapenet1460,chair,0.0,0.0,0.7693639578011998,0.1672778725624084,0.1210862696170806,1,1,telephone
shapenet1466,chair,0.0,0.0,0.2652848926772064,0.0930007100105285,0.0665410161018371,1,1,airplane
shapenet1468,chair,0.0,0.0,0.8385289349870512,-0.135062038898468,-0.0724620223045349,0,0,car
shapenet1470,chair,-1.0729586082894003,2.6666666666666665,0.2032869414046173,0.2082946896553039,0.066514253616333,1,1,chair
shapenet1472,chair,0.0,0.0,0.27386345754342256,0.1292626559734344,0.1541776061058044,1,1,airplane
shapenet1473,chair,0.0,0.0,0.1739116346120433,0.0345191955566406,-0.0264171659946441,1,0,watercraft
shapenet1474,chair,0.0,0.0,0.8380169114260734,0.0102645754814147,-0.0212944746017456,0,0,car
shapenet1475,chair,0.0,0.0,0.6703786685370137,0.0727172493934631,0.0465022921562194,1,1,cabinet
shapenet1477,chair,0.0,0.0,0.6541224206525326,0.2388223558664322,0.1609391570091247,1,1,lamp
shapenet1478,chair,0.0,0.0,0.2502611828433923,0.1686519533395767,0.2385966181755066,1,1,airplane
shapenet1479,chair,0.0,0.0,0.7785086286316615,0.0833691954612732,0.0612667202949523,1,1,car
shapenet1480,chair,0.0,0.0,0.8658149367357412,-0.063506543636322,-0.0533498525619506,0,0,cabinet
shapenet1484,chair,-2.4917797455222455,27.333333333333332,0.2695869997861003,0.0306558012962341,-0.0063869357109069,1,0,telephone
shapenet1486,chair,0.0,0.0,0.6531542264673594,0.1347058415412902,0.1304951906204223,1,1,table
shapenet1487,chair,0.0,0.0,0.8453734523164074,-0.0027715861797332,-0.0183818340301513,0,0,telephone
shapenet1489,chair,0.0,0.0,0.4513566671627636,0.0282315015792846,-0.0345554053783416,1,0,loudspeaker
shapenet1491,chair,0.0,0.0,0.465859927474997,0.3383415639400482,0.234607994556427,1,1,chair
shapenet1494,chair,-2.1972245773362196,17.333333333333332,0.3393822211248681,0.0587955713272094,-0.089490532875061,1,0,bench
shapenet1495,chair,0.0,0.0,0.6308615027246475,0.1114089637994766,0.1683225631713867,1,1,cabinet
shapenet2,display,-0.6931471805599453,2.3333333333333335,0.4632046872741024,0.2368609607219696,0.0241907835006713,1,1,loudspeaker
shapenet3,display,-0.9241962407465937,2.0,0.41409518556940794,0.1165698766708374,0.1602188944816589,1,1,bench
shapenet4,display,0.0,0.0,0.301000637995188,0.0909926891326904,0.2167392373085022,1,1,airplane
shapenet5,display,0.0,0.0,0.7267701149010134,0.0805844068527221,0.0364487171173095,0,0,sofa
shapenet6,display,-0.23104906018664842,0.3333333333333333,0.24754990695850418,0.0401217937469482,0.0723785758018493,0,1,bench
shapenet10,display,-0.46209812037329684,0.6666666666666666,0.28601279507967486,-0.049607366323471,-0.1119518280029296,0,0,display
shapenet11,display,-1.598596848532247,6.666666666666667,0.25267832032946375,0.0645856261253357,0.0410408675670623,1,1,watercraft
shapenet13,display,0.0,0.0,0.41151807124120565,0.0441689491271972,0.0926105976104736,0,1,airplane
shapenet15,display,0.0,0.0,0.4909880148626651,0.1552402973175048,0.089080661535263,1,1,cabinet
shapenet18,display,0.0,0.0,0.7853244823899536,0.2385498583316803,0.1286601424217224,1,1,table
shapenet19,display,0.0,0.0,0.7928036333591518,0.2042485475540161,0.0506073832511901,1,0,chair
shapenet20,display,-2.4985139812947517,11.666666666666666,0.16442535709942732,0.049498438835144,0.0637953877449035,1,1,bench
shapenet22,display,0.0,0.0,0.6272483696962611,0.2215408384799957,0.1911988854408264,1,1,chair
shapenet23,display,0.0,0.0,0.5476040518750532,-0.094671607017517,-0.0585803687572479,0,0,loudspeaker
shapenet24,display,0.0,0.0,0.46931396349589166,0.0363625288009643,0.0579293370246887,1,1,cabinet
shapenet25,display,0.0,0.0,0.7686135183305121,0.2446499466896057,0.2099210619926452,1,1,chair
shapenet26,display,0.0,0.0,0.6370243574911151,0.0138674974441528,-0.0800977349281311,0,0,watercraft
shapenet28,display,0.0,0.0,0.35212362971301553,-0.0106106400489807,-0.0009410977363586,0,0,airplane
shapenet35,display,-1.290400336969297,2.6666666666666665,0.47930287913050834,0.2394948005676269,0.0031989216804504,1,0,telephone
shapenet37,display,-1.290400336969297,2.6666666666666665,0.3544060983895346,-0.0146399140357971,-0.0654328465461731,0,0,display
shapenet41,display,-0.7324081924454066,1.3333333333333333,0.3308620154204065,0.1792612969875335,-0.03516685962677,1,0,cabinet
shapenet42,display,0.0,0.0,0.5720225731219393,0.0254663228988647,0.0765052437782287,1,1,loudspeaker
shapenet46,display,0.0,0.0,0.4323468376075848,0.0157110095024108,0.0792386829853057,0,1,table
shapenet49,display,0.0,0.0,0.4062403087570501,0.0173612236976623,0.0554926395416259,0,1,airplane
shapenet50,display,-0.7992984242661235,3.3333333333333335,0.4615893989198159,0.1076602637767791,-0.00068199634552,1,0,display
shapenet53,display,0.0,0.0,0.9734260341389417,-0.0316346287727355,-0.0308929681777954,0,0,car
shapenet55,display,-1.2688874965901065,2.6666666666666665,0.4452487662731753,0.1843840181827545,0.0740576386451721,1,1,telephone
shapenet57,display,0.0,0.0,0.5945265324854122,0.2253651618957519,0.3005216121673584,1,1,loudspeaker
shapenet62,display,0.0,0.0,0.6684986091534671,-0.0554001331329345,-0.1298196613788604,0,0,loudspeaker
shapenet71,display,0.0,0.0,0.3389971415314285,-0.0231720209121704,0.1618518531322479,0,1,airplane
shapenet72,display,0.0,0.0,0.3423285273314916,0.052047848701477,0.1164968013763427,1,1,airplane
shapenet73,display,0.0,0.0,0.3326700670780797,-0.071176528930664,-0.0672264099121093,0,0,watercraft
shapenet74,display,0.0,0.0,0.5154152329144823,0.0316129922866821,-0.0312279760837554,1,0,chair
shapenet75,display,0.0,0.0,0.37005920982636104,-0.0325915813446044,-0.0595597624778747,0,0,airplane
shapenet80,display,-1.8483924814931871,5.666666666666667,0.4094227454005909,0.0388115048408508,0.0355584025382995,1,0,telephone
shapenet82,display,-1.759371553076839,8.666666666666666,0.23386268898322424,0.05366051197052,-0.0057975053787231,1,0,bench
shapenet83,display,0.0,0.0,0.5988043427984271,0.0505289435386657,-0.0697695016860961,0,0,cabinet
shapenet86,display,-1.759371553076839,8.666666666666666,0.20760142097533993,0.257311463356018,-0.010015457868576,1,0,bench
shapenet87,display,0.0,0.0,0.3373620458486699,0.0364255309104919,0.0677871406078338,1,1,airplane
shapenet90,display,-1.7234946650127174,5.333333333333333,0.19567765805959417,0.1446428000926971,0.1438702940940857,1,1,bench
shapenet91,display,0.0,0.0,0.6439356157799853,-0.0924504399299621,-0.1352855563163757,0,0,loudspeaker
shapenet97,display,0.0,0.0,1.0100775921229257,-0.0322273075580596,-0.0528821349143981,0,0,car
shapenet101,display,0.0,0.0,0.3174866708171778,0.0958037376403808,0.1374700367450714,1,1,bench
shapenet102,display,0.0,0.0,0.42498020398959335,0.0679995119571685,0.1193779408931732,1,1,bench
shapenet103,display,0.0,0.0,0.43914289412490753,0.0325711071491241,0.027547538280487,1,1,airplane
shapenet104,display,0.0,0.0,0.3304255821974658,0.0659896731376648,0.0419152379035949,1,1,airplane
shapenet107,display,0.0,0.0,1.004460780041532,-0.0938601493835449,-0.0259132087230682,0,0,car
shapenet110,display,0.0,0.0,0.36999826438861616,0.0906980037689209,0.0757603645324707,1,1,watercraft
shapenet112,display,0.0,0.0,0.5313983478204102,0.0881860256195068,0.0573135018348693,1,1,cabinet
shapenet115,display,-1.4255553730053518,3.6666666666666665,0.20644027763101838,0.3509085774421692,0.0159212350845336,1,0,display
shapenet116,display,0.0,0.0,0.8682037515214415,-0.0617342591285705,0.0146422386169433,0,0,car
shapenet118,display,0.0,0.0,0.7269696768899562,0.0077148377895355,0.0405457317829132,0,0,chair
shapenet119,display,0.0,0.0,0.8715138173328693,0.0670827627182006,-0.06917405128479,1,0,chair
shapenet120,display,-1.6566044331920002,7.333333333333333,0.20511497979850757,-0.0459596514701843,0.0732601284980773,0,1,bench
shapenet123,display,-1.7215953246411713,4.666666666666667,0.33010083159819786,-0.0308404564857482,0.0454006791114807,0,1,telephone
shapenet124,display,0.0,0.0,1.027962351061721,-0.0582985281944274,-0.0428165197372436,0,0,car
shapenet125,display,0.0,0.0,0.7384085721221268,0.1048802137374877,0.0512470602989196,1,0,sofa
shapenet126,display,-1.598596848532247,6.666666666666667,0.19110008436263307,0.0631977319717407,-0.0086700320243835,1,0,chair
shapenet128,display,0.0,0.0,0.3908016133269144,0.130964308977127,0.0334146916866302,1,1,lamp
shapenet129,display,-2.4031134188676364,10.333333333333334,0.1745842836231822,0.0216332077980041,-0.0149354636669158,1,0,watercraft
shapenet133,display,0.0,0.0,0.3095374658552778,0.0951107144355773,-0.0082961320877075,1,0,lamp
shapenet134,display,0.0,0.0,0.7089026733892762,0.1211870312690734,0.0987787246704101,1,1,loudspeaker
shapenet136,display,0.0,0.0,0.7143603888455757,0.0693044662475586,-0.004727303981781,1,0,watercraft
shapenet142,display,-1.4648163848908131,5.333333333333333,0.20599322160096709,0.1922736167907714,0.2693129777908325,1,1,bench
shapenet144,display,0.0,0.0,0.4303390013343685,0.1058838367462158,0.0823929905891418,1,1,cabinet
shapenet148,display,0.0,0.0,0.6791954401639875,0.1510007977485656,0.0157907009124755,1,0,watercraft
shapenet151,display,0.0,0.0,0.48382046094258807,0.1607577577233314,0.0378164649009704,1,1,loudspeaker
shapenet152,display,0.0,0.0,0.7943563233469287,0.2105931341648101,0.0681538879871368,1,1,watercraft
shapenet153,display,0.0,0.0,0.5409349885810687,-0.0441577434539794,-0.0997340083122253,0,0,cabinet
shapenet154,display,0.0,0.0,0.9313537154337475,0.1702723205089569,0.0678203701972961,1,1,car
shapenet156,display,0.0,0.0,0.41041614608333804,0.0764053463935852,0.1605275571346283,1,1,airplane
shapenet157,display,-0.23104906018664842,0.3333333333333333,0.5803364989365803,0.144776165485382,0.1102774143218994,1,1,loudspeaker
shapenet160,display,0.0,0.0,0.7812584673059858,0.0663172602653503,-0.0514995455741882,1,0,table
shapenet161,display,-1.535056728662697,3.6666666666666665,0.4775675333920923,-0.0200628042221069,-0.0349398851394653,0,0,telephone
shapenet162,display,0.0,0.0,0.5494313537667406,-0.1940336227416992,-0.1361637115478515,0,0,loudspeaker
shapenet163,display,0.0,0.0,0.31865709335708053,0.1236501932144165,0.1576379537582397,1,1,airplane
shapenet164,display,0.0,0.0,0.35423279538853797,-0.0209285020828247,0.0535483360290527,0,1,airplane
shapenet165,display,0.0,0.0,1.030640237977954,-0.126961201429367,-0.0400231480598449,0,0,car
shapenet167,display,-0.7324081924454066,2.6666666666666665,0.27825154506423944,0.0022289156913757,0.0117198228836059,0,0,bench
shapenet169,display,-1.656604433192,4.333333333333333,0.3528525545668253,0.1047334671020507,0.2161377370357513,1,1,telephone
shapenet171,display,0.0,0.0,0.9293118477137403,0.1212849020957946,0.0421214997768402,1,0,car
shapenet172,display,0.0,0.0,0.38808719747310344,0.000731348991394,-0.0906313061714172,0,0,airplane
shapenet176,display,0.0,0.0,0.5513085370620794,0.085085928440094,0.0840274095535278,1,1,table
shapenet178,display,0.0,0.0,0.6782174705507912,-0.0274645090103149,0.0885592997074127,0,1,watercraft
shapenet179,display,0.0,0.0,0.6208305321552955,-0.0983525514602661,-0.0824221968650817,0,0,cabinet
shapenet184,display,0.0,0.0,0.5075824399759945,-0.0230054855346679,0.0380235612392425,0,1,chair
shapenet185,display,0.0,0.0,0.6539574368298025,0.1871787905693054,0.0763335227966308,1,1,sofa
shapenet186,display,0.0,0.0,0.7509380271139335,0.1684344112873077,0.2805329263210296,1,1,chair
shapenet191,display,0.0,0.0,0.510861624228688,0.0757989883422851,-0.0038683712482452,1,0,watercraft
shapenet192,display,0.0,0.0,0.7581832380823741,0.0659511387348175,0.0491095781326293,1,1,table
shapenet193,display,0.0,0.0,0.5916101182483313,0.2939978539943695,0.1030685901641845,1,1,telephone
shapenet194,display,0.0,0.0,0.4305546829311209,0.2067486047744751,0.1713669300079345,1,1,cabinet
shapenet196,display,0.0,0.0,0.9201559048973937,-0.0291223526000976,0.0309870839118957,0,1,car
shapenet197,display,0.0,0.0,0.3475029105439746,-0.0840475559234619,-0.1303233504295349,0,0,bench
shapenet199,display,0.0,0.0,0.33441121785254,0.068379521369934,0.1953926086425781,1,1,airplane
shapenet200,display,0.0,0.0,0.5613977068195245,0.0285903662443161,0.0549777746200561,0,1,lamp
shapenet203,display,0.0,0.0,0.5493512105349417,0.1446198225021362,-0.0391791462898254,1,0,watercraft
shapenet204,display,0.0,0.0,0.6900339401876195,0.0217814445495605,0.0291329026222229,0,0,chair
shapenet210,display,0.0,0.0,0.24398536391395345,0.1969470977783203,0.0641681551933288,1,1,display
shapenet211,display,0.0,0.0,1.021380447160625,-0.0435184240341186,-0.0561562776565551,0,0,car
shapenet213,display,-0.46209812037329684,1.0,0.47065935519959234,0.1954216361045837,0.0155926942825317,1,0,telephone
shapenet214,display,0.0,0.0,0.7851108253481159,0.1730897426605224,0.1882888078689575,1,1,car
shapenet215,display,0.0,0.0,0.6091030037236324,0.1538463532924652,0.1219865679740905,1,1,table
shapenet216,display,-0.46209812037329684,0.6666666666666666,0.2643514542541782,0.1478630900382995,0.1671299040317535,1,1,airplane
shapenet220,display,0.0,0.0,0.7150959577957664,0.1193242669105529,0.0872367024421691,1,1,watercraft
shapenet226,display,0.0,0.0,0.7323204121545929,0.0331852436065673,-0.0244661569595336,1,0,sofa
shapenet227,display,-2.7228288057088936,14.333333333333334,0.15396043665880052,0.1605562567710876,0.0559582710266113,1,1,lamp
shapenet228,display,-1.0729586082894003,2.6666666666666665,0.35164395582970315,0.1451725363731384,0.1204927265644073,1,1,telephone
shapenet230,display,0.0,0.0,0.4650548121705085,0.1911486387252807,0.0564455986022949,1,1,lamp
shapenet231,display,0.0,0.0,0.3804378531329394,0.1193574070930481,0.1392593383789062,1,1,cabinet
shapenet232,display,0.0,0.0,0.7266825213012466,0.3711553364992142,0.1533192992210388,1,1,chair
shapenet233,display,0.0,0.0,0.8137910094515676,-0.0060924887657165,-0.0712139904499054,0,0,table
shapenet236,display,0.0,0.0,0.8034067262429021,-0.0036044120788574,-0.0117807388305664,0,0,cabinet
shapenet237,display,0.0,0.0,0.48352722230264295,0.0432997941970825,0.0825773775577545,1,1,watercraft
shapenet239,display,0.0,0.0,0.39965605850411384,-0.0184164643287658,-0.0520530045032501,0,0,watercraft
shapenet240,display,-1.535056728662697,3.6666666666666665,0.4143599434254466,0.285350501537323,0.1644455790519714,1,1,telephone
shapenet241,display,-0.46209812037329684,0.6666666666666666,0.3773167150450594,0.1001745164394378,0.0736196935176849,1,1,table
shapenet242,display,0.0,0.0,0.822912178103584,-0.0613751113414764,0.0006163716316223,0,0,sofa
shapenet243,display,-0.7675283643313486,3.0,0.6211046050017034,0.1431914567947387,0.1334666609764099,1,1,bench
shapenet244,display,0.0,0.0,0.4371698964578827,-0.0001301169395446,0.0553928613662719,0,0,airplane
shapenet248,display,-0.6931471805599453,2.3333333333333335,0.2818188180759012,0.1220592260360717,0.0842035412788391,1,1,lamp
shapenet249,display,0.0,0.0,0.506528945141751,0.0384386777877807,0.129124641418457,1,1,cabinet
shapenet250,display,0.0,0.0,0.9977040949979642,0.0053135752677917,-0.0267992317676544,0,0,car
shapenet252,display,0.0,0.0,0.5855273686170447,0.0318682789802551,-0.081162542104721,0,0,cabinet
shapenet255,display,0.0,0.0,0.6492195800665997,0.0276498794555664,-0.0135300457477569,1,0,watercraft
shapenet257,display,-0.3662040962227033,0.6666666666666666,0.30554021211867616,0.2514030337333679,0.2824626266956329,1,1,airplane
shapenet260,display,0.0,0.0,0.7475546608654763,-0.012330412864685,0.0861705243587493,0,1,chair
shapenet262,display,0.0,0.0,0.8429198498742673,0.0952076017856597,-0.1050143241882324,1,0,chair
shapenet264,display,0.0,0.0,0.39168695257661423,-0.0052056908607482,0.0217524766921997,0,1,airplane
shapenet265,display,0.0,0.0,0.573122445917413,-0.0017556548118591,0.004560649394989,0,0,cabinet
shapenet266,display,0.0,0.0,0.5036334955612172,0.0593811273574829,0.0601649284362793,1,1,loudspeaker
shapenet268,display,0.0,0.0,0.7725029522078944,-0.0380906462669372,-0.0165807902812957,0,0,chair
shapenet269,display,-3.989060245749275,53.333333333333336,0.06898127321019965,0.0943721532821655,0.0839261412620544,1,1,display
shapenet271,display,0.0,0.0,0.6582847439276035,0.0059521794319152,0.0667964816093444,0,1,chair
shapenet275,display,0.0,0.0,0.38383966135997033,0.1021170318126678,0.0330288410186767,1,1,airplane
shapenet276,display,-1.4255553730053518,3.6666666666666665,0.20295788455440053,0.3460827171802521,0.0480973720550537,1,1,display
shapenet278,display,0.0,0.0,0.5712725043830371,0.0328223705291748,0.0654579997062683,1,1,watercraft
shapenet280,display,-0.5364793041447001,1.3333333333333333,0.23908641961668942,0.0434009432792663,-0.0603362917900085,0,0,bench
shapenet281,display,0.0,0.0,0.3948154227605518,-0.0108643174171447,0.0092536807060241,0,1,airplane
shapenet282,display,0.0,0.0,0.833649335296875,-0.0911621451377868,0.0400300920009613,0,1,sofa
shapenet284,display,0.0,0.0,0.742997009518315,-0.0031687021255493,-0.0648369789123535,0,0,sofa
shapenet285,display,0.0,0.0,0.5452171638885902,-0.0453129112720489,-0.0547962188720703,0,0,loudspeaker
shapenet288,display,-1.0729586082894003,2.6666666666666665,0.21085337711644617,0.1338991522789001,0.0883724689483642,1,1,cabinet
shapenet289,display,0.0,0.0,0.845301934092585,0.0861913561820983,0.0571181774139404,1,1,chair
shapenet293,display,0.0,0.0,0.45713285985459134,0.0335333347320556,0.0921261012554168,0,1,airplane
shapenet294,display,0.0,0.0,0.45119850867808714,0.0054871141910552,-0.0136311948299407,0,0,watercraft
shapenet295,display,0.0,0.0,0.34110348131587553,0.0848654508590698,0.1999466717243194,1,1,airplane
shapenet299,display,-1.9227736652645906,6.0,0.2066213589802011,0.1492044329643249,-0.0583379864692688,1,0,display
shapenet300,display,-1.6094379124341003,4.0,0.48151040662294103,0.0303085446357727,0.023289144039154,1,1,telephone
shapenet302,display,0.0,0.0,1.011973626838971,-0.0406215190887451,-0.0698298215866088,0,0,car
shapenet303,display,-3.183340579846115,36.0,0.1141384701605188,0.2742523998022079,0.1836393475532531,1,1,display
shapenet304,display,0.0,0.0,0.6062225684701478,0.2146198153495788,0.2207830548286438,1,1,chair
shapenet305,display,0.0,0.0,0.5219801650840923,8.684396743774414e-05,0.0379602313041687,0,1,cabinet
shapenet306,display,0.0,0.0,0.6644515307410315,0.0201144814491271,0.1116411089897155,1,1,watercraft
shapenet307,display,0.0,0.0,0.25200324098707855,0.0244060754776,0.0181712508201599,1,1,chair
shapenet308,display,0.0,0.0,0.3558031504979063,0.0041061639785766,-0.0062736272811889,0,0,airplane
shapenet310,display,-0.8796857765384195,4.333333333333333,0.2501640113913735,-0.0361328125,0.0479352474212646,0,1,bench
shapenet311,display,0.0,0.0,0.7405886578537774,0.1291429996490478,-0.0052577853202819,1,0,sofa
shapenet321,display,0.0,0.0,0.4519356493496795,-0.0567802786827087,-0.058578073978424,0,0,sofa
shapenet323,display,0.0,0.0,0.3323054623083221,-0.0527735948562622,-0.0370676517486572,0,0,airplane
shapenet328,display,0.0,0.0,0.39698786635442634,0.1447665691375732,0.1250616312026977,1,1,table
shapenet330,display,0.0,0.0,0.26828230295746297,0.1063859462738037,0.2286310195922851,1,1,airplane
shapenet332,display,0.0,0.0,0.2941585174578561,0.089265763759613,0.1926169395446777,1,1,airplane
shapenet333,display,-0.6486367163517711,2.0,0.5951177205981285,0.0261186063289642,-0.0475676953792572,1,0,telephone
shapenet335,display,0.0,0.0,0.4527558413997596,-0.0164461135864257,-0.0511876344680786,0,0,lamp
shapenet337,display,0.0,0.0,0.7913991981350706,-0.0100029110908508,-0.0857526063919067,0,0,cabinet
shapenet345,display,-0.9241962407465937,2.0,0.2259149642071885,0.1230933368206024,0.1732369661331176,1,1,airplane
shapenet346,display,-1.0593512767826485,2.3333333333333335,0.4765366681881888,0.0287421941757202,-0.0730123519897461,1,0,telephone
shapenet347,display,0.0,0.0,0.5160028196513788,0.0248931050300598,-0.0074700713157653,0,0,watercraft
shapenet348,display,0.0,0.0,0.35451572754676147,0.1579357385635376,0.0185957551002502,1,0,bench
shapenet350,display,0.0,0.0,0.6845028944487694,0.1303638815879821,0.1310572922229766,1,1,table
shapenet351,display,-1.6094379124341003,4.0,0.42514138891398595,0.2028951048851013,0.0160931348800659,1,0,telephone
shapenet352,display,0.0,0.0,0.7081294363259601,0.028193324804306,0.0467656552791595,1,1,watercraft
shapenet355,display,0.0,0.0,0.4612414815689207,-0.0125914812088012,-0.0178040266036987,0,0,cabinet
shapenet356,display,0.0,0.0,0.5082422802042594,0.1389331817626953,0.10286545753479,1,1,watercraft
shapenet358,display,0.0,0.0,0.4499359554621896,0.0263149738311767,0.057732880115509,1,1,watercraft
shapenet359,display,0.0,0.0,0.34495495994464376,0.0453967452049255,-0.0478738546371459,1,0,chair
shapenet361,display,-0.46209812037329684,1.0,0.5874634671285712,0.4356017187237739,0.2869221270084381,1,1,lamp
shapenet363,display,0.0,0.0,0.7141831283976855,0.0043999552726745,-0.063596487045288,0,0,car
shapenet366,display,0.0,0.0,0.7435985751051423,0.0833698511123657,0.0049522519111633,1,0,table
shapenet368,display,0.0,0.0,0.5033607097380234,0.0988889932632446,0.0200671553611755,1,1,sofa
shapenet370,display,-2.096571856969666,7.333333333333333,0.19687897996483616,0.200211614370346,-0.0029332041740417,1,0,display
shapenet372,display,0.0,0.0,0.6035047657716471,-0.0712687969207763,-0.0663862526416778,0,0,chair
shapenet374,display,-0.9814796597221468,6.0,0.3082363913867535,0.0551762580871582,0.016306459903717,1,1,lamp
shapenet375,display,0.0,0.0,0.9626420533406543,0.0119038224220275,-0.0518829822540283,0,0,car
shapenet376,display,0.0,0.0,0.5566739616754917,0.1132732629776001,0.0510373711585998,1,1,loudspeaker
shapenet377,display,0.0,0.0,0.9821458849855224,0.0268203616142272,-0.0024123787879943,0,0,car
shapenet378,display,0.0,0.0,0.3372808320710042,0.0105941295623779,-0.0633582472801208,0,0,airplane
shapenet379,display,0.0,0.0,0.7754027676626293,0.0988662242889404,0.1614041328430175,1,1,chair
shapenet380,display,-1.8483924814931874,5.666666666666667,0.4075395062240517,0.0056621432304382,-0.0214902162551879,0,0,telephone
shapenet385,display,-1.2972734327035422,4.0,0.26603257384586027,0.0039393305778503,-0.0113636851310729,0,0,watercraft
shapenet387,display,0.0,0.0,0.4926779068296166,-0.0323836207389831,-0.0022946596145629,0,0,table
shapenet388,display,-0.7992984242661235,3.3333333333333335,0.6334172330047606,-0.0836885571479797,0.0488553047180175,0,1,chair
shapenet389,display,0.0,0.0,0.46813341848374473,0.0978330373764038,-0.0395524501800537,1,0,cabinet
shapenet392,display,-2.9453125964399454,18.666666666666668,0.1347142979623011,0.2143661379814148,0.0144106745719909,1,0,display
shapenet393,display,0.0,0.0,0.39102948694268164,0.0571269392967224,0.1932362914085388,1,1,airplane
shapenet397,display,0.0,0.0,0.695141345847837,0.0470547080039978,0.0664495825767517,0,1,cabinet
shapenet400,display,-2.634162479054285,34.0,0.14510541843967195,0.1114639043807983,-0.0543197393417358,1,0,display
shapenet405,display,0.0,0.0,0.9865625768492451,0.0027475357055664,0.0076000094413757,0,0,car
shapenet410,display,0.0,0.0,0.3523957415292576,0.0999582707881927,0.166029155254364,1,1,bench
shapenet411,display,0.0,0.0,0.4821219219039303,0.2121435403823852,0.1382727622985839,1,1,loudspeaker
shapenet412,display,0.0,0.0,0.9496471237457215,-0.0626665353775024,-0.0202662348747253,0,0,car
shapenet413,display,0.0,0.0,0.7429045474274348,0.1560652554035186,0.0078625082969665,1,0,table
shapenet415,display,0.0,0.0,0.602200217766992,0.0547603368759155,0.0046307742595672,1,0,watercraft
shapenet418,display,0.0,0.0,0.3629832746941455,0.0173223614692688,0.034698486328125,0,1,lamp
shapenet420,display,-0.46209812037329684,0.6666666666666666,0.4856922439759967,0.0174850225448608,0.0226578712463378,1,0,telephone
shapenet422,display,0.0,0.0,0.3230744735073612,-0.0337371826171875,-0.0705592036247253,0,0,watercraft
shapenet423,display,0.0,0.0,0.6812200072127942,-0.000969111919403,-0.0054593682289123,0,0,sofa
shapenet424,display,0.0,0.0,0.8143079558207832,-0.0193566083908081,-0.0777380466461181,0,0,table
shapenet429,display,0.0,0.0,0.38787794705684814,-0.0291379988193511,-0.0763487219810485,0,0,watercraft
shapenet431,display,0.0,0.0,0.7931115780851771,0.0521784424781799,0.0547612309455871,1,1,lamp
shapenet432,display,0.0,0.0,0.935840385274212,0.0099717080593109,-0.0016281604766845,1,0,car
shapenet439,display,0.0,0.0,0.72709313752026,0.0531816482543945,0.0456329882144928,0,0,lamp
shapenet440,display,0.0,0.0,0.7584420902616832,-0.1008157134056091,-0.0856775939464569,0,0,sofa
shapenet443,display,0.0,0.0,0.648161620859237,-0.0560380518436431,-0.108356237411499,0,0,table
shapenet444,display,-0.9241962407465937,2.0,0.5440993296083757,0.0715808868408203,0.011464774608612,1,1,telephone
shapenet447,display,-0.9241962407465937,2.0,0.4282031902369499,0.2273584902286529,0.0506009757518768,1,1,telephone
shapenet449,display,0.0,0.0,0.30771242930340087,0.0644443035125732,0.0711019039154052,1,1,airplane
shapenet450,display,0.0,0.0,0.977833383757191,0.0472147464752197,-0.0106181800365448,1,0,car
shapenet453,display,0.0,0.0,0.4227842366783057,0.1300386190414428,0.0975065231323242,1,1,chair
shapenet455,display,-0.7992984242661235,3.3333333333333335,0.36193417004192296,0.0930895209312439,0.0083281397819519,1,0,watercraft
shapenet458,display,0.0,0.0,0.9172357561665881,0.0585159063339233,-0.0115940570831298,1,0,car
shapenet459,display,0.0,0.0,0.35397677406099337,0.0626274943351745,-0.0250212550163269,1,0,airplane
shapenet461,display,0.0,0.0,0.8549479580525037,0.003374695777893,-0.0155627131462097,0,0,car
shapenet462,display,0.0,0.0,0.7122090148768447,0.0062376856803894,-0.0238116383552551,1,0,sofa
shapenet464,display,0.0,0.0,0.7196945634966955,0.1285805702209472,-0.0743521451950073,1,0,sofa
shapenet469,display,-0.46209812037329684,0.6666666666666666,0.46751751693554366,0.1090165376663208,0.1921848654747009,1,1,loudspeaker
shapenet471,display,0.0,0.0,0.33789581802781243,0.0068727135658264,0.1122706532478332,0,1,airplane
shapenet473,display,0.0,0.0,0.3421482498642061,0.0517389774322509,0.1922177374362945,1,1,airplane
shapenet474,display,-1.8310204811135165,6.0,0.263509434549467,0.1137935519218444,0.0495787262916564,1,1,display
shapenet476,display,0.0,0.0,0.312187678927946,0.0511283278465271,0.1686484813690185,1,1,airplane
shapenet477,display,0.0,0.0,0.9578535067452886,-0.0374351739883422,-0.0482565760612487,0,0,car
shapenet478,display,0.0,0.0,0.6856765127441525,0.0516721308231353,0.3121099919080734,1,1,chair
shapenet480,display,-1.8483924814931874,10.0,0.31566282192035544,0.0452672839164733,0.0553798675537109,1,1,watercraft
shapenet482,display,0.0,0.0,0.8278411714796056,0.1617007851600647,0.1997835636138916,1,1,chair
shapenet484,display,0.0,0.0,0.3109688240367241,-0.0406537055969238,-0.072366178035736,0,0,airplane
shapenet486,display,-0.46209812037329684,1.0,0.5818612757397853,0.0992241501808166,-0.050944983959198,1,0,telephone
shapenet488,display,0.0,0.0,0.9931747987520229,-0.0798582434654235,-0.014797031879425,0,0,car
shapenet490,display,0.0,0.0,0.652782600427233,0.1266575455665588,0.104284644126892,1,1,cabinet
shapenet496,display,0.0,0.0,0.7100509727504902,0.0561990737915039,0.1670287251472473,1,1,watercraft
shapenet497,display,0.0,0.0,0.47287455852236066,-0.0877820253372192,0.0125258564949035,0,0,cabinet
shapenet498,display,0.0,0.0,0.5746314311999483,-0.0207559466361999,-0.0323807895183563,0,0,loudspeaker
shapenet501,display,0.0,0.0,0.3243940808825947,0.0619230270385742,0.1510275602340698,1,1,airplane
shapenet504,display,0.0,0.0,0.33528221768820116,-0.0603429675102233,-0.0956886410713195,0,0,airplane
shapenet505,display,-1.6566044331920002,6.333333333333333,0.1858339197653592,0.121378481388092,0.0774000287055969,1,1,display
shapenet506,display,0.0,0.0,0.6733873433831885,-0.076073557138443,-0.0969523787498474,0,0,sofa
shapenet507,display,0.0,0.0,0.36548488665444817,0.0698475837707519,0.1492902636528015,1,1,airplane
shapenet509,display,0.0,0.0,0.6865274595404238,0.1416857242584228,0.0075249671936035,1,1,sofa
shapenet510,display,-0.8283022165960001,1.3333333333333333,0.3303360500836592,-0.0245451927185058,-0.0047419965267181,0,0,telephone
shapenet513,display,-0.9444044480187387,5.333333333333333,0.36725606592157617,-0.0021338462829589,-0.0260153412818908,0,0,telephone
shapenet514,display,0.0,0.0,0.6486445378352473,0.0022414326667785,0.0532336235046386,0,1,sofa
shapenet515,display,0.0,0.0,0.7167484821977919,0.1150039136409759,0.0899977684020996,1,1,bench
shapenet516,display,0.0,0.0,0.589645963786965,0.2693668305873871,0.0855721831321716,1,1,display
shapenet518,display,0.0,0.0,0.8900142572096378,0.0503950715065002,0.0327661037445068,1,0,chair
shapenet520,display,0.0,0.0,0.3996221234231436,0.1278257668018341,0.15169358253479,1,1,airplane
shapenet521,display,0.0,0.0,0.373917191016494,0.1514458656311035,0.0781649351119995,1,1,display
shapenet523,display,0.0,0.0,0.34307282639357667,0.2436153888702392,0.3041170239448547,1,1,airplane
shapenet526,display,0.0,0.0,0.817667926162911,0.1372190713882446,0.0717094540596008,1,1,cabinet
shapenet527,display,0.0,0.0,0.8743397463640387,0.0083842873573303,-0.0119919180870056,0,0,sofa
shapenet529,display,0.0,0.0,0.5602369874086374,0.0385670065879821,-0.033578336238861,1,0,chair
shapenet534,display,-2.3052411495437712,9.333333333333334,0.17330598045447965,0.1847072541713714,0.1178936064243316,1,1,bench
shapenet535,display,0.0,0.0,0.6295760523333125,-0.0676935315132141,-0.03757244348526,0,0,chair
shapenet537,display,0.0,0.0,0.7033957553309403,0.0674773454666137,0.0189718008041381,1,0,watercraft
shapenet541,display,0.0,0.0,0.3930489109295962,0.0813542604446411,0.033824622631073,1,1,cabinet
shapenet544,display,0.0,0.0,0.6140948068115367,-0.0567180514335632,-0.057002305984497,0,0,cabinet
shapenet546,display,0.0,0.0,0.25708764168210385,0.044725090265274,0.1676487922668457,0,1,watercraft
shapenet547,display,0.0,0.0,0.6770912677570706,0.2752196788787842,0.1354497075080871,1,1,loudspeaker
shapenet548,display,0.0,0.0,0.9844083202790128,-0.065871775150299,-0.0573607087135314,0,0,car
shapenet550,display,-1.3040076684760484,3.0,0.45886898117905844,0.0125772953033447,-0.0747300386428833,1,0,telephone
shapenet554,display,0.0,0.0,0.3489371822243798,0.0250750184059143,0.0332262516021728,1,1,airplane
shapenet555,display,-0.7324081924454066,1.3333333333333333,0.32003079699348863,-0.0180643200874328,-0.0763022303581237,0,0,watercraft
shapenet567,display,0.0,0.0,0.6689869304660835,0.0295087695121765,0.0099655091762542,1,0,loudspeaker
shapenet569,display,0.0,0.0,0.40332757678305314,0.0560373663902282,0.0158235728740692,1,0,cabinet
shapenet572,display,0.0,0.0,0.4939501544018791,0.1072881817817688,0.0966692566871643,1,1,telephone
shapenet574,display,0.0,0.0,0.3201462672302427,0.1809983849525451,0.2388920187950134,1,1,airplane
shapenet577,display,0.0,0.0,0.7801399050069144,0.0873295664787292,0.0461806654930114,1,1,car
shapenet580,display,0.0,0.0,0.7369134723159071,0.1042465567588806,0.088329941034317,1,1,chair
shapenet584,display,0.0,0.0,0.2468079955823653,0.0879420042037963,-0.007205307483673,1,0,bench
shapenet586,display,0.0,0.0,0.24113843173679975,0.1638678312301635,0.0507627129554748,1,0,bench
shapenet590,display,-0.7992984242661235,3.3333333333333335,0.32996372798075263,0.1247402429580688,0.0060118436813354,1,0,watercraft
shapenet591,display,0.0,0.0,0.40785860370122423,0.1119395494461059,0.1472237706184387,1,1,bench
shapenet592,display,0.0,0.0,0.7758142493509412,0.097596138715744,0.1592596769332885,1,1,chair
shapenet593,display,-1.1945063128187032,2.3333333333333335,0.3044958255483147,0.0303684473037719,-0.048413872718811,1,0,display
shapenet597,display,0.0,0.0,0.3518013274924616,-0.0465458035469055,0.0208253264427185,0,1,airplane
shapenet598,display,0.0,0.0,0.33273100987814513,0.1351764798164367,0.2814482450485229,1,1,airplane
shapenet599,display,-0.3662040962227033,0.6666666666666666,0.40675891056734886,0.0692713558673858,-0.0695875585079193,1,0,cabinet
shapenet600,display,0.0,0.0,0.40235676691920474,0.0418733358383178,0.0845870375633239,0,1,airplane
shapenet604,display,0.0,0.0,0.5503124472652048,-0.0396410226821899,-0.1056732237339019,0,0,cabinet
shapenet605,display,0.0,0.0,0.3171725681106235,-0.0295388102531433,0.0147233009338378,0,0,watercraft
shapenet608,display,0.0,0.0,0.7568109952212493,0.0806821584701538,0.1172830462455749,1,1,chair
shapenet609,display,0.0,0.0,0.3554818537509746,-0.0137795805931091,0.078905165195465,0,1,airplane
shapenet612,display,0.0,0.0,0.35742550183358207,-0.0222688317298889,-0.0725151896476745,0,0,airplane
shapenet616,display,0.0,0.0,0.8737166239814197,0.1258280277252197,0.1444228291511535,1,1,chair
shapenet617,display,0.0,0.0,0.922476870965991,-0.0754592418670654,-0.0648699104785919,0,0,car
shapenet619,display,0.0,0.0,0.7605656937466065,0.026836484670639,-0.0912733674049377,0,0,sofa
shapenet620,display,0.0,0.0,0.6827037747787988,-0.0364896357059478,0.0618963241577148,0,1,loudspeaker
shapenet622,display,-2.241277480273736,8.666666666666666,0.18903699995905754,0.1376336812973022,0.0811740756034851,1,1,watercraft
shapenet623,display,0.0,0.0,0.9945073258261861,0.1281367838382721,0.0002508759498596,1,0,car
shapenet628,display,0.0,0.0,0.7337980172949491,0.0157966017723083,-0.0581055283546447,0,0,sofa
shapenet629,display,0.0,0.0,0.4765544169201302,0.0931134819984436,0.0631337463855743,1,1,watercraft
shapenet633,display,-0.8796857765384195,4.333333333333333,0.25443268960807425,0.1136636435985565,0.0887197256088256,1,1,bench
shapenet635,display,-0.7324081924454066,2.6666666666666665,0.23231631329514627,0.0690849721431732,0.0168339610099792,1,1,bench
shapenet636,display,-1.1945063128187032,2.3333333333333335,0.4943341361904891,0.1343469023704528,-0.0204922556877136,1,0,telephone
shapenet638,display,0.0,0.0,0.7151849808167903,0.025650680065155,0.1029821634292602,1,1,cabinet
shapenet639,display,0.0,0.0,0.34593709278727175,0.0216088593006134,-0.0371086299419403,1,0,lamp
shapenet640,display,-0.46209812037329684,0.6666666666666666,0.2288346495706317,0.1471223086118698,-0.0215262174606323,1,0,bench
shapenet644,display,-0.23104906018664842,0.3333333333333333,0.284159070146435,0.1821555197238922,-0.0184158086776733,1,0,display
shapenet646,display,0.0,0.0,0.7313284217878836,-0.0518344640731811,0.0501002669334411,0,1,loudspeaker
shapenet652,display,0.0,0.0,0.3375493843386907,0.0305666923522949,0.099647432565689,1,1,airplane
shapenet653,display,0.0,0.0,0.6311331131806952,-0.0953127145767211,-0.043292611837387,0,0,cabinet
shapenet656,display,0.0,0.0,0.5514100773965094,-0.1083660721778869,-0.0465108752250671,0,0,loudspeaker
shapenet658,display,0.0,0.0,0.3695890403907087,0.0571534633636474,0.1242203116416931,1,1,airplane
shapenet662,display,-1.8337527368482422,5.333333333333333,0.30995835998810445,-0.0522722005844116,-0.032472550868988,0,0,telephone
shapenet664,display,0.0,0.0,0.6264177376893786,0.1972909271717071,0.0404214262962341,1,1,loudspeaker
shapenet665,display,0.0,0.0,0.3072669433661343,0.2060717344284057,0.216950386762619,1,1,airplane
shapenet666,display,0.0,0.0,0.5869037683803441,0.2186905741691589,0.1202899813652038,1,1,chair
shapenet667,display,-0.8796857765384195,4.333333333333333,0.31383782816142297,0.0988959968090057,0.0059669613838195,1,0,bench
shapenet677,display,0.0,0.0,0.9550225118855226,0.0004607439041137,0.0916127860546112,0,1,car
shapenet678,display,0.0,0.0,0.37526513020478713,0.0693540573120117,0.0600859522819519,1,1,airplane
shapenet679,display,0.0,0.0,0.5757236743463473,0.2757803797721863,0.3116668462753296,1,1,loudspeaker
shapenet682,display,0.0,0.0,0.37151364611467175,0.0330553650856018,0.2401564717292785,1,1,airplane
shapenet683,display,0.0,0.0,0.5736547714730176,0.1463403701782226,0.0489208698272705,1,1,chair
shapenet686,display,0.0,0.0,0.4387111781095279,0.1078959703445434,0.0645036697387695,1,1,chair
shapenet687,display,0.0,0.0,0.5324407080541289,0.1485549211502075,0.0865823030471801,1,1,cabinet
shapenet690,display,-1.4391627045121034,3.3333333333333335,0.45308259395399736,0.2547760605812073,0.1138461828231811,1,1,telephone
shapenet691,display,-2.2889777614872937,9.333333333333334,0.17448334981607808,0.1015013456344604,0.1727542281150818,1,1,bench
shapenet692,display,-1.752498457342594,5.333333333333333,0.19134136206587263,0.359949566423893,0.0307862758636474,1,1,display
shapenet693,display,0.0,0.0,0.8085021043170214,-0.0476624369621276,-0.0502444505691528,0,0,table
shapenet697,display,0.0,0.0,0.6948160458073701,0.2009094804525375,0.0468218326568603,1,1,chair
shapenet699,display,0.0,0.0,1.0224378584191207,-0.0007945299148559,-0.005961000919342,0,0,car
shapenet702,display,-0.8283022165960001,3.6666666666666665,0.24305295435899388,0.0413638651371002,0.0059122145175933,0,0,bench
shapenet703,display,0.0,0.0,0.7071166303557327,-0.0220959186553955,-0.0705913007259368,0,0,loudspeaker
shapenet708,display,-2.060694968905544,7.666666666666667,0.18356281848125566,0.2565447241067886,0.0722074508666992,1,1,bench
shapenet711,display,0.0,0.0,0.543613911924712,-0.0081086158752441,-0.0022562742233276,0,0,watercraft
shapenet714,display,0.0,0.0,0.33234177327725467,0.2260100394487381,0.1666880846023559,1,1,bench
shapenet715,display,0.0,0.0,0.35304282452547736,0.1691850423812866,0.0485840439796447,1,1,lamp
shapenet718,display,-0.46209812037329684,1.0,0.6295430822949918,0.2690236270427704,0.1401979923248291,1,1,bench
shapenet719,display,-1.598596848532247,6.666666666666667,0.33640350462085866,0.0240662992000579,0.1261869072914123,0,1,display
shapenet722,display,0.0,0.0,0.7666741540023643,0.2378562539815902,0.2045737206935882,1,1,sofa
shapenet724,display,0.0,0.0,0.7606138087091764,3.4749507904052734e-05,0.0190478563308715,0,0,watercraft
shapenet725,display,-1.3862943611198906,4.666666666666667,0.30555137594887405,0.2351865768432617,-0.0641862154006958,1,0,loudspeaker
shapenet732,display,-0.7992984242661235,3.3333333333333335,0.2084811306190368,0.157151997089386,0.0310445427894592,1,1,chair
shapenet734,display,-1.617343421306539,4.333333333333333,0.42903666448749905,0.0163849592208862,0.1137009859085083,0,1,telephone
shapenet736,display,0.0,0.0,0.3363846251713624,0.091395080089569,0.1655927896499633,1,1,airplane
shapenet739,display,0.0,0.0,0.33894131330281346,0.0336301922798156,0.0379926562309265,0,1,airplane
shapenet740,display,0.0,0.0,0.6829282684047445,0.1758146286010742,0.1906964778900146,1,1,chair
shapenet743,display,0.0,0.0,0.6762157048185999,-0.0350248217582702,-0.0346428155899047,0,0,table
shapenet744,display,0.0,0.0,0.6005964914020651,-0.0299627184867858,-0.0661205649375915,0,0,loudspeaker
shapenet749,display,-0.46209812037329684,0.6666666666666666,0.3611414412364151,0.0119704604148864,-0.0004715323448181,0,0,display
shapenet751,display,-1.2613965446394204,14.333333333333334,0.1932279649325217,0.0132262706756591,-0.1240255236625671,1,0,display
shapenet757,display,-1.0986122886681098,2.0,0.5204769303749615,0.0746083855628967,0.0870080590248107,1,1,telephone
shapenet759,display,0.0,0.0,0.801877171705215,0.0673558115959167,-0.0092962980270385,1,0,chair
shapenet760,display,-1.4391627045121034,3.3333333333333335,0.46043064364302433,0.1277084350585937,-0.0483216941356658,1,0,telephone
shapenet761,display,0.0,0.0,0.7136337083838358,-0.0505922138690948,-0.0219002664089202,0,0,table
shapenet762,display,-0.5364793041447001,1.3333333333333333,0.2506977820681315,0.2062978446483612,0.1583147644996643,1,1,bench
shapenet766,display,0.0,0.0,0.49584422612525003,-0.0091637969017028,-0.0825366377830505,0,0,table
shapenet770,display,-1.0729586082894003,2.6666666666666665,0.26343134977933846,0.0692292153835296,-0.0033552646636962,1,0,airplane
shapenet771,display,0.0,0.0,0.32209861879879903,-0.0108024477958679,0.0032296180725097,0,0,airplane
shapenet772,display,-1.759371553076839,8.666666666666666,0.23449014166929014,0.0618007481098175,0.0124148428440094,1,0,bench
shapenet773,display,0.0,0.0,0.6600796975438298,0.1069936156272888,0.077958345413208,1,1,table
shapenet774,display,0.0,0.0,0.5302524747592058,-0.0491533279418945,0.0024951100349426,0,0,loudspeaker
shapenet775,display,0.0,0.0,0.6621471610676316,0.0096216201782226,-0.0427635908126831,0,0,loudspeaker
shapenet782,display,0.0,0.0,0.5206556937100525,0.0767955183982849,0.0130807161331176,1,1,chair
shapenet790,display,0.0,0.0,0.6736805437034196,0.1578346490859985,0.0784856081008911,1,1,loudspeaker
shapenet791,display,0.0,0.0,0.3212551000459804,0.0524358749389648,0.1256563067436218,1,1,airplane
shapenet796,display,-0.23104906018664842,0.3333333333333333,0.5925001923462706,0.0317441821098327,0.0584169626235961,1,1,loudspeaker
shapenet797,display,0.0,0.0,0.7826000329166204,-0.0027889013290405,0.0203036367893219,0,1,sofa
shapenet798,display,0.0,0.0,0.5811455250113177,0.1816883683204651,-0.0108460485935211,1,0,table
shapenet799,display,0.0,0.0,0.9854798199274214,0.0123264789581298,-0.0312206149101257,0,0,car
shapenet800,display,-0.7324081924454066,2.6666666666666665,0.26921913441146256,0.0508443117141723,0.0754708051681518,1,1,airplane
shapenet801,display,0.0,0.0,0.634061243423183,-0.0237318873405456,-0.0518797039985656,0,0,loudspeaker
shapenet804,display,0.0,0.0,0.47163828228311605,0.0993001759052276,0.0670865178108215,1,1,airplane
shapenet805,display,0.0,0.0,0.5176146292782301,0.0303713679313659,-0.0098984837532043,1,0,cabinet
shapenet808,display,0.0,0.0,0.28999275070736114,0.0294982194900512,0.0088022351264953,1,0,chair
shapenet811,display,0.0,0.0,0.5161845151851155,0.0508921146392822,-0.04999840259552,1,0,table
shapenet812,display,0.0,0.0,0.7385169362813567,0.1378463506698608,0.0168808698654174,1,0,cabinet
shapenet813,display,0.0,0.0,1.0121641885189594,-0.006378948688507,-0.0049038529396057,0,0,car
shapenet814,display,0.0,0.0,0.9390690244289553,-0.0930706560611724,-0.062924325466156,0,0,car
shapenet816,display,0.0,0.0,0.8330182877941703,0.1526318192481994,0.1665162444114685,1,1,table
shapenet817,display,0.0,0.0,0.43245212604708533,0.3070565462112427,0.1827784180641174,1,1,cabinet
shapenet818,display,0.0,0.0,0.9723783266231173,0.2186353802680969,0.1690474152565002,1,1,car
shapenet820,display,0.0,0.0,0.7849882624784134,0.1934995949268341,0.1661158204078674,1,1,chair
shapenet825,display,0.0,0.0,0.7032648337308728,-0.0393738448619842,-0.1114904880523681,0,0,table
shapenet826,display,0.0,0.0,0.7250886631446002,0.0153024196624755,0.0272364616394042,0,0,table
shapenet827,display,-1.4648163848908131,5.333333333333333,0.25467841784354456,0.0628714263439178,0.1392627954483032,1,1,airplane
shapenet831,display,0.0,0.0,0.39132150030093915,0.3629067540168762,0.1035825908184051,1,1,watercraft
shapenet832,display,-1.2613965446394204,4.0,0.20118788001368385,-0.018752098083496,-0.0819031596183776,0,0,bench
shapenet833,display,0.0,0.0,0.47415471745929105,-0.0460709035396575,-0.0269570052623748,0,0,watercraft
shapenet835,display,0.0,0.0,0.40920504926475326,0.0386631488800048,0.0099040269851684,1,0,airplane
shapenet837,display,0.0,0.0,0.43058378209839104,0.0220600068569183,-0.0380144119262695,1,0,cabinet
shapenet840,display,0.0,0.0,0.7313595607901959,0.0530570447444915,0.0693278312683105,0,1,chair
shapenet845,display,0.0,0.0,0.5938975811670515,0.1079027652740478,-0.0133445262908935,1,0,sofa
shapenet846,display,0.0,0.0,0.5677588235459775,0.3063109517097473,0.1027482151985168,1,1,chair
shapenet848,display,0.0,0.0,0.8643355581732838,0.0820217132568359,0.051901638507843,1,1,watercraft
shapenet851,display,0.0,0.0,0.3718371396852822,-0.0294336676597595,0.047741949558258,0,1,airplane
shapenet852,display,0.0,0.0,0.945203325939857,-0.1085353195667266,-0.1055793464183807,0,0,car
shapenet854,display,-1.1945063128187032,2.3333333333333335,0.5069912936942562,-0.004320204257965,0.0320241451263427,0,0,telephone
shapenet856,display,-0.46209812037329684,0.6666666666666666,0.20984429827388343,0.0352566540241241,-0.0495164990425109,1,0,bench
shapenet859,display,0.0,0.0,0.6300866434622692,-0.0085193514823913,-0.0222050547599792,0,0,table
shapenet860,display,-0.9241962407465937,2.0,0.2987033191466959,0.0483269095420837,0.0864661335945129,1,1,airplane
shapenet861,display,0.0,0.0,0.6559229232469396,0.0605239570140838,-0.0421598553657531,0,0,sofa
shapenet863,display,0.0,0.0,0.7177212799131497,-0.0604957044124603,-0.0136587023735046,0,0,sofa
shapenet867,display,0.0,0.0,0.754306934375796,0.2566196918487549,0.2905646562576294,1,1,chair
shapenet869,display,0.0,0.0,0.6300370305096268,0.2145984172821045,0.2050864100456237,1,1,sofa
shapenet871,display,-0.3662040962227033,0.6666666666666666,0.5321596782959389,0.1610694527626037,0.0098748505115509,1,0,telephone
shapenet873,display,0.0,0.0,0.5555759500553022,0.1325754523277282,0.1605020761489868,1,1,cabinet
shapenet877,display,0.0,0.0,0.38074389190238894,0.1811063289642334,0.0178350806236267,1,0,chair
shapenet878,display,-0.8283022165960001,3.6666666666666665,0.21560963533518462,0.2970529198646545,0.0796400904655456,1,1,display
shapenet879,display,0.0,0.0,0.7245932635704763,0.0426215529441833,0.0202753543853759,1,1,sofa
shapenet884,display,0.0,0.0,0.6134585384176311,0.0559896528720855,0.0156089663505554,1,1,sofa
shapenet886,display,-1.0729586082894003,2.6666666666666665,0.22500007200061511,0.0892466008663177,0.0817873477935791,1,1,bench
shapenet888,display,0.0,0.0,0.617311856630039,-0.090655118227005,-0.0360732674598693,0,0,table
shapenet891,display,0.0,0.0,0.36880911965679375,0.0521264672279357,-0.0366836190223693,1,0,airplane
shapenet893,display,-1.290400336969297,2.6666666666666665,0.4976755999107516,0.0102522373199462,-0.0272567272186279,1,0,telephone
shapenet898,display,0.0,0.0,0.29869540020713253,0.1017586588859558,0.1099046468734741,1,1,airplane
shapenet899,display,-2.522793089278841,28.666666666666668,0.1337490696515045,0.151380568742752,0.0664105415344238,1,1,display
shapenet901,display,0.0,0.0,0.4212656774503238,0.0436433553695678,0.0574234127998352,1,1,airplane
shapenet902,display,0.0,0.0,0.6474230724387301,0.015297532081604,0.023599088191986,0,0,loudspeaker
shapenet903,display,0.0,0.0,0.8926180643235985,0.0460234880447387,-0.0036106407642364,1,0,car
shapenet904,display,0.0,0.0,0.5720099976213192,0.1445865631103515,0.0646446347236633,1,1,loudspeaker
shapenet906,display,0.0,0.0,0.7883141942360458,0.1009175777435302,0.0447152256965637,1,1,chair
shapenet913,display,0.0,0.0,0.6281621522345556,0.1526967287063598,0.0979308187961578,1,1,table
shapenet914,display,0.0,0.0,0.42388386593619215,0.1009300947189331,-0.1175716519355773,1,0,table
shapenet915,display,0.0,0.0,0.7086076504200388,-0.0604546070098876,-0.0972876548767089,0,0,table
shapenet916,display,0.0,0.0,0.3900016141735261,0.0785378217697143,0.0579913258552551,1,1,watercraft
shapenet918,display,0.0,0.0,0.8022465554429526,0.0263726115226745,-0.0076105594635009,0,0,chair
shapenet919,display,0.0,0.0,0.4011240630616646,0.055846631526947,0.0559059381484985,1,1,airplane
shapenet923,display,0.0,0.0,0.656890632253942,0.1547998487949371,0.0081643760204315,1,0,sofa
shapenet924,display,0.0,0.0,0.46911804836859194,0.079004168510437,-0.0375480353832244,1,0,cabinet
shapenet925,display,0.0,0.0,0.536788818171661,0.1065048277378082,0.0539358258247375,1,0,loudspeaker
shapenet927,display,0.0,0.0,0.8090631829999073,0.018033742904663,-0.0487716794013977,1,0,sofa
shapenet930,display,0.0,0.0,0.4939149597204949,0.1405835747718811,0.0409463346004486,1,1,watercraft
shapenet938,display,-0.3662040962227033,0.6666666666666666,0.2751669533304654,0.0870795845985412,0.162488043308258,1,1,airplane
shapenet939,display,-0.23104906018664842,0.3333333333333333,0.2156363102929888,0.0488876402378082,0.0363364815711975,1,1,bench
shapenet941,display,-1.6566044331920002,7.333333333333333,0.186723250668645,0.3345583975315094,0.1882215440273285,1,1,display
shapenet942,display,0.0,0.0,0.7577590505283603,0.1537087559700012,0.1604295074939727,1,1,chair
shapenet943,display,0.0,0.0,0.3468356220489672,-0.028151512145996,-0.0192859172821044,0,0,chair
shapenet946,display,0.0,0.0,0.4400661909079042,-0.0458123981952667,-0.0553356409072876,0,0,sofa
shapenet949,display,0.0,0.0,0.7660617017341064,0.0723335742950439,0.0664764046669006,1,1,sofa
shapenet950,display,0.0,0.0,0.45567208416690724,0.014051616191864,0.0736720263957977,0,1,cabinet
shapenet952,display,0.0,0.0,0.9637861376198046,0.1124860644340515,0.0768990516662597,1,1,car
shapenet953,display,-1.5350567286626973,6.0,0.213010524273062,0.0007650554180145,-0.0879788994789123,0,0,table
shapenet954,display,-1.4648163848908131,5.333333333333333,0.2306228768473881,0.1191632747650146,0.0623947978019714,1,1,airplane
shapenet955,display,0.0,0.0,0.3541332949364057,0.1156332492828369,0.0545761585235595,1,1,airplane
shapenet956,display,0.0,0.0,0.6147842518466785,0.0944187045097351,0.0838918983936309,1,1,sofa
shapenet957,display,0.0,0.0,0.6366576087270323,0.1532975137233734,0.0844027698040008,1,1,table
shapenet958,display,0.0,0.0,0.8028967904687665,0.2013459503650665,0.096845805644989,1,1,table
shapenet959,display,-0.46209812037329684,0.6666666666666666,0.5708801893496839,-0.0246492624282836,-0.0256498456001281,0,0,loudspeaker
shapenet960,display,0.0,0.0,0.568645243894441,-0.0108619928359985,0.0739115476608276,0,1,cabinet
shapenet966,display,0.0,0.0,0.7894906448948956,0.1813724339008331,0.0886535942554473,1,1,chair
shapenet967,display,0.0,0.0,0.7374469921931395,-0.0504260659217834,-0.0593208074569702,0,0,sofa
shapenet974,display,-1.0986122886681098,2.0,0.5146562044782632,0.0095674991607666,-0.0784850716590881,0,0,telephone
shapenet977,display,0.0,0.0,0.6568567545687006,0.0360262989997863,-0.0138222575187683,1,0,sofa
shapenet978,display,0.0,0.0,0.3969061624622729,0.0095077157020568,-0.0182495713233947,0,0,airplane
shapenet979,display,0.0,0.0,0.7904027229748238,0.1744198501110077,0.0901115536689758,1,1,sofa
shapenet983,display,-0.7324081924454066,2.6666666666666665,0.3172616517577888,0.0301757454872131,0.155186265707016,1,1,airplane
shapenet984,display,-1.2688874965901065,2.6666666666666665,0.48880221144576147,0.0560957789421081,0.0930854678153991,1,1,telephone
shapenet989,display,0.0,0.0,0.4474452795876686,-0.0693568587303161,-0.0186414718627929,0,0,chair
shapenet990,display,-0.7324081924454066,1.3333333333333333,0.4635343818655908,0.153819590806961,0.1365360915660858,1,1,telephone
shapenet991,display,0.0,0.0,0.632884361641858,-0.0296268463134765,-0.0798879861831665,0,0,cabinet
shapenet994,display,0.0,0.0,0.950275634350338,-0.0479762554168701,-0.0511643290519714,0,0,car
shapenet1000,display,0.0,0.0,0.6266009248937612,0.0105989873409271,-0.0587695240974426,0,0,loudspeaker
shapenet1003,display,-0.8796857765384195,4.333333333333333,0.3092447651023107,0.1192187964916229,0.0158789157867431,1,0,bench
shapenet1005,display,0.0,0.0,0.6183307010787101,0.2255866825580597,0.0517406463623046,1,0,chair
shapenet1008,display,0.0,0.0,0.8311530514499171,0.1446864008903503,0.002147614955902,1,0,watercraft
shapenet1009,display,0.0,0.0,0.28077750685217373,0.1345690488815307,0.1990477740764618,1,1,airplane
shapenet1010,display,0.0,0.0,0.6091272140809544,0.0599627494812011,0.0325040221214294,1,1,cabinet
shapenet1016,display,0.0,0.0,0.4652554225680599,0.0780628323554992,0.1249841451644897,0,1,table
shapenet1019,display,0.0,0.0,0.8365429659376372,0.0923208445310592,0.1106314063072204,1,1,chair
shapenet1020,display,-0.46209812037329684,1.0,0.38862961626016057,0.1509969234466552,0.199876457452774,1,1,airplane
shapenet1023,display,0.0,0.0,0.3196674255642116,0.0102067589759826,0.0011001229286193,0,0,chair
shapenet1024,display,0.0,0.0,0.7275832014960301,0.0414982140064239,-0.0144360661506652,1,0,sofa
shapenet1025,display,0.0,0.0,0.5588437522118103,0.0205765962600708,0.0043132305145263,1,0,loudspeaker
shapenet1026,display,0.0,0.0,0.3767214681922932,0.0967682898044586,0.2060964703559875,1,1,airplane
shapenet1028,display,0.0,0.0,1.0111117526094242,0.1392911970615387,0.1389904916286468,1,1,car
shapenet1030,display,-0.23104906018664842,0.3333333333333333,0.38437068557696263,0.0482110381126403,-0.0547468066215515,1,0,display
shapenet1033,display,-1.8296459087188957,7.0,0.18639088276058977,0.0683372020721435,0.0186741948127746,1,0,bench
shapenet1034,display,0.0,0.0,0.8524185533612826,0.2429874837398529,0.1619873940944671,1,1,sofa
shapenet1035,display,0.0,0.0,0.9142637429758681,-0.0695327520370483,0.054320752620697,0,1,table
shapenet1036,display,-1.3170812395271425,17.0,0.2126745166203995,0.20408496260643,-0.022130012512207,1,0,display
shapenet1037,display,0.0,0.0,0.6788302483431137,0.0533865094184875,-0.0302963256835937,1,0,cabinet
shapenet1041,display,0.0,0.0,0.3976011435326024,0.023632526397705,0.0197744965553283,0,0,airplane
shapenet1042,display,-1.7661057888493454,5.0,0.21249323814976676,0.1733343601226806,0.0314137935638427,1,0,display
shapenet1043,display,0.0,0.0,0.679464465046511,0.0854415893554687,0.0636987686157226,1,1,table
shapenet1047,display,0.0,0.0,0.6723232580184231,0.1083522140979766,0.0786448121070861,1,1,table
shapenet1048,display,0.0,0.0,0.5436962961812747,-0.0066437721252441,-0.0012999773025512,0,0,table
shapenet1049,display,0.0,0.0,0.3698379517201855,0.1008746027946472,0.2286412119865417,1,1,airplane
shapenet1050,display,0.0,0.0,0.46279976624378194,-0.0047066807746887,-0.0128532648086547,0,0,telephone
shapenet1053,display,0.0,0.0,0.5767018395737434,0.2408477663993835,0.114247977733612,1,1,lamp
shapenet1055,display,0.0,0.0,0.3261967425183773,0.0637385547161102,0.0479375123977661,1,1,watercraft
shapenet1056,display,0.0,0.0,0.7081978389540672,0.0378985404968261,0.0409151911735534,1,1,sofa
shapenet1057,display,0.0,0.0,0.33309561611423616,-0.0375741720199584,-0.1035364866256713,0,0,airplane
shapenet1061,display,-2.7551309769507406,15.333333333333334,0.14732595597185913,0.1391795873641967,-0.0327749252319335,1,0,display
shapenet1062,display,-1.0729586082894003,2.6666666666666665,0.22141607166199417,0.1011339426040649,0.0381270051002502,1,1,bench
shapenet1066,display,0.0,0.0,0.42512778955112057,-0.0945169627666473,-0.0223101377487182,0,0,watercraft
shapenet1067,display,0.0,0.0,0.5421325064681762,0.0911628603935241,-0.0143821835517883,1,0,cabinet
shapenet1070,display,0.0,0.0,0.5267668501256934,0.1031442880630493,0.0718433856964111,1,1,chair
shapenet1074,display,0.0,0.0,0.27211723213012434,0.1271179914474487,0.1257690191268921,1,1,chair
shapenet1078,display,-0.9241962407465937,2.0,0.40238052500617655,0.1166353970766067,-0.0058605968952178,1,0,lamp
shapenet1079,display,0.0,0.0,0.7305618892027802,0.1105803251266479,0.1123297214508056,1,1,chair
shapenet1081,display,0.0,0.0,0.7487921695429073,0.038036048412323,0.0035160779953002,1,0,cabinet
shapenet1082,display,-1.9629593194442936,12.0,0.22552276010128125,0.0628597736358642,0.1573998928070068,1,1,lamp
shapenet1084,display,0.0,0.0,0.46264845763549123,0.0340639948844909,-0.0832794904708862,0,0,watercraft
shapenet1085,display,0.0,0.0,0.3768175086788658,0.1214264631271362,0.1772978901863098,1,1,table
shapenet1086,display,0.0,0.0,0.4741069848616472,0.2285921573638916,0.07020765542984,1,1,cabinet
shapenet1088,display,0.0,0.0,0.532283166622939,0.0127301812171936,-0.0409923195838928,0,0,watercraft
shapenet1091,display,0.0,0.0,0.9933209411072251,-0.10407155752182,-0.0674461722373962,0,0,car
shapenet1092,display,0.0,0.0,0.3522209283766635,0.0202363729476928,0.2211909890174865,0,1,airplane
shapenet1093,display,0.0,0.0,0.6980478369168438,0.1388019025325775,0.0990875959396362,1,1,sofa
shapenet1096,display,-1.759371553076839,8.666666666666666,0.20224739837078434,-0.0399509668350219,-0.0917473435401916,0,0,bench
shapenet1097,display,0.0,0.0,0.5185715756738808,0.1146448254585266,0.0483612120151519,1,1,sofa
shapenet1099,display,0.0,0.0,0.5643176070407672,-0.0827910900115966,-0.0598165392875671,0,0,table
shapenet1100,display,-0.6486367163517711,2.0,0.32598230820907187,0.0421448945999145,0.1022871136665344,1,1,watercraft
shapenet1103,display,-1.617343421306539,4.333333333333333,0.4309300868444212,-0.0517354607582092,-0.02234548330307,0,0,telephone
shapenet1111,display,-1.2972734327035422,4.0,0.513941098107845,0.2452053427696228,0.2163501679897308,1,1,telephone
shapenet1113,display,0.0,0.0,0.3893970266414841,0.0395364165306091,-0.0017551183700561,1,0,chair
shapenet1117,display,0.0,0.0,0.3241713053336484,-0.0424701571464538,-0.0072972178459167,0,0,airplane
shapenet1119,display,0.0,0.0,0.36702621361122706,0.1597793698310852,0.2517565786838531,1,1,airplane
shapenet1120,display,0.0,0.0,0.33259648476473735,-0.0591102838516235,-0.020589679479599,0,0,watercraft
shapenet1121,display,0.0,0.0,0.6350807624934609,0.0284792184829711,0.0077781081199646,0,0,loudspeaker
shapenet1123,display,0.0,0.0,0.613026590588176,0.0437424778938293,0.0239312946796417,1,1,watercraft
shapenet1125,display,-1.4255553730053518,3.6666666666666665,0.45225338045657565,-0.0050833225250244,-0.010015845298767,0,0,telephone
shapenet1127,display,0.0,0.0,0.6115784886882228,0.0508562326431274,-0.0125469267368316,1,0,watercraft
shapenet1129,display,0.0,0.0,0.8504627714477374,0.2189477384090423,0.0084109306335449,1,0,car
shapenet1131,display,-0.23104906018664842,0.3333333333333333,0.48315930504929955,0.0561700463294982,-0.0145338177680969,1,0,telephone
shapenet1137,display,0.0,0.0,0.3229452795052029,0.1325594782829284,0.2504238486289978,1,1,airplane
shapenet1141,display,0.0,0.0,0.8821805535094801,-0.013518214225769,-0.0316674709320068,0,0,chair
shapenet1142,display,0.0,0.0,0.6800304982498176,0.144891619682312,0.1275566220283508,1,1,chair
shapenet1143,display,0.0,0.0,0.9561822059574016,0.0608466267585754,-0.0217499732971191,1,0,car
shapenet1144,display,0.0,0.0,0.9275408914343216,0.0253630280494689,0.013551115989685,0,0,car
shapenet1145,display,0.0,0.0,0.49394882987115013,-0.0401188731193542,-0.0683524310588836,0,0,cabinet
shapenet1146,display,0.0,0.0,0.6885494775658371,-0.0077548027038574,0.0159395635128021,0,0,watercraft
shapenet1147,display,0.0,0.0,0.3341130513415546,0.2677868902683258,0.2622060179710388,1,1,bench
shapenet1149,display,-1.598596848532247,6.666666666666667,0.4077438094609093,0.1164097785949707,0.1033545136451721,1,1,chair
shapenet1155,display,-2.3963892461401075,20.0,0.1542233735444005,0.1488531529903412,0.0346174240112304,1,1,display
shapenet1157,display,-1.6094379124341003,4.0,0.43183915854683974,0.1307139992713928,0.3034858703613281,1,1,telephone
shapenet1159,display,0.0,0.0,0.3212453937323206,0.0227960348129272,0.0086296200752258,1,0,airplane
shapenet1160,display,0.0,0.0,1.0049439184532902,0.0281882286071777,0.0076016783714294,1,0,car
shapenet1161,display,0.0,0.0,0.7597182789512252,0.1367583870887756,-0.0528261661529541,1,0,watercraft
shapenet1163,display,0.0,0.0,0.30752468321352006,0.2741138339042663,0.1835153698921203,1,1,bench
shapenet1168,display,0.0,0.0,0.6133127283663624,-0.0291579365730285,-0.1193838417530059,0,0,sofa
shapenet1171,display,0.0,0.0,0.36819558319701223,0.0146796703338623,-0.0295320749282836,0,0,airplane
shapenet1172,display,0.0,0.0,0.49729286176286897,0.1437768340110778,0.0583212971687316,1,1,loudspeaker
shapenet1174,display,-2.2472335648840183,8.666666666666666,0.18204281464244834,0.2058074846863746,-0.0820364952087402,1,0,display
shapenet1178,display,0.0,0.0,0.9527331280732785,0.1689748466014862,0.1222806274890899,1,1,car
shapenet1179,display,-0.5364793041447001,1.3333333333333333,0.26428389794991786,-0.036853015422821,0.009549081325531,0,0,cabinet
shapenet1182,display,-1.6094379124341003,4.0,0.48749008553841316,-0.0238754153251647,-0.0257882475852966,0,0,telephone
shapenet1183,display,0.0,0.0,0.48977638686560265,-0.0060899257659912,0.0224367082118988,0,1,lamp
shapenet1184,display,-0.5364793041447001,1.3333333333333333,0.31167397310315864,-0.0068414211273193,0.0752103924751281,0,1,airplane
shapenet1186,display,0.0,0.0,0.8385676790038507,0.0056658387184143,-0.0476050972938537,0,0,chair
shapenet1187,display,0.0,0.0,0.46984488710825584,0.1070807576179504,0.1078817844390869,1,1,cabinet
shapenet1189,display,0.0,0.0,0.526627353815295,0.1081750690937042,-0.0876303315162658,1,0,watercraft
shapenet1190,display,0.0,0.0,0.7431246413675807,-0.0063423514366149,0.0095185935497283,0,0,watercraft
shapenet1191,display,0.0,0.0,0.5182339987317249,0.0590916275978088,0.08463054895401,1,1,loudspeaker
shapenet1194,display,0.0,0.0,1.0016890332036543,0.0394092202186584,0.0179488658905029,1,1,car
shapenet1196,display,0.0,0.0,0.32007511882793066,0.1226347088813781,0.1713203489780426,1,1,airplane
shapenet1197,display,0.0,0.0,0.5057018176705478,0.1673877835273742,-0.0333210825920105,1,0,watercraft
shapenet1199,display,0.0,0.0,0.5186512355223486,0.1771376430988311,0.0202354788780212,1,0,watercraft
shapenet1200,display,0.0,0.0,0.7957956901207207,0.2069102227687835,0.0612848997116088,1,1,table
shapenet1201,display,0.0,0.0,0.8565781004668489,-0.0056802034378051,0.1125380992889404,0,1,table
shapenet1202,display,0.0,0.0,0.29960885519413283,0.115871787071228,0.1927480995655059,1,1,airplane
shapenet1208,display,0.0,0.0,0.5959121929517078,0.1459141969680786,-0.0666841268539428,1,0,watercraft
shapenet1210,display,0.0,0.0,0.7506186588083774,-0.0730986595153808,-0.0666577219963073,0,0,sofa
shapenet1211,display,-1.3862943611198906,4.666666666666667,0.23964092538664558,0.0818002820014953,0.0171892046928405,1,1,lamp
shapenet1212,display,0.0,0.0,0.9776346158910828,0.0567824840545654,-0.0306013226509094,1,0,car
shapenet1215,display,0.0,0.0,0.30228860261255713,0.0973389744758606,0.1521626114845276,1,1,airplane
shapenet1216,display,0.0,0.0,0.5379682602366939,0.0790462791919708,0.0116339325904846,1,0,watercraft
shapenet1218,display,-0.5364793041447001,1.3333333333333333,0.4136172840735865,0.188786506652832,0.1167070865631103,1,1,telephone
shapenet1220,display,0.0,0.0,0.884539401004455,0.1854285597801208,0.1703915894031524,1,1,car
shapenet1222,display,0.0,0.0,0.720213794139454,0.0262291431427001,0.0465555787086486,1,1,sofa
shapenet1224,display,0.0,0.0,0.3429935702160511,0.1130368709564209,0.2359625697135925,1,1,airplane
shapenet1226,display,0.0,0.0,0.5091848789042166,0.0456193685531616,-0.0412117838859558,1,0,loudspeaker
shapenet1227,display,0.0,0.0,0.7239565031435905,0.1752273142337799,0.0872152000665664,1,1,table
shapenet1228,display,0.0,0.0,0.38361049628639127,-0.0438644289970397,-0.0418864488601684,0,0,airplane
shapenet1232,display,0.0,0.0,0.6029919979616977,-2.396106719970703e-05,-0.0523683726787567,0,0,watercraft
shapenet1234,display,0.0,0.0,0.8277981808909657,0.0362572968006134,0.0737970471382141,1,1,chair
shapenet1241,display,-2.806600281802529,15.666666666666666,0.15045341389991143,0.2716085314750671,0.1911015212535858,1,1,lamp
shapenet1242,display,0.0,0.0,0.633454269283828,0.1576911211013794,0.065611720085144,1,1,cabinet
shapenet1245,display,0.0,0.0,0.35951321417432053,0.0031023621559143,-0.0709108710289001,0,0,airplane
shapenet1250,display,0.0,0.0,0.7186454240120087,0.1747081875801086,0.1765789985656738,1,1,chair
shapenet1252,display,0.0,0.0,0.6642391673131197,-0.0649265050888061,-0.0800297260284423,0,0,watercraft
shapenet1253,display,0.0,0.0,0.6367486325014848,0.0905393958091735,0.1112739741802215,1,1,watercraft
shapenet1255,display,0.0,0.0,0.5973809762063421,-0.0080502331256866,-0.0990599989891052,0,0,chair
shapenet1256,display,0.0,0.0,0.424548709333036,-0.0074691772460937,0.0411356687545776,0,1,airplane
shapenet1258,display,0.0,0.0,0.9858661846277738,0.1107948422431945,0.0757443904876709,1,1,car
shapenet1259,display,0.0,0.0,0.5314898942086891,0.0017100572586059,0.0579676926136016,0,1,cabinet
shapenet1260,display,0.0,0.0,0.8809715424383002,-0.0748617053031921,-0.0567564666271209,0,0,car
shapenet1262,display,-0.46209812037329684,0.6666666666666666,0.5183307366985485,-0.1117169857025146,-0.0870117545127868,0,0,loudspeaker
shapenet1263,display,0.0,0.0,0.5527294744118391,0.1272383332252502,0.2409015595912933,1,1,chair
shapenet1264,display,0.0,0.0,1.0000489491116127,-0.0701875686645507,-0.0506225824356079,0,0,car
shapenet1267,display,0.0,0.0,0.25531365634758973,-0.0172302722930908,-0.0879358649253845,0,0,display
shapenet1269,display,0.0,0.0,0.8098011249189515,-0.0229861140251159,-0.1128704249858856,0,0,table
shapenet1271,display,0.0,0.0,0.4718389722585354,0.127780020236969,0.2400241494178772,1,1,watercraft
shapenet1273,display,0.0,0.0,0.9219854677898969,0.0070968270301818,-0.0987838506698608,0,0,car
shapenet1274,display,0.0,0.0,0.7066299052441588,0.1493251621723175,0.0599015057086944,1,1,table
shapenet1275,display,0.0,0.0,0.37056815813109334,-0.0154351592063903,-0.02314954996109,0,0,airplane
shapenet1276,display,0.0,0.0,0.5552513543289956,0.1937766373157501,0.0222522020339965,1,0,loudspeaker
shapenet1278,display,0.0,0.0,0.36589331987949,-0.0120949745178222,0.0547105073928833,0,1,bench
shapenet1279,display,0.0,0.0,0.7201038892417243,0.0302599668502807,0.1248415112495422,0,1,sofa
shapenet1283,display,-1.5214493971559453,3.6666666666666665,0.40758687836942076,0.024114191532135,0.0321806073188781,0,1,telephone
shapenet1285,display,0.0,0.0,0.4473424296902857,0.1947521567344665,0.1744775772094726,1,1,cabinet
shapenet1286,display,0.0,0.0,0.7238136488656378,0.0420117974281311,0.0578203797340393,0,1,table
shapenet1287,display,0.0,0.0,0.4811555815016111,0.0983052104711532,0.023853451013565,1,0,lamp
shapenet1288,display,0.0,0.0,0.950528931532633,0.0207324624061584,0.0026432871818542,1,0,car
shapenet1290,display,0.0,0.0,0.9507900279312554,0.0854362547397613,-0.0206902623176574,1,0,car
shapenet1292,display,0.0,0.0,0.7096238705422809,0.017019510269165,-0.0366249680519104,1,0,cabinet
shapenet1294,display,0.0,0.0,0.6948719692235077,0.0314176976680755,0.0520908832550048,0,1,telephone
shapenet1295,display,0.0,0.0,0.6224230939928148,0.0464183688163757,-0.013943612575531,1,0,cabinet
shapenet1296,display,0.0,0.0,0.7591781525688946,0.2820408344268799,0.1303048133850097,1,1,chair
shapenet1297,display,0.0,0.0,0.6423214133394088,0.0989524126052856,-0.087397426366806,1,0,lamp
shapenet1298,display,-0.23104906018664842,0.3333333333333333,0.34377408680545196,0.0745345056056976,-0.0304311513900756,1,0,table
shapenet1299,display,-1.4606755448912938,3.3333333333333335,0.4324302255618824,0.2960165441036224,-0.0108265876770019,1,0,telephone
shapenet1300,display,0.0,0.0,0.5341246752703451,0.1351804435253143,-0.0670742690563201,1,0,watercraft
shapenet1303,display,0.0,0.0,0.8349188227019292,0.073587417602539,0.0482087135314941,1,1,table
shapenet1304,display,0.0,0.0,0.34929779105485587,0.0532124042510986,0.1141688823699951,1,1,airplane
shapenet1306,display,0.0,0.0,0.6267390616116613,0.0729306936264038,-0.0301522016525268,1,0,sofa
shapenet1308,display,-4.0660974860704036,57.666666666666664,0.06494721058381496,0.0769644379615783,-0.0412774085998535,1,0,display
shapenet1310,display,0.0,0.0,0.5657377072676143,0.0595242083072662,0.0020322203636169,1,0,loudspeaker
shapenet1312,display,0.0,0.0,0.7676033222784565,0.2788373529911041,0.2861450910568237,1,1,chair
shapenet1314,display,0.0,0.0,0.48568399035782117,0.069502055644989,-0.0241385698318481,1,0,cabinet
shapenet1315,display,-1.4648163848908131,5.333333333333333,0.23001890492191213,-0.0809051394462585,-0.0929202437400817,0,0,bench
shapenet1316,display,0.0,0.0,0.59563505781463,0.1437044143676757,0.0384072959423065,1,0,watercraft
shapenet1317,display,-0.9241962407465937,2.0,0.46740029927872007,0.1756295561790466,0.0221961736679077,1,1,telephone
shapenet1318,display,0.0,0.0,0.7963231599326982,0.1328020691871643,0.0416124463081359,1,1,sofa
shapenet1320,display,0.0,0.0,0.805843715932706,-0.0604202449321746,-0.0521267652511596,0,0,car
shapenet1321,display,0.0,0.0,0.5743188526793908,0.095813512802124,0.1811056733131408,1,1,chair
shapenet1322,display,-1.0593512767826485,2.3333333333333335,0.2142379407240389,0.3181148618459701,0.0022336840629577,1,0,display
shapenet1324,display,0.0,0.0,0.7058813869697467,-0.0098567605018615,-0.0625313520431518,0,0,cabinet
shapenet1325,display,0.0,0.0,0.4305650141315418,0.1738063991069793,0.2240466475486755,1,1,airplane
shapenet1328,display,0.0,0.0,0.60804270636628,-0.0345540046691894,-0.0170623064041137,0,0,cabinet
shapenet1330,display,0.0,0.0,1.001075129673619,-0.0041117072105407,0.0023592710494995,0,0,car
shapenet1333,display,0.0,0.0,0.7244908302116415,0.0162246227264404,0.1400061249732971,1,1,sofa
shapenet1337,display,0.0,0.0,0.4958586884575105,0.0196360945701599,-0.0612450242042541,1,0,watercraft
shapenet1339,display,0.0,0.0,0.5342040139228191,-0.0469323992729187,0.0218293070793151,0,0,watercraft
shapenet1341,display,0.0,0.0,1.0074138771300207,-0.05713951587677,-0.0259963870048522,0,0,car
shapenet1347,display,-1.598596848532247,6.666666666666667,0.2731277782414853,0.047821819782257,0.0497165322303772,1,1,watercraft
shapenet1349,display,0.0,0.0,0.7249490286970244,0.0384774208068847,0.0098820328712463,0,1,sofa
shapenet1351,display,0.0,0.0,0.29660211568650197,-0.0453085303306579,-0.1281042695045471,0,0,airplane
shapenet1353,display,0.0,0.0,0.3328440084630781,0.0359933376312255,0.011461853981018,1,0,airplane
shapenet1354,display,0.0,0.0,0.6971431102384772,0.0593441128730773,0.13924640417099,1,1,sofa
shapenet1357,display,0.0,0.0,0.6416522228691494,0.1065220832824707,0.1531468033790588,1,1,chair
shapenet1358,display,-0.46209812037329684,1.0,0.4825429360346913,0.3032731562852859,0.0548915863037109,1,1,telephone
shapenet1359,display,0.0,0.0,1.0155112427117885,-0.0352212786674499,-0.0677734315395355,0,0,car
shapenet1360,display,-2.214596577715891,10.666666666666666,0.16574317544124464,0.0763704180717468,0.0815763473510742,1,1,display
shapenet1361,display,0.0,0.0,0.8864625923658259,0.0863699913024902,0.1332599520683288,1,1,chair
shapenet1362,display,0.0,0.0,0.2854543940830509,0.0415357947349548,0.2001701593399047,1,1,airplane
shapenet1364,display,0.0,0.0,0.6523833126235733,0.1929163038730621,-0.0023027658462524,1,0,sofa
shapenet1369,display,0.0,0.0,0.9773146649094612,0.0551926493644714,0.0285881161689758,1,0,car
shapenet1372,display,0.0,0.0,0.6820342517600896,-0.0337752103805542,-0.0846184492111206,0,0,cabinet
shapenet1375,display,0.0,0.0,0.32190847797964234,0.1870107352733612,0.2516615986824035,1,1,airplane
shapenet1377,display,0.0,0.0,0.6854995166020815,0.038994550704956,-0.019837737083435,1,0,watercraft
shapenet1378,display,-0.9241962407465937,5.0,0.4767614599244905,0.0421726703643798,0.123207002878189,0,1,watercraft
shapenet1380,display,0.0,0.0,0.623831977520345,0.0667479634284973,-0.034300684928894,1,0,loudspeaker
shapenet1381,display,0.0,0.0,0.9680220941139014,0.0467551350593566,0.0163037180900573,1,0,car
shapenet1383,display,-0.23104906018664842,0.3333333333333333,0.5334187051172876,-0.0139506757259368,-0.0893880128860473,0,0,loudspeaker
shapenet1386,display,0.0,0.0,0.3407762728036672,0.0658153593540191,-0.0486639142036438,1,0,display
shapenet1390,display,-0.9634572526320548,1.6666666666666667,0.3947838153952277,-0.0006400346755981,-0.0018378496170043,0,0,telephone
shapenet1391,display,0.0,0.0,0.6400853337193393,0.197887122631073,0.0870592892169952,1,1,loudspeaker
shapenet1392,display,0.0,0.0,0.3882153169866962,0.1883096098899841,0.0623784959316253,1,1,telephone
shapenet1393,display,-0.3662040962227033,0.6666666666666666,0.4154943568857516,0.0087318420410156,0.0460767447948455,0,1,watercraft
shapenet1394,display,0.0,0.0,0.6859909503048569,-0.1027357578277587,-0.0540354251861572,0,0,cabinet
shapenet1396,display,0.0,0.0,0.32889707879176044,-0.0136576890945434,0.0044541358947753,0,0,airplane
shapenet1397,display,0.0,0.0,0.4732972287000914,0.2201105952262878,0.0369684100151062,1,0,chair
shapenet1401,display,0.0,0.0,0.4329790244869031,0.0213202238082885,0.0131690502166748,1,1,airplane
shapenet1402,display,0.0,0.0,0.7724915087242691,0.0904185771942138,0.1425019204616546,1,1,chair
shapenet1404,display,0.0,0.0,0.958550705479244,-0.0192434191703796,0.0062756240367889,0,0,car
shapenet1406,display,0.0,0.0,0.3387973434596468,0.2234466075897216,0.3007927983999252,1,1,airplane
shapenet1411,display,0.0,0.0,0.6800936439545667,0.1696216464042663,-0.0718332529067993,1,0,sofa
shapenet1413,display,-2.125575649299542,7.666666666666667,0.17852111123580205,0.1205180883407592,0.1350704431533813,1,1,bench
shapenet1418,display,0.0,0.0,0.9565366382959551,-0.155626893043518,-0.0357309579849243,0,0,car
shapenet1419,display,0.0,0.0,0.7516398249846148,-0.000333547592163,-0.0601184368133544,0,0,table
shapenet1421,display,0.0,0.0,0.6659677182893201,-0.0884634554386138,-0.0841362178325653,0,0,watercraft
shapenet1422,display,0.0,0.0,0.32271437522588003,0.0659516453742981,0.0270657539367675,1,0,airplane
shapenet1423,display,-0.46209812037329684,1.0,0.608813454730579,0.045145034790039,0.011841595172882,1,0,telephone
shapenet1427,display,0.0,0.0,0.48146244283945255,0.1072669029235839,0.0036223232746124,1,0,display
shapenet1428,display,0.0,0.0,0.9476631589932124,-0.0279439091682434,0.0156983733177185,0,1,car
shapenet1429,display,0.0,0.0,0.7700031680051193,0.1049689054489135,0.0356457233428955,1,1,sofa
shapenet1433,display,0.0,0.0,0.9891657665887318,0.0655307173728942,0.0484888553619384,1,1,car
shapenet1435,display,0.0,0.0,0.7171606543061854,0.2863468527793884,0.2590386867523193,1,1,bench
shapenet1436,display,0.0,0.0,0.37475547227472195,0.0518568158149719,-0.0135230422019958,1,0,airplane
shapenet1439,display,0.0,0.0,0.7735666143921609,-0.0065340101718902,-0.0303328335285186,0,0,lamp
shapenet1441,display,0.0,0.0,0.3305559167603523,0.2402430176734924,0.2989781647920608,1,1,airplane
shapenet1445,display,0.0,0.0,0.3271313740570761,0.1235719919204711,0.1273740828037262,1,1,airplane
shapenet1448,display,0.0,0.0,0.5233655693684204,0.0208467245101928,0.0211828351020813,1,0,cabinet
shapenet1449,display,0.0,0.0,0.6051249943835023,-0.0661707520484924,-0.092201292514801,0,0,cabinet
shapenet1451,display,-1.4648163848908131,4.0,0.34362012101620115,0.2938750088214874,0.0839506983757019,1,1,display
shapenet1455,display,0.0,0.0,0.3820718525524047,0.1647458672523498,0.2689354419708252,1,1,airplane
shapenet1460,display,-0.9241962407465937,2.0,0.52053188242785,0.1164841055870056,0.1210862696170806,1,1,telephone
shapenet1466,display,0.0,0.0,0.33046193187930445,0.0585690736770629,0.0665410161018371,1,1,airplane
shapenet1468,display,0.0,0.0,0.9899759359494945,-0.0638348460197448,-0.0724620223045349,0,0,car
shapenet1470,display,0.0,0.0,0.45885358098968815,0.0964601635932922,0.066514253616333,1,1,chair
shapenet1472,display,0.0,0.0,0.33554200530667444,0.108480155467987,0.1541776061058044,1,1,airplane
shapenet1473,display,0.0,0.0,0.25640671027435735,0.0219736695289611,-0.0264171659946441,1,0,watercraft
shapenet1474,display,0.0,0.0,0.9492585728046502,0.0368023514747619,-0.0212944746017456,1,0,car
shapenet1475,display,0.0,0.0,0.5041520795839741,0.0835592150688171,0.0465022921562194,1,1,cabinet
shapenet1477,display,0.0,0.0,0.8077862897845219,0.1844909787178039,0.1609391570091247,1,1,lamp
shapenet1478,display,0.0,0.0,0.31950176942953434,0.1368090510368347,0.2385966181755066,1,1,airplane
shapenet1479,display,0.0,0.0,0.9538082540251085,0.0130714774131774,0.0612667202949523,0,1,car
shapenet1480,display,0.0,0.0,0.39168627753958285,-0.1118082702159881,-0.0533498525619506,0,0,cabinet
shapenet1484,display,-1.8888088960374774,10.666666666666666,0.25793259557051107,0.1998055577278137,-0.0063869357109069,1,0,telephone
shapenet1486,display,0.0,0.0,0.7383531208854319,0.160064697265625,0.1304951906204223,1,1,table
shapenet1487,display,-0.9985774245179969,2.0,0.43607967404351794,-0.0208281278610229,-0.0183818340301513,0,0,telephone
shapenet1489,display,0.0,0.0,0.6451543036512517,0.0514802038669586,-0.0345554053783416,0,0,loudspeaker
shapenet1491,display,0.0,0.0,0.6946143815826313,0.1433386802673339,0.234607994556427,1,1,chair
shapenet1494,display,-1.5350567286626973,6.0,0.3991664059578806,-0.0026387870311737,-0.089490532875061,0,0,bench
shapenet1495,display,0.0,0.0,0.45152107290054094,0.107032686471939,0.1683225631713867,1,1,cabinet
shapenet2,lamp,0.0,0.0,0.7125856817827961,0.0973111391067504,0.0241907835006713,1,1,loudspeaker
shapenet3,lamp,-3.5865982356936397,144.0,0.3411016470598816,0.0469480156898498,0.1602188944816589,1,1,bench
shapenet4,lamp,0.0,0.0,0.18589123389461162,0.0060753226280212,0.2167392373085022,1,1,airplane
shapenet5,lamp,0.0,0.0,0.684531924233989,0.066951036453247,0.0364487171173095,1,0,sofa
shapenet6,lamp,-1.676812640464145,50.666666666666664,0.15518037275581828,0.0705585479736328,0.0723785758018493,0,1,bench
shapenet10,lamp,0.0,0.0,0.8127188565351334,-0.0430542230606079,-0.1119518280029296,0,0,display
shapenet11,lamp,-4.269049465289877,402.0,0.09590616049394556,0.1711630225181579,0.0410408675670623,1,1,watercraft
shapenet13,lamp,0.0,0.0,0.30387591571420997,0.0256664752960205,0.0926105976104736,0,1,airplane
shapenet15,lamp,0.0,0.0,0.7788439821139347,0.188432902097702,0.089080661535263,1,1,cabinet
shapenet18,lamp,0.0,0.0,0.6746729023968889,0.1882122755050659,0.1286601424217224,1,1,table
shapenet19,lamp,0.0,0.0,0.7299215214517439,0.1302782297134399,0.0506073832511901,1,0,chair
shapenet20,lamp,-6.261503499692054,529.3333333333334,0.048651187893294735,0.0674176216125488,0.0637953877449035,1,1,bench
shapenet22,lamp,0.0,0.0,0.5218249248737273,0.1604961156845092,0.1911988854408264,1,1,chair
shapenet23,lamp,0.0,0.0,0.5727302849274656,-0.1470559239387512,-0.0585803687572479,0,0,loudspeaker
shapenet24,lamp,0.0,0.0,0.8221874059398956,-0.023260474205017,0.0579293370246887,0,1,cabinet
shapenet25,lamp,0.0,0.0,0.7067396766323384,0.2264714539051056,0.2099210619926452,1,1,chair
shapenet26,lamp,-0.5972531564093516,1.6666666666666667,0.4018753849996708,-0.0256509184837341,-0.0800977349281311,0,0,watercraft
shapenet28,lamp,0.0,0.0,0.23529292327838672,-0.0193715095520019,-0.0009410977363586,0,0,airplane
shapenet35,lamp,0.0,0.0,0.5354110717316155,-0.0388445854187011,0.0031989216804504,0,0,telephone
shapenet37,lamp,0.0,0.0,0.7261429758655188,-0.0943353772163391,-0.0654328465461731,0,0,display
shapenet41,lamp,0.0,0.0,0.7837913474160855,0.1043920516967773,-0.03516685962677,1,0,cabinet
shapenet42,lamp,0.0,0.0,0.6708423613835128,0.072875440120697,0.0765052437782287,1,1,loudspeaker
shapenet46,lamp,0.0,0.0,0.43252190042755667,-0.00370854139328,0.0792386829853057,0,1,table
shapenet49,lamp,0.0,0.0,0.2936575410913596,-0.0254916548728942,0.0554926395416259,0,1,airplane
shapenet50,lamp,0.0,0.0,0.6496022414070396,0.0524545907974243,-0.00068199634552,1,0,display
shapenet53,lamp,0.0,0.0,0.7602573945794654,-0.1049554347991943,-0.0308929681777954,0,0,car
shapenet55,lamp,0.0,0.0,0.604892520837362,0.197349339723587,0.0740576386451721,1,1,telephone
shapenet57,lamp,0.0,0.0,0.5875963654590229,0.289291113615036,0.3005216121673584,1,1,loudspeaker
shapenet62,lamp,0.0,0.0,0.5131898941687939,-0.0554587841033935,-0.1298196613788604,0,0,loudspeaker
shapenet71,lamp,0.0,0.0,0.22290236196482707,-0.0629296898841857,0.1618518531322479,0,1,airplane
shapenet72,lamp,0.0,0.0,0.23025776966882391,0.0706257224082946,0.1164968013763427,1,1,airplane
shapenet73,lamp,0.0,0.0,0.20144873013168332,0.0228652954101562,-0.0672264099121093,1,0,watercraft
shapenet74,lamp,0.0,0.0,0.4187838585003951,-0.0723601579666137,-0.0312279760837554,0,0,chair
shapenet75,lamp,0.0,0.0,0.25597066510937033,-0.0197612643241882,-0.0595597624778747,0,0,airplane
shapenet80,lamp,0.0,0.0,0.6129923927033722,0.1255068778991699,0.0355584025382995,1,0,telephone
shapenet82,lamp,-4.232759327586532,380.6666666666667,0.1380275412438365,0.0782889723777771,-0.0057975053787231,1,0,bench
shapenet83,lamp,0.0,0.0,0.8057326386301726,0.0143055915832519,-0.0697695016860961,0,0,cabinet
shapenet86,lamp,-4.2029658682813205,364.0,0.11572613607113226,0.1380208432674408,-0.010015457868576,1,0,bench
shapenet87,lamp,0.0,0.0,0.22050195944438486,-0.0303211212158203,0.0677871406078338,0,1,airplane
shapenet90,lamp,-5.791019532575299,344.0,0.08569712781967127,0.1193346381187439,0.1438702940940857,1,1,bench
shapenet91,lamp,0.0,0.0,0.608150213411093,-0.0900978446006774,-0.1352855563163757,0,0,loudspeaker
shapenet97,lamp,0.0,0.0,0.7448332677278042,-0.0253167152404785,-0.0528821349143981,0,0,car
shapenet101,lamp,0.0,0.0,0.2464547985830766,0.0590127706527709,0.1374700367450714,1,1,bench
shapenet102,lamp,0.0,0.0,0.4667098087070709,-0.0298283919692039,0.1193779408931732,0,1,bench
shapenet103,lamp,0.0,0.0,0.34257079501489346,0.0055978894233703,0.027547538280487,0,1,airplane
shapenet104,lamp,0.0,0.0,0.21739684935834291,-0.0251171588897705,0.0419152379035949,0,1,airplane
shapenet107,lamp,0.0,0.0,0.7344524192907201,-0.0791445970535278,-0.0259132087230682,0,0,car
shapenet110,lamp,-0.9241962407465937,2.0,0.20456736474631543,0.0254130959510803,0.0757603645324707,1,1,watercraft
shapenet112,lamp,0.0,0.0,0.7383662157084041,0.0483929514884948,0.0573135018348693,1,1,cabinet
shapenet115,lamp,0.0,0.0,0.8003519970935525,0.0703541040420532,0.0159212350845336,1,0,display
shapenet116,lamp,-0.23104906018664842,0.3333333333333333,0.6163370664409138,-0.05188649892807,0.0146422386169433,0,0,car
shapenet118,lamp,0.0,0.0,0.6120714501154755,-0.0070493817329406,0.0405457317829132,0,0,chair
shapenet119,lamp,0.0,0.0,0.708245705719329,0.0803167223930358,-0.06917405128479,1,0,chair
shapenet120,lamp,-4.216239308254207,371.3333333333333,0.09417855669251195,-0.0559685826301574,0.0732601284980773,0,1,bench
shapenet123,lamp,0.0,0.0,0.4192159423476953,0.0756021738052368,0.0454006791114807,1,1,telephone
shapenet124,lamp,0.0,0.0,0.7670063654173432,0.008487582206726,-0.0428165197372436,0,0,car
shapenet125,lamp,0.0,0.0,0.6846116126661791,0.0698985457420349,0.0512470602989196,1,0,sofa
shapenet126,lamp,-6.007792928827783,449.6666666666667,0.06228324462518112,0.0486767292022705,-0.0086700320243835,1,0,chair
shapenet128,lamp,-0.23104906018664842,0.3333333333333333,0.24407985968826765,0.3262424990534782,0.0334146916866302,1,1,lamp
shapenet129,lamp,-6.37076224583116,589.0,0.03640657116843854,0.0649778246879577,-0.0149354636669158,1,0,watercraft
shapenet133,lamp,-2.507466743795708,28.0,0.1609231626669425,0.177418440580368,-0.0082961320877075,1,0,lamp
shapenet134,lamp,0.0,0.0,0.5071119631329836,0.1440544128417968,0.0987787246704101,1,1,loudspeaker
shapenet136,lamp,0.0,0.0,0.5078860352873625,0.0550719499588012,-0.004727303981781,1,0,watercraft
shapenet142,lamp,-4.11446706494061,318.6666666666667,0.09801938356576877,0.1896201372146606,0.2693129777908325,1,1,bench
shapenet144,lamp,0.0,0.0,0.80363167516485,0.0966644287109375,0.0823929905891418,1,1,cabinet
shapenet148,lamp,-0.23104906018664842,0.3333333333333333,0.5084457460629307,0.1267189979553222,0.0157907009124755,1,0,watercraft
shapenet151,lamp,0.0,0.0,0.37510567692085117,0.0231620669364929,0.0378164649009704,0,1,loudspeaker
shapenet152,lamp,0.0,0.0,0.5431053706681,0.236907884478569,0.0681538879871368,1,1,watercraft
shapenet153,lamp,0.0,0.0,0.6255656257359742,0.0248640775680542,-0.0997340083122253,1,0,cabinet
shapenet154,lamp,0.0,0.0,0.6556632933374692,0.0863845944404602,0.0678203701972961,1,1,car
shapenet156,lamp,0.0,0.0,0.2968499961470908,0.0473307073116302,0.1605275571346283,0,1,airplane
shapenet157,lamp,0.0,0.0,0.5983554594720357,0.1576615571975708,0.1102774143218994,1,1,loudspeaker
shapenet160,lamp,0.0,0.0,0.7620593030219139,-0.0302265882492065,-0.0514995455741882,0,0,table
shapenet161,lamp,0.0,0.0,0.560217923948111,-0.0435112118721008,-0.0349398851394653,0,0,telephone
shapenet162,lamp,0.0,0.0,0.8321017617234544,-0.1938514113426208,-0.1361637115478515,0,0,loudspeaker
shapenet163,lamp,0.0,0.0,0.19681527461639106,0.0332673788070678,0.1576379537582397,1,1,airplane
shapenet164,lamp,0.0,0.0,0.23984777733257925,-0.0358676314353942,0.0535483360290527,0,1,airplane
shapenet165,lamp,0.0,0.0,0.754950159532839,-0.0009815692901611,-0.0400231480598449,0,0,car
shapenet167,lamp,-2.047345801862452,154.66666666666666,0.18304141267585172,-0.0217930674552917,0.0117198228836059,0,0,bench
shapenet169,lamp,0.0,0.0,0.48945639729104307,0.1618538498878479,0.2161377370357513,1,1,telephone
shapenet171,lamp,0.0,0.0,0.7246761296752227,0.0753890872001648,0.0421214997768402,1,0,car
shapenet172,lamp,0.0,0.0,0.27826497234227837,-0.0509716868400573,-0.0906313061714172,0,0,airplane
shapenet176,lamp,0.0,0.0,0.5028390676108189,0.0917704701423645,0.0840274095535278,1,1,table
shapenet178,lamp,0.0,0.0,0.3763889345887815,-0.0027796030044555,0.0885592997074127,0,1,watercraft
shapenet179,lamp,0.0,0.0,0.5683578981570562,-0.0931746959686279,-0.0824221968650817,0,0,cabinet
shapenet184,lamp,0.0,0.0,0.4114902604336767,-0.0202615857124328,0.0380235612392425,0,1,chair
shapenet185,lamp,0.0,0.0,0.7807863384367058,0.1116639375686645,0.0763335227966308,1,1,sofa
shapenet186,lamp,0.0,0.0,0.780596729229465,0.1613287329673767,0.2805329263210296,1,1,chair
shapenet191,lamp,0.0,0.0,0.3427363344916321,0.0764587819576263,-0.0038683712482452,1,0,watercraft
shapenet192,lamp,0.0,0.0,0.7664983637547179,0.0395203530788421,0.0491095781326293,1,1,table
shapenet193,lamp,0.0,0.0,0.5310459392394263,0.1415976881980896,0.1030685901641845,1,1,telephone
shapenet194,lamp,0.0,0.0,0.7469310008297939,0.1167474389076232,0.1713669300079345,1,1,cabinet
shapenet196,lamp,0.0,0.0,0.6579544395116588,0.0194018483161926,0.0309870839118957,0,1,car
shapenet197,lamp,0.0,0.0,0.2709899186184803,-0.0462254285812377,-0.1303233504295349,0,0,bench
shapenet199,lamp,0.0,0.0,0.21680250505031692,0.0685277581214904,0.1953926086425781,1,1,airplane
shapenet200,lamp,0.0,0.0,0.3243791878580932,0.1027986705303192,0.0549777746200561,1,1,lamp
shapenet203,lamp,-0.23104906018664842,0.3333333333333333,0.375483761654198,0.0255067348480224,-0.0391791462898254,1,0,watercraft
shapenet204,lamp,0.0,0.0,0.5987279798540929,0.023335576057434,0.0291329026222229,0,0,chair
shapenet210,lamp,0.0,0.0,0.7980409828957926,0.0951388478279113,0.0641681551933288,1,1,display
shapenet211,lamp,0.0,0.0,0.7667392785619868,-0.0007703304290771,-0.0561562776565551,0,0,car
shapenet213,lamp,0.0,0.0,0.42856088464120085,0.1119369268417358,0.0155926942825317,1,0,telephone
shapenet214,lamp,0.0,0.0,0.5680406716959837,0.205120176076889,0.1882888078689575,1,1,car
shapenet215,lamp,0.0,0.0,0.6552610004416433,0.2326301038265228,0.1219865679740905,1,1,table
shapenet216,lamp,-2.507466743795708,28.0,0.14590002966449303,0.1604557633399963,0.1671299040317535,1,1,airplane
shapenet220,lamp,-0.23104906018664842,0.3333333333333333,0.440337454551542,0.0816639065742492,0.0872367024421691,1,1,watercraft
shapenet226,lamp,0.0,0.0,0.7676210758338199,0.0150256156921386,-0.0244661569595336,0,0,sofa
shapenet227,lamp,-6.489019503150382,657.0,0.011821393909133851,0.2216165661811828,0.0559582710266113,1,1,lamp
shapenet228,lamp,0.0,0.0,0.45554708906468155,0.0307410359382629,0.1204927265644073,0,1,telephone
shapenet230,lamp,-1.759371553076839,8.666666666666666,0.26011613329020106,0.3608975200913846,0.0564455986022949,1,1,lamp
shapenet231,lamp,0.0,0.0,0.6569151607280231,0.0935982465744018,0.1392593383789062,1,1,cabinet
shapenet232,lamp,0.0,0.0,0.6289369230936702,0.1555778384208679,0.1533192992210388,1,1,chair
shapenet233,lamp,0.0,0.0,0.8054731258434495,-0.0111642479896545,-0.0712139904499054,0,0,table
shapenet236,lamp,0.0,0.0,0.6867316929328849,0.0893695354461669,-0.0117807388305664,1,0,cabinet
shapenet237,lamp,-1.3040076684760484,3.0,0.25440538155734765,0.101506769657135,0.0825773775577545,1,1,watercraft
shapenet239,lamp,-1.9629593194442936,12.0,0.2442074494819878,0.063850462436676,-0.0520530045032501,1,0,watercraft
shapenet240,lamp,0.0,0.0,0.5154703518025665,0.208470344543457,0.1644455790519714,1,1,telephone
shapenet241,lamp,0.0,0.0,0.593277404013577,0.0026266574859619,0.0736196935176849,0,1,table
shapenet242,lamp,0.0,0.0,0.5813821571416381,-0.0434628725051879,0.0006163716316223,0,0,sofa
shapenet243,lamp,-2.060005551217524,160.66666666666666,0.5692945928491634,0.1076692342758178,0.1334666609764099,1,1,bench
shapenet244,lamp,0.0,0.0,0.3351320829357555,0.0116135478019714,0.0553928613662719,0,0,airplane
shapenet248,lamp,-3.882849472918314,178.66666666666666,0.10515163195104842,0.2632679790258407,0.0842035412788391,1,1,lamp
shapenet249,lamp,0.0,0.0,0.6433480772487207,0.0971298813819885,0.129124641418457,1,1,cabinet
shapenet250,lamp,0.0,0.0,0.729408388384836,0.0979660749435424,-0.0267992317676544,1,0,car
shapenet252,lamp,0.0,0.0,0.6612565439921915,0.0125916004180908,-0.081162542104721,0,0,cabinet
shapenet255,lamp,0.0,0.0,0.5365645451496258,-0.024140179157257,-0.0135300457477569,0,0,watercraft
shapenet257,lamp,-1.936047496660148,110.66666666666667,0.18908858915913532,0.1978464424610138,0.2824626266956329,1,1,airplane
shapenet260,lamp,0.0,0.0,0.7390104697525165,0.0165554881095886,0.0861705243587493,0,1,chair
shapenet262,lamp,0.0,0.0,0.785785127010535,0.0474932193756103,-0.1050143241882324,1,0,chair
shapenet264,lamp,0.0,0.0,0.28340751352698973,-0.0117967724800109,0.0217524766921997,0,1,airplane
shapenet265,lamp,0.0,0.0,0.5755405373275168,-0.0480895340442657,0.004560649394989,0,0,cabinet
shapenet266,lamp,0.0,0.0,0.6119069943036245,0.0833982229232788,0.0601649284362793,1,1,loudspeaker
shapenet268,lamp,0.0,0.0,0.6307442685122819,-0.0254071950912475,-0.0165807902812957,0,0,chair
shapenet269,lamp,0.0,0.0,0.23120742036706468,0.0594456195831298,0.0839261412620544,1,1,display
shapenet271,lamp,0.0,0.0,0.5989162111992766,0.0400000214576721,0.0667964816093444,1,1,chair
shapenet275,lamp,0.0,0.0,0.27402252014131245,0.0649847984313964,0.0330288410186767,1,1,airplane
shapenet276,lamp,0.0,0.0,0.7860821606813309,0.1124077439308166,0.0480973720550537,1,1,display
shapenet278,lamp,0.0,0.0,0.3210642958382149,0.0753334760665893,0.0654579997062683,1,1,watercraft
shapenet280,lamp,-1.9554893523110988,117.33333333333333,0.1261212571289222,0.0172320008277893,-0.0603362917900085,0,0,bench
shapenet281,lamp,0.0,0.0,0.28582239296587025,-0.0200307369232177,0.0092536807060241,0,1,airplane
shapenet282,lamp,0.0,0.0,0.6906859768161956,-0.0406705141067504,0.0400300920009613,0,1,sofa
shapenet284,lamp,0.0,0.0,0.7533956251732942,-0.0164647698402404,-0.0648369789123535,0,0,sofa
shapenet285,lamp,0.0,0.0,0.5900214362258172,-0.0912228524684906,-0.0547962188720703,0,0,loudspeaker
shapenet288,lamp,0.0,0.0,0.4225108756511562,0.0110628604888916,0.0883724689483642,1,1,cabinet
shapenet289,lamp,0.0,0.0,0.7635458809315759,0.0656817555427551,0.0571181774139404,1,1,chair
shapenet293,lamp,0.0,0.0,0.3599125280155981,-0.0448406934738159,0.0921261012554168,0,1,airplane
shapenet294,lamp,-0.5972531564093516,1.6666666666666667,0.2695161925837483,-0.0578565001487731,-0.0136311948299407,0,0,watercraft
shapenet295,lamp,0.0,0.0,0.22736247357534542,-0.0411691665649414,0.1999466717243194,0,1,airplane
shapenet299,lamp,0.0,0.0,0.8134647949678045,-0.0161494016647338,-0.0583379864692688,0,0,display
shapenet300,lamp,0.0,0.0,0.5534367293226583,0.0235300064086914,0.023289144039154,1,1,telephone
shapenet302,lamp,0.0,0.0,0.7321198140080191,-0.0670763850212097,-0.0698298215866088,0,0,car
shapenet303,lamp,0.0,0.0,0.7767804640303811,0.1239233016967773,0.1836393475532531,1,1,display
shapenet304,lamp,0.0,0.0,0.5161589900899797,0.0783482789993286,0.2207830548286438,1,1,chair
shapenet305,lamp,0.0,0.0,0.5981288800446614,0.0071231126785278,0.0379602313041687,0,1,cabinet
shapenet306,lamp,0.0,0.0,0.41657006942926694,0.0302604436874389,0.1116411089897155,1,1,watercraft
shapenet307,lamp,-0.9241962407465937,2.0,0.13938004780268634,0.1749733090400695,0.0181712508201599,1,1,chair
shapenet308,lamp,0.0,0.0,0.24118001682892806,-0.0374618172645568,-0.0062736272811889,0,0,airplane
shapenet310,lamp,-2.137272755903299,202.66666666666666,0.1504235675939025,0.0241636037826538,0.0479352474212646,0,1,bench
shapenet311,lamp,0.0,0.0,0.6667045258330274,0.0581237077713012,-0.0052577853202819,1,0,sofa
shapenet321,lamp,-2.3702320409929425,22.666666666666668,0.34831812852136523,-0.0476380586624145,-0.058578073978424,0,0,sofa
shapenet323,lamp,0.0,0.0,0.21256595180832097,-0.0109599232673645,-0.0370676517486572,0,0,airplane
shapenet328,lamp,0.0,0.0,0.3287480980506976,0.0881620645523071,0.1250616312026977,1,1,table
shapenet330,lamp,-0.9241962407465937,2.0,0.13731944622008477,0.1186983585357666,0.2286310195922851,1,1,airplane
shapenet332,lamp,0.0,0.0,0.1715408738143114,0.0481900572776794,0.1926169395446777,1,1,airplane
shapenet333,lamp,0.0,0.0,0.6151990441165115,-0.0280103087425231,-0.0475676953792572,0,0,telephone
shapenet335,lamp,-2.2607306853355973,13.666666666666666,0.20645268649455292,-0.0393889993429183,-0.0511876344680786,0,0,lamp
shapenet337,lamp,0.0,0.0,0.6028901490994348,0.0062576532363891,-0.0857526063919067,1,0,cabinet
shapenet345,lamp,-3.8800552869015745,224.0,0.11597958303988175,0.0511524081230163,0.1732369661331176,1,1,airplane
shapenet346,lamp,0.0,0.0,0.5929868459929414,-0.0532581210136413,-0.0730123519897461,0,0,telephone
shapenet347,lamp,0.0,0.0,0.35094192644107275,-0.0401297807693481,-0.0074700713157653,0,0,watercraft
shapenet348,lamp,0.0,0.0,0.3140282182661283,0.1281548738479614,0.0185957551002502,1,0,bench
shapenet350,lamp,0.0,0.0,0.7229737858069297,0.1286841630935669,0.1310572922229766,1,1,table
shapenet351,lamp,0.0,0.0,0.5664862038100151,0.0583263337612152,0.0160931348800659,0,0,telephone
shapenet352,lamp,0.0,0.0,0.4697418677242431,0.0363597869873046,0.0467656552791595,1,1,watercraft
shapenet355,lamp,0.0,0.0,0.820732297072761,-0.0491242408752441,-0.0178040266036987,0,0,cabinet
shapenet356,lamp,0.0,0.0,0.33781809226552967,0.106877863407135,0.10286545753479,1,1,watercraft
shapenet358,lamp,-1.0986122886681098,2.0,0.2628520020029052,-0.0307329893112182,0.057732880115509,0,1,watercraft
shapenet359,lamp,0.0,0.0,0.242920853733699,-0.0323277115821838,-0.0478738546371459,0,0,chair
shapenet361,lamp,-2.073530056699913,167.33333333333334,0.265980115182671,0.5097026564180851,0.2869221270084381,1,1,lamp
shapenet363,lamp,0.0,0.0,0.4998871350409824,0.0370983481407165,-0.063596487045288,1,0,car
shapenet366,lamp,0.0,0.0,0.8086233458500622,0.0795511305332183,0.0049522519111633,1,0,table
shapenet368,lamp,0.0,0.0,0.6090631031462174,0.0465251207351684,0.0200671553611755,1,1,sofa
shapenet370,lamp,0.0,0.0,0.7198825901942314,0.1282583475112915,-0.0029332041740417,1,0,display
shapenet372,lamp,0.0,0.0,0.539252693846442,0.0197284817695617,-0.0663862526416778,0,0,chair
shapenet374,lamp,-3.096260599427582,227.0,0.13898406425456922,0.2280217781662941,0.016306459903717,1,1,lamp
shapenet375,lamp,0.0,0.0,0.6705271569206631,0.0249647498130798,-0.0518829822540283,0,0,car
shapenet376,lamp,0.0,0.0,0.46850471177310776,0.1574291586875915,0.0510373711585998,1,1,loudspeaker
shapenet377,lamp,0.0,0.0,0.7149520350600103,0.0227510333061218,-0.0024123787879943,0,0,car
shapenet378,lamp,0.0,0.0,0.22122134036646068,0.0223273038864135,-0.0633582472801208,0,0,airplane
shapenet379,lamp,0.0,0.0,0.7257469137441821,0.1233140230178833,0.1614041328430175,1,1,chair
shapenet380,lamp,0.0,0.0,0.5499838270153924,-0.0326948761940002,-0.0214902162551879,0,0,telephone
shapenet385,lamp,-4.845487849620734,339.6666666666667,0.10577021790643697,0.0099537372589111,-0.0113636851310729,0,0,watercraft
shapenet387,lamp,0.0,0.0,0.5606201668081054,-0.0186907649040222,-0.0022946596145629,0,0,table
shapenet388,lamp,-2.103306092742172,183.0,0.5647343446328706,-0.0624030828475952,0.0488553047180175,0,1,chair
shapenet389,lamp,0.0,0.0,0.7768483815345221,-0.051395446062088,-0.0395524501800537,0,0,cabinet
shapenet392,lamp,-0.23104906018664842,0.3333333333333333,0.5323047646017843,0.0897973775863647,0.0144106745719909,1,0,display
shapenet393,lamp,0.0,0.0,0.2865177985539544,0.0351071953773498,0.1932362914085388,0,1,airplane
shapenet397,lamp,-0.46209812037329684,0.6666666666666666,0.43438184947171604,0.0280531644821167,0.0664495825767517,1,1,cabinet
shapenet400,lamp,0.0,0.0,0.5723780997760181,0.1055561304092407,-0.0543197393417358,1,0,display
shapenet405,lamp,0.0,0.0,0.7056762673046587,0.0430107116699218,0.0076000094413757,1,0,car
shapenet410,lamp,0.0,0.0,0.28016112782851393,0.1291700601577758,0.166029155254364,1,1,bench
shapenet411,lamp,0.0,0.0,0.6085929031802397,0.1860296130180359,0.1382727622985839,1,1,loudspeaker
shapenet412,lamp,0.0,0.0,0.7169943547974572,0.0186466574668884,-0.0202662348747253,0,0,car
shapenet413,lamp,0.0,0.0,0.7436509482811905,0.0721606612205505,0.0078625082969665,1,0,table
shapenet415,lamp,0.0,0.0,0.39518209619695205,0.0086866915225982,0.0046307742595672,0,0,watercraft
shapenet418,lamp,-1.598596848532247,6.666666666666667,0.21721635903381922,0.0078006386756896,0.034698486328125,0,1,lamp
shapenet420,lamp,0.0,0.0,0.6197045159337078,0.0251023173332214,0.0226578712463378,0,0,telephone
shapenet422,lamp,-1.3862943611198906,4.666666666666667,0.1717415185223091,-0.0110978484153747,-0.0705592036247253,0,0,watercraft
shapenet423,lamp,0.0,0.0,0.7201265557372695,-0.0172937512397766,-0.0054593682289123,0,0,sofa
shapenet424,lamp,0.0,0.0,0.8172258345257789,0.0065228939056396,-0.0777380466461181,0,0,table
shapenet429,lamp,-1.9269145052641097,13.0,0.1884325509391902,0.0263395309448242,-0.0763487219810485,1,0,watercraft
shapenet431,lamp,-0.963457252632055,1.6666666666666667,0.359777168380021,0.153161883354187,0.0547612309455871,1,1,lamp
shapenet432,lamp,0.0,0.0,0.6751269749508167,-0.0020607709884643,-0.0016281604766845,0,0,car
shapenet439,lamp,-1.6067605218683456,10.666666666666666,0.3362531459567448,0.1287704706192016,0.0456329882144928,1,0,lamp
shapenet440,lamp,0.0,0.0,0.6365462680287955,-0.0665445923805236,-0.0856775939464569,0,0,sofa
shapenet443,lamp,0.0,0.0,0.6320286596740451,-0.0910014510154724,-0.108356237411499,0,0,table
shapenet444,lamp,-0.3662040962227033,0.6666666666666666,0.5171089245148394,0.1174539923667907,0.011464774608612,1,1,telephone
shapenet447,lamp,0.0,0.0,0.6812581544913368,0.0985330939292907,0.0506009757518768,1,1,telephone
shapenet449,lamp,0.0,0.0,0.18527770102821592,0.0143468379974365,0.0711019039154052,0,1,airplane
shapenet450,lamp,0.0,0.0,0.7128437863069782,0.0149827599525451,-0.0106181800365448,0,0,car
shapenet453,lamp,0.0,0.0,0.33683487451210264,0.1082228422164917,0.0975065231323242,1,1,chair
shapenet455,lamp,-3.1893382720826664,193.0,0.1717314202901752,0.0873697698116302,0.0083281397819519,1,0,watercraft
shapenet458,lamp,0.0,0.0,0.615482481063314,0.0132421851158142,-0.0115940570831298,0,0,car
shapenet459,lamp,0.0,0.0,0.2271005858577988,0.0710130929946899,-0.0250212550163269,1,0,airplane
shapenet461,lamp,0.0,0.0,0.5895040615047643,-0.0272908806800842,-0.0155627131462097,0,0,car
shapenet462,lamp,0.0,0.0,0.8037993438807395,0.0492765307426452,-0.0238116383552551,1,0,sofa
shapenet464,lamp,0.0,0.0,0.7654737324451001,-0.0231601595878601,-0.0743521451950073,0,0,sofa
shapenet469,lamp,0.0,0.0,0.6043061342051873,0.1038497686386108,0.1921848654747009,1,1,loudspeaker
shapenet471,lamp,0.0,0.0,0.22474903172224092,0.0061954855918884,0.1122706532478332,0,1,airplane
shapenet473,lamp,0.0,0.0,0.22820411265937623,-0.0016586780548095,0.1922177374362945,0,1,airplane
shapenet474,lamp,0.0,0.0,0.5829901623681034,0.0890616178512573,0.0495787262916564,1,1,display
shapenet476,lamp,0.0,0.0,0.19178386627058394,0.0091658234596252,0.1686484813690185,0,1,airplane
shapenet477,lamp,0.0,0.0,0.5945659788217986,-0.0035374164581298,-0.0482565760612487,0,0,car
shapenet478,lamp,0.0,0.0,0.6181170497989926,0.0756812691688537,0.3121099919080734,1,1,chair
shapenet480,lamp,-4.331183326790575,441.3333333333333,0.15332962604199263,0.0926808714866638,0.0553798675537109,1,1,watercraft
shapenet482,lamp,0.0,0.0,0.7491362974401757,0.1158260703086853,0.1997835636138916,1,1,chair
shapenet484,lamp,0.0,0.0,0.19543438469762156,-0.0526877641677856,-0.072366178035736,0,0,airplane
shapenet486,lamp,-0.7324081924454066,1.3333333333333333,0.4876156525923814,0.135550856590271,-0.050944983959198,1,0,telephone
shapenet488,lamp,0.0,0.0,0.7342972414188647,-0.0564225912094116,-0.014797031879425,0,0,car
shapenet490,lamp,0.0,0.0,0.403924608004318,-0.0014601349830627,0.104284644126892,0,1,cabinet
shapenet496,lamp,0.0,0.0,0.47455855467198466,0.0831281542778015,0.1670287251472473,1,1,watercraft
shapenet497,lamp,0.0,0.0,0.6809852005138682,-0.0483611822128295,0.0125258564949035,0,0,cabinet
shapenet498,lamp,0.0,0.0,0.5867946304171757,-0.0148944556713104,-0.0323807895183563,0,0,loudspeaker
shapenet501,lamp,0.0,0.0,0.21542173578782223,0.0217576026916503,0.1510275602340698,0,1,airplane
shapenet504,lamp,0.0,0.0,0.2249092368909931,-0.0893608331680297,-0.0956886410713195,0,0,airplane
shapenet505,lamp,0.0,0.0,0.767038867299311,0.0702916979789733,0.0774000287055969,1,1,display
shapenet506,lamp,0.0,0.0,0.7632561635094796,-0.0951738357543945,-0.0969523787498474,0,0,sofa
shapenet507,lamp,0.0,0.0,0.26236731167696953,0.0357648730278015,0.1492902636528015,1,1,airplane
shapenet509,lamp,0.0,0.0,0.7465198811691219,0.0316172242164611,0.0075249671936035,1,1,sofa
shapenet510,lamp,0.0,0.0,0.34594795809129847,-0.1144726574420929,-0.0047419965267181,0,0,telephone
shapenet513,lamp,-2.1140404729070505,189.0,0.34439889748400593,-0.0834596157073974,-0.0260153412818908,0,0,telephone
shapenet514,lamp,0.0,0.0,0.6656919299913653,-0.031767725944519,0.0532336235046386,0,1,sofa
shapenet515,lamp,0.0,0.0,0.6957310008758969,0.1066550314426422,0.0899977684020996,1,1,bench
shapenet516,lamp,0.0,0.0,0.7718830136780405,0.0766646862030029,0.0855721831321716,1,1,display
shapenet518,lamp,0.0,0.0,0.7778499174880134,0.0783835053443908,0.0327661037445068,1,0,chair
shapenet520,lamp,0.0,0.0,0.28892649279062493,0.0100924372673034,0.15169358253479,0,1,airplane
shapenet521,lamp,0.0,0.0,0.6792834944928096,0.1279847919940948,0.0781649351119995,1,1,display
shapenet523,lamp,0.0,0.0,0.234215872073255,0.0983738303184509,0.3041170239448547,1,1,airplane
shapenet526,lamp,0.0,0.0,0.7963281651920803,0.0441004037857055,0.0717094540596008,0,1,cabinet
shapenet527,lamp,0.0,0.0,0.6871811815403791,0.026413083076477,-0.0119919180870056,1,0,sofa
shapenet529,lamp,0.0,0.0,0.4687084965362332,0.024184763431549,-0.033578336238861,1,0,chair
shapenet534,lamp,-6.139480245669674,469.6666666666667,0.06302783458786693,0.0626250207424163,0.1178936064243316,1,1,bench
shapenet535,lamp,0.0,0.0,0.5915067763741103,-0.0830463469028472,-0.03757244348526,0,0,chair
shapenet537,lamp,0.0,0.0,0.42168027285282966,-0.0010923147201538,0.0189718008041381,0,0,watercraft
shapenet541,lamp,-0.3662040962227033,0.6666666666666666,0.6980400753560447,0.0486144423484802,0.033824622631073,1,1,cabinet
shapenet544,lamp,0.0,0.0,0.7543252832175863,-0.0716335177421569,-0.057002305984497,0,0,cabinet
shapenet546,lamp,-3.5816058803811797,37.333333333333336,0.10457172999923892,0.2077038586139679,0.1676487922668457,1,1,watercraft
shapenet547,lamp,0.0,0.0,0.7952529132837111,0.1735987365245819,0.1354497075080871,1,1,loudspeaker
shapenet548,lamp,0.0,0.0,0.7127393163508667,-0.0334933996200561,-0.0573607087135314,0,0,car
shapenet550,lamp,0.0,0.0,0.5909629434087077,0.004523754119873,-0.0747300386428833,0,0,telephone
shapenet554,lamp,0.0,0.0,0.23597775252866826,0.0328513383865356,0.0332262516021728,1,1,airplane
shapenet555,lamp,-4.476113686606315,275.0,0.14315914048387265,-0.0158569812774658,-0.0763022303581237,0,0,watercraft
shapenet567,lamp,0.0,0.0,0.7731244351820235,-0.0177378952503204,0.0099655091762542,0,0,loudspeaker
shapenet569,lamp,0.0,0.0,0.7268715409512986,0.0475726127624511,0.0158235728740692,1,0,cabinet
shapenet572,lamp,0.0,0.0,0.3720508056093586,0.0481563210487365,0.0966692566871643,1,1,telephone
shapenet574,lamp,0.0,0.0,0.2054380615184169,0.0359083414077758,0.2388920187950134,1,1,airplane
shapenet577,lamp,0.0,0.0,0.588124145971968,0.0539623498916626,0.0461806654930114,1,1,car
shapenet580,lamp,0.0,0.0,0.7134717774156444,0.0697048008441925,0.088329941034317,1,1,chair
shapenet584,lamp,0.0,0.0,0.15275395349548915,0.0488268136978149,-0.007205307483673,1,0,bench
shapenet586,lamp,0.0,0.0,0.14923347989886662,0.0628518462181091,0.0507627129554748,1,0,bench
shapenet590,lamp,-2.1345247326449384,201.0,0.15695839037043033,0.1696552634239196,0.0060118436813354,1,0,watercraft
shapenet591,lamp,0.0,0.0,0.3629876716329971,0.2139975726604461,0.1472237706184387,1,1,bench
shapenet592,lamp,0.0,0.0,0.7116391970901453,0.1685394346714019,0.1592596769332885,1,1,chair
shapenet593,lamp,0.0,0.0,0.7631605706155855,-0.0133126378059387,-0.048413872718811,0,0,display
shapenet597,lamp,0.0,0.0,0.23777026009474653,-0.0164123177528381,0.0208253264427185,0,1,airplane
shapenet598,lamp,0.0,0.0,0.21690476866877753,0.0768663883209228,0.2814482450485229,1,1,airplane
shapenet599,lamp,0.0,0.0,0.7102138958082681,0.0231872200965881,-0.0695875585079193,1,0,cabinet
shapenet600,lamp,0.0,0.0,0.2992703433795226,-0.0109703540802001,0.0845870375633239,0,1,airplane
shapenet604,lamp,0.0,0.0,0.8226473881345777,-0.0934836864471435,-0.1056732237339019,0,0,cabinet
shapenet605,lamp,0.0,0.0,0.18431661840656718,0.0181105732917785,0.0147233009338378,0,0,watercraft
shapenet608,lamp,0.0,0.0,0.6861711073020755,0.0215107798576354,0.1172830462455749,0,1,chair
shapenet609,lamp,0.0,0.0,0.24002174368273788,0.0344926118850708,0.078905165195465,1,1,airplane
shapenet612,lamp,0.0,0.0,0.23617538566378649,0.0588132739067077,-0.0725151896476745,1,0,airplane
shapenet616,lamp,0.0,0.0,0.7382597666051254,0.1227845847606659,0.1444228291511535,1,1,chair
shapenet617,lamp,0.0,0.0,0.6498889100300836,-0.0551646947860717,-0.0648699104785919,0,0,car
shapenet619,lamp,0.0,0.0,0.7077230996058718,0.0205047726631164,-0.0912733674049377,0,0,sofa
shapenet620,lamp,0.0,0.0,0.6439384904946795,-0.0041930973529815,0.0618963241577148,0,1,loudspeaker
shapenet622,lamp,-6.272274174866548,534.0,0.05204303637208468,0.1348042488098144,0.0811740756034851,1,1,watercraft
shapenet623,lamp,0.0,0.0,0.7207131915723441,0.0018436908721923,0.0002508759498596,0,0,car
shapenet628,lamp,0.0,0.0,0.8121334892565343,-0.0679579377174377,-0.0581055283546447,0,0,sofa
shapenet629,lamp,-0.46209812037329684,1.0,0.2804787541077352,0.0531566143035888,0.0631337463855743,1,1,watercraft
shapenet633,lamp,-2.1014829341406602,182.0,0.18382386471869908,0.1843754351139068,0.0887197256088256,1,1,bench
shapenet635,lamp,-2.057233532470305,159.33333333333334,0.1320634865460867,0.1091777980327606,0.0168339610099792,1,1,bench
shapenet636,lamp,0.0,0.0,0.5294648372314992,-0.0663987398147583,-0.0204922556877136,0,0,telephone
shapenet638,lamp,0.0,0.0,0.7616177534008001,0.0957621335983276,0.1029821634292602,1,1,cabinet
shapenet639,lamp,-0.46209812037329684,0.6666666666666666,0.21159067528290065,0.1515001356601715,-0.0371086299419403,1,0,lamp
shapenet640,lamp,-3.35362528092829,101.33333333333333,0.13296019256779387,0.1329499781131744,-0.0215262174606323,1,0,bench
shapenet644,lamp,0.0,0.0,0.7954603581667444,0.0952433347702026,-0.0184158086776733,1,0,display
shapenet646,lamp,0.0,0.0,0.7354118111790114,-0.0033931136131286,0.0501002669334411,0,1,loudspeaker
shapenet652,lamp,0.0,0.0,0.22872388348488512,0.0353210568428039,0.099647432565689,1,1,airplane
shapenet653,lamp,0.0,0.0,0.7416918553235164,-0.0013672113418579,-0.043292611837387,0,0,cabinet
shapenet656,lamp,0.0,0.0,0.6038472207980963,-0.1547576189041137,-0.0465108752250671,0,0,loudspeaker
shapenet658,lamp,0.0,0.0,0.255675304040629,-0.0570002794265747,0.1242203116416931,0,1,airplane
shapenet662,lamp,0.0,0.0,0.40673682082581,-0.0555238127708435,-0.032472550868988,0,0,telephone
shapenet664,lamp,0.0,0.0,0.506124719318299,0.0855647921562194,0.0404214262962341,1,1,loudspeaker
shapenet665,lamp,-3.63115824777754,154.0,0.18587841094912302,0.2259186804294586,0.216950386762619,1,1,airplane
shapenet666,lamp,0.0,0.0,0.485325424357073,0.1673336029052734,0.1202899813652038,1,1,chair
shapenet667,lamp,-2.116379663793266,190.33333333333334,0.23942589946204465,0.0455759763717651,0.0059669613838195,1,0,bench
shapenet677,lamp,0.0,0.0,0.7576718410037436,0.0560001730918884,0.0916127860546112,1,1,car
shapenet678,lamp,0.0,0.0,0.27051483016351763,0.0287868380546569,0.0600859522819519,0,1,airplane
shapenet679,lamp,0.0,0.0,0.6139963998176102,0.2474947869777679,0.3116668462753296,1,1,loudspeaker
shapenet682,lamp,0.0,0.0,0.2595839214985319,-0.0067691802978515,0.2401564717292785,0,1,airplane
shapenet683,lamp,0.0,0.0,0.4899305229665005,0.0530316233634948,0.0489208698272705,1,1,chair
shapenet686,lamp,0.0,0.0,0.32663613476424,0.087789237499237,0.0645036697387695,1,1,chair
shapenet687,lamp,0.0,0.0,0.7987608355505332,0.1270577907562255,0.0865823030471801,1,1,cabinet
shapenet690,lamp,0.0,0.0,0.5778028434126244,0.1542242765426635,0.1138461828231811,1,1,telephone
shapenet691,lamp,-6.149687209807095,473.6666666666667,0.06411956361186437,0.0804546475410461,0.1727542281150818,1,1,bench
shapenet692,lamp,0.0,0.0,0.7885960641022542,0.0908089280128479,0.0307862758636474,1,1,display
shapenet693,lamp,0.0,0.0,0.7527675504600416,-0.0626127123832702,-0.0502444505691528,0,0,table
shapenet697,lamp,0.0,0.0,0.6422605312012704,0.1446723043918609,0.0468218326568603,1,1,chair
shapenet699,lamp,0.0,0.0,0.7553744751274706,-0.0611987113952636,-0.005961000919342,0,0,car
shapenet702,lamp,-2.1081196541271034,185.66666666666666,0.14495902042203845,0.0661072134971618,0.0059122145175933,1,0,bench
shapenet703,lamp,0.0,0.0,0.6071659075453434,-0.0820150375366211,-0.0705913007259368,0,0,loudspeaker
shapenet708,lamp,-6.013694561389502,427.0,0.0704041954852311,-0.0049546062946319,0.0722074508666992,0,1,bench
shapenet711,lamp,-1.1945063128187032,3.3333333333333335,0.321976887779676,-0.0895940065383911,-0.0022562742233276,0,0,watercraft
shapenet714,lamp,0.0,0.0,0.307998325826012,0.1560088694095611,0.1666880846023559,1,1,bench
shapenet715,lamp,-1.253733371897854,14.0,0.2125897723152762,0.4434427320957184,0.0485840439796447,1,1,lamp
shapenet718,lamp,-1.7932991178468198,72.0,0.5770908027872181,0.2074818015098571,0.1401979923248291,1,1,bench
shapenet719,lamp,0.0,0.0,0.733997696939395,0.0080485939979553,0.1261869072914123,0,1,display
shapenet722,lamp,0.0,0.0,0.7485106972651003,0.1077028810977935,0.2045737206935882,1,1,sofa
shapenet724,lamp,0.0,0.0,0.5740446247056016,0.023642361164093,0.0190478563308715,0,0,watercraft
shapenet725,lamp,0.0,0.0,0.6824207384528687,0.1956220865249633,-0.0641862154006958,1,0,loudspeaker
shapenet732,lamp,-5.662956461335999,326.3333333333333,0.08448823110317978,0.1257851123809814,0.0310445427894592,1,1,chair
shapenet734,lamp,0.0,0.0,0.5945835214341638,0.0480064749717712,0.1137009859085083,1,1,telephone
shapenet736,lamp,0.0,0.0,0.21932165412158544,0.0107420682907104,0.1655927896499633,0,1,airplane
shapenet739,lamp,0.0,0.0,0.22638732737322917,-0.0316334962844848,0.0379926562309265,0,1,airplane
shapenet740,lamp,0.0,0.0,0.5825050096085648,0.1409868597984314,0.1906964778900146,1,1,chair
shapenet743,lamp,0.0,0.0,0.6642826748676273,-0.0681339502334594,-0.0346428155899047,0,0,table
shapenet744,lamp,0.0,0.0,0.6286977873979812,0.0040387213230133,-0.0661205649375915,0,0,loudspeaker
shapenet749,lamp,0.0,0.0,0.7789709863931256,0.0872335433959961,-0.0004715323448181,1,0,display
shapenet751,lamp,0.0,0.0,0.5704964092166439,-0.0912167429924011,-0.1240255236625671,0,0,display
shapenet757,lamp,0.0,0.0,0.5285775349608289,0.1914456784725189,0.0870080590248107,1,1,telephone
shapenet759,lamp,0.0,0.0,0.7012845153693462,0.0045483708381652,-0.0092962980270385,0,0,chair
shapenet760,lamp,0.0,0.0,0.5487870392804435,0.1061257719993591,-0.0483216941356658,1,0,telephone
shapenet761,lamp,0.0,0.0,0.6742822808233996,-0.0255150496959686,-0.0219002664089202,0,0,table
shapenet762,lamp,-1.9756420086568036,124.66666666666667,0.13837794438035297,0.15689417719841,0.1583147644996643,1,1,bench
shapenet766,lamp,0.0,0.0,0.4235562311384476,0.0446797013282775,-0.0825366377830505,1,0,table
shapenet770,lamp,-4.004235439734488,270.0,0.13759455006163093,0.0330469012260437,-0.0033552646636962,1,0,airplane
shapenet771,lamp,0.0,0.0,0.20450364749584385,0.0560252666473388,0.0032296180725097,1,0,airplane
shapenet772,lamp,-4.23159280643734,380.0,0.13871803394439153,0.0175187289714813,0.0124148428440094,0,0,bench
shapenet773,lamp,0.0,0.0,0.6258886586277492,0.0326377153396606,0.077958345413208,1,1,table
shapenet774,lamp,0.0,0.0,0.5868184316791574,0.0433387756347656,0.0024951100349426,1,0,loudspeaker
shapenet775,lamp,-1.0729586082894003,2.6666666666666665,0.5200476124237691,0.0378972291946411,-0.0427635908126831,1,0,loudspeaker
shapenet782,lamp,0.0,0.0,0.4373519438472344,0.0777480602264404,0.0130807161331176,1,1,chair
shapenet790,lamp,0.0,0.0,0.6434612908285331,0.0744184255599975,0.0784856081008911,1,1,loudspeaker
shapenet791,lamp,0.0,0.0,0.2025065141073276,0.0230271816253662,0.1256563067436218,1,1,airplane
shapenet796,lamp,0.0,0.0,0.6169052803124945,0.0463811159133911,0.0584169626235961,1,1,loudspeaker
shapenet797,lamp,0.0,0.0,0.7388856742839439,0.0044839978218078,0.0203036367893219,0,1,sofa
shapenet798,lamp,0.0,0.0,0.5685957747721446,0.1042130291461944,-0.0108460485935211,1,0,table
shapenet799,lamp,0.0,0.0,0.737780977873696,-0.0428298711776733,-0.0312206149101257,0,0,car
shapenet800,lamp,-2.053735773898359,157.66666666666666,0.14903840070862548,0.0667898654937744,0.0754708051681518,1,1,airplane
shapenet801,lamp,0.0,0.0,0.5957049154854471,-0.0551722645759582,-0.0518797039985656,0,0,loudspeaker
shapenet804,lamp,0.0,0.0,0.35944027662977734,0.0449163913726806,0.0670865178108215,1,1,airplane
shapenet805,lamp,0.0,0.0,0.6548037199048836,0.0135438442230224,-0.0098984837532043,0,0,cabinet
shapenet808,lamp,0.0,0.0,0.17467592447524885,-0.0005924105644226,0.0088022351264953,0,0,chair
shapenet811,lamp,0.0,0.0,0.5004131565047967,-0.0407491028308868,-0.04999840259552,0,0,table
shapenet812,lamp,0.0,0.0,0.7601233624895061,0.003446340560913,0.0168808698654174,0,0,cabinet
shapenet813,lamp,0.0,0.0,0.7532789975595359,0.0794769525527954,-0.0049038529396057,1,0,car
shapenet814,lamp,0.0,0.0,0.6889967329044026,-0.0442929863929748,-0.062924325466156,0,0,car
shapenet816,lamp,0.0,0.0,0.7372117995371129,0.1364198327064514,0.1665162444114685,1,1,table
shapenet817,lamp,0.0,0.0,0.7380604461010077,0.1328702270984649,0.1827784180641174,1,1,cabinet
shapenet818,lamp,0.0,0.0,0.7031523811948004,0.1028057932853698,0.1690474152565002,1,1,car
shapenet820,lamp,0.0,0.0,0.7531034456703871,0.0892204046249389,0.1661158204078674,1,1,chair
shapenet825,lamp,0.0,0.0,0.6493062445832504,-0.0851383209228515,-0.1114904880523681,0,0,table
shapenet826,lamp,0.0,0.0,0.7486512859249198,0.0136110782623291,0.0272364616394042,0,0,table
shapenet827,lamp,-4.096123756083764,310.0,0.1347486186815812,0.0699443221092224,0.1392627954483032,1,1,airplane
shapenet831,lamp,-0.23104906018664842,0.3333333333333333,0.21627365483979166,0.330170676112175,0.1035825908184051,1,1,watercraft
shapenet832,lamp,-3.52757109258501,167.33333333333334,0.10155434478871911,0.0113846361637115,-0.0819031596183776,0,0,bench
shapenet833,lamp,-0.8549831191538456,4.0,0.28055811577490575,-0.0180733799934387,-0.0269570052623748,0,0,watercraft
shapenet835,lamp,0.0,0.0,0.3011678409127297,0.0969892144203186,0.0099040269851684,1,0,airplane
shapenet837,lamp,0.0,0.0,0.76295154525628,-0.0630268156528472,-0.0380144119262695,0,0,cabinet
shapenet840,lamp,0.0,0.0,0.6799912084174827,0.0437905192375183,0.0693278312683105,0,1,chair
shapenet845,lamp,0.0,0.0,0.5395415152511897,0.0340813994407653,-0.0133445262908935,1,0,sofa
shapenet846,lamp,0.0,0.0,0.47792306625528186,0.1856085658073425,0.1027482151985168,1,1,chair
shapenet848,lamp,0.0,0.0,0.563138064338066,0.0666912794113159,0.051901638507843,1,1,watercraft
shapenet851,lamp,0.0,0.0,0.25912184136314614,-0.0290172696113586,0.047741949558258,0,1,airplane
shapenet852,lamp,0.0,0.0,0.6959732361980935,-0.0632901191711425,-0.1055793464183807,0,0,car
shapenet854,lamp,0.0,0.0,0.5587224370512679,0.0041878223419189,0.0320241451263427,0,0,telephone
shapenet856,lamp,0.0,0.0,0.12976767996729177,0.0174294710159301,-0.0495164990425109,0,0,bench
shapenet859,lamp,0.0,0.0,0.6594885571950589,-0.0542771816253662,-0.0222050547599792,0,0,table
shapenet860,lamp,-3.8820305969886792,224.66666666666666,0.1921586406536118,0.0368706583976745,0.0864661335945129,1,1,airplane
shapenet861,lamp,0.0,0.0,0.7928199084845732,0.0344723761081695,-0.0421598553657531,1,0,sofa
shapenet863,lamp,0.0,0.0,0.7877711664711627,-0.08222097158432,-0.0136587023735046,0,0,sofa
shapenet867,lamp,0.0,0.0,0.6650328914266451,0.1993777155876159,0.2905646562576294,1,1,chair
shapenet869,lamp,0.0,0.0,0.5040744574450766,0.0945074558258056,0.2050864100456237,1,1,sofa
shapenet871,lamp,0.0,0.0,0.4633902923264179,0.0418824553489685,0.0098748505115509,1,0,telephone
shapenet873,lamp,0.0,0.0,0.5588375736758978,0.0704571008682251,0.1605020761489868,1,1,cabinet
shapenet877,lamp,0.0,0.0,0.2853683745749867,0.1302509307861328,0.0178350806236267,1,0,chair
shapenet878,lamp,0.0,0.0,0.7569638979042993,0.1786381602287292,0.0796400904655456,1,1,display
shapenet879,lamp,0.0,0.0,0.7945787422314255,0.0518792867660522,0.0202753543853759,1,1,sofa
shapenet884,lamp,0.0,0.0,0.7023871097928467,0.0364718437194824,0.0156089663505554,0,1,sofa
shapenet886,lamp,-3.9512840173136072,249.33333333333334,0.1123831130603568,0.0052630007266998,0.0817873477935791,0,1,bench
shapenet888,lamp,0.0,0.0,0.5529245003320351,-0.0831275284290313,-0.0360732674598693,0,0,table
shapenet891,lamp,0.0,0.0,0.2601739881573003,0.0642598867416381,-0.0366836190223693,1,0,airplane
shapenet893,lamp,0.0,0.0,0.562383943671684,-0.1214416027069091,-0.0272567272186279,0,0,telephone
shapenet898,lamp,0.0,0.0,0.17727730672520015,0.0201340913772583,0.1099046468734741,1,1,airplane
shapenet899,lamp,0.0,0.0,0.35186346021432335,0.0748150944709777,0.0664105415344238,1,1,display
shapenet901,lamp,0.0,0.0,0.29680335663182683,0.0143272280693054,0.0574234127998352,1,1,airplane
shapenet902,lamp,-0.5364793041447001,1.3333333333333333,0.6419941020169436,0.0008290410041809,0.023599088191986,0,0,loudspeaker
shapenet903,lamp,0.0,0.0,0.663308418379907,0.0474236905574798,-0.0036106407642364,1,0,car
shapenet904,lamp,0.0,0.0,0.5857844046871031,0.1732527911663055,0.0646446347236633,1,1,loudspeaker
shapenet906,lamp,0.0,0.0,0.707636593963341,0.0379350185394287,0.0447152256965637,1,1,chair
shapenet913,lamp,0.0,0.0,0.5805975891427911,0.0451398491859436,0.0979308187961578,0,1,table
shapenet914,lamp,0.0,0.0,0.389811580548789,0.0352899432182312,-0.1175716519355773,0,0,table
shapenet915,lamp,0.0,0.0,0.6276187070433058,-0.0935498178005218,-0.0972876548767089,0,0,table
shapenet916,lamp,-1.7099662383076912,8.0,0.20666682018895002,0.0544805526733398,0.0579913258552551,1,1,watercraft
shapenet918,lamp,0.0,0.0,0.7691611419775372,0.0285381078720092,-0.0076105594635009,0,0,chair
shapenet919,lamp,0.0,0.0,0.29235328842087444,-0.0150563716888427,0.0559059381484985,0,1,airplane
shapenet923,lamp,0.0,0.0,0.6243555094842191,0.1226144433021545,0.0081643760204315,1,0,sofa
shapenet924,lamp,0.0,0.0,0.7404288870933037,0.0051536560058593,-0.0375480353832244,0,0,cabinet
shapenet925,lamp,0.0,0.0,0.554889517077937,0.1452938914299011,0.0539358258247375,1,0,loudspeaker
shapenet927,lamp,0.0,0.0,0.8205784143967279,0.0134058594703674,-0.0487716794013977,1,0,sofa
shapenet930,lamp,-0.46209812037329684,0.6666666666666666,0.27834043514548923,0.1234640777111053,0.0409463346004486,1,1,watercraft
shapenet938,lamp,-1.936047496660148,110.66666666666667,0.15341854173641734,0.0971441864967346,0.162488043308258,1,1,airplane
shapenet939,lamp,0.0,0.0,0.1281942737042293,-0.005896121263504,0.0363364815711975,0,1,bench
shapenet941,lamp,0.0,0.0,0.7819350175214939,0.1482242941856384,0.1882215440273285,1,1,display
shapenet942,lamp,0.0,0.0,0.6504330258402766,0.1797438859939575,0.1604295074939727,1,1,chair
shapenet943,lamp,0.0,0.0,0.2479731636245666,-0.0760815739631652,-0.0192859172821044,0,0,chair
shapenet946,lamp,0.0,0.0,0.32373742214742857,-0.0289422273635864,-0.0553356409072876,0,0,sofa
shapenet949,lamp,0.0,0.0,0.7424956082493082,0.0078019499778747,0.0664764046669006,0,1,sofa
shapenet950,lamp,0.0,0.0,0.7827105748642605,-0.009453922510147,0.0736720263957977,0,1,cabinet
shapenet952,lamp,0.0,0.0,0.6916328873874331,0.0613505244255065,0.0768990516662597,1,1,car
shapenet953,lamp,-4.121389937811088,322.0,0.10857908244328936,-0.0046441555023193,-0.0879788994789123,0,0,table
shapenet954,lamp,-4.107471547796718,315.3333333333333,0.1075436738010726,0.0236876010894775,0.0623947978019714,0,1,airplane
shapenet955,lamp,0.0,0.0,0.24030767295672703,0.026548147201538,0.0545761585235595,1,1,airplane
shapenet956,lamp,0.0,0.0,0.8009276676338243,0.1040607690811157,0.0838918983936309,1,1,sofa
shapenet957,lamp,0.0,0.0,0.5662121023819032,-0.0020611882209777,0.0844027698040008,0,1,table
shapenet958,lamp,0.0,0.0,0.789896036286474,0.0945000052452087,0.096845805644989,1,1,table
shapenet959,lamp,0.0,0.0,0.7054681267202086,0.066472589969635,-0.0256498456001281,1,0,loudspeaker
shapenet960,lamp,0.0,0.0,0.7056155026772212,0.0844496488571167,0.0739115476608276,1,1,cabinet
shapenet966,lamp,0.0,0.0,0.7142815856159807,0.1544815301895141,0.0886535942554473,1,1,chair
shapenet967,lamp,0.0,0.0,0.7386504412233582,-1.3589859008789062e-05,-0.0593208074569702,0,0,sofa
shapenet974,lamp,0.0,0.0,0.5394373551501764,-0.0466344952583313,-0.0784850716590881,0,0,telephone
shapenet977,lamp,0.0,0.0,0.7320889338892007,-6.467103958129883e-05,-0.0138222575187683,0,0,sofa
shapenet978,lamp,0.0,0.0,0.2874578492557097,0.0159941315650939,-0.0182495713233947,0,0,airplane
shapenet979,lamp,0.0,0.0,0.7706377000566033,0.1043044924736023,0.0901115536689758,1,1,sofa
shapenet983,lamp,-2.048061878041882,155.0,0.20201603784530278,0.0710673332214355,0.155186265707016,1,1,airplane
shapenet984,lamp,0.0,0.0,0.5501629947230974,0.144453763961792,0.0930854678153991,1,1,telephone
shapenet989,lamp,0.0,0.0,0.35296024182802926,-0.0747024416923523,-0.0186414718627929,0,0,chair
shapenet990,lamp,0.0,0.0,0.45812327472689535,0.0553032159805297,0.1365360915660858,1,1,telephone
shapenet991,lamp,0.0,0.0,0.8135519058988763,-0.0697487890720367,-0.0798879861831665,0,0,cabinet
shapenet994,lamp,0.0,0.0,0.6913655471714422,0.0150169134140014,-0.0511643290519714,0,0,car
shapenet1000,lamp,0.0,0.0,0.6518577967741241,-0.0222932398319244,-0.0587695240974426,0,0,loudspeaker
shapenet1003,lamp,-2.11579640321867,190.0,0.23933676742408816,0.0484114289283752,0.0158789157867431,1,0,bench
shapenet1005,lamp,0.0,0.0,0.5228209046521609,0.1384186744689941,0.0517406463623046,1,0,chair
shapenet1008,lamp,0.0,0.0,0.6136781481776462,0.0739546418190002,0.002147614955902,1,0,watercraft
shapenet1009,lamp,0.0,0.0,0.15600638522918778,0.0938446521759033,0.1990477740764618,1,1,airplane
shapenet1010,lamp,0.0,0.0,0.5026720705300961,0.0906698703765869,0.0325040221214294,1,1,cabinet
shapenet1016,lamp,0.0,0.0,0.39721555282149223,0.0228575766086578,0.1249841451644897,0,1,table
shapenet1019,lamp,0.0,0.0,0.7217951213438695,0.1235491037368774,0.1106314063072204,1,1,chair
shapenet1020,lamp,-1.9410152984943396,112.33333333333333,0.2914644727470899,0.07333505153656,0.199876457452774,1,1,airplane
shapenet1023,lamp,0.0,0.0,0.20682339959522364,0.0543882846832275,0.0011001229286193,1,0,chair
shapenet1024,lamp,0.0,0.0,0.8054909846044301,0.0638119578361511,-0.0144360661506652,1,0,sofa
shapenet1025,lamp,0.0,0.0,0.6359228020638534,0.0575023889541626,0.0043132305145263,1,0,loudspeaker
shapenet1026,lamp,0.0,0.0,0.25169794039245996,0.0084099769592285,0.2060964703559875,0,1,airplane
shapenet1028,lamp,0.0,0.0,0.7534469695456997,0.1172331571578979,0.1389904916286468,1,1,car
shapenet1030,lamp,0.0,0.0,0.7958138687212819,0.0094618797302246,-0.0547468066215515,1,0,display
shapenet1033,lamp,-4.8579176078338,326.6666666666667,0.0817600776909256,0.0591137409210205,0.0186741948127746,1,0,bench
shapenet1034,lamp,0.0,0.0,0.6668436634327123,0.0905362367630004,0.1619873940944671,1,1,sofa
shapenet1035,lamp,0.0,0.0,0.8403032778902159,-0.0057615637779235,0.054320752620697,0,1,table
shapenet1036,lamp,0.0,0.0,0.6844703494303565,0.0228194594383239,-0.022130012512207,1,0,display
shapenet1037,lamp,-0.23104906018664842,0.3333333333333333,0.47128819511778275,0.1091232895851135,-0.0302963256835937,1,0,cabinet
shapenet1041,lamp,0.0,0.0,0.2873646688313554,-0.0168043375015258,0.0197744965553283,0,0,airplane
shapenet1042,lamp,0.0,0.0,0.8403971781142552,0.0145981311798095,0.0314137935638427,0,0,display
shapenet1043,lamp,0.0,0.0,0.7520292496940227,0.0768278241157531,0.0636987686157226,1,1,table
shapenet1047,lamp,0.0,0.0,0.5669920931312632,0.1530837416648864,0.0786448121070861,1,1,table
shapenet1048,lamp,0.0,0.0,0.5104684759932941,-0.0434851348400116,-0.0012999773025512,0,0,table
shapenet1049,lamp,0.0,0.0,0.2712657227097626,0.139846384525299,0.2286412119865417,1,1,airplane
shapenet1050,lamp,0.0,0.0,0.6109754439321265,-0.055785596370697,-0.0128532648086547,0,0,telephone
shapenet1053,lamp,-1.4769389329477711,7.333333333333333,0.2888927692911683,0.3440807461738586,0.114247977733612,1,1,lamp
shapenet1055,lamp,-2.75521672186011,24.0,0.14818533658097752,0.1670183539390564,0.0479375123977661,1,1,watercraft
shapenet1056,lamp,0.0,0.0,0.7250220614599562,0.026324450969696,0.0409151911735534,1,1,sofa
shapenet1057,lamp,0.0,0.0,0.2149699031815663,-0.0489398837089538,-0.1035364866256713,0,0,airplane
shapenet1061,lamp,-0.46209812037329684,0.6666666666666666,0.3465271498390951,-0.0033411979675292,-0.0327749252319335,0,0,display
shapenet1062,lamp,-3.9109787046221975,234.66666666666666,0.10762869610479626,0.1028928458690643,0.0381270051002502,1,1,bench
shapenet1066,lamp,-1.1945063128187032,3.3333333333333335,0.25006397066320446,-0.0462070703506469,-0.0223101377487182,0,0,watercraft
shapenet1067,lamp,0.0,0.0,0.5776314221846376,-0.0234658122062683,-0.0143821835517883,0,0,cabinet
shapenet1070,lamp,0.0,0.0,0.45542814866226605,0.1287232041358947,0.0718433856964111,1,1,chair
shapenet1074,lamp,-0.46209812037329684,1.0,0.15459485746945104,0.2182896733283996,0.1257690191268921,1,1,chair
shapenet1078,lamp,-4.147060113399826,334.6666666666667,0.15538252458386662,0.1779647096991539,-0.0058605968952178,1,0,lamp
shapenet1079,lamp,0.0,0.0,0.6846496021198293,0.1000509262084961,0.1123297214508056,1,1,chair
shapenet1081,lamp,0.0,0.0,0.48760936866789173,0.0093036890029907,0.0035160779953002,0,0,cabinet
shapenet1082,lamp,-4.806226837735273,451.0,0.07143620084567022,0.2009413912892341,0.1573998928070068,1,1,lamp
shapenet1084,lamp,-1.0986122886681098,2.0,0.26488332479259763,0.0342853069305419,-0.0832794904708862,0,0,watercraft
shapenet1085,lamp,0.0,0.0,0.2995384034689431,0.1768267154693603,0.1772978901863098,1,1,table
shapenet1086,lamp,0.0,0.0,0.7295479929522132,0.1366512179374694,0.07020765542984,1,1,cabinet
shapenet1088,lamp,0.0,0.0,0.3556300242742278,-0.0059702396392822,-0.0409923195838928,0,0,watercraft
shapenet1091,lamp,0.0,0.0,0.6942254666701263,-0.0630158185958862,-0.0674461722373962,0,0,car
shapenet1092,lamp,0.0,0.0,0.24036077445346424,-0.0494176745414733,0.2211909890174865,0,1,airplane
shapenet1093,lamp,0.0,0.0,0.6979978243080898,0.1668084263801574,0.0990875959396362,1,1,sofa
shapenet1096,lamp,-4.274545511806598,405.3333333333333,0.089177168582242,0.0033552646636962,-0.0917473435401916,1,0,bench
shapenet1097,lamp,0.0,0.0,0.6440503115376007,0.0851833224296569,0.0483612120151519,1,1,sofa
shapenet1099,lamp,0.0,0.0,0.5030586722963685,-0.0505764782428741,-0.0598165392875671,0,0,table
shapenet1100,lamp,-3.462464695650285,173.33333333333334,0.14871056914207112,0.1112872958183288,0.1022871136665344,1,1,watercraft
shapenet1103,lamp,0.0,0.0,0.5586780503044649,0.065168559551239,-0.02234548330307,1,0,telephone
shapenet1111,lamp,0.0,0.0,0.6028411028165521,0.2362882494926452,0.2163501679897308,1,1,telephone
shapenet1113,lamp,0.0,0.0,0.2969301096398989,0.0259753465652465,-0.0017551183700561,1,0,chair
shapenet1117,lamp,0.0,0.0,0.20416976530600936,-0.0389936566352844,-0.0072972178459167,0,0,airplane
shapenet1119,lamp,0.0,0.0,0.22710433928305748,0.1109727621078491,0.2517565786838531,1,1,airplane
shapenet1120,lamp,-0.6931471805599453,2.3333333333333335,0.1836982678161986,-0.040365844964981,-0.020589679479599,0,0,watercraft
shapenet1121,lamp,0.0,0.0,0.48371271966420104,0.0889827609062194,0.0077781081199646,1,0,loudspeaker
shapenet1123,lamp,0.0,0.0,0.40922023310799793,0.0302157402038574,0.0239312946796417,1,1,watercraft
shapenet1125,lamp,0.0,0.0,0.6062717027181969,-0.0506027936935424,-0.010015845298767,0,0,telephone
shapenet1127,lamp,0.0,0.0,0.4425817425201753,0.0613800883293151,-0.0125469267368316,1,0,watercraft
shapenet1129,lamp,0.0,0.0,0.6374351889225567,0.1148731708526611,0.0084109306335449,1,0,car
shapenet1131,lamp,0.0,0.0,0.623367731412289,-0.0477176904678344,-0.0145338177680969,0,0,telephone
shapenet1137,lamp,0.0,0.0,0.20540558545318308,0.0238003730773925,0.2504238486289978,1,1,airplane
shapenet1141,lamp,0.0,0.0,0.760539544259947,-0.0273396372795104,-0.0316674709320068,0,0,chair
shapenet1142,lamp,0.0,0.0,0.5925439338485299,0.1169347763061523,0.1275566220283508,1,1,chair
shapenet1143,lamp,0.0,0.0,0.6970461930200895,0.0016410946846008,-0.0217499732971191,0,0,car
shapenet1144,lamp,0.0,0.0,0.6374342484737925,-0.0235316157341003,0.013551115989685,0,0,car
shapenet1145,lamp,0.0,0.0,0.8403744348634618,0.0109421610832214,-0.0683524310588836,0,0,cabinet
shapenet1146,lamp,0.0,0.0,0.4171428793672977,0.012471318244934,0.0159395635128021,1,0,watercraft
shapenet1147,lamp,0.0,0.0,0.28964453351306635,0.2138307094573974,0.2622060179710388,1,1,bench
shapenet1149,lamp,-4.206612185484344,366.0,0.305890804955722,0.0400824546813964,0.1033545136451721,0,1,chair
shapenet1155,lamp,0.0,0.0,0.7445834206373328,0.0965813994407653,0.0346174240112304,1,1,display
shapenet1157,lamp,0.0,0.0,0.5779183457714847,0.1392208933830261,0.3034858703613281,1,1,telephone
shapenet1159,lamp,0.0,0.0,0.20148735415027427,0.038029134273529,0.0086296200752258,1,0,airplane
shapenet1160,lamp,0.0,0.0,0.7312834802182467,0.0537523031234741,0.0076016783714294,1,0,car
shapenet1161,lamp,0.0,0.0,0.5122258826602621,0.0604879856109619,-0.0528261661529541,1,0,watercraft
shapenet1163,lamp,0.0,0.0,0.2336975632034657,0.1589774489402771,0.1835153698921203,1,1,bench
shapenet1168,lamp,0.0,0.0,0.653343248962831,-0.0131399631500244,-0.1193838417530059,0,0,sofa
shapenet1171,lamp,0.0,0.0,0.2548044123895796,0.009531557559967,-0.0295320749282836,0,0,airplane
shapenet1172,lamp,0.0,0.0,0.6136290805199747,0.0704734921455383,0.0583212971687316,1,1,loudspeaker
shapenet1174,lamp,0.0,0.0,0.7383832249571327,-0.0006232261657714,-0.0820364952087402,0,0,display
shapenet1178,lamp,0.0,0.0,0.6694721830675429,0.0911644697189331,0.1222806274890899,1,1,car
shapenet1179,lamp,0.0,0.0,0.6559388794487105,0.0581544041633605,0.009549081325531,1,0,cabinet
shapenet1182,lamp,0.0,0.0,0.547616146322254,-0.0341061949729919,-0.0257882475852966,0,0,telephone
shapenet1183,lamp,-0.7992984242661235,3.3333333333333335,0.30875185126641164,0.0139667689800262,0.0224367082118988,0,1,lamp
shapenet1184,lamp,-2.002117719867244,135.0,0.19373985192106483,0.0367681980133056,0.0752103924751281,1,1,airplane
shapenet1186,lamp,0.0,0.0,0.8240766732973749,0.0331115126609802,-0.0476050972938537,0,0,chair
shapenet1187,lamp,0.0,0.0,0.7913536517557382,0.0832238793373107,0.1078817844390869,1,1,cabinet
shapenet1189,lamp,0.0,0.0,0.3161787844344691,-0.0774194002151489,-0.0876303315162658,0,0,watercraft
shapenet1190,lamp,0.0,0.0,0.5283934658250684,0.1009621024131774,0.0095185935497283,1,0,watercraft
shapenet1191,lamp,0.0,0.0,0.6128616950755993,0.0637657642364502,0.08463054895401,1,1,loudspeaker
shapenet1194,lamp,0.0,0.0,0.7397932855548492,0.0416491627693176,0.0179488658905029,1,1,car
shapenet1196,lamp,0.0,0.0,0.20471581093275806,0.0487636923789978,0.1713203489780426,1,1,airplane
shapenet1197,lamp,-0.9985774245179969,2.0,0.26718738956478977,0.07291841506958,-0.0333210825920105,1,0,watercraft
shapenet1199,lamp,0.0,0.0,0.3479297386284101,0.2394190430641174,0.0202354788780212,1,0,watercraft
shapenet1200,lamp,0.0,0.0,0.753570694941057,0.10049968957901,0.0612848997116088,1,1,table
shapenet1201,lamp,0.0,0.0,0.8676180984834344,0.0271531343460083,0.1125380992889404,1,1,table
shapenet1202,lamp,0.0,0.0,0.1769189367920123,0.0551350712776184,0.1927480995655059,1,1,airplane
shapenet1208,lamp,-0.5364793041447001,1.3333333333333333,0.35047782677659,-0.0012107491493225,-0.0666841268539428,0,0,watercraft
shapenet1210,lamp,0.0,0.0,0.6956623161971128,-0.0647097826004028,-0.0666577219963073,0,0,sofa
shapenet1211,lamp,-5.0576487447344185,343.3333333333333,0.07819142985994075,0.2589714080095291,0.0171892046928405,1,1,lamp
shapenet1212,lamp,0.0,0.0,0.7420314783865809,0.024377167224884,-0.0306013226509094,0,0,car
shapenet1215,lamp,0.0,0.0,0.17992787565984214,0.0334855914115905,0.1521626114845276,1,1,airplane
shapenet1216,lamp,-0.46209812037329684,0.6666666666666666,0.3424439433488686,0.1598837971687317,0.0116339325904846,1,0,watercraft
shapenet1218,lamp,0.0,0.0,0.5520725940832518,0.0606473088264465,0.1167070865631103,1,1,telephone
shapenet1220,lamp,0.0,0.0,0.6749007676510175,0.1277772188186645,0.1703915894031524,1,1,car
shapenet1222,lamp,0.0,0.0,0.5583719770824705,0.0484727025032043,0.0465555787086486,1,1,sofa
shapenet1224,lamp,0.0,0.0,0.2273789169525012,0.0708556771278381,0.2359625697135925,1,1,airplane
shapenet1226,lamp,0.0,0.0,0.6198951083364547,-0.0243968963623046,-0.0412117838859558,0,0,loudspeaker
shapenet1227,lamp,0.0,0.0,0.7008664239635629,0.1352179646492004,0.0872152000665664,1,1,table
shapenet1228,lamp,0.0,0.0,0.2734853658279833,-0.0351505875587463,-0.0418864488601684,0,0,airplane
shapenet1232,lamp,-0.46209812037329684,0.6666666666666666,0.3482318762405989,-0.0236674547195434,-0.0523683726787567,0,0,watercraft
shapenet1234,lamp,0.0,0.0,0.8168094343276517,0.1186193227767944,0.0737970471382141,1,1,chair
shapenet1241,lamp,-6.502606289596673,666.0,0.008613269778594846,0.3481333702802658,0.1911015212535858,1,1,lamp
shapenet1242,lamp,0.0,0.0,0.5448758627585163,0.0849166512489318,0.065611720085144,1,1,cabinet
shapenet1245,lamp,0.0,0.0,0.24604215282359912,0.0135034918785095,-0.0709108710289001,0,0,airplane
shapenet1250,lamp,0.0,0.0,0.6567651082509114,0.1277649998664856,0.1765789985656738,1,1,chair
shapenet1252,lamp,0.0,0.0,0.3673849136832765,-0.0389876961708068,-0.0800297260284423,0,0,watercraft
shapenet1253,lamp,-0.46209812037329684,0.6666666666666666,0.4277744305919051,0.1176502406597137,0.1112739741802215,1,1,watercraft
shapenet1255,lamp,0.0,0.0,0.5276639849601398,-0.0090416073799133,-0.0990599989891052,0,0,chair
shapenet1256,lamp,0.0,0.0,0.31804341857707435,-0.0554957389831543,0.0411356687545776,0,1,airplane
shapenet1258,lamp,0.0,0.0,0.720013299954228,0.1283268332481384,0.0757443904876709,1,1,car
shapenet1259,lamp,0.0,0.0,0.6421403458737529,0.0409733057022094,0.0579676926136016,0,1,cabinet
shapenet1260,lamp,0.0,0.0,0.6474614780053511,-0.0546003580093383,-0.0567564666271209,0,0,car
shapenet1262,lamp,0.0,0.0,0.6548782230966639,-0.1218840479850769,-0.0870117545127868,0,0,loudspeaker
shapenet1263,lamp,0.0,0.0,0.4646945589676316,0.1904173195362091,0.2409015595912933,1,1,chair
shapenet1264,lamp,0.0,0.0,0.7483871705639418,-0.0288431048393249,-0.0506225824356079,0,0,car
shapenet1267,lamp,0.0,0.0,0.7792468757587864,-0.0906272530555725,-0.0879358649253845,0,0,display
shapenet1269,lamp,-1.5350567286626973,6.0,0.42565646983628036,-0.0539838075637817,-0.1128704249858856,0,0,table
shapenet1271,lamp,-1.4391627045121034,3.3333333333333335,0.2486142707770549,0.1286908984184265,0.2400241494178772,1,1,watercraft
shapenet1273,lamp,0.0,0.0,0.6934773041554645,-0.0378355979919433,-0.0987838506698608,0,0,car
shapenet1274,lamp,0.0,0.0,0.6701963803067233,0.035298466682434,0.0599015057086944,0,1,table
shapenet1275,lamp,0.0,0.0,0.26118316562012733,0.0029395818710327,-0.02314954996109,0,0,airplane
shapenet1276,lamp,0.0,0.0,0.4061312872289802,0.0639671683311462,0.0222522020339965,1,0,loudspeaker
shapenet1278,lamp,0.0,0.0,0.28163254098760554,0.0504322052001953,0.0547105073928833,1,1,bench
shapenet1279,lamp,0.0,0.0,0.76259356740615,0.0337626338005065,0.1248415112495422,1,1,sofa
shapenet1283,lamp,0.0,0.0,0.5451221739585823,0.00912606716156,0.0321806073188781,0,1,telephone
shapenet1285,lamp,0.0,0.0,0.7069882360828693,0.1551796793937683,0.1744775772094726,1,1,cabinet
shapenet1286,lamp,0.0,0.0,0.699108442433746,0.0674898624420166,0.0578203797340393,1,1,table
shapenet1287,lamp,0.0,0.0,0.2847033121276719,0.1688324362039566,0.023853451013565,1,0,lamp
shapenet1288,lamp,0.0,0.0,0.6927424835838017,0.0354766845703125,0.0026432871818542,1,0,car
shapenet1290,lamp,0.0,0.0,0.6923306365736751,0.0983166396617889,-0.0206902623176574,1,0,car
shapenet1292,lamp,0.0,0.0,0.5927180862992152,0.0504841804504394,-0.0366249680519104,1,0,cabinet
shapenet1294,lamp,0.0,0.0,0.5640177034389074,0.0528622567653656,0.0520908832550048,1,1,telephone
shapenet1295,lamp,0.0,0.0,0.7828159000433802,0.0126710534095764,-0.013943612575531,0,0,cabinet
shapenet1296,lamp,0.0,0.0,0.6348482205992975,0.1731148660182953,0.1303048133850097,1,1,chair
shapenet1297,lamp,-0.8796857765384195,4.333333333333333,0.3907133071167041,0.3217190951108932,-0.087397426366806,1,0,lamp
shapenet1298,lamp,0.0,0.0,0.40389344054694915,0.0288751125335693,-0.0304311513900756,1,0,table
shapenet1299,lamp,0.0,0.0,0.5489890179067483,0.0801764130592346,-0.0108265876770019,1,0,telephone
shapenet1300,lamp,-0.9814796597221468,6.0,0.37729369369726246,-0.0164850950241088,-0.0670742690563201,0,0,watercraft
shapenet1303,lamp,0.0,0.0,0.869710884653231,0.0542400777339935,0.0482087135314941,0,1,table
shapenet1304,lamp,0.0,0.0,0.23426077837353376,-0.0262137055397033,0.1141688823699951,0,1,airplane
shapenet1306,lamp,0.0,0.0,0.7738458844316396,0.0528455972671508,-0.0301522016525268,1,0,sofa
shapenet1308,lamp,0.0,0.0,0.273901699558134,-0.0191688537597656,-0.0412774085998535,0,0,display
shapenet1310,lamp,0.0,0.0,0.8390830535760209,0.0415753424167633,0.0020322203636169,1,0,loudspeaker
shapenet1312,lamp,0.0,0.0,0.7319727316989505,0.1974189281463623,0.2861450910568237,1,1,chair
shapenet1314,lamp,0.0,0.0,0.7323530930147486,0.0898273587226867,-0.0241385698318481,1,0,cabinet
shapenet1315,lamp,-4.094691603724904,309.3333333333333,0.12559209624899825,-0.0596062541007995,-0.0929202437400817,0,0,bench
shapenet1316,lamp,0.0,0.0,0.4725343346444156,0.1012623310089111,0.0384072959423065,1,0,watercraft
shapenet1317,lamp,0.0,0.0,0.48028776614615615,0.0736812949180603,0.0221961736679077,1,1,telephone
shapenet1318,lamp,0.0,0.0,0.7620199278298386,0.1381595134735107,0.0416124463081359,1,1,sofa
shapenet1320,lamp,0.0,0.0,0.5758591651650731,-0.0058377385139465,-0.0521267652511596,0,0,car
shapenet1321,lamp,0.0,0.0,0.48032281354253287,0.1201904416084289,0.1811056733131408,1,1,chair
shapenet1322,lamp,0.0,0.0,0.7972395788638661,0.1061292290687561,0.0022336840629577,1,0,display
shapenet1324,lamp,0.0,0.0,0.6912646759216171,0.0152052044868469,-0.0625313520431518,0,0,cabinet
shapenet1325,lamp,0.0,0.0,0.30902979797999003,0.1751621961593628,0.2240466475486755,1,1,airplane
shapenet1328,lamp,0.0,0.0,0.775313511254931,-0.0586330890655517,-0.0170623064041137,0,0,cabinet
shapenet1330,lamp,0.0,0.0,0.7380016396069324,-0.0089979171752929,0.0023592710494995,0,0,car
shapenet1333,lamp,0.0,0.0,0.8001963579448178,0.0227749347686767,0.1400061249732971,1,1,sofa
shapenet1337,lamp,-1.2688874965901065,2.6666666666666665,0.2643894223758129,0.0240501761436462,-0.0612450242042541,1,0,watercraft
shapenet1339,lamp,-1.0729586082894003,2.6666666666666665,0.2950416832726557,-0.000440776348114,0.0218293070793151,0,0,watercraft
shapenet1341,lamp,0.0,0.0,0.7435223229122885,-0.0373514890670776,-0.0259963870048522,0,0,car
shapenet1347,lamp,-4.769238631731231,382.0,0.1078681610936726,0.0623457431793212,0.0497165322303772,1,1,watercraft
shapenet1349,lamp,0.0,0.0,0.7946914520928906,0.0947930812835693,0.0098820328712463,1,1,sofa
shapenet1351,lamp,0.0,0.0,0.17725205105144048,-0.0058069825172424,-0.1281042695045471,0,0,airplane
shapenet1353,lamp,0.0,0.0,0.2153845764958974,0.0674067735671997,0.011461853981018,1,0,airplane
shapenet1354,lamp,0.0,0.0,0.7401629861472995,0.0822678804397583,0.13924640417099,1,1,sofa
shapenet1357,lamp,0.0,0.0,0.6388281620893727,0.0833941102027893,0.1531468033790588,1,1,chair
shapenet1358,lamp,0.0,0.0,0.6771822263720696,0.1808812320232391,0.0548915863037109,1,1,telephone
shapenet1359,lamp,0.0,0.0,0.7369789076176797,-0.0295352339744567,-0.0677734315395355,0,0,car
shapenet1360,lamp,0.0,0.0,0.7198921125136661,0.0053393840789794,0.0815763473510742,1,1,display
shapenet1361,lamp,0.0,0.0,0.8085949941079917,0.0306175947189331,0.1332599520683288,1,1,chair
shapenet1362,lamp,0.0,0.0,0.16026230417784973,-0.0332170128822326,0.2001701593399047,0,1,airplane
shapenet1364,lamp,0.0,0.0,0.7153064076462163,0.20545694231987,-0.0023027658462524,1,0,sofa
shapenet1369,lamp,0.0,0.0,0.7228460981733212,0.124597430229187,0.0285881161689758,1,0,car
shapenet1372,lamp,0.0,0.0,0.3970581916616939,-0.0461640357971191,-0.0846184492111206,0,0,cabinet
shapenet1375,lamp,0.0,0.0,0.21388376071686588,0.0178541541099548,0.2516615986824035,1,1,airplane
shapenet1377,lamp,0.0,0.0,0.41067736898893087,0.0208926796913146,-0.019837737083435,1,0,watercraft
shapenet1378,lamp,-2.1655916633952876,220.66666666666666,0.29318061520576955,0.1123833060264587,0.123207002878189,1,1,watercraft
shapenet1380,lamp,0.0,0.0,0.45804670752695215,0.1384397149085998,-0.034300684928894,1,0,loudspeaker
shapenet1381,lamp,0.0,0.0,0.7099108161065993,0.065365731716156,0.0163037180900573,1,0,car
shapenet1383,lamp,0.0,0.0,0.5253655022722399,-0.0336924493312835,-0.0893880128860473,0,0,loudspeaker
shapenet1386,lamp,0.0,0.0,0.7170430906680059,0.0709026455879211,-0.0486639142036438,1,0,display
shapenet1390,lamp,0.0,0.0,0.4447475499051989,-0.0569756031036376,-0.0018378496170043,0,0,telephone
shapenet1391,lamp,0.0,0.0,0.7995764829812778,0.1107057332992553,0.0870592892169952,1,1,loudspeaker
shapenet1392,lamp,0.0,0.0,0.2840404491011725,0.2457120418548584,0.0623784959316253,1,1,telephone
shapenet1393,lamp,-2.9312040238631027,139.0,0.20590451336358032,0.0726992487907409,0.0460767447948455,1,1,watercraft
shapenet1394,lamp,0.0,0.0,0.6980133384457327,-0.0967833995819091,-0.0540354251861572,0,0,cabinet
shapenet1396,lamp,0.0,0.0,0.219295896643109,-0.0339179635047912,0.0044541358947753,0,0,airplane
shapenet1397,lamp,0.0,0.0,0.3933787777504924,0.1853502988815307,0.0369684100151062,1,0,chair
shapenet1401,lamp,0.0,0.0,0.31121085992410036,0.0146417617797851,0.0131690502166748,0,1,airplane
shapenet1402,lamp,0.0,0.0,0.7012503465460694,0.1393893361091613,0.1425019204616546,1,1,chair
shapenet1404,lamp,0.0,0.0,0.6627328930595268,-0.0634528398513794,0.0062756240367889,0,0,car
shapenet1406,lamp,0.0,0.0,0.22380113910105748,-0.0036243200302124,0.3007927983999252,0,1,airplane
shapenet1411,lamp,0.0,0.0,0.6889122185041502,0.0807357132434845,-0.0718332529067993,1,0,sofa
shapenet1413,lamp,-6.015562228747722,415.3333333333333,0.0751738219300153,0.1429805755615234,0.1350704431533813,1,1,bench
shapenet1418,lamp,0.0,0.0,0.6935855074041326,-0.0173098444938659,-0.0357309579849243,0,0,car
shapenet1419,lamp,0.0,0.0,0.8901814425737712,-0.0779317617416381,-0.0601184368133544,0,0,table
shapenet1421,lamp,0.0,0.0,0.4162464643513058,-0.0677797794342041,-0.0841362178325653,0,0,watercraft
shapenet1422,lamp,0.0,0.0,0.20680977694098615,-0.0260366201400756,0.0270657539367675,0,0,airplane
shapenet1423,lamp,-0.7324081924454066,1.3333333333333333,0.45870867467144794,0.1242004036903381,0.011841595172882,1,0,telephone
shapenet1427,lamp,0.0,0.0,0.8123521233868285,-0.0240793824195861,0.0036223232746124,0,0,display
shapenet1428,lamp,0.0,0.0,0.6843334709862193,0.0037677884101867,0.0156983733177185,0,1,car
shapenet1429,lamp,0.0,0.0,0.6908821859013687,0.0839309096336364,0.0356457233428955,1,1,sofa
shapenet1433,lamp,0.0,0.0,0.6591050616662449,0.1286320090293884,0.0484888553619384,1,1,car
shapenet1435,lamp,0.0,0.0,0.7003069108059577,0.2240202724933624,0.2590386867523193,1,1,bench
shapenet1436,lamp,0.0,0.0,0.26206167523090035,0.0103185772895812,-0.0135230422019958,1,0,airplane
shapenet1439,lamp,-0.8283022165960001,1.3333333333333333,0.3192601964875153,0.1590332984924316,-0.0303328335285186,1,0,lamp
shapenet1441,lamp,0.0,0.0,0.21582324892931437,-0.0065881013870239,0.2989781647920608,0,1,airplane
shapenet1445,lamp,0.0,0.0,0.21087657080850564,-0.0181864500045776,0.1273740828037262,0,1,airplane
shapenet1448,lamp,-0.7324081924454066,1.3333333333333333,0.5672094902082665,0.0666144490242004,0.0211828351020813,1,0,cabinet
shapenet1449,lamp,0.0,0.0,0.7480461684903941,-0.0549043416976928,-0.092201292514801,0,0,cabinet
shapenet1451,lamp,0.0,0.0,0.5761907136423391,0.1353660225868225,0.0839506983757019,1,1,display
shapenet1455,lamp,0.0,0.0,0.27189638672647415,0.0789678692817688,0.2689354419708252,1,1,airplane
shapenet1460,lamp,-0.3662040962227033,0.6666666666666666,0.5300114478516353,0.1547070741653442,0.1210862696170806,1,1,telephone
shapenet1466,lamp,0.0,0.0,0.21921533437695517,0.0194642543792724,0.0665410161018371,1,1,airplane
shapenet1468,lamp,0.0,0.0,0.7266781874626117,-0.0659651160240173,-0.0724620223045349,0,0,car
shapenet1470,lamp,0.0,0.0,0.37004519434691435,0.0758821368217468,0.066514253616333,1,1,chair
shapenet1472,lamp,0.0,0.0,0.22801408960871614,0.0023372769355773,0.1541776061058044,1,1,airplane
shapenet1473,lamp,-3.3130641590523013,28.666666666666668,0.11142517844928586,0.0813926756381988,-0.0264171659946441,1,0,watercraft
shapenet1474,lamp,0.0,0.0,0.658375984994403,0.0406776070594787,-0.0212944746017456,1,0,car
shapenet1475,lamp,0.0,0.0,0.6133582639342744,0.086233913898468,0.0465022921562194,1,1,cabinet
shapenet1477,lamp,-2.520373863176746,20.333333333333332,0.25437418424531555,0.3334897607564926,0.1609391570091247,1,1,lamp
shapenet1478,lamp,0.0,0.0,0.20265030286285335,0.1217332780361175,0.2385966181755066,1,1,airplane
shapenet1479,lamp,0.0,0.0,0.69421331480308,0.0688837766647338,0.0612667202949523,1,1,car
shapenet1480,lamp,0.0,0.0,0.7613099766760935,-0.0912105441093444,-0.0533498525619506,0,0,cabinet
shapenet1484,lamp,-4.228080945814101,378.0,0.19352058163205932,0.0436676144599914,-0.0063869357109069,1,0,telephone
shapenet1486,lamp,0.0,0.0,0.7350209913184912,0.1100206971168518,0.1304951906204223,1,1,table
shapenet1487,lamp,0.0,0.0,0.6284017290769951,-0.0604288280010223,-0.0183818340301513,0,0,telephone
shapenet1489,lamp,0.0,0.0,0.7974948436636561,-0.0199427008628845,-0.0345554053783416,0,0,loudspeaker
shapenet1491,lamp,0.0,0.0,0.6375488338647303,0.0818531513214111,0.234607994556427,1,1,chair
shapenet1494,lamp,-4.120011102435048,321.3333333333333,0.3163783829145114,-0.0203020572662353,-0.089490532875061,0,0,bench
shapenet1495,lamp,0.0,0.0,0.7432815835246515,0.1230652630329132,0.1683225631713867,1,1,cabinet
shapenet2,loudspeaker,-1.8483924814931874,10.0,0.25966906820557045,0.3104072511196136,0.0241907835006713,1,1,loudspeaker
shapenet3,loudspeaker,-0.46209812037329684,0.6666666666666666,0.45607031782753,0.1706461310386657,0.1602188944816589,1,1,bench
shapenet4,loudspeaker,0.0,0.0,0.34519752574396284,0.1182109713554382,0.2167392373085022,1,1,airplane
shapenet5,loudspeaker,0.0,0.0,0.48674043211378004,0.049714982509613,0.0364487171173095,1,0,sofa
shapenet6,loudspeaker,-0.23104906018664842,0.3333333333333333,0.2957958756080992,0.1574296951293945,0.0723785758018493,1,1,bench
shapenet10,loudspeaker,0.0,0.0,0.5867961650018282,-0.1233347356319427,-0.1119518280029296,0,0,display
shapenet11,loudspeaker,-1.5350567286626973,6.0,0.2923903280718125,0.0677952170372009,0.0410408675670623,1,1,watercraft
shapenet13,loudspeaker,0.0,0.0,0.4431556993623653,0.1363747715950012,0.0926105976104736,1,1,airplane
shapenet15,loudspeaker,0.0,0.0,0.4535920769936756,0.1807683408260345,0.089080661535263,1,1,cabinet
shapenet18,loudspeaker,0.0,0.0,0.5228155996460194,0.1263707876205444,0.1286601424217224,1,1,table
shapenet19,loudspeaker,0.0,0.0,0.7119684624478638,0.171643316745758,0.0506073832511901,1,0,chair
shapenet20,loudspeaker,-2.060694968905544,7.666666666666667,0.2251394592933209,0.0604222416877746,0.0637953877449035,1,1,bench
shapenet22,loudspeaker,0.0,0.0,0.4340018015580647,0.0842041969299316,0.1911988854408264,1,1,chair
shapenet23,loudspeaker,-2.0364158609214553,9.666666666666666,0.21635851332313685,0.1715207993984222,-0.0585803687572479,1,0,loudspeaker
shapenet24,loudspeaker,-1.5873913115992522,5.333333333333333,0.28784020398766924,0.0656811594963073,0.0579293370246887,1,1,cabinet
shapenet25,loudspeaker,0.0,0.0,0.7756022346945114,0.1979354321956634,0.2099210619926452,1,1,chair
shapenet26,loudspeaker,0.0,0.0,0.6461377252570079,0.0066773295402526,-0.0800977349281311,0,0,watercraft
shapenet28,loudspeaker,0.0,0.0,0.3883181447632129,-0.0376930832862854,-0.0009410977363586,0,0,airplane
shapenet35,loudspeaker,0.0,0.0,0.47136418665933144,0.1576653122901916,0.0031989216804504,1,0,telephone
shapenet37,loudspeaker,0.0,0.0,0.6999010107246341,-0.032966136932373,-0.0654328465461731,0,0,display
shapenet41,loudspeaker,-0.5364793041447001,1.3333333333333333,0.3462010491990004,0.0978924632072448,-0.03516685962677,1,0,cabinet
shapenet42,loudspeaker,-2.597174273050244,13.0,0.15454212240340004,0.4044108986854553,0.0765052437782287,1,1,loudspeaker
shapenet46,loudspeaker,0.0,0.0,0.4663906412905117,0.0415811538696289,0.0792386829853057,0,1,table
shapenet49,loudspeaker,0.0,0.0,0.438723720251168,-0.0749458074569702,0.0554926395416259,0,1,airplane
shapenet50,loudspeaker,0.0,0.0,0.530246357624534,0.0467699170112609,-0.00068199634552,1,0,display
shapenet53,loudspeaker,0.0,0.0,0.8447147357859036,-0.0347563028335571,-0.0308929681777954,0,0,car
shapenet55,loudspeaker,0.0,0.0,0.46439903360075413,0.0135260224342346,0.0740576386451721,0,1,telephone
shapenet57,loudspeaker,-1.9835475175292423,6.333333333333333,0.2196582170866792,0.500568337738514,0.3005216121673584,1,1,loudspeaker
shapenet62,loudspeaker,-2.118702553565297,15.333333333333334,0.19246570328914245,-0.0191896259784698,-0.1298196613788604,0,0,loudspeaker
shapenet71,loudspeaker,0.0,0.0,0.37533135237523524,0.0164044499397277,0.1618518531322479,0,1,airplane
shapenet72,loudspeaker,0.0,0.0,0.3815724640620408,0.0632421374320983,0.1164968013763427,1,1,airplane
shapenet73,loudspeaker,0.0,0.0,0.3648011681538899,-0.0050840377807617,-0.0672264099121093,0,0,watercraft
shapenet74,loudspeaker,0.0,0.0,0.5318352478825258,0.0156306028366088,-0.0312279760837554,0,0,chair
shapenet75,loudspeaker,0.0,0.0,0.40580209648103843,-0.0571640133857727,-0.0595597624778747,0,0,airplane
shapenet80,loudspeaker,0.0,0.0,0.555579133393138,0.0168136954307556,0.0355584025382995,1,0,telephone
shapenet82,loudspeaker,-1.598596848532247,6.666666666666667,0.2890936530655904,-0.0137127041816711,-0.0057975053787231,0,0,bench
shapenet83,loudspeaker,-1.1945063128187032,3.3333333333333335,0.2958944433776561,0.1489474177360534,-0.0697695016860961,1,0,cabinet
shapenet86,loudspeaker,-1.5350567286626973,6.0,0.2646797564977715,0.1016211211681366,-0.010015457868576,1,0,bench
shapenet87,loudspeaker,0.0,0.0,0.37523129090298624,0.0596530437469482,0.0677871406078338,1,1,airplane
shapenet90,loudspeaker,-1.6566044331920002,4.666666666666667,0.24155814152354557,0.0565058887004852,0.1438702940940857,1,1,bench
shapenet91,loudspeaker,-2.228203909222642,13.0,0.19195504557901724,0.0782106518745422,-0.1352855563163757,1,0,loudspeaker
shapenet97,loudspeaker,0.0,0.0,0.8957091994293308,-0.0017661452293395,-0.0528821349143981,0,0,car
shapenet101,loudspeaker,0.0,0.0,0.3704320334417444,0.1101224422454834,0.1374700367450714,1,1,bench
shapenet102,loudspeaker,0.0,0.0,0.41355598282392964,0.0287008136510849,0.1193779408931732,1,1,bench
shapenet103,loudspeaker,0.0,0.0,0.47477383765178766,0.020742654800415,0.027547538280487,0,1,airplane
shapenet104,loudspeaker,0.0,0.0,0.37067919701858254,0.0551779270172119,0.0419152379035949,1,1,airplane
shapenet107,loudspeaker,0.0,0.0,0.8798289031038493,-0.1030166745185852,-0.0259132087230682,0,0,car
shapenet110,loudspeaker,0.0,0.0,0.40312525853985076,0.1269664764404297,0.0757603645324707,1,1,watercraft
shapenet112,loudspeaker,0.0,0.0,0.38253429223993435,0.005221277475357,0.0573135018348693,0,1,cabinet
shapenet115,loudspeaker,0.0,0.0,0.6455818766704219,-0.1083696782588958,0.0159212350845336,0,0,display
shapenet116,loudspeaker,0.0,0.0,0.8315142754588191,-0.0992847084999084,0.0146422386169433,0,0,car
shapenet118,loudspeaker,0.0,0.0,0.6819003774606845,0.01958429813385,0.0405457317829132,0,0,chair
shapenet119,loudspeaker,0.0,0.0,0.6231265907272564,0.09764164686203,-0.06917405128479,1,0,chair
shapenet120,loudspeaker,-1.5350567286626973,6.0,0.26078632999507717,-0.0307297110557556,0.0732601284980773,0,1,bench
shapenet123,loudspeaker,0.0,0.0,0.4770868491588089,0.0124061107635498,0.0454006791114807,0,1,telephone
shapenet124,loudspeaker,0.0,0.0,0.8943343937517297,-0.0851033926010131,-0.0428165197372436,0,0,car
shapenet125,loudspeaker,-0.6486367163517711,2.0,0.3912319909673441,0.1547617316246032,0.0512470602989196,1,0,sofa
shapenet126,loudspeaker,-1.8296459087188957,7.0,0.23785803206613132,0.0629448890686035,-0.0086700320243835,1,0,chair
shapenet128,loudspeaker,0.0,0.0,0.41634571021243194,0.1229764521121978,0.0334146916866302,1,1,lamp
shapenet129,loudspeaker,-2.172064358680988,9.0,0.22150299787870975,-0.0095840096473693,-0.0149354636669158,0,0,watercraft
shapenet133,loudspeaker,0.0,0.0,0.3258641193834542,0.0418253540992736,-0.0082961320877075,1,0,lamp
shapenet134,loudspeaker,-2.7295630414814003,14.333333333333334,0.14939835665948573,0.2607737779617309,0.0987787246704101,1,1,loudspeaker
shapenet136,loudspeaker,0.0,0.0,0.7162979335668709,0.0404512882232666,-0.004727303981781,1,0,watercraft
shapenet142,loudspeaker,-1.2972734327035422,4.0,0.25882495681894796,0.1299921870231628,0.2693129777908325,1,1,bench
shapenet144,loudspeaker,-0.9634572526320548,1.6666666666666667,0.26612116240780326,0.119192898273468,0.0823929905891418,1,1,cabinet
shapenet148,loudspeaker,0.0,0.0,0.690121419871874,0.06978040933609,0.0157907009124755,1,0,watercraft
shapenet151,loudspeaker,-1.1754535082053872,11.0,0.3379348115843795,0.2896363437175751,0.0378164649009704,1,1,loudspeaker
shapenet152,loudspeaker,0.0,0.0,0.7804840741290994,0.1700263619422912,0.0681538879871368,1,1,watercraft
shapenet153,loudspeaker,-1.6094379124341003,4.0,0.2358494896031044,0.047433316707611,-0.0997340083122253,0,0,cabinet
shapenet154,loudspeaker,0.0,0.0,0.855178274168808,0.22886323928833,0.0678203701972961,1,1,car
shapenet156,loudspeaker,0.0,0.0,0.4464715768235828,0.0503163635730743,0.1605275571346283,0,1,airplane
shapenet157,loudspeaker,-1.1945063128187032,2.3333333333333335,0.18733712394316046,0.3079556226730346,0.1102774143218994,1,1,loudspeaker
shapenet160,loudspeaker,0.0,0.0,0.771659268059557,0.092045858502388,-0.0514995455741882,1,0,table
shapenet161,loudspeaker,0.0,0.0,0.47988992488385507,-0.0694785118103027,-0.0349398851394653,0,0,telephone
shapenet162,loudspeaker,-0.9026834003674034,4.666666666666667,0.2643965929457209,-0.0624458789825439,-0.1361637115478515,0,0,loudspeaker
shapenet163,loudspeaker,0.0,0.0,0.3571259924939796,0.0983045697212219,0.1576379537582397,1,1,airplane
shapenet164,loudspeaker,0.0,0.0,0.39089360858676,-0.0543951988220214,0.0535483360290527,0,1,airplane
shapenet165,loudspeaker,0.0,0.0,0.8631368033246121,-0.1204883456230163,-0.0400231480598449,0,0,car
shapenet167,loudspeaker,-0.6931471805599453,2.3333333333333335,0.32896522315847293,-0.010991096496582,0.0117198228836059,0,0,bench
shapenet169,loudspeaker,0.0,0.0,0.47075249819553516,0.0889135599136352,0.2161377370357513,1,1,telephone
shapenet171,loudspeaker,0.0,0.0,0.8654888598429135,0.1016702651977539,0.0421214997768402,1,0,car
shapenet172,loudspeaker,0.0,0.0,0.4224998925727726,-0.0073120594024658,-0.0906313061714172,0,0,airplane
shapenet176,loudspeaker,0.0,0.0,0.5810624263598675,-0.0138294696807861,0.0840274095535278,0,1,table
shapenet178,loudspeaker,0.0,0.0,0.6901008913718885,-0.0033468604087829,0.0885592997074127,0,1,watercraft
shapenet179,loudspeaker,0.0,0.0,0.5333576859490347,0.0914889872074127,-0.0824221968650817,1,0,cabinet
shapenet184,loudspeaker,0.0,0.0,0.5263388296641694,-0.0230861902236938,0.0380235612392425,0,1,chair
shapenet185,loudspeaker,0.0,0.0,0.27683358156973664,0.0390675067901611,0.0763335227966308,0,1,sofa
shapenet186,loudspeaker,0.0,0.0,0.5867562232466444,0.205002874135971,0.2805329263210296,1,1,chair
shapenet191,loudspeaker,0.0,0.0,0.5322108934931405,-0.0430748164653778,-0.0038683712482452,0,0,watercraft
shapenet192,loudspeaker,0.0,0.0,0.6385751670886203,0.0327547192573547,0.0491095781326293,1,1,table
shapenet193,loudspeaker,0.0,0.0,0.49389390020172463,0.1053500175476074,0.1030685901641845,1,1,telephone
shapenet194,loudspeaker,-0.23104906018664842,0.3333333333333333,0.3504042216063303,0.0019283294677734,0.1713669300079345,0,1,cabinet
shapenet196,loudspeaker,0.0,0.0,0.8633590608977105,-0.0246937572956085,0.0309870839118957,0,1,car
shapenet197,loudspeaker,0.0,0.0,0.4060100247498042,-0.1262371838092804,-0.1303233504295349,0,0,bench
shapenet199,loudspeaker,0.0,0.0,0.3716951573673712,0.1251344084739685,0.1953926086425781,1,1,airplane
shapenet200,loudspeaker,0.0,0.0,0.3574197386207491,0.0624995529651641,0.0549777746200561,1,1,lamp
shapenet203,loudspeaker,0.0,0.0,0.5652187730147489,0.0354689359664917,-0.0391791462898254,1,0,watercraft
shapenet204,loudspeaker,0.0,0.0,0.6872889393523535,-0.0110402703285217,0.0291329026222229,0,0,chair
shapenet210,loudspeaker,0.0,0.0,0.6611651584591116,-0.0019720196723937,0.0641681551933288,0,1,display
shapenet211,loudspeaker,0.0,0.0,0.8761506121726698,-0.0196847319602966,-0.0561562776565551,0,0,car
shapenet213,loudspeaker,0.0,0.0,0.4097593153276984,0.0525519847869873,0.0155926942825317,1,0,telephone
shapenet214,loudspeaker,0.0,0.0,0.740609754620228,0.1490029096603393,0.1882888078689575,1,1,car
shapenet215,loudspeaker,0.0,0.0,0.5394208353738308,0.1816602647304535,0.1219865679740905,1,1,table
shapenet216,loudspeaker,0.0,0.0,0.3121135924323995,0.1183296740055084,0.1671299040317535,1,1,airplane
shapenet220,loudspeaker,0.0,0.0,0.7167007609440682,0.0995975136756897,0.0872367024421691,1,1,watercraft
shapenet226,loudspeaker,0.0,0.0,0.5054039862801919,0.0136163234710693,-0.0244661569595336,1,0,sofa
shapenet227,loudspeaker,-2.5896520148461106,12.333333333333334,0.19467737455584852,0.0381588339805603,0.0559582710266113,1,1,lamp
shapenet228,loudspeaker,0.0,0.0,0.45705260799209474,0.1049354672431945,0.1204927265644073,1,1,telephone
shapenet230,loudspeaker,0.0,0.0,0.417450546789558,0.1740139722824096,0.0564455986022949,1,1,lamp
shapenet231,loudspeaker,0.0,0.0,0.3962683913046427,0.0287738442420959,0.1392593383789062,1,1,cabinet
shapenet232,loudspeaker,0.0,0.0,0.6622715188315116,0.1588548421859741,0.1533192992210388,1,1,chair
shapenet233,loudspeaker,0.0,0.0,0.7134762015365769,-0.0011041164398193,-0.0712139904499054,0,0,table
shapenet236,loudspeaker,0.0,0.0,0.4645819922543115,0.3291141390800476,-0.0117807388305664,1,0,cabinet
shapenet237,loudspeaker,0.0,0.0,0.5061275039609039,0.0645632743835449,0.0825773775577545,1,1,watercraft
shapenet239,loudspeaker,0.0,0.0,0.42770712939056404,0.0669854879379272,-0.0520530045032501,1,0,watercraft
shapenet240,loudspeaker,0.0,0.0,0.5276248400432427,0.2324450612068176,0.1644455790519714,1,1,telephone
shapenet241,loudspeaker,-0.7324081924454066,1.3333333333333333,0.30209457142647367,0.1121113300323486,0.0736196935176849,1,1,table
shapenet242,loudspeaker,0.0,0.0,0.6267743159101188,-0.107357382774353,0.0006163716316223,0,0,sofa
shapenet243,loudspeaker,-0.6931471805599453,2.3333333333333335,0.6158146404904598,0.1932012736797332,0.1334666609764099,1,1,bench
shapenet244,loudspeaker,0.0,0.0,0.4674941059760697,0.0099634528160095,0.0553928613662719,0,0,airplane
shapenet248,loudspeaker,-0.5972531564093516,1.6666666666666667,0.2959961024905642,0.1418635249137878,0.0842035412788391,1,1,lamp
shapenet249,loudspeaker,-1.2688874965901065,2.6666666666666665,0.2871920884475642,-0.0357711017131805,0.129124641418457,0,1,cabinet
shapenet250,loudspeaker,0.0,0.0,0.8674822058993188,0.0007310509681701,-0.0267992317676544,0,0,car
shapenet252,loudspeaker,-0.9241962407465937,2.0,0.2881439613188302,0.1383546888828277,-0.081162542104721,1,0,cabinet
shapenet255,loudspeaker,0.0,0.0,0.6676897171992252,0.0203770399093627,-0.0135300457477569,0,0,watercraft
shapenet257,loudspeaker,-0.3662040962227033,0.6666666666666666,0.34750038360452223,0.1861396133899688,0.2824626266956329,1,1,airplane
shapenet260,loudspeaker,0.0,0.0,0.5534730845292505,0.0488532185554504,0.0861705243587493,1,1,chair
shapenet262,loudspeaker,0.0,0.0,0.7209909068476922,-0.0437312722206115,-0.1050143241882324,0,0,chair
shapenet264,loudspeaker,0.0,0.0,0.42582004406971424,-0.0271592140197753,0.0217524766921997,0,1,airplane
shapenet265,loudspeaker,-1.1945063128187032,3.3333333333333335,0.2493187159011134,0.1280324459075927,0.004560649394989,1,0,cabinet
shapenet266,loudspeaker,-2.3848717856378876,11.333333333333334,0.16620776845905255,0.1170594692230224,0.0601649284362793,1,1,loudspeaker
shapenet268,loudspeaker,0.0,0.0,0.5586698350210918,-0.053022563457489,-0.0165807902812957,0,0,chair
shapenet269,loudspeaker,0.0,0.0,0.3217334899068364,0.0697173476219177,0.0839261412620544,1,1,display
shapenet271,loudspeaker,0.0,0.0,0.6782575344960365,0.0236079692840576,0.0667964816093444,1,1,chair
shapenet275,loudspeaker,0.0,0.0,0.4185675336556165,0.0825670957565307,0.0330288410186767,1,1,airplane
shapenet276,loudspeaker,0.0,0.0,0.6368357104823541,0.1900883913040161,0.0480973720550537,1,1,display
shapenet278,loudspeaker,0.0,0.0,0.5894701685120868,0.0625786185264587,0.0654579997062683,1,1,watercraft
shapenet280,loudspeaker,-0.46209812037329684,1.0,0.2868102904952055,0.0056678652763366,-0.0603362917900085,0,0,bench
shapenet281,loudspeaker,0.0,0.0,0.42870119917069643,-0.0006808042526245,0.0092536807060241,0,1,airplane
shapenet282,loudspeaker,0.0,0.0,0.6635012939320554,-0.0093589127063751,0.0400300920009613,0,1,sofa
shapenet284,loudspeaker,0.0,0.0,0.43334752549401284,-0.0749487578868866,-0.0648369789123535,0,0,sofa
shapenet285,loudspeaker,-0.23104906018664842,0.3333333333333333,0.30168228528882834,-0.0673179924488067,-0.0547962188720703,0,0,loudspeaker
shapenet288,loudspeaker,0.0,0.0,0.3144309176100677,-0.0010002255439758,0.0883724689483642,0,1,cabinet
shapenet289,loudspeaker,0.0,0.0,0.6086895528629213,0.0780524015426635,0.0571181774139404,1,1,chair
shapenet293,loudspeaker,0.0,0.0,0.49034607276992864,0.0638154149055481,0.0921261012554168,1,1,airplane
shapenet294,loudspeaker,0.0,0.0,0.4751653582640185,-0.0010690689086914,-0.0136311948299407,0,0,watercraft
shapenet295,loudspeaker,0.0,0.0,0.38091505624948835,0.1372624635696411,0.1999466717243194,1,1,airplane
shapenet299,loudspeaker,0.0,0.0,0.5431028778582073,-0.1177088618278503,-0.0583379864692688,0,0,display
shapenet300,loudspeaker,0.0,0.0,0.4475557762672519,0.0316210389137268,0.023289144039154,1,1,telephone
shapenet302,loudspeaker,0.0,0.0,0.8576819154273686,-0.0598798394203186,-0.0698298215866088,0,0,car
shapenet303,loudspeaker,0.0,0.0,0.531328388472266,0.2577195167541504,0.1836393475532531,1,1,display
shapenet304,loudspeaker,0.0,0.0,0.617708126648592,0.2134370505809784,0.2207830548286438,1,1,chair
shapenet305,loudspeaker,-1.3040076684760487,3.0,0.23867236620694574,0.0519590377807617,0.0379602313041687,0,1,cabinet
shapenet306,loudspeaker,0.0,0.0,0.6746540804846504,0.0519556403160095,0.1116411089897155,1,1,watercraft
shapenet307,loudspeaker,0.0,0.0,0.3037761972523613,-0.0127374529838562,0.0181712508201599,0,1,chair
shapenet308,loudspeaker,0.0,0.0,0.3925681234296328,-0.0123378634452819,-0.0062736272811889,0,0,airplane
shapenet310,loudspeaker,-0.8549831191538456,4.0,0.30424050092664123,0.0849768817424774,0.0479352474212646,0,1,bench
shapenet311,loudspeaker,0.0,0.0,0.5704316578500798,0.0483846068382263,-0.0052577853202819,1,0,sofa
shapenet321,loudspeaker,0.0,0.0,0.3552401783561184,-0.0371168851852417,-0.058578073978424,0,0,sofa
shapenet323,loudspeaker,0.0,0.0,0.3698258132345065,-0.0946987271308898,-0.0370676517486572,0,0,airplane
shapenet328,loudspeaker,0.0,0.0,0.4474532358212479,0.1694242358207702,0.1250616312026977,1,1,table
shapenet330,loudspeaker,0.0,0.0,0.3092422487373609,0.1346796154975891,0.2286310195922851,1,1,airplane
shapenet332,loudspeaker,0.0,0.0,0.33478439833692414,0.12850883603096,0.1926169395446777,1,1,airplane
shapenet333,loudspeaker,0.0,0.0,0.5980529879540447,-0.0880632698535919,-0.0475676953792572,0,0,telephone
shapenet335,loudspeaker,0.0,0.0,0.4332654147604578,-0.0548533797264099,-0.0511876344680786,0,0,lamp
shapenet337,loudspeaker,-0.7675283643313486,3.0,0.3591872525825281,-0.0429815649986267,-0.0857526063919067,0,0,cabinet
shapenet345,loudspeaker,-0.46209812037329684,0.6666666666666666,0.27289975197567984,0.0576274394989013,0.1732369661331176,1,1,airplane
shapenet346,loudspeaker,0.0,0.0,0.4417974244618536,-0.0308757424354553,-0.0730123519897461,0,0,telephone
shapenet347,loudspeaker,0.0,0.0,0.5374415115693821,-0.0283970832824707,-0.0074700713157653,0,0,watercraft
shapenet348,loudspeaker,0.0,0.0,0.41465148157741566,0.0846718549728393,0.0185957551002502,1,0,bench
shapenet350,loudspeaker,-0.9241962407465937,2.0,0.3266000069757567,0.2038851976394653,0.1310572922229766,1,1,table
shapenet351,loudspeaker,0.0,0.0,0.546861766919057,0.0649607181549072,0.0160931348800659,0,0,telephone
shapenet352,loudspeaker,0.0,0.0,0.7105629754128217,0.0391810536384582,0.0467656552791595,1,1,watercraft
shapenet355,loudspeaker,-0.5972531564093516,1.6666666666666667,0.3510720714983811,-0.0076266527175903,-0.0178040266036987,0,0,cabinet
shapenet356,loudspeaker,0.0,0.0,0.5258991867246615,0.1505134105682373,0.10286545753479,1,1,watercraft
shapenet358,loudspeaker,0.0,0.0,0.4732243290536006,0.0041956901550292,0.057732880115509,0,1,watercraft
shapenet359,loudspeaker,0.0,0.0,0.38506099461514137,0.0341032743453979,-0.0478738546371459,1,0,chair
shapenet361,loudspeaker,-0.7675283643313486,3.0,0.3396985578823088,0.388254165649414,0.2869221270084381,1,1,lamp
shapenet363,loudspeaker,0.0,0.0,0.7094066934643474,0.1055010557174682,-0.063596487045288,1,0,car
shapenet366,loudspeaker,0.0,0.0,0.6045499083696347,0.1072742938995361,0.0049522519111633,1,0,table
shapenet368,loudspeaker,0.0,0.0,0.38798853213318213,0.0644076466560363,0.0200671553611755,1,1,sofa
shapenet370,loudspeaker,0.0,0.0,0.5962468735464395,0.0219662189483642,-0.0029332041740417,0,0,display
shapenet372,loudspeaker,0.0,0.0,0.6235689547136999,-0.035084992647171,-0.0663862526416778,0,0,chair
shapenet374,loudspeaker,-0.8796857765384195,4.333333333333333,0.33919313658848876,0.0960029959678649,0.016306459903717,1,1,lamp
shapenet375,loudspeaker,0.0,0.0,0.8586827910576241,0.0315771102905273,-0.0518829822540283,0,0,car
shapenet376,loudspeaker,-2.8505315393778567,16.666666666666668,0.12959648016330352,0.0461673140525817,0.0510373711585998,0,1,loudspeaker
shapenet377,loudspeaker,0.0,0.0,0.89795325521587,-0.0093501210212707,-0.0024123787879943,0,0,car
shapenet378,loudspeaker,0.0,0.0,0.37508143949220796,0.0132719278335571,-0.0633582472801208,0,0,airplane
shapenet379,loudspeaker,0.0,0.0,0.6529778270177743,0.0747121572494506,0.1614041328430175,1,1,chair
shapenet380,loudspeaker,0.0,0.0,0.5439562810577756,-0.0678259134292602,-0.0214902162551879,0,0,telephone
shapenet385,loudspeaker,-0.9241962407465937,2.0,0.3024396264057308,-0.034915268421173,-0.0113636851310729,0,0,watercraft
shapenet387,loudspeaker,0.0,0.0,0.5540049441654852,-0.0445192456245422,-0.0022946596145629,0,0,table
shapenet388,loudspeaker,-0.7675283643313486,3.0,0.649297944277398,-0.0403952002525329,0.0488553047180175,0,1,chair
shapenet389,loudspeaker,0.0,0.0,0.30326490540985196,0.0311581492424011,-0.0395524501800537,1,0,cabinet
shapenet392,loudspeaker,-0.46209812037329684,0.6666666666666666,0.40484858184448785,0.07785165309906,0.0144106745719909,1,0,display
shapenet393,loudspeaker,0.0,0.0,0.4279499389417505,0.0287575125694274,0.1932362914085388,0,1,airplane
shapenet397,loudspeaker,-1.8053668007348067,9.333333333333334,0.18570977111004253,0.2250264286994934,0.0664495825767517,1,1,cabinet
shapenet400,loudspeaker,0.0,0.0,0.5161601070237952,-0.053007423877716,-0.0543197393417358,0,0,display
shapenet405,loudspeaker,0.0,0.0,0.8837969428061871,-0.004514992237091,0.0076000094413757,0,0,car
shapenet410,loudspeaker,0.0,0.0,0.41369835101617064,0.0596369504928588,0.166029155254364,1,1,bench
shapenet411,loudspeaker,-1.598596848532247,6.666666666666667,0.20315540640875737,0.2928290367126465,0.1382727622985839,1,1,loudspeaker
shapenet412,loudspeaker,0.0,0.0,0.8932244107910986,-0.0532466173171997,-0.0202662348747253,0,0,car
shapenet413,loudspeaker,0.0,0.0,0.7184745459403139,0.062310367822647,0.0078625082969665,1,0,table
shapenet415,loudspeaker,0.0,0.0,0.6178891295449764,-0.0153718590736389,0.0046307742595672,0,0,watercraft
shapenet418,loudspeaker,-0.46209812037329684,0.6666666666666666,0.3031389282436339,0.0539837479591369,0.034698486328125,0,1,lamp
shapenet420,loudspeaker,0.0,0.0,0.44239004534114645,0.018461525440216,0.0226578712463378,1,0,telephone
shapenet422,loudspeaker,0.0,0.0,0.35676620620333077,-0.0119158029556274,-0.0705592036247253,0,0,watercraft
shapenet423,loudspeaker,0.0,0.0,0.36623606031240175,-0.0776962637901306,-0.0054593682289123,0,0,sofa
shapenet424,loudspeaker,0.0,0.0,0.642267232243049,0.0069703161716461,-0.0777380466461181,0,0,table
shapenet429,loudspeaker,0.0,0.0,0.41248145645487694,-0.0233454704284667,-0.0763487219810485,0,0,watercraft
shapenet431,loudspeaker,0.0,0.0,0.5996022937312914,0.0813799500465393,0.0547612309455871,1,1,lamp
shapenet432,loudspeaker,0.0,0.0,0.8773135026175973,-0.0264812409877777,-0.0016281604766845,0,0,car
shapenet439,loudspeaker,0.0,0.0,0.6696053231546285,0.045581579208374,0.0456329882144928,0,0,lamp
shapenet440,loudspeaker,-0.46209812037329684,1.0,0.43118830483917775,-0.0473852753639221,-0.0856775939464569,0,0,sofa
shapenet443,loudspeaker,0.0,0.0,0.631516481139689,-0.1207789182662963,-0.108356237411499,0,0,table
shapenet444,loudspeaker,-0.8549831191538456,4.0,0.34356724777601083,0.0650588870048523,0.011464774608612,1,1,telephone
shapenet447,loudspeaker,0.0,0.0,0.5515104775050692,0.0008100867271423,0.0506009757518768,0,1,telephone
shapenet449,loudspeaker,0.0,0.0,0.346744075847766,0.0861033201217651,0.0711019039154052,1,1,airplane
shapenet450,loudspeaker,0.0,0.0,0.9013094151798474,0.0200169682502746,-0.0106181800365448,0,0,car
shapenet453,loudspeaker,0.0,0.0,0.4616287004213384,0.0741850733757019,0.0975065231323242,1,1,chair
shapenet455,loudspeaker,-0.7675283643313486,3.0,0.3914223185198587,0.1113297939300537,0.0083281397819519,1,0,watercraft
shapenet458,loudspeaker,0.0,0.0,0.8668283221576331,-0.0091598033905029,-0.0115940570831298,0,0,car
shapenet459,loudspeaker,0.0,0.0,0.3924350908100364,0.0697569847106933,-0.0250212550163269,1,0,airplane
shapenet461,loudspeaker,0.0,0.0,0.8273669540400443,0.0178204178810119,-0.0155627131462097,0,0,car
shapenet462,loudspeaker,0.0,0.0,0.2985006376733355,0.0390447974205017,-0.0238116383552551,1,0,sofa
shapenet464,loudspeaker,0.0,0.0,0.3799978590230575,0.1990832686424255,-0.0743521451950073,1,0,sofa
shapenet469,loudspeaker,-1.2036393042147415,12.0,0.20694976566493758,0.2053552269935608,0.1921848654747009,1,1,loudspeaker
shapenet471,loudspeaker,0.0,0.0,0.3770142810031027,0.0451445579528808,0.1122706532478332,0,1,airplane
shapenet473,loudspeaker,0.0,0.0,0.3802057257444857,0.1087909936904907,0.1922177374362945,1,1,airplane
shapenet474,loudspeaker,0.0,0.0,0.432861724884068,0.0869224667549133,0.0495787262916564,1,1,display
shapenet476,loudspeaker,0.0,0.0,0.3521100971140793,0.0598489642143249,0.1686484813690185,1,1,airplane
shapenet477,loudspeaker,0.0,0.0,0.8313587757403734,-0.051110565662384,-0.0482565760612487,0,0,car
shapenet478,loudspeaker,0.0,0.0,0.6965506280171684,0.1383349299430847,0.3121099919080734,1,1,chair
shapenet480,loudspeaker,-1.7099662383076912,8.0,0.349913615919666,0.0585014224052429,0.0553798675537109,1,1,watercraft
shapenet482,loudspeaker,0.0,0.0,0.6986634411049334,0.1642404496669769,0.1997835636138916,1,1,chair
shapenet484,loudspeaker,0.0,0.0,0.35329441965005653,-0.0457338094711303,-0.072366178035736,0,0,airplane
shapenet486,loudspeaker,-1.5350567286626973,6.0,0.2971089784248402,0.0302256941795349,-0.050944983959198,0,0,telephone
shapenet488,loudspeaker,0.0,0.0,0.9071090004761699,-0.1167397499084472,-0.014797031879425,0,0,car
shapenet490,loudspeaker,-3.266634412093186,25.333333333333332,0.1151315248472445,0.1688165068626403,0.104284644126892,1,1,cabinet
shapenet496,loudspeaker,0.0,0.0,0.7130524487688308,0.0802093148231506,0.1670287251472473,1,1,watercraft
shapenet497,loudspeaker,-1.0729586082894003,2.6666666666666665,0.3217648493781217,0.0052387714385986,0.0125258564949035,0,0,cabinet
shapenet498,loudspeaker,-0.46209812037329684,1.0,0.36261363561649923,-0.004707396030426,-0.0323807895183563,0,0,loudspeaker
shapenet501,loudspeaker,0.0,0.0,0.36835200590049016,0.0929767489433288,0.1510275602340698,1,1,airplane
shapenet504,loudspeaker,0.0,0.0,0.3768188399245093,-0.0690582990646362,-0.0956886410713195,0,0,airplane
shapenet505,loudspeaker,0.0,0.0,0.5270815219135668,0.0499880313873291,0.0774000287055969,1,1,display
shapenet506,loudspeaker,0.0,0.0,0.31214166780805214,0.0195103883743286,-0.0969523787498474,0,0,sofa
shapenet507,loudspeaker,0.0,0.0,0.4077954496612921,0.0275161266326904,0.1492902636528015,1,1,airplane
shapenet509,loudspeaker,0.0,0.0,0.3801796207510722,0.0633187294006347,0.0075249671936035,1,1,sofa
shapenet510,loudspeaker,0.0,0.0,0.41239691156778635,0.010230541229248,-0.0047419965267181,0,0,telephone
shapenet513,loudspeaker,-0.8283022165960001,3.6666666666666665,0.40060122683629945,-0.0633579492568969,-0.0260153412818908,0,0,telephone
shapenet514,loudspeaker,0.0,0.0,0.4775989293726364,0.0842655897140502,0.0532336235046386,1,1,sofa
shapenet515,loudspeaker,0.0,0.0,0.6702572078245296,0.0368286371231079,0.0899977684020996,0,1,bench
shapenet516,loudspeaker,0.0,0.0,0.6574719816477622,0.1155063509941101,0.0855721831321716,1,1,display
shapenet518,loudspeaker,0.0,0.0,0.8118268778660923,0.0361748337745666,0.0327661037445068,1,0,chair
shapenet520,loudspeaker,0.0,0.0,0.431956329715768,0.1248681843280792,0.15169358253479,1,1,airplane
shapenet521,loudspeaker,0.0,0.0,0.5861068288414866,0.0114026665687561,0.0781649351119995,0,1,display
shapenet523,loudspeaker,0.0,0.0,0.38435965243258313,0.2958422899246216,0.3041170239448547,1,1,airplane
shapenet526,loudspeaker,0.0,0.0,0.6541148463583802,0.0685511231422424,0.0717094540596008,1,1,cabinet
shapenet527,loudspeaker,0.0,0.0,0.5538963499440569,0.0455859303474426,-0.0119919180870056,1,0,sofa
shapenet529,loudspeaker,0.0,0.0,0.5800446796561455,0.1127352714538574,-0.033578336238861,1,0,chair
shapenet534,loudspeaker,-2.1350761526769473,8.0,0.22820731331287555,0.0718439817428588,0.1178936064243316,1,1,bench
shapenet535,loudspeaker,0.0,0.0,0.5526089775461945,-0.0961946845054626,-0.03757244348526,0,0,chair
shapenet537,loudspeaker,0.0,0.0,0.7163569787481722,0.0500653386116027,0.0189718008041381,1,0,watercraft
shapenet541,loudspeaker,-0.6486367163517711,2.0,0.42413798095437016,0.1286402642726898,0.033824622631073,1,1,cabinet
shapenet544,loudspeaker,0.0,0.0,0.3124596690377894,-0.029184341430664,-0.057002305984497,0,0,cabinet
shapenet546,loudspeaker,0.0,0.0,0.2966962563865454,0.0637245774269104,0.1676487922668457,1,1,watercraft
shapenet547,loudspeaker,-0.46209812037329684,1.0,0.27165522131648673,0.2047123312950134,0.1354497075080871,1,1,loudspeaker
shapenet548,loudspeaker,0.0,0.0,0.8847744786565679,-0.001570701599121,-0.0573607087135314,0,0,car
shapenet550,loudspeaker,0.0,0.0,0.4541628431673288,-0.0859792828559875,-0.0747300386428833,0,0,telephone
shapenet554,loudspeaker,0.0,0.0,0.3871377064634361,0.0315997004508972,0.0332262516021728,1,1,airplane
shapenet555,loudspeaker,-0.46209812037329684,0.6666666666666666,0.35272679538539337,-0.0142067074775695,-0.0763022303581237,0,0,watercraft
shapenet567,loudspeaker,-2.0715360328073973,9.0,0.18334739636800776,0.0821977853775024,0.0099655091762542,1,0,loudspeaker
shapenet569,loudspeaker,0.0,0.0,0.34809595734842347,0.0188659727573394,0.0158235728740692,0,0,cabinet
shapenet572,loudspeaker,-0.7324081924454066,1.3333333333333333,0.32186707877358794,0.0673211216926574,0.0966692566871643,1,1,telephone
shapenet574,loudspeaker,0.0,0.0,0.36159559468100083,0.2182655930519104,0.2388920187950134,1,1,airplane
shapenet577,loudspeaker,0.0,0.0,0.7351492977270356,0.0869170427322387,0.0461806654930114,1,1,car
shapenet580,loudspeaker,0.0,0.0,0.6773964753047775,0.1790211796760559,0.088329941034317,1,1,chair
shapenet584,loudspeaker,0.0,0.0,0.3009127784121714,0.0762463808059692,-0.007205307483673,1,0,bench
shapenet586,loudspeaker,0.0,0.0,0.29666805981078576,0.0921162366867065,0.0507627129554748,1,0,bench
shapenet590,loudspeaker,-0.7675283643313486,3.0,0.36308236746955297,0.0695120096206665,0.0060118436813354,1,0,watercraft
shapenet591,loudspeaker,0.0,0.0,0.45719848160038273,0.1420504450798034,0.1472237706184387,1,1,bench
shapenet592,loudspeaker,0.0,0.0,0.7814817392993733,-0.0049709975719451,0.1592596769332885,0,1,chair
shapenet593,loudspeaker,0.0,0.0,0.6692815646749514,-0.084422767162323,-0.048413872718811,0,0,display
shapenet597,loudspeaker,0.0,0.0,0.38895655002758983,-0.0373687148094177,0.0208253264427185,0,1,airplane
shapenet598,loudspeaker,0.0,0.0,0.37176700376318944,0.1570640206336975,0.2814482450485229,1,1,airplane
shapenet599,loudspeaker,-1.0729586082894003,2.6666666666666665,0.28871235263620804,-0.005747765302658,-0.0695875585079193,0,0,cabinet
shapenet600,loudspeaker,0.0,0.0,0.43906110540161936,0.0342059135437011,0.0845870375633239,0,1,airplane
shapenet604,loudspeaker,0.0,0.0,0.568456623020101,0.0048452913761138,-0.1056732237339019,0,0,cabinet
shapenet605,loudspeaker,0.0,0.0,0.35189039774894176,0.0135009884834289,0.0147233009338378,0,0,watercraft
shapenet608,loudspeaker,0.0,0.0,0.7233394053326676,-0.0690906047821044,0.1172830462455749,0,1,chair
shapenet609,loudspeaker,0.0,0.0,0.39215047039402356,0.0003507137298583,0.078905165195465,0,1,airplane
shapenet612,loudspeaker,0.0,0.0,0.39232268734083187,0.0035507082939147,-0.0725151896476745,0,0,airplane
shapenet616,loudspeaker,0.0,0.0,0.698920060099376,0.1540604531764984,0.1444228291511535,1,1,chair
shapenet617,loudspeaker,0.0,0.0,0.8600259662926576,-0.076929748058319,-0.0648699104785919,0,0,car
shapenet619,loudspeaker,0.0,0.0,0.36723956013494025,-0.028117299079895,-0.0912733674049377,0,0,sofa
shapenet620,loudspeaker,-2.7510758818605905,14.666666666666666,0.15572009012257218,0.1256359815597534,0.0618963241577148,1,1,loudspeaker
shapenet622,loudspeaker,-1.7791793599004393,6.0,0.23507275352774867,0.0810401439666748,0.0811740756034851,1,1,watercraft
shapenet623,loudspeaker,0.0,0.0,0.8933597543931823,0.1311441361904144,0.0002508759498596,1,0,car
shapenet628,loudspeaker,0.0,0.0,0.339578096688623,-0.0293067097663879,-0.0581055283546447,0,0,sofa
shapenet629,loudspeaker,0.0,0.0,0.5009081665154983,0.1051706671714782,0.0631337463855743,1,1,watercraft
shapenet633,loudspeaker,-0.7675283643313486,3.0,0.30757877867061895,0.1412892639636993,0.0887197256088256,1,1,bench
shapenet635,loudspeaker,-0.6486367163517711,2.0,0.2813016101872392,0.0279821157455444,0.0168339610099792,0,1,bench
shapenet636,loudspeaker,0.0,0.0,0.4446847132785094,0.0160399079322814,-0.0204922556877136,0,0,telephone
shapenet638,loudspeaker,-0.5972531564093516,1.6666666666666667,0.3714134986191448,0.1652146875858307,0.1029821634292602,1,1,cabinet
shapenet639,loudspeaker,0.0,0.0,0.37753426725540606,-0.0157296657562255,-0.0371086299419403,0,0,lamp
shapenet640,loudspeaker,-0.46209812037329684,0.6666666666666666,0.28360690045247056,-0.0329895615577697,-0.0215262174606323,0,0,bench
shapenet644,loudspeaker,0.0,0.0,0.6061945995805192,-0.0264416337013244,-0.0184158086776733,0,0,display
shapenet646,loudspeaker,-1.4606755448912938,7.0,0.2670764314588671,0.0897448658943176,0.0501002669334411,1,1,loudspeaker
shapenet652,loudspeaker,0.0,0.0,0.3801500658194814,0.0701957941055297,0.099647432565689,1,1,airplane
shapenet653,loudspeaker,0.0,0.0,0.4263410535126187,-0.0091729760169982,-0.043292611837387,0,0,cabinet
shapenet656,loudspeaker,-2.796453273302117,16.0,0.14854027596330194,0.0170310735702514,-0.0465108752250671,0,0,loudspeaker
shapenet658,loudspeaker,0.0,0.0,0.4035862679207947,0.0164083838462829,0.1242203116416931,0,1,airplane
shapenet662,loudspeaker,0.0,0.0,0.4651000849864129,0.0109018087387084,-0.032472550868988,1,0,telephone
shapenet664,loudspeaker,-1.8876534933786484,5.666666666666667,0.2061581905106913,0.2266464158892631,0.0404214262962341,1,1,loudspeaker
shapenet665,loudspeaker,-0.46209812037329684,0.6666666666666666,0.34594224873289314,0.1341584324836731,0.216950386762619,1,1,airplane
shapenet666,loudspeaker,0.0,0.0,0.5842265967398875,0.2451590299606323,0.1202899813652038,1,1,chair
shapenet667,loudspeaker,-0.7992984242661235,3.3333333333333335,0.3681371060928416,0.0376768708229064,0.0059669613838195,1,0,bench
shapenet677,loudspeaker,0.0,0.0,0.8666513139882807,0.0036237835884094,0.0916127860546112,0,1,car
shapenet678,loudspeaker,0.0,0.0,0.4142171989073889,0.0661767721176147,0.0600859522819519,1,1,airplane
shapenet679,loudspeaker,-1.3647815207407001,5.333333333333333,0.28202112741016694,0.1940800249576568,0.3116668462753296,1,1,loudspeaker
shapenet682,loudspeaker,0.0,0.0,0.40564101532578106,0.0410624146461486,0.2401564717292785,1,1,airplane
shapenet683,loudspeaker,0.0,0.0,0.5901434413055932,0.0753813982009887,0.0489208698272705,1,1,chair
shapenet686,loudspeaker,0.0,0.0,0.36602355158297856,0.0582507848739624,0.0645036697387695,1,1,chair
shapenet687,loudspeaker,-2.0761703345303943,8.666666666666666,0.22440423702976312,-0.0025768280029296,0.0865823030471801,0,1,cabinet
shapenet690,loudspeaker,0.0,0.0,0.4693897037084536,0.1108302474021911,0.1138461828231811,1,1,telephone
shapenet691,loudspeaker,-1.7234946650127174,5.333333333333333,0.23712991253345583,0.1158321499824523,0.1727542281150818,1,1,bench
shapenet692,loudspeaker,0.0,0.0,0.6571892757903229,0.0554145574569702,0.0307862758636474,1,1,display
shapenet693,loudspeaker,0.0,0.0,0.6142743077534641,-0.0999418497085571,-0.0502444505691528,0,0,table
shapenet697,loudspeaker,0.0,0.0,0.6669157075047413,0.1795248389244079,0.0468218326568603,1,1,chair
shapenet699,loudspeaker,0.0,0.0,0.8994629556674424,-0.0215424299240112,-0.005961000919342,0,0,car
shapenet702,loudspeaker,-0.7675283643313486,3.0,0.2986876408383211,0.0789487659931182,0.0059122145175933,1,0,bench
shapenet703,loudspeaker,-1.0593512767826485,7.666666666666667,0.2718499784042265,0.1754583716392517,-0.0705913007259368,1,0,loudspeaker
shapenet708,loudspeaker,-1.92691450526411,6.333333333333333,0.2333221156708698,0.1489046812057495,0.0722074508666992,1,1,bench
shapenet711,loudspeaker,0.0,0.0,0.5608484141417781,-0.0421202182769775,-0.0022562742233276,0,0,watercraft
shapenet714,loudspeaker,0.0,0.0,0.35583601307094764,0.2275614142417907,0.1666880846023559,1,1,bench
shapenet715,loudspeaker,0.0,0.0,0.36647276540351403,0.0870594382286071,0.0485840439796447,1,1,lamp
shapenet718,loudspeaker,-0.23104906018664842,0.3333333333333333,0.6448212001132453,0.3268334865570068,0.1401979923248291,1,1,bench
shapenet719,loudspeaker,0.0,0.0,0.5924014773130448,0.1187813878059387,0.1261869072914123,1,1,display
shapenet722,loudspeaker,-1.4648163848908131,5.333333333333333,0.3469247412587273,0.0146044492721557,0.2045737206935882,0,1,sofa
shapenet724,loudspeaker,0.0,0.0,0.7574672128968286,-0.0178497433662414,0.0190478563308715,0,0,watercraft
shapenet725,loudspeaker,-0.9241962407465937,5.0,0.37877235284546124,0.2687836438417434,-0.0641862154006958,1,0,loudspeaker
shapenet732,loudspeaker,-1.2613965446394204,4.0,0.2562669214495483,0.193205714225769,0.0310445427894592,1,1,chair
shapenet734,loudspeaker,0.0,0.0,0.534465211225211,0.0394378900527954,0.1137009859085083,0,1,telephone
shapenet736,loudspeaker,0.0,0.0,0.37548329567718824,0.0985824465751648,0.1655927896499633,1,1,airplane
shapenet739,loudspeaker,0.0,0.0,0.3782681417869922,-0.0045080184936523,0.0379926562309265,0,1,airplane
shapenet740,loudspeaker,0.0,0.0,0.6567799689838842,0.1270684003829956,0.1906964778900146,1,1,chair
shapenet743,loudspeaker,0.0,0.0,0.6247725970475239,0.0411929190158844,-0.0346428155899047,1,0,table
shapenet744,loudspeaker,0.0,0.0,0.3063940572688507,-0.0186190605163574,-0.0661205649375915,0,0,loudspeaker
shapenet749,loudspeaker,0.0,0.0,0.603330487969277,0.051293134689331,-0.0004715323448181,1,0,display
shapenet751,loudspeaker,-0.23104906018664842,0.3333333333333333,0.5189744720526949,-0.1171352863311767,-0.1240255236625671,0,0,display
shapenet757,loudspeaker,-0.46209812037329684,0.6666666666666666,0.3960166113224651,0.1299688816070556,0.0870080590248107,1,1,telephone
shapenet759,loudspeaker,0.0,0.0,0.6611875483514443,0.0942501425743103,-0.0092962980270385,1,0,chair
shapenet760,loudspeaker,0.0,0.0,0.4984479938856429,-0.0158219933509826,-0.0483216941356658,0,0,telephone
shapenet761,loudspeaker,0.0,0.0,0.6364504003025534,0.0153692066669464,-0.0219002664089202,0,0,table
shapenet762,loudspeaker,-0.3662040962227033,0.6666666666666666,0.304957611153046,0.1953939199447631,0.1583147644996643,1,1,bench
shapenet766,loudspeaker,0.0,0.0,0.5379596589905041,0.0569481551647186,-0.0825366377830505,1,0,table
shapenet770,loudspeaker,-0.7324081924454066,1.3333333333333333,0.30666827948204267,0.045956552028656,-0.0033552646636962,1,0,airplane
shapenet771,loudspeaker,0.0,0.0,0.36151418821065673,-0.0154529809951782,0.0032296180725097,0,0,airplane
shapenet772,loudspeaker,-1.5350567286626973,6.0,0.29448650538806825,-0.0589553713798522,0.0124148428440094,0,0,bench
shapenet773,loudspeaker,0.0,0.0,0.6909953743055103,0.0730122327804565,0.077958345413208,1,1,table
shapenet774,loudspeaker,-2.913445580910149,19.0,0.13509407992028938,-0.0372759699821472,0.0024951100349426,0,0,loudspeaker
shapenet775,loudspeaker,-1.8483924814931874,10.0,0.18837972966412683,0.096920371055603,-0.0427635908126831,1,0,loudspeaker
shapenet782,loudspeaker,0.0,0.0,0.549361265483724,0.0439651608467102,0.0130807161331176,1,1,chair
shapenet790,loudspeaker,-1.6566044331920002,6.333333333333333,0.24674039085403496,0.1471042335033416,0.0784856081008911,1,1,loudspeaker
shapenet791,loudspeaker,0.0,0.0,0.361449491309356,0.0584020316600799,0.1256563067436218,1,1,airplane
shapenet796,loudspeaker,-1.8337527368482422,5.333333333333333,0.2127829584758936,-0.0480953156948089,0.0584169626235961,0,1,loudspeaker
shapenet797,loudspeaker,0.0,0.0,0.40099051820447534,-0.0539336800575256,0.0203036367893219,0,1,sofa
shapenet798,loudspeaker,0.0,0.0,0.5951391219527858,0.0321382284164428,-0.0108460485935211,0,0,table
shapenet799,loudspeaker,0.0,0.0,0.849723332216728,0.092370718717575,-0.0312206149101257,1,0,car
shapenet800,loudspeaker,-0.5972531564093516,1.6666666666666667,0.3139994426302813,0.0704245567321777,0.0754708051681518,1,1,airplane
shapenet801,loudspeaker,-1.6768126404641455,6.666666666666667,0.2526888304541481,-0.1160657107830047,-0.0518797039985656,0,0,loudspeaker
shapenet804,loudspeaker,0.0,0.0,0.4992707876319246,0.0336609482765197,0.0670865178108215,1,1,airplane
shapenet805,loudspeaker,-1.8337527368482422,5.333333333333333,0.24213473289821819,0.0357382595539093,-0.0098984837532043,0,0,cabinet
shapenet808,loudspeaker,0.0,0.0,0.33198486169271285,-0.0099384188652038,0.0088022351264953,0,0,chair
shapenet811,loudspeaker,0.0,0.0,0.41840725564864734,0.0239243954420089,-0.04999840259552,0,0,table
shapenet812,loudspeaker,0.0,0.0,0.5506628228056641,0.1519172191619873,0.0168808698654174,1,0,cabinet
shapenet813,loudspeaker,0.0,0.0,0.9002367610765827,0.0284323692321777,-0.0049038529396057,0,0,car
shapenet814,loudspeaker,0.0,0.0,0.8214977962119722,-0.0941769182682037,-0.062924325466156,0,0,car
shapenet816,loudspeaker,0.0,0.0,0.6445170490329915,0.2002370953559875,0.1665162444114685,1,1,table
shapenet817,loudspeaker,-0.23104906018664842,0.3333333333333333,0.4124208181097533,0.2576481699943542,0.1827784180641174,1,1,cabinet
shapenet818,loudspeaker,0.0,0.0,0.8820350188006949,0.1955385208129882,0.1690474152565002,1,1,car
shapenet820,loudspeaker,0.0,0.0,0.4446288935584017,0.0946033000946044,0.1661158204078674,1,1,chair
shapenet825,loudspeaker,0.0,0.0,0.5521079727330752,-0.0339685082435607,-0.1114904880523681,0,0,table
shapenet826,loudspeaker,0.0,0.0,0.6589050562715738,0.02104252576828,0.0272364616394042,0,0,table
shapenet827,loudspeaker,-1.2972734327035422,4.0,0.3011882076737286,0.1259869933128357,0.1392627954483032,1,1,airplane
shapenet831,loudspeaker,0.0,0.0,0.41931891596040755,0.2832286357879638,0.1035825908184051,1,1,watercraft
shapenet832,loudspeaker,-0.6931471805599453,2.3333333333333335,0.25967696782637645,-0.0741194486618042,-0.0819031596183776,0,0,bench
shapenet833,loudspeaker,0.0,0.0,0.49255550850009405,-0.0509601235389709,-0.0269570052623748,0,0,watercraft
shapenet835,loudspeaker,0.0,0.0,0.44131096236118034,0.0599031448364257,0.0099040269851684,1,0,airplane
shapenet837,loudspeaker,0.0,0.0,0.43582099102702604,0.0943044424057006,-0.0380144119262695,1,0,cabinet
shapenet840,loudspeaker,0.0,0.0,0.5218697649602376,0.0561016201972961,0.0693278312683105,1,1,chair
shapenet845,loudspeaker,0.0,0.0,0.48630864905860194,0.1796360909938812,-0.0133445262908935,1,0,sofa
shapenet846,loudspeaker,0.0,0.0,0.5786241753524942,0.099302589893341,0.1027482151985168,1,1,chair
shapenet848,loudspeaker,0.0,0.0,0.849182162768118,0.0607138872146606,0.051901638507843,1,1,watercraft
shapenet851,loudspeaker,0.0,0.0,0.4068292407883914,-0.0473751425743103,0.047741949558258,0,1,airplane
shapenet852,loudspeaker,0.0,0.0,0.8860412883908942,-0.1102943122386932,-0.1055793464183807,0,0,car
shapenet854,loudspeaker,0.0,0.0,0.4337310936828172,0.0060529112815856,0.0320241451263427,1,0,telephone
shapenet856,loudspeaker,0.0,0.0,0.28277232626444343,0.0417224168777465,-0.0495164990425109,1,0,bench
shapenet859,loudspeaker,0.0,0.0,0.6341019154503695,-0.0999276638031005,-0.0222050547599792,0,0,table
shapenet860,loudspeaker,-0.46209812037329684,0.6666666666666666,0.3485417676742914,0.0872314572334289,0.0864661335945129,1,1,airplane
shapenet861,loudspeaker,-0.46209812037329684,0.6666666666666666,0.2543164344161725,0.0227689146995544,-0.0421598553657531,0,0,sofa
shapenet863,loudspeaker,-0.9241962407465937,2.0,0.28811218869505284,-0.0331737101078033,-0.0136587023735046,0,0,sofa
shapenet867,loudspeaker,0.0,0.0,0.6497099869149713,0.2659430503845215,0.2905646562576294,1,1,chair
shapenet869,loudspeaker,0.0,0.0,0.44906991041890637,0.13603276014328,0.2050864100456237,1,1,sofa
shapenet871,loudspeaker,-0.7324081924454066,1.3333333333333333,0.3793673670630115,0.0620745718479156,0.0098748505115509,0,0,telephone
shapenet873,loudspeaker,-1.8431430291704742,5.333333333333333,0.20585014955863637,0.170792669057846,0.1605020761489868,1,1,cabinet
shapenet877,loudspeaker,0.0,0.0,0.4240777992202726,0.1533101201057434,0.0178350806236267,1,0,chair
shapenet878,loudspeaker,0.0,0.0,0.5739517012915399,0.0951842069625854,0.0796400904655456,1,1,display
shapenet879,loudspeaker,0.0,0.0,0.33026483754650854,0.0348590612411499,0.0202753543853759,1,1,sofa
shapenet884,loudspeaker,0.0,0.0,0.3903648193856926,0.041854977607727,0.0156089663505554,0,1,sofa
shapenet886,loudspeaker,-0.7324081924454066,1.3333333333333333,0.28063295427626667,0.0334432423114776,0.0817873477935791,1,1,bench
shapenet888,loudspeaker,0.0,0.0,0.5997904101992602,-0.084504097700119,-0.0360732674598693,0,0,table
shapenet891,loudspeaker,0.0,0.0,0.4062178506949337,0.0564385056495666,-0.0366836190223693,1,0,airplane
shapenet893,loudspeaker,0.0,0.0,0.4285458939763487,-0.1213533282279968,-0.0272567272186279,0,0,telephone
shapenet898,loudspeaker,0.0,0.0,0.3403583129748656,0.1423079073429107,0.1099046468734741,1,1,airplane
shapenet899,loudspeaker,-0.46209812037329684,0.6666666666666666,0.39147911426522697,0.0973181724548339,0.0664105415344238,1,1,display
shapenet901,loudspeaker,0.0,0.0,0.4533109645744811,0.0336834788322448,0.0574234127998352,1,1,airplane
shapenet902,loudspeaker,-0.9241962407465937,5.0,0.23594777262095004,0.0662345886230468,0.023599088191986,0,0,loudspeaker
shapenet903,loudspeaker,0.0,0.0,0.8189605249150396,0.0987572968006134,-0.0036106407642364,1,0,car
shapenet904,loudspeaker,-2.255012992260181,11.333333333333334,0.20220887358891107,0.2935398817062378,0.0646446347236633,1,1,loudspeaker
shapenet906,loudspeaker,0.0,0.0,0.7150229805788725,-0.0439207553863525,0.0447152256965637,0,1,chair
shapenet913,loudspeaker,0.0,0.0,0.6594420570409595,0.0545850992202758,0.0979308187961578,1,1,table
shapenet914,loudspeaker,0.0,0.0,0.49565666836940575,0.0255630612373352,-0.1175716519355773,0,0,table
shapenet915,loudspeaker,0.0,0.0,0.5629340722142687,-0.1002357006072998,-0.0972876548767089,0,0,table
shapenet916,loudspeaker,0.0,0.0,0.4152761481057999,0.0326640009880065,0.0579913258552551,1,1,watercraft
shapenet918,loudspeaker,0.0,0.0,0.5834698441892289,-0.0295667052268981,-0.0076105594635009,0,0,chair
shapenet919,loudspeaker,0.0,0.0,0.4336004329335572,0.0423709154129028,0.0559059381484985,1,1,airplane
shapenet923,loudspeaker,0.0,0.0,0.42609453341053705,0.1017167568206787,0.0081643760204315,1,0,sofa
shapenet924,loudspeaker,-1.7215953246411713,4.666666666666667,0.24735051771528535,0.3031008541584015,-0.0375480353832244,1,0,cabinet
shapenet925,loudspeaker,0.0,0.0,0.3262997305822211,0.0850977301597595,0.0539358258247375,1,0,loudspeaker
shapenet927,loudspeaker,0.0,0.0,0.45798723470249464,0.0476309955120086,-0.0487716794013977,0,0,sofa
shapenet930,loudspeaker,0.0,0.0,0.5120274693736853,0.160377025604248,0.0409463346004486,1,1,watercraft
shapenet938,loudspeaker,-0.23104906018664842,0.3333333333333333,0.3162351568259871,0.0675507187843322,0.162488043308258,1,1,airplane
shapenet939,loudspeaker,0.0,0.0,0.2809375948081306,0.0043672323226928,0.0363364815711975,0,1,bench
shapenet941,loudspeaker,0.0,0.0,0.5997869951097502,0.1301227211952209,0.1882215440273285,1,1,display
shapenet942,loudspeaker,0.0,0.0,0.6928658610882049,0.170501172542572,0.1604295074939727,1,1,chair
shapenet943,loudspeaker,0.0,0.0,0.3925473350857496,-0.0110758543014526,-0.0192859172821044,0,0,chair
shapenet946,loudspeaker,0.0,0.0,0.37500227985280143,0.0149789452552795,-0.0553356409072876,0,0,sofa
shapenet949,loudspeaker,-0.46209812037329684,1.0,0.37911467373539715,0.0058704614639282,0.0664764046669006,0,1,sofa
shapenet950,loudspeaker,-0.46209812037329684,0.6666666666666666,0.3659320841348075,0.1598649621009826,0.0736720263957977,1,1,cabinet
shapenet952,loudspeaker,0.0,0.0,0.8885189292577413,0.1182929873466491,0.0768990516662597,1,1,car
shapenet953,loudspeaker,-1.4648163848908131,5.333333333333333,0.2673415412533395,0.0038563609123229,-0.0879788994789123,0,0,table
shapenet954,loudspeaker,-1.1945063128187032,3.3333333333333335,0.2791908920518165,0.0996647477149963,0.0623947978019714,1,1,airplane
shapenet955,loudspeaker,0.0,0.0,0.39059444374792457,0.0773364901542663,0.0545761585235595,1,1,airplane
shapenet956,loudspeaker,-0.23104906018664842,0.3333333333333333,0.26581809062403466,0.2259269952774047,0.0838918983936309,1,1,sofa
shapenet957,loudspeaker,0.0,0.0,0.6233271350169866,0.0937641561031341,0.0844027698040008,1,1,table
shapenet958,loudspeaker,0.0,0.0,0.6716287916540485,0.2118607759475708,0.096845805644989,1,1,table
shapenet959,loudspeaker,-1.7215953246411713,4.666666666666667,0.22422798203309355,0.295006513595581,-0.0256498456001281,1,0,loudspeaker
shapenet960,loudspeaker,0.0,0.0,0.484816190552303,0.0241215229034423,0.0739115476608276,0,1,cabinet
shapenet966,loudspeaker,0.0,0.0,0.5752959286818862,0.1403557956218719,0.0886535942554473,1,1,chair
shapenet967,loudspeaker,0.0,0.0,0.3938785896290507,-0.0296813249588012,-0.0593208074569702,0,0,sofa
shapenet974,loudspeaker,-0.23104906018664842,0.3333333333333333,0.40382503238022555,0.0494589209556579,-0.0784850716590881,1,0,telephone
shapenet977,loudspeaker,0.0,0.0,0.3430787145046435,0.0469307303428649,-0.0138222575187683,1,0,sofa
shapenet978,loudspeaker,0.0,0.0,0.43075246431061903,0.0130649805068969,-0.0182495713233947,0,0,airplane
shapenet979,loudspeaker,0.0,0.0,0.545966346873462,0.193738579750061,0.0901115536689758,1,1,sofa
shapenet983,loudspeaker,-0.6486367163517711,2.0,0.35859838744582745,0.0527354478836059,0.155186265707016,1,1,airplane
shapenet984,loudspeaker,0.0,0.0,0.45348543596082475,0.0490875840187072,0.0930854678153991,1,1,telephone
shapenet989,loudspeaker,0.0,0.0,0.4812910396701235,-0.0431697368621826,-0.0186414718627929,0,0,chair
shapenet990,loudspeaker,-0.3662040962227033,0.6666666666666666,0.44002919299621457,0.0426477193832397,0.1365360915660858,1,1,telephone
shapenet991,loudspeaker,0.0,0.0,0.5933813552950307,-0.0817721188068389,-0.0798879861831665,0,0,cabinet
shapenet994,loudspeaker,0.0,0.0,0.8826846626463093,-0.0724126100540161,-0.0511643290519714,0,0,car
shapenet1000,loudspeaker,-2.214596577715891,10.666666666666666,0.20867550663988946,0.3096828162670135,-0.0587695240974426,1,0,loudspeaker
shapenet1003,loudspeaker,-0.7675283643313486,3.0,0.3722045040303405,-0.0601363182067871,0.0158789157867431,0,0,bench
shapenet1005,loudspeaker,0.0,0.0,0.6110826753423364,0.0816660523414611,0.0517406463623046,1,0,chair
shapenet1008,loudspeaker,0.0,0.0,0.8222353980443553,0.0429269671440124,0.002147614955902,1,0,watercraft
shapenet1009,loudspeaker,0.0,0.0,0.3238161654299027,0.0810723900794982,0.1990477740764618,1,1,airplane
shapenet1010,loudspeaker,-1.8945265891128937,5.666666666666667,0.18929302418981675,0.0393389463424682,0.0325040221214294,1,1,cabinet
shapenet1016,loudspeaker,0.0,0.0,0.4581870987537982,0.1416373252868652,0.1249841451644897,1,1,table
shapenet1019,loudspeaker,0.0,0.0,0.5050534761391418,0.013508915901184,0.1106314063072204,0,1,chair
shapenet1020,loudspeaker,-0.23104906018664842,0.3333333333333333,0.43370668550190045,0.1057634949684143,0.199876457452774,1,1,airplane
shapenet1023,loudspeaker,0.0,0.0,0.3588540219417477,-0.006949245929718,0.0011001229286193,0,0,chair
shapenet1024,loudspeaker,0.0,0.0,0.30750978833171144,0.0681751370429992,-0.0144360661506652,1,0,sofa
shapenet1025,loudspeaker,-2.6080153369520973,14.0,0.15985327108108918,0.116444706916809,0.0043132305145263,1,0,loudspeaker
shapenet1026,loudspeaker,0.0,0.0,0.4143643681675308,0.0715447664260864,0.2060964703559875,1,1,airplane
shapenet1028,loudspeaker,0.0,0.0,0.8829162217164274,0.1284872889518737,0.1389904916286468,1,1,car
shapenet1030,loudspeaker,0.0,0.0,0.6334702283132204,-0.0002367496490478,-0.0547468066215515,0,0,display
shapenet1033,loudspeaker,-1.3862943611198906,4.666666666666667,0.23868510692186193,0.1570850014686584,0.0186741948127746,1,0,bench
shapenet1034,loudspeaker,0.0,0.0,0.6686079309519036,0.0279547572135925,0.1619873940944671,0,1,sofa
shapenet1035,loudspeaker,0.0,0.0,0.7397920347290096,-0.0139992237091064,0.054320752620697,0,1,table
shapenet1036,loudspeaker,0.0,0.0,0.5538355352287868,-0.0344864130020141,-0.022130012512207,0,0,display
shapenet1037,loudspeaker,-0.9026834003674034,4.666666666666667,0.22521416767385602,0.2825744450092315,-0.0302963256835937,1,0,cabinet
shapenet1041,loudspeaker,0.0,0.0,0.43073038430196986,0.0194103121757507,0.0197744965553283,0,0,airplane
shapenet1042,loudspeaker,0.0,0.0,0.5108671211586989,0.0793187618255615,0.0314137935638427,1,0,display
shapenet1043,loudspeaker,-0.46209812037329684,1.0,0.40559918495833314,0.0930989384651184,0.0636987686157226,1,1,table
shapenet1047,loudspeaker,0.0,0.0,0.6125515807755973,0.1647626161575317,0.0786448121070861,1,1,table
shapenet1048,loudspeaker,0.0,0.0,0.597507214242385,0.0850622653961181,-0.0012999773025512,1,0,table
shapenet1049,loudspeaker,0.0,0.0,0.4150324345918026,0.088470458984375,0.2286412119865417,1,1,airplane
shapenet1050,loudspeaker,0.0,0.0,0.5610570792541052,-0.0255604982376098,-0.0128532648086547,0,0,telephone
shapenet1053,loudspeaker,0.0,0.0,0.5344908588571503,0.2102277278900146,0.114247977733612,1,1,lamp
shapenet1055,loudspeaker,0.0,0.0,0.3570573770797012,0.0288086831569671,0.0479375123977661,0,1,watercraft
shapenet1056,loudspeaker,0.0,0.0,0.3252161878457358,0.0103064775466918,0.0409151911735534,0,1,sofa
shapenet1057,loudspeaker,0.0,0.0,0.37087048430372666,-0.0117695331573486,-0.1035364866256713,0,0,airplane
shapenet1061,loudspeaker,-0.23104906018664842,0.3333333333333333,0.3523650509285328,0.0319858193397522,-0.0327749252319335,0,0,display
shapenet1062,loudspeaker,-0.9241962407465937,2.0,0.27012645197817853,0.0216626226902008,0.0381270051002502,0,1,bench
shapenet1066,loudspeaker,0.0,0.0,0.45142985554806025,-0.0782471299171447,-0.0223101377487182,0,0,watercraft
shapenet1067,loudspeaker,-0.9985774245179969,2.0,0.25486021969735406,0.0982980728149414,-0.0143821835517883,1,0,cabinet
shapenet1070,loudspeaker,0.0,0.0,0.5584325520175822,0.1387202739715576,0.0718433856964111,1,1,chair
shapenet1074,loudspeaker,0.0,0.0,0.3178712479421257,0.1673691868782043,0.1257690191268921,1,1,chair
shapenet1078,loudspeaker,-1.5350567286626973,6.0,0.27997390592744004,0.0206737518310546,-0.0058605968952178,0,0,lamp
shapenet1079,loudspeaker,0.0,0.0,0.6824617111878418,0.1128713488578796,0.1123297214508056,1,1,chair
shapenet1081,loudspeaker,-1.5350567286626973,6.0,0.2651424170304207,0.0344437360763549,0.0035160779953002,1,0,cabinet
shapenet1082,loudspeaker,-1.759371553076839,8.666666666666666,0.26522598091874666,0.1170294880867004,0.1573998928070068,1,1,lamp
shapenet1084,loudspeaker,0.0,0.0,0.4841731561289772,-0.0284196138381958,-0.0832794904708862,0,0,watercraft
shapenet1085,loudspeaker,0.0,0.0,0.4161182790116606,0.2042031288146972,0.1772978901863098,1,1,table
shapenet1086,loudspeaker,0.0,0.0,0.30524225583390563,0.1081403493881225,0.07020765542984,1,1,cabinet
shapenet1088,loudspeaker,0.0,0.0,0.551831994778533,0.0063686370849609,-0.0409923195838928,0,0,watercraft
shapenet1091,loudspeaker,0.0,0.0,0.8641276858208058,-0.0575658082962036,-0.0674461722373962,0,0,car
shapenet1092,loudspeaker,0.0,0.0,0.39068866647534123,0.0703458786010742,0.2211909890174865,1,1,airplane
shapenet1093,loudspeaker,0.0,0.0,0.40714946443832467,0.1912066638469696,0.0990875959396362,1,1,sofa
shapenet1096,loudspeaker,-1.7099662383076912,8.0,0.2548793475515242,-0.0213576555252075,-0.0917473435401916,0,0,bench
shapenet1097,loudspeaker,0.0,0.0,0.37952378102317025,0.11039400100708,0.0483612120151519,1,1,sofa
shapenet1099,loudspeaker,0.0,0.0,0.5924357469064432,0.0139101445674896,-0.0598165392875671,0,0,table
shapenet1100,loudspeaker,-0.46209812037329684,1.0,0.35760537622517435,0.0445036888122558,0.1022871136665344,1,1,watercraft
shapenet1103,loudspeaker,0.0,0.0,0.5419676372270673,-0.1017716526985168,-0.02234548330307,0,0,telephone
shapenet1111,loudspeaker,0.0,0.0,0.5619641375347828,0.1586406230926513,0.2163501679897308,1,1,telephone
shapenet1113,loudspeaker,0.0,0.0,0.42680644266689405,0.0001733303070068,-0.0017551183700561,0,0,chair
shapenet1117,loudspeaker,0.0,0.0,0.3625506563973839,-0.0593358278274536,-0.0072972178459167,0,0,airplane
shapenet1119,loudspeaker,0.0,0.0,0.40245328148920434,0.0785024166107177,0.2517565786838531,1,1,airplane
shapenet1120,loudspeaker,0.0,0.0,0.3660914085379827,-0.0521773099899292,-0.020589679479599,0,0,watercraft
shapenet1121,loudspeaker,-0.46209812037329684,0.6666666666666666,0.29255934175557,0.2645018696784973,0.0077781081199646,1,0,loudspeaker
shapenet1123,loudspeaker,0.0,0.0,0.6242112200795759,-0.0086886286735534,0.0239312946796417,0,1,watercraft
shapenet1125,loudspeaker,0.0,0.0,0.4741474388703933,-0.0169392228126525,-0.010015845298767,0,0,telephone
shapenet1127,loudspeaker,0.0,0.0,0.6256260036410457,0.0327696800231933,-0.0125469267368316,1,0,watercraft
shapenet1129,loudspeaker,0.0,0.0,0.7913247744149258,0.2181713581085205,0.0084109306335449,1,0,car
shapenet1131,loudspeaker,0.0,0.0,0.4529714305192671,-0.0832396149635315,-0.0145338177680969,0,0,telephone
shapenet1137,loudspeaker,0.0,0.0,0.3625419457789775,0.0742330551147461,0.2504238486289978,1,1,airplane
shapenet1141,loudspeaker,0.0,0.0,0.6398741837090038,-0.0608775615692138,-0.0316674709320068,0,0,chair
shapenet1142,loudspeaker,0.0,0.0,0.6817205411211352,0.0112257003784179,0.1275566220283508,1,1,chair
shapenet1143,loudspeaker,0.0,0.0,0.89422891144734,0.0216976702213287,-0.0217499732971191,0,0,car
shapenet1144,loudspeaker,0.0,0.0,0.8660877283581048,0.0375358462333679,0.013551115989685,1,0,car
shapenet1145,loudspeaker,-1.1945063128187032,3.3333333333333335,0.2848444186615336,0.0555087327957153,-0.0683524310588836,0,0,cabinet
shapenet1146,loudspeaker,0.0,0.0,0.6972819025645928,-0.0107316970825195,0.0159395635128021,0,0,watercraft
shapenet1147,loudspeaker,0.0,0.0,0.40244286816400043,0.2075013518333435,0.2622060179710388,1,1,bench
shapenet1149,loudspeaker,-1.5350567286626973,6.0,0.43892260126735444,0.0059868693351745,0.1033545136451721,0,1,chair
shapenet1155,loudspeaker,0.0,0.0,0.48911792546747906,0.043755292892456,0.0346174240112304,1,1,display
shapenet1157,loudspeaker,0.0,0.0,0.5490492040669359,0.1431980729103088,0.3034858703613281,1,1,telephone
shapenet1159,loudspeaker,0.0,0.0,0.36017669372018224,0.0168110728263854,0.0086296200752258,1,0,airplane
shapenet1160,loudspeaker,0.0,0.0,0.8956041527543467,0.008969247341156,0.0076016783714294,0,0,car
shapenet1161,loudspeaker,0.0,0.0,0.7589299243261934,0.082091212272644,-0.0528261661529541,1,0,watercraft
shapenet1163,loudspeaker,0.0,0.0,0.3730743134069436,0.1930614113807678,0.1835153698921203,1,1,bench
shapenet1168,loudspeaker,0.0,0.0,0.4623448988594978,-0.0020471811294555,-0.1193838417530059,0,0,sofa
shapenet1171,loudspeaker,0.0,0.0,0.40358093071066686,-0.0112048387527465,-0.0295320749282836,0,0,airplane
shapenet1172,loudspeaker,-0.7992984242661235,3.3333333333333335,0.20828836127558203,0.1599574983119964,0.0583212971687316,1,1,loudspeaker
shapenet1174,loudspeaker,0.0,0.0,0.6136431111050182,-0.0193484425544738,-0.0820364952087402,0,0,display
shapenet1178,loudspeaker,0.0,0.0,0.8865831052537323,0.1926761269569397,0.1222806274890899,1,1,car
shapenet1179,loudspeaker,0.0,0.0,0.35404032433150867,0.0534378886222839,0.009549081325531,1,0,cabinet
shapenet1182,loudspeaker,0.0,0.0,0.44489801754520886,-0.014009416103363,-0.0257882475852966,0,0,telephone
shapenet1183,loudspeaker,-0.23104906018664842,0.3333333333333333,0.355787010002715,0.0280823707580566,0.0224367082118988,0,1,lamp
shapenet1184,loudspeaker,-0.3662040962227033,0.6666666666666666,0.35245314088258795,0.0501201152801513,0.0752103924751281,1,1,airplane
shapenet1186,loudspeaker,0.0,0.0,0.7349140033862418,0.0089657604694366,-0.0476050972938537,0,0,chair
shapenet1187,loudspeaker,-0.8283022165960001,1.3333333333333333,0.2946193433399791,0.111129343509674,0.1078817844390869,1,1,cabinet
shapenet1189,loudspeaker,0.0,0.0,0.5458171671906424,0.0844533145427703,-0.0876303315162658,1,0,watercraft
shapenet1190,loudspeaker,0.0,0.0,0.7343742842672274,0.0027337670326232,0.0095185935497283,0,0,watercraft
shapenet1191,loudspeaker,-1.5283224928901904,4.333333333333333,0.23508293561579194,0.0614384412765502,0.08463054895401,1,1,loudspeaker
shapenet1194,loudspeaker,0.0,0.0,0.8564960946149922,0.0290446281433105,0.0179488658905029,1,1,car
shapenet1196,loudspeaker,0.0,0.0,0.3596065817944767,0.1283256411552429,0.1713203489780426,1,1,airplane
shapenet1197,loudspeaker,0.0,0.0,0.5277581344000808,0.0882697105407714,-0.0333210825920105,1,0,watercraft
shapenet1199,loudspeaker,0.0,0.0,0.5375772527523245,0.1375068724155426,0.0202354788780212,1,0,watercraft
shapenet1200,loudspeaker,0.0,0.0,0.7515519403103409,0.2402635514736175,0.0612848997116088,1,1,table
shapenet1201,loudspeaker,0.0,0.0,0.7179161805486651,0.1037425994873046,0.1125380992889404,1,1,table
shapenet1202,loudspeaker,0.0,0.0,0.33909071753720604,0.139101505279541,0.1927480995655059,1,1,airplane
shapenet1208,loudspeaker,0.0,0.0,0.6088115022945557,0.0968767404556274,-0.0666841268539428,1,0,watercraft
shapenet1210,loudspeaker,0.0,0.0,0.6234301372288212,-0.0424160957336425,-0.0666577219963073,0,0,sofa
shapenet1211,loudspeaker,-1.1945063128187032,3.3333333333333335,0.26004049178085514,0.0621989369392395,0.0171892046928405,1,1,lamp
shapenet1212,loudspeaker,0.0,0.0,0.8759633880344202,0.1079300045967102,-0.0306013226509094,1,0,car
shapenet1215,loudspeaker,0.0,0.0,0.34418212038919593,0.0962096452713012,0.1521626114845276,1,1,airplane
shapenet1216,loudspeaker,0.0,0.0,0.5546734188652356,0.0376283526420593,0.0116339325904846,1,0,watercraft
shapenet1218,loudspeaker,0.0,0.0,0.4795662213303058,0.1650198101997375,0.1167070865631103,1,1,telephone
shapenet1220,loudspeaker,0.0,0.0,0.8359900359293198,0.2182784080505371,0.1703915894031524,1,1,car
shapenet1222,loudspeaker,0.0,0.0,0.62175998777488,0.0154483318328857,0.0465555787086486,1,1,sofa
shapenet1224,loudspeaker,0.0,0.0,0.3813023274210223,0.0482450723648071,0.2359625697135925,0,1,airplane
shapenet1226,loudspeaker,-1.9971548490359938,7.666666666666667,0.18511537472655845,0.1881122887134552,-0.0412117838859558,1,0,loudspeaker
shapenet1227,loudspeaker,0.0,0.0,0.7390730834587629,0.2309709265828132,0.0872152000665664,1,1,table
shapenet1228,loudspeaker,0.0,0.0,0.4175950408596993,-0.0778901576995849,-0.0418864488601684,0,0,airplane
shapenet1232,loudspeaker,0.0,0.0,0.6139674182022506,-0.0147687792778015,-0.0523683726787567,0,0,watercraft
shapenet1234,loudspeaker,0.0,0.0,0.6279207083711048,0.1299161314964294,0.0737970471382141,1,1,chair
shapenet1241,loudspeaker,-2.6143546722306845,12.666666666666666,0.191371980255749,0.2832206487655639,0.1911015212535858,1,1,lamp
shapenet1242,loudspeaker,0.0,0.0,0.42247337505777094,0.1604895591735839,0.065611720085144,1,1,cabinet
shapenet1245,loudspeaker,0.0,0.0,0.39633611243217115,-0.0105925798416137,-0.0709108710289001,0,0,airplane
shapenet1250,loudspeaker,0.0,0.0,0.45209531964946387,0.1579584777355194,0.1765789985656738,1,1,chair
shapenet1252,loudspeaker,0.0,0.0,0.6779587609940134,-0.0356529951095581,-0.0800297260284423,0,0,watercraft
shapenet1253,loudspeaker,0.0,0.0,0.649875627069261,0.0587705373764038,0.1112739741802215,1,1,watercraft
shapenet1255,loudspeaker,0.0,0.0,0.6235490117502264,-0.0398250222206115,-0.0990599989891052,0,0,chair
shapenet1256,loudspeaker,0.0,0.0,0.45541414796810104,-0.0154564380645751,0.0411356687545776,0,1,airplane
shapenet1258,loudspeaker,0.0,0.0,0.8877222420847777,0.1042999625205993,0.0757443904876709,1,1,car
shapenet1259,loudspeaker,-0.5972531564093516,1.6666666666666667,0.25833739468295547,0.0700334310531616,0.0579676926136016,1,1,cabinet
shapenet1260,loudspeaker,0.0,0.0,0.8408503339080569,0.0004119873046875,-0.0567564666271209,0,0,car
shapenet1262,loudspeaker,-1.290400336969297,2.6666666666666665,0.19532642181202778,0.2755021154880523,-0.0870117545127868,1,0,loudspeaker
shapenet1263,loudspeaker,0.0,0.0,0.574087364219516,0.1210773885250091,0.2409015595912933,1,1,chair
shapenet1264,loudspeaker,0.0,0.0,0.9029642925710633,-0.085822582244873,-0.0506225824356079,0,0,car
shapenet1267,loudspeaker,0.0,0.0,0.6715549016376622,-0.0919138193130493,-0.0879358649253845,0,0,display
shapenet1269,loudspeaker,0.0,0.0,0.6401138264440166,-0.0423319339752197,-0.1128704249858856,0,0,table
shapenet1271,loudspeaker,0.0,0.0,0.49530921743695,0.1334261298179626,0.2400241494178772,1,1,watercraft
shapenet1273,loudspeaker,0.0,0.0,0.7879917376609779,0.0225582122802734,-0.0987838506698608,1,0,car
shapenet1274,loudspeaker,0.0,0.0,0.7147508614635448,0.1408418416976928,0.0599015057086944,1,1,table
shapenet1275,loudspeaker,0.0,0.0,0.40791561516399977,-0.023817241191864,-0.02314954996109,0,0,airplane
shapenet1276,loudspeaker,-2.3509070164107744,22.0,0.2225394423988829,0.3518781885504722,0.0222522020339965,1,0,loudspeaker
shapenet1278,loudspeaker,0.0,0.0,0.41884378788405213,0.0182843804359436,0.0547105073928833,1,1,bench
shapenet1279,loudspeaker,0.0,0.0,0.41423677394887065,0.0691535472869873,0.1248415112495422,1,1,sofa
shapenet1283,loudspeaker,0.0,0.0,0.46565192444543374,0.0029805302619934,0.0321806073188781,1,1,telephone
shapenet1285,loudspeaker,-0.46209812037329684,0.6666666666666666,0.3381143457643972,0.2826199531555176,0.1744775772094726,1,1,cabinet
shapenet1286,loudspeaker,0.0,0.0,0.7025839251265217,-0.0219539999961853,0.0578203797340393,0,1,table
shapenet1287,loudspeaker,0.0,0.0,0.3798303353501092,0.1105680763721466,0.023853451013565,1,0,lamp
shapenet1288,loudspeaker,0.0,0.0,0.8561308835381731,0.0583119392395019,0.0026432871818542,1,0,car
shapenet1290,loudspeaker,0.0,0.0,0.8847599645478125,0.072366178035736,-0.0206902623176574,1,0,car
shapenet1292,loudspeaker,0.0,0.0,0.3494006370099482,0.063949167728424,-0.0366249680519104,1,0,cabinet
shapenet1294,loudspeaker,0.0,0.0,0.5381483201113827,0.0278777182102203,0.0520908832550048,1,1,telephone
shapenet1295,loudspeaker,-3.028259049666946,19.666666666666668,0.13552637643538878,-0.0055302381515502,-0.013943612575531,0,0,cabinet
shapenet1296,loudspeaker,0.0,0.0,0.6117940699434117,0.0986925065517425,0.1303048133850097,1,1,chair
shapenet1297,loudspeaker,0.0,0.0,0.5479591548045183,0.0163272023200988,-0.087397426366806,0,0,lamp
shapenet1298,loudspeaker,-0.3662040962227033,0.6666666666666666,0.3341357083877709,0.1401329636573791,-0.0304311513900756,1,0,table
shapenet1299,loudspeaker,0.0,0.0,0.5385202823052331,0.0982612967491149,-0.0108265876770019,1,0,telephone
shapenet1300,loudspeaker,0.0,0.0,0.5522835056844771,0.0786188840866088,-0.0670742690563201,1,0,watercraft
shapenet1303,loudspeaker,0.0,0.0,0.6663449617988803,0.0221806168556213,0.0482087135314941,0,1,table
shapenet1304,loudspeaker,0.0,0.0,0.38678348237248555,0.0242299437522888,0.1141688823699951,1,1,airplane
shapenet1306,loudspeaker,0.0,0.0,0.29665177423430095,0.0250923037528991,-0.0301522016525268,0,0,sofa
shapenet1308,loudspeaker,0.0,0.0,0.3498826704255718,-0.0966253280639648,-0.0412774085998535,0,0,display
shapenet1310,loudspeaker,-1.8053668007348067,9.333333333333334,0.2087439053677008,-0.0151389837265014,0.0020322203636169,0,0,loudspeaker
shapenet1312,loudspeaker,0.0,0.0,0.675589633753447,0.1077176332473754,0.2861450910568237,1,1,chair
shapenet1314,loudspeaker,-1.6094379124341003,4.0,0.24032390644488907,0.1185042262077331,-0.0241385698318481,1,0,cabinet
shapenet1315,loudspeaker,-1.3862943611198906,4.666666666666667,0.28101998526237854,-0.0150991678237915,-0.0929202437400817,0,0,bench
shapenet1316,loudspeaker,0.0,0.0,0.6112956610480434,0.0683802962303161,0.0384072959423065,1,0,watercraft
shapenet1317,loudspeaker,0.0,0.0,0.4406569477380567,-0.0351154208183288,0.0221961736679077,0,1,telephone
shapenet1318,loudspeaker,0.0,0.0,0.5263897288354693,0.115262746810913,0.0416124463081359,1,1,sofa
shapenet1320,loudspeaker,0.0,0.0,0.7016250407832775,-0.0559577643871307,-0.0521267652511596,0,0,car
shapenet1321,loudspeaker,0.0,0.0,0.5776339528843412,0.0380791723728179,0.1811056733131408,0,1,chair
shapenet1322,loudspeaker,0.0,0.0,0.6524392032230649,0.0851754546165466,0.0022336840629577,1,0,display
shapenet1324,loudspeaker,-0.46209812037329684,1.0,0.39045789535804837,0.0501220822334289,-0.0625313520431518,1,0,cabinet
shapenet1325,loudspeaker,0.0,0.0,0.46607476804295284,0.180657148361206,0.2240466475486755,1,1,airplane
shapenet1328,loudspeaker,-3.0119956616104684,19.333333333333332,0.13864115647954056,-0.0315062403678894,-0.0170623064041137,0,0,cabinet
shapenet1330,loudspeaker,0.0,0.0,0.894909492882868,-0.0145954489707946,0.0023592710494995,0,0,car
shapenet1333,loudspeaker,0.0,0.0,0.31226562842554323,0.0079466700553894,0.1400061249732971,0,1,sofa
shapenet1337,loudspeaker,0.0,0.0,0.5171157300208243,-0.0530387163162231,-0.0612450242042541,0,0,watercraft
shapenet1339,loudspeaker,0.0,0.0,0.5525131678514171,-0.0930553674697876,0.0218293070793151,0,0,watercraft
shapenet1341,loudspeaker,0.0,0.0,0.875306345144227,-0.0368315577507019,-0.0259963870048522,0,0,car
shapenet1347,loudspeaker,-1.5350567286626973,6.0,0.31020221526432384,0.0806589722633361,0.0497165322303772,1,1,watercraft
shapenet1349,loudspeaker,0.0,0.0,0.2851766170582298,0.1005061864852905,0.0098820328712463,1,1,sofa
shapenet1351,loudspeaker,0.0,0.0,0.3390662197423073,-0.0597558617591857,-0.1281042695045471,0,0,airplane
shapenet1353,loudspeaker,0.0,0.0,0.371218424928249,0.0484842061996459,0.011461853981018,1,0,airplane
shapenet1354,loudspeaker,0.0,0.0,0.3215946517135146,0.0210604071617126,0.13924640417099,1,1,sofa
shapenet1357,loudspeaker,0.0,0.0,0.4691572136863777,0.1328380703926086,0.1531468033790588,1,1,chair
shapenet1358,loudspeaker,0.0,0.0,0.5102294641712185,0.2262977361679077,0.0548915863037109,1,1,telephone
shapenet1359,loudspeaker,0.0,0.0,0.8369752070697789,-0.0205196738243103,-0.0677734315395355,0,0,car
shapenet1360,loudspeaker,0.0,0.0,0.53988812733075,-0.0181059837341308,0.0815763473510742,0,1,display
shapenet1361,loudspeaker,0.0,0.0,0.8331009408122165,0.0448605418205261,0.1332599520683288,1,1,chair
shapenet1362,loudspeaker,0.0,0.0,0.325928844943388,0.0443009734153747,0.2001701593399047,1,1,airplane
shapenet1364,loudspeaker,-0.9241962407465937,2.0,0.33294239049436475,0.2105061709880828,-0.0023027658462524,1,0,sofa
shapenet1369,loudspeaker,0.0,0.0,0.8731148146011659,0.0472232699394226,0.0285881161689758,1,0,car
shapenet1372,loudspeaker,-3.201064314011168,23.666666666666668,0.12196547333571893,-0.1092383861541748,-0.0846184492111206,0,0,cabinet
shapenet1375,loudspeaker,0.0,0.0,0.36659091268419014,0.1872123479843139,0.2516615986824035,1,1,airplane
shapenet1377,loudspeaker,0.0,0.0,0.6936284389537278,-0.0153133273124694,-0.019837737083435,0,0,watercraft
shapenet1378,loudspeaker,-0.8549831191538456,4.0,0.49696052332363766,0.0868226289749145,0.123207002878189,1,1,watercraft
shapenet1380,loudspeaker,-0.9241962407465937,2.0,0.3221497256725386,0.1633002758026123,-0.034300684928894,1,0,loudspeaker
shapenet1381,loudspeaker,0.0,0.0,0.8999221395106541,0.0422478914260864,0.0163037180900573,1,0,car
shapenet1383,loudspeaker,-2.407278608429483,24.0,0.1519198028657631,0.2549038082361221,-0.0893880128860473,1,0,loudspeaker
shapenet1386,loudspeaker,0.0,0.0,0.6232097594701117,0.0427109599113464,-0.0486639142036438,1,0,display
shapenet1390,loudspeaker,0.0,0.0,0.46772503529146103,-0.1437979340553283,-0.0018378496170043,0,0,telephone
shapenet1391,loudspeaker,-0.9241962407465937,2.0,0.2366685475099269,0.099601924419403,0.0870592892169952,1,1,loudspeaker
shapenet1392,loudspeaker,-0.3662040962227033,0.6666666666666666,0.31943600002693706,0.2221091389656067,0.0623784959316253,1,1,telephone
shapenet1393,loudspeaker,-0.23104906018664842,0.3333333333333333,0.44190109387208554,0.0203537344932556,0.0460767447948455,0,1,watercraft
shapenet1394,loudspeaker,0.0,0.0,0.6053973311730623,-0.0680547356605529,-0.0540354251861572,0,0,cabinet
shapenet1396,loudspeaker,0.0,0.0,0.3719585544862547,-0.0199073553085327,0.0044541358947753,0,0,airplane
shapenet1397,loudspeaker,0.0,0.0,0.507597970870593,0.1946317851543426,0.0369684100151062,1,0,chair
shapenet1401,loudspeaker,0.0,0.0,0.4681000949292906,-0.0033212900161743,0.0131690502166748,0,1,airplane
shapenet1402,loudspeaker,0.0,0.0,0.7170373535950976,0.1420322060585022,0.1425019204616546,1,1,chair
shapenet1404,loudspeaker,0.0,0.0,0.8625453487659597,-0.0079006552696228,0.0062756240367889,0,0,car
shapenet1406,loudspeaker,0.0,0.0,0.37766333101314503,0.2761139869689941,0.3007927983999252,1,1,airplane
shapenet1411,loudspeaker,0.0,0.0,0.4761442190922474,0.0406595468521118,-0.0718332529067993,1,0,sofa
shapenet1413,loudspeaker,-1.872257032555524,6.0,0.23170215380845557,0.1095296740531921,0.1350704431533813,1,1,bench
shapenet1418,loudspeaker,0.0,0.0,0.8896093939828438,-0.1270388960838318,-0.0357309579849243,0,0,car
shapenet1419,loudspeaker,0.0,0.0,0.6271700688847636,-0.0778143107891082,-0.0601184368133544,0,0,table
shapenet1421,loudspeaker,0.0,0.0,0.6796895642915027,-0.0924820899963378,-0.0841362178325653,0,0,watercraft
shapenet1422,loudspeaker,0.0,0.0,0.36287416615429097,0.0465607047080993,0.0270657539367675,1,0,airplane
shapenet1423,loudspeaker,-1.7099662383076912,8.0,0.2557824443108963,0.082288384437561,0.011841595172882,1,0,telephone
shapenet1427,loudspeaker,0.0,0.0,0.6369430939985945,0.0994056165218353,0.0036223232746124,1,0,display
shapenet1428,loudspeaker,0.0,0.0,0.8874615537041143,-0.0108229517936706,0.0156983733177185,0,1,car
shapenet1429,loudspeaker,0.0,0.0,0.5399509751396269,0.0904141068458557,0.0356457233428955,1,1,sofa
shapenet1433,loudspeaker,0.0,0.0,0.8554432298537705,0.0776599645614624,0.0484888553619384,1,1,car
shapenet1435,loudspeaker,0.0,0.0,0.7079955721132497,0.2186678647994995,0.2590386867523193,1,1,bench
shapenet1436,loudspeaker,0.0,0.0,0.4089692605184821,0.04068124294281,-0.0135230422019958,1,0,airplane
shapenet1439,loudspeaker,0.0,0.0,0.5609886593586914,-0.0738347768783569,-0.0303328335285186,0,0,lamp
shapenet1441,loudspeaker,0.0,0.0,0.3700306352048303,0.2545402646064758,0.2989781647920608,1,1,airplane
shapenet1445,loudspeaker,0.0,0.0,0.36602509598460237,0.1042010188102722,0.1273740828037262,1,1,airplane
shapenet1448,loudspeaker,-1.2972734327035422,4.0,0.3180949728239424,0.1252726912498474,0.0211828351020813,1,0,cabinet
shapenet1449,loudspeaker,0.0,0.0,0.3319409452437723,-0.1390175223350525,-0.092201292514801,0,0,cabinet
shapenet1451,loudspeaker,0.0,0.0,0.38151312440119783,0.1655881106853485,0.0839506983757019,1,1,display
shapenet1455,loudspeaker,0.0,0.0,0.41717696630551,0.1577476859092712,0.2689354419708252,1,1,airplane
shapenet1460,loudspeaker,-0.7675283643313486,3.0,0.40487825382444487,0.0783920288085937,0.1210862696170806,1,1,telephone
shapenet1466,loudspeaker,0.0,0.0,0.3717468222352232,0.0946571230888366,0.0665410161018371,1,1,airplane
shapenet1468,loudspeaker,0.0,0.0,0.908328946481618,-0.0702935457229614,-0.0724620223045349,0,0,car
shapenet1470,loudspeaker,0.0,0.0,0.49355148233483276,0.2243601679801941,0.066514253616333,1,1,chair
shapenet1472,loudspeaker,0.0,0.0,0.37955285834143515,0.1211695671081543,0.1541776061058044,1,1,airplane
shapenet1473,loudspeaker,0.0,0.0,0.2959372493574322,0.0499199032783508,-0.0264171659946441,1,0,watercraft
shapenet1474,loudspeaker,0.0,0.0,0.8711741884832062,0.0077103972434997,-0.0212944746017456,0,0,car
shapenet1475,loudspeaker,0.0,0.0,0.3367509941353257,0.3353156223893165,0.0465022921562194,1,1,cabinet
shapenet1477,loudspeaker,0.0,0.0,0.6713893465162234,0.2057470679283142,0.1609391570091247,1,1,lamp
shapenet1478,loudspeaker,0.0,0.0,0.3587362705109083,0.0957668125629425,0.2385966181755066,1,1,airplane
shapenet1479,loudspeaker,0.0,0.0,0.840460123577364,-0.0231874585151672,0.0612667202949523,0,1,car
shapenet1480,loudspeaker,-0.5364793041447001,1.3333333333333333,0.38387158960231044,-0.0686911344528198,-0.0533498525619506,0,0,cabinet
shapenet1484,loudspeaker,-1.6566044331920002,7.333333333333333,0.3058400886174521,-0.0102400779724121,-0.0063869357109069,0,0,telephone
shapenet1486,loudspeaker,0.0,0.0,0.6840510973122345,0.1276034712791443,0.1304951906204223,1,1,table
shapenet1487,loudspeaker,0.0,0.0,0.45925936894686337,-0.0146242976188659,-0.0183818340301513,0,0,telephone
shapenet1489,loudspeaker,-2.533634153180694,14.0,0.16345934818453076,0.0800082087516784,-0.0345554053783416,1,0,loudspeaker
shapenet1491,loudspeaker,0.0,0.0,0.7074461557653046,0.1392072439193725,0.234607994556427,1,1,chair
shapenet1494,loudspeaker,-1.3862943611198906,4.666666666666667,0.42138257943204066,0.0795598924160003,-0.089490532875061,1,0,bench
shapenet1495,loudspeaker,0.0,0.0,0.3570662625708017,-0.0109463334083557,0.1683225631713867,0,1,cabinet
shapenet2,sofa,-0.46209812037329684,0.6666666666666666,0.36128080712312977,0.3240260481834411,0.0241907835006713,1,1,loudspeaker
shapenet3,sofa,-1.0729586082894003,2.6666666666666665,0.41828863966596597,0.1144882440567016,0.1602188944816589,1,1,bench
shapenet4,sofa,0.0,0.0,0.3150251517253597,0.0584409236907959,0.2167392373085022,1,1,airplane
shapenet5,sofa,-2.6603499198886524,13.333333333333334,0.15153206551802087,0.3196638822555542,0.0364487171173095,1,0,sofa
shapenet6,sofa,-0.46209812037329684,0.6666666666666666,0.23257144238159846,0.2058658599853515,0.0723785758018493,1,1,bench
shapenet10,sofa,0.0,0.0,0.9472354210240764,-0.0761181116104126,-0.1119518280029296,0,0,display
shapenet11,sofa,-1.6566044331920002,7.333333333333333,0.27556370489351323,0.0737605690956115,0.0410408675670623,1,1,watercraft
shapenet13,sofa,0.0,0.0,0.4133985273034018,0.0850554704666137,0.0926105976104736,1,1,airplane
shapenet15,sofa,0.0,0.0,0.7764062239249486,0.2265175580978393,0.089080661535263,1,1,cabinet
shapenet18,sofa,-0.46209812037329684,0.6666666666666666,0.5116631005368132,0.2825079262256622,0.1286601424217224,1,1,table
shapenet19,sofa,0.0,0.0,0.8139961317707337,0.1822205185890197,0.0506073832511901,1,0,chair
shapenet20,sofa,-2.5755512216158807,13.333333333333334,0.1879034922234517,0.0162441134452819,0.0637953877449035,1,1,bench
shapenet22,sofa,0.0,0.0,0.5248640423860246,0.0885593891143798,0.1911988854408264,1,1,chair
shapenet23,sofa,0.0,0.0,0.5855297528480404,-0.0635710954666137,-0.0585803687572479,0,0,loudspeaker
shapenet24,sofa,0.0,0.0,0.4797931522204726,-0.006509780883789,0.0579293370246887,0,1,cabinet
shapenet25,sofa,0.0,0.0,0.7725773795437684,0.1668875217437744,0.2099210619926452,1,1,chair
shapenet26,sofa,0.0,0.0,0.6128676885628427,0.0229256153106689,-0.0800977349281311,1,0,watercraft
shapenet28,sofa,0.0,0.0,0.36385616559156425,-0.0399690866470336,-0.0009410977363586,0,0,airplane
shapenet35,sofa,0.0,0.0,0.7719980709714763,0.2563637495040893,0.0031989216804504,1,0,telephone
shapenet37,sofa,0.0,0.0,0.7741486607126143,-0.0388939380645751,-0.0654328465461731,0,0,display
shapenet41,sofa,0.0,0.0,0.8103115300349778,0.0222221314907073,-0.03516685962677,0,0,cabinet
shapenet42,sofa,0.0,0.0,0.3652265376591323,0.0465791225433349,0.0765052437782287,1,1,loudspeaker
shapenet46,sofa,0.0,0.0,0.5763596265715694,0.0366733074188232,0.0792386829853057,0,1,table
shapenet49,sofa,0.0,0.0,0.41666527880758436,-0.03369802236557,0.0554926395416259,0,1,airplane
shapenet50,sofa,0.0,0.0,0.6539639215762493,0.0673843622207641,-0.00068199634552,1,0,display
shapenet53,sofa,0.0,0.0,0.750058250818229,-0.0083505511283874,-0.0308929681777954,0,0,car
shapenet55,sofa,0.0,0.0,0.8862647790326769,0.2000170350074768,0.0740576386451721,1,1,telephone
shapenet57,sofa,0.0,0.0,0.5808884920393057,0.2398017644882202,0.3005216121673584,1,1,loudspeaker
shapenet62,sofa,0.0,0.0,0.8767600884991614,-0.0342991948127746,-0.1298196613788604,0,0,loudspeaker
shapenet71,sofa,0.0,0.0,0.3364405012126131,-0.0886132717132568,0.1618518531322479,0,1,airplane
shapenet72,sofa,0.0,0.0,0.352093684546779,0.0628853440284729,0.1164968013763427,1,1,airplane
shapenet73,sofa,0.0,0.0,0.3382759693396949,-0.0232250094413757,-0.0672264099121093,0,0,watercraft
shapenet74,sofa,0.0,0.0,0.558781595152554,0.1028896570205688,-0.0312279760837554,1,0,chair
shapenet75,sofa,0.0,0.0,0.38117899990527865,-0.006722092628479,-0.0595597624778747,0,0,airplane
shapenet80,sofa,0.0,0.0,0.786339698852832,0.0292264223098754,0.0355584025382995,1,0,telephone
shapenet82,sofa,-1.8888088960374774,10.666666666666666,0.2291548597716134,0.1281561851501464,-0.0057975053787231,1,0,bench
shapenet83,sofa,0.0,0.0,0.5475318745931722,0.002320110797882,-0.0697695016860961,0,0,cabinet
shapenet86,sofa,-1.759371553076839,8.666666666666666,0.23529947214350785,0.1956866979598999,-0.010015457868576,1,0,bench
shapenet87,sofa,0.0,0.0,0.3479175281239848,0.0093082189559936,0.0677871406078338,0,1,airplane
shapenet90,sofa,-1.9756420086568036,7.333333333333333,0.19560425184597863,0.0540521442890167,0.1438702940940857,0,1,bench
shapenet91,sofa,0.0,0.0,0.6929798395416026,-0.0510737299919128,-0.1352855563163757,0,0,loudspeaker
shapenet97,sofa,0.0,0.0,0.7273028919396008,-0.0194008350372314,-0.0528821349143981,0,0,car
shapenet101,sofa,-0.7324081924454066,1.3333333333333333,0.2848344934248213,0.1592087745666504,0.1374700367450714,1,1,bench
shapenet102,sofa,-0.23104906018664842,0.3333333333333333,0.367117730102853,0.1333116292953491,0.1193779408931732,1,1,bench
shapenet103,sofa,0.0,0.0,0.4464752092503279,-0.0002908706665039,0.027547538280487,0,1,airplane
shapenet104,sofa,0.0,0.0,0.34675053375087117,-0.0059021711349487,0.0419152379035949,0,1,airplane
shapenet107,sofa,0.0,0.0,0.7679116914217348,-0.0164701342582702,-0.0259132087230682,0,0,car
shapenet110,sofa,0.0,0.0,0.3841611224333397,0.0578787326812744,0.0757603645324707,1,1,watercraft
shapenet112,sofa,0.0,0.0,0.6796348826944719,0.057810366153717,0.0573135018348693,0,1,cabinet
shapenet115,sofa,0.0,0.0,0.9004424596632489,0.2048803865909576,0.0159212350845336,1,0,display
shapenet116,sofa,0.0,0.0,0.7160999843560748,0.0146046876907348,0.0146422386169433,0,0,car
shapenet118,sofa,0.0,0.0,0.7311048576160463,0.236509621143341,0.0405457317829132,1,0,chair
shapenet119,sofa,0.0,0.0,0.7909413616408892,0.0362265110015869,-0.06917405128479,1,0,chair
shapenet120,sofa,-1.8888088960374774,10.666666666666666,0.2253335871027462,-0.0655505061149597,0.0732601284980773,0,1,bench
shapenet123,sofa,0.0,0.0,0.5548219807958348,0.0587289929389953,0.0454006791114807,0,1,telephone
shapenet124,sofa,0.0,0.0,0.7479246199585027,-0.0139831900596618,-0.0428165197372436,0,0,car
shapenet125,sofa,-1.2833825339033529,15.333333333333334,0.2971412255443284,0.3097962737083435,0.0512470602989196,1,0,sofa
shapenet126,sofa,-1.5350567286626973,6.0,0.23047591003509585,0.0449109673500061,-0.0086700320243835,1,0,chair
shapenet128,sofa,0.0,0.0,0.4012138628181705,0.1549534201622009,0.0334146916866302,1,1,lamp
shapenet129,sofa,-2.497029197844958,12.0,0.20366262448105396,0.0186366438865661,-0.0149354636669158,1,0,watercraft
shapenet133,sofa,0.0,0.0,0.332297448049307,0.0702326297760009,-0.0082961320877075,1,0,lamp
shapenet134,sofa,-0.6931471805599453,2.3333333333333335,0.7068015844419824,0.0590015649795532,0.0987787246704101,1,1,loudspeaker
shapenet136,sofa,0.0,0.0,0.6571739193603285,0.0737493634223938,-0.004727303981781,1,0,watercraft
shapenet142,sofa,-1.5283224928901904,4.333333333333333,0.21942388210173827,0.1633243560791015,0.2693129777908325,1,1,bench
shapenet144,sofa,0.0,0.0,0.5281863130195134,0.2144960612058639,0.0823929905891418,1,1,cabinet
shapenet148,sofa,0.0,0.0,0.6614768160652772,0.1770856976509094,0.0157907009124755,1,0,watercraft
shapenet151,sofa,0.0,0.0,0.5372659151947717,0.0877497196197509,0.0378164649009704,1,1,loudspeaker
shapenet152,sofa,0.0,0.0,0.6985358394479597,0.1645019054412841,0.0681538879871368,1,1,watercraft
shapenet153,sofa,0.0,0.0,0.8005874447344222,-0.0735150575637817,-0.0997340083122253,0,0,cabinet
shapenet154,sofa,0.0,0.0,0.7486119504379812,0.2200365662574768,0.0678203701972961,1,1,car
shapenet156,sofa,0.0,0.0,0.421900697050617,0.063847541809082,0.1605275571346283,1,1,airplane
shapenet157,sofa,0.0,0.0,0.7135841834558097,0.0820145010948181,0.1102774143218994,1,1,loudspeaker
shapenet160,sofa,0.0,0.0,0.7769384098843445,0.0326375663280487,-0.0514995455741882,1,0,table
shapenet161,sofa,0.0,0.0,0.8090702116685091,-0.0452321171760559,-0.0349398851394653,0,0,telephone
shapenet162,sofa,0.0,0.0,0.4760135044875591,-0.0742307901382446,-0.1361637115478515,0,0,loudspeaker
shapenet163,sofa,0.0,0.0,0.33162553312634535,0.0567007064819335,0.1576379537582397,1,1,airplane
shapenet164,sofa,0.0,0.0,0.3635294014135178,-0.004007875919342,0.0535483360290527,0,1,airplane
shapenet165,sofa,0.0,0.0,0.7390645254638427,-0.1066872477531433,-0.0400231480598449,0,0,car
shapenet167,sofa,-1.2613965446394204,4.0,0.2713970057441332,-0.0133475065231323,0.0117198228836059,0,0,bench
shapenet169,sofa,0.0,0.0,0.6669779037516136,0.1442295908927917,0.2161377370357513,1,1,telephone
shapenet171,sofa,0.0,0.0,0.7462072699673397,-0.0074296593666076,0.0421214997768402,0,0,car
shapenet172,sofa,0.0,0.0,0.3929874565905627,0.0026786923408508,-0.0906313061714172,0,0,airplane
shapenet176,sofa,0.0,0.0,0.5859051630809925,0.1479959487915039,0.0840274095535278,1,1,table
shapenet178,sofa,0.0,0.0,0.6607585597783681,0.0257593989372253,0.0885592997074127,0,1,watercraft
shapenet179,sofa,0.0,0.0,0.6551446283937922,-0.0619028806686401,-0.0824221968650817,0,0,cabinet
shapenet184,sofa,0.0,0.0,0.5265427764452132,-0.0006638765335083,0.0380235612392425,0,1,chair
shapenet185,sofa,-4.282861403373846,72.33333333333333,0.08080440423563516,0.1746939122676849,0.0763335227966308,1,1,sofa
shapenet186,sofa,0.0,0.0,0.5985995413057329,0.1613557338714599,0.2805329263210296,1,1,chair
shapenet191,sofa,0.0,0.0,0.5070189542728638,-0.0308880805969238,-0.0038683712482452,0,0,watercraft
shapenet192,sofa,0.0,0.0,0.6370103315490921,0.114209771156311,0.0491095781326293,1,1,table
shapenet193,sofa,0.0,0.0,0.7734044778180219,0.2330382168292999,0.1030685901641845,1,1,telephone
shapenet194,sofa,0.0,0.0,0.8639604476927799,0.1410835981369018,0.1713669300079345,1,1,cabinet
shapenet196,sofa,0.0,0.0,0.7328056787994356,0.0771164298057556,0.0309870839118957,1,1,car
shapenet197,sofa,0.0,0.0,0.3271574607873044,0.0685912370681762,-0.1303233504295349,1,0,bench
shapenet199,sofa,0.0,0.0,0.3444013999330253,0.0409104824066162,0.1953926086425781,1,1,airplane
shapenet200,sofa,0.0,0.0,0.59822633449275,0.0052407681941986,0.0549777746200561,0,1,lamp
shapenet203,sofa,0.0,0.0,0.5465332140250133,0.1240583360195159,-0.0391791462898254,1,0,watercraft
shapenet204,sofa,0.0,0.0,0.7050312065359082,0.1837117671966552,0.0291329026222229,1,0,chair
shapenet210,sofa,0.0,0.0,0.860639523513893,0.0152604579925537,0.0641681551933288,0,1,display
shapenet211,sofa,0.0,0.0,0.7582345287936083,0.0135954618453979,-0.0561562776565551,1,0,car
shapenet213,sofa,0.0,0.0,0.6620695543712246,0.2340430617332458,0.0155926942825317,1,0,telephone
shapenet214,sofa,0.0,0.0,0.6193932315334457,0.1231271028518676,0.1882888078689575,1,1,car
shapenet215,sofa,0.0,0.0,0.7160040502356679,0.2240207195281982,0.1219865679740905,1,1,table
shapenet216,sofa,0.0,0.0,0.28136335470441254,0.1127394437789917,0.1671299040317535,1,1,airplane
shapenet220,sofa,0.0,0.0,0.6507177204120738,0.1113558411598205,0.0872367024421691,1,1,watercraft
shapenet226,sofa,-2.1720643586809882,16.666666666666668,0.15672949471559497,0.1863403990864753,-0.0244661569595336,1,0,sofa
shapenet227,sofa,-2.792796929511926,15.333333333333334,0.18663969328274463,0.1194194555282592,0.0559582710266113,1,1,lamp
shapenet228,sofa,0.0,0.0,0.6412476458763476,0.0655264556407928,0.1204927265644073,1,1,telephone
shapenet230,sofa,0.0,0.0,0.4076891747704086,0.1858941912651062,0.0564455986022949,1,1,lamp
shapenet231,sofa,0.0,0.0,0.4938911006815971,0.0952386260032653,0.1392593383789062,1,1,cabinet
shapenet232,sofa,0.0,0.0,0.7683134792337257,0.2743105888366699,0.1533192992210388,1,1,chair
shapenet233,sofa,0.0,0.0,0.7516104739192401,-0.0288416147232055,-0.0712139904499054,0,0,table
shapenet236,sofa,0.0,0.0,0.8135694484579662,0.1811510920524597,-0.0117807388305664,1,0,cabinet
shapenet237,sofa,0.0,0.0,0.4936293616643503,0.0983785986900329,0.0825773775577545,1,1,watercraft
shapenet239,sofa,0.0,0.0,0.4044888088067804,0.008862555027008,-0.0520530045032501,0,0,watercraft
shapenet240,sofa,0.0,0.0,0.6792272073656097,0.2366811037063598,0.1644455790519714,1,1,telephone
shapenet241,sofa,0.0,0.0,0.5564991259060869,0.2464145272970199,0.0736196935176849,1,1,table
shapenet242,sofa,-0.7324081924454066,1.3333333333333333,0.33219046025071397,-0.0780842006206512,0.0006163716316223,0,0,sofa
shapenet243,sofa,-0.7992984242661235,3.3333333333333335,0.5798491533043367,0.2745538353919983,0.1334666609764099,1,1,bench
shapenet244,sofa,0.0,0.0,0.43722619416413594,0.0355985760688781,0.0553928613662719,1,0,airplane
shapenet248,sofa,-0.46209812037329684,1.0,0.2847916890603949,0.1334034204483032,0.0842035412788391,1,1,lamp
shapenet249,sofa,0.0,0.0,0.8965964024330635,-0.0514368414878845,0.129124641418457,0,1,cabinet
shapenet250,sofa,0.0,0.0,0.7127889896209031,0.0113465189933776,-0.0267992317676544,1,0,car
shapenet252,sofa,0.0,0.0,0.6772437300496538,0.1458547115325927,-0.081162542104721,1,0,cabinet
shapenet255,sofa,0.0,0.0,0.6015091737925226,0.0465482473373413,-0.0135300457477569,1,0,watercraft
shapenet257,sofa,-0.5364793041447001,1.3333333333333333,0.32482181259776194,0.2141436338424682,0.2824626266956329,1,1,airplane
shapenet260,sofa,0.0,0.0,0.5720717638391047,0.0078873038291931,0.0861705243587493,0,1,chair
shapenet262,sofa,0.0,0.0,0.7444607208631262,0.0156733989715576,-0.1050143241882324,0,0,chair
shapenet264,sofa,0.0,0.0,0.39656762876510837,-0.01022469997406,0.0217524766921997,0,1,airplane
shapenet265,sofa,0.0,0.0,0.8822024387262418,0.1515802145004272,0.004560649394989,1,0,cabinet
shapenet266,sofa,0.0,0.0,0.723653288155754,0.2160572111606598,0.0601649284362793,1,1,loudspeaker
shapenet268,sofa,-0.23104906018664842,0.3333333333333333,0.7165327488022267,-0.0076108574867248,-0.0165807902812957,0,0,chair
shapenet269,sofa,0.0,0.0,0.3346422335176114,0.1268372535705566,0.0839261412620544,1,1,display
shapenet271,sofa,0.0,0.0,0.6842619388386986,0.0406725406646728,0.0667964816093444,1,1,chair
shapenet275,sofa,0.0,0.0,0.3895943213675824,0.021969199180603,0.0330288410186767,1,1,airplane
shapenet276,sofa,0.0,0.0,0.8557805562920491,0.2291271686553955,0.0480973720550537,1,1,display
shapenet278,sofa,0.0,0.0,0.574828598017528,0.0697188377380371,0.0654579997062683,1,1,watercraft
shapenet280,sofa,-1.3296613488547582,3.0,0.22644278083313493,0.0548688769340515,-0.0603362917900085,1,0,bench
shapenet281,sofa,0.0,0.0,0.39881877978781904,-0.0307761430740356,0.0092536807060241,0,1,airplane
shapenet282,sofa,-0.8796857765384195,4.333333333333333,0.38572149627100893,0.0718432739377021,0.0400300920009613,1,1,sofa
shapenet284,sofa,-0.7324081924454066,1.3333333333333333,0.3048321741005172,-0.018437922000885,-0.0648369789123535,0,0,sofa
shapenet285,sofa,0.0,0.0,0.7003611229656017,0.0261179208755493,-0.0547962188720703,1,0,loudspeaker
shapenet288,sofa,0.0,0.0,0.3834695030707558,0.1363852322101593,0.0883724689483642,1,1,cabinet
shapenet289,sofa,-0.23104906018664842,0.3333333333333333,0.6706273393998857,0.02045738697052,0.0571181774139404,1,1,chair
shapenet293,sofa,0.0,0.0,0.45474953463036244,0.0108947157859802,0.0921261012554168,0,1,airplane
shapenet294,sofa,0.0,0.0,0.4617648956342922,-0.0358672142028808,-0.0136311948299407,0,0,watercraft
shapenet295,sofa,0.0,0.0,0.3545224403203111,0.0393995642662048,0.1999466717243194,1,1,airplane
shapenet299,sofa,0.0,0.0,0.8989833239059504,0.0213847756385803,-0.0583379864692688,0,0,display
shapenet300,sofa,0.0,0.0,0.8505983439689069,0.030832827091217,0.023289144039154,1,1,telephone
shapenet302,sofa,0.0,0.0,0.7173228238764148,0.0057520270347595,-0.0698298215866088,1,0,car
shapenet303,sofa,0.0,0.0,0.7549394295695459,0.2663332521915436,0.1836393475532531,1,1,display
shapenet304,sofa,0.0,0.0,0.6376127313144347,0.1148361563682556,0.2207830548286438,1,1,chair
shapenet305,sofa,0.0,0.0,0.8793459502911208,0.1568876504898071,0.0379602313041687,1,1,cabinet
shapenet306,sofa,0.0,0.0,0.6410858709702806,0.0548611879348754,0.1116411089897155,1,1,watercraft
shapenet307,sofa,0.0,0.0,0.2963168629722844,0.1033525466918945,0.0181712508201599,1,1,chair
shapenet308,sofa,0.0,0.0,0.3665343513405943,-0.0074310302734375,-0.0062736272811889,0,0,airplane
shapenet310,sofa,-1.6958654450774615,7.0,0.24385860185464756,0.0061301589012146,0.0479352474212646,1,1,bench
shapenet311,sofa,-0.7324081924454066,1.3333333333333333,0.25879794684462293,0.1702373921871185,-0.0052577853202819,1,0,sofa
shapenet321,sofa,-0.5364793041447001,1.3333333333333333,0.23151709803155032,0.196806252002716,-0.058578073978424,1,0,sofa
shapenet323,sofa,0.0,0.0,0.34348339796158095,-0.0185766816139221,-0.0370676517486572,0,0,airplane
shapenet328,sofa,-0.3662040962227033,0.6666666666666666,0.41064715483970743,0.1180512309074401,0.1250616312026977,1,1,table
shapenet330,sofa,0.0,0.0,0.2926899641983669,0.1333764791488647,0.2286310195922851,1,1,airplane
shapenet332,sofa,0.0,0.0,0.311320303613512,0.0385629534721374,0.1926169395446777,1,1,airplane
shapenet333,sofa,0.0,0.0,0.8167676451058821,-0.0206772089004516,-0.0475676953792572,0,0,telephone
shapenet335,sofa,0.0,0.0,0.4496222946959067,-0.0709642767906189,-0.0511876344680786,0,0,lamp
shapenet337,sofa,0.0,0.0,0.9484543609192967,0.1001286506652832,-0.0857526063919067,1,0,cabinet
shapenet345,sofa,-1.0729586082894003,2.6666666666666665,0.2417096834319329,0.0050740838050842,0.1732369661331176,0,1,airplane
shapenet346,sofa,0.0,0.0,0.9212602338398946,0.0281818509101867,-0.0730123519897461,1,0,telephone
shapenet347,sofa,0.0,0.0,0.5239562848991693,-0.0581282377243042,-0.0074700713157653,0,0,watercraft
shapenet348,sofa,0.0,0.0,0.3814151478772407,0.1517751812934875,0.0185957551002502,1,0,bench
shapenet350,sofa,-0.7324081924454066,1.3333333333333333,0.32673331717921095,0.2332073748111724,0.1310572922229766,1,1,table
shapenet351,sofa,0.0,0.0,0.7351703748953953,0.0685668587684631,0.0160931348800659,1,0,telephone
shapenet352,sofa,0.0,0.0,0.6683347925527322,-0.0344122350215911,0.0467656552791595,0,1,watercraft
shapenet355,sofa,0.0,0.0,0.6131301075530913,-0.0054396092891693,-0.0178040266036987,0,0,cabinet
shapenet356,sofa,0.0,0.0,0.49417970108002907,0.1494239568710327,0.10286545753479,1,1,watercraft
shapenet358,sofa,0.0,0.0,0.4609137988723653,0.0165247917175292,0.057732880115509,1,1,watercraft
shapenet359,sofa,0.0,0.0,0.3905118969442891,0.0229078531265258,-0.0478738546371459,1,0,chair
shapenet361,sofa,-0.3662040962227033,0.6666666666666666,0.7752855911449291,0.4245968759059906,0.2869221270084381,1,1,lamp
shapenet363,sofa,0.0,0.0,0.6386582129508431,-0.0070035457611083,-0.063596487045288,0,0,car
shapenet366,sofa,0.0,0.0,0.6908663913199978,0.1472601592540741,0.0049522519111633,1,0,table
shapenet368,sofa,-2.779036376520825,16.666666666666668,0.15146420130117363,0.111582338809967,0.0200671553611755,1,1,sofa
shapenet370,sofa,0.0,0.0,0.7576860108592824,0.1519739627838134,-0.0029332041740417,1,0,display
shapenet372,sofa,0.0,0.0,0.6377543369764336,-0.006856083869934,-0.0663862526416778,0,0,chair
shapenet374,sofa,-0.9985774245179969,6.333333333333333,0.33516837747058553,0.0894910991191864,0.016306459903717,1,1,lamp
shapenet375,sofa,0.0,0.0,0.7091302064160719,0.0316458940505981,-0.0518829822540283,1,0,car
shapenet376,sofa,0.0,0.0,0.7969441383637385,0.1502181887626648,0.0510373711585998,1,1,loudspeaker
shapenet377,sofa,0.0,0.0,0.7353465524823021,0.0641733407974243,-0.0024123787879943,1,0,car
shapenet378,sofa,0.0,0.0,0.34968005333144464,0.0236857533454895,-0.0633582472801208,0,0,airplane
shapenet379,sofa,0.0,0.0,0.6762936801166842,0.0824127793312072,0.1614041328430175,1,1,chair
shapenet380,sofa,0.0,0.0,0.7065642852990329,-0.0366787910461425,-0.0214902162551879,0,0,telephone
shapenet385,sofa,-0.9241962407465937,2.0,0.2885536017853637,0.0633451342582702,-0.0113636851310729,1,0,watercraft
shapenet387,sofa,0.0,0.0,0.5884923118462938,-0.0403984785079956,-0.0022946596145629,0,0,table
shapenet388,sofa,-0.7324081924454066,2.6666666666666665,0.6275506307324913,-0.041130781173706,0.0488553047180175,0,1,chair
shapenet389,sofa,0.0,0.0,0.6377002449753741,0.0963116288185119,-0.0395524501800537,1,0,cabinet
shapenet392,sofa,0.0,0.0,0.5680833469051941,0.1084010303020477,0.0144106745719909,1,0,display
shapenet393,sofa,0.0,0.0,0.3995834199874242,-0.0083287358283996,0.1932362914085388,0,1,airplane
shapenet397,sofa,0.0,0.0,0.9271976415440419,0.0624468922615051,0.0664495825767517,1,1,cabinet
shapenet400,sofa,0.0,0.0,0.6512651359501852,-0.0748769640922546,-0.0543197393417358,0,0,display
shapenet405,sofa,0.0,0.0,0.7259506971614259,0.0337993502616882,0.0076000094413757,1,0,car
shapenet410,sofa,-0.3662040962227033,0.6666666666666666,0.38130920486889847,0.1437377333641052,0.166029155254364,1,1,bench
shapenet411,sofa,0.0,0.0,0.5357126366006296,0.1701682209968567,0.1382727622985839,1,1,loudspeaker
shapenet412,sofa,0.0,0.0,0.7401996026762139,-0.044969618320465,-0.0202662348747253,0,0,car
shapenet413,sofa,0.0,0.0,0.7353768516846834,0.2824532687664032,0.0078625082969665,1,0,table
shapenet415,sofa,0.0,0.0,0.5940963445259352,0.021212100982666,0.0046307742595672,0,0,watercraft
shapenet418,sofa,0.0,0.0,0.40936854240048687,0.0267697572708129,0.034698486328125,0,1,lamp
shapenet420,sofa,0.0,0.0,0.9551706742193181,0.009587824344635,0.0226578712463378,1,0,telephone
shapenet422,sofa,0.0,0.0,0.3374524934024365,-0.0205534100532531,-0.0705592036247253,0,0,watercraft
shapenet423,sofa,-1.3170812395271425,4.666666666666667,0.2643560307172741,0.1049741804599762,-0.0054593682289123,0,0,sofa
shapenet424,sofa,0.0,0.0,0.7476321925128717,-0.0114195942878723,-0.0777380466461181,0,0,table
shapenet429,sofa,0.0,0.0,0.40001156793266124,-0.0243294835090637,-0.0763487219810485,0,0,watercraft
shapenet431,sofa,0.0,0.0,0.7508725942857385,0.0899663269519805,0.0547612309455871,1,1,lamp
shapenet432,sofa,0.0,0.0,0.7158451940513219,-0.0326482057571411,-0.0016281604766845,0,0,car
shapenet439,sofa,0.0,0.0,0.6258375876681987,0.0831681489944458,0.0456329882144928,1,0,lamp
shapenet440,sofa,-1.0986122886681098,2.0,0.23005818110634757,0.0027666091918945,-0.0856775939464569,0,0,sofa
shapenet443,sofa,0.0,0.0,0.6880033512154347,-0.1156233847141265,-0.108356237411499,0,0,table
shapenet444,sofa,0.0,0.0,0.9257489285458155,0.0428650379180908,0.011464774608612,1,1,telephone
shapenet447,sofa,0.0,0.0,0.8562090603118494,0.0705401897430419,0.0506009757518768,1,1,telephone
shapenet449,sofa,0.0,0.0,0.3200465984646843,0.0677061676979065,0.0711019039154052,1,1,airplane
shapenet450,sofa,0.0,0.0,0.7461839767253009,-0.0032571554183959,-0.0106181800365448,0,0,car
shapenet453,sofa,0.0,0.0,0.4688343112414122,0.0526672005653381,0.0975065231323242,1,1,chair
shapenet455,sofa,-0.7675283643313486,3.0,0.3727481812138776,0.1669834852218628,0.0083281397819519,1,0,watercraft
shapenet458,sofa,0.0,0.0,0.6865419568788025,0.0697753429412841,-0.0115940570831298,1,0,car
shapenet459,sofa,0.0,0.0,0.3731424214418846,0.079196810722351,-0.0250212550163269,1,0,airplane
shapenet461,sofa,0.0,0.0,0.687495168003924,0.0818746089935302,-0.0155627131462097,1,0,car
shapenet462,sofa,-3.4334609033204084,31.0,0.10853996546357864,0.0540979504585266,-0.0238116383552551,1,0,sofa
shapenet464,sofa,-1.0729586082894003,2.6666666666666665,0.29193531297961767,0.0971424877643585,-0.0743521451950073,1,0,sofa
shapenet469,sofa,0.0,0.0,0.6439068650334342,0.1120628714561462,0.1921848654747009,1,1,loudspeaker
shapenet471,sofa,0.0,0.0,0.34790845096068224,0.0427778959274292,0.1122706532478332,1,1,airplane
shapenet473,sofa,0.0,0.0,0.351140925931714,0.0064789652824401,0.1922177374362945,1,1,airplane
shapenet474,sofa,0.0,0.0,0.6049855566736007,-0.0186282396316528,0.0495787262916564,0,1,display
shapenet476,sofa,0.0,0.0,0.32644146868376356,0.0476347208023071,0.1686484813690185,0,1,airplane
shapenet477,sofa,0.0,0.0,0.7765027456932586,-0.0250213742256164,-0.0482565760612487,0,0,car
shapenet478,sofa,0.0,0.0,0.696317700003628,0.1257734894752502,0.3121099919080734,1,1,chair
shapenet480,sofa,-1.8483924814931874,10.0,0.32532943638964923,0.0340247750282287,0.0553798675537109,1,1,watercraft
shapenet482,sofa,0.0,0.0,0.6926376209163131,0.157918632030487,0.1997835636138916,1,1,chair
shapenet484,sofa,0.0,0.0,0.32856346059636365,-0.0488564372062683,-0.072366178035736,0,0,airplane
shapenet486,sofa,0.0,0.0,0.921228793598145,0.1289939880371093,-0.050944983959198,1,0,telephone
shapenet488,sofa,0.0,0.0,0.7461419102583093,-0.0678803324699401,-0.014797031879425,0,0,car
shapenet490,sofa,0.0,0.0,0.8727120035398421,0.2281235754489898,0.104284644126892,1,1,cabinet
shapenet496,sofa,0.0,0.0,0.6811382334955857,0.0850719213485717,0.1670287251472473,1,1,watercraft
shapenet497,sofa,0.0,0.0,0.8402386663827434,0.092007577419281,0.0125258564949035,1,0,cabinet
shapenet498,sofa,0.0,0.0,0.5784891613320725,0.0899701118469238,-0.0323807895183563,1,0,loudspeaker
shapenet501,sofa,0.0,0.0,0.347938565224227,0.0207517743110656,0.1510275602340698,1,1,airplane
shapenet504,sofa,0.0,0.0,0.35025593521159304,-0.0744271874427795,-0.0956886410713195,0,0,airplane
shapenet505,sofa,0.0,0.0,0.8714338231848971,0.0526891946792602,0.0774000287055969,1,1,display
shapenet506,sofa,-3.686286058340949,58.0,0.1037349211358185,-0.0242173969745636,-0.0969523787498474,0,0,sofa
shapenet507,sofa,0.0,0.0,0.376079902754896,0.0890650749206543,0.1492902636528015,1,1,airplane
shapenet509,sofa,-3.2527820556221525,61.666666666666664,0.1292161758437853,0.176074743270874,0.0075249671936035,1,1,sofa
shapenet510,sofa,0.0,0.0,0.5104030426608729,-0.0273095369338989,-0.0047419965267181,0,0,telephone
shapenet513,sofa,-0.7324081924454066,2.6666666666666665,0.5298310503392296,-0.0430325865745544,-0.0260153412818908,0,0,telephone
shapenet514,sofa,-0.9634572526320548,5.666666666666667,0.19560655398860724,0.2082058489322662,0.0532336235046386,1,1,sofa
shapenet515,sofa,0.0,0.0,0.4196153807403096,0.0201761722564697,0.0899977684020996,0,1,bench
shapenet516,sofa,0.0,0.0,0.5831304183580902,0.144802987575531,0.0855721831321716,1,1,display
shapenet518,sofa,0.0,0.0,0.8331958576641038,0.0355364084243774,0.0327661037445068,1,0,chair
shapenet520,sofa,0.0,0.0,0.3957583056221378,0.040789783000946,0.15169358253479,0,1,airplane
shapenet521,sofa,0.0,0.0,0.7063739056807371,0.0206540524959564,0.0781649351119995,1,1,display
shapenet523,sofa,0.0,0.0,0.3529914943023882,0.2076520919799804,0.3041170239448547,1,1,airplane
shapenet526,sofa,0.0,0.0,0.7754311076587727,0.0273270606994628,0.0717094540596008,0,1,cabinet
shapenet527,sofa,-0.8283022165960001,1.3333333333333333,0.23589782369174342,0.1938557028770446,-0.0119919180870056,1,0,sofa
shapenet529,sofa,0.0,0.0,0.6022039452367388,-0.0056118369102478,-0.033578336238861,0,0,chair
shapenet534,sofa,-2.537774993180213,12.0,0.18372520605108952,0.1570363044738769,0.1178936064243316,1,1,bench
shapenet535,sofa,0.0,0.0,0.567185857171503,-0.0576191544532775,-0.03757244348526,0,0,chair
shapenet537,sofa,0.0,0.0,0.6588979387502256,0.0543312430381774,0.0189718008041381,1,0,watercraft
shapenet541,sofa,0.0,0.0,0.815736023879324,0.1100640296936035,0.033824622631073,1,1,cabinet
shapenet544,sofa,0.0,0.0,0.3495465107603999,0.0812639892101287,-0.057002305984497,1,0,cabinet
shapenet546,sofa,0.0,0.0,0.2808511299060896,0.1621022820472717,0.1676487922668457,1,1,watercraft
shapenet547,sofa,0.0,0.0,0.29098534176868535,0.2696205079555511,0.1354497075080871,1,1,loudspeaker
shapenet548,sofa,0.0,0.0,0.7142270222953807,-0.0271320939064025,-0.0573607087135314,0,0,car
shapenet550,sofa,0.0,0.0,0.8920216154161449,-0.0541377067565918,-0.0747300386428833,0,0,telephone
shapenet554,sofa,0.0,0.0,0.3606224017136173,0.0341933965682983,0.0332262516021728,1,1,airplane
shapenet555,sofa,-0.7324081924454066,1.3333333333333333,0.33836377056751954,-0.072309136390686,-0.0763022303581237,0,0,watercraft
shapenet567,sofa,-1.3862943611198906,4.666666666666667,0.16430916639727275,0.0352995991706848,0.0099655091762542,1,0,loudspeaker
shapenet569,sofa,0.0,0.0,0.7650459163932242,-0.0243185758590698,0.0158235728740692,0,0,cabinet
shapenet572,sofa,0.0,0.0,0.6843552196211761,0.0764485597610473,0.0966692566871643,1,1,telephone
shapenet574,sofa,0.0,0.0,0.3372530934331674,0.177186369895935,0.2388920187950134,1,1,airplane
shapenet577,sofa,0.0,0.0,0.662660767675962,0.0348727107048034,0.0461806654930114,1,1,car
shapenet580,sofa,0.0,0.0,0.7285400471813904,0.2167010158300399,0.088329941034317,1,1,chair
shapenet584,sofa,-1.0986122886681098,2.0,0.25121995183277984,0.1193955540657043,-0.007205307483673,1,0,bench
shapenet586,sofa,-1.0986122886681098,2.0,0.25452186508401514,0.0932451486587524,0.0507627129554748,1,0,bench
shapenet590,sofa,-0.8283022165960001,3.6666666666666665,0.3474351573496823,0.0730073451995849,0.0060118436813354,1,0,watercraft
shapenet591,sofa,-0.3662040962227033,0.6666666666666666,0.3357577488490056,0.1381639838218689,0.1472237706184387,1,1,bench
shapenet592,sofa,0.0,0.0,0.7806125136594763,0.0387100577354431,0.1592596769332885,1,1,chair
shapenet593,sofa,0.0,0.0,0.8580236171049999,-0.0170181989669799,-0.048413872718811,0,0,display
shapenet597,sofa,0.0,0.0,0.3621237075845278,-0.008015751838684,0.0208253264427185,0,1,airplane
shapenet598,sofa,0.0,0.0,0.3426659758164545,0.1668493151664734,0.2814482450485229,1,1,airplane
shapenet599,sofa,0.0,0.0,0.809894627513894,0.0430808961391449,-0.0695875585079193,1,0,cabinet
shapenet600,sofa,0.0,0.0,0.41120600379012345,-0.0504201054573059,0.0845870375633239,0,1,airplane
shapenet604,sofa,0.0,0.0,0.7852096872679603,0.0793240815401077,-0.1056732237339019,1,0,cabinet
shapenet605,sofa,0.0,0.0,0.3283336479054429,-0.0044525265693664,0.0147233009338378,0,0,watercraft
shapenet608,sofa,0.0,0.0,0.7728681807864223,0.0624111890792846,0.1172830462455749,1,1,chair
shapenet609,sofa,0.0,0.0,0.3674900409715845,-0.0472253561019897,0.078905165195465,0,1,airplane
shapenet612,sofa,0.0,0.0,0.371961865674215,0.0344147086143493,-0.0725151896476745,1,0,airplane
shapenet616,sofa,0.0,0.0,0.8053523084270241,0.0523228645324707,0.1444228291511535,1,1,chair
shapenet617,sofa,0.0,0.0,0.7171457108725967,0.0298579931259155,-0.0648699104785919,1,0,car
shapenet619,sofa,-1.9012608248854004,25.333333333333332,0.17343960719701076,0.1154216527938842,-0.0912733674049377,1,0,sofa
shapenet620,sofa,-1.3862943611198906,4.666666666666667,0.42644792060308556,-0.0854146480560302,0.0618963241577148,0,1,loudspeaker
shapenet622,sofa,-2.221469673450136,9.0,0.2166855527910462,0.1108917593955993,0.0811740756034851,1,1,watercraft
shapenet623,sofa,0.0,0.0,0.7412678361402444,0.0209972262382507,0.0002508759498596,0,0,car
shapenet628,sofa,-3.6741635102839907,42.0,0.10079322844321949,0.2247851490974426,-0.0581055283546447,1,0,sofa
shapenet629,sofa,0.0,0.0,0.4819045390116716,0.1256343722343444,0.0631337463855743,1,1,watercraft
shapenet633,sofa,-0.8796857765384195,4.333333333333333,0.2813862296714776,0.1290888786315918,0.0887197256088256,1,1,bench
shapenet635,sofa,-1.110734836725068,2.6666666666666665,0.2253412445236687,0.0991233587265014,0.0168339610099792,1,1,bench
shapenet636,sofa,0.0,0.0,0.8040883148690847,0.1049199104309082,-0.0204922556877136,1,0,telephone
shapenet638,sofa,0.0,0.0,0.7357908817921662,0.1516460180282592,0.1029821634292602,1,1,cabinet
shapenet639,sofa,0.0,0.0,0.34960610035468326,-0.0392510294914245,-0.0371086299419403,0,0,lamp
shapenet640,sofa,-0.23104906018664842,0.3333333333333333,0.2324928082425278,0.1989392042160034,-0.0215262174606323,1,0,bench
shapenet644,sofa,0.0,0.0,0.9361792676168199,0.1183454990386962,-0.0184158086776733,1,0,display
shapenet646,sofa,0.0,0.0,0.6643868702592011,-0.0369268059730529,0.0501002669334411,0,1,loudspeaker
shapenet652,sofa,0.0,0.0,0.35170067436473645,0.108358085155487,0.099647432565689,1,1,airplane
shapenet653,sofa,0.0,0.0,0.5916670048070068,0.107044905424118,-0.043292611837387,1,0,cabinet
shapenet656,sofa,0.0,0.0,0.4626793885841554,-0.0496764779090881,-0.0465108752250671,0,0,loudspeaker
shapenet658,sofa,0.0,0.0,0.3754887670440383,0.0287112593650817,0.1242203116416931,1,1,airplane
shapenet662,sofa,0.0,0.0,0.5384940128174528,-0.0472678542137146,-0.032472550868988,0,0,telephone
shapenet664,sofa,0.0,0.0,0.7361968570829384,0.0839648246765136,0.0404214262962341,1,1,loudspeaker
shapenet665,sofa,0.0,0.0,0.31935927727182595,0.183696448802948,0.216950386762619,1,1,airplane
shapenet666,sofa,0.0,0.0,0.607589854720528,0.1505237817764282,0.1202899813652038,1,1,chair
shapenet667,sofa,-0.9444044480187387,5.333333333333333,0.28933241416991246,0.0982958078384399,0.0059669613838195,1,0,bench
shapenet677,sofa,0.0,0.0,0.7589707521124325,-0.0060266852378845,0.0916127860546112,0,1,car
shapenet678,sofa,0.0,0.0,0.38910391827905305,0.0548074841499328,0.0600859522819519,1,1,airplane
shapenet679,sofa,0.0,0.0,0.5573710938416959,0.173211932182312,0.3116668462753296,1,1,loudspeaker
shapenet682,sofa,0.0,0.0,0.36805844025778783,0.0083609223365783,0.2401564717292785,0,1,airplane
shapenet683,sofa,0.0,0.0,0.6141010983319396,-0.0243143141269683,0.0489208698272705,0,1,chair
shapenet686,sofa,0.0,0.0,0.40668639436649984,0.0575056672096252,0.0645036697387695,1,1,chair
shapenet687,sofa,0.0,0.0,0.3876781854873934,0.1667461693286895,0.0865823030471801,1,1,cabinet
shapenet690,sofa,0.0,0.0,0.8302220899337378,0.2166538536548614,0.1138461828231811,1,1,telephone
shapenet691,sofa,-2.2607306853355973,9.666666666666666,0.1986217325480566,0.0948221683502197,0.1727542281150818,1,1,bench
shapenet692,sofa,0.0,0.0,0.8839510970328188,0.1675487160682678,0.0307862758636474,1,1,display
shapenet693,sofa,-0.23104906018664842,0.3333333333333333,0.656398385392376,-0.1048534512519836,-0.0502444505691528,0,0,table
shapenet697,sofa,0.0,0.0,0.7118054601075059,0.3343085646629333,0.0468218326568603,1,1,chair
shapenet699,sofa,0.0,0.0,0.7525571411460134,-0.0725587606430053,-0.005961000919342,0,0,car
shapenet702,sofa,-0.9444044480187387,5.333333333333333,0.26781852543900864,-0.0112846493721008,0.0059122145175933,0,0,bench
shapenet703,sofa,0.0,0.0,0.8621427876107527,-0.0198155641555786,-0.0705913007259368,0,0,loudspeaker
shapenet708,sofa,-2.3418461048795067,10.666666666666666,0.18532211341752403,0.2594134211540222,0.0722074508666992,1,1,bench
shapenet711,sofa,0.0,0.0,0.5354507850731598,-0.0859827399253845,-0.0022562742233276,0,0,watercraft
shapenet714,sofa,-0.46209812037329684,0.6666666666666666,0.3097168582224036,0.2264684736728668,0.1666880846023559,1,1,bench
shapenet715,sofa,0.0,0.0,0.3700701679324441,0.116267442703247,0.0485840439796447,1,1,lamp
shapenet718,sofa,-0.5364793041447001,1.3333333333333333,0.6250112627851359,0.3355861306190491,0.1401979923248291,1,1,bench
shapenet719,sofa,0.0,0.0,0.7512004296499396,0.0424259305000305,0.1261869072914123,1,1,display
shapenet722,sofa,-2.7734827046521864,24.666666666666668,0.16852910824340825,0.3134764805436134,0.2045737206935882,1,1,sofa
shapenet724,sofa,0.0,0.0,0.6716366668499383,0.0332278609275817,0.0190478563308715,1,0,watercraft
shapenet725,sofa,-0.23104906018664842,0.3333333333333333,0.5145112680825598,0.1881313025951385,-0.0641862154006958,1,0,loudspeaker
shapenet732,sofa,-0.7675283643313486,3.0,0.2506201429463121,0.047565221786499,0.0310445427894592,1,1,chair
shapenet734,sofa,0.0,0.0,0.7930407886354033,0.0460867881774902,0.1137009859085083,1,1,telephone
shapenet736,sofa,0.0,0.0,0.34792812017336044,0.0849521160125732,0.1655927896499633,1,1,airplane
shapenet739,sofa,0.0,0.0,0.3537996052983832,0.0074808597564697,0.0379926562309265,0,1,airplane
shapenet740,sofa,0.0,0.0,0.6918140156572842,0.0864619016647338,0.1906964778900146,1,1,chair
shapenet743,sofa,0.0,0.0,0.6175140408264413,0.0122057497501373,-0.0346428155899047,0,0,table
shapenet744,sofa,0.0,0.0,0.7756220966462596,-0.0172152519226074,-0.0661205649375915,0,0,loudspeaker
shapenet749,sofa,0.0,0.0,0.8368606461618531,0.1202565431594848,-0.0004715323448181,1,0,display
shapenet751,sofa,0.0,0.0,0.6924497751310313,-0.1034731864929199,-0.1240255236625671,0,0,display
shapenet757,sofa,0.0,0.0,0.8885681490293195,0.0769922733306884,0.0870080590248107,1,1,telephone
shapenet759,sofa,0.0,0.0,0.8678262188736015,0.0278267860412597,-0.0092962980270385,1,0,chair
shapenet760,sofa,0.0,0.0,0.7798729618320731,0.0903164744377136,-0.0483216941356658,1,0,telephone
shapenet761,sofa,0.0,0.0,0.6097129177500725,-0.0212209224700927,-0.0219002664089202,0,0,table
shapenet762,sofa,-0.6486367163517711,2.0,0.24112625483551753,0.1424916684627533,0.1583147644996643,1,1,bench
shapenet766,sofa,0.0,0.0,0.5017295666959701,-0.027739405632019,-0.0825366377830505,0,0,table
shapenet770,sofa,-0.9241962407465937,2.0,0.2833152807007674,0.0220208764076232,-0.0033552646636962,1,0,airplane
shapenet771,sofa,0.0,0.0,0.33314550233725554,0.0087583661079406,0.0032296180725097,0,0,airplane
shapenet772,sofa,-1.9629593194442936,12.0,0.265709413662103,0.0694243311882019,0.0124148428440094,0,0,bench
shapenet773,sofa,0.0,0.0,0.6802893769391694,0.150321364402771,0.077958345413208,1,1,table
shapenet774,sofa,0.0,0.0,0.6504152104701942,-0.0202705860137939,0.0024951100349426,0,0,loudspeaker
shapenet775,sofa,0.0,0.0,0.7928853794227498,-0.0036444664001464,-0.0427635908126831,0,0,loudspeaker
shapenet782,sofa,0.0,0.0,0.5573647354530673,0.1062331795692443,0.0130807161331176,1,1,chair
shapenet790,sofa,0.0,0.0,0.3660611531547339,0.1852452158927917,0.0784856081008911,1,1,loudspeaker
shapenet791,sofa,0.0,0.0,0.3388702979575025,0.0117029547691345,0.1256563067436218,0,1,airplane
shapenet796,sofa,-0.46209812037329684,1.0,0.6491996723082013,0.1443177163600921,0.0584169626235961,1,1,loudspeaker
shapenet797,sofa,-2.690302029595939,21.0,0.13542426732228588,0.027101993560791,0.0203036367893219,0,1,sofa
shapenet798,sofa,0.0,0.0,0.7126227431574991,0.1853850483894348,-0.0108460485935211,1,0,table
shapenet799,sofa,0.0,0.0,0.7324612890089336,0.1134080290794372,-0.0312206149101257,1,0,car
shapenet800,sofa,-0.6931471805599453,2.3333333333333335,0.2849632380136204,-0.013113260269165,0.0754708051681518,0,1,airplane
shapenet801,sofa,0.0,0.0,0.41237920117688015,-0.0318527817726135,-0.0518797039985656,0,0,loudspeaker
shapenet804,sofa,0.0,0.0,0.47497419272865754,0.0637856721878051,0.0670865178108215,1,1,airplane
shapenet805,sofa,0.0,0.0,0.771029236797722,0.007431149482727,-0.0098984837532043,0,0,cabinet
shapenet808,sofa,0.0,0.0,0.3297965214198361,0.0340564250946044,0.0088022351264953,0,0,chair
shapenet811,sofa,0.0,0.0,0.41455583115852646,0.0025180280208587,-0.04999840259552,0,0,table
shapenet812,sofa,0.0,0.0,0.8323122116035812,0.0127217173576354,0.0168808698654174,0,0,cabinet
shapenet813,sofa,0.0,0.0,0.738032645015393,-0.0579113960266113,-0.0049038529396057,0,0,car
shapenet814,sofa,0.0,0.0,0.7509980340908521,0.0105910301208496,-0.062924325466156,0,0,car
shapenet816,sofa,0.0,0.0,0.5404101120787742,0.2196535468101501,0.1665162444114685,1,1,table
shapenet817,sofa,0.0,0.0,0.5225965741794346,0.2917327582836151,0.1827784180641174,1,1,cabinet
shapenet818,sofa,0.0,0.0,0.7235716610528952,0.1140649318695068,0.1690474152565002,1,1,car
shapenet820,sofa,0.0,0.0,0.6031392241770362,0.0730546712875366,0.1661158204078674,1,1,chair
shapenet825,sofa,0.0,0.0,0.9474287971341807,0.0550161600112915,-0.1114904880523681,1,0,table
shapenet826,sofa,0.0,0.0,0.9527605276500862,0.0326841473579406,0.0272364616394042,1,0,table
shapenet827,sofa,-1.3862943611198906,4.666666666666667,0.27199455030418146,0.0710364282131195,0.1392627954483032,1,1,airplane
shapenet831,sofa,0.0,0.0,0.39663155010827733,0.3248780369758606,0.1035825908184051,1,1,watercraft
shapenet832,sofa,-1.6917246050779422,5.0,0.21346123861517327,0.0538100004196167,-0.0819031596183776,1,0,bench
shapenet833,sofa,0.0,0.0,0.47322335103347585,-0.0358222126960754,-0.0269570052623748,0,0,watercraft
shapenet835,sofa,0.0,0.0,0.4106559309101601,0.0695448517799377,0.0099040269851684,1,0,airplane
shapenet837,sofa,0.0,0.0,0.6779633133768178,0.0440687239170074,-0.0380144119262695,0,0,cabinet
shapenet840,sofa,0.0,0.0,0.5697026279846934,0.1769977211952209,0.0693278312683105,1,1,chair
shapenet845,sofa,0.0,0.0,0.31090460877568127,0.0613690018653869,-0.0133445262908935,1,0,sofa
shapenet846,sofa,0.0,0.0,0.6015677080738446,0.1673999428749084,0.1027482151985168,1,1,chair
shapenet848,sofa,0.0,0.0,0.7375452558936963,0.0682447254657745,0.051901638507843,1,1,watercraft
shapenet851,sofa,0.0,0.0,0.3794826701149934,-0.1281479001045227,0.047741949558258,0,1,airplane
shapenet852,sofa,0.0,0.0,0.7327577387323819,-0.0210210680961608,-0.1055793464183807,0,0,car
shapenet854,sofa,0.0,0.0,0.851135508208075,0.026728868484497,0.0320241451263427,1,0,telephone
shapenet856,sofa,-0.46209812037329684,1.0,0.24653442033898154,0.0128462314605712,-0.0495164990425109,0,0,bench
shapenet859,sofa,0.0,0.0,0.750834547043283,0.0619511604309082,-0.0222050547599792,1,0,table
shapenet860,sofa,-0.7324081924454066,1.3333333333333333,0.32507816020957764,0.1487873792648315,0.0864661335945129,1,1,airplane
shapenet861,sofa,-3.6675054736964845,40.0,0.10522403305102257,0.1611809134483337,-0.0421598553657531,1,0,sofa
shapenet863,sofa,-1.9629593194442936,12.0,0.1580711943983111,-0.0142256319522857,-0.0136587023735046,0,0,sofa
shapenet867,sofa,0.0,0.0,0.6811342259171694,0.250939667224884,0.2905646562576294,1,1,chair
shapenet869,sofa,0.0,0.0,0.25507363357986684,0.2537626624107361,0.2050864100456237,1,1,sofa
shapenet871,sofa,0.0,0.0,0.7993095029887346,0.100532591342926,0.0098748505115509,1,0,telephone
shapenet873,sofa,0.0,0.0,0.8815808284270595,0.0946767330169677,0.1605020761489868,1,1,cabinet
shapenet877,sofa,0.0,0.0,0.42202728692185704,0.0436434149742126,0.0178350806236267,1,0,chair
shapenet878,sofa,0.0,0.0,0.7594045361258973,0.1933297514915466,0.0796400904655456,1,1,display
shapenet879,sofa,-3.5934989231362024,36.333333333333336,0.10766756588292759,0.081591248512268,0.0202753543853759,1,1,sofa
shapenet884,sofa,-2.8647180775174554,17.0,0.12755661682876063,0.0770803391933441,0.0156089663505554,1,1,sofa
shapenet886,sofa,-1.2972734327035422,4.0,0.22358200225687463,0.081354022026062,0.0817873477935791,1,1,bench
shapenet888,sofa,0.0,0.0,0.6558180206995137,-0.1484825611114502,-0.0360732674598693,0,0,table
shapenet891,sofa,0.0,0.0,0.3789520024056829,0.0620506405830383,-0.0366836190223693,1,0,airplane
shapenet893,sofa,0.0,0.0,0.8765830639338402,-0.0570923686027526,-0.0272567272186279,0,0,telephone
shapenet898,sofa,0.0,0.0,0.3145700571587455,0.0579230189323425,0.1099046468734741,1,1,airplane
shapenet899,sofa,0.0,0.0,0.47795403319035296,0.0918999314308166,0.0664105415344238,1,1,display
shapenet901,sofa,0.0,0.0,0.43517769801322886,0.0397404134273529,0.0574234127998352,1,1,airplane
shapenet902,sofa,0.0,0.0,0.6024686665017539,0.0748630762100219,0.023599088191986,1,0,loudspeaker
shapenet903,sofa,0.0,0.0,0.7124626544455536,0.0068901181221008,-0.0036106407642364,1,0,car
shapenet904,sofa,0.0,0.0,0.49984064328870553,0.1344164609909057,0.0646446347236633,1,1,loudspeaker
shapenet906,sofa,0.0,0.0,0.837376427867289,0.046926736831665,0.0447152256965637,1,1,chair
shapenet913,sofa,0.0,0.0,0.6468925639051784,0.1747834086418151,0.0979308187961578,1,1,table
shapenet914,sofa,0.0,0.0,0.40090768151445905,-0.0105673670768737,-0.1175716519355773,0,0,table
shapenet915,sofa,0.0,0.0,0.9092801921369947,-0.1177068650722503,-0.0972876548767089,0,0,table
shapenet916,sofa,0.0,0.0,0.3982415132761734,0.060529351234436,0.0579913258552551,1,1,watercraft
shapenet918,sofa,0.0,0.0,0.6189021356503103,0.0825151205062866,-0.0076105594635009,1,0,chair
shapenet919,sofa,0.0,0.0,0.4035595959059714,0.0344995260238647,0.0559059381484985,1,1,airplane
shapenet923,sofa,0.0,0.0,0.25947938977513346,0.0712410807609558,0.0081643760204315,1,0,sofa
shapenet924,sofa,0.0,0.0,0.619182646152449,0.1004264056682586,-0.0375480353832244,1,0,cabinet
shapenet925,sofa,0.0,0.0,0.6952417707270874,0.0287421345710754,0.0539358258247375,0,0,loudspeaker
shapenet927,sofa,-2.783476657846045,30.333333333333332,0.1289743713825747,0.1009995639324188,-0.0487716794013977,1,0,sofa
shapenet930,sofa,0.0,0.0,0.48758378929619745,0.1594119668006897,0.0409463346004486,1,1,watercraft
shapenet938,sofa,-0.46209812037329684,1.0,0.26886536828517843,0.131413459777832,0.162488043308258,1,1,airplane
shapenet939,sofa,-0.9241962407465937,2.0,0.2454933184174649,-0.0068463087081909,0.0363364815711975,0,1,bench
shapenet941,sofa,0.0,0.0,0.7795665544116616,0.2689099311828613,0.1882215440273285,1,1,display
shapenet942,sofa,0.0,0.0,0.7439252026292994,0.1044899225234985,0.1604295074939727,1,1,chair
shapenet943,sofa,0.0,0.0,0.39007265068628355,-0.0170632004737854,-0.0192859172821044,0,0,chair
shapenet946,sofa,0.0,0.0,0.24111185909239038,0.1291169226169586,-0.0553356409072876,1,0,sofa
shapenet949,sofa,-0.9814796597221468,6.0,0.19134326418062922,-0.0149486660957336,0.0664764046669006,0,1,sofa
shapenet950,sofa,0.0,0.0,0.5014567517259326,0.2054298445582389,0.0736720263957977,1,1,cabinet
shapenet952,sofa,0.0,0.0,0.7242213470106398,0.1174011826515197,0.0768990516662597,1,1,car
shapenet953,sofa,-1.6566044331920002,7.333333333333333,0.23198910403107798,0.0931355953216552,-0.0879788994789123,1,0,table
shapenet954,sofa,-1.3862943611198906,4.666666666666667,0.25098144828136093,0.0619508028030395,0.0623947978019714,1,1,airplane
shapenet955,sofa,0.0,0.0,0.3584853613493819,0.0241038799285888,0.0545761585235595,0,1,airplane
shapenet956,sofa,-3.4431906492823425,32.0,0.110036382014038,0.2370126098394394,0.0838918983936309,1,1,sofa
shapenet957,sofa,0.0,0.0,0.5631060961146895,0.1043295860290527,0.0844027698040008,1,1,table
shapenet958,sofa,0.0,0.0,0.7695374281144182,0.0966646671295166,0.096845805644989,1,1,table
shapenet959,sofa,-0.9241962407465937,2.0,0.4144477913810767,0.0087419748306274,-0.0256498456001281,0,0,loudspeaker
shapenet960,sofa,0.0,0.0,0.7593594175275143,0.1523688733577728,0.0739115476608276,1,1,cabinet
shapenet966,sofa,0.0,0.0,0.6289590104116446,0.1207829713821411,0.0886535942554473,1,1,chair
shapenet967,sofa,-3.3011625175120423,35.0,0.11503668598719159,-0.0585943162441253,-0.0593208074569702,0,0,sofa
shapenet974,sofa,0.0,0.0,0.8963072415063152,0.0278016328811645,-0.0784850716590881,1,0,telephone
shapenet977,sofa,-3.0213859539327004,20.0,0.12278291915760742,0.1777072846889495,-0.0138222575187683,1,0,sofa
shapenet978,sofa,0.0,0.0,0.4033442439840819,-0.004275619983673,-0.0182495713233947,0,0,airplane
shapenet979,sofa,-1.1945063128187032,11.666666666666666,0.44459560624498273,0.3597229197621345,0.0901115536689758,1,1,sofa
shapenet983,sofa,-0.6931471805599453,2.3333333333333335,0.332246728101625,0.0361495614051818,0.155186265707016,1,1,airplane
shapenet984,sofa,0.0,0.0,0.8478481278338724,0.0116204023361206,0.0930854678153991,1,1,telephone
shapenet989,sofa,0.0,0.0,0.486747273396215,0.0381011366844177,-0.0186414718627929,1,0,chair
shapenet990,sofa,0.0,0.0,0.7042531943892509,0.0492404699325561,0.1365360915660858,1,1,telephone
shapenet991,sofa,0.0,0.0,0.8138251679471568,-0.0531454682350158,-0.0798879861831665,0,0,cabinet
shapenet994,sofa,0.0,0.0,0.7237599185597663,-0.0437390208244323,-0.0511643290519714,0,0,car
shapenet1000,sofa,0.0,0.0,0.42584275230219193,0.0881583392620086,-0.0587695240974426,1,0,loudspeaker
shapenet1003,sofa,-0.9814796597221468,6.0,0.3529395984759221,0.1768223643302917,0.0158789157867431,1,0,bench
shapenet1005,sofa,0.0,0.0,0.6562532779550195,0.085924208164215,0.0517406463623046,1,0,chair
shapenet1008,sofa,0.0,0.0,0.7480901960868439,0.1295776665210724,0.002147614955902,1,0,watercraft
shapenet1009,sofa,0.0,0.0,0.30695170084039086,0.0884055495262146,0.1990477740764618,1,1,airplane
shapenet1010,sofa,0.0,0.0,0.9105643217866396,0.148243248462677,0.0325040221214294,1,1,cabinet
shapenet1016,sofa,0.0,0.0,0.5190866613886833,0.1317752599716186,0.1249841451644897,1,1,table
shapenet1019,sofa,0.0,0.0,0.7326316280110275,-0.0044007301330566,0.1106314063072204,0,1,chair
shapenet1020,sofa,-0.3662040962227033,0.6666666666666666,0.414318597320052,0.1053191423416137,0.199876457452774,1,1,airplane
shapenet1023,sofa,0.0,0.0,0.3583090858522661,0.1026481986045837,0.0011001229286193,1,0,chair
shapenet1024,sofa,-3.4257977305788425,30.666666666666668,0.11124920119169335,0.0086258649826049,-0.0144360661506652,0,0,sofa
shapenet1025,sofa,0.0,0.0,0.5755058088988511,-0.0001190304756164,0.0043132305145263,0,0,loudspeaker
shapenet1026,sofa,0.0,0.0,0.3944830387336835,0.1148768663406372,0.2060964703559875,1,1,airplane
shapenet1028,sofa,0.0,0.0,0.7259836408504107,0.0419166684150695,0.1389904916286468,1,1,car
shapenet1030,sofa,0.0,0.0,0.82552415291013,-0.0106657743453979,-0.0547468066215515,0,0,display
shapenet1033,sofa,-1.9971548490359943,7.0,0.19973448162812024,0.0754328966140747,0.0186741948127746,1,0,bench
shapenet1034,sofa,-1.1945063128187032,3.3333333333333335,0.24117693228254602,0.1824259757995605,0.1619873940944671,1,1,sofa
shapenet1035,sofa,0.0,0.0,0.9349596714039276,-0.0556190013885498,0.054320752620697,0,1,table
shapenet1036,sofa,0.0,0.0,0.7681889668133802,-0.0431979894638061,-0.022130012512207,0,0,display
shapenet1037,sofa,0.0,0.0,0.8545611214585813,0.1365860104560852,-0.0302963256835937,1,0,cabinet
shapenet1041,sofa,0.0,0.0,0.4024090703533099,0.0289852619171142,0.0197744965553283,1,0,airplane
shapenet1042,sofa,0.0,0.0,0.9253853535794234,0.1168553233146667,0.0314137935638427,1,0,display
shapenet1043,sofa,-0.3662040962227033,0.6666666666666666,0.48380786126240327,0.1667814254760742,0.0636987686157226,1,1,table
shapenet1047,sofa,0.0,0.0,0.6972605376235732,0.1025683283805847,0.0786448121070861,1,1,table
shapenet1048,sofa,0.0,0.0,0.5783247818377668,0.0784885287284851,-0.0012999773025512,1,0,table
shapenet1049,sofa,0.0,0.0,0.37576873017549645,0.1848615407943725,0.2286412119865417,1,1,airplane
shapenet1050,sofa,0.0,0.0,0.7227522674847678,-0.0134820342063903,-0.0128532648086547,0,0,telephone
shapenet1053,sofa,0.0,0.0,0.574829788755251,0.1549339890480041,0.114247977733612,1,1,lamp
shapenet1055,sofa,0.0,0.0,0.3433349526651636,0.044693648815155,0.0479375123977661,0,1,watercraft
shapenet1056,sofa,-1.9410152984943396,8.333333333333334,0.20226546336388596,0.2061563432216644,0.0409151911735534,1,1,sofa
shapenet1057,sofa,0.0,0.0,0.34586976009386644,-0.0318053364753723,-0.1035364866256713,0,0,airplane
shapenet1061,sofa,0.0,0.0,0.4349624525440907,-0.0629337430000305,-0.0327749252319335,0,0,display
shapenet1062,sofa,-1.5607104090414066,4.0,0.2079896498148285,0.2220048606395721,0.0381270051002502,1,1,bench
shapenet1066,sofa,0.0,0.0,0.43435176767133,-0.0750915110111236,-0.0223101377487182,0,0,watercraft
shapenet1067,sofa,0.0,0.0,0.9249684098047469,0.0913940072059631,-0.0143821835517883,1,0,cabinet
shapenet1070,sofa,0.0,0.0,0.5658967563255013,0.0371902585029602,0.0718433856964111,1,1,chair
shapenet1074,sofa,0.0,0.0,0.31109588358247403,0.1380348801612854,0.1257690191268921,1,1,chair
shapenet1078,sofa,-0.7324081924454066,1.3333333333333333,0.5110825807962962,0.1011608839035034,-0.0058605968952178,1,0,lamp
shapenet1079,sofa,0.0,0.0,0.6970299210072436,0.0470972061157226,0.1123297214508056,1,1,chair
shapenet1081,sofa,0.0,0.0,0.9695635329768132,0.0681718587875366,0.0035160779953002,1,0,cabinet
shapenet1082,sofa,-1.9971548490359938,12.666666666666666,0.2546232976945045,0.1140409111976623,0.1573998928070068,1,1,lamp
shapenet1084,sofa,0.0,0.0,0.47107954872455965,-0.0339856147766113,-0.0832794904708862,0,0,watercraft
shapenet1085,sofa,-0.7324081924454066,1.3333333333333333,0.3313095100140517,0.1949017941951751,0.1772978901863098,1,1,table
shapenet1086,sofa,0.0,0.0,0.7443464269437121,0.1549271345138549,0.07020765542984,1,1,cabinet
shapenet1088,sofa,0.0,0.0,0.5366705416984868,0.0254863500595092,-0.0409923195838928,0,0,watercraft
shapenet1091,sofa,0.0,0.0,0.692104053797327,-0.0637458562850952,-0.0674461722373962,0,0,car
shapenet1092,sofa,0.0,0.0,0.3646748339133006,-0.0865425467491149,0.2211909890174865,0,1,airplane
shapenet1093,sofa,-0.3662040962227033,0.6666666666666666,0.4027439009374251,0.2174324691295623,0.0990875959396362,1,1,sofa
shapenet1096,sofa,-2.293118601486813,12.0,0.20641989270097408,-0.0265537500381469,-0.0917473435401916,0,0,bench
shapenet1097,sofa,-3.0731661032536497,22.333333333333332,0.1291351549799514,0.1602034568786621,0.0483612120151519,1,1,sofa
shapenet1099,sofa,0.0,0.0,0.6095985681608961,-0.1619436740875244,-0.0598165392875671,0,0,table
shapenet1100,sofa,-0.46209812037329684,1.0,0.34566995363527414,0.027783989906311,0.1022871136665344,1,1,watercraft
shapenet1103,sofa,0.0,0.0,0.732649455559007,0.0229527354240417,-0.02234548330307,0,0,telephone
shapenet1111,sofa,0.0,0.0,0.8098282035785727,0.1631773710250854,0.2163501679897308,1,1,telephone
shapenet1113,sofa,0.0,0.0,0.4373942383188208,0.0164384841918945,-0.0017551183700561,1,0,chair
shapenet1117,sofa,0.0,0.0,0.335993949591904,-0.0125539898872375,-0.0072972178459167,0,0,airplane
shapenet1119,sofa,0.0,0.0,0.37939513316985035,0.1175348758697509,0.2517565786838531,1,1,airplane
shapenet1120,sofa,0.0,0.0,0.34733946726263915,-0.0459450483322143,-0.020589679479599,0,0,watercraft
shapenet1121,sofa,0.0,0.0,0.8126951341275003,0.0530543625354766,0.0077781081199646,1,0,loudspeaker
shapenet1123,sofa,0.0,0.0,0.5835937277866413,0.0415190458297729,0.0239312946796417,1,1,watercraft
shapenet1125,sofa,0.0,0.0,0.8925829294212236,-0.0223017930984497,-0.010015845298767,0,0,telephone
shapenet1127,sofa,0.0,0.0,0.5978362996668204,0.0743675231933593,-0.0125469267368316,1,0,watercraft
shapenet1129,sofa,0.0,0.0,0.7098659460005935,0.1685108542442321,0.0084109306335449,1,0,car
shapenet1131,sofa,0.0,0.0,0.9418117617117189,0.0164074301719665,-0.0145338177680969,0,0,telephone
shapenet1137,sofa,0.0,0.0,0.3372318506796485,-0.0029389858245849,0.2504238486289978,0,1,airplane
shapenet1141,sofa,-0.46209812037329684,0.6666666666666666,0.7447121623463272,0.0105294585227966,-0.0316674709320068,0,0,chair
shapenet1142,sofa,0.0,0.0,0.7155972027521836,0.0561360120773315,0.1275566220283508,1,1,chair
shapenet1143,sofa,0.0,0.0,0.7254525777732527,0.0371519923210144,-0.0217499732971191,1,0,car
shapenet1144,sofa,0.0,0.0,0.713489251784424,0.0196917653083801,0.013551115989685,1,0,car
shapenet1145,sofa,0.0,0.0,0.4640312162604853,0.1331822574138641,-0.0683524310588836,1,0,cabinet
shapenet1146,sofa,0.0,0.0,0.6608162119072573,0.0184372067451477,0.0159395635128021,0,0,watercraft
shapenet1147,sofa,0.0,0.0,0.3686606228478781,0.2139486670494079,0.2622060179710388,1,1,bench
shapenet1149,sofa,-1.4648163848908131,5.333333333333333,0.42344625485152615,0.1432322859764099,0.1033545136451721,1,1,chair
shapenet1155,sofa,0.0,0.0,0.7073176250241615,0.017992079257965,0.0346174240112304,0,1,display
shapenet1157,sofa,0.0,0.0,0.7531977767061955,0.1438041925430297,0.3034858703613281,1,1,telephone
shapenet1159,sofa,0.0,0.0,0.3353747382790684,0.0586395263671875,0.0086296200752258,1,0,airplane
shapenet1160,sofa,0.0,0.0,0.7386974978502229,0.0090335011482238,0.0076016783714294,0,0,car
shapenet1161,sofa,0.0,0.0,0.7063058285317112,0.1510720252990722,-0.0528261661529541,1,0,watercraft
shapenet1163,sofa,-0.7324081924454066,1.3333333333333333,0.3219252453005749,0.0719308853149414,0.1835153698921203,1,1,bench
shapenet1168,sofa,-2.939592723012337,19.666666666666668,0.13839449942953488,-0.041267454624176,-0.1193838417530059,0,0,sofa
shapenet1171,sofa,0.0,0.0,0.3758732760708456,-0.0171347260475158,-0.0295320749282836,0,0,airplane
shapenet1172,sofa,0.0,0.0,0.5996803488951575,0.1236008405685424,0.0583212971687316,1,1,loudspeaker
shapenet1174,sofa,0.0,0.0,0.7521518836226525,0.1052477657794952,-0.0820364952087402,1,0,display
shapenet1178,sofa,0.0,0.0,0.7227669662053314,0.0733754634857177,0.1222806274890899,1,1,car
shapenet1179,sofa,0.0,0.0,0.49094292640291565,-0.0732517838478088,0.009549081325531,0,0,cabinet
shapenet1182,sofa,0.0,0.0,0.8463325493263376,-0.0141044855117797,-0.0257882475852966,0,0,telephone
shapenet1183,sofa,0.0,0.0,0.5227701495462543,0.0862384736537933,0.0224367082118988,1,1,lamp
shapenet1184,sofa,-0.46209812037329684,1.0,0.3270668474926198,0.0757111310958862,0.0752103924751281,1,1,airplane
shapenet1186,sofa,0.0,0.0,0.7165801867028755,-0.0469288825988769,-0.0476050972938537,0,0,chair
shapenet1187,sofa,0.0,0.0,0.5289589357904879,0.2747916579246521,0.1078817844390869,1,1,cabinet
shapenet1189,sofa,0.0,0.0,0.5279198356200977,0.1069521307945251,-0.0876303315162658,1,0,watercraft
shapenet1190,sofa,0.0,0.0,0.6788872655452098,-0.0367881059646606,0.0095185935497283,0,0,watercraft
shapenet1191,sofa,0.0,0.0,0.8107986814688458,0.0462440252304077,0.08463054895401,1,1,loudspeaker
shapenet1194,sofa,0.0,0.0,0.7084827561557928,0.1082436442375183,0.0179488658905029,1,1,car
shapenet1196,sofa,0.0,0.0,0.32552740703268235,0.1478259563446045,0.1713203489780426,1,1,airplane
shapenet1197,sofa,0.0,0.0,0.515271147320708,0.1103779077529907,-0.0333210825920105,1,0,watercraft
shapenet1199,sofa,0.0,0.0,0.5122675306754156,0.2049698531627655,0.0202354788780212,1,0,watercraft
shapenet1200,sofa,0.0,0.0,0.7239699675108039,0.1923015117645263,0.0612848997116088,1,1,table
shapenet1201,sofa,0.0,0.0,0.8038308818217259,0.1623008847236633,0.1125380992889404,1,1,table
shapenet1202,sofa,0.0,0.0,0.3146320992336376,0.0631791353225708,0.1927480995655059,1,1,airplane
shapenet1208,sofa,0.0,0.0,0.5853854951854758,0.1102716326713562,-0.0666841268539428,1,0,watercraft
shapenet1210,sofa,-0.9985774245179969,2.0,0.35770639658563036,0.0470523238182067,-0.0666577219963073,0,0,sofa
shapenet1211,sofa,-0.9241962407465937,2.0,0.2510278853093742,0.0678572654724121,0.0171892046928405,1,1,lamp
shapenet1212,sofa,0.0,0.0,0.7348100508937714,0.0716959238052368,-0.0306013226509094,1,0,car
shapenet1215,sofa,0.0,0.0,0.3188424011846539,0.0755034685134887,0.1521626114845276,1,1,airplane
shapenet1216,sofa,0.0,0.0,0.5320557837264491,0.125319242477417,0.0116339325904846,1,0,watercraft
shapenet1218,sofa,0.0,0.0,0.7899002314293057,0.1152051091194152,0.1167070865631103,1,1,telephone
shapenet1220,sofa,0.0,0.0,0.7358717924653725,0.0956012606620788,0.1703915894031524,1,1,car
shapenet1222,sofa,-0.3662040962227033,0.6666666666666666,0.37325242931261804,0.1152010560035705,0.0465555787086486,1,1,sofa
shapenet1224,sofa,0.0,0.0,0.35673870028872184,0.0284069180488586,0.2359625697135925,1,1,airplane
shapenet1226,sofa,0.0,0.0,0.7709195232751144,0.0333390533924102,-0.0412117838859558,1,0,loudspeaker
shapenet1227,sofa,0.0,0.0,0.7583059331245492,0.2287205457687378,0.0872152000665664,1,1,table
shapenet1228,sofa,0.0,0.0,0.3911836326490436,-0.0497016310691833,-0.0418864488601684,0,0,airplane
shapenet1232,sofa,0.0,0.0,0.5724734751488616,0.0015406608581542,-0.0523683726787567,0,0,watercraft
shapenet1234,sofa,0.0,0.0,0.6522966575874007,0.0711784958839416,0.0737970471382141,1,1,chair
shapenet1241,sofa,-2.8130051367840707,15.666666666666666,0.1823486114468872,0.2641568183898926,0.1911015212535858,1,1,lamp
shapenet1242,sofa,0.0,0.0,0.7027991738454906,0.1278360486030578,0.065611720085144,1,1,cabinet
shapenet1245,sofa,0.0,0.0,0.3682440944182517,0.0081626176834106,-0.0709108710289001,0,0,airplane
shapenet1250,sofa,-0.46209812037329684,0.6666666666666666,0.5395330327602711,0.3262226730585098,0.1765789985656738,1,1,chair
shapenet1252,sofa,0.0,0.0,0.6521674943384967,-0.0331758856773376,-0.0800297260284423,0,0,watercraft
shapenet1253,sofa,0.0,0.0,0.6244640332918077,-0.03036630153656,0.1112739741802215,0,1,watercraft
shapenet1255,sofa,0.0,0.0,0.6259515330381914,0.0509901642799377,-0.0990599989891052,1,0,chair
shapenet1256,sofa,0.0,0.0,0.42841509509131637,-0.0327202081680297,0.0411356687545776,0,1,airplane
shapenet1258,sofa,0.0,0.0,0.7359155538035173,0.0463790297508239,0.0757443904876709,1,1,car
shapenet1259,sofa,0.0,0.0,0.77809356856749,0.1382823586463928,0.0579676926136016,1,1,cabinet
shapenet1260,sofa,0.0,0.0,0.7392721004774675,-0.070474088191986,-0.0567564666271209,0,0,car
shapenet1262,sofa,0.0,0.0,0.5959077003110325,-0.0888656377792358,-0.0870117545127868,0,0,loudspeaker
shapenet1263,sofa,0.0,0.0,0.5826422973741424,0.2373378872871399,0.2409015595912933,1,1,chair
shapenet1264,sofa,0.0,0.0,0.7445290298540309,-0.100965142250061,-0.0506225824356079,0,0,car
shapenet1267,sofa,0.0,0.0,0.8446845615153588,-0.1142981648445129,-0.0879358649253845,0,0,display
shapenet1269,sofa,0.0,0.0,0.6462134742585915,0.0254693329334259,-0.1128704249858856,1,0,table
shapenet1271,sofa,0.0,0.0,0.48074458264507625,0.0645110011100769,0.2400241494178772,1,1,watercraft
shapenet1273,sofa,0.0,0.0,0.7389490938886206,-0.0562332868576049,-0.0987838506698608,0,0,car
shapenet1274,sofa,0.0,0.0,0.7084422553748836,0.0468794703483581,0.0599015057086944,0,1,table
shapenet1275,sofa,0.0,0.0,0.3810582246521297,-0.0148935914039611,-0.02314954996109,0,0,airplane
shapenet1276,sofa,0.0,0.0,0.6796503175326755,0.2010579109191894,0.0222522020339965,1,0,loudspeaker
shapenet1278,sofa,0.0,0.0,0.34306709872351765,0.0738998055458068,0.0547105073928833,1,1,bench
shapenet1279,sofa,-2.8783254090242067,49.333333333333336,0.151720389352196,0.2828569114208221,0.1248415112495422,1,1,sofa
shapenet1283,sofa,0.0,0.0,0.7817951299992525,0.0485567450523376,0.0321806073188781,1,1,telephone
shapenet1285,sofa,0.0,0.0,0.8991350771694151,0.2744123935699463,0.1744775772094726,1,1,cabinet
shapenet1286,sofa,0.0,0.0,0.8030927139776426,0.0371404886245727,0.0578203797340393,1,1,table
shapenet1287,sofa,0.0,0.0,0.5165597085097707,0.0972025394439697,0.023853451013565,1,0,lamp
shapenet1288,sofa,0.0,0.0,0.7251011941862976,0.0585134029388427,0.0026432871818542,1,0,car
shapenet1290,sofa,0.0,0.0,0.7331370186515679,0.0298945009708404,-0.0206902623176574,0,0,car
shapenet1292,sofa,0.0,0.0,0.7814244963801662,0.0292086005210876,-0.0366249680519104,1,0,cabinet
shapenet1294,sofa,0.0,0.0,0.8015511572564437,0.0293601751327514,0.0520908832550048,1,1,telephone
shapenet1295,sofa,-1.0729586082894003,2.6666666666666665,0.19860748151539853,0.0400108695030212,-0.013943612575531,1,0,cabinet
shapenet1296,sofa,0.0,0.0,0.8290066932398928,0.1500226855278015,0.1303048133850097,1,1,chair
shapenet1297,sofa,0.0,0.0,0.5082817746145482,0.0291022658348083,-0.087397426366806,1,0,lamp
shapenet1298,sofa,0.0,0.0,0.4498246651183588,0.2841148674488067,-0.0304311513900756,1,0,table
shapenet1299,sofa,0.0,0.0,0.723027431452273,0.1620934605598449,-0.0108265876770019,1,0,telephone
shapenet1300,sofa,0.0,0.0,0.5224022369482402,0.2250916361808776,-0.0670742690563201,1,0,watercraft
shapenet1303,sofa,0.0,0.0,0.7469673492100992,-0.0282496213912963,0.0482087135314941,0,1,table
shapenet1304,sofa,0.0,0.0,0.3615782227766791,-0.0049108266830444,0.1141688823699951,0,1,airplane
shapenet1306,sofa,-4.391335536852055,80.66666666666667,0.07463857104831458,0.1377096772193908,-0.0301522016525268,1,0,sofa
shapenet1308,sofa,0.0,0.0,0.36997465837774585,0.0080671310424804,-0.0412774085998535,1,0,display
shapenet1310,sofa,0.0,0.0,0.35544137204424125,0.0868922472000122,0.0020322203636169,1,0,loudspeaker
shapenet1312,sofa,0.0,0.0,0.6888514789653345,0.1903356909751892,0.2861450910568237,1,1,chair
shapenet1314,sofa,0.0,0.0,0.626683831965402,-0.0434980988502502,-0.0241385698318481,0,0,cabinet
shapenet1315,sofa,-1.8296459087188957,7.0,0.22957461802913845,0.0267630815505981,-0.0929202437400817,1,0,bench
shapenet1316,sofa,0.0,0.0,0.5603134023413942,0.0697691440582275,0.0384072959423065,1,0,watercraft
shapenet1317,sofa,0.0,0.0,0.7188650726086155,0.173650711774826,0.0221961736679077,1,1,telephone
shapenet1318,sofa,-0.5364793041447001,1.3333333333333333,0.4466735988297445,0.2851805686950683,0.0416124463081359,1,1,sofa
shapenet1320,sofa,0.0,0.0,0.6061713840772959,-0.0515094399452209,-0.0521267652511596,0,0,car
shapenet1321,sofa,0.0,0.0,0.5892500322743146,0.1163498759269714,0.1811056733131408,1,1,chair
shapenet1322,sofa,0.0,0.0,0.8453481813505593,0.2278836667537689,0.0022336840629577,1,0,display
shapenet1324,sofa,0.0,0.0,0.7378679527964317,0.0554472208023071,-0.0625313520431518,1,0,cabinet
shapenet1325,sofa,0.0,0.0,0.4487847206479934,0.1338344812393188,0.2240466475486755,1,1,airplane
shapenet1328,sofa,-0.5364793041447001,1.3333333333333333,0.22815293148299065,-0.0511682629585266,-0.0170623064041137,0,0,cabinet
shapenet1330,sofa,0.0,0.0,0.733700421618464,0.0114524364471435,0.0023592710494995,0,0,car
shapenet1333,sofa,-4.06775456804852,58.0,0.08835245151802885,0.214919775724411,0.1400061249732971,1,1,sofa
shapenet1337,sofa,0.0,0.0,0.5015392107593976,-0.0197123885154724,-0.0612450242042541,0,0,watercraft
shapenet1339,sofa,0.0,0.0,0.5333267199900226,-0.0456778407096862,0.0218293070793151,0,0,watercraft
shapenet1341,sofa,0.0,0.0,0.7325109385053982,0.0335164666175842,-0.0259963870048522,0,0,car
shapenet1347,sofa,-1.5350567286626973,6.0,0.29206115134404753,0.0579959750175476,0.0497165322303772,1,1,watercraft
shapenet1349,sofa,-3.6088252686193347,37.0,0.1029174342481891,0.2440385073423385,0.0098820328712463,1,1,sofa
shapenet1351,sofa,0.0,0.0,0.31422212472089583,-0.0420686602592468,-0.1281042695045471,0,0,airplane
shapenet1353,sofa,0.0,0.0,0.34534567471196365,0.0496648550033569,0.011461853981018,1,0,airplane
shapenet1354,sofa,-2.9417553178385845,33.0,0.13967701426902748,0.2627865374088287,0.13924640417099,1,1,sofa
shapenet1357,sofa,0.0,0.0,0.49137154703070146,0.0439786314964294,0.1531468033790588,1,1,chair
shapenet1358,sofa,0.0,0.0,0.8941673707801469,0.1655048727989196,0.0548915863037109,1,1,telephone
shapenet1359,sofa,0.0,0.0,0.7621097850333868,0.0417951345443725,-0.0677734315395355,1,0,car
shapenet1360,sofa,0.0,0.0,0.8009487732787283,-0.028088092803955,0.0815763473510742,0,1,display
shapenet1361,sofa,0.0,0.0,0.827024832951888,0.1098843812942504,0.1332599520683288,1,1,chair
shapenet1362,sofa,0.0,0.0,0.30168294317466454,-0.0163479447364807,0.2001701593399047,0,1,airplane
shapenet1364,sofa,-1.0986122886681098,2.0,0.23509430086731312,0.224318653345108,-0.0023027658462524,1,0,sofa
shapenet1369,sofa,0.0,0.0,0.7276695047731391,0.1024154722690582,0.0285881161689758,1,0,car
shapenet1372,sofa,0.0,0.0,0.9148953184930005,-0.0668506026268005,-0.0846184492111206,0,0,cabinet
shapenet1375,sofa,0.0,0.0,0.331242344595651,0.1487352848052978,0.2516615986824035,1,1,airplane
shapenet1377,sofa,0.0,0.0,0.670523436931857,0.0501258969306945,-0.019837737083435,1,0,watercraft
shapenet1378,sofa,-0.9241962407465937,5.0,0.46587571057371463,0.0617842674255371,0.123207002878189,1,1,watercraft
shapenet1380,sofa,0.0,0.0,0.6371642916569348,0.0460384488105773,-0.034300684928894,1,0,loudspeaker
shapenet1381,sofa,0.0,0.0,0.7386706665567879,0.0434690117835998,0.0163037180900573,1,0,car
shapenet1383,sofa,0.0,0.0,0.7012124139045283,-0.0078651905059814,-0.0893880128860473,0,0,loudspeaker
shapenet1386,sofa,0.0,0.0,0.7551035111956913,0.017674297094345,-0.0486639142036438,0,0,display
shapenet1390,sofa,0.0,0.0,0.6253505375982239,-0.0274644494056701,-0.0018378496170043,0,0,telephone
shapenet1391,sofa,0.0,0.0,0.284096768906804,0.2063249051570892,0.0870592892169952,1,1,loudspeaker
shapenet1392,sofa,0.0,0.0,0.5194859098512322,0.1759048104286193,0.0623784959316253,1,1,telephone
shapenet1393,sofa,-0.3662040962227033,0.6666666666666666,0.42754307278427,0.0338648557662963,0.0460767447948455,1,1,watercraft
shapenet1394,sofa,0.0,0.0,0.7395695322512258,-0.0868602395057678,-0.0540354251861572,0,0,cabinet
shapenet1396,sofa,0.0,0.0,0.3442490585841553,-0.0403389930725097,0.0044541358947753,0,0,airplane
shapenet1397,sofa,0.0,0.0,0.5165800639637118,0.0700776576995849,0.0369684100151062,1,0,chair
shapenet1401,sofa,0.0,0.0,0.44795193633785657,0.0624114871025085,0.0131690502166748,1,1,airplane
shapenet1402,sofa,0.0,0.0,0.7128165828536089,0.1059242486953735,0.1425019204616546,1,1,chair
shapenet1404,sofa,0.0,0.0,0.7025016611278243,0.0370446443557739,0.0062756240367889,1,0,car
shapenet1406,sofa,0.0,0.0,0.3510696458625726,0.0889789760112762,0.3007927983999252,1,1,airplane
shapenet1411,sofa,-1.972964618091049,31.333333333333332,0.1878937271252612,0.3212154805660248,-0.0718332529067993,1,0,sofa
shapenet1413,sofa,-2.3674997852582162,10.0,0.186823896562427,0.1355582475662231,0.1350704431533813,1,1,bench
shapenet1418,sofa,0.0,0.0,0.7329944293671367,-0.0639403462409973,-0.0357309579849243,0,0,car
shapenet1419,sofa,0.0,0.0,0.7800366378556957,-0.1110658347606659,-0.0601184368133544,0,0,table
shapenet1421,sofa,0.0,0.0,0.6404254296094275,-0.1192922592163086,-0.0841362178325653,0,0,watercraft
shapenet1422,sofa,0.0,0.0,0.33577141688358436,0.0322949886322021,0.0270657539367675,1,0,airplane
shapenet1423,sofa,0.0,0.0,0.9419650766088763,0.0141423940658569,0.011841595172882,0,0,telephone
shapenet1427,sofa,0.0,0.0,0.6992943223607426,0.1691495776176452,0.0036223232746124,1,0,display
shapenet1428,sofa,0.0,0.0,0.7217639468738479,0.0112125277519226,0.0156983733177185,0,1,car
shapenet1429,sofa,-2.9743083102139445,27.0,0.17244461663242713,0.2371390759944915,0.0356457233428955,1,1,sofa
shapenet1433,sofa,0.0,0.0,0.7601649847110356,0.0697076320648193,0.0484888553619384,1,1,car
shapenet1435,sofa,0.0,0.0,0.5879966696526331,0.4414623193442821,0.2590386867523193,1,1,bench
shapenet1436,sofa,0.0,0.0,0.37574281246634483,-0.009053349494934,-0.0135230422019958,0,0,airplane
shapenet1439,sofa,0.0,0.0,0.8556566574328962,-0.0508943200111389,-0.0303328335285186,0,0,lamp
shapenet1441,sofa,0.0,0.0,0.33825742742931403,0.0891502797603607,0.2989781647920608,1,1,airplane
shapenet1445,sofa,0.0,0.0,0.3360781185768744,0.0721271634101867,0.1273740828037262,1,1,airplane
shapenet1448,sofa,0.0,0.0,0.8780360035355151,0.0026078820228576,0.0211828351020813,0,0,cabinet
shapenet1449,sofa,0.0,0.0,0.31417404242384567,0.0002599656581878,-0.092201292514801,0,0,cabinet
shapenet1451,sofa,0.0,0.0,0.5681255265386649,0.1396781802177429,0.0839506983757019,1,1,display
shapenet1455,sofa,0.0,0.0,0.38539210821052317,0.1296043395996093,0.2689354419708252,1,1,airplane
shapenet1460,sofa,0.0,0.0,0.8597742688674046,0.0952839255332946,0.1210862696170806,1,1,telephone
shapenet1466,sofa,0.0,0.0,0.34869132266755454,0.0312175750732421,0.0665410161018371,1,1,airplane
shapenet1468,sofa,0.0,0.0,0.7492347131784522,-0.020141065120697,-0.0724620223045349,0,0,car
shapenet1470,sofa,0.0,0.0,0.5053530268249616,0.0453855395317077,0.066514253616333,1,1,chair
shapenet1472,sofa,0.0,0.0,0.36021123988862774,0.0582011342048645,0.1541776061058044,1,1,airplane
shapenet1473,sofa,0.0,0.0,0.2807059441020719,0.0226715803146362,-0.0264171659946441,1,0,watercraft
shapenet1474,sofa,0.0,0.0,0.6948931413428611,0.0657429695129394,-0.0212944746017456,1,0,car
shapenet1475,sofa,0.0,0.0,0.7459596238550494,0.1241121888160705,0.0465022921562194,1,1,cabinet
shapenet1477,sofa,0.0,0.0,0.5991690516956494,0.2019418776035308,0.1609391570091247,1,1,lamp
shapenet1478,sofa,0.0,0.0,0.3270264613269119,0.0962521135807037,0.2385966181755066,1,1,airplane
shapenet1479,sofa,0.0,0.0,0.7441473453198455,0.0592188835144043,0.0612667202949523,1,1,car
shapenet1480,sofa,0.0,0.0,0.7486791993037979,-0.0237316191196441,-0.0533498525619506,0,0,cabinet
shapenet1484,sofa,-1.4648163848908131,5.333333333333333,0.3692834171877071,0.1684061586856842,-0.0063869357109069,1,0,telephone
shapenet1486,sofa,0.0,0.0,0.6447843257765143,0.0734260082244873,0.1304951906204223,1,1,table
shapenet1487,sofa,0.0,0.0,0.935549492804561,-0.0260322093963623,-0.0183818340301513,0,0,telephone
shapenet1489,sofa,-0.6931471805599453,2.3333333333333335,0.18995366686795448,0.0627610981464386,-0.0345554053783416,1,0,loudspeaker
shapenet1491,sofa,0.0,0.0,0.7078640746791081,0.1787416934967041,0.234607994556427,1,1,chair
shapenet1494,sofa,-1.598596848532247,6.666666666666667,0.3803264823478498,0.1612137556076049,-0.089490532875061,1,0,bench
shapenet1495,sofa,0.0,0.0,0.4591567547745801,0.082625463604927,0.1683225631713867,1,1,cabinet
shapenet2,table,-0.46209812037329684,0.6666666666666666,0.44893764519880125,0.1509639918804168,0.0241907835006713,1,1,loudspeaker
shapenet3,table,-2.5808006739385942,31.333333333333332,0.2970311472618677,0.0564277172088623,0.1602188944816589,1,1,bench
shapenet4,table,0.0,0.0,0.23449597825829235,0.0700518488883972,0.2167392373085022,1,1,airplane
shapenet5,table,0.0,0.0,0.5988111067191418,0.0627970695495605,0.0364487171173095,1,0,sofa
shapenet6,table,-2.946280604477097,25.333333333333332,0.15302297345887614,0.1947849988937378,0.0723785758018493,1,1,bench
shapenet10,table,0.0,0.0,0.7695639297100879,-0.0810217261314392,-0.1119518280029296,0,0,display
shapenet11,table,-2.5808006739385942,31.333333333333332,0.172237421817261,0.2702206075191498,0.0410408675670623,1,1,watercraft
shapenet13,table,0.0,0.0,0.3470206517893914,0.0405930280685424,0.0926105976104736,1,1,airplane
shapenet15,table,0.0,0.0,0.6700587964018392,0.1786094605922699,0.089080661535263,1,1,cabinet
shapenet18,table,0.0,0.0,0.463623199130911,0.1955103874206543,0.1286601424217224,1,1,table
shapenet19,table,0.0,0.0,0.5895046409760846,0.1964619755744934,0.0506073832511901,1,0,chair
shapenet20,table,-4.09372670600566,60.333333333333336,0.07334555634330914,-0.0033907294273376,0.0637953877449035,0,1,bench
shapenet22,table,0.0,0.0,0.5678477154179827,0.1010887622833252,0.1911988854408264,1,1,chair
shapenet23,table,0.0,0.0,0.5532450731436075,-0.0612713098526001,-0.0585803687572479,0,0,loudspeaker
shapenet24,table,-0.23104906018664842,0.3333333333333333,0.49268767049681994,0.053295612335205,0.0579293370246887,1,1,cabinet
shapenet25,table,0.0,0.0,0.695331919896752,0.1778883337974548,0.2099210619926452,1,1,chair
shapenet26,table,0.0,0.0,0.573919035310826,0.0490440726280212,-0.0800977349281311,1,0,watercraft
shapenet28,table,0.0,0.0,0.2833785302986539,-0.0058346986770629,-0.0009410977363586,0,0,airplane
shapenet35,table,0.0,0.0,0.7195274645709983,0.0876807868480682,0.0031989216804504,1,0,telephone
shapenet37,table,0.0,0.0,0.7184999525756716,-0.1108588576316833,-0.0654328465461731,0,0,display
shapenet41,table,0.0,0.0,0.6343719660672696,0.1037279963493347,-0.03516685962677,1,0,cabinet
shapenet42,table,0.0,0.0,0.4404178511745884,0.0376890301704406,0.0765052437782287,1,1,loudspeaker
shapenet46,table,-0.7324081924454066,1.3333333333333333,0.26155744050702995,-0.0035791397094726,0.0792386829853057,0,1,table
shapenet49,table,0.0,0.0,0.33973355322505866,-0.0203785896301269,0.0554926395416259,0,1,airplane
shapenet50,table,0.0,0.0,0.6238432703386053,0.0033086538314819,-0.00068199634552,0,0,display
shapenet53,table,0.0,0.0,0.801312674433194,-0.0118190050125122,-0.0308929681777954,0,0,car
shapenet55,table,0.0,0.0,0.8117150047199689,0.1798145174980163,0.0740576386451721,1,1,telephone
shapenet57,table,0.0,0.0,0.6091693693227923,0.2301915884017944,0.3005216121673584,1,1,loudspeaker
shapenet62,table,0.0,0.0,0.6336463961590622,-0.087404727935791,-0.1298196613788604,0,0,loudspeaker
shapenet71,table,0.0,0.0,0.26691754543023194,-0.0484323501586914,0.1618518531322479,0,1,airplane
shapenet72,table,0.0,0.0,0.2776289982753313,0.0833298563957214,0.1164968013763427,1,1,airplane
shapenet73,table,0.0,0.0,0.24697982304103192,0.0161416828632354,-0.0672264099121093,0,0,watercraft
shapenet74,table,0.0,0.0,0.4692870872659622,-0.0537760555744171,-0.0312279760837554,0,0,chair
shapenet75,table,0.0,0.0,0.30448961790834805,-0.0203232169151306,-0.0595597624778747,0,0,airplane
shapenet80,table,0.0,0.0,0.7346734352988364,0.053709328174591,0.0355584025382995,1,0,telephone
shapenet82,table,-3.6957865617183536,48.0,0.09745306762561014,0.0260575413703918,-0.0057975053787231,0,0,bench
shapenet83,table,-0.46209812037329684,0.6666666666666666,0.5173575702143788,0.0047124624252319,-0.0697695016860961,0,0,cabinet
shapenet86,table,-3.1593072575736536,44.0,0.1124538108567301,0.2116985321044922,-0.010015457868576,1,0,bench
shapenet87,table,0.0,0.0,0.26853007686209146,0.0510156154632568,0.0677871406078338,1,1,airplane
shapenet90,table,-3.186082328741019,26.666666666666668,0.11283255357605244,0.0333668887615203,0.1438702940940857,0,1,bench
shapenet91,table,0.0,0.0,0.5242438947464797,-0.0900217294692993,-0.1352855563163757,0,0,loudspeaker
shapenet97,table,0.0,0.0,0.8712418927421153,-0.0434064269065856,-0.0528821349143981,0,0,car
shapenet101,table,-2.4757147111362054,26.666666666666668,0.17164079432846366,0.0709726214408874,0.1374700367450714,1,1,bench
shapenet102,table,-1.1655025204888267,10.666666666666666,0.3476857527380513,0.0349176228046417,0.1193779408931732,1,1,bench
shapenet103,table,0.0,0.0,0.3861042179129146,-0.014638602733612,0.027547538280487,0,1,airplane
shapenet104,table,0.0,0.0,0.2655039075915376,-0.0067672729492187,0.0419152379035949,0,1,airplane
shapenet107,table,0.0,0.0,0.8461640573665394,-0.0510172247886657,-0.0259132087230682,0,0,car
shapenet110,table,0.0,0.0,0.29618434427864376,0.1482353508472442,0.0757603645324707,1,1,watercraft
shapenet112,table,0.0,0.0,0.6267657693447011,0.0255696177482604,0.0573135018348693,0,1,cabinet
shapenet115,table,0.0,0.0,0.7350003681183699,0.1377800703048706,0.0159212350845336,1,0,display
shapenet116,table,0.0,0.0,0.7838323916979405,0.1009321808815002,0.0146422386169433,1,0,car
shapenet118,table,0.0,0.0,0.5911409637127929,0.0389733016490936,0.0405457317829132,0,0,chair
shapenet119,table,0.0,0.0,0.7666530934838051,0.0566524267196655,-0.06917405128479,1,0,chair
shapenet120,table,-3.1985342575889426,46.666666666666664,0.10308455478916445,-0.0026360154151916,0.0732601284980773,0,1,bench
shapenet123,table,0.0,0.0,0.4824979570592987,0.1116018295288086,0.0454006791114807,1,1,telephone
shapenet124,table,0.0,0.0,0.8769056374531532,-0.0597809553146362,-0.0428165197372436,0,0,car
shapenet125,table,0.0,0.0,0.5524107813912527,0.0725210309028625,0.0512470602989196,1,0,sofa
shapenet126,table,-2.783476657846045,30.333333333333332,0.11523420760701564,0.0234689116477966,-0.0086700320243835,1,0,chair
shapenet128,table,0.0,0.0,0.31890725618664834,0.1590082645416259,0.0334146916866302,1,1,lamp
shapenet129,table,-3.6896701821622884,42.333333333333336,0.0903918214253906,0.0550697445869445,-0.0149354636669158,1,0,watercraft
shapenet133,table,0.0,0.0,0.24251510194874623,0.0626584887504577,-0.0082961320877075,1,0,lamp
shapenet134,table,-0.23104906018664842,0.3333333333333333,0.6803277157333888,0.1479819416999817,0.0987787246704101,1,1,loudspeaker
shapenet136,table,0.0,0.0,0.6541021926509137,0.1229047179222107,-0.004727303981781,1,0,watercraft
shapenet142,table,-3.2441144321107664,36.333333333333336,0.11874250939118357,0.1391891837120056,0.2693129777908325,1,1,bench
shapenet144,table,-0.23104906018664842,0.3333333333333333,0.4516977687441169,0.0809990167617797,0.0823929905891418,1,1,cabinet
shapenet148,table,0.0,0.0,0.618472847530379,0.2051501423120498,0.0157907009124755,1,0,watercraft
shapenet151,table,0.0,0.0,0.4329864949173186,0.0889118015766143,0.0378164649009704,1,1,loudspeaker
shapenet152,table,0.0,0.0,0.7311437362591029,0.3407797068357467,0.0681538879871368,1,1,watercraft
shapenet153,table,-0.23104906018664842,0.3333333333333333,0.6549414864192032,-0.0120095014572143,-0.0997340083122253,0,0,cabinet
shapenet154,table,0.0,0.0,0.8261981776128292,0.0628368258476257,0.0678203701972961,0,1,car
shapenet156,table,0.0,0.0,0.35266729097484745,0.0951547026634216,0.1605275571346283,1,1,airplane
shapenet157,table,0.0,0.0,0.5652088865493275,0.1179808378219604,0.1102774143218994,1,1,loudspeaker
shapenet160,table,0.0,0.0,0.4581813077123312,-0.0407487750053405,-0.0514995455741882,0,0,table
shapenet161,table,0.0,0.0,0.7583195365317069,-0.0514415502548217,-0.0349398851394653,0,0,telephone
shapenet162,table,-0.23104906018664842,0.3333333333333333,0.4909934740160707,-0.156848132610321,-0.1361637115478515,0,0,loudspeaker
shapenet163,table,0.0,0.0,0.24704186938768816,0.016263723373413,0.1576379537582397,0,1,airplane
shapenet164,table,0.0,0.0,0.2863773602888238,-0.0154521465301513,0.0535483360290527,0,1,airplane
shapenet165,table,0.0,0.0,0.8652363210175077,-0.0607998967170715,-0.0400231480598449,0,0,car
shapenet167,table,-1.2036393042147415,12.0,0.16193186598663556,-0.0345666408538818,0.0117198228836059,0,0,bench
shapenet169,table,0.0,0.0,0.5959427472175394,0.1570851802825927,0.2161377370357513,1,1,telephone
shapenet171,table,0.0,0.0,0.831492570524877,0.0693498253822326,0.0421214997768402,1,0,car
shapenet172,table,0.0,0.0,0.3230251744418951,-0.0131109356880187,-0.0906313061714172,0,0,airplane
shapenet176,table,-0.7324081924454066,1.3333333333333333,0.20089068991614453,0.0701779425144195,0.0840274095535278,1,1,table
shapenet178,table,0.0,0.0,0.63422376331392,0.1056509017944336,0.0885592997074127,1,1,watercraft
shapenet179,table,0.0,0.0,0.5757955866416293,-0.0902012586593627,-0.0824221968650817,0,0,cabinet
shapenet184,table,0.0,0.0,0.4234596717975278,-0.0171038508415222,0.0380235612392425,0,1,chair
shapenet185,table,0.0,0.0,0.531302675084429,0.0583768486976623,0.0763335227966308,1,1,sofa
shapenet186,table,0.0,0.0,0.6720656827527737,0.1234836280345916,0.2805329263210296,1,1,chair
shapenet191,table,0.0,0.0,0.441963734964808,0.216276217252016,-0.0038683712482452,1,0,watercraft
shapenet192,table,-1.0729586082894003,2.6666666666666665,0.3159708765823961,0.0331060588359832,0.0491095781326293,1,1,table
shapenet193,table,0.0,0.0,0.701873149567651,0.1776967793703079,0.1030685901641845,1,1,telephone
shapenet194,table,0.0,0.0,0.7011826846855055,0.1379801034927368,0.1713669300079345,1,1,cabinet
shapenet196,table,0.0,0.0,0.8300338510550453,-0.0206593871116638,0.0309870839118957,0,1,car
shapenet197,table,-0.46209812037329684,0.6666666666666666,0.1872525759927616,-0.066368281841278,-0.1303233504295349,0,0,bench
shapenet199,table,0.0,0.0,0.2658572503713401,0.0870709419250488,0.1953926086425781,1,1,airplane
shapenet200,table,0.0,0.0,0.5303624578878252,0.0247176587581634,0.0549777746200561,0,1,lamp
shapenet203,table,0.0,0.0,0.4899821570553429,0.2489179447293281,-0.0391791462898254,1,0,watercraft
shapenet204,table,0.0,0.0,0.6315024624886955,0.0687295198440551,0.0291329026222229,1,0,chair
shapenet210,table,0.0,0.0,0.7367472702670916,0.0954703092575073,0.0641681551933288,1,1,display
shapenet211,table,0.0,0.0,0.8591943756322159,0.0181243419647216,-0.0561562776565551,0,0,car
shapenet213,table,0.0,0.0,0.5911170028428011,0.1076329052448272,0.0155926942825317,1,0,telephone
shapenet214,table,0.0,0.0,0.6867419449576015,0.205003559589386,0.1882888078689575,1,1,car
shapenet215,table,-0.6486367163517711,2.0,0.40853394440804885,0.1283495426177978,0.1219865679740905,1,1,table
shapenet216,table,0.0,0.0,0.1975848941349677,0.061628520488739,0.1671299040317535,1,1,airplane
shapenet220,table,0.0,0.0,0.6561016958631727,0.1736478209495544,0.0872367024421691,1,1,watercraft
shapenet226,table,0.0,0.0,0.5781290945504963,0.0268638730049133,-0.0244661569595336,1,0,sofa
shapenet227,table,-4.068107037497122,57.666666666666664,0.0700134841912476,0.1529018282890319,0.0559582710266113,1,1,lamp
shapenet228,table,0.0,0.0,0.560507842945717,0.1097004413604736,0.1204927265644073,1,1,telephone
shapenet230,table,0.0,0.0,0.37936158607428494,0.141334593296051,0.0564455986022949,1,1,lamp
shapenet231,table,-0.23104906018664842,0.3333333333333333,0.49799300506855887,0.0778161287307739,0.1392593383789062,1,1,cabinet
shapenet232,table,0.0,0.0,0.6802474115535851,0.2601011991500854,0.1533192992210388,1,1,chair
shapenet233,table,-1.5350567286626973,6.0,0.29018500788880025,-0.0452574789524078,-0.0712139904499054,0,0,table
shapenet236,table,0.0,0.0,0.7450346148764431,0.064654529094696,-0.0117807388305664,1,0,cabinet
shapenet237,table,0.0,0.0,0.4221395784360881,0.217975914478302,0.0825773775577545,1,1,watercraft
shapenet239,table,0.0,0.0,0.32540475486031667,0.1680122762918472,-0.0520530045032501,1,0,watercraft
shapenet240,table,0.0,0.0,0.6227647328514176,0.1850177347660064,0.1644455790519714,1,1,telephone
shapenet241,table,0.0,0.0,0.3970200237569878,0.0808754563331604,0.0736196935176849,1,1,table
shapenet242,table,0.0,0.0,0.6340922428559397,-0.0426827073097229,0.0006163716316223,0,0,sofa
shapenet243,table,-1.2378573555681027,13.333333333333334,0.40724237669481145,0.1345171332359314,0.1334666609764099,1,1,bench
shapenet244,table,0.0,0.0,0.3760618718160769,0.0024366974830627,0.0553928613662719,0,0,airplane
shapenet248,table,-1.0593512767826485,7.666666666666667,0.21092415795728825,0.1297754049301147,0.0842035412788391,1,1,lamp
shapenet249,table,0.0,0.0,0.7278962755974079,0.0885027050971984,0.129124641418457,1,1,cabinet
shapenet250,table,0.0,0.0,0.8779445918761998,0.0531768798828125,-0.0267992317676544,1,0,car
shapenet252,table,0.0,0.0,0.622152984237682,-0.0064430832862854,-0.081162542104721,0,0,cabinet
shapenet255,table,0.0,0.0,0.6001227747962811,0.0375348925590515,-0.0135300457477569,0,0,watercraft
shapenet257,table,-0.9026834003674034,4.666666666666667,0.23923973264665377,0.217874526977539,0.2824626266956329,1,1,airplane
shapenet260,table,0.0,0.0,0.6475345688777505,-0.0134055614471435,0.0861705243587493,0,1,chair
shapenet262,table,0.0,0.0,0.6797206109568473,-0.0027962327003479,-0.1050143241882324,0,0,chair
shapenet264,table,0.0,0.0,0.32763659816545276,-0.02036714553833,0.0217524766921997,0,1,airplane
shapenet265,table,0.0,0.0,0.7110461189924712,0.0497008562088012,0.004560649394989,1,0,cabinet
shapenet266,table,0.0,0.0,0.5464706235959222,0.0618245601654052,0.0601649284362793,1,1,loudspeaker
shapenet268,table,-0.23104906018664842,0.3333333333333333,0.666848673221473,0.0512862205505371,-0.0165807902812957,1,0,chair
shapenet269,table,0.0,0.0,0.2477216672449054,0.0708163380622863,0.0839261412620544,1,1,display
shapenet271,table,0.0,0.0,0.5692012665664588,0.0241569876670837,0.0667964816093444,0,1,chair
shapenet275,table,0.0,0.0,0.31908113068667143,0.1080538034439086,0.0330288410186767,1,1,airplane
shapenet276,table,0.0,0.0,0.7304053348817371,0.2268264293670654,0.0480973720550537,1,1,display
shapenet278,table,0.0,0.0,0.5178756327146964,0.0209850668907165,0.0654579997062683,0,1,watercraft
shapenet280,table,-3.083187028376488,21.0,0.1211818085805837,-0.0051326155662536,-0.0603362917900085,0,0,bench
shapenet281,table,0.0,0.0,0.3303877497947057,-0.0085894465446472,0.0092536807060241,0,1,airplane
shapenet282,table,0.0,0.0,0.6605219760580451,-0.0871782004833221,0.0400300920009613,0,1,sofa
shapenet284,table,0.0,0.0,0.5437583092296864,-0.1010112166404724,-0.0648369789123535,0,0,sofa
shapenet285,table,0.0,0.0,0.617238779268869,-0.0714724063873291,-0.0547962188720703,0,0,loudspeaker
shapenet288,table,0.0,0.0,0.33611270885837197,0.0428357720375061,0.0883724689483642,1,1,cabinet
shapenet289,table,0.0,0.0,0.7463407106715079,0.066160500049591,0.0571181774139404,1,1,chair
shapenet293,table,0.0,0.0,0.4015636067087703,0.0084868073463439,0.0921261012554168,0,1,airplane
shapenet294,table,0.0,0.0,0.38690302990054,0.1257984787225723,-0.0136311948299407,1,0,watercraft
shapenet295,table,0.0,0.0,0.27617948934867376,0.0209017395973205,0.1999466717243194,0,1,airplane
shapenet299,table,0.0,0.0,0.7429562805025337,-0.0486006140708923,-0.0583379864692688,0,0,display
shapenet300,table,0.0,0.0,0.7962512391940025,0.0477434992790222,0.023289144039154,1,1,telephone
shapenet302,table,0.0,0.0,0.8708110283935202,-0.048926293849945,-0.0698298215866088,0,0,car
shapenet303,table,0.0,0.0,0.6548749253738823,0.1833222210407257,0.1836393475532531,1,1,display
shapenet304,table,0.0,0.0,0.4933452451791966,0.1821726262569427,0.2207830548286438,1,1,chair
shapenet305,table,0.0,0.0,0.6790571261475481,-0.011610209941864,0.0379602313041687,0,1,cabinet
shapenet306,table,0.0,0.0,0.6085543021416099,0.0844016075134277,0.1116411089897155,1,1,watercraft
shapenet307,table,0.0,0.0,0.18361492508265567,0.1347141861915588,0.0181712508201599,1,1,chair
shapenet308,table,0.0,0.0,0.28865827011654677,-0.0177671313285827,-0.0062736272811889,0,0,airplane
shapenet310,table,-2.829597905631513,25.0,0.12617169136134446,-0.0197710990905761,0.0479352474212646,0,1,bench
shapenet311,table,0.0,0.0,0.6327705455580862,0.1379767656326294,-0.0052577853202819,1,0,sofa
shapenet321,table,0.0,0.0,0.30777487456753105,-0.0246461629867553,-0.058578073978424,0,0,sofa
shapenet323,table,0.0,0.0,0.26100623204559914,-0.015915036201477,-0.0370676517486572,0,0,airplane
shapenet328,table,-0.9985774245179969,2.0,0.2622576013738506,0.1275243759155273,0.1250616312026977,1,1,table
shapenet330,table,0.0,0.0,0.19183221196367575,0.176426887512207,0.2286310195922851,1,1,airplane
shapenet332,table,0.0,0.0,0.2227292184939407,0.0008554458618164,0.1926169395446777,0,1,airplane
shapenet333,table,0.0,0.0,0.7688520356769512,-0.0187870562076568,-0.0475676953792572,0,0,telephone
shapenet335,table,0.0,0.0,0.37286681604894084,0.0060937404632568,-0.0511876344680786,0,0,lamp
shapenet337,table,0.0,0.0,0.7613088081126683,0.0097473859786987,-0.0857526063919067,1,0,cabinet
shapenet345,table,-1.4648163848908131,5.333333333333333,0.16070331911564095,0.116030216217041,0.1732369661331176,1,1,airplane
shapenet346,table,0.0,0.0,0.8491142434107304,0.0168341994285583,-0.0730123519897461,0,0,telephone
shapenet347,table,0.0,0.0,0.45427369049026733,0.1428476572036743,-0.0074700713157653,1,0,watercraft
shapenet348,table,-1.0451647386430498,7.333333333333333,0.23957908807458742,0.0941141843795776,0.0185957551002502,1,0,bench
shapenet350,table,0.0,0.0,0.4636136106888354,0.1587581634521484,0.1310572922229766,1,1,table
shapenet351,table,0.0,0.0,0.6829570400724466,0.0386811792850494,0.0160931348800659,0,0,telephone
shapenet352,table,0.0,0.0,0.6524689545272601,0.1169769763946533,0.0467656552791595,1,1,watercraft
shapenet355,table,-0.23104906018664842,0.3333333333333333,0.54621098746798,-0.0072011351585388,-0.0178040266036987,0,0,cabinet
shapenet356,table,0.0,0.0,0.44380123141499955,0.1951388120651245,0.10286545753479,1,1,watercraft
shapenet358,table,0.0,0.0,0.385268735950504,0.0810658931732177,0.057732880115509,1,1,watercraft
shapenet359,table,0.0,0.0,0.27961357231006484,0.0259991884231567,-0.0478738546371459,1,0,chair
shapenet361,table,-0.8283022165960001,3.6666666666666665,0.46307969307023206,0.4383775591850281,0.2869221270084381,1,1,lamp
shapenet363,table,0.0,0.0,0.664696397675414,-0.0098287463188171,-0.063596487045288,0,0,car
shapenet366,table,0.0,0.0,0.3670205742937697,0.0952879786491394,0.0049522519111633,1,0,table
shapenet368,table,0.0,0.0,0.5463294040109585,0.1457098424434662,0.0200671553611755,1,1,sofa
shapenet370,table,0.0,0.0,0.6690784561660005,0.1220060884952545,-0.0029332041740417,1,0,display
shapenet372,table,0.0,0.0,0.47941305724918176,0.1099632680416107,-0.0663862526416778,1,0,chair
shapenet374,table,-1.4255553730053518,23.666666666666668,0.2350774182997021,0.0854344964027404,0.016306459903717,1,1,lamp
shapenet375,table,0.0,0.0,0.8556371003940048,0.0534034967422485,-0.0518829822540283,1,0,car
shapenet376,table,0.0,0.0,0.5844677703424198,0.1499965190887451,0.0510373711585998,1,1,loudspeaker
shapenet377,table,0.0,0.0,0.8649061913594688,0.0499833226203918,-0.0024123787879943,1,0,car
shapenet378,table,0.0,0.0,0.2684320071332343,0.0127042531967163,-0.0633582472801208,0,0,airplane
shapenet379,table,0.0,0.0,0.6835340880448163,0.141053020954132,0.1614041328430175,1,1,chair
shapenet380,table,0.0,0.0,0.6527507517850376,-0.0135681629180908,-0.0214902162551879,0,0,telephone
shapenet385,table,-2.0296816251489487,13.333333333333334,0.18770234611894368,0.1879630386829376,-0.0113636851310729,1,0,watercraft
shapenet387,table,0.0,0.0,0.42721051345206984,-0.048097550868988,-0.0022946596145629,0,0,table
shapenet388,table,-1.2378573555681027,13.333333333333334,0.582272866004003,-0.0526880621910095,0.0488553047180175,0,1,chair
shapenet389,table,0.0,0.0,0.4806860257632846,-0.0433570146560668,-0.0395524501800537,0,0,cabinet
shapenet392,table,0.0,0.0,0.47567481529346106,0.0956191420555114,0.0144106745719909,1,0,display
shapenet393,table,0.0,0.0,0.33113414422470044,0.0273684859275817,0.1932362914085388,0,1,airplane
shapenet397,table,0.0,0.0,0.7827959342914866,0.0173150897026062,0.0664495825767517,0,1,cabinet
shapenet400,table,0.0,0.0,0.5620986771068619,0.0530501008033752,-0.0543197393417358,1,0,display
shapenet405,table,0.0,0.0,0.8771580591740724,0.0309997797012329,0.0076000094413757,0,0,car
shapenet410,table,-1.0986122886681098,8.666666666666666,0.17401653595456482,0.1885400414466858,0.166029155254364,1,1,bench
shapenet411,table,0.0,0.0,0.5187724305345948,0.1472776532173156,0.1382727622985839,1,1,loudspeaker
shapenet412,table,0.0,0.0,0.8467823985018276,0.0428334474563598,-0.0202662348747253,0,0,car
shapenet413,table,-0.7324081924454066,1.3333333333333333,0.3427854599372783,0.1003665626049041,0.0078625082969665,1,0,table
shapenet415,table,0.0,0.0,0.5458149133120821,0.1115864515304565,0.0046307742595672,1,0,watercraft
shapenet418,table,0.0,0.0,0.3182740703880747,0.0329023599624633,0.034698486328125,0,1,lamp
shapenet420,table,0.0,0.0,0.86773865497773,-0.0017171502113342,0.0226578712463378,0,0,telephone
shapenet422,table,0.0,0.0,0.24533140805448203,-0.0272021293640136,-0.0705592036247253,0,0,watercraft
shapenet423,table,0.0,0.0,0.5368085912286001,0.0534151196479797,-0.0054593682289123,1,0,sofa
shapenet424,table,-0.9634572526320548,1.6666666666666667,0.26901934306043424,-0.0233330726623535,-0.0777380466461181,0,0,table
shapenet429,table,0.0,0.0,0.32003096981967327,-0.029610276222229,-0.0763487219810485,0,0,watercraft
shapenet431,table,0.0,0.0,0.6212546185658279,0.0910161733627319,0.0547612309455871,1,1,lamp
shapenet432,table,0.0,0.0,0.8451298025224526,0.0785977244377136,-0.0016281604766845,1,0,car
shapenet439,table,0.0,0.0,0.5953119657304176,0.022911787033081,0.0456329882144928,0,0,lamp
shapenet440,table,-0.23104906018664842,0.3333333333333333,0.5446576728559892,-0.1111185550689697,-0.0856775939464569,0,0,sofa
shapenet443,table,-0.8796857765384195,4.333333333333333,0.2628960669389435,-0.1032781600952148,-0.108356237411499,0,0,table
shapenet444,table,0.0,0.0,0.849216233135918,0.1195778846740722,0.011464774608612,1,1,telephone
shapenet447,table,0.0,0.0,0.7735539173682863,0.0582550168037414,0.0506009757518768,0,1,telephone
shapenet449,table,0.0,0.0,0.23541746979946443,0.0244519710540771,0.0711019039154052,0,1,airplane
shapenet450,table,0.0,0.0,0.869593733950165,0.0709147453308105,-0.0106181800365448,1,0,car
shapenet453,table,0.0,0.0,0.3511109753148885,0.1775270104408264,0.0975065231323242,1,1,chair
shapenet455,table,-1.253733371897854,14.0,0.2891967049943108,0.2057883143424987,0.0083281397819519,1,0,watercraft
shapenet458,table,0.0,0.0,0.8458568676391619,0.090585172176361,-0.0115940570831298,1,0,car
shapenet459,table,0.0,0.0,0.28417686761783084,0.0628684759140014,-0.0250212550163269,1,0,airplane
shapenet461,table,0.0,0.0,0.7893468315663096,-0.0017672181129455,-0.0155627131462097,0,0,car
shapenet462,table,0.0,0.0,0.5171980575710967,-0.0310423374176025,-0.0238116383552551,0,0,sofa
shapenet464,table,0.0,0.0,0.5070108307631287,-0.0008068680763244,-0.0743521451950073,0,0,sofa
shapenet469,table,0.0,0.0,0.5407115125120407,0.1276954412460327,0.1921848654747009,1,1,loudspeaker
shapenet471,table,0.0,0.0,0.2722845771206779,0.0109886527061462,0.1122706532478332,0,1,airplane
shapenet473,table,0.0,0.0,0.27434730446280353,-0.019508957862854,0.1922177374362945,0,1,airplane
shapenet474,table,0.0,0.0,0.584551286234681,0.0272787809371948,0.0495787262916564,0,1,display
shapenet476,table,0.0,0.0,0.24146218555113322,0.0103918313980102,0.1686484813690185,0,1,airplane
shapenet477,table,0.0,0.0,0.7496478286842222,0.0467444658279418,-0.0482565760612487,1,0,car
shapenet478,table,0.0,0.0,0.5792731262151135,0.0376527905464172,0.3121099919080734,0,1,chair
shapenet480,table,-2.7183582959371466,38.666666666666664,0.2351962625872945,0.2649858444929123,0.0553798675537109,1,1,watercraft
shapenet482,table,0.0,0.0,0.7322958773835816,0.1531993150711059,0.1997835636138916,1,1,chair
shapenet484,table,0.0,0.0,0.2444186862683193,-0.051123023033142,-0.072366178035736,0,0,airplane
shapenet486,table,0.0,0.0,0.8129045986778131,0.121735394001007,-0.050944983959198,1,0,telephone
shapenet488,table,0.0,0.0,0.8833234029079304,-0.0773952007293701,-0.014797031879425,0,0,car
shapenet490,table,0.0,0.0,0.6572965005404949,0.0638512969017028,0.104284644126892,1,1,cabinet
shapenet496,table,0.0,0.0,0.6522610078936947,0.340595006942749,0.1670287251472473,1,1,watercraft
shapenet497,table,0.0,0.0,0.6919687204490796,-0.03342866897583,0.0125258564949035,0,0,cabinet
shapenet498,table,0.0,0.0,0.5348726635229643,-0.0181314945220947,-0.0323807895183563,0,0,loudspeaker
shapenet501,table,0.0,0.0,0.2640149062667306,0.0522277355194091,0.1510275602340698,1,1,airplane
shapenet504,table,0.0,0.0,0.2717246199949505,-0.0708227157592773,-0.0956886410713195,0,0,airplane
shapenet505,table,0.0,0.0,0.6882454669323534,0.0735994577407836,0.0774000287055969,1,1,display
shapenet506,table,0.0,0.0,0.5529437421520021,-0.0689023733139038,-0.0969523787498474,0,0,sofa
shapenet507,table,0.0,0.0,0.3080688262213851,0.0299327969551086,0.1492902636528015,1,1,airplane
shapenet509,table,0.0,0.0,0.5240082475454749,0.0673674941062927,0.0075249671936035,1,1,sofa
shapenet510,table,0.0,0.0,0.42725898374421883,-0.0090319514274597,-0.0047419965267181,0,0,telephone
shapenet513,table,-1.2688874965901065,14.666666666666666,0.4560482934838617,-0.0483123660087585,-0.0260153412818908,0,0,telephone
shapenet514,table,0.0,0.0,0.5543496386759226,0.0170375108718872,0.0532336235046386,0,1,sofa
shapenet515,table,0.0,0.0,0.4273813600297876,0.1440551877021789,0.0899977684020996,1,1,bench
shapenet516,table,0.0,0.0,0.7517376042728966,0.1023414731025695,0.0855721831321716,1,1,display
shapenet518,table,0.0,0.0,0.7143025318129866,0.0851756334304809,0.0327661037445068,1,0,chair
shapenet520,table,0.0,0.0,0.3273594014893824,-0.0003875494003295,0.15169358253479,0,1,airplane
shapenet521,table,0.0,0.0,0.6573147539374782,0.0830006599426269,0.0781649351119995,1,1,display
shapenet523,table,0.0,0.0,0.28057007805752215,0.1663137674331665,0.3041170239448547,1,1,airplane
shapenet526,table,0.0,0.0,0.7267175285300308,0.0115385055541992,0.0717094540596008,0,1,cabinet
shapenet527,table,0.0,0.0,0.6744615450253907,0.0775917768478393,-0.0119919180870056,1,0,sofa
shapenet529,table,0.0,0.0,0.5007309332910593,0.0611827969551086,-0.033578336238861,1,0,chair
shapenet534,table,-3.6228561495265716,39.333333333333336,0.0978319052369155,0.0717485547065734,0.1178936064243316,1,1,bench
shapenet535,table,0.0,0.0,0.5594859440719034,-0.1090989112854003,-0.03757244348526,0,0,chair
shapenet537,table,0.0,0.0,0.6664458050277957,0.0815399885177612,0.0189718008041381,1,0,watercraft
shapenet541,table,0.0,0.0,0.745564038035909,0.0401824116706848,0.033824622631073,1,1,cabinet
shapenet544,table,0.0,0.0,0.45337485961570323,-0.0023138523101806,-0.057002305984497,0,0,cabinet
shapenet546,table,0.0,0.0,0.17679753810840979,0.3574680462479591,0.1676487922668457,1,1,watercraft
shapenet547,table,0.0,0.0,0.45758254939250914,0.1914359927177429,0.1354497075080871,1,1,loudspeaker
shapenet548,table,0.0,0.0,0.8709922540664486,-0.0728196501731872,-0.0573607087135314,0,0,car
shapenet550,table,0.0,0.0,0.8154995202388312,0.0388553142547607,-0.0747300386428833,1,0,telephone
shapenet554,table,0.0,0.0,0.28289872259280596,0.0510021448135376,0.0332262516021728,1,1,airplane
shapenet555,table,-1.5350567286626973,6.0,0.24655675180780998,0.0155947804450988,-0.0763022303581237,1,0,watercraft
shapenet567,table,0.0,0.0,0.4369303582807704,0.0341550707817077,0.0099655091762542,1,0,loudspeaker
shapenet569,table,0.0,0.0,0.6412521350770878,0.056630253791809,0.0158235728740692,1,0,cabinet
shapenet572,table,0.0,0.0,0.6131650166772877,0.1778238415718078,0.0966692566871643,1,1,telephone
shapenet574,table,0.0,0.0,0.2540738060376248,0.050279676914215,0.2388920187950134,1,1,airplane
shapenet577,table,0.0,0.0,0.693577000530054,0.145497441291809,0.0461806654930114,1,1,car
shapenet580,table,0.0,0.0,0.6325956234014907,0.2457786798477172,0.088329941034317,1,1,chair
shapenet584,table,-3.6195637526362936,36.333333333333336,0.09130357155092528,0.0580275654792785,-0.007205307483673,1,0,bench
shapenet586,table,-3.601541345546202,35.666666666666664,0.09454106016878022,0.1302788853645324,0.0507627129554748,1,0,bench
shapenet590,table,-1.2904003369692971,15.666666666666666,0.2545207215033091,0.218632161617279,0.0060118436813354,1,0,watercraft
shapenet591,table,-1.2378573555681027,13.333333333333334,0.25409588094034663,0.191890001296997,0.1472237706184387,1,1,bench
shapenet592,table,0.0,0.0,0.6626073668764652,0.006338745355606,0.1592596769332885,0,1,chair
shapenet593,table,0.0,0.0,0.7588017273927482,0.0096728205680847,-0.048413872718811,1,0,display
shapenet597,table,0.0,0.0,0.2840123530199424,-0.0214865207672119,0.0208253264427185,0,1,airplane
shapenet598,table,0.0,0.0,0.2645448453251487,0.0777382254600524,0.2814482450485229,1,1,airplane
shapenet599,table,0.0,0.0,0.6255545219884827,0.0432026088237762,-0.0695875585079193,1,0,cabinet
shapenet600,table,0.0,0.0,0.34409803961688784,-0.0412478446960449,0.0845870375633239,0,1,airplane
shapenet604,table,0.0,0.0,0.7199776932898189,-0.0748812556266784,-0.1056732237339019,0,0,cabinet
shapenet605,table,0.0,0.0,0.23358818125185152,0.031113177537918,0.0147233009338378,1,0,watercraft
shapenet608,table,0.0,0.0,0.6126241208698505,0.0386325120925903,0.1172830462455749,0,1,chair
shapenet609,table,0.0,0.0,0.2886544833451001,-0.0108188986778259,0.078905165195465,0,1,airplane
shapenet612,table,0.0,0.0,0.285124768780594,-0.0221909880638122,-0.0725151896476745,0,0,airplane
shapenet616,table,0.0,0.0,0.7644128393236976,0.1599612832069397,0.1444228291511535,1,1,chair
shapenet617,table,0.0,0.0,0.8344907220962249,-0.0378961563110351,-0.0648699104785919,0,0,car
shapenet619,table,0.0,0.0,0.5428473374446746,0.009211778640747,-0.0912733674049377,1,0,sofa
shapenet620,table,-0.46209812037329684,0.6666666666666666,0.5458708509957887,-0.0369313359260559,0.0618963241577148,0,1,loudspeaker
shapenet622,table,-3.390356317760302,31.666666666666668,0.10584243212990391,0.1642293334007263,0.0811740756034851,1,1,watercraft
shapenet623,table,0.0,0.0,0.8668049526929695,0.0358898043632507,0.0002508759498596,0,0,car
shapenet628,table,0.0,0.0,0.5274157028732549,-0.0275942683219909,-0.0581055283546447,0,0,sofa
shapenet629,table,0.0,0.0,0.41006589275230404,0.1398372054100036,0.0631337463855743,1,1,watercraft
shapenet633,table,-2.1289597731208816,23.0,0.15015679885041613,0.1709753274917602,0.0887197256088256,1,1,bench
shapenet635,table,-2.5179369506694105,20.666666666666668,0.14573819090576226,0.0880088210105896,0.0168339610099792,1,1,bench
shapenet636,table,0.0,0.0,0.7511013189291931,0.0321734547615051,-0.0204922556877136,1,0,telephone
shapenet638,table,-0.23104906018664842,0.3333333333333333,0.6289646896253501,0.0155190229415893,0.1029821634292602,0,1,cabinet
shapenet639,table,0.0,0.0,0.2708625530758437,0.0097103714942932,-0.0371086299419403,0,0,lamp
shapenet640,table,-3.494665936155824,40.666666666666664,0.12253697888462288,0.1132763624191284,-0.0215262174606323,1,0,bench
shapenet644,table,0.0,0.0,0.7826729169849033,0.0764453411102294,-0.0184158086776733,1,0,display
shapenet646,table,0.0,0.0,0.5178438091623844,0.0091739296913146,0.0501002669334411,0,1,loudspeaker
shapenet652,table,0.0,0.0,0.27586267358140365,0.0495195984840393,0.099647432565689,1,1,airplane
shapenet653,table,0.0,0.0,0.6333916391755425,-0.0470595955848693,-0.043292611837387,0,0,cabinet
shapenet656,table,0.0,0.0,0.4632372894419163,-0.1054166555404663,-0.0465108752250671,0,0,loudspeaker
shapenet658,table,0.0,0.0,0.3014343782639986,0.0081570148468017,0.1242203116416931,0,1,airplane
shapenet662,table,0.0,0.0,0.46295989241918595,-0.0677401423454284,-0.032472550868988,0,0,telephone
shapenet664,table,0.0,0.0,0.6576267830529856,0.0196418166160583,0.0404214262962341,1,1,loudspeaker
shapenet665,table,-0.7324081924454066,1.3333333333333333,0.23370176411337187,0.1184010505676269,0.216950386762619,1,1,airplane
shapenet666,table,0.0,0.0,0.49465881177679,0.1844373345375061,0.1202899813652038,1,1,chair
shapenet667,table,-3.2019183814102816,31.0,0.12780025025235794,0.0502734780311584,0.0059669613838195,1,0,bench
shapenet677,table,0.0,0.0,0.8116600675182113,0.0040061473846435,0.0916127860546112,0,1,car
shapenet678,table,0.0,0.0,0.3159069372574354,0.0262849926948547,0.0600859522819519,1,1,airplane
shapenet679,table,0.0,0.0,0.6023342454884766,0.2207389771938324,0.3116668462753296,1,1,loudspeaker
shapenet682,table,0.0,0.0,0.30269431476306524,0.0238958597183227,0.2401564717292785,1,1,airplane
shapenet683,table,0.0,0.0,0.5218021764777361,0.0498300194740295,0.0489208698272705,1,1,chair
shapenet686,table,0.0,0.0,0.3739453280997845,0.0621991753578186,0.0645036697387695,1,1,chair
shapenet687,table,-0.46209812037329684,0.6666666666666666,0.43446141420498113,0.1331796646118164,0.0865823030471801,1,1,cabinet
shapenet690,table,0.0,0.0,0.7681541347361084,0.2100164592266082,0.1138461828231811,1,1,telephone
shapenet691,table,-3.9389581699619605,51.666666666666664,0.08382304514896222,0.1184073686599731,0.1727542281150818,1,1,bench
shapenet692,table,0.0,0.0,0.7341568131168631,0.1263026595115661,0.0307862758636474,1,1,display
shapenet693,table,0.0,0.0,0.43137740847509454,-0.04267019033432,-0.0502444505691528,0,0,table
shapenet697,table,0.0,0.0,0.613959447754558,0.1678287982940673,0.0468218326568603,1,1,chair
shapenet699,table,0.0,0.0,0.8797936737651167,-0.0568569302558898,-0.005961000919342,0,0,car
shapenet702,table,-2.1485732731285263,24.333333333333332,0.1406681715015989,0.0801252126693725,0.0059122145175933,1,0,bench
shapenet703,table,0.0,0.0,0.6439556692177262,-0.0462502539157867,-0.0705913007259368,0,0,loudspeaker
shapenet708,table,-3.538951313425823,37.333333333333336,0.09979120339318141,0.0985755920410156,0.0722074508666992,1,1,bench
shapenet711,table,0.0,0.0,0.4773252554796386,-0.0305703282356262,-0.0022562742233276,0,0,watercraft
shapenet714,table,-2.3310050409776535,21.333333333333332,0.22652097682413538,0.2026487588882446,0.1666880846023559,1,1,bench
shapenet715,table,0.0,0.0,0.2956443389753633,0.2497307658195495,0.0485840439796447,1,1,lamp
shapenet718,table,-1.2904003369692971,15.666666666666666,0.5102299114420542,0.2105830907821655,0.1401979923248291,1,1,bench
shapenet719,table,0.0,0.0,0.6863828051905644,0.0520688295364379,0.1261869072914123,1,1,display
shapenet722,table,-0.46209812037329684,0.6666666666666666,0.486683672848242,0.1691061854362487,0.2045737206935882,1,1,sofa
shapenet724,table,0.0,0.0,0.7011007694767141,0.2410463988780975,0.0190478563308715,1,0,watercraft
shapenet725,table,-0.23104906018664842,0.3333333333333333,0.5042492321767602,0.1525470614433288,-0.0641862154006958,1,0,loudspeaker
shapenet732,table,-1.7383119192029952,15.666666666666666,0.13698359967586157,0.0458059310913085,0.0310445427894592,1,1,chair
shapenet734,table,0.0,0.0,0.7419501462674396,-0.0432751178741455,0.1137009859085083,0,1,telephone
shapenet736,table,0.0,0.0,0.2694326329396026,0.0668172240257263,0.1655927896499633,1,1,airplane
shapenet739,table,0.0,0.0,0.27274688651492546,-0.0211044549942016,0.0379926562309265,0,1,airplane
shapenet740,table,0.0,0.0,0.5487254759408965,0.1521039605140686,0.1906964778900146,1,1,chair
shapenet743,table,0.0,0.0,0.34603810313482475,-0.0519260764122009,-0.0346428155899047,0,0,table
shapenet744,table,0.0,0.0,0.6768292333164663,0.0198327302932739,-0.0661205649375915,0,0,loudspeaker
shapenet749,table,0.0,0.0,0.7463626029833933,0.0567297339439392,-0.0004715323448181,1,0,display
shapenet751,table,0.0,0.0,0.5416319931948447,-0.0972071886062622,-0.1240255236625671,0,0,display
shapenet757,table,0.0,0.0,0.8284462498989121,0.0711301565170288,0.0870080590248107,1,1,telephone
shapenet759,table,0.0,0.0,0.7348894029120753,0.0316584110260009,-0.0092962980270385,1,0,chair
shapenet760,table,0.0,0.0,0.7221540335898872,0.0511785149574279,-0.0483216941356658,1,0,telephone
shapenet761,table,0.0,0.0,0.3370827740304884,-0.0048842430114746,-0.0219002664089202,0,0,table
shapenet762,table,-2.4026199571441587,20.333333333333332,0.11835787362481602,0.1550306677818298,0.1583147644996643,1,1,bench
shapenet766,table,0.0,0.0,0.3632068794532919,0.0307849049568176,-0.0825366377830505,1,0,table
shapenet770,table,-1.7099662383076912,8.0,0.18979569266700683,0.0030490159988403,-0.0033552646636962,0,0,airplane
shapenet771,table,0.0,0.0,0.25205595032856426,0.0165485739707946,0.0032296180725097,0,0,airplane
shapenet772,table,-3.715688537151474,49.333333333333336,0.08866300589093257,0.0367666482925415,0.0124148428440094,0,0,bench
shapenet773,table,-0.23104906018664842,0.3333333333333333,0.2987617745321846,0.1099510192871093,0.077958345413208,1,1,table
shapenet774,table,-0.46209812037329684,0.6666666666666666,0.541547476135303,0.0283143520355224,0.0024951100349426,1,0,loudspeaker
shapenet775,table,0.0,0.0,0.7403892246367034,0.0105933547019958,-0.0427635908126831,0,0,loudspeaker
shapenet782,table,0.0,0.0,0.4486877234972668,0.0925868153572082,0.0130807161331176,1,1,chair
shapenet790,table,0.0,0.0,0.5036137801335366,0.125328242778778,0.0784856081008911,1,1,loudspeaker
shapenet791,table,0.0,0.0,0.25138074613347944,0.0699692368507385,0.1256563067436218,1,1,airplane
shapenet796,table,-0.23104906018664842,0.3333333333333333,0.6327088381893483,0.0639680624008178,0.0584169626235961,1,1,loudspeaker
shapenet797,table,0.0,0.0,0.5223256411952857,0.0152711272239685,0.0203036367893219,0,1,sofa
shapenet798,table,-0.6486367163517711,2.0,0.4458991127097148,0.0719460844993591,-0.0108460485935211,1,0,table
shapenet799,table,0.0,0.0,0.8400011556682935,0.0045694112777709,-0.0312206149101257,0,0,car
shapenet800,table,-1.0451647386430498,7.333333333333333,0.19877730687041997,0.0073482394218444,0.0754708051681518,0,1,airplane
shapenet801,table,-0.23104906018664842,0.3333333333333333,0.5239908036450082,-0.014732539653778,-0.0518797039985656,0,0,loudspeaker
shapenet804,table,0.0,0.0,0.40885240226633224,0.0448332428932189,0.0670865178108215,1,1,airplane
shapenet805,table,-0.23104906018664842,0.3333333333333333,0.6373624713863059,0.0644957423210144,-0.0098984837532043,1,0,cabinet
shapenet808,table,0.0,0.0,0.221588512700608,0.0353679060935974,0.0088022351264953,0,0,chair
shapenet811,table,-2.2674649211081035,19.333333333333332,0.2035405436797172,0.0438693761825561,-0.04999840259552,1,0,table
shapenet812,table,0.0,0.0,0.7627617931917676,0.0369086265563964,0.0168808698654174,1,0,cabinet
shapenet813,table,0.0,0.0,0.8749664198149109,-0.0325222015380859,-0.0049038529396057,0,0,car
shapenet814,table,0.0,0.0,0.8049844625185253,-0.0055353045463562,-0.062924325466156,0,0,car
shapenet816,table,-0.9634572526320548,1.6666666666666667,0.33029679028846576,0.0899252891540527,0.1665162444114685,1,1,table
shapenet817,table,-0.23104906018664842,0.3333333333333333,0.5358680534698262,0.2185138463973999,0.1827784180641174,1,1,cabinet
shapenet818,table,0.0,0.0,0.8687783219792199,0.1862215995788574,0.1690474152565002,1,1,car
shapenet820,table,0.0,0.0,0.7033083725658145,0.0653539299964904,0.1661158204078674,1,1,chair
shapenet825,table,-0.7324081924454066,1.3333333333333333,0.4404175153682653,-0.0756134092807769,-0.1114904880523681,0,0,table
shapenet826,table,-0.46209812037329684,1.0,0.4384788464354667,0.0276679992675781,0.0272364616394042,0,0,table
shapenet827,table,-2.1459172165788005,16.0,0.18369328586435665,0.0827401876449585,0.1392627954483032,1,1,airplane
shapenet831,table,0.0,0.0,0.3197045597336512,0.4622330218553543,0.1035825908184051,1,1,watercraft
shapenet832,table,-3.5553480614894135,34.0,0.09771042769980286,-0.0164828896522521,-0.0819031596183776,0,0,bench
shapenet833,table,0.0,0.0,0.40579323749735674,-0.0337492525577545,-0.0269570052623748,0,0,watercraft
shapenet835,table,0.0,0.0,0.3452545354659448,0.093729555606842,0.0099040269851684,1,0,airplane
shapenet837,table,0.0,0.0,0.6582293307146783,-0.0159702897071838,-0.0380144119262695,0,0,cabinet
shapenet840,table,0.0,0.0,0.6816374228700006,0.082328975200653,0.0693278312683105,1,1,chair
shapenet845,table,0.0,0.0,0.4569335799212806,0.0795999765396118,-0.0133445262908935,1,0,sofa
shapenet846,table,0.0,0.0,0.509278012182628,0.2103918492794037,0.1027482151985168,1,1,chair
shapenet848,table,0.0,0.0,0.8063040858098387,0.070912629365921,0.051901638507843,1,1,watercraft
shapenet851,table,0.0,0.0,0.30536595335525113,-0.0739693045616149,0.047741949558258,0,1,airplane
shapenet852,table,0.0,0.0,0.8500790783237843,-0.1082511246204376,-0.1055793464183807,0,0,car
shapenet854,table,0.0,0.0,0.7926180358253089,0.0500063896179199,0.0320241451263427,1,0,telephone
shapenet856,table,-3.2008166750123963,25.333333333333332,0.108999291498728,0.0667165219783783,-0.0495164990425109,1,0,bench
shapenet859,table,-0.9241962407465937,1.6666666666666667,0.2787471832153807,-0.0440059900283813,-0.0222050547599792,0,0,table
shapenet860,table,-1.4648163848908131,5.333333333333333,0.24069937538994246,0.0965475440025329,0.0864661335945129,1,1,airplane
shapenet861,table,0.0,0.0,0.5146953358800078,0.0074707269668579,-0.0421598553657531,0,0,sofa
shapenet863,table,0.0,0.0,0.48676408774608254,-0.0539735555648803,-0.0136587023735046,0,0,sofa
shapenet867,table,0.0,0.0,0.6688824386429549,0.1624746918678283,0.2905646562576294,1,1,chair
shapenet869,table,0.0,0.0,0.4735689599670712,0.1272950768470764,0.2050864100456237,1,1,sofa
shapenet871,table,0.0,0.0,0.7417927508132758,0.1134069561958313,0.0098748505115509,1,0,telephone
shapenet873,table,0.0,0.0,0.6884904026915709,0.0610398650169372,0.1605020761489868,1,1,cabinet
shapenet877,table,0.0,0.0,0.3199059793238155,0.1675077676773071,0.0178350806236267,1,0,chair
shapenet878,table,0.0,0.0,0.6309967220874396,0.1084822416305542,0.0796400904655456,1,1,display
shapenet879,table,0.0,0.0,0.5398132046793461,0.0456765890121459,0.0202753543853759,1,1,sofa
shapenet884,table,0.0,0.0,0.5619972391364462,-0.0088297128677368,0.0156089663505554,0,1,sofa
shapenet886,table,-3.1958020018542164,36.666666666666664,0.09334628605257152,0.0888320803642273,0.0817873477935791,1,1,bench
shapenet888,table,-1.9227736652645906,6.0,0.23019134535380706,-0.0599352419376373,-0.0360732674598693,0,0,table
shapenet891,table,0.0,0.0,0.3049402112809823,0.0349543094635009,-0.0366836190223693,1,0,airplane
shapenet893,table,0.0,0.0,0.8155226397487955,-0.073832631111145,-0.0272567272186279,0,0,telephone
shapenet898,table,0.0,0.0,0.22867928080333075,0.0439391136169433,0.1099046468734741,1,1,airplane
shapenet899,table,0.0,0.0,0.35009541534763927,0.0792240500450134,0.0664105415344238,1,1,display
shapenet901,table,0.0,0.0,0.35592748884876,0.054715871810913,0.0574234127998352,1,1,airplane
shapenet902,table,0.0,0.0,0.6324809091125343,0.0228081941604614,0.023599088191986,1,0,loudspeaker
shapenet903,table,0.0,0.0,0.8046509470389465,-0.0233263075351715,-0.0036106407642364,0,0,car
shapenet904,table,-0.46209812037329684,0.6666666666666666,0.5121083862566381,0.1217915415763855,0.0646446347236633,1,1,loudspeaker
shapenet906,table,0.0,0.0,0.7241736396185544,0.0594629049301147,0.0447152256965637,1,1,chair
shapenet913,table,-0.46209812037329684,0.6666666666666666,0.24393682293391886,0.0836025774478912,0.0979308187961578,1,1,table
shapenet914,table,-2.36000883330753,14.0,0.17390708815023218,0.0273624658584594,-0.1175716519355773,1,0,table
shapenet915,table,-0.3662040962227033,0.6666666666666666,0.4539020580858672,-0.0974361002445221,-0.0972876548767089,0,0,table
shapenet916,table,0.0,0.0,0.31743408129264905,0.1677625179290771,0.0579913258552551,1,1,watercraft
shapenet918,table,0.0,0.0,0.7225986303926604,0.027448296546936,-0.0076105594635009,0,0,chair
shapenet919,table,0.0,0.0,0.3361344592900262,0.0450499057769775,0.0559059381484985,1,1,airplane
shapenet923,table,0.0,0.0,0.5158140711894121,0.116401731967926,0.0081643760204315,1,0,sofa
shapenet924,table,-0.46209812037329684,0.6666666666666666,0.533675178564007,-0.021169900894165,-0.0375480353832244,0,0,cabinet
shapenet925,table,0.0,0.0,0.6366578492013207,0.0996087789535522,0.0539358258247375,1,0,loudspeaker
shapenet927,table,0.0,0.0,0.5209548711176061,0.0098803043365478,-0.0487716794013977,0,0,sofa
shapenet930,table,0.0,0.0,0.42974122872395376,0.2887822911143303,0.0409463346004486,1,1,watercraft
shapenet938,table,-0.8283022165960001,3.6666666666666665,0.1938124713243395,0.0728270411491394,0.162488043308258,1,1,airplane
shapenet939,table,-3.457194370858352,32.666666666666664,0.09840022534679327,0.0462348163127899,0.0363364815711975,1,1,bench
shapenet941,table,0.0,0.0,0.6774641765160542,0.222878485918045,0.1882215440273285,1,1,display
shapenet942,table,0.0,0.0,0.5738740665640175,0.2010665535926818,0.1604295074939727,1,1,chair
shapenet943,table,0.0,0.0,0.2845075213273138,-0.0978577136993408,-0.0192859172821044,0,0,chair
shapenet946,table,0.0,0.0,0.31945153930807163,0.0144714713096618,-0.0553356409072876,0,0,sofa
shapenet949,table,0.0,0.0,0.540801007521173,0.1042331457138061,0.0664764046669006,1,1,sofa
shapenet950,table,-0.46209812037329684,0.6666666666666666,0.47148652363078986,0.0449570715427398,0.0736720263957977,0,1,cabinet
shapenet952,table,0.0,0.0,0.8638362884828387,0.0980027318000793,0.0768990516662597,1,1,car
shapenet953,table,-3.547489383146415,34.0,0.10269677919283556,-0.0179762840270996,-0.0879788994789123,0,0,table
shapenet954,table,-2.0903294772860996,14.666666666666666,0.15927123508433458,0.0613015890121459,0.0623947978019714,1,1,airplane
shapenet955,table,0.0,0.0,0.2851715261823387,0.0426956415176391,0.0545761585235595,1,1,airplane
shapenet956,table,0.0,0.0,0.5250652486441442,0.155452013015747,0.0838918983936309,1,1,sofa
shapenet957,table,0.0,0.0,0.4114647027713882,0.0999115109443664,0.0844027698040008,1,1,table
shapenet958,table,-0.9241962407465937,2.0,0.33876822070117485,0.1012466847896575,0.096845805644989,1,1,table
shapenet959,table,-0.46209812037329684,0.6666666666666666,0.5540067932460796,0.015920341014862,-0.0256498456001281,0,0,loudspeaker
shapenet960,table,0.0,0.0,0.7094271618507934,-0.0267447829246521,0.0739115476608276,0,1,cabinet
shapenet966,table,0.0,0.0,0.6955783791478604,0.1191385388374328,0.0886535942554473,1,1,chair
shapenet967,table,0.0,0.0,0.5418553490150213,-0.062080442905426,-0.0593208074569702,0,0,sofa
shapenet974,table,0.0,0.0,0.8346053034212509,0.0558791756629943,-0.0784850716590881,1,0,telephone
shapenet977,table,0.0,0.0,0.5462085428075883,0.0301005840301513,-0.0138222575187683,1,0,sofa
shapenet978,table,0.0,0.0,0.33291568553088186,0.0220474600791931,-0.0182495713233947,0,0,airplane
shapenet979,table,0.0,0.0,0.6397283158948904,0.1431446373462677,0.0901115536689758,1,1,sofa
shapenet983,table,-1.0729586082894003,8.0,0.2497396441671266,0.0829125046730041,0.155186265707016,1,1,airplane
shapenet984,table,0.0,0.0,0.785550163448549,0.1025947928428649,0.0930854678153991,1,1,telephone
shapenet989,table,0.0,0.0,0.38269084386949226,-0.0467305183410644,-0.0186414718627929,0,0,chair
shapenet990,table,0.0,0.0,0.6432901039660415,0.0310073196887969,0.1365360915660858,0,1,telephone
shapenet991,table,0.0,0.0,0.7673483150783412,-0.0905347466468811,-0.0798879861831665,0,0,cabinet
shapenet994,table,0.0,0.0,0.8534057096563016,-0.0207118391990661,-0.0511643290519714,0,0,car
shapenet1000,table,0.0,0.0,0.4946742507490947,-0.0305191874504089,-0.0587695240974426,0,0,loudspeaker
shapenet1003,table,-3.2118693691268425,31.666666666666668,0.11318714232367932,0.0598480105400085,0.0158789157867431,1,0,bench
shapenet1005,table,0.0,0.0,0.573429559159384,0.1684853732585907,0.0517406463623046,1,0,chair
shapenet1008,table,0.0,0.0,0.7683513265558455,0.1800476014614105,0.002147614955902,1,0,watercraft
shapenet1009,table,0.0,0.0,0.20720839139837707,0.1001322865486145,0.1990477740764618,1,1,airplane
shapenet1010,table,0.0,0.0,0.7147782480349368,0.1361995935440063,0.0325040221214294,1,1,cabinet
shapenet1016,table,-1.598596848532247,6.666666666666667,0.28824887955560463,0.066686987876892,0.1249841451644897,0,1,table
shapenet1019,table,0.0,0.0,0.7481694349337747,0.1355211734771728,0.1106314063072204,1,1,chair
shapenet1020,table,-0.7324081924454066,2.6666666666666665,0.33759272974428756,0.125348150730133,0.199876457452774,1,1,airplane
shapenet1023,table,0.0,0.0,0.252756762935102,0.0090519487857818,0.0011001229286193,0,0,chair
shapenet1024,table,0.0,0.0,0.5213921659204476,0.0538306534290313,-0.0144360661506652,1,0,sofa
shapenet1025,table,-0.23104906018664842,0.3333333333333333,0.5365390063038797,-0.002916932106018,0.0043132305145263,0,0,loudspeaker
shapenet1026,table,0.0,0.0,0.31257513435670975,0.0835652351379394,0.2060964703559875,1,1,airplane
shapenet1028,table,0.0,0.0,0.8755458192543834,0.0833019614219665,0.1389904916286468,1,1,car
shapenet1030,table,0.0,0.0,0.7814176451494516,-0.0103811025619506,-0.0547468066215515,0,0,display
shapenet1033,table,-3.5553480614894135,34.0,0.10200952910348678,0.030851274728775,0.0186741948127746,0,0,bench
shapenet1034,table,0.0,0.0,0.6974785025416809,0.1758977472782135,0.1619873940944671,1,1,sofa
shapenet1035,table,-0.8283022165960001,1.3333333333333333,0.3404960956202001,-0.0086185932159423,0.054320752620697,0,1,table
shapenet1036,table,0.0,0.0,0.6768766502591849,-0.0600305795669555,-0.022130012512207,0,0,display
shapenet1037,table,0.0,0.0,0.7255157310670267,0.1024982929229736,-0.0302963256835937,1,0,cabinet
shapenet1041,table,0.0,0.0,0.3327439276671893,0.0106124877929687,0.0197744965553283,0,0,airplane
shapenet1042,table,0.0,0.0,0.7428069259598565,-0.0069476962089538,0.0314137935638427,0,0,display
shapenet1043,table,0.0,0.0,0.48412793864001474,0.050279676914215,0.0636987686157226,1,1,table
shapenet1047,table,-1.2688874965901065,14.666666666666666,0.29644226804285845,0.1325471997261047,0.0786448121070861,1,1,table
shapenet1048,table,-1.759371553076839,8.666666666666666,0.21693575386938743,-0.0423319041728973,-0.0012999773025512,0,0,table
shapenet1049,table,0.0,0.0,0.31817504308527433,0.0924201011657714,0.2286412119865417,1,1,airplane
shapenet1050,table,0.0,0.0,0.6616997351358526,-0.0209583044052124,-0.0128532648086547,0,0,telephone
shapenet1053,table,0.0,0.0,0.4878601194276832,0.251473993062973,0.114247977733612,1,1,lamp
shapenet1055,table,0.0,0.0,0.2530462645145081,0.1770922541618347,0.0479375123977661,1,1,watercraft
shapenet1056,table,0.0,0.0,0.5075390322859983,0.1216251850128173,0.0409151911735534,1,1,sofa
shapenet1057,table,0.0,0.0,0.2628682561075954,-0.0181009173393249,-0.1035364866256713,0,0,airplane
shapenet1061,table,0.0,0.0,0.3372917968994163,0.0080999732017517,-0.0327749252319335,0,0,display
shapenet1062,table,-3.170641783198985,23.0,0.1166603625774884,0.1030911803245544,0.0381270051002502,1,1,bench
shapenet1066,table,0.0,0.0,0.35697673648662703,-0.0518073588609695,-0.0223101377487182,0,0,watercraft
shapenet1067,table,0.0,0.0,0.7182313804326158,0.0263618230819702,-0.0143821835517883,1,0,cabinet
shapenet1070,table,0.0,0.0,0.43402520966808894,0.1552011966705322,0.0718433856964111,1,1,chair
shapenet1074,table,0.0,0.0,0.20096435134753685,0.1808670461177826,0.1257690191268921,1,1,chair
shapenet1078,table,-1.6566044331920002,7.333333333333333,0.30075126866499297,0.0953414216637611,-0.0058605968952178,1,0,lamp
shapenet1079,table,0.0,0.0,0.6546835608150837,0.1316778659820556,0.1123297214508056,1,1,chair
shapenet1081,table,0.0,0.0,0.7807070742614765,0.0376120805740356,0.0035160779953002,1,0,cabinet
shapenet1082,table,-2.8511107460107037,47.333333333333336,0.1459865896550183,0.0575526356697082,0.1573998928070068,1,1,lamp
shapenet1084,table,0.0,0.0,0.39955304384521445,0.1188552975654602,-0.0832794904708862,1,0,watercraft
shapenet1085,table,-1.3040076684760484,3.0,0.2527187353217739,0.1377515196800232,0.1772978901863098,1,1,table
shapenet1086,table,0.0,0.0,0.5266811695769879,0.126128613948822,0.07020765542984,1,1,cabinet
shapenet1088,table,0.0,0.0,0.4714315593430071,0.0396602153778076,-0.0409923195838928,1,0,watercraft
shapenet1091,table,0.0,0.0,0.865306053947431,-0.0700563192367553,-0.0674461722373962,0,0,car
shapenet1092,table,0.0,0.0,0.2875890872863732,-0.0244343876838684,0.2211909890174865,0,1,airplane
shapenet1093,table,0.0,0.0,0.6000318754284725,0.2230211794376373,0.0990875959396362,1,1,sofa
shapenet1096,table,-3.461971233926807,42.0,0.09844392910882749,-0.0401445031166076,-0.0917473435401916,0,0,bench
shapenet1097,table,0.0,0.0,0.5554650039557708,0.0387758314609527,0.0483612120151519,1,1,sofa
shapenet1099,table,-1.6566044331920002,7.333333333333333,0.4250026525374315,-0.0370637476444244,-0.0598165392875671,0,0,table
shapenet1100,table,-1.0148408125744743,6.666666666666667,0.25208817265645916,0.0885400176048278,0.1022871136665344,1,1,watercraft
shapenet1103,table,0.0,0.0,0.6816718567806962,-0.046924889087677,-0.02234548330307,0,0,telephone
shapenet1111,table,0.0,0.0,0.7574558611558153,0.2799428105354309,0.2163501679897308,1,1,telephone
shapenet1113,table,0.0,0.0,0.32631919398261805,0.0407777428627014,-0.0017551183700561,1,0,chair
shapenet1117,table,0.0,0.0,0.2531733142316987,-0.0437864065170288,-0.0072972178459167,0,0,airplane
shapenet1119,table,0.0,0.0,0.30106873356121683,0.1198599934577941,0.2517565786838531,1,1,airplane
shapenet1120,table,0.0,0.0,0.25543368824796747,-0.0171036124229431,-0.020589679479599,0,0,watercraft
shapenet1121,table,0.0,0.0,0.7069939587746793,0.0470467805862426,0.0077781081199646,1,0,loudspeaker
shapenet1123,table,0.0,0.0,0.5514046059637615,0.0788072347640991,0.0239312946796417,1,1,watercraft
shapenet1125,table,0.0,0.0,0.8273621778805471,-0.0154097080230712,-0.010015845298767,0,0,telephone
shapenet1127,table,0.0,0.0,0.551022671866295,0.2235610783100128,-0.0125469267368316,1,0,watercraft
shapenet1129,table,0.0,0.0,0.7705980146518524,0.1309572458267212,0.0084109306335449,1,0,car
shapenet1131,table,0.0,0.0,0.8602015175055375,-0.0507641434669494,-0.0145338177680969,0,0,telephone
shapenet1137,table,0.0,0.0,0.25480591317004947,0.0332119464874267,0.2504238486289978,1,1,airplane
shapenet1141,table,0.0,0.0,0.763278759301128,-0.0475061535835266,-0.0316674709320068,0,0,chair
shapenet1142,table,0.0,0.0,0.5468214749810502,0.1148675084114074,0.1275566220283508,1,1,chair
shapenet1143,table,0.0,0.0,0.8619789142632149,0.069941759109497,-0.0217499732971191,1,0,car
shapenet1144,table,0.0,0.0,0.8505979191186265,0.00430828332901,0.013551115989685,0,0,car
shapenet1145,table,-0.46209812037329684,0.6666666666666666,0.4871601349999534,0.0493366122245788,-0.0683524310588836,1,0,cabinet
shapenet1146,table,0.0,0.0,0.637385122476486,-0.0050820708274841,0.0159395635128021,0,0,watercraft
shapenet1147,table,-2.0903294772860996,14.666666666666666,0.17811457728647714,0.2100681662559509,0.2622060179710388,1,1,bench
shapenet1149,table,-2.4757147111362054,26.666666666666668,0.3420370599076876,0.062113344669342,0.1033545136451721,1,1,chair
shapenet1155,table,0.0,0.0,0.6106318499586197,0.0427594184875488,0.0346174240112304,1,1,display
shapenet1157,table,0.0,0.0,0.7025417763247749,0.1797866225242614,0.3034858703613281,1,1,telephone
shapenet1159,table,0.0,0.0,0.2502582394150756,0.0210332870483398,0.0086296200752258,0,0,airplane
shapenet1160,table,0.0,0.0,0.877688505588199,0.0332818031311035,0.0076016783714294,1,0,car
shapenet1161,table,0.0,0.0,0.7039681125509102,0.0925033688545227,-0.0528261661529541,1,0,watercraft
shapenet1163,table,-2.1972245773362196,17.333333333333332,0.1472463542833988,0.1264993548393249,0.1835153698921203,1,1,bench
shapenet1168,table,0.0,0.0,0.5954577070871748,-0.0590072870254516,-0.1193838417530059,0,0,sofa
shapenet1171,table,0.0,0.0,0.3010378057658556,-0.0356917381286621,-0.0295320749282836,0,0,airplane
shapenet1172,table,0.0,0.0,0.527350299591005,0.091019332408905,0.0583212971687316,1,1,loudspeaker
shapenet1174,table,0.0,0.0,0.6931787652128468,0.0831908285617828,-0.0820364952087402,0,0,display
shapenet1178,table,0.0,0.0,0.8631440332200562,0.1271964311599731,0.1222806274890899,1,1,car
shapenet1179,table,0.0,0.0,0.48022417098575393,0.0083812475204467,0.009549081325531,0,0,cabinet
shapenet1182,table,0.0,0.0,0.7931234737847414,-0.0183310508728027,-0.0257882475852966,0,0,telephone
shapenet1183,table,0.0,0.0,0.4469945117525866,-0.0216971039772033,0.0224367082118988,0,1,lamp
shapenet1184,table,-0.8549831191538456,4.0,0.24314183659759783,0.0073213577270507,0.0752103924751281,0,1,airplane
shapenet1186,table,0.0,0.0,0.7142775331620662,-0.0152660012245178,-0.0476050972938537,0,0,chair
shapenet1187,table,-0.46209812037329684,0.6666666666666666,0.442688947679208,0.0342505574226379,0.1078817844390869,1,1,cabinet
shapenet1189,table,0.0,0.0,0.4661662163843417,0.0227103531360626,-0.0876303315162658,0,0,watercraft
shapenet1190,table,0.0,0.0,0.677018377724003,0.1909208446741104,0.0095185935497283,1,0,watercraft
shapenet1191,table,0.0,0.0,0.6353585907781772,0.0384849309921264,0.08463054895401,1,1,loudspeaker
shapenet1194,table,0.0,0.0,0.874600911093529,0.0469024181365966,0.0179488658905029,1,1,car
shapenet1196,table,0.0,0.0,0.2503889133399228,0.014005959033966,0.1713203489780426,0,1,airplane
shapenet1197,table,0.0,0.0,0.44578855970434317,0.2054311633110046,-0.0333210825920105,1,0,watercraft
shapenet1199,table,0.0,0.0,0.4509322927696919,0.3699036370962858,0.0202354788780212,1,0,watercraft
shapenet1200,table,-0.9241962407465937,2.0,0.3069222450822294,0.14992156624794,0.0612848997116088,1,1,table
shapenet1201,table,-0.46209812037329684,0.6666666666666666,0.37819145717011277,0.067467451095581,0.1125380992889404,1,1,table
shapenet1202,table,0.0,0.0,0.2279341552743425,0.0548633933067321,0.1927480995655059,1,1,airplane
shapenet1208,table,0.0,0.0,0.5378684674648647,0.1444282531738281,-0.0666841268539428,1,0,watercraft
shapenet1210,table,0.0,0.0,0.5966385052879665,-0.078295886516571,-0.0666577219963073,0,0,sofa
shapenet1211,table,-2.118702553565297,15.333333333333334,0.16577510062918754,0.1081525981426239,0.0171892046928405,1,1,lamp
shapenet1212,table,0.0,0.0,0.8545863596452477,0.0081142783164978,-0.0306013226509094,0,0,car
shapenet1215,table,0.0,0.0,0.23230292512391684,0.0849905014038086,0.1521626114845276,1,1,airplane
shapenet1216,table,0.0,0.0,0.4760681425256504,0.2860498032532632,0.0116339325904846,1,0,watercraft
shapenet1218,table,0.0,0.0,0.7086593587946911,0.1408820152282714,0.1167070865631103,1,1,telephone
shapenet1220,table,0.0,0.0,0.7983066328999673,0.1872626543045044,0.1703915894031524,1,1,car
shapenet1222,table,0.0,0.0,0.5912491364419225,0.0675837993621826,0.0465555787086486,1,1,sofa
shapenet1224,table,0.0,0.0,0.27689515954132476,0.0926684737205505,0.2359625697135925,1,1,airplane
shapenet1226,table,0.0,0.0,0.5823703711350299,-0.0503063797950744,-0.0412117838859558,0,0,loudspeaker
shapenet1227,table,0.0,0.0,0.44591115782485596,0.1339918673038482,0.0872152000665664,1,1,table
shapenet1228,table,0.0,0.0,0.3187407844440651,-0.0245689153671264,-0.0418864488601684,0,0,airplane
shapenet1232,table,0.0,0.0,0.5424890390578637,0.0092571377754211,-0.0523683726787567,0,0,watercraft
shapenet1234,table,0.0,0.0,0.6512064935489326,0.1470528841018676,0.0737970471382141,1,1,chair
shapenet1241,table,-4.128880889761773,61.333333333333336,0.06606902695352583,0.3036237359046936,0.1911015212535858,1,1,lamp
shapenet1242,table,0.0,0.0,0.6370684734093084,0.0992735028266906,0.065611720085144,1,1,cabinet
shapenet1245,table,0.0,0.0,0.2927045851156897,0.0126829743385314,-0.0709108710289001,0,0,airplane
shapenet1250,table,-0.46209812037329684,0.6666666666666666,0.5985087275737945,0.1305643320083618,0.1765789985656738,1,1,chair
shapenet1252,table,0.0,0.0,0.6214086166341724,-0.0779445171356201,-0.0800297260284423,0,0,watercraft
shapenet1253,table,0.0,0.0,0.5765680537146948,0.199831023812294,0.1112739741802215,1,1,watercraft
shapenet1255,table,0.0,0.0,0.49848099361730647,-0.0194320678710937,-0.0990599989891052,0,0,chair
shapenet1256,table,0.0,0.0,0.3612787746428206,-0.0616407394409179,0.0411356687545776,0,1,airplane
shapenet1258,table,0.0,0.0,0.8634914882053435,0.1039104461669921,0.0757443904876709,1,1,car
shapenet1259,table,0.0,0.0,0.6241019837763248,-0.0409356355667114,0.0579676926136016,0,1,cabinet
shapenet1260,table,0.0,0.0,0.8026503729725034,-0.1008965969085693,-0.0567564666271209,0,0,car
shapenet1262,table,0.0,0.0,0.5090379367442092,-0.1226648092269897,-0.0870117545127868,0,0,loudspeaker
shapenet1263,table,0.0,0.0,0.4901661953214152,0.0625371932983398,0.2409015595912933,0,1,chair
shapenet1264,table,0.0,0.0,0.8702425835767952,-0.0155524611473083,-0.0506225824356079,0,0,car
shapenet1267,table,0.0,0.0,0.7289348089471238,-0.1096075773239135,-0.0879358649253845,0,0,display
shapenet1269,table,0.0,0.0,0.503890643577892,-0.0111599564552307,-0.1128704249858856,0,0,table
shapenet1271,table,0.0,0.0,0.4081555120192431,0.1601817011833191,0.2400241494178772,1,1,watercraft
shapenet1273,table,0.0,0.0,0.8071146752389642,-0.0660679340362548,-0.0987838506698608,0,0,car
shapenet1274,table,0.0,0.0,0.4600094129419025,0.1054962277412414,0.0599015057086944,1,1,table
shapenet1275,table,0.0,0.0,0.3073652140318075,-0.0230680108070373,-0.02314954996109,0,0,airplane
shapenet1276,table,0.0,0.0,0.5088571497443474,0.1151311099529266,0.0222522020339965,1,0,loudspeaker
shapenet1278,table,-0.23104906018664842,0.3333333333333333,0.19510768722423846,0.0607739090919494,0.0547105073928833,1,1,bench
shapenet1279,table,0.0,0.0,0.5717748671458225,0.0440465807914733,0.1248415112495422,1,1,sofa
shapenet1283,table,0.0,0.0,0.7122774555384215,0.0263242721557617,0.0321806073188781,0,1,telephone
shapenet1285,table,0.0,0.0,0.7273645445483202,0.1741291284561157,0.1744775772094726,1,1,cabinet
shapenet1286,table,0.0,0.0,0.412268413901225,0.0981021523475647,0.0578203797340393,1,1,table
shapenet1287,table,0.0,0.0,0.4344064044489475,0.1786072850227356,0.023853451013565,1,0,lamp
shapenet1288,table,0.0,0.0,0.8358732932417149,0.0904103517532348,0.0026432871818542,1,0,car
shapenet1290,table,0.0,0.0,0.8504885516147831,0.1248911917209625,-0.0206902623176574,1,0,car
shapenet1292,table,0.0,0.0,0.6899648378206557,0.044680118560791,-0.0366249680519104,1,0,cabinet
shapenet1294,table,0.0,0.0,0.7122283299515134,0.181959718465805,0.0520908832550048,1,1,telephone
shapenet1295,table,-0.7324081924454066,1.3333333333333333,0.3910648515201986,0.062870442867279,-0.013943612575531,1,0,cabinet
shapenet1296,table,0.0,0.0,0.71848528798133,0.2592043280601501,0.1303048133850097,1,1,chair
shapenet1297,table,0.0,0.0,0.5375516289800865,0.0678043067455291,-0.087397426366806,1,0,lamp
shapenet1298,table,0.0,0.0,0.2949529072887335,0.0226181149482727,-0.0304311513900756,1,0,table
shapenet1299,table,0.0,0.0,0.6705879363582558,0.1111394166946411,-0.0108265876770019,1,0,telephone
shapenet1300,table,0.0,0.0,0.4652030307171329,0.1439516544342041,-0.0670742690563201,1,0,watercraft
shapenet1303,table,-0.5972531564093516,1.6666666666666667,0.30610650196460154,0.0587884485721588,0.0482087135314941,0,1,table
shapenet1304,table,0.0,0.0,0.28176530504304126,-0.0132920742034912,0.1141688823699951,0,1,airplane
shapenet1306,table,0.0,0.0,0.5522644568099011,-0.0096195936203002,-0.0301522016525268,0,0,sofa
shapenet1308,table,0.0,0.0,0.28508639406192593,0.0068805813789367,-0.0412774085998535,1,0,display
shapenet1310,table,-0.46209812037329684,0.6666666666666666,0.4511068507184836,-0.0146893262863159,0.0020322203636169,0,0,loudspeaker
shapenet1312,table,0.0,0.0,0.6630004813611423,0.2418048977851867,0.2861450910568237,1,1,chair
shapenet1314,table,-0.46209812037329684,0.6666666666666666,0.5411683327932981,0.0082710981369018,-0.0241385698318481,0,0,cabinet
shapenet1315,table,-2.407278608429483,24.0,0.13001381633639492,-0.0753215551376342,-0.0929202437400817,0,0,bench
shapenet1316,table,0.0,0.0,0.5321231911119221,0.2240880131721496,0.0384072959423065,1,0,watercraft
shapenet1317,table,0.0,0.0,0.6563237231363045,0.2145364880561828,0.0221961736679077,1,1,telephone
shapenet1318,table,0.0,0.0,0.6119734279751602,0.097578078508377,0.0416124463081359,1,1,sofa
shapenet1320,table,0.0,0.0,0.6757482986217296,-0.0221911668777465,-0.0521267652511596,0,0,car
shapenet1321,table,0.0,0.0,0.47212018298480923,0.0840324163436889,0.1811056733131408,1,1,chair
shapenet1322,table,0.0,0.0,0.7349149420124754,0.0745569467544555,0.0022336840629577,1,0,display
shapenet1324,table,0.0,0.0,0.6947072917063095,-0.0024802684783935,-0.0625313520431518,0,0,cabinet
shapenet1325,table,0.0,0.0,0.3759414905410912,0.1883250474929809,0.2240466475486755,1,1,airplane
shapenet1328,table,-0.3662040962227033,0.6666666666666666,0.3864795378395481,-0.0663347244262695,-0.0170623064041137,0,0,cabinet
shapenet1330,table,0.0,0.0,0.872385759526609,0.0503764748573303,0.0023592710494995,1,0,car
shapenet1333,table,0.0,0.0,0.5293661992908776,0.0614252686500549,0.1400061249732971,1,1,sofa
shapenet1337,table,0.0,0.0,0.43361956955736786,-0.0110386610031127,-0.0612450242042541,0,0,watercraft
shapenet1339,table,0.0,0.0,0.47240623949402805,0.0017439126968383,0.0218293070793151,0,0,watercraft
shapenet1341,table,0.0,0.0,0.8689620573030225,-0.0665810704231262,-0.0259963870048522,0,0,car
shapenet1347,table,-2.507466743795708,28.0,0.19442179043609706,0.1113256812095642,0.0497165322303772,1,1,watercraft
shapenet1349,table,0.0,0.0,0.5136824438688748,0.0542620420455932,0.0098820328712463,1,1,sofa
shapenet1351,table,0.0,0.0,0.22730357828201195,0.0191350579261779,-0.1281042695045471,1,0,airplane
shapenet1353,table,0.0,0.0,0.26419085046423674,0.0607749223709106,0.011461853981018,1,0,airplane
shapenet1354,table,0.0,0.0,0.5433765147193093,0.0885423421859741,0.13924640417099,1,1,sofa
shapenet1357,table,0.0,0.0,0.6096938675169054,0.1089088320732116,0.1531468033790588,1,1,chair
shapenet1358,table,0.0,0.0,0.7840335846814837,0.1850244104862213,0.0548915863037109,1,1,telephone
shapenet1359,table,0.0,0.0,0.846058433168313,0.0342236757278442,-0.0677734315395355,1,0,car
shapenet1360,table,0.0,0.0,0.6764376880749626,0.0098159313201904,0.0815763473510742,0,1,display
shapenet1361,table,0.0,0.0,0.7397950546055748,0.0447779297828674,0.1332599520683288,1,1,chair
shapenet1362,table,0.0,0.0,0.21173213073403707,0.015384554862976,0.2001701593399047,1,1,airplane
shapenet1364,table,-0.46209812037329684,0.6666666666666666,0.504410262094645,0.2256264090538025,-0.0023027658462524,1,0,sofa
shapenet1369,table,0.0,0.0,0.852842150290949,0.0690323114395141,0.0285881161689758,1,0,car
shapenet1372,table,0.0,0.0,0.6975039607938172,-0.0061095356941223,-0.0846184492111206,0,0,cabinet
shapenet1375,table,0.0,0.0,0.2602835500643255,0.0642252564430236,0.2516615986824035,1,1,airplane
shapenet1377,table,0.0,0.0,0.6381857775406835,0.102655291557312,-0.019837737083435,1,0,watercraft
shapenet1378,table,-1.3591791479685733,19.333333333333332,0.40236286457615983,0.1583034098148346,0.123207002878189,1,1,watercraft
shapenet1380,table,0.0,0.0,0.5890808091476862,0.0179751515388488,-0.034300684928894,0,0,loudspeaker
shapenet1381,table,0.0,0.0,0.8634248488679721,0.072901427745819,0.0163037180900573,1,0,car
shapenet1383,table,0.0,0.0,0.5552039295954603,-0.0670181512832641,-0.0893880128860473,0,0,loudspeaker
shapenet1386,table,0.0,0.0,0.6915744540412573,0.019455075263977,-0.0486639142036438,1,0,display
shapenet1390,table,0.0,0.0,0.5582341107150359,-0.076776385307312,-0.0018378496170043,0,0,telephone
shapenet1391,table,0.0,0.0,0.44354460275383784,0.1641955971717834,0.0870592892169952,1,1,loudspeaker
shapenet1392,table,0.0,0.0,0.43103425290721353,0.281375914812088,0.0623784959316253,1,1,telephone
shapenet1393,table,-0.7675283643313486,3.0,0.3495390470847783,0.2009724974632263,0.0460767447948455,1,1,watercraft
shapenet1394,table,0.0,0.0,0.6881175463074237,-0.0617235898971557,-0.0540354251861572,0,0,cabinet
shapenet1396,table,0.0,0.0,0.2670005218298464,-0.0396748185157775,0.0044541358947753,0,0,airplane
shapenet1397,table,0.0,0.0,0.3954889125890297,0.2217146754264831,0.0369684100151062,1,0,chair
shapenet1401,table,0.0,0.0,0.37293914175137105,0.0079366564750671,0.0131690502166748,0,1,airplane
shapenet1402,table,0.0,0.0,0.6483223925454579,0.1649896502494812,0.1425019204616546,1,1,chair
shapenet1404,table,0.0,0.0,0.8600627917268557,-0.0075870752334594,0.0062756240367889,0,0,car
shapenet1406,table,0.0,0.0,0.2717671641004958,0.0069367885589599,0.3007927983999252,0,1,airplane
shapenet1411,table,0.0,0.0,0.5244344406366173,0.1736244857311248,-0.0718332529067993,1,0,sofa
shapenet1413,table,-3.3336892936249973,29.666666666666668,0.10776139832257746,0.1191548705101013,0.1350704431533813,1,1,bench
shapenet1418,table,0.0,0.0,0.8632980113198041,-0.0201706290245056,-0.0357309579849243,0,0,car
shapenet1419,table,0.0,0.0,0.47938148967042665,-0.0563050508499145,-0.0601184368133544,0,0,table
shapenet1421,table,0.0,0.0,0.6170835146211999,-0.0667362511157989,-0.0841362178325653,0,0,watercraft
shapenet1422,table,0.0,0.0,0.25509897533317505,-0.0026338100433349,0.0270657539367675,0,0,airplane
shapenet1423,table,0.0,0.0,0.8574571793690904,0.0861002802848815,0.011841595172882,1,0,telephone
shapenet1427,table,0.0,0.0,0.7837148171449563,0.059777557849884,0.0036223232746124,1,0,display
shapenet1428,table,0.0,0.0,0.8558526134856671,0.0351220369338989,0.0156983733177185,1,1,car
shapenet1429,table,0.0,0.0,0.6331491961212764,0.0562931299209594,0.0356457233428955,1,1,sofa
shapenet1433,table,0.0,0.0,0.8133900423359361,0.0329053997993469,0.0484888553619384,1,1,car
shapenet1435,table,0.0,0.0,0.41448808716502955,0.2939478158950805,0.2590386867523193,1,1,bench
shapenet1436,table,0.0,0.0,0.30648325836657925,0.0091220736503601,-0.0135230422019958,1,0,airplane
shapenet1439,table,0.0,0.0,0.6744150721415658,-0.0097594559192657,-0.0303328335285186,0,0,lamp
shapenet1441,table,0.0,0.0,0.26263661550332856,0.0805249810218811,0.2989781647920608,1,1,airplane
shapenet1445,table,0.0,0.0,0.2575571634341009,0.0397605895996093,0.1273740828037262,1,1,airplane
shapenet1448,table,0.0,0.0,0.8019944166561381,0.0141733288764953,0.0211828351020813,0,0,cabinet
shapenet1449,table,0.0,0.0,0.46840183099584204,-0.0313015580177307,-0.092201292514801,0,0,cabinet
shapenet1451,table,0.0,0.0,0.5788846142312818,0.09168541431427,0.0839506983757019,1,1,display
shapenet1455,table,0.0,0.0,0.3142607790295295,0.0921266078948974,0.2689354419708252,1,1,airplane
shapenet1460,table,0.0,0.0,0.7810637171907019,0.1820480823516845,0.1210862696170806,1,1,telephone
shapenet1466,table,0.0,0.0,0.26658001187852987,0.0198211669921875,0.0665410161018371,1,1,airplane
shapenet1468,table,0.0,0.0,0.8806439152514574,-0.0469617843627929,-0.0724620223045349,0,0,car
shapenet1470,table,0.0,0.0,0.39998449927606533,0.1200184226036071,0.066514253616333,1,1,chair
shapenet1472,table,0.0,0.0,0.27722417089162515,0.0519198775291442,0.1541776061058044,1,1,airplane
shapenet1473,table,0.0,0.0,0.17638535133729963,0.124401181936264,-0.0264171659946441,1,0,watercraft
shapenet1474,table,0.0,0.0,0.8602940622622478,0.0685687065124511,-0.0212944746017456,1,0,car
shapenet1475,table,0.0,0.0,0.6526341966765153,0.0681507587432861,0.0465022921562194,1,1,cabinet
shapenet1477,table,0.0,0.0,0.5881768497175908,0.2259482741355896,0.1609391570091247,1,1,lamp
shapenet1478,table,0.0,0.0,0.2470968887073821,0.1108766198158264,0.2385966181755066,1,1,airplane
shapenet1479,table,0.0,0.0,0.8311635580387384,0.0239569544792175,0.0612667202949523,0,1,car
shapenet1480,table,0.0,0.0,0.6678369154561746,-0.0728042125701904,-0.0533498525619506,0,0,cabinet
shapenet1484,table,-2.537774993180213,29.333333333333332,0.275084761086078,0.0804156959056854,-0.0063869357109069,1,0,telephone
shapenet1486,table,-0.9985774245179969,2.0,0.3194691751768068,0.1198410391807556,0.1304951906204223,1,1,table
shapenet1487,table,0.0,0.0,0.8363032900935199,-0.0512346923351287,-0.0183818340301513,0,0,telephone
shapenet1489,table,0.0,0.0,0.41287673799760904,0.0821234583854675,-0.0345554053783416,1,0,loudspeaker
shapenet1491,table,0.0,0.0,0.6063634451659722,0.1664576530456543,0.234607994556427,1,1,chair
shapenet1494,table,-2.4757147111362054,26.666666666666668,0.2522996720941499,0.0071538090705871,-0.089490532875061,0,0,bench
shapenet1495,table,-0.46209812037329684,0.6666666666666666,0.44740305552829424,0.0542811453342437,0.1683225631713867,1,1,cabinet
shapenet2,telephone,0.0,0.0,0.7955079263247052,0.1583317816257476,0.0241907835006713,1,1,loudspeaker
shapenet3,telephone,-0.7324081924454066,1.3333333333333333,0.4622514343797956,0.1256658434867859,0.1602188944816589,1,1,bench
shapenet4,telephone,0.0,0.0,0.35184884373183195,0.1056112051010131,0.2167392373085022,1,1,airplane
shapenet5,telephone,0.0,0.0,1.0245717737748936,0.1119509935379028,0.0364487171173095,1,0,sofa
shapenet6,telephone,0.0,0.0,0.3152123092131098,0.1137710809707641,0.0723785758018493,1,1,bench
shapenet10,telephone,0.0,0.0,0.6355649376727358,-0.0375162363052368,-0.1119518280029296,0,0,display
shapenet11,telephone,-1.1945063128187032,3.3333333333333335,0.2931506011123653,0.0160075426101684,0.0410408675670623,0,1,watercraft
shapenet13,telephone,0.0,0.0,0.4522348361306631,0.0954422950744628,0.0926105976104736,1,1,airplane
shapenet15,telephone,0.0,0.0,0.6846899295872078,0.1010127663612365,0.089080661535263,1,1,cabinet
shapenet18,telephone,0.0,0.0,1.0032043491418128,0.1363415718078613,0.1286601424217224,1,1,table
shapenet19,telephone,0.0,0.0,0.8427688545249629,0.1164771318435669,0.0506073832511901,1,0,chair
shapenet20,telephone,-1.8483924814931871,5.666666666666667,0.22382829751339403,0.0809831619262695,0.0637953877449035,1,1,bench
shapenet22,telephone,0.0,0.0,0.7444072233167248,0.1543800234794616,0.1911988854408264,1,1,chair
shapenet23,telephone,0.0,0.0,0.8565130133702338,-0.0888082385063171,-0.0585803687572479,0,0,loudspeaker
shapenet24,telephone,0.0,0.0,0.801398501049575,0.08112233877182,0.0579293370246887,1,1,cabinet
shapenet25,telephone,0.0,0.0,0.7740643854740651,0.1967664659023285,0.2099210619926452,1,1,chair
shapenet26,telephone,0.0,0.0,0.6479156308064006,-0.0033538937568664,-0.0800977349281311,0,0,watercraft
shapenet28,telephone,0.0,0.0,0.3948047994796821,-0.0139719247817993,-0.0009410977363586,0,0,airplane
shapenet35,telephone,-5.831754825246171,340.6666666666667,0.03536756089641369,0.1585514545440673,0.0031989216804504,1,0,telephone
shapenet37,telephone,0.0,0.0,0.7635128314407188,-0.0004346966743469,-0.0654328465461731,0,0,display
shapenet41,telephone,0.0,0.0,0.5807668301147502,0.0409346222877502,-0.03516685962677,1,0,cabinet
shapenet42,telephone,0.0,0.0,0.8704682507694743,0.0259089469909667,0.0765052437782287,1,1,loudspeaker
shapenet46,telephone,0.0,0.0,0.5324699239105642,-0.0292978286743164,0.0792386829853057,0,1,table
shapenet49,telephone,0.0,0.0,0.4439738805829925,0.0279039144515991,0.0554926395416259,1,1,airplane
shapenet50,telephone,0.0,0.0,0.879521710324175,0.0536558032035827,-0.00068199634552,1,0,display
shapenet53,telephone,0.0,0.0,1.0066543258840435,-0.0233529806137084,-0.0308929681777954,0,0,car
shapenet55,telephone,-5.288719847920277,204.66666666666666,0.0419055657893477,0.1775327920913696,0.0740576386451721,1,1,telephone
shapenet57,telephone,0.0,0.0,0.848205652868039,0.1883583068847656,0.3005216121673584,1,1,loudspeaker
shapenet62,telephone,0.0,0.0,0.6559806934216116,-0.0771579146385192,-0.1298196613788604,0,0,loudspeaker
shapenet71,telephone,0.0,0.0,0.3842444295958159,0.0379637479782104,0.1618518531322479,1,1,airplane
shapenet72,telephone,0.0,0.0,0.3902974690939401,0.0572653412818908,0.1164968013763427,1,1,airplane
shapenet73,telephone,0.0,0.0,0.3627440806011701,-0.0469770431518554,-0.0672264099121093,0,0,watercraft
shapenet74,telephone,0.0,0.0,0.5010751408801339,0.0304668545722961,-0.0312279760837554,0,0,chair
shapenet75,telephone,0.0,0.0,0.4128452529668228,-0.0497210025787353,-0.0595597624778747,0,0,airplane
shapenet80,telephone,-5.74353418691248,323.3333333333333,0.013963556302348743,0.2993752956390381,0.0355584025382995,1,0,telephone
shapenet82,telephone,-1.3862943611198906,4.666666666666667,0.29914259502473056,0.0293902158737182,-0.0057975053787231,0,0,bench
shapenet83,telephone,0.0,0.0,0.796325396327673,-0.0093483924865722,-0.0697695016860961,0,0,cabinet
shapenet86,telephone,-1.1945063128187032,3.3333333333333335,0.2763509153537474,0.2097180485725402,-0.010015457868576,1,0,bench
shapenet87,telephone,0.0,0.0,0.3819201605933451,0.0638020932674408,0.0677871406078338,1,1,airplane
shapenet90,telephone,-1.3296613488547582,3.0,0.2595903109716236,0.0598570704460144,0.1438702940940857,1,1,bench
shapenet91,telephone,0.0,0.0,0.8232854547978118,-0.096073567867279,-0.1352855563163757,0,0,loudspeaker
shapenet97,telephone,0.0,0.0,1.012437216704486,-0.0095919370651245,-0.0528821349143981,0,0,car
shapenet101,telephone,0.0,0.0,0.38804988359060916,0.0554861426353454,0.1374700367450714,1,1,bench
shapenet102,telephone,0.0,0.0,0.5697578865532588,0.0367218554019928,0.1193779408931732,1,1,bench
shapenet103,telephone,0.0,0.0,0.4853072348852874,0.0075387954711914,0.027547538280487,0,1,airplane
shapenet104,telephone,0.0,0.0,0.3780011596620301,0.0588984489440918,0.0419152379035949,1,1,airplane
shapenet107,telephone,0.0,0.0,1.00093010523816,-0.110044777393341,-0.0259132087230682,0,0,car
shapenet110,telephone,0.0,0.0,0.40291370937496457,0.0043742656707763,0.0757603645324707,0,1,watercraft
shapenet112,telephone,0.0,0.0,0.7447637208077044,0.0056602358818054,0.0573135018348693,0,1,cabinet
shapenet115,telephone,0.0,0.0,0.6988900840853848,0.1118348240852356,0.0159212350845336,1,0,display
shapenet116,telephone,0.0,0.0,0.8611638286429949,0.0233504772186279,0.0146422386169433,0,0,car
shapenet118,telephone,0.0,0.0,0.728317035370717,-0.0865474045276641,0.0405457317829132,0,0,chair
shapenet119,telephone,0.0,0.0,0.9369123023987974,0.0238224864006042,-0.06917405128479,0,0,chair
shapenet120,telephone,-1.1945063128187032,3.3333333333333335,0.26397400843413577,-0.0093390941619873,0.0732601284980773,0,1,bench
shapenet123,telephone,-5.696551585371655,306.6666666666667,0.022456170341265836,0.2030359506607055,0.0454006791114807,1,1,telephone
shapenet124,telephone,0.0,0.0,1.0283313628339112,-0.0647197365760803,-0.0428165197372436,0,0,car
shapenet125,telephone,0.0,0.0,1.0153049631744642,0.0309968590736389,0.0512470602989196,1,0,sofa
shapenet126,telephone,-1.3862943611198906,4.666666666666667,0.23021028293303855,0.0377698540687561,-0.0086700320243835,1,0,chair
shapenet128,telephone,0.0,0.0,0.4113400787479067,0.0483687818050384,0.0334146916866302,1,1,lamp
shapenet129,telephone,-2.0012956890355134,6.666666666666667,0.2213176700060555,0.0027332305908203,-0.0149354636669158,0,0,watercraft
shapenet133,telephone,0.0,0.0,0.33254113426700016,0.045636773109436,-0.0082961320877075,1,0,lamp
shapenet134,telephone,0.0,0.0,0.582093073123928,0.1130101680755615,0.0987787246704101,1,1,loudspeaker
shapenet136,telephone,0.0,0.0,0.7231174702669595,0.0650781393051147,-0.004727303981781,1,0,watercraft
shapenet142,telephone,-1.0729586082894003,2.6666666666666665,0.2696416592321956,0.1478864550590515,0.2693129777908325,1,1,bench
shapenet144,telephone,0.0,0.0,0.7525061129924778,0.1545507311820984,0.0823929905891418,1,1,cabinet
shapenet148,telephone,0.0,0.0,0.6904585704973756,0.1017778515815734,0.0157907009124755,1,0,watercraft
shapenet151,telephone,0.0,0.0,0.5619540025237278,0.1658874154090881,0.0378164649009704,1,1,loudspeaker
shapenet152,telephone,0.0,0.0,0.7919346505025907,0.1031275987625122,0.0681538879871368,1,1,watercraft
shapenet153,telephone,-0.46209812037329684,0.6666666666666666,0.47379547630669056,0.0418779253959655,-0.0997340083122253,1,0,cabinet
shapenet154,telephone,0.0,0.0,0.9402285446504083,0.1633111834526062,0.0678203701972961,1,1,car
shapenet156,telephone,0.0,0.0,0.4547576973349315,0.0991786122322082,0.1605275571346283,1,1,airplane
shapenet157,telephone,0.0,0.0,0.6714451319694299,0.085896611213684,0.1102774143218994,1,1,loudspeaker
shapenet160,telephone,0.0,0.0,0.8133306023938204,-0.0649013221263885,-0.0514995455741882,0,0,table
shapenet161,telephone,-6.034371633265173,416.6666666666667,0.01023858636435329,-0.1098814606666565,-0.0349398851394653,0,0,telephone
shapenet162,telephone,0.0,0.0,0.8222313272598862,-0.1593232750892639,-0.1361637115478515,0,0,loudspeaker
shapenet163,telephone,0.0,0.0,0.3623323404795072,0.1243680715560913,0.1576379537582397,1,1,airplane
shapenet164,telephone,0.0,0.0,0.3973470200110005,0.0181902647018432,0.0535483360290527,0,1,airplane
shapenet165,telephone,0.0,0.0,1.0509576813546706,-0.1092796027660369,-0.0400231480598449,0,0,car
shapenet167,telephone,-0.5364793041447001,1.3333333333333333,0.33842700372652007,0.045846939086914,0.0117198228836059,1,0,bench
shapenet169,telephone,-5.129873783786693,179.33333333333334,0.040126975843742065,0.4066728502511978,0.2161377370357513,1,1,telephone
shapenet171,telephone,0.0,0.0,0.9314694168940485,0.0739426612854003,0.0421214997768402,1,0,car
shapenet172,telephone,0.0,0.0,0.4307541426377887,-0.0161687731742858,-0.0906313061714172,0,0,airplane
shapenet176,telephone,0.0,0.0,0.6023277773726305,-0.0223519802093505,0.0840274095535278,0,1,table
shapenet178,telephone,0.0,0.0,0.6956992697020156,-0.0032095909118652,0.0885592997074127,0,1,watercraft
shapenet179,telephone,0.0,0.0,0.6994161726824505,-0.0610275268554687,-0.0824221968650817,0,0,cabinet
shapenet184,telephone,0.0,0.0,0.534228173424681,-0.0338919162750244,0.0380235612392425,0,1,chair
shapenet185,telephone,0.0,0.0,1.0032078634807828,0.0848191976547241,0.0763335227966308,1,1,sofa
shapenet186,telephone,0.0,0.0,0.9464642576771647,0.2122258245944976,0.2805329263210296,1,1,chair
shapenet191,telephone,0.0,0.0,0.5318179374573261,0.0680116415023803,-0.0038683712482452,1,0,watercraft
shapenet192,telephone,0.0,0.0,0.8727377983036199,0.0085079669952392,0.0491095781326293,0,1,table
shapenet193,telephone,-3.7729881438397475,190.66666666666666,0.31077966448800604,0.21526800096035,0.1030685901641845,1,1,telephone
shapenet194,telephone,0.0,0.0,0.542490198824571,0.1733866930007934,0.1713669300079345,1,1,cabinet
shapenet196,telephone,0.0,0.0,0.9223259681940382,0.0123804211616516,0.0309870839118957,0,1,car
shapenet197,telephone,0.0,0.0,0.40554997841192747,-0.105946660041809,-0.1303233504295349,0,0,bench
shapenet199,telephone,0.0,0.0,0.3792874450795008,0.0836550593376159,0.1953926086425781,1,1,airplane
shapenet200,telephone,0.0,0.0,0.45332588460090845,-0.0070992708206176,0.0549777746200561,0,1,lamp
shapenet203,telephone,0.0,0.0,0.5694678037946671,0.0947097837924957,-0.0391791462898254,1,0,watercraft
shapenet204,telephone,0.0,0.0,0.7058642275180586,0.0203399062156677,0.0291329026222229,0,0,chair
shapenet210,telephone,0.0,0.0,0.7519644845425296,0.1276832222938537,0.0641681551933288,1,1,display
shapenet211,telephone,0.0,0.0,1.03390933211196,-0.0610811114311218,-0.0561562776565551,0,0,car
shapenet213,telephone,-3.6900440838653545,155.66666666666666,0.10463682288652344,0.1315706968307495,0.0155926942825317,1,0,telephone
shapenet214,telephone,0.0,0.0,0.7948604382355485,0.1442016363143921,0.1882888078689575,1,1,car
shapenet215,telephone,0.0,0.0,0.7418314154666309,0.1173625886440277,0.1219865679740905,1,1,table
shapenet216,telephone,0.0,0.0,0.3180540833204834,0.1309385299682617,0.1671299040317535,1,1,airplane
shapenet220,telephone,0.0,0.0,0.7244795933122576,0.1660863757133484,0.0872367024421691,1,1,watercraft
shapenet226,telephone,0.0,0.0,0.9184598129349307,0.0456514954566955,-0.0244661569595336,1,0,sofa
shapenet227,telephone,-2.511587552345846,11.333333333333334,0.18968765469980656,0.1196430325508117,0.0559582710266113,1,1,lamp
shapenet228,telephone,-3.977982970664748,183.66666666666666,0.07024119926452303,0.2910659611225128,0.1204927265644073,1,1,telephone
shapenet230,telephone,-0.46209812037329684,0.6666666666666666,0.5357002060872197,0.1292858719825744,0.0564455986022949,1,1,lamp
shapenet231,telephone,0.0,0.0,0.6263569286216677,0.0102279782295227,0.1392593383789062,0,1,cabinet
shapenet232,telephone,0.0,0.0,0.7279111466360214,0.2393085956573486,0.1533192992210388,1,1,chair
shapenet233,telephone,0.0,0.0,0.8823984558118919,-0.0572772324085235,-0.0712139904499054,0,0,table
shapenet236,telephone,0.0,0.0,0.8398148136265974,0.010596215724945,-0.0117807388305664,1,0,cabinet
shapenet237,telephone,0.0,0.0,0.5093116932024488,0.0176221132278442,0.0825773775577545,0,1,watercraft
shapenet239,telephone,0.0,0.0,0.42830970237434424,0.0069745182991027,-0.0520530045032501,0,0,watercraft
shapenet240,telephone,-5.943308602027848,380.3333333333333,0.008482327668868356,0.40330570936203,0.1644455790519714,1,1,telephone
shapenet241,telephone,0.0,0.0,0.5854852933811129,-0.0149170756340026,0.0736196935176849,0,1,table
shapenet242,telephone,0.0,0.0,0.9085624936359226,-0.0340247750282287,0.0006163716316223,0,0,sofa
shapenet243,telephone,-0.5364793041447001,1.3333333333333333,0.6639405815324934,0.1421592235565185,0.1334666609764099,1,1,bench
shapenet244,telephone,0.0,0.0,0.4781048856179681,0.0143231153488159,0.0553928613662719,0,0,airplane
shapenet248,telephone,-0.6486367163517711,2.0,0.3073552797581059,0.0932289958000183,0.0842035412788391,1,1,lamp
shapenet249,telephone,-0.46209812037329684,1.0,0.4531383849135096,0.0550108551979064,0.129124641418457,1,1,cabinet
shapenet250,telephone,0.0,0.0,1.048456176723839,-0.0471090674400329,-0.0267992317676544,0,0,car
shapenet252,telephone,0.0,0.0,0.8007575668353066,-0.0104128122329711,-0.081162542104721,0,0,cabinet
shapenet255,telephone,0.0,0.0,0.6752805504814052,0.0068983435630798,-0.0135300457477569,1,0,watercraft
shapenet257,telephone,-0.3662040962227033,0.6666666666666666,0.35710098377925353,0.1984954476356506,0.2824626266956329,1,1,airplane
shapenet260,telephone,0.0,0.0,0.9185971804074152,0.037900686264038,0.0861705243587493,1,1,chair
shapenet262,telephone,0.0,0.0,0.8953989617086605,0.0194440484046936,-0.1050143241882324,1,0,chair
shapenet264,telephone,0.0,0.0,0.43490887312100246,-0.0005349516868591,0.0217524766921997,0,1,airplane
shapenet265,telephone,-0.46209812037329684,0.6666666666666666,0.4225996993721444,-0.0321996212005615,0.004560649394989,0,0,cabinet
shapenet266,telephone,0.0,0.0,0.7119259539109636,0.1057144999504089,0.0601649284362793,1,1,loudspeaker
shapenet268,telephone,0.0,0.0,0.9036547487772154,0.048998087644577,-0.0165807902812957,1,0,chair
shapenet269,telephone,-0.6931471805599453,1.0,0.2554401165565918,0.0700147151947021,0.0839261412620544,1,1,display
shapenet271,telephone,0.0,0.0,0.6665318233249414,0.0224391818046569,0.0667964816093444,1,1,chair
shapenet275,telephone,0.0,0.0,0.426869253752228,0.0720916390419006,0.0330288410186767,1,1,airplane
shapenet276,telephone,0.0,0.0,0.7304359061170288,0.1682505011558532,0.0480973720550537,1,1,display
shapenet278,telephone,0.0,0.0,0.5932811914704771,0.0091124176979064,0.0654579997062683,1,1,watercraft
shapenet280,telephone,-0.3662040962227033,0.6666666666666666,0.29571627007253004,0.0266316533088684,-0.0603362917900085,0,0,bench
shapenet281,telephone,0.0,0.0,0.4369303128545863,-0.0211377143859863,0.0092536807060241,0,1,airplane
shapenet282,telephone,0.0,0.0,0.9593893198496123,-0.0260409116744995,0.0400300920009613,0,1,sofa
shapenet284,telephone,0.0,0.0,0.9655528317832376,-0.0374642610549926,-0.0648369789123535,0,0,sofa
shapenet285,telephone,0.0,0.0,0.6993332116656589,-0.0543026328086853,-0.0547962188720703,0,0,loudspeaker
shapenet288,telephone,0.0,0.0,0.4283726229239157,0.0858174562454223,0.0883724689483642,1,1,cabinet
shapenet289,telephone,0.0,0.0,0.9637132449979792,0.0505549907684326,0.0571181774139404,1,1,chair
shapenet293,telephone,0.0,0.0,0.5024984952600665,0.0945196151733398,0.0921261012554168,1,1,airplane
shapenet294,telephone,0.0,0.0,0.47824335158611103,0.0152493715286254,-0.0136311948299407,0,0,watercraft
shapenet295,telephone,0.0,0.0,0.3879988237829317,0.0450518131256103,0.1999466717243194,1,1,airplane
shapenet299,telephone,0.0,0.0,0.6472221429554582,-0.0530856251716613,-0.0583379864692688,0,0,display
shapenet300,telephone,-6.105158290630719,447.3333333333333,0.0041725645332087525,0.0123065114021301,0.023289144039154,1,1,telephone
shapenet302,telephone,0.0,0.0,1.061183825407565,-0.0815964341163635,-0.0698298215866088,0,0,car
shapenet303,telephone,-0.9241962407465937,2.0,0.4856609978015706,0.1110466718673706,0.1836393475532531,1,1,display
shapenet304,telephone,0.0,0.0,0.5898063287778273,0.1681738197803497,0.2207830548286438,1,1,chair
shapenet305,telephone,0.0,0.0,0.50507722404486,-0.0778725743293762,0.0379602313041687,0,1,cabinet
shapenet306,telephone,0.0,0.0,0.6760519839329383,0.0242413282394409,0.1116411089897155,1,1,watercraft
shapenet307,telephone,0.0,0.0,0.28206159046264384,-0.0392296314239501,0.0181712508201599,0,1,chair
shapenet308,telephone,0.0,0.0,0.39865115891868474,-0.0014528036117553,-0.0062736272811889,0,0,airplane
shapenet310,telephone,-0.6931471805599453,2.3333333333333335,0.31014476338071456,-0.0716707706451416,0.0479352474212646,0,1,bench
shapenet311,telephone,0.0,0.0,0.8877435472335974,0.1279318928718567,-0.0052577853202819,1,0,sofa
shapenet321,telephone,0.0,0.0,0.5325890708972145,-0.0451378226280212,-0.058578073978424,0,0,sofa
shapenet323,telephone,0.0,0.0,0.3744744023337332,-0.0166390538215637,-0.0370676517486572,0,0,airplane
shapenet328,telephone,0.0,0.0,0.45198362298154954,0.1798503398895263,0.1250616312026977,1,1,table
shapenet330,telephone,0.0,0.0,0.3113089050298477,0.0997620224952697,0.2286310195922851,1,1,airplane
shapenet332,telephone,0.0,0.0,0.3399916427860595,0.0477038025856018,0.1926169395446777,1,1,airplane
shapenet333,telephone,-2.4925347477325297,147.66666666666666,0.38330244090556104,0.0811763703823089,-0.0475676953792572,1,0,telephone
shapenet335,telephone,0.0,0.0,0.44858017784321597,-0.0375749468803405,-0.0511876344680786,0,0,lamp
shapenet337,telephone,0.0,0.0,0.6316334821158683,-0.0204437971115112,-0.0857526063919067,0,0,cabinet
shapenet345,telephone,-0.9241962407465937,2.0,0.2905790529516992,0.1404936909675598,0.1732369661331176,1,1,airplane
shapenet346,telephone,-5.646951902257257,290.3333333333333,0.017212869229420207,0.1497201919555664,-0.0730123519897461,1,0,telephone
shapenet347,telephone,0.0,0.0,0.5396829329197247,-0.0445961952209472,-0.0074700713157653,0,0,watercraft
shapenet348,telephone,0.0,0.0,0.43531110799090794,0.1041731238365173,0.0185957551002502,1,0,bench
shapenet350,telephone,0.0,0.0,0.9587846398037501,0.1536946892738342,0.1310572922229766,1,1,table
shapenet351,telephone,-6.033882708436924,416.3333333333333,0.006869199408491664,0.1600635349750518,0.0160931348800659,1,0,telephone
shapenet352,telephone,0.0,0.0,0.7172752189468702,0.037050187587738,0.0467656552791595,1,1,watercraft
shapenet355,telephone,0.0,0.0,0.7791561762075904,-0.0085082650184631,-0.0178040266036987,0,0,cabinet
shapenet356,telephone,0.0,0.0,0.5340603698528805,0.1564134359359741,0.10286545753479,1,1,watercraft
shapenet358,telephone,0.0,0.0,0.47647528607490236,0.0664072036743164,0.057732880115509,1,1,watercraft
shapenet359,telephone,0.0,0.0,0.3668772107669233,0.086074948310852,-0.0478738546371459,1,0,chair
shapenet361,telephone,-0.46209812037329684,1.0,0.5566996183598883,0.3810839802026748,0.2869221270084381,1,1,lamp
shapenet363,telephone,0.0,0.0,0.7275723215837923,0.0383121073246002,-0.063596487045288,0,0,car
shapenet366,telephone,0.0,0.0,0.8853380725558703,-0.003994345664978,0.0049522519111633,0,0,table
shapenet368,telephone,0.0,0.0,0.7404111225489446,0.1070808768272399,0.0200671553611755,1,1,sofa
shapenet370,telephone,0.0,0.0,0.4683095390491127,-0.055771380662918,-0.0029332041740417,0,0,display
shapenet372,telephone,0.0,0.0,0.602852796070758,-0.0791434943675994,-0.0663862526416778,0,0,chair
shapenet374,telephone,-0.8283022165960001,3.6666666666666665,0.34220906835777304,0.1120706796646118,0.016306459903717,1,1,lamp
shapenet375,telephone,0.0,0.0,1.0165326107380768,0.0030744671821594,-0.0518829822540283,0,0,car
shapenet376,telephone,0.0,0.0,0.6722221536273021,0.1093727350234985,0.0510373711585998,1,1,loudspeaker
shapenet377,telephone,0.0,0.0,0.9867313081237103,-0.0115588307380676,-0.0024123787879943,0,0,car
shapenet378,telephone,0.0,0.0,0.3809047463604334,-0.0450962781906127,-0.0633582472801208,0,0,airplane
shapenet379,telephone,0.0,0.0,0.8757976898753803,0.0389061570167541,0.1614041328430175,1,1,chair
shapenet380,telephone,-5.977185168141904,393.3333333333333,0.0083341080965294,0.0698017477989196,-0.0214902162551879,1,0,telephone
shapenet385,telephone,-1.0729586082894003,2.6666666666666665,0.30479756715740053,0.0423325300216674,-0.0113636851310729,1,0,watercraft
shapenet387,telephone,0.0,0.0,0.6312889023497762,-0.0036748647689819,-0.0022946596145629,0,0,table
shapenet388,telephone,-0.5972531564093516,1.6666666666666667,0.6585374223089144,-0.0214325189590454,0.0488553047180175,0,1,chair
shapenet389,telephone,0.0,0.0,0.7344348484058205,0.0407699346542358,-0.0395524501800537,1,0,cabinet
shapenet392,telephone,0.0,0.0,0.4460950728793207,0.0978285670280456,0.0144106745719909,1,0,display
shapenet393,telephone,0.0,0.0,0.43680861131196574,0.0384950637817382,0.1932362914085388,1,1,airplane
shapenet397,telephone,0.0,0.0,0.4170819724052894,0.0565783381462097,0.0664495825767517,1,1,cabinet
shapenet400,telephone,-1.0729586082894003,2.6666666666666665,0.47026242929422907,-0.0145906805992126,-0.0543197393417358,0,0,display
shapenet405,telephone,0.0,0.0,1.0238533926416549,0.0068058371543884,0.0076000094413757,0,0,car
shapenet410,telephone,0.0,0.0,0.41103410780563276,0.0647622644901275,0.166029155254364,1,1,bench
shapenet411,telephone,0.0,0.0,0.8255034213194312,0.1454570293426513,0.1382727622985839,1,1,loudspeaker
shapenet412,telephone,0.0,0.0,0.9395799301978259,-0.0428308844566345,-0.0202662348747253,0,0,car
shapenet413,telephone,0.0,0.0,0.8088230895120346,0.1618871390819549,0.0078625082969665,1,0,table
shapenet415,telephone,0.0,0.0,0.6214613395138868,-0.0121904611587524,0.0046307742595672,0,0,watercraft
shapenet418,telephone,-1.3862943611198906,4.666666666666667,0.27951474946980365,0.0274791121482849,0.034698486328125,1,1,lamp
shapenet420,telephone,-4.586313402158626,113.0,0.05679817117535533,0.0176728963851928,0.0226578712463378,1,0,telephone
shapenet422,telephone,0.0,0.0,0.35697614900809715,-0.0251742005348205,-0.0705592036247253,0,0,watercraft
shapenet423,telephone,0.0,0.0,0.9588565928178042,-0.0606045722961425,-0.0054593682289123,0,0,sofa
shapenet424,telephone,0.0,0.0,0.8901981071843297,-0.0590688586235046,-0.0777380466461181,0,0,table
shapenet429,telephone,0.0,0.0,0.4174060324211643,-0.0554734468460083,-0.0763487219810485,0,0,watercraft
shapenet431,telephone,0.0,0.0,0.883616048298211,0.0819571614265441,0.0547612309455871,1,1,lamp
shapenet432,telephone,0.0,0.0,0.9427830131614204,-0.0045408606529235,-0.0016281604766845,0,0,car
shapenet439,telephone,0.0,0.0,0.7889944697187775,0.0459213256835937,0.0456329882144928,0,0,lamp
shapenet440,telephone,0.0,0.0,0.9921256516733968,-0.1122402250766754,-0.0856775939464569,0,0,sofa
shapenet443,telephone,0.0,0.0,0.7076316740900817,-0.0948091447353363,-0.108356237411499,0,0,table
shapenet444,telephone,-5.033581437406869,230.66666666666666,0.04497151150236894,0.1096173226833343,0.011464774608612,1,1,telephone
shapenet447,telephone,-2.9213510897825876,52.666666666666664,0.23721947588798045,0.1409489214420318,0.0506009757518768,1,1,telephone
shapenet449,telephone,0.0,0.0,0.3517017308633838,0.0616549849510192,0.0711019039154052,1,1,airplane
shapenet450,telephone,0.0,0.0,0.9722733256772611,0.0441473126411438,-0.0106181800365448,0,0,car
shapenet453,telephone,0.0,0.0,0.4380902334494559,0.1360400915145874,0.0975065231323242,1,1,chair
shapenet455,telephone,-0.5972531564093516,1.6666666666666667,0.3933157478541504,0.0168889760971069,0.0083281397819519,0,0,watercraft
shapenet458,telephone,0.0,0.0,0.9498949282826971,-0.0105085968971252,-0.0115940570831298,0,0,car
shapenet459,telephone,0.0,0.0,0.39567852472533777,0.0372743606567382,-0.0250212550163269,1,0,airplane
shapenet461,telephone,0.0,0.0,0.8753466473750481,-0.0484335422515869,-0.0155627131462097,0,0,car
shapenet462,telephone,0.0,0.0,0.9851883371396427,0.0317820906639099,-0.0238116383552551,0,0,sofa
shapenet464,telephone,0.0,0.0,0.9604925778329774,-0.0004918873310089,-0.0743521451950073,0,0,sofa
shapenet469,telephone,0.0,0.0,0.7326618179002177,0.0985347032546997,0.1921848654747009,1,1,loudspeaker
shapenet471,telephone,0.0,0.0,0.38550876885406343,0.0339363813400268,0.1122706532478332,0,1,airplane
shapenet473,telephone,0.0,0.0,0.3872700868784535,0.130490630865097,0.1922177374362945,1,1,airplane
shapenet474,telephone,0.0,0.0,0.6937024618033135,0.1144757270812988,0.0495787262916564,1,1,display
shapenet476,telephone,0.0,0.0,0.3571790300878513,0.0552111864089965,0.1686484813690185,1,1,airplane
shapenet477,telephone,0.0,0.0,0.9931484115474057,-0.0685992836952209,-0.0482565760612487,0,0,car
shapenet478,telephone,0.0,0.0,0.7037652712049035,0.1396363377571106,0.3121099919080734,1,1,chair
shapenet480,telephone,-1.5350567286626973,6.0,0.34893436258067556,-0.0051265358924865,0.0553798675537109,0,1,watercraft
shapenet482,telephone,0.0,0.0,0.9214214967846192,0.1567561626434326,0.1997835636138916,1,1,chair
shapenet484,telephone,0.0,0.0,0.3596865375236958,-0.0368030667304992,-0.072366178035736,0,0,airplane
shapenet486,telephone,-4.418694250786356,170.0,0.0672900233700691,0.3390400931239128,-0.050944983959198,1,0,telephone
shapenet488,telephone,0.0,0.0,0.9896228370979029,-0.060695469379425,-0.014797031879425,0,0,car
shapenet490,telephone,-0.23104906018664842,0.3333333333333333,0.6161909325810783,0.168442964553833,0.104284644126892,1,1,cabinet
shapenet496,telephone,0.0,0.0,0.7152696559060999,0.0308754444122314,0.1670287251472473,1,1,watercraft
shapenet497,telephone,0.0,0.0,0.5359058660004479,-0.046659767627716,0.0125258564949035,0,0,cabinet
shapenet498,telephone,0.0,0.0,0.7125054242573462,0.0258979797363281,-0.0323807895183563,1,0,loudspeaker
shapenet501,telephone,0.0,0.0,0.3757112789393724,0.0699937343597412,0.1510275602340698,1,1,airplane
shapenet504,telephone,0.0,0.0,0.38370916566720475,-0.0653924942016601,-0.0956886410713195,0,0,airplane
shapenet505,telephone,0.0,0.0,0.5748008773702775,0.0826959013938903,0.0774000287055969,1,1,display
shapenet506,telephone,0.0,0.0,1.0077594649650194,-0.0701814293861389,-0.0969523787498474,0,0,sofa
shapenet507,telephone,0.0,0.0,0.41892952741021977,0.024875521659851,0.1492902636528015,1,1,airplane
shapenet509,telephone,0.0,0.0,0.9236021050673112,0.1312358379364013,0.0075249671936035,1,1,sofa
shapenet510,telephone,-5.097534981136868,193.0,0.03218946720734093,0.149258092045784,-0.0047419965267181,1,0,telephone
shapenet513,telephone,-4.357794398394204,99.33333333333333,0.07136825271008258,0.3282628953456878,-0.0260153412818908,1,0,telephone
shapenet514,telephone,0.0,0.0,0.8495384799399757,-0.0215693116188049,0.0532336235046386,0,1,sofa
shapenet515,telephone,0.0,0.0,0.7842330111639247,0.1125095784664154,0.0899977684020996,1,1,bench
shapenet516,telephone,0.0,0.0,0.9032359308085907,0.1379734277725219,0.0855721831321716,1,1,display
shapenet518,telephone,0.0,0.0,0.8877670792675758,0.0584496259689331,0.0327661037445068,1,0,chair
shapenet520,telephone,0.0,0.0,0.44222124093384013,0.1062165796756744,0.15169358253479,1,1,airplane
shapenet521,telephone,0.0,0.0,0.6991150018931335,0.0753213465213775,0.0781649351119995,1,1,display
shapenet523,telephone,0.0,0.0,0.39329702719489434,0.2432295680046081,0.3041170239448547,1,1,airplane
shapenet526,telephone,0.0,0.0,0.8147684430461485,0.1020522117614746,0.0717094540596008,1,1,cabinet
shapenet527,telephone,0.0,0.0,1.0265304033109384,-0.0794442594051361,-0.0119919180870056,0,0,sofa
shapenet529,telephone,0.0,0.0,0.5588729361580952,0.0840852260589599,-0.033578336238861,1,0,chair
shapenet534,telephone,-1.656604433192,4.333333333333333,0.23539404210653977,0.1500466465950012,0.1178936064243316,1,1,bench
shapenet535,telephone,0.0,0.0,0.7403662536409826,-0.0881251692771911,-0.03757244348526,0,0,chair
shapenet537,telephone,0.0,0.0,0.7268788851798652,0.0525757670402526,0.0189718008041381,1,0,watercraft
shapenet541,telephone,-1.2296264847046454,13.0,0.42413919563646535,0.0223247408866882,0.033824622631073,0,1,cabinet
shapenet544,telephone,0.0,0.0,0.8597753046090547,-0.0688351988792419,-0.057002305984497,0,0,cabinet
shapenet546,telephone,0.0,0.0,0.2973538891897359,0.0195258855819702,0.1676487922668457,0,1,watercraft
shapenet547,telephone,0.0,0.0,0.9636222783217242,0.2244091629981994,0.1354497075080871,1,1,loudspeaker
shapenet548,telephone,0.0,0.0,1.0084620787877359,-0.0893718004226684,-0.0573607087135314,0,0,car
shapenet550,telephone,-5.24083636298288,307.0,0.033896845085498076,0.1677885204553604,-0.0747300386428833,1,0,telephone
shapenet554,telephone,0.0,0.0,0.393407276246456,-0.0208637714385986,0.0332262516021728,0,1,airplane
shapenet555,telephone,-0.7324081924454066,1.3333333333333333,0.3556394074276798,-0.0372570753097534,-0.0763022303581237,0,0,watercraft
shapenet567,telephone,0.0,0.0,0.9603559330241632,0.0857004821300506,0.0099655091762542,1,0,loudspeaker
shapenet569,telephone,0.0,0.0,0.6469815344819236,0.0186856985092163,0.0158235728740692,0,0,cabinet
shapenet572,telephone,-2.6080153369520973,32.666666666666664,0.15311551324288775,0.2284818887710571,0.0966692566871643,1,1,telephone
shapenet574,telephone,0.0,0.0,0.36817101345496345,0.1782817840576172,0.2388920187950134,1,1,airplane
shapenet577,telephone,0.0,0.0,0.7953727587622755,0.0600099563598632,0.0461806654930114,1,1,car
shapenet580,telephone,0.0,0.0,0.8392817335445191,0.0556909441947937,0.088329941034317,1,1,chair
shapenet584,telephone,0.0,0.0,0.3107882373293398,0.0384352207183837,-0.007205307483673,1,0,bench
shapenet586,telephone,0.0,0.0,0.3061123836104398,0.1318036317825317,0.0507627129554748,1,0,bench
shapenet590,telephone,-0.5972531564093516,1.6666666666666667,0.3648517685772192,0.0788536071777343,0.0060118436813354,1,0,watercraft
shapenet591,telephone,0.0,0.0,0.4848297061872795,0.1503517627716064,0.1472237706184387,1,1,bench
shapenet592,telephone,0.0,0.0,0.7811048133910851,0.0871208608150482,0.1592596769332885,1,1,chair
shapenet593,telephone,0.0,0.0,0.755492222835002,0.0175976157188415,-0.048413872718811,0,0,display
shapenet597,telephone,0.0,0.0,0.39515636762086775,0.0148273706436157,0.0208253264427185,1,1,airplane
shapenet598,telephone,0.0,0.0,0.37870164490638225,0.1455373764038086,0.2814482450485229,1,1,airplane
shapenet599,telephone,0.0,0.0,0.5877635559405173,0.0047228336334228,-0.0695875585079193,0,0,cabinet
shapenet600,telephone,0.0,0.0,0.4484465087681968,0.1106994748115539,0.0845870375633239,1,1,airplane
shapenet604,telephone,0.0,0.0,0.7147428813409187,-0.042886197566986,-0.1056732237339019,0,0,cabinet
shapenet605,telephone,0.0,0.0,0.3511133538190006,-0.0084794163703918,0.0147233009338378,0,0,watercraft
shapenet608,telephone,0.0,0.0,0.7806161994632158,0.0694899559020996,0.1172830462455749,1,1,chair
shapenet609,telephone,0.0,0.0,0.3989195506578968,-0.0167797803878784,0.078905165195465,0,1,airplane
shapenet612,telephone,0.0,0.0,0.3966827166497624,-0.0129926800727844,-0.0725151896476745,0,0,airplane
shapenet616,telephone,0.0,0.0,0.9387901917200977,0.1404103636741638,0.1444228291511535,1,1,chair
shapenet617,telephone,0.0,0.0,0.928365103182132,-0.0823012590408325,-0.0648699104785919,0,0,car
shapenet619,telephone,0.0,0.0,1.0337958248059815,0.0031192898750305,-0.0912733674049377,0,0,sofa
shapenet620,telephone,0.0,0.0,0.7829326593561872,-0.0657339096069336,0.0618963241577148,0,1,loudspeaker
shapenet622,telephone,-1.8053668007348067,5.333333333333333,0.23510467678612343,0.0567614436149597,0.0811740756034851,1,1,watercraft
shapenet623,telephone,0.0,0.0,0.9987997526409603,0.1132323741912841,0.0002508759498596,1,0,car
shapenet628,telephone,0.0,0.0,1.0027538966014469,-0.0135084986686706,-0.0581055283546447,0,0,sofa
shapenet629,telephone,0.0,0.0,0.5015984142228048,0.0454055070877075,0.0631337463855743,1,1,watercraft
shapenet633,telephone,-0.5972531564093516,1.6666666666666667,0.33051870492193497,0.1984232068061828,0.0887197256088256,1,1,bench
shapenet635,telephone,-0.5364793041447001,1.3333333333333333,0.2980088718366555,0.0239677429199218,0.0168339610099792,1,1,bench
shapenet636,telephone,-5.7857738687127025,325.3333333333333,0.024479516557533096,0.1927074193954467,-0.0204922556877136,1,0,telephone
shapenet638,telephone,0.0,0.0,0.7577938386553699,-0.0093749165534973,0.1029821634292602,0,1,cabinet
shapenet639,telephone,0.0,0.0,0.37536832433854017,-0.0543733239173889,-0.0371086299419403,0,0,lamp
shapenet640,telephone,0.0,0.0,0.2976393114632981,0.0619535148143768,-0.0215262174606323,1,0,bench
shapenet644,telephone,0.0,0.0,0.6682857746045571,0.0910136103630065,-0.0184158086776733,1,0,display
shapenet646,telephone,0.0,0.0,0.8984428782411146,-0.0126734972000122,0.0501002669334411,0,1,loudspeaker
shapenet652,telephone,0.0,0.0,0.3877099241060365,0.0694535374641418,0.099647432565689,1,1,airplane
shapenet653,telephone,0.0,0.0,0.8348904637819121,-0.0349176526069641,-0.043292611837387,0,0,cabinet
shapenet656,telephone,0.0,0.0,0.8520995523680268,-0.0889108777046203,-0.0465108752250671,0,0,loudspeaker
shapenet658,telephone,0.0,0.0,0.41170041962257925,0.0535871982574462,0.1242203116416931,1,1,airplane
shapenet662,telephone,-5.5097807822550315,255.33333333333334,0.031095122052170816,-0.0447015762329101,-0.032472550868988,0,0,telephone
shapenet664,telephone,0.0,0.0,0.7504208761897272,0.0879741907119751,0.0404214262962341,1,1,loudspeaker
shapenet665,telephone,-0.46209812037329684,0.6666666666666666,0.35139986684183144,0.2024796605110168,0.216950386762619,1,1,airplane
shapenet666,telephone,0.0,0.0,0.6052396728815687,0.2749398648738861,0.1202899813652038,1,1,chair
shapenet667,telephone,-0.6931471805599453,2.3333333333333335,0.3817992752340296,0.061549961566925,0.0059669613838195,1,0,bench
shapenet677,telephone,0.0,0.0,0.9661626629654778,0.0785366892814636,0.0916127860546112,1,1,car
shapenet678,telephone,0.0,0.0,0.42277424972263405,0.0426523685455322,0.0600859522819519,1,1,airplane
shapenet679,telephone,0.0,0.0,0.894841681485986,0.2245045006275177,0.3116668462753296,1,1,loudspeaker
shapenet682,telephone,0.0,0.0,0.4151919945749552,0.0836679339408874,0.2401564717292785,1,1,airplane
shapenet683,telephone,0.0,0.0,0.579002100583967,0.1249282360076904,0.0489208698272705,1,1,chair
shapenet686,telephone,0.0,0.0,0.5188184298313979,0.1635198593139648,0.0645036697387695,1,1,chair
shapenet687,telephone,0.0,0.0,0.8405411831456018,0.1359109878540039,0.0865823030471801,1,1,cabinet
shapenet690,telephone,-5.4775732680163545,246.33333333333334,0.040679470783190265,0.2094660103321075,0.1138461828231811,1,1,telephone
shapenet691,telephone,-1.617343421306539,4.333333333333333,0.2357614328786404,0.1304526925086975,0.1727542281150818,1,1,bench
shapenet692,telephone,0.0,0.0,0.70108152165805,0.0788024067878723,0.0307862758636474,1,1,display
shapenet693,telephone,0.0,0.0,0.9836922898979953,-0.046399712562561,-0.0502444505691528,0,0,table
shapenet697,telephone,0.0,0.0,0.7393730772469099,0.1048818826675415,0.0468218326568603,1,1,chair
shapenet699,telephone,0.0,0.0,1.0198086504351973,-0.0068740248680114,-0.005961000919342,0,0,car
shapenet702,telephone,-0.5972531564093516,1.6666666666666667,0.30333631294926855,0.1874980330467224,0.0059122145175933,1,0,bench
shapenet703,telephone,0.0,0.0,0.7012740270900185,0.0143185257911682,-0.0705913007259368,0,0,loudspeaker
shapenet708,telephone,-1.5607104090414066,4.0,0.24608784251022633,0.2181251645088195,0.0722074508666992,1,1,bench
shapenet711,telephone,0.0,0.0,0.5622701924838927,0.0146234631538391,-0.0022562742233276,0,0,watercraft
shapenet714,telephone,0.0,0.0,0.43871154010294716,0.2552745342254638,0.1666880846023559,1,1,bench
shapenet715,telephone,0.0,0.0,0.3774839375233272,0.1647877097129821,0.0485840439796447,1,1,lamp
shapenet718,telephone,-0.3662040962227033,0.6666666666666666,0.658114561566998,0.2141908705234527,0.1401979923248291,1,1,bench
shapenet719,telephone,0.0,0.0,0.8279559535502257,-0.006061166524887,0.1261869072914123,0,1,display
shapenet722,telephone,0.0,0.0,0.9834816754476016,0.257365882396698,0.2045737206935882,1,1,sofa
shapenet724,telephone,0.0,0.0,0.7707322641465266,0.0266909003257751,0.0190478563308715,0,0,watercraft
shapenet725,telephone,0.0,0.0,0.6628825836882539,0.1688911914825439,-0.0641862154006958,1,0,loudspeaker
shapenet732,telephone,-0.6931471805599453,2.3333333333333335,0.2481203752655743,0.1219358444213867,0.0310445427894592,1,1,chair
shapenet734,telephone,-5.934108788903342,389.6666666666667,0.009833109332032434,0.0695262551307678,0.1137009859085083,0,1,telephone
shapenet736,telephone,0.0,0.0,0.3818826720695871,0.1007449626922607,0.1655927896499633,1,1,airplane
shapenet739,telephone,0.0,0.0,0.38425673895577583,0.1293534338474273,0.0379926562309265,1,1,airplane
shapenet740,telephone,0.0,0.0,0.7147391611937941,0.1117421984672546,0.1906964778900146,1,1,chair
shapenet743,telephone,0.0,0.0,0.7655822064121232,-0.0232683718204498,-0.0346428155899047,0,0,table
shapenet744,telephone,0.0,0.0,0.7946301308404801,-0.0470305085182189,-0.0661205649375915,0,0,loudspeaker
shapenet749,telephone,0.0,0.0,0.7476927943483019,-0.0001863837242126,-0.0004715323448181,0,0,display
shapenet751,telephone,0.0,0.0,0.5617873762792529,-0.0399487018585205,-0.1240255236625671,0,0,display
shapenet757,telephone,-5.7511933117207334,313.6666666666667,0.01969811720905273,0.2315316498279571,0.0870080590248107,1,1,telephone
shapenet759,telephone,0.0,0.0,0.7972271974907136,0.0631929636001586,-0.0092962980270385,1,0,chair
shapenet760,telephone,-5.868976747322086,355.3333333333333,0.009435388623822502,0.0905244946479797,-0.0483216941356658,1,0,telephone
shapenet761,telephone,0.0,0.0,0.8238158380756347,0.0025010108947753,-0.0219002664089202,0,0,table
shapenet762,telephone,-0.46209812037329684,1.0,0.30575058792722976,0.1939097046852111,0.1583147644996643,1,1,bench
shapenet766,telephone,0.0,0.0,0.5523408350075243,0.0886611640453338,-0.0825366377830505,1,0,table
shapenet770,telephone,-0.9241962407465937,2.0,0.31122107544869765,0.0554677248001098,-0.0033552646636962,1,0,airplane
shapenet771,telephone,0.0,0.0,0.36801865174232634,0.0007938146591186,0.0032296180725097,0,0,airplane
shapenet772,telephone,-1.3862943611198906,4.666666666666667,0.29598250609910604,0.0552533566951751,0.0124148428440094,1,0,bench
shapenet773,telephone,0.0,0.0,0.7135328814227521,-0.007214069366455,0.077958345413208,0,1,table
shapenet774,telephone,0.0,0.0,0.7537465044802412,0.0044865012168884,0.0024951100349426,0,0,loudspeaker
shapenet775,telephone,-2.2448638866576496,18.666666666666668,0.372983557287049,0.0104773640632629,-0.0427635908126831,0,0,loudspeaker
shapenet782,telephone,0.0,0.0,0.5281248076876611,0.082832396030426,0.0130807161331176,1,1,chair
shapenet790,telephone,0.0,0.0,0.9777192180444212,0.0961002111434936,0.0784856081008911,1,1,loudspeaker
shapenet791,telephone,0.0,0.0,0.3659623121768341,0.085016906261444,0.1256563067436218,1,1,airplane
shapenet796,telephone,-0.46209812037329684,0.6666666666666666,0.6530527005459019,0.0216006636619567,0.0584169626235961,1,1,loudspeaker
shapenet797,telephone,0.0,0.0,0.996418279595138,0.0089744329452514,0.0203036367893219,1,1,sofa
shapenet798,telephone,0.0,0.0,0.6689886002148008,0.0867791771888732,-0.0108460485935211,1,0,table
shapenet799,telephone,0.0,0.0,1.0201469859877008,-0.0085034966468811,-0.0312206149101257,0,0,car
shapenet800,telephone,-0.5364793041447001,1.3333333333333333,0.31979363867675964,0.0791140794754028,0.0754708051681518,1,1,airplane
shapenet801,telephone,0.0,0.0,0.943711631871358,-0.0097017288208007,-0.0518797039985656,0,0,loudspeaker
shapenet804,telephone,0.0,0.0,0.5055975422497074,0.0802538990974426,0.0670865178108215,1,1,airplane
shapenet805,telephone,-0.46209812037329684,0.6666666666666666,0.5212241489318599,-0.0338891148567199,-0.0098984837532043,0,0,cabinet
shapenet808,telephone,0.0,0.0,0.31778402997119864,-0.0021505951881408,0.0088022351264953,0,0,chair
shapenet811,telephone,0.0,0.0,0.6157795192586369,0.0403960943222045,-0.04999840259552,1,0,table
shapenet812,telephone,0.0,0.0,0.7930242008535254,0.0607833266258239,0.0168808698654174,1,0,cabinet
shapenet813,telephone,0.0,0.0,1.0136968311207157,0.0976142883300781,-0.0049038529396057,1,0,car
shapenet814,telephone,0.0,0.0,0.9614421873448958,-0.1077718734741211,-0.062924325466156,0,0,car
shapenet816,telephone,0.0,0.0,0.9375172135763027,0.1703240275382995,0.1665162444114685,1,1,table
shapenet817,telephone,0.0,0.0,0.7478687770461979,0.1612468361854553,0.1827784180641174,1,1,cabinet
shapenet818,telephone,0.0,0.0,0.9925742826898013,0.2296479046344757,0.1690474152565002,1,1,car
shapenet820,telephone,0.0,0.0,0.9602131291621108,0.1333008408546447,0.1661158204078674,1,1,chair
shapenet825,telephone,0.0,0.0,0.8267561177713952,-0.1015791893005371,-0.1114904880523681,0,0,table
shapenet826,telephone,0.0,0.0,0.8104873998687173,-0.0048381686210632,0.0272364616394042,0,0,table
shapenet827,telephone,-1.0729586082894003,2.6666666666666665,0.3079062427326051,0.0765997171401977,0.1392627954483032,1,1,airplane
shapenet831,telephone,0.0,0.0,0.4198418874153385,0.2402740120887756,0.1035825908184051,1,1,watercraft
shapenet832,telephone,-0.5972531564093516,1.6666666666666667,0.26571024446129105,-0.054597407579422,-0.0819031596183776,0,0,bench
shapenet833,telephone,0.0,0.0,0.49553930783079,-0.073000431060791,-0.0269570052623748,0,0,watercraft
shapenet835,telephone,0.0,0.0,0.4506023938275036,0.0069679617881774,0.0099040269851684,0,0,airplane
shapenet837,telephone,0.0,0.0,0.6591372257069789,-0.0537572503089904,-0.0380144119262695,0,0,cabinet
shapenet840,telephone,0.0,0.0,0.9783181882957642,0.0307788848876953,0.0693278312683105,0,1,chair
shapenet845,telephone,0.0,0.0,0.7185188100798857,0.0095050334930419,-0.0133445262908935,1,0,sofa
shapenet846,telephone,0.0,0.0,0.5658895053897627,0.0735474228858947,0.1027482151985168,1,1,chair
shapenet848,telephone,0.0,0.0,0.8657254798417376,0.1148799061775207,0.051901638507843,1,1,watercraft
shapenet851,telephone,0.0,0.0,0.4144865475679351,-0.0274534821510314,0.047741949558258,0,1,airplane
shapenet852,telephone,0.0,0.0,0.947830796870127,-0.0654578208923339,-0.1055793464183807,0,0,car
shapenet854,telephone,-5.57803880023534,268.3333333333333,0.030443008314411893,0.0185008645057678,0.0320241451263427,0,0,telephone
shapenet856,telephone,0.0,0.0,0.28181355721354573,0.0996170043945312,-0.0495164990425109,1,0,bench
shapenet859,telephone,0.0,0.0,0.7195539279323988,-0.0682135224342346,-0.0222050547599792,0,0,table
shapenet860,telephone,-0.9241962407465937,2.0,0.3554811551353587,0.0913189649581909,0.0864661335945129,1,1,airplane
shapenet861,telephone,0.0,0.0,0.9885594526311922,-0.0068005323410034,-0.0421598553657531,0,0,sofa
shapenet863,telephone,0.0,0.0,0.9769290378022734,0.0028124451637268,-0.0136587023735046,0,0,sofa
shapenet867,telephone,0.0,0.0,0.8262412041136379,0.2538445293903351,0.2905646562576294,1,1,chair
shapenet869,telephone,0.0,0.0,0.7924197807641026,0.1379668712615966,0.2050864100456237,1,1,sofa
shapenet871,telephone,-4.797131106121189,150.33333333333334,0.035311145110531586,0.1894569993019104,0.0098748505115509,1,0,telephone
shapenet873,telephone,-0.23104906018664842,0.3333333333333333,0.5246540001981655,0.0908906459808349,0.1605020761489868,1,1,cabinet
shapenet877,telephone,0.0,0.0,0.3977252775812798,0.1710981726646423,0.0178350806236267,1,0,chair
shapenet878,telephone,0.0,0.0,0.6474628119010183,0.1415731906890869,0.0796400904655456,1,1,display
shapenet879,telephone,0.0,0.0,0.9957327117392829,-0.017477810382843,0.0202753543853759,0,1,sofa
shapenet884,telephone,0.0,0.0,0.9081971327686581,0.0876310169696807,0.0156089663505554,1,1,sofa
shapenet886,telephone,-0.9241962407465937,2.0,0.2819169177430371,0.0626288056373596,0.0817873477935791,1,1,bench
shapenet888,telephone,0.0,0.0,0.6505365494563398,-0.0933239758014679,-0.0360732674598693,0,0,table
shapenet891,telephone,0.0,0.0,0.41348157216240855,0.0145339965820312,-0.0366836190223693,0,0,airplane
shapenet893,telephone,-5.709340228804368,305.6666666666667,0.018696147526814724,0.0615269541740417,-0.0272567272186279,1,0,telephone
shapenet898,telephone,0.0,0.0,0.34579315894116935,0.137157142162323,0.1099046468734741,1,1,airplane
shapenet899,telephone,0.0,0.0,0.39094433238566534,0.1199952960014343,0.0664105415344238,1,1,display
shapenet901,telephone,0.0,0.0,0.45680734859482897,0.067053735256195,0.0574234127998352,1,1,airplane
shapenet902,telephone,-1.1224319433288248,9.333333333333334,0.6325592213402627,0.0138574242591857,0.023599088191986,1,0,loudspeaker
shapenet903,telephone,0.0,0.0,0.927639032759283,0.0839322507381439,-0.0036106407642364,1,0,car
shapenet904,telephone,0.0,0.0,0.886250979119725,0.0521170198917388,0.0646446347236633,0,1,loudspeaker
shapenet906,telephone,0.0,0.0,0.7812422947872907,0.0513345003128051,0.0447152256965637,1,1,chair
shapenet913,telephone,0.0,0.0,0.6750605331552673,0.1540622413158416,0.0979308187961578,1,1,table
shapenet914,telephone,0.0,0.0,0.4977467782640243,0.0487239360809326,-0.1175716519355773,1,0,table
shapenet915,telephone,0.0,0.0,0.8434120653053286,-0.087514579296112,-0.0972876548767089,0,0,table
shapenet916,telephone,0.0,0.0,0.41808495783024363,0.0259796977043151,0.0579913258552551,1,1,watercraft
shapenet918,telephone,0.0,0.0,0.997081979595649,-0.0346719622611999,-0.0076105594635009,0,0,chair
shapenet919,telephone,0.0,0.0,0.4424197198829478,0.0637301802635192,0.0559059381484985,1,1,airplane
shapenet923,telephone,0.0,0.0,0.8619874024710167,0.0719927549362182,0.0081643760204315,1,0,sofa
shapenet924,telephone,-0.23104906018664842,0.3333333333333333,0.648643374234325,0.0087369680404663,-0.0375480353832244,0,0,cabinet
shapenet925,telephone,0.0,0.0,0.798631023350166,0.1053026914596557,0.0539358258247375,1,0,loudspeaker
shapenet927,telephone,0.0,0.0,0.9895753312841639,0.0181168913841247,-0.0487716794013977,0,0,sofa
shapenet930,telephone,0.0,0.0,0.5139191092407925,0.1019867956638336,0.0409463346004486,1,1,watercraft
shapenet938,telephone,-0.3662040962227033,0.6666666666666666,0.32609982283903366,0.1033543944358825,0.162488043308258,1,1,airplane
shapenet939,telephone,0.0,0.0,0.2842865706171753,-0.0163329243659973,0.0363364815711975,0,1,bench
shapenet941,telephone,0.0,0.0,0.6875093758913268,0.20402193069458,0.1882215440273285,1,1,display
shapenet942,telephone,0.0,0.0,0.8179580941755105,0.162867784500122,0.1604295074939727,1,1,chair
shapenet943,telephone,0.0,0.0,0.3645226472035919,-0.0676571130752563,-0.0192859172821044,0,0,chair
shapenet946,telephone,0.0,0.0,0.5481526751958515,-0.0312709212303161,-0.0553356409072876,0,0,sofa
shapenet949,telephone,0.0,0.0,0.9817483379277766,0.0343137383460998,0.0664764046669006,1,1,sofa
shapenet950,telephone,0.0,0.0,0.7740392867718838,0.0068023800849914,0.0736720263957977,0,1,cabinet
shapenet952,telephone,0.0,0.0,0.9778365447064262,0.0796833038330078,0.0768990516662597,1,1,car
shapenet953,telephone,-1.1945063128187032,3.3333333333333335,0.27578607016313983,-0.131893515586853,-0.0879788994789123,0,0,table
shapenet954,telephone,-1.0729586082894003,2.6666666666666665,0.2843252348869138,0.1117962598800659,0.0623947978019714,1,1,airplane
shapenet955,telephone,0.0,0.0,0.39839167932010167,0.0817128419876098,0.0545761585235595,1,1,airplane
shapenet956,telephone,0.0,0.0,0.9634839256322859,0.133081167936325,0.0838918983936309,1,1,sofa
shapenet957,telephone,0.0,0.0,0.6944889358808556,0.0579575300216674,0.0844027698040008,1,1,table
shapenet958,telephone,0.0,0.0,0.926902661928395,0.2543156743049621,0.096845805644989,1,1,table
shapenet959,telephone,-0.23104906018664842,0.3333333333333333,0.7842969614328101,-0.0114287734031677,-0.0256498456001281,0,0,loudspeaker
shapenet960,telephone,0.0,0.0,0.62090847236517,0.0211859345436096,0.0739115476608276,0,1,cabinet
shapenet966,telephone,0.0,0.0,0.9284317755779844,0.0963636934757232,0.0886535942554473,1,1,chair
shapenet967,telephone,0.0,0.0,0.9676728605589888,-0.0563726425170898,-0.0593208074569702,0,0,sofa
shapenet974,telephone,-5.76904534654372,319.3333333333333,0.014985120510351316,0.1046120524406433,-0.0784850716590881,1,0,telephone
shapenet977,telephone,0.0,0.0,0.970850304533923,0.0133746266365051,-0.0138222575187683,0,0,sofa
shapenet978,telephone,0.0,0.0,0.43871523868523604,0.0193985104560852,-0.0182495713233947,0,0,airplane
shapenet979,telephone,0.0,0.0,0.9542999312883668,0.0866107940673828,0.0901115536689758,1,1,sofa
shapenet983,telephone,-0.5364793041447001,1.3333333333333333,0.3653331461514136,0.0687276124954223,0.155186265707016,1,1,airplane
shapenet984,telephone,-5.784710160356386,326.6666666666667,0.012192110341454815,0.0467048287391662,0.0930854678153991,1,1,telephone
shapenet989,telephone,0.0,0.0,0.4568765700611417,-0.0464657247066497,-0.0186414718627929,0,0,chair
shapenet990,telephone,-5.250456790388696,224.66666666666666,0.025384533532021386,0.0785999745130539,0.1365360915660858,0,1,telephone
shapenet991,telephone,0.0,0.0,0.7281146758607573,-0.0262794494628906,-0.0798879861831665,0,0,cabinet
shapenet994,telephone,0.0,0.0,0.9554169765349902,-0.0457329750061035,-0.0511643290519714,0,0,car
shapenet1000,telephone,0.0,0.0,0.9398065312756455,-0.034365177154541,-0.0587695240974426,0,0,loudspeaker
shapenet1003,telephone,-0.6931471805599453,2.3333333333333335,0.3743547637455425,0.0312313437461853,0.0158789157867431,0,0,bench
shapenet1005,telephone,0.0,0.0,0.6049499892625706,0.0625911355018615,0.0517406463623046,1,0,chair
shapenet1008,telephone,0.0,0.0,0.8305714250731279,0.0650811791419982,0.002147614955902,1,0,watercraft
shapenet1009,telephone,0.0,0.0,0.32507252562878336,0.1134079694747924,0.1990477740764618,1,1,airplane
shapenet1010,telephone,-0.46209812037329684,0.6666666666666666,0.5051041334160801,0.0696775913238525,0.0325040221214294,1,1,cabinet
shapenet1016,telephone,0.0,0.0,0.5324804762166897,-0.105151742696762,0.1249841451644897,0,1,table
shapenet1019,telephone,0.0,0.0,0.9312298853307933,0.1190072894096374,0.1106314063072204,1,1,chair
shapenet1020,telephone,-0.46209812037329684,1.0,0.4419614472851643,0.1328303217887878,0.199876457452774,1,1,airplane
shapenet1023,telephone,0.0,0.0,0.3467864692298875,0.0540419220924377,0.0011001229286193,1,0,chair
shapenet1024,telephone,0.0,0.0,0.9959604646565209,-0.0065446197986602,-0.0144360661506652,0,0,sofa
shapenet1025,telephone,0.0,0.0,0.8312262252741002,0.0094172954559326,0.0043132305145263,1,0,loudspeaker
shapenet1026,telephone,0.0,0.0,0.4191731169915888,0.0570988059043884,0.2060964703559875,1,1,airplane
shapenet1028,telephone,0.0,0.0,1.0355866808185357,0.1457230448722839,0.1389904916286468,1,1,car
shapenet1030,telephone,0.0,0.0,0.7181567896289941,-0.0158088207244873,-0.0547468066215515,0,0,display
shapenet1033,telephone,-1.1945063128187032,3.3333333333333335,0.2501316459587422,0.1656619012355804,0.0186741948127746,1,0,bench
shapenet1034,telephone,0.0,0.0,0.9733998878211322,0.1077334284782409,0.1619873940944671,1,1,sofa
shapenet1035,telephone,0.0,0.0,0.9377860845391459,-0.001899778842926,0.054320752620697,0,1,table
shapenet1036,telephone,-0.5364793041447001,1.3333333333333333,0.5995714230268129,-0.0456937551498413,-0.022130012512207,0,0,display
shapenet1037,telephone,0.0,0.0,0.5859252149049857,-0.0343493223190307,-0.0302963256835937,0,0,cabinet
shapenet1041,telephone,0.0,0.0,0.4390322525268415,-0.003371775150299,0.0197744965553283,0,0,airplane
shapenet1042,telephone,0.0,0.0,0.5846083047825297,-0.0066244602203369,0.0314137935638427,0,0,display
shapenet1043,telephone,0.0,0.0,0.9104182010711295,0.0430850982666015,0.0636987686157226,1,1,table
shapenet1047,telephone,0.0,0.0,0.68721605691502,0.155469000339508,0.0786448121070861,1,1,table
shapenet1048,telephone,0.0,0.0,0.6026794465698442,-0.0292693674564361,-0.0012999773025512,0,0,table
shapenet1049,telephone,0.0,0.0,0.4274887488418484,0.1077556610107421,0.2286412119865417,1,1,airplane
shapenet1050,telephone,-2.118702553565297,8.333333333333334,0.22849714434228352,0.0406152009963989,-0.0128532648086547,1,0,telephone
shapenet1053,telephone,0.0,0.0,0.5478572484337576,0.1708932518959045,0.114247977733612,1,1,lamp
shapenet1055,telephone,0.0,0.0,0.36047657019197343,0.1157289147377014,0.0479375123977661,1,1,watercraft
shapenet1056,telephone,0.0,0.0,0.9730146248296218,0.0655583143234252,0.0409151911735534,1,1,sofa
shapenet1057,telephone,0.0,0.0,0.3757266966542891,-0.0110177993774414,-0.1035364866256713,0,0,airplane
shapenet1061,telephone,0.0,0.0,0.3506099540267716,0.0099003911018371,-0.0327749252319335,0,0,display
shapenet1062,telephone,-0.7324081924454066,1.3333333333333333,0.2801276090704112,0.1118170022964477,0.0381270051002502,1,1,bench
shapenet1066,telephone,0.0,0.0,0.4533496524010765,-0.1179752945899963,-0.0223101377487182,0,0,watercraft
shapenet1067,telephone,0.0,0.0,0.4393745679678629,0.0154635906219482,-0.0143821835517883,1,0,cabinet
shapenet1070,telephone,0.0,0.0,0.5304381178919265,0.0706176161766052,0.0718433856964111,1,1,chair
shapenet1074,telephone,0.0,0.0,0.30732348351477584,0.1134849190711975,0.1257690191268921,1,1,chair
shapenet1078,telephone,-0.9241962407465937,2.0,0.40166812919198097,0.0743110626935958,-0.0058605968952178,1,0,lamp
shapenet1079,telephone,0.0,0.0,0.7843022851987206,0.0923198461532592,0.1123297214508056,1,1,chair
shapenet1081,telephone,0.0,0.0,0.5273719194740781,0.0014162063598632,0.0035160779953002,0,0,cabinet
shapenet1082,telephone,-1.6566044331920002,7.333333333333333,0.26681321861699764,0.0372611880302429,0.1573998928070068,1,1,lamp
shapenet1084,telephone,0.0,0.0,0.48782265060207347,-0.0289955735206604,-0.0832794904708862,0,0,watercraft
shapenet1085,telephone,0.0,0.0,0.4349265806567148,0.1172508001327514,0.1772978901863098,1,1,table
shapenet1086,telephone,0.0,0.0,0.697901525071515,0.1190018951892852,0.07020765542984,1,1,cabinet
shapenet1088,telephone,0.0,0.0,0.5540641529691078,0.0158193111419677,-0.0409923195838928,0,0,watercraft
shapenet1091,telephone,0.0,0.0,1.0506091047104344,-0.0930717587471008,-0.0674461722373962,0,0,car
shapenet1092,telephone,0.0,0.0,0.3979055095959943,0.0676562190055847,0.2211909890174865,1,1,airplane
shapenet1093,telephone,0.0,0.0,0.9739422034665856,0.2231058478355407,0.0990875959396362,1,1,sofa
shapenet1096,telephone,-1.3862943611198906,4.666666666666667,0.2607667854216931,-0.0093820691108703,-0.0917473435401916,0,0,bench
shapenet1097,telephone,0.0,0.0,0.7830280064944654,0.0602814555168151,0.0483612120151519,1,1,sofa
shapenet1099,telephone,0.0,0.0,0.5808952245251077,-0.0474128723144531,-0.0598165392875671,0,0,table
shapenet1100,telephone,-0.5364793041447001,1.3333333333333333,0.3606698162234887,0.0934439897537231,0.1022871136665344,1,1,watercraft
shapenet1103,telephone,-5.980560724414548,394.6666666666667,0.007261236476100419,-0.0480429530143737,-0.02234548330307,0,0,telephone
shapenet1111,telephone,-4.291922314905114,294.3333333333333,0.1980222364536094,0.2637148797512054,0.2163501679897308,1,1,telephone
shapenet1113,telephone,0.0,0.0,0.40467213438744737,0.0319865345954895,-0.0017551183700561,1,0,chair
shapenet1117,telephone,0.0,0.0,0.3668436611672168,-0.0229609608650207,-0.0072972178459167,0,0,airplane
shapenet1119,telephone,0.0,0.0,0.40696189716207415,0.0589012503623962,0.2517565786838531,1,1,airplane
shapenet1120,telephone,0.0,0.0,0.36647326455317875,-0.0099032521247863,-0.020589679479599,0,0,watercraft
shapenet1121,telephone,0.0,0.0,0.6663683271010198,0.061475932598114,0.0077781081199646,1,0,loudspeaker
shapenet1123,telephone,0.0,0.0,0.6310394643332565,0.020337164402008,0.0239312946796417,1,1,watercraft
shapenet1125,telephone,-5.80910687102386,340.6666666666667,0.014998517493991358,0.0872696340084075,-0.010015845298767,1,0,telephone
shapenet1127,telephone,0.0,0.0,0.6301538840430547,0.0379085540771484,-0.0125469267368316,1,0,watercraft
shapenet1129,telephone,0.0,0.0,0.8903302868519365,0.2317477166652679,0.0084109306335449,1,0,car
shapenet1131,telephone,-4.1619915102209974,77.0,0.07699386159869175,-0.0325765013694763,-0.0145338177680969,0,0,telephone
shapenet1137,telephone,0.0,0.0,0.36903820293784656,0.1185863614082336,0.2504238486289978,1,1,airplane
shapenet1141,telephone,0.0,0.0,0.9460522646293947,-0.0392653346061706,-0.0316674709320068,0,0,chair
shapenet1142,telephone,0.0,0.0,0.6388602734001217,0.1498660445213318,0.1275566220283508,1,1,chair
shapenet1143,telephone,0.0,0.0,0.9539896337234447,0.0494211316108703,-0.0217499732971191,1,0,car
shapenet1144,telephone,0.0,0.0,0.9699960265387014,0.0513724684715271,0.013551115989685,1,0,car
shapenet1145,telephone,0.0,0.0,0.8196788573393466,0.0239622592926025,-0.0683524310588836,0,0,cabinet
shapenet1146,telephone,0.0,0.0,0.7000829783596864,0.0367056727409362,0.0159395635128021,0,0,watercraft
shapenet1147,telephone,0.0,0.0,0.41405763349660846,0.2248260974884033,0.2622060179710388,1,1,bench
shapenet1149,telephone,-1.1945063128187032,3.3333333333333335,0.4431953482765498,0.0392402410507202,0.1033545136451721,0,1,chair
shapenet1155,telephone,-0.46209812037329684,1.0,0.5388627151767855,0.0372999906539917,0.0346174240112304,1,1,display
shapenet1157,telephone,-6.032283984349095,415.6666666666667,0.007250416700441856,0.2948207855224609,0.3034858703613281,1,1,telephone
shapenet1159,telephone,0.0,0.0,0.3645468090518917,0.023647665977478,0.0086296200752258,1,0,airplane
shapenet1160,telephone,0.0,0.0,1.0167924090153455,0.0545910000801086,0.0076016783714294,1,0,car
shapenet1161,telephone,0.0,0.0,0.7653337829650148,0.0655337572097778,-0.0528261661529541,1,0,watercraft
shapenet1163,telephone,0.0,0.0,0.3714098497699778,0.2985039055347442,0.1835153698921203,1,1,bench
shapenet1168,telephone,0.0,0.0,0.8719111654784814,-0.0175829529762268,-0.1193838417530059,0,0,sofa
shapenet1171,telephone,0.0,0.0,0.41034320380070594,0.0210536122322082,-0.0295320749282836,0,0,airplane
shapenet1172,telephone,0.0,0.0,0.8057770630377941,0.096779465675354,0.0583212971687316,1,1,loudspeaker
shapenet1174,telephone,0.0,0.0,0.5936092464232886,0.1019306182861328,-0.0820364952087402,1,0,display
shapenet1178,telephone,0.0,0.0,0.9833492758341693,0.1629038751125335,0.1222806274890899,1,1,car
shapenet1179,telephone,0.0,0.0,0.562172668524086,0.0380004048347473,0.009549081325531,1,0,cabinet
shapenet1182,telephone,-6.085633190367233,438.6666666666667,0.004765506632100836,-0.0368141531944274,-0.0257882475852966,0,0,telephone
shapenet1183,telephone,-0.6931471805599453,2.3333333333333335,0.405706820776436,0.0078258514404296,0.0224367082118988,1,1,lamp
shapenet1184,telephone,-0.46209812037329684,1.0,0.3588242262621156,0.0239961743354797,0.0752103924751281,0,1,airplane
shapenet1186,telephone,0.0,0.0,0.9398526964554579,-0.042007565498352,-0.0476050972938537,0,0,chair
shapenet1187,telephone,0.0,0.0,0.7694822536337953,0.0627244114875793,0.1078817844390869,1,1,cabinet
shapenet1189,telephone,0.0,0.0,0.5489052174851636,0.0923972725868225,-0.0876303315162658,1,0,watercraft
shapenet1190,telephone,0.0,0.0,0.7400855769659024,0.0253480374813079,0.0095185935497283,0,0,watercraft
shapenet1191,telephone,-0.46209812037329684,0.6666666666666666,0.5572213415217999,0.0261023044586181,0.08463054895401,1,1,loudspeaker
shapenet1194,telephone,0.0,0.0,1.0653744061736576,0.0548298358917236,0.0179488658905029,1,1,car
shapenet1196,telephone,0.0,0.0,0.36735227661166475,0.1688705086708068,0.1713203489780426,1,1,airplane
shapenet1197,telephone,0.0,0.0,0.5304282928592353,0.0734535455703735,-0.0333210825920105,1,0,watercraft
shapenet1199,telephone,0.0,0.0,0.538225512040044,0.1091936826705932,0.0202354788780212,1,0,watercraft
shapenet1200,telephone,0.0,0.0,0.8379541902193502,0.0577201247215271,0.0612848997116088,1,1,table
shapenet1201,telephone,0.0,0.0,0.9320277691975503,0.0964462757110595,0.1125380992889404,1,1,table
shapenet1202,telephone,0.0,0.0,0.34483202018331277,0.1049922108650207,0.1927480995655059,1,1,airplane
shapenet1208,telephone,0.0,0.0,0.6115816341933983,0.1893185973167419,-0.0666841268539428,1,0,watercraft
shapenet1210,telephone,0.0,0.0,0.8131783391710972,-0.0094028115272521,-0.0666577219963073,0,0,sofa
shapenet1211,telephone,-1.2972734327035422,4.0,0.2677588837281822,0.0648923814296722,0.0171892046928405,1,1,lamp
shapenet1212,telephone,0.0,0.0,0.9856515748665742,0.0577427148818969,-0.0306013226509094,1,0,car
shapenet1215,telephone,0.0,0.0,0.34935813273707056,0.0336984395980834,0.1521626114845276,1,1,airplane
shapenet1216,telephone,0.0,0.0,0.558045082676058,0.0737051367759704,0.0116339325904846,1,0,watercraft
shapenet1218,telephone,-2.335565075612347,92.33333333333333,0.11883616227676251,0.3943099975585937,0.1167070865631103,1,1,telephone
shapenet1220,telephone,0.0,0.0,0.8902991187585177,0.1315606832504272,0.1703915894031524,1,1,car
shapenet1222,telephone,0.0,0.0,0.7843586648848548,0.0366775393486022,0.0465555787086486,1,1,sofa
shapenet1224,telephone,0.0,0.0,0.3881589622007126,0.1369779109954834,0.2359625697135925,1,1,airplane
shapenet1226,telephone,0.0,0.0,0.6552116132668008,-0.0331059098243713,-0.0412117838859558,0,0,loudspeaker
shapenet1227,telephone,0.0,0.0,0.7563926343024128,0.1067814230918884,0.0872152000665664,1,1,table
shapenet1228,telephone,0.0,0.0,0.4254321577216696,-0.0508203506469726,-0.0418864488601684,0,0,airplane
shapenet1232,telephone,0.0,0.0,0.6198123161561255,-0.032095730304718,-0.0523683726787567,0,0,watercraft
shapenet1234,telephone,0.0,0.0,0.9492543259963074,0.1355531215667724,0.0737970471382141,1,1,chair
shapenet1241,telephone,-2.5382684549036916,11.666666666666666,0.19016600920543789,0.2998459339141845,0.1911015212535858,1,1,lamp
shapenet1242,telephone,0.0,0.0,0.7379189823686602,0.086562693119049,0.065611720085144,1,1,cabinet
shapenet1245,telephone,0.0,0.0,0.40363407507620547,-0.0471634864807128,-0.0709108710289001,0,0,airplane
shapenet1250,telephone,0.0,0.0,0.9557767907610438,0.109665036201477,0.1765789985656738,1,1,chair
shapenet1252,telephone,0.0,0.0,0.6842138301654588,-0.0516228079795837,-0.0800297260284423,0,0,watercraft
shapenet1253,telephone,0.0,0.0,0.6501830621237911,0.0159528851509094,0.1112739741802215,0,1,watercraft
shapenet1255,telephone,0.0,0.0,0.6112724880542905,-0.0388116538524627,-0.0990599989891052,0,0,chair
shapenet1256,telephone,0.0,0.0,0.46420360600054433,0.0527155399322509,0.0411356687545776,1,1,airplane
shapenet1258,telephone,0.0,0.0,0.984968236934585,0.0963627099990844,0.0757443904876709,1,1,car
shapenet1259,telephone,-0.23104906018664842,0.3333333333333333,0.5762613325047953,-0.0056670308113098,0.0579676926136016,0,1,cabinet
shapenet1260,telephone,0.0,0.0,0.8792030371395367,-0.0012930631637573,-0.0567564666271209,0,0,car
shapenet1262,telephone,0.0,0.0,0.7259359979464541,-0.0801298022270202,-0.0870117545127868,0,0,loudspeaker
shapenet1263,telephone,0.0,0.0,0.5649789881079051,0.2018151581287384,0.2409015595912933,1,1,chair
shapenet1264,telephone,0.0,0.0,0.9978008079246424,-0.0600060224533081,-0.0506225824356079,0,0,car
shapenet1267,telephone,0.0,0.0,0.7472947873247083,-0.0759452283382415,-0.0879358649253845,0,0,display
shapenet1269,telephone,0.0,0.0,0.9775656969820345,-0.0421490669250488,-0.1128704249858856,0,0,table
shapenet1271,telephone,0.0,0.0,0.4986933526496789,0.1165915727615356,0.2400241494178772,1,1,watercraft
shapenet1273,telephone,0.0,0.0,0.9928336428646869,0.0344085097312927,-0.0987838506698608,0,0,car
shapenet1274,telephone,0.0,0.0,0.7383885170586603,0.1397287547588348,0.0599015057086944,1,1,table
shapenet1275,telephone,0.0,0.0,0.41603929567377734,-0.0167970061302185,-0.02314954996109,0,0,airplane
shapenet1276,telephone,0.0,0.0,0.6329116098190452,0.1056768894195556,0.0222522020339965,1,0,loudspeaker
shapenet1278,telephone,0.0,0.0,0.41910604963439074,-0.0195509195327758,0.0547105073928833,0,1,bench
shapenet1279,telephone,0.0,0.0,0.9986766934868557,-0.0095645785331726,0.1248415112495422,0,1,sofa
shapenet1283,telephone,-5.376945644987017,227.66666666666666,0.033184903174944484,0.113636165857315,0.0321806073188781,1,1,telephone
shapenet1285,telephone,0.0,0.0,0.4608636256171783,0.1398593783378601,0.1744775772094726,1,1,cabinet
shapenet1286,telephone,0.0,0.0,0.7599014476970595,0.0479384362697601,0.0578203797340393,0,1,table
shapenet1287,telephone,0.0,0.0,0.4220507736035986,0.0545174777507782,0.023853451013565,1,0,lamp
shapenet1288,telephone,0.0,0.0,0.9751757995234561,0.0938159227371215,0.0026432871818542,1,0,car
shapenet1290,telephone,0.0,0.0,0.9461767033856047,0.1426763236522674,-0.0206902623176574,1,0,car
shapenet1292,telephone,0.0,0.0,0.7936482510048157,0.0027524232864379,-0.0366249680519104,0,0,cabinet
shapenet1294,telephone,-1.8864940719198737,95.33333333333333,0.5966661241372465,0.2489417195320129,0.0520908832550048,1,1,telephone
shapenet1295,telephone,0.0,0.0,0.9356442658387577,0.03127121925354,-0.013943612575531,1,0,cabinet
shapenet1296,telephone,0.0,0.0,0.7459733517545527,0.3151770979166031,0.1303048133850097,1,1,chair
shapenet1297,telephone,-0.23104906018664842,0.3333333333333333,0.7779062113166616,-0.0214985907077789,-0.087397426366806,0,0,lamp
shapenet1298,telephone,0.0,0.0,0.47525994369782704,-0.0170334577560424,-0.0304311513900756,0,0,table
shapenet1299,telephone,-5.962361406641165,387.6666666666667,0.0070456388107397626,0.271563857793808,-0.0108265876770019,1,0,telephone
shapenet1300,telephone,0.0,0.0,0.5519746294522471,0.1229150891304016,-0.0670742690563201,1,0,watercraft
shapenet1303,telephone,0.0,0.0,0.9191219308529769,0.1607099771499633,0.0482087135314941,1,1,table
shapenet1304,telephone,0.0,0.0,0.3924238061563912,0.036961019039154,0.1141688823699951,1,1,airplane
shapenet1306,telephone,0.0,0.0,0.9853610309303727,0.0933805704116821,-0.0301522016525268,1,0,sofa
shapenet1308,telephone,-0.6931471805599453,1.0,0.2701233799278514,-0.0121223330497741,-0.0412774085998535,0,0,display
shapenet1310,telephone,0.0,0.0,0.8612067682736365,-0.0276722908020019,0.0020322203636169,0,0,loudspeaker
shapenet1312,telephone,0.0,0.0,0.8472317163485831,0.2864625453948974,0.2861450910568237,1,1,chair
shapenet1314,telephone,-0.23104906018664842,0.3333333333333333,0.6324487186845441,0.05284184217453,-0.0241385698318481,1,0,cabinet
shapenet1315,telephone,-1.0729586082894003,2.6666666666666665,0.2920088158596678,-0.0596356391906738,-0.0929202437400817,0,0,bench
shapenet1316,telephone,0.0,0.0,0.6138695881820571,0.0670617818832397,0.0384072959423065,1,0,watercraft
shapenet1317,telephone,-4.895181517942709,300.3333333333333,0.06056539105794204,0.2643327713012695,0.0221961736679077,1,1,telephone
shapenet1318,telephone,0.0,0.0,0.9800659615680125,0.1305112838745117,0.0416124463081359,1,1,sofa
shapenet1320,telephone,0.0,0.0,0.8463748576292499,-0.0696072578430175,-0.0521267652511596,0,0,car
shapenet1321,telephone,0.0,0.0,0.5967764986347985,0.023620456457138,0.1811056733131408,0,1,chair
shapenet1322,telephone,0.0,0.0,0.7246273959550366,0.0988492369651794,0.0022336840629577,1,0,display
shapenet1324,telephone,0.0,0.0,0.8376490630388899,-0.0002762675285339,-0.0625313520431518,0,0,cabinet
shapenet1325,telephone,0.0,0.0,0.47395689651785927,0.2153487801551818,0.2240466475486755,1,1,airplane
shapenet1328,telephone,0.0,0.0,0.9156412010425469,-0.0509185791015625,-0.0170623064041137,0,0,cabinet
shapenet1330,telephone,0.0,0.0,1.012752741918644,-0.0057408213615417,0.0023592710494995,0,0,car
shapenet1333,telephone,0.0,0.0,1.0104898340623947,0.0399017333984375,0.1400061249732971,0,1,sofa
shapenet1337,telephone,0.0,0.0,0.5207306290375459,0.0481210947036743,-0.0612450242042541,1,0,watercraft
shapenet1339,telephone,0.0,0.0,0.5550586155491812,-0.0192539691925048,0.0218293070793151,0,0,watercraft
shapenet1341,telephone,0.0,0.0,1.023369627230904,0.0132511854171752,-0.0259963870048522,0,0,car
shapenet1347,telephone,-1.1945063128187032,3.3333333333333335,0.3111720469166073,0.0302407145500183,0.0497165322303772,1,1,watercraft
shapenet1349,telephone,0.0,0.0,0.9949977069085416,0.0390028953552246,0.0098820328712463,1,1,sofa
shapenet1351,telephone,0.0,0.0,0.3446700844086615,-0.0896721482276916,-0.1281042695045471,0,0,airplane
shapenet1353,telephone,0.0,0.0,0.3767592376359079,0.036246120929718,0.011461853981018,1,0,airplane
shapenet1354,telephone,0.0,0.0,1.0200922677482378,0.0720105767250061,0.13924640417099,1,1,sofa
shapenet1357,telephone,0.0,0.0,0.8584359247204941,0.1178764104843139,0.1531468033790588,1,1,chair
shapenet1358,telephone,-1.4606755448912938,26.333333333333332,0.4249123304180378,0.4079996645450592,0.0548915863037109,1,1,telephone
shapenet1359,telephone,0.0,0.0,1.036751467296163,-0.0591640472412109,-0.0677734315395355,0,0,car
shapenet1360,telephone,0.0,0.0,0.6045507255297076,0.072013258934021,0.0815763473510742,1,1,display
shapenet1361,telephone,0.0,0.0,0.8945373171361389,0.0969073176383972,0.1332599520683288,1,1,chair
shapenet1362,telephone,0.0,0.0,0.330259296752161,0.0440317392349243,0.2001701593399047,1,1,airplane
shapenet1364,telephone,0.0,0.0,0.9421820747783832,0.1287397742271423,-0.0023027658462524,1,0,sofa
shapenet1369,telephone,0.0,0.0,0.988378683286891,0.1278462409973144,0.0285881161689758,1,0,car
shapenet1372,telephone,-0.46209812037329684,0.6666666666666666,0.5389360407221715,-0.0205101370811462,-0.0846184492111206,0,0,cabinet
shapenet1375,telephone,0.0,0.0,0.3761977808234251,0.1645144522190094,0.2516615986824035,1,1,airplane
shapenet1377,telephone,0.0,0.0,0.697160019037082,-0.0797446966171264,-0.019837737083435,0,0,watercraft
shapenet1378,telephone,-0.7675283643313486,3.0,0.4955599061545843,0.0704671144485473,0.123207002878189,1,1,watercraft
shapenet1380,telephone,0.0,0.0,0.6287329767085229,0.0089528560638427,-0.034300684928894,0,0,loudspeaker
shapenet1381,telephone,0.0,0.0,0.9601107539517768,0.0847640633583068,0.0163037180900573,1,0,car
shapenet1383,telephone,0.0,0.0,0.7440676912004792,-0.0480899810791015,-0.0893880128860473,0,0,loudspeaker
shapenet1386,telephone,0.0,0.0,0.7331061445729699,0.1297384798526764,-0.0486639142036438,1,0,display
shapenet1390,telephone,-5.49458959648132,277.0,0.020579970062051398,-0.0109034180641174,-0.0018378496170043,0,0,telephone
shapenet1391,telephone,0.0,0.0,0.9294867721440642,0.0989223718643188,0.0870592892169952,1,1,loudspeaker
shapenet1392,telephone,-1.3040076684760487,16.333333333333332,0.22620995443426958,0.1868242025375366,0.0623784959316253,1,1,telephone
shapenet1393,telephone,-0.3662040962227033,0.6666666666666666,0.445114589098238,-0.0167968869209289,0.0460767447948455,0,1,watercraft
shapenet1394,telephone,0.0,0.0,0.6662835639335,-0.0192457437515258,-0.0540354251861572,0,0,cabinet
shapenet1396,telephone,0.0,0.0,0.37978144587010326,-0.0030978918075561,0.0044541358947753,0,0,airplane
shapenet1397,telephone,0.0,0.0,0.49147871592671777,0.2535282373428345,0.0369684100151062,1,0,chair
shapenet1401,telephone,0.0,0.0,0.47442118106575615,-0.0336154103279113,0.0131690502166748,0,1,airplane
shapenet1402,telephone,0.0,0.0,0.8330017481022983,0.1376921832561493,0.1425019204616546,1,1,chair
shapenet1404,telephone,0.0,0.0,1.0072986230934333,-0.0149424076080322,0.0062756240367889,0,0,car
shapenet1406,telephone,0.0,0.0,0.38434976684368544,0.2448116540908813,0.3007927983999252,1,1,airplane
shapenet1411,telephone,0.0,0.0,0.8378402110829909,0.0726070404052734,-0.0718332529067993,1,0,sofa
shapenet1413,telephone,-1.5214493971559453,3.6666666666666665,0.244620578149936,0.2083319425582885,0.1350704431533813,1,1,bench
shapenet1418,telephone,0.0,0.0,0.9663820215493694,-0.1290259361267089,-0.0357309579849243,0,0,car
shapenet1419,telephone,0.0,0.0,0.901566582550252,-0.0734146833419799,-0.0601184368133544,0,0,table
shapenet1421,telephone,0.0,0.0,0.685434786829142,-0.0793390274047851,-0.0841362178325653,0,0,watercraft
shapenet1422,telephone,0.0,0.0,0.36977584046225864,0.0725225508213043,0.0270657539367675,1,0,airplane
shapenet1423,telephone,-4.265044499436674,131.33333333333334,0.07497589292978052,0.3054214417934418,0.011841595172882,1,0,telephone
shapenet1427,telephone,0.0,0.0,0.7579951370639565,0.1798354685306549,0.0036223232746124,1,0,display
shapenet1428,telephone,0.0,0.0,0.9565225233740673,-0.0085653662681579,0.0156983733177185,0,1,car
shapenet1429,telephone,0.0,0.0,0.9836386874674036,0.0504704117774963,0.0356457233428955,1,1,sofa
shapenet1433,telephone,0.0,0.0,1.0191406818845739,-0.0058387517929077,0.0484888553619384,0,1,car
shapenet1435,telephone,0.0,0.0,0.7710763487854152,0.2532328963279724,0.2590386867523193,1,1,bench
shapenet1436,telephone,0.0,0.0,0.4168676366542569,0.0252279043197631,-0.0135230422019958,1,0,airplane
shapenet1439,telephone,0.0,0.0,0.7999543260041501,-0.0115440189838409,-0.0303328335285186,0,0,lamp
shapenet1441,telephone,0.0,0.0,0.3778231197106479,0.2297145128250122,0.2989781647920608,1,1,airplane
shapenet1445,telephone,0.0,0.0,0.3726671277483555,0.0919917821884155,0.1273740828037262,1,1,airplane
shapenet1448,telephone,-2.459252969409291,26.0,0.253787736344731,0.0251295566558837,0.0211828351020813,1,0,cabinet
shapenet1449,telephone,0.0,0.0,0.8675814182485836,-0.0187587141990661,-0.092201292514801,0,0,cabinet
shapenet1451,telephone,0.0,0.0,0.7567347698263163,0.1363770067691803,0.0839506983757019,1,1,display
shapenet1455,telephone,0.0,0.0,0.42644173154313775,0.1668025255203247,0.2689354419708252,1,1,airplane
shapenet1460,telephone,-5.253869563116601,305.0,0.03609651029938766,0.3095191717147827,0.1210862696170806,1,1,telephone
shapenet1466,telephone,0.0,0.0,0.3784566661493977,0.094780683517456,0.0665410161018371,1,1,airplane
shapenet1468,telephone,0.0,0.0,0.9806472312116096,-0.0778620243072509,-0.0724620223045349,0,0,car
shapenet1470,telephone,0.0,0.0,0.4664352166969447,0.1330856680870056,0.066514253616333,1,1,chair
shapenet1472,telephone,0.0,0.0,0.38702920984927824,0.0920228362083435,0.1541776061058044,1,1,airplane
shapenet1473,telephone,0.0,0.0,0.2964831200207291,0.0431216359138488,-0.0264171659946441,1,0,watercraft
shapenet1474,telephone,0.0,0.0,0.9839687296743063,0.0087901949882507,-0.0212944746017456,1,0,car
shapenet1475,telephone,0.0,0.0,0.7060686967855117,0.0299574732780456,0.0465022921562194,1,1,cabinet
shapenet1477,telephone,0.0,0.0,0.9085327163456057,0.1752877533435821,0.1609391570091247,1,1,lamp
shapenet1478,telephone,0.0,0.0,0.3653099867100548,0.1273785829544067,0.2385966181755066,1,1,airplane
shapenet1479,telephone,0.0,0.0,0.9704613792572713,-0.0019676685333251,0.0612667202949523,0,1,car
shapenet1480,telephone,0.0,0.0,0.6044922437423333,-0.0532977581024169,-0.0533498525619506,0,0,cabinet
shapenet1484,telephone,-3.788335111631202,61.666666666666664,0.09654990688530309,0.3610364869236946,-0.0063869357109069,1,0,telephone
shapenet1486,telephone,0.0,0.0,0.8205200158424066,0.1901987195014953,0.1304951906204223,1,1,table
shapenet1487,telephone,-4.383598443799521,170.0,0.06480559074672562,0.2292558662593364,-0.0183818340301513,1,0,telephone
shapenet1489,telephone,0.0,0.0,0.946827390074942,0.1107117235660553,-0.0345554053783416,1,0,loudspeaker
shapenet1491,telephone,0.0,0.0,0.7133471586710499,0.2198195457458496,0.234607994556427,1,1,chair
shapenet1494,telephone,-1.0729586082894003,2.6666666666666665,0.45164327980932195,-0.1017792522907257,-0.089490532875061,0,0,bench
shapenet1495,telephone,0.0,0.0,0.7267814549667398,0.0617441534996032,0.1683225631713867,1,1,cabinet
shapenet2,watercraft,0.0,0.0,0.9220585343186821,0.1512742638587951,0.0241907835006713,1,1,loudspeaker
shapenet3,watercraft,-1.759371553076839,8.666666666666666,0.367317725309439,0.0565189123153686,0.1602188944816589,1,1,bench
shapenet4,watercraft,-0.7324081924454066,1.3333333333333333,0.20169129596124705,0.0703921318054199,0.2167392373085022,1,1,airplane
shapenet5,watercraft,0.0,0.0,0.8429606441814622,0.0623345971107482,0.0364487171173095,1,0,sofa
shapenet6,watercraft,-0.5972531564093516,1.6666666666666667,0.1812630454300698,0.1942018866539001,0.0723785758018493,1,1,bench
shapenet10,watercraft,0.0,0.0,0.9922066053587786,-0.0810311734676361,-0.1119518280029296,0,0,display
shapenet11,watercraft,-5.302905313963287,203.66666666666666,0.04655702627793532,0.2697862237691879,0.0410408675670623,1,1,watercraft
shapenet13,watercraft,0.0,0.0,0.3152654034875611,0.0403307676315307,0.0926105976104736,1,1,airplane
shapenet15,watercraft,0.0,0.0,1.120567225651566,0.1785224378108978,0.089080661535263,1,1,cabinet
shapenet18,watercraft,0.0,0.0,0.911631932021594,0.1954684853553772,0.1286601424217224,1,1,table
shapenet19,watercraft,0.0,0.0,0.8908955151089017,0.1969043314456939,0.0506073832511901,1,0,chair
shapenet20,watercraft,-4.273752761540136,78.0,0.07561153788662998,-0.0033130049705505,0.0637953877449035,0,1,bench
shapenet22,watercraft,0.0,0.0,0.7068893457602714,0.1016782522201538,0.1911988854408264,1,1,chair
shapenet23,watercraft,0.0,0.0,1.0035035998088022,-0.0610193014144897,-0.0585803687572479,0,0,loudspeaker
shapenet24,watercraft,0.0,0.0,1.0027105517142476,0.0534892082214355,0.0579293370246887,1,1,cabinet
shapenet25,watercraft,0.0,0.0,0.7339145217776674,0.1776990890502929,0.2099210619926452,1,1,chair
shapenet26,watercraft,-3.6077573912215133,83.33333333333333,0.10198242211552383,0.0495090186595916,-0.0800977349281311,1,0,watercraft
shapenet28,watercraft,0.0,0.0,0.24764899639350557,-0.0060698390007019,-0.0009410977363586,0,0,airplane
shapenet35,watercraft,0.0,0.0,0.7342433801199565,0.0875467658042907,0.0031989216804504,1,0,telephone
shapenet37,watercraft,0.0,0.0,0.8248851747292344,-0.1114761531352996,-0.0654328465461731,0,0,display
shapenet41,watercraft,0.0,0.0,1.1478556224817706,0.1041347980499267,-0.03516685962677,1,0,cabinet
shapenet42,watercraft,0.0,0.0,1.0625512311829626,0.0379684567451477,0.0765052437782287,1,1,loudspeaker
shapenet46,watercraft,0.0,0.0,0.5340330503179382,-0.0031999349594116,0.0792386829853057,0,1,table
shapenet49,watercraft,0.0,0.0,0.2957877085815604,-0.0202921032905578,0.0554926395416259,0,1,airplane
shapenet50,watercraft,0.0,0.0,0.9852930778969267,0.0035501718521118,-0.00068199634552,0,0,display
shapenet53,watercraft,0.0,0.0,0.40020001713629744,-0.0119619369506835,-0.0308929681777954,0,0,car
shapenet55,watercraft,0.0,0.0,0.8925698011057054,0.1803338825702667,0.0740576386451721,1,1,telephone
shapenet57,watercraft,0.0,0.0,0.9805108549389132,0.2299425601959228,0.3005216121673584,1,1,loudspeaker
shapenet62,watercraft,0.0,0.0,1.102688181145661,-0.0878073573112487,-0.1298196613788604,0,0,loudspeaker
shapenet71,watercraft,0.0,0.0,0.2435087690877186,-0.0482208728790283,0.1618518531322479,0,1,airplane
shapenet72,watercraft,0.0,0.0,0.24541855734211937,0.083640456199646,0.1164968013763427,1,1,airplane
shapenet73,watercraft,-2.511587552345846,11.333333333333334,0.1404371981570489,0.0161029696464538,-0.0672264099121093,0,0,watercraft
shapenet74,watercraft,0.0,0.0,0.4644832008055642,-0.0535271167755126,-0.0312279760837554,0,0,chair
shapenet75,watercraft,0.0,0.0,0.26371771117468634,-0.0204012393951416,-0.0595597624778747,0,0,airplane
shapenet80,watercraft,0.0,0.0,0.7580558550914672,0.0529145002365112,0.0355584025382995,1,0,telephone
shapenet82,watercraft,-3.0217329954355043,61.333333333333336,0.16513574819268498,0.0260432362556457,-0.0057975053787231,0,0,bench
shapenet83,watercraft,0.0,0.0,1.0805838413711741,0.0057382583618164,-0.0697695016860961,0,0,cabinet
shapenet86,watercraft,-2.8871555601908874,50.0,0.142892687529617,0.2114554047584533,-0.010015457868576,1,0,bench
shapenet87,watercraft,0.0,0.0,0.2343928048061774,0.0512393712997436,0.0677871406078338,1,1,airplane
shapenet90,watercraft,-3.357067652313573,35.333333333333336,0.11254166475769689,0.0335827469825744,0.1438702940940857,0,1,bench
shapenet91,watercraft,0.0,0.0,1.0437090359495675,-0.0899674296379089,-0.1352855563163757,0,0,loudspeaker
shapenet97,watercraft,0.0,0.0,0.2932552491059471,-0.0429226160049438,-0.0528821349143981,0,0,car
shapenet101,watercraft,0.0,0.0,0.2730856734938839,0.0710600018501281,0.1374700367450714,1,1,bench
shapenet102,watercraft,0.0,0.0,0.5122975990398916,0.0350712239742279,0.1193779408931732,1,1,bench
shapenet103,watercraft,0.0,0.0,0.3401744371807731,-0.0148628950119018,0.027547538280487,0,1,airplane
shapenet104,watercraft,0.0,0.0,0.23079287414732433,-0.0065297484397888,0.0419152379035949,0,1,airplane
shapenet107,watercraft,0.0,0.0,0.38567788655485985,-0.0510558485984802,-0.0259132087230682,0,0,car
shapenet110,watercraft,-4.032585923348637,56.0,0.09848246162049178,0.1481778025627136,0.0757603645324707,1,1,watercraft
shapenet112,watercraft,0.0,0.0,1.106634129744909,0.0256514549255371,0.0573135018348693,0,1,cabinet
shapenet115,watercraft,0.0,0.0,0.9164814236398388,0.1377904415130615,0.0159212350845336,1,0,display
shapenet116,watercraft,-1.4522362755631972,25.666666666666668,0.22901660786440414,0.1008187532424926,0.0146422386169433,1,0,car
shapenet118,watercraft,0.0,0.0,0.7007086002252141,0.0374688506126403,0.0405457317829132,0,0,chair
shapenet119,watercraft,0.0,0.0,1.0188313692978717,0.0575083494186401,-0.06917405128479,1,0,chair
shapenet120,watercraft,-2.969564864169005,56.666666666666664,0.12025477557588972,-0.0025091171264648,0.0732601284980773,0,1,bench
shapenet123,watercraft,0.0,0.0,0.4814907818231415,0.1121942400932312,0.0454006791114807,1,1,telephone
shapenet124,watercraft,0.0,0.0,0.3308273358317382,-0.0603537559509277,-0.0428165197372436,0,0,car
shapenet125,watercraft,0.0,0.0,0.940670486412366,0.0719902515411377,0.0512470602989196,1,0,sofa
shapenet126,watercraft,-3.8622227901650787,64.0,0.08901841044118153,0.0234400033950805,-0.0086700320243835,1,0,chair
shapenet128,watercraft,0.0,0.0,0.3001244410143948,0.1593300700187683,0.0334146916866302,1,1,lamp
shapenet129,watercraft,-4.666281645005307,111.66666666666667,0.05127522685997591,0.0550622344017028,-0.0149354636669158,1,0,watercraft
shapenet133,watercraft,-0.7324081924454066,1.3333333333333333,0.19805097894064302,0.0619874596595764,-0.0082961320877075,1,0,lamp
shapenet134,watercraft,0.0,0.0,1.0399716714616722,0.1475294232368469,0.0987787246704101,1,1,loudspeaker
shapenet136,watercraft,-1.7099662383076912,8.0,0.2601495774821065,0.1228503584861755,-0.004727303981781,1,0,watercraft
shapenet142,watercraft,-2.6953675118897,37.333333333333336,0.12484057990372373,0.1390311121940612,0.2693129777908325,1,1,bench
shapenet144,watercraft,0.0,0.0,1.1478320521445586,0.0814265012741088,0.0823929905891418,1,1,cabinet
shapenet148,watercraft,-1.5873913115992522,38.666666666666664,0.17852928176587676,0.205850750207901,0.0157907009124755,1,0,watercraft
shapenet151,watercraft,0.0,0.0,0.5977952835349667,0.0892169475555419,0.0378164649009704,1,1,loudspeaker
shapenet152,watercraft,-1.6566044331920002,7.333333333333333,0.15296858363113672,0.3412610441446304,0.0681538879871368,1,1,watercraft
shapenet153,watercraft,0.0,0.0,1.1291587507278893,-0.0110347867012023,-0.0997340083122253,0,0,cabinet
shapenet154,watercraft,0.0,0.0,0.32327178698862435,0.0631764233112335,0.0678203701972961,0,1,car
shapenet156,watercraft,0.0,0.0,0.2925906240658977,0.0954374074935913,0.1605275571346283,1,1,airplane
shapenet157,watercraft,0.0,0.0,1.1137464681546447,0.1181203126907348,0.1102774143218994,1,1,loudspeaker
shapenet160,watercraft,0.0,0.0,0.7806640536872353,-0.0407178997993469,-0.0514995455741882,0,0,table
shapenet161,watercraft,0.0,0.0,0.7796642211682796,-0.051273763179779,-0.0349398851394653,0,0,telephone
shapenet162,watercraft,0.0,0.0,1.112910810388803,-0.1568986773490905,-0.1361637115478515,0,0,loudspeaker
shapenet163,watercraft,0.0,0.0,0.21130128864535727,0.0164147615432739,0.1576379537582397,0,1,airplane
shapenet164,watercraft,0.0,0.0,0.2545855741401935,-0.015386939048767,0.0535483360290527,0,1,airplane
shapenet165,watercraft,0.0,0.0,0.3301188871013676,-0.0612860918045043,-0.0400231480598449,0,0,car
shapenet167,watercraft,-1.310608544241442,16.666666666666668,0.20942148452973197,-0.0338865518569946,0.0117198228836059,0,0,bench
shapenet169,watercraft,0.0,0.0,0.6142877218560815,0.1573278307914734,0.2161377370357513,1,1,telephone
shapenet171,watercraft,0.0,0.0,0.3298994720917348,0.0702429413795471,0.0421214997768402,1,0,car
shapenet172,watercraft,0.0,0.0,0.29002281095933263,-0.0128425359725952,-0.0906313061714172,0,0,airplane
shapenet176,watercraft,0.0,0.0,0.5299405104064191,0.0686199069023132,0.0840274095535278,1,1,table
shapenet178,watercraft,-3.9138632496523784,53.0,0.09398700971571068,0.1050573587417602,0.0885592997074127,1,1,watercraft
shapenet179,watercraft,0.0,0.0,0.7334770641959533,-0.0902463793754577,-0.0824221968650817,0,0,cabinet
shapenet184,watercraft,0.0,0.0,0.431235871012508,-0.0170222520828247,0.0380235612392425,0,1,chair
shapenet185,watercraft,0.0,0.0,0.9571126428706204,0.0589568614959716,0.0763335227966308,1,1,sofa
shapenet186,watercraft,0.0,0.0,1.0205097103876148,0.1241779029369354,0.2805329263210296,1,1,chair
shapenet191,watercraft,-0.9241962407465937,1.6666666666666667,0.16890526406239595,0.2149381563067436,-0.0038683712482452,1,0,watercraft
shapenet192,watercraft,0.0,0.0,0.9228902628997778,0.0338704884052276,0.0491095781326293,1,1,table
shapenet193,watercraft,0.0,0.0,0.8168454283208089,0.1788258850574493,0.1030685901641845,1,1,telephone
shapenet194,watercraft,0.0,0.0,1.157171424586951,0.138152539730072,0.1713669300079345,1,1,cabinet
shapenet196,watercraft,0.0,0.0,0.31917743653899744,-0.0211312174797058,0.0309870839118957,0,1,car
shapenet197,watercraft,0.0,0.0,0.29649333166826997,-0.0673063993453979,-0.1303233504295349,0,0,bench
shapenet199,watercraft,-0.3662040962227033,0.6666666666666666,0.2313861796319648,0.0876096487045288,0.1953926086425781,1,1,airplane
shapenet200,watercraft,0.0,0.0,0.5183216850747676,0.0251936912536621,0.0549777746200561,0,1,lamp
shapenet203,watercraft,-1.7454806542766497,16.0,0.17938841259289418,0.248838797211647,-0.0391791462898254,1,0,watercraft
shapenet204,watercraft,0.0,0.0,0.6777072945688575,0.0683765411376953,0.0291329026222229,1,0,chair
shapenet210,watercraft,0.0,0.0,0.8973379854760136,0.0955848097801208,0.0641681551933288,1,1,display
shapenet211,watercraft,0.0,0.0,0.36399751698891664,0.0179564356803894,-0.0561562776565551,0,0,car
shapenet213,watercraft,0.0,0.0,0.5924054039190891,0.1075771152973175,0.0155926942825317,1,0,telephone
shapenet214,watercraft,0.0,0.0,0.2734912744588511,0.2051947712898254,0.1882888078689575,1,1,car
shapenet215,watercraft,0.0,0.0,0.8812800928972103,0.1279448568820953,0.1219865679740905,1,1,table
shapenet216,watercraft,-0.9241962407465937,2.0,0.16613406634889036,0.0619696378707885,0.1671299040317535,1,1,airplane
shapenet220,watercraft,-1.9620346771500519,119.66666666666667,0.1484510809640617,0.1735678613185882,0.0872367024421691,1,1,watercraft
shapenet226,watercraft,0.0,0.0,0.8564928391675166,0.0265161991119384,-0.0244661569595336,1,0,sofa
shapenet227,watercraft,-4.82117392155383,123.33333333333333,0.04316042286263955,0.1535030603408813,0.0559582710266113,1,1,lamp
shapenet228,watercraft,0.0,0.0,0.5839573607003898,0.1096767783164978,0.1204927265644073,1,1,telephone
shapenet230,watercraft,0.0,0.0,0.3828642286067405,0.141423225402832,0.0564455986022949,1,1,lamp
shapenet231,watercraft,0.0,0.0,0.7694879783669349,0.0774283409118652,0.1392593383789062,1,1,cabinet
shapenet232,watercraft,0.0,0.0,0.724366686912302,0.2603367567062378,0.1533192992210388,1,1,chair
shapenet233,watercraft,0.0,0.0,0.8624178558989265,-0.045004665851593,-0.0712139904499054,0,0,table
shapenet236,watercraft,0.0,0.0,0.9675581922927963,0.0640653371810913,-0.0117807388305664,1,0,cabinet
shapenet237,watercraft,-5.398077426094893,237.0,0.04534368521263923,0.2164911031723022,0.0825773775577545,1,1,watercraft
shapenet239,watercraft,-4.04240086112413,103.0,0.08442921698431187,0.1674714386463165,-0.0520530045032501,1,0,watercraft
shapenet240,watercraft,0.0,0.0,0.6289285274208745,0.1844949126243591,0.1644455790519714,1,1,telephone
shapenet241,watercraft,0.0,0.0,0.8616960937825416,0.0814902484416961,0.0736196935176849,1,1,table
shapenet242,watercraft,0.0,0.0,0.7326708142496008,-0.0427901148796081,0.0006163716316223,0,0,sofa
shapenet243,watercraft,-1.3702912880577705,20.0,0.5867506886827802,0.1348382830619812,0.1334666609764099,1,1,bench
shapenet244,watercraft,0.0,0.0,0.3454032589952405,0.0025318264961242,0.0553928613662719,0,0,airplane
shapenet248,watercraft,-1.3810449087971775,20.666666666666668,0.16831583120911445,0.129488468170166,0.0842035412788391,1,1,lamp
shapenet249,watercraft,0.0,0.0,1.1422512847936337,0.0875408053398132,0.129124641418457,1,1,cabinet
shapenet250,watercraft,0.0,0.0,0.3001878503087245,0.0531671643257141,-0.0267992317676544,1,0,car
shapenet252,watercraft,0.0,0.0,1.0599248694633845,-0.0068931579589843,-0.081162542104721,0,0,cabinet
shapenet255,watercraft,0.0,0.0,0.43487012776397077,0.0380861759185791,-0.0135300457477569,0,0,watercraft
shapenet257,watercraft,-1.8548401357742312,10.666666666666666,0.19760314468250462,0.217753529548645,0.2824626266956329,1,1,airplane
shapenet260,watercraft,0.0,0.0,0.9452987551333188,-0.013289451599121,0.0861705243587493,0,1,chair
shapenet262,watercraft,0.0,0.0,0.8834265209564846,-0.0022500157356262,-0.1050143241882324,0,0,chair
shapenet264,watercraft,0.0,0.0,0.2971741387828189,-0.0202847719192504,0.0217524766921997,0,1,airplane
shapenet265,watercraft,0.0,0.0,1.134981083478864,0.0497251749038696,0.004560649394989,1,0,cabinet
shapenet266,watercraft,0.0,0.0,1.15458571661474,0.0615746974945068,0.0601649284362793,1,1,loudspeaker
shapenet268,watercraft,0.0,0.0,0.9649837035459538,0.0510545372962951,-0.0165807902812957,1,0,chair
shapenet269,watercraft,0.0,0.0,0.2613368692765653,0.0709173083305358,0.0839261412620544,1,1,display
shapenet271,watercraft,0.0,0.0,0.6242327788583678,0.0245807766914367,0.0667964816093444,0,1,chair
shapenet275,watercraft,0.0,0.0,0.28833080072024053,0.1085199117660522,0.0330288410186767,1,1,airplane
shapenet276,watercraft,0.0,0.0,0.9014517567251206,0.2271028459072113,0.0480973720550537,1,1,display
shapenet278,watercraft,-3.9323202988339374,57.333333333333336,0.09384622694794424,0.0217677354812622,0.0654579997062683,0,1,watercraft
shapenet280,watercraft,-1.1552453009332422,10.333333333333334,0.15294338566119695,-0.0048779249191284,-0.0603362917900085,0,0,bench
shapenet281,watercraft,0.0,0.0,0.29838954896686554,-0.0085695385932922,0.0092536807060241,0,1,airplane
shapenet282,watercraft,0.0,0.0,0.7147271295757194,-0.0873500108718872,0.0400300920009613,0,1,sofa
shapenet284,watercraft,0.0,0.0,1.0017054073214817,-0.1006765365600586,-0.0648369789123535,0,0,sofa
shapenet285,watercraft,0.0,0.0,1.1046809364851606,-0.0713525414466857,-0.0547962188720703,0,0,loudspeaker
shapenet288,watercraft,0.0,0.0,0.5019087872459915,0.0426582694053649,0.0883724689483642,1,1,cabinet
shapenet289,watercraft,0.0,0.0,1.0328711847692649,0.065223217010498,0.0571181774139404,1,1,chair
shapenet293,watercraft,0.0,0.0,0.3702330722765648,0.0086874961853027,0.0921261012554168,0,1,airplane
shapenet294,watercraft,-3.4675417121689756,48.333333333333336,0.10734136770582674,0.1262774616479873,-0.0136311948299407,1,0,watercraft
shapenet295,watercraft,0.0,0.0,0.23987884004141416,0.0207656025886535,0.1999466717243194,0,1,airplane
shapenet299,watercraft,0.0,0.0,1.063075974276199,-0.0479448437690734,-0.0583379864692688,0,0,display
shapenet300,watercraft,0.0,0.0,0.8294806514726946,0.0476330518722534,0.023289144039154,1,1,telephone
shapenet302,watercraft,0.0,0.0,0.3393102769197527,-0.0488710403442382,-0.0698298215866088,0,0,car
shapenet303,watercraft,0.0,0.0,0.82174001962421,0.1829091310501098,0.1836393475532531,1,1,display
shapenet304,watercraft,0.0,0.0,0.5600460347900585,0.1827282905578613,0.2207830548286438,1,1,chair
shapenet305,watercraft,0.0,0.0,1.1464229965535475,-0.0115358829498291,0.0379602313041687,0,1,cabinet
shapenet306,watercraft,-3.781060163460238,46.0,0.09515191998983845,0.0848268270492553,0.1116411089897155,1,1,watercraft
shapenet307,watercraft,0.0,0.0,0.16521253625545823,0.1349517703056335,0.0181712508201599,1,1,chair
shapenet308,watercraft,0.0,0.0,0.2537950661216934,-0.0174643993377685,-0.0062736272811889,0,0,airplane
shapenet310,watercraft,-1.5668267885974723,36.333333333333336,0.17715791480736573,-0.020370066165924,0.0479352474212646,0,1,bench
shapenet311,watercraft,0.0,0.0,0.7611600518921019,0.1371111869812011,-0.0052577853202819,1,0,sofa
shapenet321,watercraft,-0.9241962407465937,2.0,0.40682959844389494,-0.0241860747337341,-0.058578073978424,0,0,sofa
shapenet323,watercraft,0.0,0.0,0.2285040652949909,-0.0160094499588012,-0.0370676517486572,0,0,airplane
shapenet328,watercraft,0.0,0.0,0.3499333855550458,0.1283055543899536,0.1250616312026977,1,1,table
shapenet330,watercraft,-2.0364158609214553,9.666666666666666,0.13966540700398558,0.1769050359725952,0.2286310195922851,1,1,airplane
shapenet332,watercraft,-0.7324081924454066,1.3333333333333333,0.18709918128822964,0.0009235143661499,0.1926169395446777,0,1,airplane
shapenet333,watercraft,0.0,0.0,0.7843980648597609,-0.0179811120033264,-0.0475676953792572,0,0,telephone
shapenet335,watercraft,0.0,0.0,0.365692962163628,0.0057045221328735,-0.0511876344680786,0,0,lamp
shapenet337,watercraft,0.0,0.0,1.0745939863757792,0.0099241137504577,-0.0857526063919067,1,0,cabinet
shapenet345,watercraft,-2.1972245773362196,17.333333333333332,0.14117310006899678,0.1158975958824157,0.1732369661331176,1,1,airplane
shapenet346,watercraft,0.0,0.0,0.9259489451377299,0.0176262855529785,-0.0730123519897461,0,0,telephone
shapenet347,watercraft,-2.2641148091569367,8.666666666666666,0.13908518110363008,0.1426214575767517,-0.0074700713157653,1,0,watercraft
shapenet348,watercraft,0.0,0.0,0.3442975704063304,0.0937859416007995,0.0185957551002502,1,0,bench
shapenet350,watercraft,0.0,0.0,0.9960185899785164,0.1587254405021667,0.1310572922229766,1,1,table
shapenet351,watercraft,0.0,0.0,0.6950027721899499,0.0383768677711486,0.0160931348800659,0,0,telephone
shapenet352,watercraft,-1.0986122886681098,2.0,0.1726895491914845,0.1179934442043304,0.0467656552791595,1,1,watercraft
shapenet355,watercraft,0.0,0.0,1.1129826375828094,-0.0073988437652587,-0.0178040266036987,0,0,cabinet
shapenet356,watercraft,0.0,0.0,0.21039324157923792,0.1963394284248352,0.10286545753479,1,1,watercraft
shapenet358,watercraft,-4.47468002226526,92.33333333333333,0.07443750153720045,0.0808930695056915,0.057732880115509,1,1,watercraft
shapenet359,watercraft,0.0,0.0,0.2685663540406383,0.0256279706954956,-0.0478738546371459,1,0,chair
shapenet361,watercraft,-1.1945063128187032,11.666666666666666,0.7449232043331339,0.4384922534227371,0.2869221270084381,1,1,lamp
shapenet363,watercraft,0.0,0.0,0.28027616903386016,-0.010485827922821,-0.063596487045288,0,0,car
shapenet366,watercraft,0.0,0.0,0.9571859968971262,0.0955603718757629,0.0049522519111633,1,0,table
shapenet368,watercraft,0.0,0.0,0.6950858217767446,0.143670380115509,0.0200671553611755,1,1,sofa
shapenet370,watercraft,0.0,0.0,0.7640073784264286,0.1218195855617523,-0.0029332041740417,1,0,display
shapenet372,watercraft,0.0,0.0,0.5685596261052369,0.1095828413963317,-0.0663862526416778,1,0,chair
shapenet374,watercraft,-1.6519423525337535,47.0,0.1587844697927536,0.0853135585784912,0.016306459903717,1,1,lamp
shapenet375,watercraft,0.0,0.0,0.33858242272893607,0.0541363358497619,-0.0518829822540283,1,0,car
shapenet376,watercraft,0.0,0.0,1.1138910176187364,0.1497544646263122,0.0510373711585998,1,1,loudspeaker
shapenet377,watercraft,0.0,0.0,0.30059368868757486,0.0498624444007873,-0.0024123787879943,1,0,car
shapenet378,watercraft,0.0,0.0,0.23681699219301633,0.013056993484497,-0.0633582472801208,0,0,airplane
shapenet379,watercraft,0.0,0.0,0.9210625163729492,0.1407231092453003,0.1614041328430175,1,1,chair
shapenet380,watercraft,0.0,0.0,0.6622985880783607,-0.0135899782180786,-0.0214902162551879,0,0,telephone
shapenet385,watercraft,-5.355518319183034,211.0,0.055941811599259254,0.1884185075759887,-0.0113636851310729,1,0,watercraft
shapenet387,watercraft,0.0,0.0,0.5846334977177386,-0.0478987097740173,-0.0022946596145629,0,0,table
shapenet388,watercraft,-1.4479351406178946,25.333333333333332,0.5796345155150731,-0.0525785982608795,0.0488553047180175,0,1,chair
shapenet389,watercraft,0.0,0.0,1.1551869310512428,-0.0435703992843627,-0.0395524501800537,0,0,cabinet
shapenet392,watercraft,0.0,0.0,0.5733212349496267,0.095497190952301,0.0144106745719909,1,0,display
shapenet393,watercraft,0.0,0.0,0.29187204618485624,0.0269502997398376,0.1932362914085388,0,1,airplane
shapenet397,watercraft,0.0,0.0,1.067906152557105,0.0173172950744628,0.0664495825767517,0,1,cabinet
shapenet400,watercraft,0.0,0.0,0.6780143710134965,0.0529564023017883,-0.0543197393417358,1,0,display
shapenet405,watercraft,0.0,0.0,0.31003759342948956,0.0308742523193359,0.0076000094413757,0,0,car
shapenet410,watercraft,0.0,0.0,0.30522670452181405,0.1890152096748352,0.166029155254364,1,1,bench
shapenet411,watercraft,0.0,0.0,1.1139139143784005,0.1472426056861877,0.1382727622985839,1,1,loudspeaker
shapenet412,watercraft,0.0,0.0,0.3105590833740821,0.0433692336082458,-0.0202662348747253,0,0,car
shapenet413,watercraft,0.0,0.0,0.7765333122721877,0.0997190177440643,0.0078625082969665,1,0,table
shapenet415,watercraft,-2.2917440290921927,14.333333333333334,0.16872034481282025,0.1110975742340087,0.0046307742595672,1,0,watercraft
shapenet418,watercraft,0.0,0.0,0.3003834094952715,0.0332692861557006,0.034698486328125,0,1,lamp
shapenet420,watercraft,0.0,0.0,0.9775089559674992,-0.0020228028297424,0.0226578712463378,0,0,telephone
shapenet422,watercraft,-3.998943999794985,53.666666666666664,0.09714837736432813,-0.0278002023696899,-0.0705592036247253,0,0,watercraft
shapenet423,watercraft,0.0,0.0,1.0188804541512093,0.0533270537853241,-0.0054593682289123,1,0,sofa
shapenet424,watercraft,0.0,0.0,0.9144050533157749,-0.0230343341827392,-0.0777380466461181,0,0,table
shapenet429,watercraft,-5.409006789099948,222.66666666666666,0.0541158174363404,-0.0294006466865539,-0.0763487219810485,0,0,watercraft
shapenet431,watercraft,0.0,0.0,0.857323862334011,0.0909855961799621,0.0547612309455871,1,1,lamp
shapenet432,watercraft,0.0,0.0,0.2646253200336006,0.0781363248825073,-0.0016281604766845,1,0,car
shapenet439,watercraft,0.0,0.0,0.5093799888990541,0.0230502486228942,0.0456329882144928,0,0,lamp
shapenet440,watercraft,0.0,0.0,0.895443226269883,-0.1116020679473877,-0.0856775939464569,0,0,sofa
shapenet443,watercraft,0.0,0.0,0.6627977699042149,-0.103058248758316,-0.108356237411499,0,0,table
shapenet444,watercraft,0.0,0.0,0.9236863466417141,0.1198721528053283,0.011464774608612,1,1,telephone
shapenet447,watercraft,0.0,0.0,0.8966538944269052,0.0578754544258117,0.0506009757518768,0,1,telephone
shapenet449,watercraft,-0.3662040962227033,0.6666666666666666,0.2021408997935694,0.0252448916435241,0.0711019039154052,0,1,airplane
shapenet450,watercraft,0.0,0.0,0.282671849573749,0.0711177587509155,-0.0106181800365448,1,0,car
shapenet453,watercraft,0.0,0.0,0.36420594182773564,0.1781649589538574,0.0975065231323242,1,1,chair
shapenet455,watercraft,-5.52092031972962,266.0,0.03509873605475608,0.205789715051651,0.0083281397819519,1,0,watercraft
shapenet458,watercraft,0.0,0.0,0.24962624074170162,0.0902686715126037,-0.0115940570831298,1,0,car
shapenet459,watercraft,0.0,0.0,0.2087731275727961,0.0622720718383789,-0.0250212550163269,1,0,airplane
shapenet461,watercraft,0.0,0.0,0.26315899154025546,-0.0014216899871826,-0.0155627131462097,0,0,car
shapenet462,watercraft,0.0,0.0,0.9981726051198633,-0.0302873253822326,-0.0238116383552551,0,0,sofa
shapenet464,watercraft,0.0,0.0,1.0246495212683941,-0.0005383491516113,-0.0743521451950073,0,0,sofa
shapenet469,watercraft,0.0,0.0,1.1247380312603859,0.12784343957901,0.1921848654747009,1,1,loudspeaker
shapenet471,watercraft,0.0,0.0,0.23967554718120157,0.0110807418823242,0.1122706532478332,0,1,airplane
shapenet473,watercraft,0.0,0.0,0.24371099170605867,-0.0195395350456237,0.1922177374362945,0,1,airplane
shapenet474,watercraft,0.0,0.0,0.7850984093235276,0.0270763635635375,0.0495787262916564,0,1,display
shapenet476,watercraft,0.0,0.0,0.2069161202168579,0.0103819966316223,0.1686484813690185,0,1,airplane
shapenet477,watercraft,0.0,0.0,0.5978574676649999,0.0466128587722778,-0.0482565760612487,1,0,car
shapenet478,watercraft,0.0,0.0,0.634497209878612,0.0371330380439758,0.3121099919080734,0,1,chair
shapenet480,watercraft,-4.117974507736301,122.66666666666667,0.06673593885474571,0.2649010643362999,0.0553798675537109,1,1,watercraft
shapenet482,watercraft,0.0,0.0,0.8679908001285157,0.1531041860580444,0.1997835636138916,1,1,chair
shapenet484,watercraft,-0.23104906018664842,0.3333333333333333,0.21038199641023955,-0.0509746074676513,-0.072366178035736,0,0,airplane
shapenet486,watercraft,0.0,0.0,0.9812754911081619,0.1214659214019775,-0.050944983959198,1,0,telephone
shapenet488,watercraft,0.0,0.0,0.31956543516165814,-0.0768240094184875,-0.014797031879425,0,0,car
shapenet490,watercraft,0.0,0.0,1.05434667651697,0.0623985528945922,0.104284644126892,0,1,cabinet
shapenet496,watercraft,-1.1552453009332422,2.3333333333333335,0.17720571018162903,0.3405679315328598,0.1670287251472473,1,1,watercraft
shapenet497,watercraft,0.0,0.0,1.118699180312299,-0.0338886380195617,0.0125258564949035,0,0,cabinet
shapenet498,watercraft,0.0,0.0,0.7803621262672431,-0.0183836221694946,-0.0323807895183563,0,0,loudspeaker
shapenet501,watercraft,-1.0986122886681098,2.0,0.22700155969885816,0.052474558353424,0.1510275602340698,1,1,airplane
shapenet504,watercraft,-0.23104906018664842,0.3333333333333333,0.2394597235060809,-0.0709210038185119,-0.0956886410713195,0,0,airplane
shapenet505,watercraft,0.0,0.0,0.8695992433945886,0.0741918087005615,0.0774000287055969,1,1,display
shapenet506,watercraft,0.0,0.0,0.9509872330093034,-0.0692719221115112,-0.0969523787498474,0,0,sofa
shapenet507,watercraft,0.0,0.0,0.276249703741759,0.0301138758659362,0.1492902636528015,1,1,airplane
shapenet509,watercraft,0.0,0.0,0.8798233802164471,0.0680069327354431,0.0075249671936035,1,1,sofa
shapenet510,watercraft,0.0,0.0,0.4230472967069085,-0.0086660087108612,-0.0047419965267181,0,0,telephone
shapenet513,watercraft,-1.4522362755631972,25.666666666666668,0.45122870697610784,-0.0471911430358886,-0.0260153412818908,0,0,telephone
shapenet514,watercraft,0.0,0.0,0.76451750471358,0.0173450708389282,0.0532336235046386,0,1,sofa
shapenet515,watercraft,0.0,0.0,0.7339986427803717,0.1439982950687408,0.0899977684020996,1,1,bench
shapenet516,watercraft,0.0,0.0,0.9039592295556211,0.101538598537445,0.0855721831321716,1,1,display
shapenet518,watercraft,0.0,0.0,0.8936984457974416,0.0850955843925476,0.0327661037445068,1,0,chair
shapenet520,watercraft,0.0,0.0,0.3063509149202728,-0.0005459189414978,0.15169358253479,0,1,airplane
shapenet521,watercraft,0.0,0.0,0.726758550742786,0.0831479430198669,0.0781649351119995,1,1,display
shapenet523,watercraft,0.0,0.0,0.2507777509417383,0.1667261123657226,0.3041170239448547,1,1,airplane
shapenet526,watercraft,0.0,0.0,0.7765691150338995,0.0122642517089843,0.0717094540596008,0,1,cabinet
shapenet527,watercraft,0.0,0.0,0.8024715928727005,0.0772808790206909,-0.0119919180870056,1,0,sofa
shapenet529,watercraft,0.0,0.0,0.5187375257618174,0.0615045130252838,-0.033578336238861,1,0,chair
shapenet534,watercraft,-4.040532682730838,60.666666666666664,0.08918636376623836,0.071817934513092,0.1178936064243316,1,1,bench
shapenet535,watercraft,0.0,0.0,0.7106211552172147,-0.1091095209121704,-0.03757244348526,0,0,chair
shapenet537,watercraft,-1.9526443848278197,7.0,0.15000860594456858,0.0803255438804626,0.0189718008041381,1,0,watercraft
shapenet541,watercraft,0.0,0.0,0.916246701367748,0.0398551225662231,0.033824622631073,1,1,cabinet
shapenet544,watercraft,0.0,0.0,0.9923964760263546,-0.0024289488792419,-0.057002305984497,0,0,cabinet
shapenet546,watercraft,-5.2254836270031655,266.0,0.06057002826206213,0.3576547242701053,0.1676487922668457,1,1,watercraft
shapenet547,watercraft,0.0,0.0,0.986532380245618,0.1915109753608703,0.1354497075080871,1,1,loudspeaker
shapenet548,watercraft,0.0,0.0,0.2930588654586642,-0.0730345249176025,-0.0573607087135314,0,0,car
shapenet550,watercraft,0.0,0.0,0.8843873985647613,0.0387677550315856,-0.0747300386428833,1,0,telephone
shapenet554,watercraft,0.0,0.0,0.2481756996303155,0.0513188242912292,0.0332262516021728,1,1,airplane
shapenet555,watercraft,-5.2066383579567725,188.0,0.05491392907550787,0.0150558352470397,-0.0763022303581237,1,0,watercraft
shapenet567,watercraft,0.0,0.0,1.0105624169935379,0.034289538860321,0.0099655091762542,1,0,loudspeaker
shapenet569,watercraft,0.0,0.0,1.1222787132743133,0.0560170412063598,0.0158235728740692,1,0,cabinet
shapenet572,watercraft,0.0,0.0,0.6181553607454596,0.1779235899448394,0.0966692566871643,1,1,telephone
shapenet574,watercraft,-0.3662040962227033,0.6666666666666666,0.21980703966296986,0.0504250526428222,0.2388920187950134,1,1,airplane
shapenet577,watercraft,0.0,0.0,0.35306733885334585,0.1459969282150268,0.0461806654930114,1,1,car
shapenet580,watercraft,0.0,0.0,0.9078111092560593,0.2455297708511352,0.088329941034317,1,1,chair
shapenet584,watercraft,0.0,0.0,0.17971742403758584,0.0583175420761108,-0.007205307483673,1,0,bench
shapenet586,watercraft,0.0,0.0,0.17608767551312487,0.1308322548866272,0.0507627129554748,1,0,bench
shapenet590,watercraft,-5.163392917404782,177.33333333333334,0.061523184837386884,0.2186249494552612,0.0060118436813354,1,0,watercraft
shapenet591,watercraft,0.0,0.0,0.3892976834447668,0.1915925741195678,0.1472237706184387,1,1,bench
shapenet592,watercraft,0.0,0.0,0.7419009658292293,0.0064604878425598,0.1592596769332885,0,1,chair
shapenet593,watercraft,0.0,0.0,0.9275484949547522,0.0092894434928894,-0.048413872718811,1,0,display
shapenet597,watercraft,0.0,0.0,0.2520072831514178,-0.0218535065650939,0.0208253264427185,0,1,airplane
shapenet598,watercraft,0.0,0.0,0.23311480890215996,0.0776735544204711,0.2814482450485229,1,1,airplane
shapenet599,watercraft,0.0,0.0,1.1521526308511005,0.0434686839580535,-0.0695875585079193,1,0,cabinet
shapenet600,watercraft,0.0,0.0,0.30454105675256427,-0.0410237312316894,0.0845870375633239,0,1,airplane
shapenet604,watercraft,0.0,0.0,1.0842250846899308,-0.0748904347419738,-0.1056732237339019,0,0,cabinet
shapenet605,watercraft,-2.5382684549036916,11.666666666666666,0.13676981715556327,0.0301859974861145,0.0147233009338378,1,0,watercraft
shapenet608,watercraft,0.0,0.0,0.7813456484578705,0.0389174818992614,0.1172830462455749,0,1,chair
shapenet609,watercraft,0.0,0.0,0.2496969832049849,-0.0109122395515441,0.078905165195465,0,1,airplane
shapenet612,watercraft,0.0,0.0,0.24400907241903202,-0.0220261812210083,-0.0725151896476745,0,0,airplane
shapenet616,watercraft,0.0,0.0,0.9971018475781638,0.1599566340446472,0.1444228291511535,1,1,chair
shapenet617,watercraft,0.0,0.0,0.2471133068779439,-0.0373930931091308,-0.0648699104785919,0,0,car
shapenet619,watercraft,0.0,0.0,0.9203655812664681,0.0100126266479492,-0.0912733674049377,1,0,sofa
shapenet620,watercraft,0.0,0.0,1.018656169149587,-0.036914587020874,0.0618963241577148,0,1,loudspeaker
shapenet622,watercraft,-4.41258236418249,87.33333333333333,0.06726083251668745,0.1648459434509277,0.0811740756034851,1,1,watercraft
shapenet623,watercraft,0.0,0.0,0.3167417838685727,0.0350770056247711,0.0002508759498596,0,0,car
shapenet628,watercraft,0.0,0.0,0.9734291517258078,-0.0280846357345581,-0.0581055283546447,0,0,sofa
shapenet629,watercraft,-4.133346213972948,62.0,0.09538680586335362,0.1397080719470977,0.0631337463855743,1,1,watercraft
shapenet633,watercraft,-1.4435777800954437,25.0,0.2105370920622891,0.1706250011920929,0.0887197256088256,1,1,bench
shapenet635,watercraft,-1.34768375594485,18.666666666666668,0.15896041501777627,0.0879888534545898,0.0168339610099792,1,1,bench
shapenet636,watercraft,0.0,0.0,0.7721321209297388,0.0328829884529113,-0.0204922556877136,1,0,telephone
shapenet638,watercraft,0.0,0.0,1.0804175545724013,0.0155357122421264,0.1029821634292602,0,1,cabinet
shapenet639,watercraft,0.0,0.0,0.24950252686371396,0.0096458494663238,-0.0371086299419403,0,0,lamp
shapenet640,watercraft,-1.1945063128187032,3.3333333333333335,0.16026723413429342,0.1126602590084075,-0.0215262174606323,1,0,bench
shapenet644,watercraft,0.0,0.0,1.0114336173978486,0.076500654220581,-0.0184158086776733,1,0,display
shapenet646,watercraft,0.0,0.0,1.0100479737064005,0.010009229183197,0.0501002669334411,0,1,loudspeaker
shapenet652,watercraft,-0.3662040962227033,0.6666666666666666,0.23903089038367673,0.0493690967559814,0.099647432565689,1,1,airplane
shapenet653,watercraft,0.0,0.0,1.0563588928766172,-0.0465872287750244,-0.043292611837387,0,0,cabinet
shapenet656,watercraft,0.0,0.0,1.0690058471779096,-0.1053202748298645,-0.0465108752250671,0,0,loudspeaker
shapenet658,watercraft,0.0,0.0,0.27017662945749304,0.0078961849212646,0.1242203116416931,0,1,airplane
shapenet662,watercraft,0.0,0.0,0.4619282434240266,-0.0670613050460815,-0.032472550868988,0,0,telephone
shapenet664,watercraft,0.0,0.0,1.0112033335802497,0.0189414024353027,0.0404214262962341,1,1,loudspeaker
shapenet665,watercraft,-1.8053668007348067,9.333333333333334,0.20603488657311755,0.1185119152069091,0.216950386762619,1,1,airplane
shapenet666,watercraft,0.0,0.0,0.5380050732599403,0.185006558895111,0.1202899813652038,1,1,chair
shapenet667,watercraft,-1.5108664977177522,30.666666666666668,0.2660621694480106,0.0500853657722473,0.0059669613838195,1,0,bench
shapenet677,watercraft,0.0,0.0,0.3533045516433029,0.0040805339813232,0.0916127860546112,0,1,car
shapenet678,watercraft,0.0,0.0,0.2778328966450027,0.0262467265129089,0.0600859522819519,1,1,airplane
shapenet679,watercraft,0.0,0.0,0.9349238190282142,0.2210294902324676,0.3116668462753296,1,1,loudspeaker
shapenet682,watercraft,0.0,0.0,0.27738846948523177,0.0239997506141662,0.2401564717292785,1,1,airplane
shapenet683,watercraft,0.0,0.0,0.5237118145996619,0.0496196746826171,0.0489208698272705,1,1,chair
shapenet686,watercraft,0.0,0.0,0.43131203857610934,0.0627325177192688,0.0645036697387695,1,1,chair
shapenet687,watercraft,0.0,0.0,1.0370419706674232,0.1327354311943054,0.0865823030471801,1,1,cabinet
shapenet690,watercraft,0.0,0.0,0.8181217491351296,0.2104522585868835,0.1138461828231811,1,1,telephone
shapenet691,watercraft,-3.94233533709218,57.0,0.09090126606740871,0.1182233691215515,0.1727542281150818,1,1,bench
shapenet692,watercraft,0.0,0.0,0.8893127638457602,0.1269205212593078,0.0307862758636474,1,1,display
shapenet693,watercraft,0.0,0.0,0.970973499904421,-0.0424751639366149,-0.0502444505691528,0,0,table
shapenet697,watercraft,0.0,0.0,0.7715135798668237,0.167755901813507,0.0468218326568603,1,1,chair
shapenet699,watercraft,0.0,0.0,0.3261721260684439,-0.0564531087875366,-0.005961000919342,0,0,car
shapenet702,watercraft,-1.4847824320845024,28.333333333333332,0.1703414449951884,0.0802929401397705,0.0059122145175933,1,0,bench
shapenet703,watercraft,0.0,0.0,1.0923523648700495,-0.0468104481697082,-0.0705913007259368,0,0,loudspeaker
shapenet708,watercraft,-3.8237635467309823,53.666666666666664,0.09736736554348162,0.0985917747020721,0.0722074508666992,1,1,bench
shapenet711,watercraft,-4.507464581340816,152.66666666666666,0.08113923736094675,-0.0302779972553253,-0.0022562742233276,0,0,watercraft
shapenet714,watercraft,0.0,0.0,0.3447075174806344,0.2024345099925995,0.1666880846023559,1,1,bench
shapenet715,watercraft,-0.3662040962227033,0.6666666666666666,0.2575903387632153,0.2500560879707336,0.0485840439796447,1,1,lamp
shapenet718,watercraft,-0.8796857765384195,4.333333333333333,0.6023208314781825,0.2104220986366272,0.1401979923248291,1,1,bench
shapenet719,watercraft,0.0,0.0,0.9672197443311036,0.0525704026222229,0.1261869072914123,1,1,display
shapenet722,watercraft,0.0,0.0,0.9575207799036353,0.1701144874095916,0.2045737206935882,1,1,sofa
shapenet724,watercraft,-0.8549831191538456,4.0,0.38688790015029834,0.240829735994339,0.0190478563308715,1,0,watercraft
shapenet725,watercraft,0.0,0.0,0.8055123487442755,0.1520459055900573,-0.0641862154006958,1,0,loudspeaker
shapenet732,watercraft,-3.2135860738133073,38.0,0.11121958371842827,0.0451854467391967,0.0310445427894592,1,1,chair
shapenet734,watercraft,0.0,0.0,0.7645896615140843,-0.0441429615020751,0.1137009859085083,0,1,telephone
shapenet736,watercraft,-0.46209812037329684,1.0,0.23184252677280973,0.0668427944183349,0.1655927896499633,1,1,airplane
shapenet739,watercraft,0.0,0.0,0.2424002925758819,-0.0212010145187377,0.0379926562309265,0,1,airplane
shapenet740,watercraft,0.0,0.0,0.7195100980844354,0.1527677774429321,0.1906964778900146,1,1,chair
shapenet743,watercraft,0.0,0.0,0.6617190186957617,-0.0512750148773193,-0.0346428155899047,0,0,table
shapenet744,watercraft,0.0,0.0,1.0848127774200225,0.0202173590660095,-0.0661205649375915,0,0,loudspeaker
shapenet749,watercraft,0.0,0.0,1.0078403878099518,0.0567068457603454,-0.0004715323448181,1,0,display
shapenet751,watercraft,0.0,0.0,0.6711143997932277,-0.0978448390960693,-0.1240255236625671,0,0,display
shapenet757,watercraft,0.0,0.0,0.8721524326927032,0.0710383653640747,0.0870080590248107,1,1,telephone
shapenet759,watercraft,0.0,0.0,0.8899045773362851,0.0311393141746521,-0.0092962980270385,1,0,chair
shapenet760,watercraft,0.0,0.0,0.7465425624301081,0.0508475303649902,-0.0483216941356658,1,0,telephone
shapenet761,watercraft,0.0,0.0,0.7815950768470566,-0.0046415627002716,-0.0219002664089202,0,0,table
shapenet762,watercraft,-1.1446624014950488,10.0,0.16559070372288132,0.1550083756446838,0.1583147644996643,1,1,bench
shapenet766,watercraft,0.0,0.0,0.43928858961985456,0.0309811234474182,-0.0825366377830505,1,0,table
shapenet770,watercraft,-2.537774993180213,29.333333333333332,0.15502519090199313,0.0031989216804504,-0.0033552646636962,0,0,airplane
shapenet771,watercraft,-0.46209812037329684,0.6666666666666666,0.22140268997723647,0.0165183544158935,0.0032296180725097,0,0,airplane
shapenet772,watercraft,-2.99987311355351,59.333333333333336,0.16510849603994374,0.0368379950523376,0.0124148428440094,0,0,bench
shapenet773,watercraft,0.0,0.0,0.6458058922367669,0.1101182103157043,0.077958345413208,1,1,table
shapenet774,watercraft,0.0,0.0,1.0987651396819904,0.0285846590995788,0.0024951100349426,1,0,loudspeaker
shapenet775,watercraft,0.0,0.0,1.0594281112331676,0.010463535785675,-0.0427635908126831,0,0,loudspeaker
shapenet782,watercraft,0.0,0.0,0.462678577070343,0.0929327607154846,0.0130807161331176,1,1,chair
shapenet790,watercraft,0.0,0.0,0.9486812904903746,0.1255462765693664,0.0784856081008911,1,1,loudspeaker
shapenet791,watercraft,0.0,0.0,0.2160974892872284,0.0699821710586547,0.1256563067436218,1,1,airplane
shapenet796,watercraft,0.0,0.0,1.0785495029963634,0.0638215541839599,0.0584169626235961,1,1,loudspeaker
shapenet797,watercraft,0.0,0.0,0.9319493340260382,0.0161396861076354,0.0203036367893219,0,1,sofa
shapenet798,watercraft,0.0,0.0,0.6814679281386743,0.0719555020332336,-0.0108460485935211,1,0,table
shapenet799,watercraft,0.0,0.0,0.3556870980574982,0.0045529603958129,-0.0312206149101257,0,0,car
shapenet800,watercraft,-1.3647815207407001,19.666666666666668,0.16954692643056393,0.0073246955871582,0.0754708051681518,0,1,airplane
shapenet801,watercraft,0.0,0.0,0.9660917756131416,-0.0145695805549621,-0.0518797039985656,0,0,loudspeaker
shapenet804,watercraft,0.0,0.0,0.3579834853609362,0.0448518395423889,0.0670865178108215,1,1,airplane
shapenet805,watercraft,0.0,0.0,1.1343622243630087,0.0643189549446106,-0.0098984837532043,1,0,cabinet
shapenet808,watercraft,0.0,0.0,0.20017042749196157,0.0349482297897338,0.0088022351264953,0,0,chair
shapenet811,watercraft,0.0,0.0,0.5332005628638052,0.0434257984161376,-0.04999840259552,1,0,table
shapenet812,watercraft,0.0,0.0,0.9682252120596662,0.0371859073638916,0.0168808698654174,1,0,cabinet
shapenet813,watercraft,0.0,0.0,0.30262303684576386,-0.031656801700592,-0.0049038529396057,0,0,car
shapenet814,watercraft,0.0,0.0,0.31915621496643937,-0.0051789879798889,-0.062924325466156,0,0,car
shapenet816,watercraft,0.0,0.0,0.9231926366632924,0.0896428823471069,0.1665162444114685,1,1,table
shapenet817,watercraft,0.0,0.0,0.8662795591688864,0.2185139060020446,0.1827784180641174,1,1,cabinet
shapenet818,watercraft,0.0,0.0,0.2694203332615229,0.1865013241767883,0.1690474152565002,1,1,car
shapenet820,watercraft,0.0,0.0,1.0163429218200999,0.0657144784927368,0.1661158204078674,1,1,chair
shapenet825,watercraft,0.0,0.0,1.0669260316314884,-0.0759463310241699,-0.1114904880523681,0,0,table
shapenet826,watercraft,0.0,0.0,0.9719132216755165,0.0278182029724121,0.0272364616394042,0,0,table
shapenet827,watercraft,-2.6715554568216473,36.0,0.1553603869310653,0.0826504230499267,0.1392627954483032,1,1,airplane
shapenet831,watercraft,-4.256673962539479,77.0,0.08097576497156118,0.4622008204460144,0.1035825908184051,1,1,watercraft
shapenet832,watercraft,-1.3647815207407001,19.666666666666668,0.1279529218258977,-0.0162990987300872,-0.0819031596183776,0,0,bench
shapenet833,watercraft,-4.70596664856276,157.66666666666666,0.0664503665668844,-0.0340949594974517,-0.0269570052623748,0,0,watercraft
shapenet835,watercraft,0.0,0.0,0.31261352202947995,0.093505322933197,0.0099040269851684,1,0,airplane
shapenet837,watercraft,0.0,0.0,0.9759969066050002,-0.0156688690185546,-0.0380144119262695,0,0,cabinet
shapenet840,watercraft,0.0,0.0,0.9392742513233442,0.0822235643863678,0.0693278312683105,1,1,chair
shapenet845,watercraft,0.0,0.0,0.6314918317208628,0.0789725184440612,-0.0133445262908935,1,0,sofa
shapenet846,watercraft,0.0,0.0,0.5231400679214299,0.2106386721134185,0.1027482151985168,1,1,chair
shapenet848,watercraft,0.0,0.0,0.23123358853264642,0.0718232691287994,0.051901638507843,1,1,watercraft
shapenet851,watercraft,0.0,0.0,0.2707105614016991,-0.0741023421287536,0.047741949558258,0,1,airplane
shapenet852,watercraft,0.0,0.0,0.2649106294279812,-0.1082270741462707,-0.1055793464183807,0,0,car
shapenet854,watercraft,0.0,0.0,0.8249341261158004,0.0501230359077453,0.0320241451263427,1,0,telephone
shapenet856,watercraft,0.0,0.0,0.15657111761834475,0.066824734210968,-0.0495164990425109,1,0,bench
shapenet859,watercraft,0.0,0.0,0.7639285710890037,-0.0437483191490173,-0.0222050547599792,0,0,table
shapenet860,watercraft,-2.2448638866576496,18.666666666666668,0.20099911180245955,0.0962415337562561,0.0864661335945129,1,1,airplane
shapenet861,watercraft,0.0,0.0,0.9826758099415295,0.0073041915893554,-0.0421598553657531,0,0,sofa
shapenet863,watercraft,0.0,0.0,0.9675738399639106,-0.0543085932731628,-0.0136587023735046,0,0,sofa
shapenet867,watercraft,0.0,0.0,0.744365568633914,0.1625818610191345,0.2905646562576294,1,1,chair
shapenet869,watercraft,0.0,0.0,0.610323389132378,0.1272581219673156,0.2050864100456237,1,1,sofa
shapenet871,watercraft,0.0,0.0,0.7639432582164493,0.1133018732070922,0.0098748505115509,1,0,telephone
shapenet873,watercraft,0.0,0.0,1.1321955986826284,0.0606865286827087,0.1605020761489868,1,1,cabinet
shapenet877,watercraft,0.0,0.0,0.30966127447510766,0.1680304408073425,0.0178350806236267,1,0,chair
shapenet878,watercraft,0.0,0.0,0.8109073788925288,0.1084140539169311,0.0796400904655456,1,1,display
shapenet879,watercraft,0.0,0.0,0.9812928715031274,0.0453075170516967,0.0202753543853759,1,1,sofa
shapenet884,watercraft,0.0,0.0,0.8265952133076616,-0.0083120763301849,0.0156089663505554,0,1,sofa
shapenet886,watercraft,-2.2893248029900977,20.0,0.1395484060892872,0.0889285504817962,0.0817873477935791,1,1,bench
shapenet888,watercraft,0.0,0.0,0.5834339593807893,-0.05953910946846,-0.0360732674598693,0,0,table
shapenet891,watercraft,0.0,0.0,0.2726348742892115,0.0351167321205139,-0.0366836190223693,1,0,airplane
shapenet893,watercraft,0.0,0.0,0.8580987892555392,-0.0736106038093566,-0.0272567272186279,0,0,telephone
shapenet898,watercraft,-0.9241962407465937,2.0,0.19281941215219592,0.0440010428428649,0.1099046468734741,1,1,airplane
shapenet899,watercraft,0.0,0.0,0.4160738166675102,0.0792628526687622,0.0664105415344238,1,1,display
shapenet901,watercraft,0.0,0.0,0.2954416790901269,0.0554298758506774,0.0574234127998352,1,1,airplane
shapenet902,watercraft,0.0,0.0,1.0574471114463275,0.0227314829826354,0.023599088191986,1,0,loudspeaker
shapenet903,watercraft,0.0,0.0,0.3252169798095678,-0.0231724977493286,-0.0036106407642364,0,0,car
shapenet904,watercraft,0.0,0.0,1.0292058853553405,0.1212821304798126,0.0646446347236633,1,1,loudspeaker
shapenet906,watercraft,0.0,0.0,0.831435217211692,0.0594514608383178,0.0447152256965637,1,1,chair
shapenet913,watercraft,0.0,0.0,0.6007308113018123,0.0829140543937683,0.0979308187961578,1,1,table
shapenet914,watercraft,0.0,0.0,0.41291334670808705,0.0275135040283203,-0.1175716519355773,1,0,table
shapenet915,watercraft,0.0,0.0,1.072919888326628,-0.0975313484668731,-0.0972876548767089,0,0,table
shapenet916,watercraft,-5.284798912080428,254.33333333333334,0.048908066675060646,0.1667472124099731,0.0579913258552551,1,1,watercraft
shapenet918,watercraft,0.0,0.0,0.9739882461242421,0.0272908806800842,-0.0076105594635009,0,0,chair
shapenet919,watercraft,0.0,0.0,0.3040395014776524,0.0450485348701477,0.0559059381484985,1,1,airplane
shapenet923,watercraft,0.0,0.0,0.7992452978536803,0.1160160899162292,0.0081643760204315,1,0,sofa
shapenet924,watercraft,0.0,0.0,1.1301830770232308,-0.0210219025611877,-0.0375480353832244,0,0,cabinet
shapenet925,watercraft,0.0,0.0,1.1027798130006616,0.1006187796592712,0.0539358258247375,1,0,loudspeaker
shapenet927,watercraft,0.0,0.0,0.9737957803093608,0.0098544955253601,-0.0487716794013977,0,0,sofa
shapenet930,watercraft,-4.562104206497531,103.0,0.07177086705260284,0.2891135960817337,0.0409463346004486,1,1,watercraft
shapenet938,watercraft,-1.1337324605540517,9.666666666666666,0.17828623085160858,0.073153555393219,0.162488043308258,1,1,airplane
shapenet939,watercraft,0.0,0.0,0.15500564508047202,0.0462680459022522,0.0363364815711975,1,1,bench
shapenet941,watercraft,0.0,0.0,0.8607722308918054,0.222982108592987,0.1882215440273285,1,1,display
shapenet942,watercraft,0.0,0.0,0.8723332642649638,0.2013670802116394,0.1604295074939727,1,1,chair
shapenet943,watercraft,0.0,0.0,0.273219296994796,-0.0978170037269592,-0.0192859172821044,0,0,chair
shapenet946,watercraft,0.0,0.0,0.3884307678449878,0.0147286057472229,-0.0553356409072876,0,0,sofa
shapenet949,watercraft,0.0,0.0,0.9030683610707207,0.1035819053649902,0.0664764046669006,1,1,sofa
shapenet950,watercraft,0.0,0.0,0.9890171577767687,0.0449079871177673,0.0736720263957977,0,1,cabinet
shapenet952,watercraft,0.0,0.0,0.2656536660178923,0.0978773236274719,0.0768990516662597,1,1,car
shapenet953,watercraft,-2.762089817594355,41.333333333333336,0.13462763802220756,-0.0177928209304809,-0.0879788994789123,0,0,table
shapenet954,watercraft,-2.7295630414814003,39.333333333333336,0.12985828203564007,0.0612813830375671,0.0623947978019714,1,1,airplane
shapenet955,watercraft,-0.23104906018664842,0.3333333333333333,0.25745409482413084,0.0427734851837158,0.0545761585235595,1,1,airplane
shapenet956,watercraft,0.0,0.0,0.9816568560432929,0.1546303629875183,0.0838918983936309,1,1,sofa
shapenet957,watercraft,0.0,0.0,0.6145402887537114,0.0999434888362884,0.0844027698040008,1,1,table
shapenet958,watercraft,0.0,0.0,0.9444307353443212,0.1001177132129669,0.096845805644989,1,1,table
shapenet959,watercraft,0.0,0.0,1.0380335218897943,0.0160168409347534,-0.0256498456001281,0,0,loudspeaker
shapenet960,watercraft,0.0,0.0,0.9458169124715722,-0.0275614857673645,0.0739115476608276,0,1,cabinet
shapenet966,watercraft,0.0,0.0,0.8145323254463648,0.1190119385719299,0.0886535942554473,1,1,chair
shapenet967,watercraft,0.0,0.0,0.9132645725476785,-0.0613791346549987,-0.0593208074569702,0,0,sofa
shapenet974,watercraft,0.0,0.0,0.8827112855914692,0.055968165397644,-0.0784850716590881,1,0,telephone
shapenet977,watercraft,0.0,0.0,0.883295863749617,0.0300572514533996,-0.0138222575187683,1,0,sofa
shapenet978,watercraft,0.0,0.0,0.2973489062220696,0.0220499038696289,-0.0182495713233947,0,0,airplane
shapenet979,watercraft,0.0,0.0,1.0163914364307618,0.143483430147171,0.0901115536689758,1,1,sofa
shapenet983,watercraft,-1.3357777284108237,18.0,0.2165948288630449,0.0831531286239624,0.155186265707016,1,1,airplane
shapenet984,watercraft,0.0,0.0,0.8264878030051092,0.102609634399414,0.0930854678153991,1,1,telephone
shapenet989,watercraft,0.0,0.0,0.3796709693597764,-0.0464656949043273,-0.0186414718627929,0,0,chair
shapenet990,watercraft,0.0,0.0,0.6542565944056895,0.0315439105033874,0.1365360915660858,0,1,telephone
shapenet991,watercraft,0.0,0.0,0.9917501660307018,-0.0904296040534973,-0.0798879861831665,0,0,cabinet
shapenet994,watercraft,0.0,0.0,0.2449434159181019,-0.0205416679382324,-0.0511643290519714,0,0,car
shapenet1000,watercraft,0.0,0.0,1.0002894321379066,-0.0304657220840454,-0.0587695240974426,0,0,loudspeaker
shapenet1003,watercraft,-1.499936556776755,29.666666666666668,0.2648107669742889,0.0593155026435852,0.0158789157867431,1,0,bench
shapenet1005,watercraft,0.0,0.0,0.5906164754626936,0.1688294112682342,0.0517406463623046,1,0,chair
shapenet1008,watercraft,0.0,0.0,0.2837478847370567,0.1803159117698669,0.002147614955902,1,0,watercraft
shapenet1009,watercraft,-1.5607104090414066,4.0,0.1663257693636005,0.1002072095870971,0.1990477740764618,1,1,airplane
shapenet1010,watercraft,0.0,0.0,1.1120898772438017,0.136100947856903,0.0325040221214294,1,1,cabinet
shapenet1016,watercraft,0.0,0.0,0.44508583136302143,0.0667915344238281,0.1249841451644897,0,1,table
shapenet1019,watercraft,0.0,0.0,1.0210564829827877,0.135512888431549,0.1106314063072204,1,1,chair
shapenet1020,watercraft,-1.1224319433288248,9.333333333333334,0.2839529052552436,0.1253326833248138,0.199876457452774,1,1,airplane
shapenet1023,watercraft,0.0,0.0,0.2318567199590905,0.008847564458847,0.0011001229286193,0,0,chair
shapenet1024,watercraft,0.0,0.0,0.997265850418584,0.0538542866706848,-0.0144360661506652,1,0,sofa
shapenet1025,watercraft,0.0,0.0,1.0610489081988297,-0.003036081790924,0.0043132305145263,0,0,loudspeaker
shapenet1026,watercraft,0.0,0.0,0.23949643869232295,0.0833835005760192,0.2060964703559875,1,1,airplane
shapenet1028,watercraft,0.0,0.0,0.31271980609428796,0.0837823152542114,0.1389904916286468,1,1,car
shapenet1030,watercraft,0.0,0.0,0.9826151909411024,-0.0103893280029296,-0.0547468066215515,0,0,display
shapenet1033,watercraft,-2.7295630414814003,39.333333333333336,0.10791997858734419,0.0321081578731536,0.0186741948127746,0,0,bench
shapenet1034,watercraft,0.0,0.0,0.7507955245592298,0.1764449477195739,0.1619873940944671,1,1,sofa
shapenet1035,watercraft,0.0,0.0,0.9389919767763498,-0.0086455345153808,0.054320752620697,0,1,table
shapenet1036,watercraft,0.0,0.0,0.8697500729137783,-0.0601336956024169,-0.022130012512207,0,0,display
shapenet1037,watercraft,0.0,0.0,1.0566967477125782,0.1025320887565612,-0.0302963256835937,1,0,cabinet
shapenet1041,watercraft,0.0,0.0,0.2973703443684963,0.0102897882461547,0.0197744965553283,0,0,airplane
shapenet1042,watercraft,0.0,0.0,1.0854101515423433,-0.0070330500602722,0.0314137935638427,0,0,display
shapenet1043,watercraft,0.0,0.0,1.0447517505276298,0.0505579113960266,0.0636987686157226,1,1,table
shapenet1047,watercraft,0.0,0.0,0.6311222330770985,0.1322528421878814,0.0786448121070861,1,1,table
shapenet1048,watercraft,0.0,0.0,0.5317086766478786,-0.0421995222568511,-0.0012999773025512,0,0,table
shapenet1049,watercraft,0.0,0.0,0.2879350378371322,0.0923655033111572,0.2286412119865417,1,1,airplane
shapenet1050,watercraft,0.0,0.0,0.6761155797363027,-0.0212222933769226,-0.0128532648086547,0,0,telephone
shapenet1053,watercraft,0.0,0.0,0.5157131413397893,0.2512630224227905,0.114247977733612,1,1,lamp
shapenet1055,watercraft,-5.442735170515729,230.33333333333334,0.04629630875374217,0.1763620972633361,0.0479375123977661,1,1,watercraft
shapenet1056,watercraft,0.0,0.0,0.9978207434582345,0.121336281299591,0.0409151911735534,1,1,sofa
shapenet1057,watercraft,0.0,0.0,0.23047533800576744,-0.0181787014007568,-0.1035364866256713,0,0,airplane
shapenet1061,watercraft,0.0,0.0,0.3803723383215441,0.009100317955017,-0.0327749252319335,0,0,display
shapenet1062,watercraft,-2.3104906018664844,20.666666666666668,0.13423406550941205,0.1028089523315429,0.0381270051002502,1,1,bench
shapenet1066,watercraft,-4.101870080281736,80.66666666666667,0.08890535651369903,-0.052515760064125,-0.0223101377487182,0,0,watercraft
shapenet1067,watercraft,0.0,0.0,1.1394349024773502,0.0265019536018371,-0.0143821835517883,1,0,cabinet
shapenet1070,watercraft,0.0,0.0,0.4827772708910796,0.1547748446464538,0.0718433856964111,1,1,chair
shapenet1074,watercraft,0.0,0.0,0.1794217484899067,0.1808283030986786,0.1257690191268921,1,1,chair
shapenet1078,watercraft,-2.3890126256374065,23.333333333333332,0.42756826297774125,0.0953870490193367,-0.0058605968952178,1,0,lamp
shapenet1079,watercraft,0.0,0.0,0.7930413264593991,0.131421685218811,0.1123297214508056,1,1,chair
shapenet1081,watercraft,0.0,0.0,1.0738633520548149,0.0373917818069458,0.0035160779953002,1,0,cabinet
shapenet1082,watercraft,-3.303884705067507,94.0,0.09419787225501185,0.0577607750892639,0.1573998928070068,1,1,lamp
shapenet1084,watercraft,-4.7152535399332605,116.66666666666667,0.07181080936528804,0.1189715266227722,-0.0832794904708862,1,0,watercraft
shapenet1085,watercraft,0.0,0.0,0.31750380988932553,0.1371709704399109,0.1772978901863098,1,1,table
shapenet1086,watercraft,0.0,0.0,1.1665088718444308,0.1253862679004669,0.07020765542984,1,1,cabinet
shapenet1088,watercraft,-2.331005040977654,9.333333333333334,0.1384794179413771,0.0402964949607849,-0.0409923195838928,1,0,watercraft
shapenet1091,watercraft,0.0,0.0,0.3559675456336642,-0.0702884793281555,-0.0674461722373962,0,0,car
shapenet1092,watercraft,0.0,0.0,0.2504788655752136,-0.0244278907775878,0.2211909890174865,0,1,airplane
shapenet1093,watercraft,0.0,0.0,0.9875342313971588,0.2232254445552826,0.0990875959396362,1,1,sofa
shapenet1096,watercraft,-3.1336535771949445,72.66666666666667,0.11572786403397704,-0.0405269861221313,-0.0917473435401916,0,0,bench
shapenet1097,watercraft,0.0,0.0,0.7438463008147709,0.0390101969242095,0.0483612120151519,1,1,sofa
shapenet1099,watercraft,0.0,0.0,0.5252100711980022,-0.0375341475009918,-0.0598165392875671,0,0,table
shapenet1100,watercraft,-5.38802665922766,218.0,0.06673288270308214,0.088342547416687,0.1022871136665344,1,1,watercraft
shapenet1103,watercraft,0.0,0.0,0.6929483452194729,-0.0467788577079772,-0.02234548330307,0,0,telephone
shapenet1111,watercraft,0.0,0.0,0.7759744518958058,0.2802401185035705,0.2163501679897308,1,1,telephone
shapenet1113,watercraft,0.0,0.0,0.32257215935773315,0.0407818555831909,-0.0017551183700561,1,0,chair
shapenet1117,watercraft,0.0,0.0,0.22063730926189404,-0.0436838269233703,-0.0072972178459167,0,0,airplane
shapenet1119,watercraft,0.0,0.0,0.21780813014813127,0.1198500990867614,0.2517565786838531,1,1,airplane
shapenet1120,watercraft,-4.046644281008543,56.333333333333336,0.094196472140823,-0.0165966749191284,-0.020589679479599,0,0,watercraft
shapenet1121,watercraft,0.0,0.0,1.0533153012700625,0.0474917292594909,0.0077781081199646,1,0,loudspeaker
shapenet1123,watercraft,0.0,0.0,0.21292427217345355,0.0786158442497253,0.0239312946796417,1,1,watercraft
shapenet1125,watercraft,0.0,0.0,0.8886033435083686,-0.014749526977539,-0.010015845298767,0,0,telephone
shapenet1127,watercraft,-1.492445604826069,7.666666666666667,0.22117247205786483,0.2243782579898834,-0.0125469267368316,1,0,watercraft
shapenet1129,watercraft,0.0,0.0,0.3602427637192845,0.1310679316520691,0.0084109306335449,1,0,car
shapenet1131,watercraft,0.0,0.0,0.9592349798836883,-0.0500865876674652,-0.0145338177680969,0,0,telephone
shapenet1137,watercraft,-0.3662040962227033,0.6666666666666666,0.22020547292543916,0.0336952805519104,0.2504238486289978,1,1,airplane
shapenet1141,watercraft,0.0,0.0,1.0175568682424119,-0.0474397540092468,-0.0316674709320068,0,0,chair
shapenet1142,watercraft,0.0,0.0,0.647687962638977,0.1149590015411377,0.1275566220283508,1,1,chair
shapenet1143,watercraft,0.0,0.0,0.27088827948849264,0.0694249868392944,-0.0217499732971191,1,0,car
shapenet1144,watercraft,0.0,0.0,0.29519584381585906,0.0043040513992309,0.013551115989685,0,0,car
shapenet1145,watercraft,0.0,0.0,1.0916592997084733,0.0493158102035522,-0.0683524310588836,1,0,cabinet
shapenet1146,watercraft,-4.035759802304315,59.0,0.0898210220771664,-0.0055650472640991,0.0159395635128021,0,0,watercraft
shapenet1147,watercraft,0.0,0.0,0.31818013882068025,0.2106939554214477,0.2622060179710388,1,1,bench
shapenet1149,watercraft,-2.8958702812357893,50.666666666666664,0.32694101579791024,0.0615407228469848,0.1033545136451721,1,1,chair
shapenet1155,watercraft,0.0,0.0,0.7826301040417514,0.0421417951583862,0.0346174240112304,1,1,display
shapenet1157,watercraft,0.0,0.0,0.7169515749348285,0.180543839931488,0.3034858703613281,1,1,telephone
shapenet1159,watercraft,0.0,0.0,0.21742434510327138,0.0209120512008667,0.0086296200752258,0,0,airplane
shapenet1160,watercraft,0.0,0.0,0.310036470022185,0.0336797833442688,0.0076016783714294,1,0,car
shapenet1161,watercraft,-1.0986122886681098,2.0,0.17519308349935891,0.0925125479698181,-0.0528261661529541,1,0,watercraft
shapenet1163,watercraft,0.0,0.0,0.25959004149492,0.1261620819568634,0.1835153698921203,1,1,bench
shapenet1168,watercraft,0.0,0.0,0.7671221166303414,-0.0586936473846435,-0.1193838417530059,0,0,sofa
shapenet1171,watercraft,0.0,0.0,0.2690073134994256,-0.0358778238296508,-0.0295320749282836,0,0,airplane
shapenet1172,watercraft,0.0,0.0,1.131706007588601,0.0910820960998535,0.0583212971687316,1,1,loudspeaker
shapenet1174,watercraft,0.0,0.0,0.7997548368172781,0.082384705543518,-0.0820364952087402,0,0,display
shapenet1178,watercraft,0.0,0.0,0.2986607681242859,0.1272659301757812,0.1222806274890899,1,1,car
shapenet1179,watercraft,0.0,0.0,0.7824384936865583,0.0085260272026062,0.009549081325531,0,0,cabinet
shapenet1182,watercraft,0.0,0.0,0.8242393825749815,-0.0181136131286621,-0.0257882475852966,0,0,telephone
shapenet1183,watercraft,0.0,0.0,0.4311986555473522,-0.0217321217060089,0.0224367082118988,0,1,lamp
shapenet1184,watercraft,-1.2688874965901065,14.666666666666666,0.2094262899431527,0.0072519779205322,0.0752103924751281,0,1,airplane
shapenet1186,watercraft,0.0,0.0,0.9572074280745612,-0.0154164433479309,-0.0476050972938537,0,0,chair
shapenet1187,watercraft,0.0,0.0,1.1436213142413265,0.034212589263916,0.1078817844390869,1,1,cabinet
shapenet1189,watercraft,-3.5339072573815433,39.666666666666664,0.1086945185470846,0.0226950645446777,-0.0876303315162658,0,0,watercraft
shapenet1190,watercraft,-0.8283022165960001,3.6666666666666665,0.17322279023123546,0.1907360255718231,0.0095185935497283,1,0,watercraft
shapenet1191,watercraft,0.0,0.0,1.147045059711667,0.037408173084259,0.08463054895401,1,1,loudspeaker
shapenet1194,watercraft,0.0,0.0,0.3186844342121273,0.0465616583824157,0.0179488658905029,1,1,car
shapenet1196,watercraft,0.0,0.0,0.22406046280683908,0.0137292146682739,0.1713203489780426,0,1,airplane
shapenet1197,watercraft,-5.109179495849965,180.0,0.06029150204425568,0.2063893675804138,-0.0333210825920105,1,0,watercraft
shapenet1199,watercraft,-1.1552453009332422,2.3333333333333335,0.17419571823903712,0.3693327493965626,0.0202354788780212,1,0,watercraft
shapenet1200,watercraft,0.0,0.0,0.7900770956650729,0.150143563747406,0.0612848997116088,1,1,table
shapenet1201,watercraft,0.0,0.0,0.9465421583416859,0.0674444437026977,0.1125380992889404,1,1,table
shapenet1202,watercraft,-0.7324081924454066,1.3333333333333333,0.19240443831493326,0.054792046546936,0.1927480995655059,1,1,airplane
shapenet1208,watercraft,-4.5406245410213115,154.66666666666666,0.0776006257013133,0.1435486078262329,-0.0666841268539428,1,0,watercraft
shapenet1210,watercraft,0.0,0.0,0.7322502911577567,-0.0779946446418762,-0.0666577219963073,0,0,sofa
shapenet1211,watercraft,-2.762089817594355,41.333333333333336,0.1292842440463031,0.1080691814422607,0.0171892046928405,1,1,lamp
shapenet1212,watercraft,0.0,0.0,0.32393314644457444,0.0073782801628112,-0.0306013226509094,0,0,car
shapenet1215,watercraft,-0.46209812037329684,0.6666666666666666,0.19735268734270897,0.0851293802261352,0.1521626114845276,1,1,airplane
shapenet1216,watercraft,-2.797814127993354,31.0,0.13571568185212626,0.2869368449319154,0.0116339325904846,1,0,watercraft
shapenet1218,watercraft,0.0,0.0,0.7594690214641185,0.1404149532318115,0.1167070865631103,1,1,telephone
shapenet1220,watercraft,0.0,0.0,0.33254164328287555,0.1878006160259246,0.1703915894031524,1,1,car
shapenet1222,watercraft,0.0,0.0,0.634967255678,0.0673304200172424,0.0465555787086486,1,1,sofa
shapenet1224,watercraft,-0.46209812037329684,0.6666666666666666,0.238672950082137,0.0928698778152465,0.2359625697135925,1,1,airplane
shapenet1226,watercraft,0.0,0.0,1.1580790352482513,-0.0505056977272033,-0.0412117838859558,0,0,loudspeaker
shapenet1227,watercraft,0.0,0.0,0.7185792810202797,0.1333863139152526,0.0872152000665664,1,1,table
shapenet1228,watercraft,0.0,0.0,0.28699890530884753,-0.0245202779769897,-0.0418864488601684,0,0,airplane
shapenet1232,watercraft,-3.9240693543001037,239.33333333333334,0.09780941244724785,0.0087233781814575,-0.0523683726787567,0,0,watercraft
shapenet1234,watercraft,0.0,0.0,0.9585763721270523,0.1473914682865142,0.0737970471382141,1,1,chair
shapenet1241,watercraft,-4.86322434999613,128.66666666666666,0.03864016277841259,0.3040737509727478,0.1911015212535858,1,1,lamp
shapenet1242,watercraft,0.0,0.0,0.8538594730447988,0.0995131134986877,0.065611720085144,1,1,cabinet
shapenet1245,watercraft,0.0,0.0,0.25887145445137166,0.0128190517425537,-0.0709108710289001,0,0,airplane
shapenet1250,watercraft,0.0,0.0,0.9632948277503105,0.1305586695671081,0.1765789985656738,1,1,chair
shapenet1252,watercraft,-3.623033879913791,40.0,0.10287637651948293,-0.0778059363365173,-0.0800297260284423,0,0,watercraft
shapenet1253,watercraft,-3.1747826231985043,77.33333333333333,0.12952368212002394,0.1996057629585266,0.1112739741802215,1,1,watercraft
shapenet1255,watercraft,0.0,0.0,0.5527577273822023,-0.0193048417568206,-0.0990599989891052,0,0,chair
shapenet1256,watercraft,0.0,0.0,0.33148260452797645,-0.0615564584732055,0.0411356687545776,0,1,airplane
shapenet1258,watercraft,0.0,0.0,0.25889371594576477,0.1036314368247985,0.0757443904876709,1,1,car
shapenet1259,watercraft,0.0,0.0,1.1493320675119736,-0.0412296652793884,0.0579676926136016,0,1,cabinet
shapenet1260,watercraft,0.0,0.0,0.30010688950304915,-0.1005673110485076,-0.0567564666271209,0,0,car
shapenet1262,watercraft,0.0,0.0,1.1264212383219792,-0.1225801110267639,-0.0870117545127868,0,0,loudspeaker
shapenet1263,watercraft,0.0,0.0,0.5174688817083233,0.061439424753189,0.2409015595912933,0,1,chair
shapenet1264,watercraft,0.0,0.0,0.32182874985326143,-0.0150924921035766,-0.0506225824356079,0,0,car
shapenet1267,watercraft,0.0,0.0,0.8603084084668665,-0.109512984752655,-0.0879358649253845,0,0,display
shapenet1269,watercraft,0.0,0.0,0.8456867850444509,-0.0106319785118103,-0.1128704249858856,0,0,table
shapenet1271,watercraft,-5.6784449776055546,292.0,0.045121482173545335,0.160082995891571,0.2400241494178772,1,1,watercraft
shapenet1273,watercraft,0.0,0.0,0.4363673504022712,-0.0659877657890319,-0.0987838506698608,0,0,car
shapenet1274,watercraft,0.0,0.0,0.6872146761334226,0.1057978570461273,0.0599015057086944,1,1,table
shapenet1275,watercraft,0.0,0.0,0.2740116089932398,-0.0228751301765441,-0.02314954996109,0,0,airplane
shapenet1276,watercraft,0.0,0.0,0.8319398461362408,0.1144621074199676,0.0222522020339965,1,0,loudspeaker
shapenet1278,watercraft,0.0,0.0,0.3063350906267569,0.0608324408531188,0.0547105073928833,1,1,bench
shapenet1279,watercraft,0.0,0.0,0.9361794173224453,0.0441003441810607,0.1248415112495422,1,1,sofa
shapenet1283,watercraft,0.0,0.0,0.7479736893506216,0.026968240737915,0.0321806073188781,0,1,telephone
shapenet1285,watercraft,0.0,0.0,1.153862482031616,0.1742430925369262,0.1744775772094726,1,1,cabinet
shapenet1286,watercraft,0.0,0.0,0.770963058492289,0.0971771478652954,0.0578203797340393,1,1,table
shapenet1287,watercraft,0.0,0.0,0.419323526254902,0.1781458258628845,0.023853451013565,1,0,lamp
shapenet1288,watercraft,0.0,0.0,0.30722145918094085,0.0905930995941162,0.0026432871818542,1,0,car
shapenet1290,watercraft,0.0,0.0,0.24547263325891022,0.1252510547637939,-0.0206902623176574,1,0,car
shapenet1292,watercraft,0.0,0.0,1.0223211559582388,0.0441386103630065,-0.0366249680519104,1,0,cabinet
shapenet1294,watercraft,0.0,0.0,0.932461933614436,0.1808870732784271,0.0520908832550048,1,1,telephone
shapenet1295,watercraft,0.0,0.0,1.0397882612095621,0.0628077387809753,-0.013943612575531,1,0,cabinet
shapenet1296,watercraft,0.0,0.0,0.8081027658746294,0.2592304646968841,0.1303048133850097,1,1,chair
shapenet1297,watercraft,0.0,0.0,0.5637087665262709,0.0678123235702514,-0.087397426366806,1,0,lamp
shapenet1298,watercraft,0.0,0.0,0.5513079132182824,0.0219373703002929,-0.0304311513900756,1,0,table
shapenet1299,watercraft,0.0,0.0,0.680718286234117,0.1119648516178131,-0.0108265876770019,1,0,telephone
shapenet1300,watercraft,-3.060921201401983,55.0,0.12549258170887756,0.1446125507354736,-0.0670742690563201,1,0,watercraft
shapenet1303,watercraft,0.0,0.0,0.9178373468872678,0.0593602657318115,0.0482087135314941,0,1,table
shapenet1304,watercraft,0.0,0.0,0.24715142478061322,-0.0132112503051757,0.1141688823699951,0,1,airplane
shapenet1306,watercraft,0.0,0.0,0.937607103365924,-0.0093585848808288,-0.0301522016525268,0,0,sofa
shapenet1308,watercraft,0.0,0.0,0.3035327683893627,0.0068968534469604,-0.0412774085998535,1,0,display
shapenet1310,watercraft,0.0,0.0,1.0853809808419739,-0.0141911208629608,0.0020322203636169,0,0,loudspeaker
shapenet1312,watercraft,0.0,0.0,0.8613423896642239,0.2417525053024292,0.2861450910568237,1,1,chair
shapenet1314,watercraft,0.0,0.0,1.1251028822635587,0.0083431601524353,-0.0241385698318481,0,0,cabinet
shapenet1315,watercraft,-2.621217088482884,33.333333333333336,0.15220368007003393,-0.0748146176338195,-0.0929202437400817,0,0,bench
shapenet1316,watercraft,0.0,0.0,0.3463829108394252,0.223766803741455,0.0384072959423065,1,0,watercraft
shapenet1317,watercraft,0.0,0.0,0.6649829365940021,0.2141592502593994,0.0221961736679077,1,1,telephone
shapenet1318,watercraft,0.0,0.0,1.017592675786986,0.0971711874008178,0.0416124463081359,1,1,sofa
shapenet1320,watercraft,0.0,0.0,0.3227117961621158,-0.022664189338684,-0.0521267652511596,0,0,car
shapenet1321,watercraft,0.0,0.0,0.5041768549703246,0.0836746096611023,0.1811056733131408,1,1,chair
shapenet1322,watercraft,0.0,0.0,0.8889505844874798,0.0748478174209594,0.0022336840629577,1,0,display
shapenet1324,watercraft,0.0,0.0,0.9932776780828698,-0.0025975704193115,-0.0625313520431518,0,0,cabinet
shapenet1325,watercraft,0.0,0.0,0.2920122389009819,0.1893198192119598,0.2240466475486755,1,1,airplane
shapenet1328,watercraft,0.0,0.0,1.0531788847429988,-0.0662456750869751,-0.0170623064041137,0,0,cabinet
shapenet1330,watercraft,0.0,0.0,0.3228219746436476,0.0508078932762146,0.0023592710494995,1,0,car
shapenet1333,watercraft,0.0,0.0,0.9698112926214432,0.0617651343345642,0.1400061249732971,1,1,sofa
shapenet1337,watercraft,-5.636578178603696,280.0,0.050218861534345384,-0.0102950036525726,-0.0612450242042541,0,0,watercraft
shapenet1339,watercraft,-5.231101480332563,263.3333333333333,0.06268082579701996,0.0018439888954162,0.0218293070793151,0,0,watercraft
shapenet1341,watercraft,0.0,0.0,0.29217445172716866,-0.0665925741195678,-0.0259963870048522,0,0,car
shapenet1347,watercraft,-5.2488270310750975,205.0,0.04154304684745844,0.1113266944885253,0.0497165322303772,1,1,watercraft
shapenet1349,watercraft,0.0,0.0,0.9933287824874651,0.054551362991333,0.0098820328712463,1,1,sofa
shapenet1351,watercraft,-0.46209812037329684,0.6666666666666666,0.19327499501168524,0.0192749500274658,-0.1281042695045471,1,0,airplane
shapenet1353,watercraft,0.0,0.0,0.22765579722256327,0.0611131787300109,0.011461853981018,1,0,airplane
shapenet1354,watercraft,0.0,0.0,0.9428971231384344,0.0888619422912597,0.13924640417099,1,1,sofa
shapenet1357,watercraft,0.0,0.0,0.8524227730227826,0.1085718274116516,0.1531468033790588,1,1,chair
shapenet1358,watercraft,0.0,0.0,0.9938364890255745,0.1854267418384552,0.0548915863037109,1,1,telephone
shapenet1359,watercraft,0.0,0.0,0.4009158547387419,0.0343877673149108,-0.0677734315395355,1,0,car
shapenet1360,watercraft,0.0,0.0,0.7905285870645381,0.0101394653320312,0.0815763473510742,0,1,display
shapenet1361,watercraft,0.0,0.0,0.8848181229702147,0.0455310940742492,0.1332599520683288,1,1,chair
shapenet1362,watercraft,-0.7324081924454066,1.3333333333333333,0.1771204901313592,0.0157038569450378,0.2001701593399047,1,1,airplane
shapenet1364,watercraft,0.0,0.0,0.946295852935148,0.2272155880928039,-0.0023027658462524,1,0,sofa
shapenet1369,watercraft,0.0,0.0,0.2940649575526572,0.0694687366485595,0.0285881161689758,1,0,car
shapenet1372,watercraft,0.0,0.0,1.0624641134886486,-0.0059061646461486,-0.0846184492111206,0,0,cabinet
shapenet1375,watercraft,0.0,0.0,0.23381738770745167,0.0647671818733215,0.2516615986824035,1,1,airplane
shapenet1377,watercraft,-0.9241962407465937,1.6666666666666667,0.19021371848534827,0.1023510992527008,-0.019837737083435,1,0,watercraft
shapenet1378,watercraft,-3.0319423283958074,64.33333333333333,0.11002179864285866,0.1586863994598388,0.123207002878189,1,1,watercraft
shapenet1380,watercraft,0.0,0.0,0.697080502860354,0.018472671508789,-0.034300684928894,0,0,loudspeaker
shapenet1381,watercraft,0.0,0.0,0.2694915636598929,0.073028564453125,0.0163037180900573,1,0,car
shapenet1383,watercraft,0.0,0.0,1.087725792706004,-0.066961258649826,-0.0893880128860473,0,0,loudspeaker
shapenet1386,watercraft,0.0,0.0,0.7767941555703599,0.0207321643829345,-0.0486639142036438,1,0,display
shapenet1390,watercraft,0.0,0.0,0.5609669957479352,-0.0775337815284729,-0.0018378496170043,0,0,telephone
shapenet1391,watercraft,0.0,0.0,1.0196765404185657,0.1644350588321685,0.0870592892169952,1,1,loudspeaker
shapenet1392,watercraft,0.0,0.0,0.4248661758635826,0.2810278832912445,0.0623784959316253,1,1,telephone
shapenet1393,watercraft,-5.389396195067268,225.0,0.04964460954011469,0.2012386322021484,0.0460767447948455,1,1,watercraft
shapenet1394,watercraft,0.0,0.0,0.7246939984901087,-0.0616882443428039,-0.0540354251861572,0,0,cabinet
shapenet1396,watercraft,-0.46209812037329684,0.6666666666666666,0.23351685465305216,-0.0395657420158386,0.0044541358947753,0,0,airplane
shapenet1397,watercraft,0.0,0.0,0.41799232882830656,0.2220906615257263,0.0369684100151062,1,0,chair
shapenet1401,watercraft,0.0,0.0,0.264027896800633,0.0080849528312683,0.0131690502166748,0,1,airplane
shapenet1402,watercraft,0.0,0.0,0.7705793317015116,0.1651029884815216,0.1425019204616546,1,1,chair
shapenet1404,watercraft,0.0,0.0,0.26980477313718837,-0.0075048804283142,0.0062756240367889,0,0,car
shapenet1406,watercraft,0.0,0.0,0.23786686934077542,0.0074056982994079,0.3007927983999252,0,1,airplane
shapenet1411,watercraft,0.0,0.0,0.7839890207665663,0.1734966337680816,-0.0718332529067993,1,0,sofa
shapenet1413,watercraft,-3.737259943607992,45.333333333333336,0.10187775219356353,0.1195115447044372,0.1350704431533813,1,1,bench
shapenet1418,watercraft,0.0,0.0,0.3193294581610715,-0.0197211503982543,-0.0357309579849243,0,0,car
shapenet1419,watercraft,0.0,0.0,0.9291852290227786,-0.0563997328281402,-0.0601184368133544,0,0,table
shapenet1421,watercraft,-2.2958508572215393,10.0,0.13903267855619963,-0.0671824514865875,-0.0841362178325653,0,0,watercraft
shapenet1422,watercraft,0.0,0.0,0.22268674018949616,-0.0026185512542724,0.0270657539367675,0,0,airplane
shapenet1423,watercraft,0.0,0.0,0.947271467418596,0.0860530138015747,0.011841595172882,1,0,telephone
shapenet1427,watercraft,0.0,0.0,0.9776280993968699,0.0586674809455871,0.0036223232746124,1,0,display
shapenet1428,watercraft,0.0,0.0,0.24992664355362484,0.0355274081230163,0.0156983733177185,1,1,car
shapenet1429,watercraft,0.0,0.0,0.7816210098847934,0.0565605163574218,0.0356457233428955,1,1,sofa
shapenet1433,watercraft,0.0,0.0,0.4664670313732939,0.0323283672332763,0.0484888553619384,1,1,car
shapenet1435,watercraft,0.0,0.0,0.7282209442527522,0.2933548390865326,0.2590386867523193,1,1,bench
shapenet1436,watercraft,0.0,0.0,0.2782300193771195,0.0087838172912597,-0.0135230422019958,1,0,airplane
shapenet1439,watercraft,0.0,0.0,0.8856764915024667,-0.009675770998001,-0.0303328335285186,0,0,lamp
shapenet1441,watercraft,0.0,0.0,0.2327501585388659,0.0805814266204834,0.2989781647920608,1,1,airplane
shapenet1445,watercraft,0.0,0.0,0.22807160153471098,0.0398909449577331,0.1273740828037262,1,1,airplane
shapenet1448,watercraft,0.0,0.0,0.9423667229720682,0.0140172243118286,0.0211828351020813,0,0,cabinet
shapenet1449,watercraft,0.0,0.0,0.932374948849681,-0.0312379002571105,-0.092201292514801,0,0,cabinet
shapenet1451,watercraft,0.0,0.0,0.9420158301311655,0.0916780829429626,0.0839506983757019,1,1,display
shapenet1455,watercraft,0.0,0.0,0.28719353828238536,0.0922161936759948,0.2689354419708252,1,1,airplane
shapenet1460,watercraft,0.0,0.0,0.8754913788961396,0.1829025745391845,0.1210862696170806,1,1,telephone
shapenet1466,watercraft,-0.7324081924454066,1.3333333333333333,0.23274768636201396,0.0198193788528442,0.0665410161018371,1,1,airplane
shapenet1468,watercraft,0.0,0.0,0.2942106795448758,-0.0468372106552124,-0.0724620223045349,0,0,car
shapenet1470,watercraft,0.0,0.0,0.408648017444006,0.1197807788848877,0.066514253616333,1,1,chair
shapenet1472,watercraft,-1.0986122886681098,2.0,0.23833903484529814,0.0520042181015014,0.1541776061058044,1,1,airplane
shapenet1473,watercraft,-4.516073058386742,155.0,0.08188673520098884,0.1244460642337799,-0.0264171659946441,1,0,watercraft
shapenet1474,watercraft,0.0,0.0,0.28601451831968666,0.0681105852127075,-0.0212944746017456,1,0,car
shapenet1475,watercraft,0.0,0.0,1.0823582391198319,0.0681241750717163,0.0465022921562194,1,1,cabinet
shapenet1477,watercraft,0.0,0.0,0.6349788732522174,0.2264348566532135,0.1609391570091247,1,1,lamp
shapenet1478,watercraft,0.0,0.0,0.22018737206992575,0.1111477017402648,0.2385966181755066,1,1,airplane
shapenet1479,watercraft,0.0,0.0,0.3401708447917995,0.0240993499755859,0.0612667202949523,0,1,car
shapenet1480,watercraft,0.0,0.0,1.0911149090077428,-0.0724462270736694,-0.0533498525619506,0,0,cabinet
shapenet1484,watercraft,-2.9044725511263945,51.333333333333336,0.2615576043719616,0.0793238580226898,-0.0063869357109069,1,0,telephone
shapenet1486,watercraft,0.0,0.0,0.7873112156697508,0.1198328137397766,0.1304951906204223,1,1,table
shapenet1487,watercraft,0.0,0.0,0.9417735155302654,-0.0513708591461181,-0.0183818340301513,0,0,telephone
shapenet1489,watercraft,0.0,0.0,1.0239061844638073,0.0820908844470977,-0.0345554053783416,1,0,loudspeaker
shapenet1491,watercraft,0.0,0.0,0.6526219621147203,0.1668737530708313,0.234607994556427,1,1,chair
shapenet1494,watercraft,-2.740582576115541,40.0,0.33837448811282744,0.0070025324821472,-0.089490532875061,0,0,bench
shapenet1495,watercraft,0.0,0.0,0.925455954801991,0.0543244779109954,0.1683225631713867,1,1,cabinet
