model,trial,dist,margin,dc,mc
0,0,0.48046958150622443,0.2651250064373016,0.03713268640703932,0.004684817045927048
0,1,0.4646018926962062,0.1548976600170135,0.04713340646295133,0.011089902371168109
0,2,0.4409455741288059,0.1550122499465942,0.022399403050945788,0.015994688495993614
0,3,0.4159853718542056,0.3366009593009949,0.013216513358046578,0.01636767014861107
0,4,0.3348268234864854,0.0099345445632934,-0.003694475939194919,-0.0022992342710494995
0,5,0.3859009653882217,0.0117092728614807,-0.0044207470379789005,-0.0005469694733619239
0,6,0.5772341890137984,0.0142222046852111,-0.03682686363303933,0.01732901483774175
0,7,0.5797006880521002,-0.0297904014587402,-0.014035523238934533,0.010233402252197266
0,8,0.6234827106214543,0.1984593570232391,-0.0441744505794871,0.006581239402294159
0,9,0.3839860538952266,0.0738822221755981,-0.032536378844171154,0.0011716634035110474
0,10,0.40294231495011823,0.2510587275028229,-0.014219547122059362,-0.00505039282143116
0,11,0.39498592428866514,0.0808784961700439,-0.0021178032757598886,-0.006352242082357407
0,12,0.37585909913542415,0.1702920198440551,-0.053515257927015114,0.04800219461321825
0,13,0.45605864351311876,0.1981651782989502,-0.05868450019390414,0.029560197144746808
0,14,0.4440030547257674,-0.0026757717132568,-0.049246029088899246,-0.0034034177660941497
0,15,0.3976737818002153,0.1039767861366272,0.05664159368331906,0.01060548424720767
0,16,0.3824647381007656,0.0368379354476928,0.03896393252270125,-0.002350233495235457
0,17,0.3976737818002153,0.157164454460144,0.05664159368331906,-0.016801297664642334
0,18,0.38821437423189664,0.0108805894851684,0.01048979361098562,-0.008074242621660286
0,19,0.38291722956077767,0.1685466766357422,0.023694305709568653,0.005979500710964258
0,20,0.3454482129358344,0.1429830193519592,0.01708282985383791,-0.021893367171287537
0,21,0.4519983205798084,0.2373412847518921,0.050454282943924456,0.018190689384937342
0,22,0.528575920140261,0.2708607912063598,0.051920084625797724,0.02185938134789464
0,23,0.487060071201337,0.1159019470214843,0.06382803678828608,-0.0157880373299122
0,24,0.4327355324217439,0.1612772047519683,0.07001534752768068,-0.0005916059017181952
0,25,0.4324491616090933,0.1331859230995178,0.05734133839963468,-0.005642611533403369
0,26,0.4333039593999551,0.1183266639709472,0.05440344166476346,0.004560612142086001
0,27,0.41532448480897527,0.4162535816431045,0.028954065081945812,0.041337595321237985
0,28,0.4068772099410246,0.2766988798975944,0.02189772283055802,0.023739447002299074
0,29,0.4210741209401063,0.2430902421474456,0.0004799261702301827,0.05340834148228166
0,30,0.4807968024937441,0.1404540538787841,0.04672584420557241,-0.007671214640140561
0,31,0.5555172146338161,0.0177624225616455,0.07461603117302174,-0.012905187904834723
0,32,0.4886756503834836,0.0502329468727111,0.06939409231987742,-0.001544285565614742
0,33,0.6619379070155007,0.2443140745162964,-0.0021880619559434544,-0.010150332003831808
0,34,0.6307608299517246,0.0695212483406066,-0.01053977626380831,-0.01503649726510052
0,35,0.5881534469851493,0.1152108013629913,-0.02471793963798008,0.001065913587808609
0,36,0.2947579116196283,0.0864356160163879,-0.0007914876797650017,0.010129759088158607
0,37,0.33336190130779636,0.4134397692978382,-0.010916434530431063,0.03339182445779448
0,38,0.3608899642439307,0.0710680484771728,0.0003909155386745966,0.014597933739423745
0,39,0.5404187751241292,0.0112156867980957,0.07643224220746514,0.005782984197139737
0,40,0.5125589416991739,0.0296846032142639,0.047060029795829295,-0.010007001459598503
0,41,0.5404187751241292,0.0275632143020629,0.07643224220746514,0.019250690937042188
0,42,0.4726437684556608,0.1543290913105011,0.01076442889857221,0.009214974939823178
0,43,0.4250125435868136,0.4072305262088775,0.03080318020342032,0.017515510320663452
0,44,0.4011996896771819,0.2238808572292328,0.008515846236284763,-0.010449968278408023
0,45,0.6068424530109082,0.3255928605794906,-0.007063637976624237,0.025227937847375814
0,46,0.5962306225513161,-0.0890031456947326,-0.030773704517313205,-0.011712733656167956
0,47,0.6623275696111501,0.149198830127716,0.004209184464105786,-0.006337292492389707
0,48,0.48969197198155934,-0.0007815957069396,-0.029364136002417496,0.0014593601226807374
0,49,0.48740171135482924,0.0415796041488647,-0.0006256067602491977,-0.022514216601848595
0,50,0.4578082282882069,0.0951908230781555,-0.017917559637347202,-0.004856795072555528
0,51,0.542333003654861,-0.0194058418273925,-0.010109517906584653,0.0002943575382232874
0,52,0.597818120255103,0.379980981349945,0.0011633045341452597,0.00925218872725958
0,53,0.44775327439009505,0.0508102774620056,-0.026198123357554115,-0.012746326625347082
0,54,0.4453050066690625,0.0840208530426025,0.036602842378470946,-0.010042466223239885
0,55,0.48422964485111686,0.1763494610786438,0.025503968831161183,0.0071182809770107824
0,56,0.5122331175650534,0.2784327119588852,0.027094655158103276,0.028945134952664403
0,57,0.40464155017127185,0.2430558204650879,0.03824492276592745,0.019993577152490644
0,58,0.40464155017127185,0.3299080431461334,0.03824492276592745,0.01624400168657303
0,59,0.40464155017127185,0.13157919049263,0.03824492276592745,0.01274891570210461
0,60,0.3697135686711367,0.0159189105033874,-0.01766794170344288,-0.0033594146370887756
0,61,0.3592488190592782,0.0248234272003173,-0.024214642555145993,-0.006896823644638089
0,62,0.3592488190592782,-0.014630913734436,-0.024214642555145993,0.002220481634139973
0,63,0.535327530552101,0.206728994846344,-0.00939734702721573,0.036823220551014
0,64,0.5499028537966126,0.2486609518527984,-0.0073847540001326095,0.0010612159967422208
0,65,0.6169763322004966,0.1218222081661224,0.012149140406162995,0.012140540406107916
0,66,0.5479847579617074,0.2216534912586212,-0.03916026996902833,-0.004043232649564743
0,67,0.5479847579617074,0.2042832672595977,-0.03916026996902833,0.006367124617099734
0,68,0.5479847579617074,0.2985863089561462,-0.03916026996902833,0.010150294750928879
0,69,0.415353896215351,0.1033683717250824,0.03171259432192364,-0.0070425048470496715
0,70,0.415353896215351,0.111319899559021,0.03171259432192364,-0.010658554732799488
0,71,0.3978399024475767,0.1019113659858703,0.0286979577421404,0.013398595154285431
0,72,0.4949799046308519,0.261077731847763,-0.00380988674131727,-0.01231884397566324
0,73,0.4852415063291745,-0.0026143193244934,-0.002176198841142285,-0.04060052335262294
0,74,0.5594240881960996,0.079310119152069,0.027719593462914305,-0.04022442921996121
0,75,0.39452688951642984,0.1969639062881469,-0.029331903645424484,0.02005448564887044
0,76,0.3681914136017251,0.1660612821578979,-0.00010417456707512152,0.009359177201986313
0,77,0.3598600742519736,0.0332714915275573,-0.007502795868247536,-0.02550455927848818
0,78,0.5419319262352342,0.2812906205654144,0.0757539821672143,0.012450663372874204
0,79,0.4787836774768614,0.1919654905796051,0.04923511441457756,-0.005073498934507342
0,80,0.5409329945288959,0.1763151884078979,0.04191421030677456,0.021469052881002426
0,81,0.5030710935943212,0.1162376403808593,0.052466928153763526,0.015025436878204332
0,82,0.5131760195427222,0.1273452639579773,0.047008521817882454,-0.004552744328975622
0,83,0.549540220478951,0.1028380393981933,0.07038567646972438,1.924484968184037e-05
0,84,0.3796752891248213,0.361055850982666,-0.003743445374612131,0.021571772173047066
0,85,0.36752415366253155,-0.0229476690292358,-0.02498812871260686,0.005645252764224999
0,86,0.38607463051766666,0.0774892568588256,-0.006528210429086523,-0.014078572392463712
0,87,0.5336595768685654,0.1121370494365692,-0.0376769666927097,0.024608321487903623
0,88,0.5336595768685654,0.1078539192676544,-0.0376769666927097,0.02869142591953279
0,89,0.45605864351311876,0.2239183485507965,-0.05868450019390414,0.017926659435033826
0,90,0.7592353140212619,0.3106332868337631,0.0029181353969651713,0.011433303356170654
0,91,0.8152062051056667,0.1694187819957733,0.005710595061726886,-0.017401712015271187
0,92,0.673538056933796,0.2038547545671463,0.02689594973572318,0.03188733011484149
0,93,0.5820234283393506,-0.0370908975601196,-0.050706886911657145,-0.0009733512997627397
0,94,0.5907762210830001,-0.0294840931892395,-0.06412306757502373,-0.011191219091415436
0,95,0.6700887078315971,0.0844026207923889,-0.051900535504124545,0.02581567317247392
0,96,0.5843883905897285,0.1061758399009704,-0.022717479740926194,-0.019522048532962827
0,97,0.5843883905897285,0.1655201911926269,-0.022717479740926194,-0.009110797196626691
0,98,0.6169833157805864,0.1076499819755554,-0.007384467127825922,-0.021473422646522508
0,99,0.42408754189595227,-0.0219947695732116,0.05144294570135738,-0.005230754613876339
0,100,0.4528189458489634,0.0487298369407653,0.023467851165825726,-0.009632751345634502
0,101,0.491543696101583,-0.0351980328559875,0.05895531312097135,-0.0023965239524841517
0,102,0.5781520136899547,0.0512098670005798,0.04634755240559518,0.009317275136709234
0,103,0.5736174435308079,0.0720937252044677,0.08158115124197873,0.005748406052589389
0,104,0.60601184711491,-0.0061977207660675,0.07571976481723097,-0.0042733512818813124
0,105,0.3701902815203367,0.0858340263366699,0.011518351338196342,-0.011461310088634463
0,106,0.3981758915685524,0.3126330226659775,0.031409881911659165,0.0031922105699777603
0,107,0.3191161396186003,-0.0066758394241333,0.012244622436980268,-0.017143502831458986
0,108,0.4957991369819816,-0.0142043828964233,0.00840698807168011,-0.006868936121463763
0,109,0.48493422015431714,0.110434353351593,0.002291738528170273,-0.00017157196998593416
0,110,0.4824677211160153,0.0530772507190704,-0.02049960186593458,-0.007822796702384942
0,111,0.38540770572766325,0.0476029515266418,0.004354651328497161,-0.009926751255989089
0,112,0.3417311233417245,-0.047972559928894,0.004711821383931447,-0.003468416631221785
0,113,0.3417311233417245,0.2037653923034668,0.004711821383931447,0.04030647501349452
0,114,0.5271651602146068,0.305771991610527,-0.03279578682319473,-0.009345717728138025
0,115,0.4963225994929484,0.2827748656272888,-0.011697289605176964,0.004794742912054117
0,116,0.4963225994929484,0.2540538907051086,-0.011697289605176964,0.00901562348008153
0,117,0.39120411698135854,0.3059391975402832,-0.0363508808725147,0.033527813851833344
0,118,0.41890883691858827,0.2272213101387024,-0.011679711784506774,0.04641497507691386
0,119,0.39120411698135854,0.1243441700935363,-0.0363508808725147,0.049481254070997224
0,120,0.42815114511431895,0.1646214723587036,0.0384863778846215,-0.012175951153039877
0,121,0.38555586056201774,0.2705123126506805,0.026749343053944163,0.018421806395053808
0,122,0.4135414706102335,0.3408240079879761,0.04664087362740704,-9.322352707386017e-05
0,123,0.5561318045891144,0.0947632789611816,0.07690645973949145,0.023842200636863695
0,124,0.4735772108737966,0.0920373797416687,0.07121030335432071,-0.007084973156452137
0,125,0.5427865454397662,0.0332837700843811,0.05389014988894297,-0.0027021393179893285
0,126,0.452734896090373,0.0738616585731506,0.02120350101692775,-0.003617059439420686
0,127,0.529823078546082,0.1184922456741333,0.026551595665854966,0.0011456981301308095
0,128,0.529823078546082,0.2116784155368805,0.026551595665854966,0.0008040256798267642
0,129,0.5501978284455721,0.2528136819601059,-0.0335681665696862,0.006319621577858925
0,130,0.5203750038351184,0.2229199409484863,-0.05398445969657084,0.003033634275197983
0,131,0.5203750038351184,0.3315063118934631,-0.05398445969657084,0.0023114625364541452
0,132,0.44160068831496846,0.2787213027477264,0.025739895064943175,0.0025790184736251276
0,133,0.32289901017620287,-0.0616036653518676,-0.00938097504818386,-0.003923110663890811
0,134,0.36227821940650506,0.0890281796455383,-0.0025023294847284494,-0.025961779057979556
0,135,0.514926712014811,-0.0178944468498229,0.024517937477307183,-0.0029392912983894
0,136,0.5025003253875181,0.0207700133323669,-0.006726625102957295,-0.001041322946548448
0,137,0.47061658169416565,0.0187058448791503,0.004719951262112998,-0.0011224225163459986
0,138,0.5115919886953967,0.0035155713558197,-0.041946489850958724,-0.013317395001649862
0,139,0.554199371661972,0.0975978076457977,-0.027768326476786842,-0.03402956947684288
0,140,0.554199371661972,0.2168930470943451,-0.027768326476786842,-0.027106380090117427
0,141,0.3059124683633009,0.2858844846487045,0.012650853735252543,0.03579305484890938
0,142,0.3695570229632468,0.2261197566986084,0.02654720645271086,0.007741224020719556
0,143,0.30219522385978403,0.2225343734025955,0.008802334821670588,0.02479516156017783
0,144,0.5115919886953967,0.0965874195098877,-0.041946489850958724,0.025632377713918728
0,145,0.5868141579327815,0.2585974931716919,-0.04701256051089964,0.02638413384556773
0,146,0.5851342590451458,0.1369974911212921,0.015811257427621017,-0.022885289043188095
0,147,0.5548429637377671,-0.039827674627304,0.04393139279868441,-0.010570023208856562
0,148,0.4498753362461757,0.4008441716432571,0.019036851958760814,0.02148444391787052
0,149,0.4573126484863316,0.3323761522769928,0.028630674460196515,0.012719333171844538
0,150,0.6363908946038151,0.2400666773319244,0.09861381142135828,0.018904224038124084
0,151,0.663478461034321,0.0084956884384155,0.07791915346919354,-0.03841684758663176
0,152,0.677906743542739,0.1623777151107788,0.08670585925886976,0.003053985536098508
0,153,0.5304933950706783,0.1130636930465698,0.018400691764311916,0.003926470875740079
0,154,0.500899912004056,0.0558956861495971,0.001108738887214078,-0.012776114046573667
0,155,0.5058930785504699,0.0809482932090759,0.0024684429993478973,0.00936743617057803
0,156,0.45797955899010234,0.0744496881961822,0.013779432873974762,0.0049866847693920135
0,157,0.5030710935943212,-0.0472500324249267,0.052466928153763526,-0.01513423770666121
0,158,0.45797955899010234,0.0818599462509155,0.013779432873974762,0.012592840939760222
0,159,0.3944556268899804,0.0480459928512573,0.018536058492199303,-0.010904267430305446
0,160,0.3396642404847273,-0.0217189788818359,0.015413810677401385,-0.034651249647140434
0,161,0.3978399024475767,0.2095354795455932,0.0286979577421404,0.00547967851161954
0,162,0.6397346930176748,-0.0621685087680816,0.08893736859451662,-0.008320059627294513
0,163,0.6458592220082401,0.1033035516738891,0.08282952549876865,-0.0027290694415569444
0,164,0.6397346930176748,0.0397449135780334,0.08893736859451662,-0.005037717521190636
0,165,0.47560974824057956,-0.0779521465301513,0.006079655374246928,-0.016500346362590776
0,166,0.47560974824057956,0.0873423814773559,0.006079655374246928,-0.015034794807434082
0,167,0.4272797817793028,0.1307836472988128,0.008209148986834947,-0.014251142740249662
0,168,0.5208974749341809,0.4031425714492798,-0.0575890079468363,0.013554038479924202
0,169,0.53126487043252,0.0490116477012634,-0.042766666447334734,-0.0037035569548606664
0,170,0.5088418861468296,-0.0111676454544067,-0.04815053684183146,0.00184206664562225
0,171,0.3655008522992325,0.0999699234962463,-0.036381352854574944,-0.03346195816993715
0,172,0.3692692067267118,0.2326903939247131,-0.038833571677405476,-0.0207229554653168
0,173,0.3886388397071515,0.0429930090904235,-0.025603025133849378,-0.013850308954715763
0,174,0.4075187389471637,-0.0400962829589843,-0.022149550971055254,0.0008262619376182764
0,175,0.40227280469113713,0.0144835114479064,0.0003362482568231018,-0.014754667878150975
0,176,0.3977803406454863,0.0135882496833801,-0.020515863070880214,0.006690375506877899
0,177,0.5043310560480673,0.0982797145843505,0.1035905575317051,0.012634053826332065
0,178,0.527750141454579,0.1740246415138244,0.07365227421558801,0.016098547726869555
0,179,0.5314186224785732,0.2535005509853363,0.08289589957954047,0.03931611031293872
0,180,0.460510317764105,0.2074256539344787,0.06322539470007926,-0.003047559410333661
0,181,0.4955720683856336,-0.0690606832504272,0.07659914854444094,-0.0041131824254989485
0,182,0.4955720683856336,-0.0161079764366149,0.07659914854444094,0.0051121264696121355
0,183,0.6068424530109082,0.2639641910791397,-0.007063637976624237,0.0027079321444034576
0,184,0.542333003654861,-0.0009371638298034,-0.010109517906584653,0.0022461637854576375
0,185,0.542333003654861,-0.0089595317840576,-0.010109517906584653,0.002144500613212537
0,186,0.5617799600760374,0.2961084246635437,0.02220900602744047,0.008043154142796993
0,187,0.49940842487435133,0.1926126778125763,0.01936694471660938,0.01761280000209811
0,188,0.6654874167028567,0.3261725902557373,0.029039246727340595,0.00982578843832016
0,189,0.5087311390565834,0.0431342720985412,-0.03124192152170502,-0.006906002759933479
0,190,0.48236565672930387,0.2063284218311309,-0.033657775945384105,0.030706197023391696
0,191,0.49569707259527007,0.2654889523983001,-0.00475118600776947,0.014154154807329122
0,192,0.3981758915685524,0.0317198485136032,0.031409881911659165,-0.007471961900591802
0,193,0.3981758915685524,0.1783207952976226,0.031409881911659165,-0.005083715543150957
0,194,0.3983324269107838,0.1193520128726959,0.028963212466789234,0.006237097084522261
0,195,0.5836903300376193,-0.0363061428070068,0.018187749445289003,0.00034756213426587884
0,196,0.5644606906180782,0.264348566532135,-0.011081374039787706,0.014686129987239865
0,197,0.540745900386359,0.0846278667449951,-0.015258532018969762,0.0019772052764892717
0,198,0.5201279890779267,0.1151897311210632,-0.0024791392227824227,0.038146801292896285
0,199,0.5181845524996324,0.0411592721939086,-0.019001400578732786,-0.010150901973247577
0,200,0.5176614900396248,0.1610214710235595,-0.02527047961688733,0.04141945391893383
0,201,0.39746495375927826,0.2457471787929535,0.009197592594668513,0.010062798857688932
0,202,0.44040555227054634,0.0536699891090393,0.04523959455333526,-0.018488094210624646
0,203,0.34215173850908387,0.1436488479375839,0.002699861178382612,0.007922176271677017
0,204,0.37436044867196683,0.3353190124034881,-0.01051150484847857,0.0073039680719375055
0,205,0.3632195749737708,0.2968001961708069,-0.02456200791827251,0.017132598906755447
0,206,0.34501653841376567,0.1118255853652954,-0.032416760708997516,0.025982521474361434
0,207,0.46387202653910886,0.2707188427448272,-0.024290192592845206,0.029124369844794246
0,208,0.4663385255774107,0.2464213967323303,-0.0014988521987403525,0.036270081996917725
0,209,0.4772034424050751,0.2578920722007751,0.004616397344769485,0.013680102303624125
0,210,0.5016940248715095,-0.0085244178771972,0.04094478025231946,-0.0024048760533332374
0,211,0.5016940248715095,0.057699978351593,0.04094478025231946,-0.006608255207538584
0,212,0.5040617951871466,-0.0590543150901794,0.018402687933797346,-0.00489470362663269
0,213,0.598425201752681,0.0960958003997802,0.09702880265966296,-0.01504746079444888
0,214,0.5608820719816356,0.0442706942558288,0.07881892184377748,-0.009659849107265472
0,215,0.598425201752681,0.0993116497993469,0.09702880265966296,-0.029283277690410586
0,216,0.4634930551295332,0.183621808886528,0.02073350743557356,-0.007164547219872475
0,217,0.4634930551295332,0.3240306004881859,0.02073350743557356,0.00404988881200552
0,218,0.40874826685754995,0.1733666658401489,-0.0013761298436296698,-0.04817625880241391
0,219,0.45346003249087063,0.1371119916439056,-0.03250772442582084,0.00827503576874733
0,220,0.3264795969725969,0.1631760001182556,-0.049857204719602755,-0.011057995259761783
0,221,0.41044749577777084,0.1978780627250671,-0.057478665809322205,-0.009595561772584915
0,222,0.5015952961488448,0.0097467899322509,-0.004388652460307396,-0.004117533564567575
0,223,0.46111736553588634,0.0302416086196899,-0.015043593530461308,0.012947179377079
0,224,0.5176614900396248,0.0639975666999816,-0.02527047961688733,0.001978181302547427
0,225,0.3308110722900345,0.0935462117195129,0.004639705774740932,-0.010226041078567505
0,226,0.3495492980248814,0.4130730852484703,0.0023307601350329166,0.02470855414867401
0,227,0.3308110722900345,0.0143324136734008,0.004639705774740932,-0.0023389458656311365
0,228,0.5547880107539556,0.0549784302711486,-0.04113570906421615,0.009081102907657596
0,229,0.49163540855985366,0.0017088651657104,-0.012841874646467133,-0.0029731094837188747
0,230,0.5025003253875181,0.0088328123092651,-0.006726625102957295,1.4126300811762374e-05
0,231,0.46663484675467026,0.0115180611610412,0.05711755160433135,-0.005879752337932611
0,232,0.45818757188671966,0.210191398859024,0.05006120935294367,-0.0031541846692562103
0,233,0.4545169255164727,0.3515567034482956,0.027225300974956457,0.018638757988810595
0,234,0.43659841998226956,0.0741452574729919,0.045542720136009185,-0.011095248162746416
0,235,0.4569708573479724,-0.0219307541847229,0.03284591067319276,-0.012251049280166638
0,236,0.4554899069009173,0.2524730265140533,0.012647964404722767,0.006910819560289355
0,237,0.5040617951871466,-0.0057383179664611,0.018402687933797346,0.0011766031384468374
0,238,0.560605919690885,-0.0766956806182861,0.008175801847371322,-0.014622114598751082
0,239,0.514926712014811,0.0389878153800964,0.024517937477307183,0.0005942583084106515
0,240,0.5267512097482407,0.3569081574678421,0.03981250235514833,0.03637841157615185
0,241,0.503332124341729,0.231187492609024,0.06975078567126547,0.018536761403083774
0,242,0.5287841638067048,0.0931110382080078,0.0497966474965284,0.027516148984432248
0,243,0.344682633532602,0.0247336626052856,-0.04200245192887775,-0.018650591373443586
0,244,0.3484509879600812,0.2496352791786193,-0.044454670751708336,0.008013542741537039
0,245,0.3839860538952266,0.0860720872879028,-0.032536378844171154,0.005507104098796858
0,246,0.7123741247085984,0.1467732489109039,-0.014160803036051495,0.015901509672403336
0,247,0.7861585847389498,0.135423481464386,0.00836907464598513,-0.0013763904571532648
0,248,0.66256890913406,0.1141941547393798,-0.013158903353049811,0.0130902454257011
0,249,0.6562052067540448,0.019753873348236,-0.005566939122147674,-0.006699841469526326
0,250,0.6495967290636815,0.1099717915058136,0.012500009209175378,0.008006714284420055
0,251,0.589220404852256,0.1071540713310241,0.013583850150560961,-0.006676252931356458
0,252,0.5356123709435627,0.1712727546691894,-0.0034856385958235148,-0.0014461800456047336
0,253,0.5273370363403094,0.0017046332359313,-0.002712152438362758,-0.006614618003368424
0,254,0.492450291155658,-0.0080007314682006,0.011261313325885203,-0.002631507813930463
0,255,0.4983477646908303,0.3851148784160614,-0.006512489563272328,0.01901903748512268
0,256,0.46642603901145785,0.0317209362983703,-0.043862158694402464,-0.004334226250648512
0,257,0.5671113827136385,0.3006180971860885,-0.012842677595290675,0.019724288955330793
0,258,0.5217142928874862,0.2382106184959411,-0.031689838823651284,-0.008284946903586415
0,259,0.5337018136458652,0.120106816291809,-0.03689732596974127,-0.010530214756727246
0,260,0.5445531082035574,0.2428812682628631,-0.04197892362888245,-0.016212977468967438
0,261,0.3344817186602814,0.3513803035020828,0.027475614152728145,0.03480724059045315
0,262,0.3734063568423357,0.3727017492055893,0.016376740605418272,0.021423215046525
0,263,0.330436083280492,0.3347110152244568,0.0033576216553682925,0.01756267249584198
0,264,0.4226089101883265,0.3378174901008606,-0.02438101780425267,0.01785503514111042
0,265,0.41917446064201097,0.2928893715143204,-0.01234310776154185,0.03676977939903736
0,266,0.4226089101883265,0.2851595282554626,-0.02438101780425267,0.00935575366020197
0,267,0.5118588313289911,0.2895767390727997,-0.04565718480222303,0.009075023233890533
0,268,0.48160839655027565,0.0986926257610321,-0.05071608493159796,-0.0007646270096301616
0,269,0.5048811454889521,0.2777970135211944,-0.04952405963514772,0.010653659701347296
0,270,0.4616306716669976,0.0921874046325683,0.06965282651724286,-0.007665760815143613
0,271,0.4966924222885263,0.0152180790901184,0.08302658036160454,0.0054484605789184865
0,272,0.479597156894784,0.1237649321556091,0.057397836283893444,-0.005628082901239395
0,273,0.4031370471186957,0.2703726291656494,0.015493445643557369,-0.011939585208892767
0,274,0.4034234179313463,-0.0157251954078674,0.02816745477160343,-0.03597624227404589
0,275,0.38821437423189664,-0.0946283936500549,0.01048979361098562,-0.024452894926071167
0,276,0.39512692759342266,0.2379022240638733,-0.01848587577437727,-0.005293840542435618
0,277,0.39512692759342266,0.2817712277173996,-0.01848587577437727,-0.01631352305412287
0,278,0.37436044867196683,0.33498115837574,-0.01051150484847857,-0.006164291873574312
0,279,0.7795990261080403,0.3759539723396301,0.00525786650585558,0.0045116897672415335
0,280,0.5125894977442014,0.0028576850891113,0.004598145757063965,-0.006639577448368038
0,281,0.6782171637006624,0.3206329345703125,-0.015588354901304169,0.011541035026311874
0,282,0.5048811454889521,0.151851624250412,-0.04952405963514772,0.0031848847866058905
0,283,0.5284397452891688,-0.0320180058479309,-0.046847676819944284,0.006691679358482312
0,284,0.5569323258072418,0.0302302241325378,-0.036484941396259574,-0.006072394549846635
0,285,0.7273841052981472,0.2487269788980484,0.0017010166129972637,-5.6654214858981033e-05
0,286,0.6605986179631329,0.0889254808425903,-0.02448268282886301,-0.02063190191984174
0,287,0.6255503696701097,0.2589721381664276,-0.00884786865523024,-0.02913312427699566
0,288,0.5337018136458652,0.3306901231408119,-0.03689732596974127,0.0213584266602993
0,289,0.5337018136458652,0.1346620023250579,-0.03689732596974127,0.0020445547997950952
0,290,0.6427483507101036,0.1725846827030182,-0.015747263409898293,-0.007650228217244093
0,291,0.46259336453917366,0.3522367775440216,-0.0408029498953838,0.01603916473686695
0,292,0.5088418861468296,-0.0140560865402221,-0.04815053684183146,-2.63750553130878e-05
0,293,0.5088418861468296,0.0442314743995666,-0.04815053684183146,-0.012768708169460283
0,294,0.38518087155247527,0.1597046554088592,0.02546725893457147,-0.008134663105011014
0,295,0.3698152925107942,0.2156603932380676,0.010236267218823702,0.003124043345451355
0,296,0.4125196333390736,0.2199694514274597,-0.0003711545453272125,-0.004200022667646408
0,297,0.5943732926063336,0.2121630609035492,-0.017199582963094984,-0.01997934840619564
0,298,0.6255503696701097,0.2942993491888046,-0.00884786865523024,-0.0061690714210271835
0,299,0.44073766444738727,0.0562930107116699,-0.018123690026358996,-0.025482475757598842
0,300,0.4750469781005526,0.2050688862800598,0.05858616289054952,0.015440147370100049
0,301,0.4512341241909209,0.1423847377300262,0.03629882892341402,0.003017341718077632
0,302,0.4512341241909209,0.3127600699663162,0.03629882892341402,-0.0040245261043310165
0,303,0.4597516648665012,0.0857294201850891,-0.0013952982813968395,0.008401148021221189
0,304,0.3930837082794453,0.0055890679359436,-0.0314238834844352,0.0002768971025943973
0,305,0.5162957893702398,0.151757001876831,-0.011622184367822697,0.004196472465991974
0,306,0.43783852955910196,-0.0167837142944335,0.019169842828379968,0.006829313933849387
0,307,0.33505014563849256,0.1374951750040054,0.011863708289810815,0.039842525497078896
0,308,0.33505014563849256,0.0953926146030426,0.011863708289810815,0.014194376766681713
0,309,0.30219522385978403,0.2130084335803985,0.008802334821670588,0.009531743824481936
0,310,0.3313329011349758,-0.0425836443901062,0.00801518937622897,-0.019199110567569778
0,311,0.2760196858847814,0.1652859449386596,0.0015174579599430138,-0.014106899499893188
0,312,0.6697587171173314,-0.0222634673118591,0.04226037593752363,-0.002070717513561273
0,313,0.6685460316020579,0.0291776061058044,0.0586801086339972,-0.006553940474987009
0,314,0.6697587171173314,0.044024646282196,0.04226037593752363,0.014743417501449588
0,315,0.6972460775621029,0.1301381587982177,0.0036171496235346545,0.01074782758951183
0,316,0.7043422888232169,0.2367273271083831,0.012745197852230383,-0.0029766000807285586
0,317,0.7669265482284223,0.1513487100601196,0.00019501308511138404,0.018244240432977676
0,318,0.7190935609396274,0.2565276622772217,0.03110998529702258,0.021651085466146497
0,319,0.7428156754960983,0.1192079186439514,0.0392634711849309,-0.010084614157676683
0,320,0.7428156754960983,0.0893841385841369,0.0392634711849309,-0.017829071730375318
0,321,0.6789122605166403,0.064549446105957,0.021208618559816483,-0.01832163333892821
0,322,0.6588103397756837,-0.0585773587226867,0.026409758032514885,-0.011392340064048732
0,323,0.6789122605166403,0.1053373217582702,0.021208618559816483,-0.023327752947807326
0,324,0.7765964978210422,0.3804836869239807,0.03126328200270967,0.008538677357137203
0,325,0.7211820899557448,0.1138222813606262,0.010862727434211905,0.012349989265203504
0,326,0.7765964978210422,0.3517370969057083,0.03126328200270967,0.02984064444899559
0,327,0.6744934842265085,0.0581603050231933,0.00875478316488909,-0.00414633005857469
0,328,0.7057822201884231,0.1287706196308136,-0.01734255609228752,-0.008497428148984854
0,329,0.6781136780420227,0.1355146169662475,0.02210940852549581,0.000795116648077937
0,330,0.7400479703042615,0.1612890362739563,0.011009076181476951,0.011702455580234555
0,331,0.740697937447228,0.0849893391132354,0.0095592237583767,-0.007003039121627849
0,332,0.7952922068881825,-0.0677456259727478,0.04154745245301339,0.008471906185150105
0,333,0.6983072741266272,0.1518986821174621,0.0016818013407714494,1.205876469609346e-05
0,334,0.7745370265717495,0.2328723967075348,-0.02017241380644008,0.018355317413806915
0,335,0.738356149529164,0.1285972595214843,-0.026059159512238916,0.011541374027729007
0,336,0.7834391523296411,0.0042778253555297,0.029819058912260887,-0.029467955231666572
0,337,0.7864791172767216,0.0088291764259338,0.03780574993239949,-0.018682993948459615
0,338,0.796620067931362,0.066127598285675,0.0294129203925787,0.038610950112342834
0,339,0.7457436352587637,0.1182382702827453,0.024669204858881022,-0.02487347275018692
0,340,0.6893242690762098,0.2920857295393944,0.05173436328220493,0.019575512036681175
0,341,0.6654666549311856,0.081571877002716,0.0361244463255852,0.012762784957885714
0,342,0.8219733877038861,0.1202264726161956,0.002814989711669491,0.0033679567277430933
0,343,0.8245996027583912,0.2571294754743576,0.012747159090421789,0.009988419711589841
0,344,0.7847306135554419,0.1865256130695343,-0.011287349361673638,0.018682362511754064
0,345,0.8148045716239117,0.2799713611602783,0.07346526544453558,0.006258081644773483
0,346,0.7589904125153797,0.3522233217954635,0.07935743678350027,0.013131318613886833
0,347,0.8147269379576276,-0.0472080111503601,0.0646932537995496,-0.011454537510871915
0,348,0.6984705666032363,0.1267116367816925,0.038056597272110304,-0.0038016326725482386
0,349,0.7504444358414509,-0.042479008436203,0.019839989377482548,0.02080313488841054
0,350,0.7504444358414509,0.1422500014305114,0.019839989377482548,0.02481321617960927
0,351,0.7014278569610505,0.1749921143054962,0.017598393867280238,0.022466704249382047
0,352,0.6538169652747059,0.1376005411148071,0.010256000663847908,-0.012282319366931915
0,353,0.6963591135279521,0.1256475448608398,0.0065944108954529845,-0.004467900842428207
0,354,0.8147053895482494,0.0499602556228637,0.06169430429547107,-0.013786174356937422
0,355,0.7706260319174633,0.2436276078224182,0.077013276795866,0.0242085009813309
0,356,0.7975828865898085,0.0220396518707275,0.06649081565176429,-0.018094178289175023
0,357,0.7747252286626711,-0.0087923407554626,0.036102153911132806,-0.009175892919301912
0,358,0.7782212460582818,0.0173766016960144,0.03084828865287026,-0.002451501786708825
0,359,0.7747252286626711,0.0880413651466369,0.036102153911132806,-0.0026523545384407182
0,360,0.7708031292335038,0.0101934075355529,0.009705081251746184,0.010754998773336352
0,361,0.7889275893238916,0.2498354613780975,0.04773594202765952,0.0086447112262249
0,362,0.7914071798276183,0.2430917620658874,0.008908231669135458,0.01591138541698453
0,363,0.7985398296857655,0.2913102209568023,0.040443304171101646,0.03398422151803965
0,364,0.7462188699496484,0.0989630222320556,0.01089673669461455,-0.00292804464697842
0,365,0.7690785941058864,0.2511093020439148,0.04557910794941755,0.014470532536506708
0,366,0.8171849800519759,0.200259119272232,0.02286659393694679,0.00937500596046445
0,367,0.7417861405498594,0.0995703339576721,0.01006587785160118,-0.0027079358696937145
0,368,0.7914071798276183,0.1359679400920868,0.008908231669135458,-0.0014458298683166226
0,369,0.7330116534732278,0.0538967549800872,0.07674034729010026,-0.02359968051314358
0,370,0.764135098965298,0.2054565250873565,0.05403601768989452,-0.002828657627105713
0,371,0.7330116534732278,-0.0230258107185363,0.07674034729010026,-0.019655153155326763
0,372,0.6974992708640724,0.2517919540405273,0.0689271710030418,0.0012736395001411438
0,373,0.7567518889518371,0.1754652261734008,0.07064298565748728,-0.016868043690919904
0,374,0.6648674616127691,0.2345860600471496,0.05263755421514649,0.012919060885906192
0,375,0.7673090362578276,0.0965653657913208,0.06610157302759445,-0.019955713301896993
0,376,0.7901085385874302,0.2934790104627609,0.05360402560304911,0.03591432794928551
0,377,0.7456995088670262,0.2632608115673065,0.06958311463384714,-0.012193410657346249
0,378,0.8008702602655742,0.025043100118637,0.06394958277456486,-0.004321664571762113
0,379,0.7416176421778095,0.059610903263092,0.06223376812011938,0.0031924694776535034
0,380,0.8008702602655742,0.0815878510475158,0.06394958277456486,-0.009994421154260663
0,381,0.8164236291123055,0.2023498117923736,0.032210378236176784,-0.009103648364543943
0,382,0.7729940334775081,0.1243632435798645,0.04937236073198603,0.012779634445905727
0,383,0.7729940334775081,0.0647421479225158,0.04937236073198603,-0.005860853940248503
0,384,0.6975058220510153,0.0696708261966705,0.014670665949871764,-0.015358556061983095
0,385,0.6771126849720344,0.2575558125972748,-0.002273256872325602,0.00684556551277643
0,386,0.6313013688302958,0.0717819333076477,0.013866225356384154,-0.006198756396770436
0,387,0.7099488172264656,0.0893995761871337,0.02995720302252658,-0.03238634020090107
0,388,0.765954840114976,0.206529289484024,0.0263382779632666,-0.00038680434226989746
0,389,0.765954840114976,0.150736391544342,0.0263382779632666,-0.005682468414306613
0,390,0.7515117049622774,-0.0561324954032897,-0.03607115087089918,-0.006372794508933993
0,391,0.7069989182586955,0.2720972746610641,-0.0010671168652641727,-0.0012382250279188156
0,392,0.7021448322375397,0.2564349770545959,-0.010885364126843933,0.018004588782787295
0,393,0.7758936018995657,0.0606403052806854,0.0395220193280188,-0.006405923515558229
0,394,0.777101601789751,0.1483156979084015,0.03925229175808265,0.0023646987974643985
0,395,0.7403906454771765,0.1033281683921814,0.03509980462003326,-0.018500655889511067
0,396,0.7876638777170364,0.1942334473133087,0.03554487643510418,-0.009858241304755183
0,397,0.7842702225457034,0.309349425137043,0.013300973836644525,-0.0030879005789756775
0,398,0.7618203441395688,0.3798467144370079,0.05644103846238546,-0.0041409349068998735
0,399,0.7001402926578788,0.0689662992954254,-0.018481160119133033,0.025431599467992803
0,400,0.698661712133431,0.2332415282726287,-0.00903470665354511,0.03206449002027506
0,401,0.7346141059192738,0.0030754804611206,0.016966256256776946,-0.008025974035263025
0,402,0.7904880616345549,0.0860719680786132,0.038701479917306436,-0.010609693825244959
0,403,0.7318060798354383,0.3496001958847046,0.0616793583196088,0.003975789994001444
0,404,0.7673090362578276,0.2896758019924164,0.06610157302759445,0.002230379730463028
0,405,0.8265589517026385,0.0210621953010559,0.03911544100532216,-0.0037828013300895344
0,406,0.8164236291123055,0.2909573018550873,0.032210378236176784,0.024811672046780642
0,407,0.8164236291123055,0.3074150383472442,0.032210378236176784,0.008161328732967321
0,408,0.6097473781195042,0.0118554532527923,0.017966703448786925,-0.019004784524440776
0,409,0.6514995621505109,0.339617446064949,0.042943015201809875,0.0017896313220262527
0,410,0.6097473781195042,0.3132424354553222,0.017966703448786925,0.0031303428113459986
0,411,0.7381360724263143,0.0854876041412353,0.006579375877856397,-0.0005615539848804474
0,412,0.7381360724263143,0.0584158897399902,0.006579375877856397,-0.01468480005860328
0,413,0.7709766916217559,0.1800019145011901,-0.027863269106957245,0.03363504633307454
0,414,0.7057833032347918,0.3139028549194336,0.07442314809133477,0.00719378143548971
0,415,0.6898118645731213,0.149640679359436,0.039303377841993115,-0.010753273963928223
0,416,0.7389844324691821,0.0507555603981018,0.08395832576257367,-0.008820384740829426
0,417,0.7383548466110836,0.1117040514945983,-0.02605954609777983,0.00013587251305577364
0,418,0.6983059712085469,0.2581222951412201,0.001681414755230426,0.015398133546113996
0,419,0.7450217881544414,0.0788906216621398,-0.005788210628394186,-0.0022817850112915455
0,420,0.7768192454938163,0.2488419115543365,-0.00745516832296389,0.042913887649774524
0,421,0.7894470707522808,0.0410076379776001,0.039116238597757924,0.005395621061325094
0,422,0.7894470707522808,0.1563658118247985,0.039116238597757924,-0.007854692637920407
0,423,0.728555299217877,0.1323387324810028,-0.0037816540868544912,-0.00024271011352533511
0,424,0.762840523883311,0.0895979106426239,-0.008040260005707567,-0.007199235260486561
0,425,0.7770554605711756,0.2738693058490753,0.006041746269322745,0.017495138570666313
0,426,0.7826568825660671,0.2127015143632888,0.04805665971244166,3.0058436095686814e-05
0,427,0.8230054123799431,0.2893778830766678,0.05036686551531,-0.0010199788957834244
0,428,0.8230054123799431,0.3311584889888763,0.05036686551531,-0.021257513202726896
0,429,0.7338788496238642,0.3284838274121284,0.016218030809194928,0.010457352735102121
0,430,0.7637328351246282,0.3811701014637947,-0.020408381074122794,0.009425793774425983
0,431,0.7637341380427085,0.3288716226816177,-0.020407994488581882,0.02131181396543974
0,432,0.6568731182456811,0.228908360004425,0.018416799863511635,-0.027110856026411112
0,433,0.6734694376680157,0.2145612239837646,0.0361489095006704,-0.006688607856631307
0,434,0.6734694376680157,0.2049344182014465,0.0361489095006704,-0.002883967012166977
0,435,0.6936131503656727,0.2236784696578979,0.01342057419034326,0.018925637006759644
0,436,0.6936131503656727,0.0836111605167388,0.01342057419034326,0.0005123466253280223
0,437,0.7814491284082463,0.2381137013435363,0.010152870113578238,-0.0005045160651207248
0,438,0.7868533406391077,0.1895986199378967,0.044053624715446715,0.03307705745100975
0,439,0.8008702602655742,0.0235293507575988,0.06394958277456486,0.001073822379112216
0,440,0.7456260236816533,0.0605992376804351,0.03341120650302842,-0.006966535001993207
0,441,0.6673697393554756,0.0286359786987304,0.02443673626208087,-0.02475379407405856
0,442,0.6734694376680157,0.1297469735145568,0.0361489095006704,-0.02029132843017581
0,443,0.700215171445777,0.2412037253379821,0.0340181265637538,0.008535500615835134
0,444,0.6974992708640724,0.0618965625762939,0.0689271710030418,0.009030353277921649
0,445,0.6902294635117135,0.2498292624950409,0.05911910751688376,-0.013065841048955862
0,446,0.7390558005681336,0.2077584564685821,0.0709676492359741,0.010913696140050888
0,447,0.7506324041402932,0.3333270829170942,0.006777946809953916,0.0038427479448728263
0,448,0.759997773907326,0.0259469151496887,0.006140495331617646,0.003188885748386411
0,449,0.7377904339187819,0.2052581906318664,0.0055340559505788756,0.0032625868916511536
0,450,0.8254664901127332,0.0502568483352661,0.0389655947359141,0.002238091081380879
0,451,0.8073443431147207,0.2524076104164123,0.0539027072256304,-0.005948087200522478
0,452,0.8283284187911117,0.3556300699710846,0.03616226760905539,0.016174927353858948
0,453,0.7420619353657246,0.392559066414833,0.07142539596902808,0.020567929372191374
0,454,0.7741358589956475,0.3803039118647575,0.0716305862626766,0.02132383082062006
0,455,0.7741358589956475,0.4004325121641159,0.0716305862626766,0.009225508198142052
0,456,0.7974785489875653,0.3660842627286911,0.0002339932467410044,0.006249770522117615
0,457,0.8284423607234144,0.0128343105316162,0.0421322316177708,-0.0233262702822685
0,458,0.80266210260595,0.2143788486719131,0.029955931053965656,0.0010263072326779088
0,459,0.7907717230496968,0.1546153426170349,0.06235441845041956,0.00841264240443712
0,460,0.8031005014601709,0.0215738713741302,0.025859105209739774,-0.019282478839159012
0,461,0.8117557987260877,0.2928810715675354,0.044613978833844437,0.003747928887605667
0,462,0.7519834178708644,0.3496741950511932,0.023223135386454485,0.004275862127542496
0,463,0.7328156170939674,0.2672328650951385,0.025916329104153868,0.017742164433002444
0,464,0.764135098965298,0.2611347436904907,0.05403601768989452,0.016939081251621274
0,465,0.7884187257158057,0.0758900940418243,0.006860413384623065,0.002675915136933313
0,466,0.8358641502655414,-0.1916113495826721,0.03371910403667533,-0.0007486864924431125
0,467,0.7908516610724974,0.1146207004785537,0.0445463692750373,0.006184492260217625
0,468,0.7456995088670262,0.2373453676700592,0.06958311463384714,0.008353993296623258
0,469,0.6814848522784567,0.1196385025978088,0.039732735707662004,-0.017541378736495958
0,470,0.6893242690762098,0.3227260857820511,0.05173436328220493,0.003239443525671959
0,471,0.756695258580662,0.1700583100318908,-0.00634921306367453,0.015382491052150699
0,472,0.756695258580662,0.1478593945503235,-0.00634921306367453,0.008815206587314633
0,473,0.7450217881544414,0.2004141509532928,-0.005788210628394186,0.00025200843811035156
0,474,0.8007926265992901,-0.0136469304561614,0.055177571129578884,-0.029869932681321973
0,475,0.8129207385757267,0.010635495185852,0.06312904193389268,-0.010682538151741026
0,476,0.7447584257931296,0.2576315253973007,0.05327709637946021,-0.01831784099340439
0,477,0.7551970518116826,-0.0598813891410827,0.06144892457370876,-0.016653347760438898
0,478,0.7428488981376175,0.0400230288505554,0.04570480768031149,-0.008740153163671466
0,479,0.7517585928324498,0.1397498846054077,0.05384093858029848,-0.01496962085366249
0,480,0.8008284946869788,0.2817758619785309,0.05441658004750238,0.021741382777690887
0,481,0.7346141059192738,0.158966988325119,0.016966256256776946,-0.006713304668664932
0,482,0.8008284946869788,0.2004414349794387,0.05441658004750238,-0.008502729237079648
0,483,0.6493314383048314,-0.001925379037857,0.030689051221498675,-0.024849548935890125
0,484,0.6493314383048314,0.0121440291404724,0.030689051221498675,-0.024885781109333004
0,485,0.6390016026589402,0.1986725628376007,0.01749743622728961,0.009284317493438748
0,486,0.7401668340775733,0.2931493520736694,0.01675485730535964,0.0002565793693065088
0,487,0.8051113672189234,0.3112167119979858,0.02961493652561542,0.04868277534842491
0,488,0.7904880616345549,0.0738897919654846,0.038701479917306436,-0.009527757763862596
0,489,0.7256303846821859,0.2505694329738617,0.013492009734112242,0.02874813601374629
0,490,0.7270163086369552,0.309448704123497,0.006841858227752962,-0.003458736464381218
0,491,0.7417861405498594,0.0354817509651184,0.01006587785160118,-0.019657600671052898
0,492,0.647801834223934,0.1931301355361938,0.029560056419053016,0.023809008300304413
0,493,0.6262478435131427,0.0040718913078308,0.03366053451145601,0.008774697780609087
0,494,0.6276999134829775,0.15995454788208,0.03476119589175153,-0.015281852334737805
0,495,0.8442414008837271,0.1132712960243225,0.013948420307498988,-0.009354218840599046
0,496,0.7726620776419131,0.4176298417150974,0.037296483361123345,0.022449771407991648
0,497,0.7696559428443221,0.2662285268306732,0.036838736628069246,0.016987327486276654
0,498,0.815140235065055,0.3713578283786773,0.0419784366785978,0.021655155345797483
0,499,0.7319391599017068,0.1768640875816345,0.0385210848479427,-0.0003070980310439786
0,500,0.838991404448584,-0.0224838852882385,0.03364191016415852,0.014874398708343475
0,501,0.6963591135279521,0.2067936658859253,0.0065944108954529845,0.030897166579961777
0,502,0.6963591135279521,0.0595773458480834,0.0065944108954529845,0.017530910670757266
0,503,0.6522119922616879,0.2340196073055267,0.014276780258241972,0.02520875819027424
0,504,0.7090278379044913,0.1518605947494506,0.03970487043377546,-0.010681539773941096
0,505,0.7710647510043505,0.1902826428413391,0.029845346316376253,-0.0035782270133495053
0,506,0.7561523440158194,0.2622472941875458,0.033469214283907145,0.019725237041711835
0,507,0.7890657970333252,0.0681838393211364,-0.005044323123203243,-0.007055152207613005
0,508,0.7890657970333252,0.116767019033432,-0.005044323123203243,0.00955713167786601
0,509,0.7427583044821665,0.1339028477668762,0.022485824545917854,-0.0005831271409988126
0,510,0.6744934842265085,-0.0471895337104797,0.00875478316488909,-0.0064969211816788
0,511,0.6919489554901982,0.1415151953697204,0.021877687056264028,0.004367917776107788
0,512,0.6313013688302958,0.0070412158966064,0.013866225356384154,-0.000192888081073787
0,513,0.7597992944073695,0.1015254557132721,0.02372433461820911,0.010637354105711025
0,514,0.7505119647367675,0.2245762646198272,0.009116412572719224,-0.009477790445089368
0,515,0.7874091648309798,0.123821884393692,0.019395487782766008,0.019814655184745816
0,516,0.6793539817983311,0.1970106363296508,0.038717209457056034,0.0024184845387935083
0,517,0.7104644080910374,0.0247901380062103,0.030365771597819502,-0.0034163109958171498
0,518,0.6793539817983311,0.3445929586887359,0.038717209457056034,-0.003322176635265406
0,519,0.7256303846821859,0.1885052919387817,0.013492009734112242,0.020823124796152143
0,520,0.7540855151296848,0.2595131695270538,0.025406738061902745,0.036533188074827166
0,521,0.7816953855532951,0.1672066897153854,0.021077891226459644,0.029447590932250023
0,522,0.7607492447750129,0.2051715850830078,0.008590305842569368,-0.006687641143798773
0,523,0.7572961337856213,0.1082621216773986,-0.01003848540937946,-0.009117037057876642
0,524,0.7514619151044111,0.1674050986766815,-0.006017616202920406,-0.009769365191459656
0,525,0.7910607553203279,0.0248602628707885,0.020440439748123262,-0.012920871376991296
0,526,0.759997773907326,0.0290244817733764,0.006140495331617646,-0.009535931050777453
0,527,0.7904877959808003,0.2215801477432251,0.042027124469259824,0.00032400339841845427
0,528,0.8108672213031078,0.3917221650481224,0.029998799888963146,0.02312030829489231
0,529,0.8190597935964097,0.2576777338981628,0.02289023746357921,1.115538179868869e-05
0,530,0.805912100636208,0.201376274228096,0.029737712478641987,0.004110972397029428
0,531,0.7883591151986232,0.2594054788351059,0.004261459007126156,-0.008714402094483376
0,532,0.7976733781052407,0.202393963932991,0.051366506739219275,0.018925417214632062
0,533,0.7976733781052407,0.2710648477077484,0.051366506739219275,0.04695588722825056
0,534,0.7958099113551783,0.3829252570867538,0.03317725491491097,0.018226385116577093
0,535,0.7044937980095909,0.1558654904365539,0.03685679893178995,-0.012525610625743894
0,536,0.7876173390618766,0.3090454339981079,0.040285817340294905,-0.00026238709688186646
0,537,0.756695258580662,0.206005722284317,-0.00634921306367453,0.028950713574886322
0,538,0.7021400248370142,0.1299079060554504,-0.010881215254592846,-0.002998650074005127
0,539,0.7515117049622774,-0.0271108150482177,-0.03607115087089918,-0.0027915611863136014
0,540,0.8011012156165913,0.2874271869659424,0.030647063634185123,0.0210639126598835
0,541,0.7980471744131572,0.090350866317749,0.03984385789316025,0.014181040227413177
0,542,0.7511872274624016,0.1566781997680664,0.023876627742252965,-0.002722948789596502
0,543,0.804366277661185,0.2607036530971527,0.058695717516302426,0.01838959753513339
0,544,0.7782212460582818,0.108827531337738,0.03084828865287026,0.005676046013832078
0,545,0.8167210967408463,0.3745820373296737,0.044450175030152805,0.02429201547056431
0,546,0.7248294384164615,0.1661861836910247,0.033744170294527365,-0.006230920553207425
0,547,0.7957760462111529,0.0461519956588745,0.03202077707711515,-0.019990861415862995
0,548,0.8066299643259704,0.0551153719425201,0.019582514920389316,-0.026160016655921922
0,549,0.7693888795700135,0.1313914060592651,0.04446307204319122,-0.0024352073669433316
0,550,0.7736525521247812,0.1102334558963775,0.05381338879629516,0.013903480023145662
0,551,0.8087326105522952,0.1182066202163696,0.05447632582299766,-0.0009634457528591017
0,552,0.8366921482332924,0.19084432721138,0.02403170906557872,-0.005740366876125308
0,553,0.8068709421371154,0.2273783087730407,0.018349209951730172,0.012746635824441882
0,554,0.7975836124665137,0.3109685331583023,0.003741287906240509,0.012276431545615196
0,555,0.7552166780562142,0.1298257708549499,0.0030972404019132815,0.019704207777976976
0,556,0.738356149529164,0.1500667929649353,-0.026059159512238916,0.007055103778839139
0,557,0.698661712133431,0.1727607250213623,-0.00903470665354511,0.01675874553620818
0,558,0.7975828865898085,0.2191177606582641,0.06649081565176429,-0.0146509259939194
0,559,0.7916101075938542,0.0311601161956787,0.05927283717929088,-0.014076169580221152
0,560,0.8356894652246404,0.0088319182395935,0.04395386467889595,-0.018697805702686275
0,561,0.753031339684199,0.2722426950931549,0.010950098872907543,0.0406553000211716
0,562,0.8029193640636245,0.2914896607398987,0.0028107104589804033,-0.007059942930936813
0,563,0.8265115873473758,0.0372772216796875,0.03414294871957968,-0.01041538268327711
0,564,0.6514220280394483,0.3239997327327728,0.042914681779659736,0.0011178366839885712
0,565,0.6529516321203457,0.213032066822052,0.044043676582105395,-0.006866753101348849
0,566,0.6529516321203457,0.1865748167037964,0.044043676582105395,0.014515817165374784
0,567,0.7913165384776155,0.3419345617294311,0.05333429803311307,-0.01684104092419153
0,568,0.7741305460354846,0.0498786568641662,0.02331541009028948,-0.002353549003601088
0,569,0.7878067113994314,0.1748016774654388,0.058716988566302586,0.026678867638111115
0,570,0.7416964073763079,0.0758512616157531,0.01427023117837356,-0.005834031850099605
0,571,0.6576272381334325,0.1499432623386383,0.024122818751042274,-0.024832110852003042
0,572,0.6972460775621029,0.0496716499328613,0.0036171496235346545,0.0049739480018616
0,573,0.6576272381334325,0.296484112739563,0.024122818751042274,-0.0021632723510264795
0,574,0.6693694715346111,0.2349095046520233,0.03203668112662106,0.0010913573205471039
0,575,0.650773419933141,0.2382787466049194,0.006704626624922105,0.012732699513435392
0,576,0.47749767802084087,0.0089150667190551,0.0236056323385212,-0.010447174310684239
0,577,0.4930109007055309,0.3808613643050194,0.008045845405950713,0.00883807148784399
0,578,0.47749767802084087,-0.0299776196479797,0.0236056323385212,0.004160322248935686
0,579,0.38005292596555695,0.1524747014045715,-0.03578938331745746,0.01815277710556984
0,580,0.39423453803338204,0.0771028399467468,-0.044486207441953474,-0.007119927555322647
0,581,0.3440901369003079,0.0426193475723266,-0.031577568948605195,-0.007776048034429578
0,582,0.5006008287635269,0.1019148528575897,-0.014264692013820413,-0.0014327652752399306
0,583,0.5302352191328769,0.2314837872982025,0.005581587272389998,-0.015108656138181686
0,584,0.5006008287635269,0.0753368735313415,-0.014264692013820413,-0.006796430796384825
0,585,0.338541901994791,0.2902499884366989,-0.025713976900227198,0.002124412916600704
0,586,0.33619086205384663,0.1135742962360382,-0.0029730338538385692,0.006806127727031749
0,587,0.33619086205384663,0.0657638311386108,-0.0029730338538385692,-0.0012164339423179626
0,588,0.5216831607136581,0.179862380027771,-0.046408666143107236,-0.014334298670291873
0,589,0.6265113990229216,-0.0055092573165893,-0.0001889237942614974,-0.0137882009148597
0,590,0.6096587607461612,0.0001168251037597,0.005881881706544245,-0.006536237895488788
0,591,0.44948789799539746,0.3090982288122177,0.005304739303785833,0.04422087408602238
0,592,0.4780074313535231,0.11029714345932,0.0048645313491949005,0.040250327438116046
0,593,0.499062190258881,0.2236933708190918,0.005980609350791033,-0.013209801167249652
0,594,0.6331999209313836,0.299367755651474,0.004262068020613685,0.004013015888631344
0,595,0.6016217368437056,-0.0372785925865173,0.013415231204206401,-0.003747701644897475
0,596,0.5517573041847832,0.2840170860290527,-0.022103890113362556,0.014456424862146322
0,597,0.4524436842875822,0.115269124507904,-0.049340325178849676,-0.014857396483421353
0,598,0.41361568095227635,0.2371152639389038,-0.030511865536144767,0.023266129195690155
0,599,0.44880404501790955,0.1555957794189453,-0.03568837159866828,-0.003970298916101428
0,600,0.3773870051200715,0.3792666494846344,0.009095244429272675,0.029278026893734932
0,601,0.3773870051200715,0.4524528821930289,0.009095244429272675,0.02266380109358579
0,602,0.44500850134275316,0.1062681078910827,0.01832074957172819,-0.024435691535472884
0,603,0.45949185188174296,-0.0197972655296325,-0.018478983739893706,0.008321397006511713
0,604,0.4780074313535231,0.1472455859184265,0.0048645313491949005,0.011628076434135465
0,605,0.43147661752687994,0.1197389662265777,-0.013276948149994416,0.0007263459265232086
0,606,0.5437539552915192,0.2314205169677734,-0.01937955546764747,0.022846054285764722
0,607,0.5730307302567015,0.1083016991615295,-0.007917057632644942,-0.01585339568555355
0,608,0.5437463080905769,-0.0452796816825866,0.00904423138521937,-0.0005029812455177099
0,609,0.5589958386697269,0.0235747694969177,0.0012313000997116186,-0.0011027008295058753
0,610,0.48267555961402353,0.451817624270916,-0.02583726278533649,0.011818084865808487
0,611,0.539946640204527,0.3763644769787788,-0.02033019728370622,0.017574963159859125
0,612,0.3781756158485326,0.2059627473354339,-0.03605524841055585,0.06622644513845441
0,613,0.3781756158485326,0.2750240117311477,-0.03605524841055585,0.04747338220477104
0,614,0.46566942994324345,0.0987963378429412,-0.014990848996682737,0.038553889840841266
0,615,0.4923909459721052,0.3470645546913147,0.015247934626810289,0.025566160678863525
0,616,0.5026111659857598,0.3910621702671051,0.018941640077089983,0.012763548642396982
0,617,0.5024860265753848,-0.0259382724761962,-0.004038532573984455,0.002894178032875099
0,618,0.4204749343595643,0.3719711452722549,-0.00544230831676662,0.04282121360301966
0,619,0.4596604237090193,0.0297072529792785,0.009098287991238796,0.002843126654624925
0,620,0.4756992195361469,-0.0500901937484741,0.010016619802411364,0.0021800026297568997
0,621,0.6075322094637516,0.1459861397743225,0.02214177671752926,0.01099416986107829
0,622,0.6384822038269597,0.1206223666667938,0.006335915010724835,-0.013116851449012729
0,623,0.6232487944591123,0.2686115503311157,0.03768936223293595,0.043438313528895406
0,624,0.3800422153549759,0.2076697349548339,-0.028551358699953344,0.019098255783319418
0,625,0.4582254828158535,0.0918373763561248,-0.04779434507596425,-0.01488100364804272
0,626,0.3800422153549759,0.1024590134620666,-0.028551358699953344,-0.02050477266311647
0,627,0.42733856852140195,0.3205844312906265,-0.0021473490170524356,0.019178353250026703
0,628,0.4196853592607045,0.0059457719326019,-0.01223721780927789,-0.039402272552251816
0,629,0.4959268319283684,0.2041343450546264,-0.015061133393878934,-0.01173836365342143
0,630,0.4346336759599031,-0.0170907378196716,0.017606787444995775,0.020390324294567084
0,631,0.46501676588028906,-0.0680175423622131,0.0033740420873737964,0.0039970725774765015
0,632,0.36701217973722144,0.3423558473587036,0.00838128230254026,0.043323117308318615
0,633,0.4017288930571121,0.3784284219145775,-0.032082566340708774,0.013145998120307922
0,634,0.5222374569723482,-0.0280922055244445,0.010744834583700347,-0.006319444626569724
0,635,0.5222374569723482,0.0669713616371154,0.010744834583700347,-0.000995703041553525
0,636,0.6166610101404506,0.172257125377655,-0.039123159831670806,-0.000995270907878848
0,637,0.6268095949393957,0.1531094908714294,-0.04606680315750711,-0.007035478949546814
0,638,0.5839998024234558,0.1323489546775818,-0.038071848957432985,0.020366840064525646
0,639,0.5593954681321481,0.1154615134000778,-0.0028357533084361064,-0.00013159587979315324
0,640,0.5593954681321481,0.2853374183177948,-0.0028357533084361064,0.024998109787702616
0,641,0.5392919157138831,0.2835515290498733,0.00879924165058188,0.02936884388327593
0,642,0.5874454195375787,0.1938012540340423,0.052484022385580587,0.00784674659371376
0,643,0.6151682659174136,0.0263587832450866,0.02436597174029287,0.012638896703720051
0,644,0.5372839440536752,0.0936989784240722,0.02136400388629156,-0.011938385665416731
0,645,0.5181684806399847,0.067134141921997,0.0005500196667075352,-0.01678184419870378
0,646,0.4689267637186015,0.0365897119045257,-0.00803225944259528,-0.03641610220074655
0,647,0.4853607821641035,0.0986607670783996,-0.0223427552258455,0.006751731038093553
0,648,0.39405880944157157,0.2298267483711242,-0.017293927456092317,0.020945772528648376
0,649,0.5176054572354516,0.1257513761520385,-0.012171144346279972,-0.0021694377064705173
0,650,0.5263975994890076,0.1870013177394867,-0.03412212896006117,-0.0018085204064845484
0,651,0.6075511942380836,0.3000595867633819,-0.004764665381893685,0.028471127152442877
0,652,0.5867497846738206,0.3323750793933868,0.004097552999074328,0.02363529428839678
0,653,0.5351854181120603,0.3274928331375122,-0.018400932994378394,0.0417693555355072
0,654,0.4305724210522762,0.1085335612297058,-0.03411916770764706,0.007016375660896315
0,655,0.39650846753781843,0.1059372425079345,-0.01121870085241411,-0.018413878977298764
0,656,0.4367059170150388,0.1129577159881591,-0.02879922771765575,0.018669620156288133
0,657,0.3771133001264939,0.2700692415237427,-0.02528658891151625,0.027206018567085294
0,658,0.4752658114770019,0.1434676051139831,0.008565845137712802,0.027568779885768863
0,659,0.3795517274378185,0.003784954547882,-0.007611398680911874,-0.05341496318578724
0,660,0.6337205153119281,0.0330823063850402,0.0344892363389645,-0.012628652155399364
0,661,0.6134418939432738,0.3978766649961471,0.02995121700663339,0.0030196588486432474
0,662,0.6728815799531538,0.3203383684158325,0.02405541806976441,0.000495491549372673
0,663,0.47962812323042353,0.4070115014910698,-0.0077889732765427655,0.02663185726851225
0,664,0.4350143818239341,0.3173229396343231,0.0066297384108635615,0.029689408838748932
0,665,0.4397513529511656,0.3202588409185409,-0.006338520508605061,0.030957928858697414
0,666,0.5866249602523851,0.1904671043157577,-0.0013819883216251716,0.016764549538493156
0,667,0.5552599665833808,0.0357472896575927,0.000445144687321708,-0.006380185484886204
0,668,0.5866249602523851,0.204283595085144,-0.0013819883216251716,0.012639455497264807
0,669,0.44948789799539746,0.1656983494758606,0.005304739303785833,0.013774003833532361
0,670,0.413669975538944,0.084204077720642,-0.009243148869552464,-0.009815130382776302
0,671,0.43097231852361734,0.0753211379051208,-0.01803877578530283,-0.01909147389233115
0,672,0.6016217368437056,-0.0672996044158935,0.013415231204206401,-0.00246703624725339
0,673,0.5277071785901828,0.0924609899520874,0.010021752669919115,0.0161290913820267
0,674,0.5513546596536885,-0.0231225490570068,0.031829656766319325,-0.0042130276560783525
0,675,0.2957565651193682,0.3930952847003937,-0.036719467569165776,-0.0002881856635212898
0,676,0.3679480258892239,0.1111615896224975,-0.04667100338724167,-0.014380794018507004
0,677,0.32531214910067885,0.1593567132949829,-0.04676566675260446,0.024712152779102353
0,678,0.4410492105308537,0.3998482003808021,0.012099974859523632,0.03491207119077444
0,679,0.4906572001967565,0.1313458085060119,0.018181838086553714,-0.005088485777378082
0,680,0.44806035600619587,0.0229870676994323,0.017598969505853213,-0.00015558302402498767
0,681,0.47831030590373763,0.4437299408018589,-0.0033054629658118007,0.014784862753003891
0,682,0.5480813945493244,0.4104764051735401,-0.006574228181279396,0.02060126466676593
0,683,0.5252221010312415,0.0623664259910583,-0.014027875768741538,-0.008180700242519386
0,684,0.5416335737012786,0.3472603261470794,-0.008132876117849963,0.027553729712963104
0,685,0.4481401204865688,0.1926866769790649,-0.020607875000600462,0.016087282449007062
0,686,0.5416335737012786,0.3453596979379654,-0.008132876117849963,0.03686278220266104
0,687,0.44806035600619587,-0.0200983881950378,0.017598969505853213,0.0013933032751083235
0,688,0.4223981151650522,-0.0007972121238708,0.015041974985543827,0.0024298653006553997
0,689,0.4778577286372144,-0.0040614604949951,0.016226941444740406,-0.0012015849351882622
0,690,0.4913525888551254,0.2713583111763,-0.03163420578378057,0.05319514311850068
0,691,0.4747934309992483,0.0978526473045349,-0.04030388265160478,0.0004178658127784868
0,692,0.4747934309992483,0.0716326832771301,-0.04030388265160478,-0.0020023956894874434
0,693,0.33620487644063146,0.2008711099624633,-0.004546008738502194,0.007696434855461065
0,694,0.3178036247561497,0.0063347816467285,-0.03376236489389339,-0.01942609250545499
0,695,0.3178036247561497,0.0018031299114227,-0.03376236489389339,-0.004619520157575626
0,696,0.529732655834423,0.1671573519706726,0.026567499403711725,0.010187828913331087
0,697,0.5942689945685797,0.1430292725563049,0.029788852636899787,-0.0064324624836444855
0,698,0.48772819874163054,0.0090049654245376,0.009433362827529268,-0.00544775091111665
0,699,0.5578730490490131,0.1500376760959625,0.015237598153429843,0.0514109842479229
0,700,0.5713303384396115,0.0009082555770874,0.003978937554489526,-0.0302004255354404
0,701,0.5181684806399847,-0.0586326122283935,0.0005500196667075352,-0.017964653670787797
0,702,0.500797608668778,0.2532705664634704,-0.014842532760987126,-3.213249146943875e-05
0,703,0.3872277453195069,0.4423801936209202,-0.048290844007554234,0.016253461129963398
0,704,0.5235174106932007,0.3761249482631683,0.011997034274402463,0.013207156211137772
0,705,0.4637682868562818,0.2450739741325378,-0.0038329445236483517,0.015663055703043938
0,706,0.5889797370147213,0.0286110639572143,0.028946864474459155,0.012501627206802327
0,707,0.499973575254539,-0.0987483263015747,0.012886524453771031,-0.02938393503427507
0,708,0.41837973077312435,0.3222549706697464,-0.026439858323616783,0.01341857761144638
0,709,0.34615182809648526,0.0304445028305053,0.00012587963339116826,-0.032193161547184004
0,710,0.41837973077312435,0.1089628934860229,-0.026439858323616783,0.002800688147544847
0,711,0.42870779111462165,-0.0173353552818298,-0.02933291082564715,-0.008595764636993387
0,712,0.4853607821641035,0.0101186037063598,-0.0223427552258455,-0.011272817850112925
0,713,0.5034000167998411,0.0841426849365234,0.007121037173711098,0.01885236054658891
0,714,0.5712453535930282,0.0598780512809753,0.021515512995266328,-0.030291486531496062
0,715,0.6179741819006285,0.2389500141143798,0.006958182463720486,-0.007157340645790156
0,716,0.5204239617845668,0.103855550289154,0.0037863107651721073,-0.04173932038247585
0,717,0.4598018060619083,0.2246559858322143,-0.01624143449954779,0.03361760079860687
0,718,0.37417791517538057,0.1367274671792984,-0.040647466646907104,-0.01796349696815011
0,719,0.4603061050651709,-0.0466843545436859,-0.011479606864239378,-0.02098306268453601
0,720,0.5084925832498441,0.0657322406768798,-0.008320626639089834,-0.026938151568174404
0,721,0.5165383430662857,0.2965603470802307,-0.008295629395521864,0.02150328829884529
0,722,0.5722959983672211,0.1497193276882171,0.005970755853487053,0.00022213533520695772
0,723,0.4362335754322877,0.2026692330837249,-0.016089801980488094,-0.006030373275280054
0,724,0.35360315552817856,0.2730902433395386,-0.004993692555064766,0.007487393915653284
0,725,0.35360315552817856,0.2841252088546753,-0.004993692555064766,0.009279761463403702
0,726,0.46270154005236697,0.0694422125816345,0.00409885591411574,-0.008905854076147066
0,727,0.46270154005236697,0.0545345544815063,0.00409885591411574,-0.013955809175968163
0,728,0.46270154005236697,0.0418674349784851,0.00409885591411574,-0.007978476583957624
0,729,0.43120460960571094,0.390600174665451,-0.004947999080870069,0.020648838952183723
0,730,0.413669975538944,0.2161336243152618,-0.009243148869552464,0.00624934583902359
0,731,0.4314132573396111,-0.0025424361228942,-0.007091828811041534,0.0054875910282135235
0,732,0.46083703996115377,0.0454080700874328,-0.026886406813685093,-0.034594304859638235
0,733,0.46071100241613583,0.01777845621109,-0.02844432074627057,0.003293573856353727
0,734,0.4786205393550258,-0.0093773603439331,-0.018976357866765214,0.004251167178153962
0,735,0.5062024938570554,0.2999047785997391,0.0041328214346751935,0.003423711284995079
0,736,0.6728815799531538,0.2905016243457794,0.02405541806976441,-0.0037405714392661493
0,737,0.5686992357788271,0.207473337650299,0.0023905421770438195,-0.01624933630228048
0,738,0.5228999270768158,0.1980941891670227,-0.003309362493718826,-0.004374071955680819
0,739,0.5910534870634254,0.1977180242538452,0.016637350828112463,0.046919111162424115
0,740,0.4973058114912381,0.0809319615364074,0.018727470171367444,-0.016100823879241957
0,741,0.5653111831821444,0.1937244534492492,-0.007244023941559985,0.004337128251791
0,742,0.5301228191165112,-0.0040399432182312,-0.0020675178790364734,-0.0153204500675201
0,743,0.5210637218071157,0.3194960355758667,0.0032088826902068046,0.010750312358140945
0,744,0.49536746745480953,0.0221840143203735,-0.004945276795981446,-0.003959745168685913
0,745,0.49536746745480953,0.0650266408920288,-0.004945276795981446,-0.0035839304327964366
0,746,0.39714481367849297,0.2967203557491302,-0.011877771705365303,0.04776427708566186
0,747,0.5506749114285825,0.3312188386917114,-0.018809833290172384,0.035922691226005554
0,748,0.5506749114285825,0.2903693318367004,-0.018809833290172384,0.012574363499879782
0,749,0.5506749114285825,0.3186630606651306,-0.018809833290172384,0.027069123461842537
0,750,0.4527812050854382,-0.0099266767501831,0.000809229627921848,0.00011463463306423706
0,751,0.46539747174432006,0.390261672437191,-0.007603006946758473,0.020798444747924805
0,752,0.4527812050854382,0.0018877387046813,0.000809229627921848,0.0062950924038886
0,753,0.5190962889574708,-0.0088649988174438,-0.014848173380271668,-0.005006309598684288
0,754,0.5326454064617242,0.089040994644165,-0.01897578198551575,-0.03602276742458342
0,755,0.5628391613046331,0.3210533857345581,-0.009245359297202937,0.015715837478637695
0,756,0.5702091414667672,0.1337471008300781,-0.03639610853300401,0.005656119436025647
0,757,0.6450338512242546,0.0379125475883483,-0.02317915089964906,0.007058151066303225
0,758,0.6450338512242546,0.0999608635902404,-0.02317915089964906,-0.00379774719476704
0,759,0.5263975994890076,0.1556875705718994,-0.03412212896006117,0.04634326696395877
0,760,0.5593954681321481,0.3627443462610245,-0.0028357533084361064,0.052805779501795824
0,761,0.5528689269079574,0.3083973675966263,-0.039912791128695835,0.047902876511216164
0,762,0.4020297116379311,0.2469977736473083,-0.023109739325629486,0.04347064718604085
0,763,0.4446655884264762,0.3503905218094587,-0.023015075960266695,0.025715485215187017
0,764,0.4020297116379311,0.3482511937618255,-0.023109739325629486,0.022363906726241112
0,765,0.5333261618476731,0.2560974955558777,-0.02260463611936725,-0.017467059195041656
0,766,0.632020904194174,0.1255344152450561,0.018295166239487126,-0.00021857023239135742
0,767,0.5825827127176075,0.0858895182609558,0.012208793847412247,0.011125825345516219
0,768,0.5731064584168606,0.1922701299190521,-0.016115849068781163,0.025406543165445328
0,769,0.586563747807459,-0.0018481016159057,-0.02737450966772159,0.0013676807284355747
0,770,0.5334018900078321,0.025785744190216,-0.030803427555503582,-0.01025358587503435
0,771,0.4159413034617997,0.2931075692176819,-0.044115048554221215,0.05908037349581721
0,772,0.4521465918600569,-0.0248614847660064,-0.027395579576801832,-0.028051637113094236
0,773,0.4443955681825197,0.2454764246940612,-0.03532356106436241,0.026867736130952807
0,774,0.5675281606497933,0.0048304796218872,0.0013560096512773567,-0.023295260965824086
0,775,0.606477931612005,0.0732021331787109,-0.013267071720569179,-0.005724228918552399
0,776,0.5922472801259016,0.05867201089859,-0.013081105390784775,-0.009575672447681462
0,777,0.3077688695674048,0.1352418661117553,0.000769082427047707,0.013666473329067189
0,778,0.34615182809648526,0.0068774223327636,0.00012587963339116826,-0.029129125177860277
0,779,0.36764531202532125,0.1618003249168396,-0.003176017603661596,-0.026551906019449206
0,780,0.4656208035553572,0.1242501139640808,-0.00362370926537825,-0.0005237199366092404
0,781,0.4820548220008592,-0.0491789579391479,-0.017934205048628526,-0.006974965333938599
0,782,0.44758156891961953,0.165309339761734,-0.03308750166493485,0.01430004835128787
0,783,0.6929572437645728,-0.0760670900344848,0.0523221876392046,-0.0064782947301864485
0,784,0.6265113990229216,0.0924975275993347,-0.0001889237942614974,0.009452059864997892
0,785,0.5988388222992993,-0.0141142606735229,0.038217180483482105,-0.00014656782150267514
0,786,0.37870817291531567,0.1811145842075348,-0.034885644996167364,-0.015622816979885074
0,787,0.5041940918506065,0.0022467374801635,0.00444499835810247,-0.012148655951023126
0,788,0.5041940918506065,0.0032327771186828,0.00444499835810247,-0.011276833713054662
0,789,0.44500850134275316,0.0028505325317382,0.01832074957172819,0.0005295053124427128
0,790,0.4973058114912381,0.0012863278388977,0.018727470171367444,-0.008231177926063487
0,791,0.4973058114912381,0.0482850074768066,0.018727470171367444,-0.011634610593318925
0,792,0.4769070103019014,0.1276212334632873,-0.01177016091300176,-0.0034785158932209292
0,793,0.468947338890464,0.2389006614685058,-0.01755431267039087,0.000563379377126666
0,794,0.5346933175200493,0.1911270022392273,-0.0037526508014340543,-0.0012393593788146695
0,795,0.5905342567660079,0.1945338249206543,0.014186287279192245,-0.007868058979511205
0,796,0.6075511942380836,0.310288742184639,-0.004764665381893685,0.016974687576293945
0,797,0.5232533052088871,0.0674329996109008,-0.02385978422966717,-0.008428994566202205
0,798,0.3237997116237807,0.1614287793636322,-0.029476395613111217,-0.006945546716451617
0,799,0.34572712858059973,0.1984310448169708,-0.05469028087181105,-0.02027379721403122
0,800,0.4360645218972399,0.0241371393203735,-0.020726225752324134,-0.004192449152469611
0,801,0.4716876013216691,0.2751533687114715,-0.006215440545227435,0.009630635380744879
0,802,0.4652570129313812,0.1151845753192901,0.010409365066829046,0.042338971048593535
0,803,0.5389685528787899,0.156566172838211,0.03183063096363181,-0.014687072485685376
0,804,0.6622355869129406,0.0521274805068969,0.000999313528439849,-0.004789106547832496
0,805,0.5481190286287527,-0.0270843505859375,0.015570943470081477,-0.007060930132865951
0,806,0.6622355869129406,-0.0224614143371582,0.000999313528439849,-0.009064175188541461
0,807,0.5437463080905769,0.0309200286865234,0.00904423138521937,-0.005522474646568302
0,808,0.45389733854847436,0.2027619183063507,0.0072652913918453965,0.04328953847289091
0,809,0.5142693296408573,0.040417194366455,0.004972407875182938,-0.0016797259449959218
0,810,0.5386236775848177,0.2484394609928131,-0.01298518656076375,0.01652662269771102
0,811,0.5528543290709211,0.1833892166614532,-0.013171152890548044,0.046437282115220996
0,812,0.5386236775848177,0.1510347425937652,-0.01298518656076375,-0.02201167307794097
0,813,0.32667777330559933,0.0627695322036743,-0.054869127121399075,0.0026471316814422885
0,814,0.2930842820287879,0.2976054251194,-0.05929167714352673,-0.013850003480911255
0,815,0.2863741469005044,0.0742216110229492,-0.06394941530112619,0.01041021943092349
0,816,0.3101199095083492,0.0943596959114074,-0.021971860619340866,-0.0346072688698769
0,817,0.2917186578238674,0.3177153766155243,-0.05118821677473212,0.01931738294661045
0,818,0.30246670024765177,0.1177588403224945,-0.03206172941156632,-0.007016550749540301
0,819,0.4826072007646375,0.0235491096973419,-0.012638271094116305,-0.023011624813079824
0,820,0.48912323863109414,0.2652253210544586,-0.01248426949562459,0.011523142457008417
0,821,0.37594248691354215,0.3166297078132629,-0.017840031892346786,0.026517223566770554
0,822,0.5857196589697311,-0.018322467803955,0.013710262154906783,-0.009552605450153299
0,823,0.5847284840027173,0.2843819409608841,-0.018158980068950115,0.030344168655574377
0,824,0.5134395998273895,0.2788121476769447,0.0055342838024623475,0.018784458748996258
0,825,0.5101576263689089,0.22262042760849,0.017402862394703567,-0.00025379285216328706
0,826,0.5431723761894343,0.0686357617378234,0.039165863905239684,-0.02544404938817027
0,827,0.5101576263689089,0.2424425482749939,0.017402862394703567,0.021887894719839124
0,828,0.36822757262721956,0.1556769907474517,-0.02538845961758568,0.017765607684850665
0,829,0.36288306170385654,0.2967128753662109,-0.03814965814397975,0.01264615543186659
0,830,0.45227595531465903,0.2470090091228485,0.0048988407191816186,0.01758383214473727
0,831,0.4940105839900357,0.0801044106483459,-0.008002561865363633,-0.02056676149368286
0,832,0.525753149759227,-0.0695258975028991,0.010322903995007016,-0.0026190057396888594
0,833,0.5046983908538691,0.0731847882270813,0.009206825993410939,0.0038520619273186008
0,834,0.4733417475069054,-0.0448188781738281,-0.006313562756607494,0.0019677020609378815
0,835,0.45227595531465903,0.291017085313797,0.0048988407191816186,0.03189969062805176
0,836,0.48127213507453526,0.2441790550947189,0.01874517042968854,0.0353758055716753
0,837,0.5889797370147213,0.0581090450286865,0.028946864474459155,-0.0061152055859565665
0,838,0.5334631024527583,-0.0374314188957214,-0.004810906209407051,-0.008847497403621663
0,839,0.5866249602523851,0.2143741250038147,-0.0013819883216251716,0.021175801753997858
0,840,0.4377884115507765,-0.0795961618423461,0.0042718668534030835,-0.031178362667560522
0,841,0.5220809743172862,0.3164542317390442,0.023820445298053716,0.04379413649439812
0,842,0.4377884115507765,0.0355287790298461,0.0042718668534030835,-0.005234643816947972
0,843,0.34257980929029175,0.2915073931217193,-0.011245227694660964,0.024597923271358013
0,844,0.30246670024765177,0.0084767937660217,-0.03206172941156632,-0.006145358085632324
0,845,0.34257980929029175,0.3255883157253265,-0.011245227694660964,0.027564879506826345
0,846,0.5686992357788271,-0.0001973509788513,0.0023905421770438195,-0.007158510386943775
0,847,0.645002352832349,0.1515832245349884,0.030861849587989876,-0.010665915906429235
0,848,0.645002352832349,0.1817303597927093,0.030861849587989876,-0.024629686027765302
0,849,0.48105090979036347,0.1368842720985412,-0.012601078102989272,0.008249454200267792
0,850,0.5751913412357936,0.0728504657745361,0.016409276387082006,-0.024272136390209198
0,851,0.5221598866721473,0.1599259376525879,-0.008386786376915922,-0.00519063323736188
0,852,0.30011566030670733,0.1463325023651123,-0.009320786365177747,-0.0018534660339355191
0,853,0.35477661894237056,0.4356565363705158,0.005816469843088312,0.027650523465126753
0,854,0.30011566030670733,0.2465190291404724,-0.009320786365177747,-0.02443899214267725
0,855,0.4750888460861552,0.1885159164667129,-0.009483296128312557,-0.02400156483054164
0,856,0.4397516623718332,0.4272911250591278,0.004529625725214592,0.011442119255661964
0,857,0.42817705095865144,0.1458692774176597,0.001239116674617291,-0.013088603504002122
0,858,0.6761046054878124,-0.0647586584091186,0.05839299314001045,-0.0031054764986038
0,859,0.6020815160401549,0.356001153588295,0.03719247222962718,0.02705132495611906
0,860,0.6686864087377765,0.3058300018310547,0.0231758377025284,0.02744167298078537
0,861,0.5361067252674944,0.0407660007476806,-0.0019670427347516783,-0.016674049198627472
0,862,0.4786205393550258,0.0241440534591674,-0.018976357866765214,-0.006226234138011964
0,863,0.5421564640536525,0.1720558255910873,-0.00030998736197673793,0.01296703517436984
0,864,0.5687169537445854,0.3500332534313202,-0.00734833966234516,0.028917185030877646
0,865,0.602743529375946,0.4154958873987198,-0.025097916539452703,0.007088710553944166
0,866,0.5623909282333147,0.2658699452877044,-0.0040575645070281,0.01669247075915331
0,867,0.3762014803402551,0.1509195566177368,-0.004997615968791169,0.013970136642456082
0,868,0.4818625160352923,0.1178597211837768,0.01585151622172687,0.004356898367404924
0,869,0.4088153793391368,0.2711079195141792,0.007182537564202451,0.0029804576188325327
0,870,0.47962812323042353,0.3457044661045074,-0.0077889732765427655,0.03281599655747408
0,871,0.5221114194273303,0.0013672113418579,0.009186920651114927,0.006353311240673037
0,872,0.5528543290709211,0.3247017413377762,-0.013171152890548044,0.017368566244840622
0,873,0.3771133001264939,0.2573142647743225,-0.02528658891151625,0.005971942096948624
0,874,0.40211815633155623,0.1867257952690124,-0.04291065519750592,-0.02753334119915965
0,875,0.3771133001264939,0.3180032670497894,-0.02528658891151625,0.01566949672996998
0,876,0.5291690979392951,0.1229304671287536,0.005726586464931405,0.013830035924911471
0,877,0.41381435178268733,0.1667689085006714,-0.02614026249548601,0.03058943711221221
0,878,0.5004681148149153,-0.0230496525764465,0.019505716030924714,0.0011908710002899031
0,879,0.5228999270768158,0.0421958565711975,-0.003309362493718826,-0.008060000836849185
0,880,0.5228999270768158,-0.0186271667480468,-0.003309362493718826,0.0011989176273346017
0,881,0.4522704017979572,0.051614761352539,-0.016160402556659292,-0.010045640170574188
1,0,0.41499560628121446,0.2548188269138336,-0.028341288817970656,-0.005621362477540914
1,1,0.4083860416276686,0.1344554424285888,-0.00908244460558627,-0.009352315217256574
1,2,0.40368002041559814,0.1297677159309387,-0.01486615066226199,-0.009249845519661903
1,3,0.43349814909696693,0.2923598289489746,0.030729290600807924,-0.027873460203409195
1,4,0.35464176672351133,0.0174311399459838,0.01612046729783101,0.005197361111640901
1,5,0.41444812105680373,0.0133749842643737,0.024126408630603113,0.0011187419295310749
1,6,0.5691904576905584,-0.0028666853904724,-0.04487059495627932,0.00024012476205825025
1,7,0.5905529337641382,-0.0441474318504333,-0.0031832775268965108,-0.004123628139495836
1,8,0.6350103606012489,0.1666959524154663,-0.032646800599692494,-0.02518216520547864
1,9,0.42341459114047053,0.100574254989624,0.006892158401072768,0.02786369621753694
1,10,0.43869431465127173,0.241080105304718,0.02153245257909414,-0.015029015019536046
1,11,0.4059925100718291,0.0936835408210754,0.008888782507404103,0.0064528025686740875
1,12,0.4146253386154069,0.0980297029018402,-0.014749018447032358,-0.024260122328996644
1,13,0.4644994318184531,0.1131636202335357,-0.0502437118885698,-0.05544136092066769
1,14,0.4756902238309566,0.0036073923110961,-0.01755885998371004,0.00287974625825875
1,15,0.34116563177778453,0.0605863630771636,0.0001334436608882994,-0.03278493881225593
1,16,0.3396940654462737,0.0333879590034484,-0.0038067401317906646,-0.005800209939479856
1,17,0.34116563177778453,0.1595988273620605,0.0001334436608882994,-0.01436692476272583
1,18,0.3595967329683605,0.0142729878425598,-0.018127847652550544,-0.0046818442642688855
1,19,0.3589786247667659,0.1702895760536193,-0.00024429908444312254,0.007722400128841372
1,20,0.3278429057372811,0.1774510741233825,-0.0005224773447153885,0.012574687600135775
1,21,0.419208994367007,0.2248503565788269,0.01766495673112306,0.005699761211872156
1,22,0.517763314383003,0.2391456663608551,0.04110747886853977,-0.009855743497610064
1,23,0.459035206650413,0.1166583895683288,0.03580317223736207,-0.015031594783067703
1,24,0.3809918440611906,0.1459001898765564,0.018271659167127363,-0.0159686207771301
1,25,0.39844959581293093,0.1172806620597839,0.02334177260347231,-0.02154787257313727
1,26,0.41971565252348386,0.1035137176513671,0.04081513478829224,-0.01025233417749409
1,27,0.37707741698960656,0.3929808959364891,-0.009293002737422895,0.018064909614622593
1,28,0.37384296210904694,0.2678831629455089,-0.01113652500141965,0.01492373005021358
1,29,0.3969800845116933,0.243432730436325,-0.02361411025818283,0.05375082977116105
1,30,0.4622166912854519,0.145119309425354,0.028145732997280182,-0.0030059590935706537
1,31,0.5111663670392368,0.0370361804962158,0.030265183578442434,0.006368570029735576
1,32,0.4267273377037182,0.0529654622077941,0.007445779640112005,0.001188229769468259
1,33,0.7073447938211241,0.2643523514270782,0.04321882484967998,0.009887944906949997
1,34,0.6816746255526559,0.0996619760990142,0.040374019337123035,0.015104230493307072
1,35,0.6607666404794985,0.086110383272171,0.04789525385636917,-0.02803450450301169
1,36,0.31664523855451965,0.0557974576950073,0.02109583925512637,-0.020508399233221987
1,37,0.3722207006532472,0.3638031780719757,0.02794236481501977,-0.01624476676806802
1,38,0.38757770317679907,0.0662746429443359,0.02707865447154295,0.009804528206586845
1,39,0.493430924333767,-0.0106690526008605,0.029444391417102977,-0.01610175520181646
1,40,0.49958162728783106,0.047793686389923,0.03408271538448643,0.008102081716060597
1,41,0.493430924333767,0.0121591091156005,0.029444391417102977,0.003846585750579787
1,42,0.43428336535058454,0.1421203017234802,-0.02759597420650406,-0.0029938146471977234
1,43,0.3929827117132837,0.3764121979475021,-0.001226651670109602,-0.013302817940711975
1,44,0.38949351351261646,0.2624304592609405,-0.0031903299282806663,0.028099633753299685
1,45,0.5939207989804987,0.3052827417850494,-0.019985292007033806,0.004917819052934591
1,46,0.5705512165620674,-0.0750635266304016,-0.05645311050656188,0.002226885408163043
1,47,0.6053133664351793,0.1422559022903442,-0.05280501871186505,-0.013280220329761505
1,48,0.4977068472297067,-0.0046166777610778,-0.021349260754270127,-0.0023757219314574627
1,49,0.5011593937704684,0.0624631643295288,0.01313207565538993,-0.0016306564211844912
1,50,0.4785313083519388,0.1013210415840148,0.002805520426384711,0.0012734234333037636
1,51,0.5579688068518756,-0.0208786725997924,0.0055262852904298665,-0.001178473234176615
1,52,0.5693613743065561,0.3477221578359604,-0.027293441414401598,-0.023006634786725044
1,53,0.4846862956541562,0.0891830921173095,0.010734897906507057,0.025626488029956818
1,54,0.3824662854150853,0.0953280329704284,-0.026235878875506213,0.0012647137045860152
1,55,0.42381778593822206,0.1533673405647277,-0.03490789008173362,-0.015863839536905316
1,56,0.4496866952649694,0.2452480196952819,-0.03545176714198073,-0.004239557310938891
1,57,0.3790448365282394,0.1639866530895233,0.012648209122894993,-0.05907559022307396
1,58,0.3790448365282394,0.2809997946023941,0.012648209122894993,-0.03266424685716629
1,59,0.3790448365282394,0.1198427081108093,0.012648209122894993,0.0010124333202839036
1,60,0.41396805811967347,0.0225455164909362,0.02658654774509389,0.0032671913504600247
1,61,0.42590559706527154,0.0461183786392211,0.04244213545084735,0.014398127794265712
1,62,0.42590559706527154,-0.019474446773529,0.04244213545084735,-0.002623051404953027
1,63,0.5367347503218954,0.1162022352218627,-0.00799012725742132,-0.053703539073467296
1,64,0.5649300855990868,0.2206788957118988,0.007642477802341507,-0.026920840144157382
1,65,0.597790112367229,0.1298064887523651,-0.007037079427104631,0.020124820992350634
1,66,0.5318846507875488,0.1953164935111999,-0.05526037714318699,-0.030380230396986035
1,67,0.5318846507875488,0.174982488155365,-0.05526037714318699,-0.02293365448713297
1,68,0.5318846507875488,0.2678285241127014,-0.05526037714318699,-0.02060749009251589
1,69,0.40972157343388993,0.1271237134933471,0.026080271540462552,0.016712836921215043
1,70,0.40972157343388993,0.1236079335212707,0.026080271540462552,0.001629479229450212
1,71,0.37790794285001716,0.0667522549629211,0.008765998144580844,-0.021760515868663774
1,72,0.5482883352880885,0.2886798679828644,0.049498543915919346,0.015283292159438133
1,73,0.5299190227353043,0.0814239382743835,0.04250131756498754,0.04343773424625397
1,74,0.5731598315168955,0.1403011530637741,0.04145533678371027,0.020766604691743906
1,75,0.43350525842064325,0.189465045928955,0.009646465258788928,0.012555625289678546
1,76,0.3804302864883925,0.1382661759853363,0.012134698319592296,-0.018435928970575277
1,77,0.396635080749634,0.0583906769752502,0.029272210629412876,-0.0003853738307952742
1,78,0.4529438746734048,0.2448136359453201,-0.013234069394615133,-0.024026321247220067
1,79,0.4247656431074961,0.2234840989112854,-0.0047829199547877455,0.026445109397172956
1,80,0.49001959172720555,0.1672093272209167,-0.008999192494915764,0.012363191694021225
1,81,0.48448296947788744,0.1045693159103393,0.033878804037329735,0.003357112407684326
1,82,0.48107145231691734,0.1461591124534607,0.014903954592077606,0.014261104166507776
1,83,0.5273934360098588,0.0970260500907898,0.04823889200063214,-0.005792744457721669
1,84,0.4298268517199336,0.3069101423025131,0.0464081172205002,-0.03257393650710583
1,85,0.4198440542311219,-0.0351161956787109,0.02733177185598351,-0.006523273885250102
1,86,0.42898224800809526,0.127859890460968,0.03637940706134207,0.03629206120967868
1,87,0.501942956727141,0.0874592661857605,-0.0693935868341341,-6.946176290507922e-05
1,88,0.501942956727141,0.0756623148918151,-0.0693935868341341,-0.003500178456306513
1,89,0.4644994318184531,0.1848034858703613,-0.0502437118885698,-0.021188203245401382
1,90,0.7480285010948429,0.3028533011674881,-0.008288677529453836,0.00365331768989563
1,91,0.8338227608234658,0.2017418593168258,0.024327150779526074,0.014921365305781337
1,92,0.6564604763692514,0.1656918227672577,0.00981836917117862,-0.006275601685047122
1,93,0.6029423083566947,-0.0429303646087646,-0.029788006894313046,-0.006812818348407738
1,94,0.6082415582993042,-0.0074892044067382,-0.04665773035871967,0.010803669691085862
1,95,0.7007264124011146,0.0486876368522644,-0.021262830934607124,-0.009899310767650583
1,96,0.6167995092437566,0.1376543939113617,0.009693638913101932,0.011956505477428464
1,97,0.6167995092437566,0.2077704966068267,0.009693638913101932,0.03313950821757311
1,98,0.6599052916546496,0.1305905282497406,0.03553750874623729,0.0014671236276626864
1,99,0.39549827656270914,-0.0223039984703063,0.02285368036811425,-0.005539983510971038
1,100,0.4629197903054638,0.0537863969802856,0.03356869562232617,-0.004576191306114197
1,101,0.4600900849026135,-0.0274043679237365,0.027501701922001853,0.005397140979766849
1,102,0.5301957690728609,0.0478116571903228,-0.001608692211498619,0.005919065326452234
1,103,0.49927947006229856,0.060266375541687,0.007243177773469389,-0.0060789436101913175
1,104,0.5240450661187969,-0.006219208240509,-0.0062470161788821255,-0.004294838756322813
1,105,0.3729590503218787,0.1305134892463684,0.014287120139738374,0.03321815282106405
1,106,0.34752045311122276,0.2987522780895233,-0.01924555654567045,-0.010688534006476402
1,107,0.3131526959885863,0.0004686713218688,0.00628117880696627,-0.009998992085456888
1,108,0.4937928518217529,-0.0298001766204834,0.00640070291145145,-0.022464729845523862
1,109,0.4904718542705392,0.1147024631500244,0.007829372644392318,0.004096537828445462
1,110,0.4691093781969594,0.0614077448844909,-0.03385794478499049,0.0005076974630355557
1,111,0.41389384482725555,0.0650816559791565,0.03284079042808946,0.007551953196525608
1,112,0.3632212584444637,-0.0380080342292785,0.02620195648667062,0.006496109068393714
1,113,0.3632212584444637,0.1881595253944397,0.02620195648667062,0.02470060810446742
1,114,0.5503195832590836,0.3433129638433456,-0.009641363778717937,0.028195254504680578
1,115,0.502479987581388,0.2513542771339416,-0.005539901516737333,-0.026625845581293106
1,116,0.502479987581388,0.231119304895401,-0.005539901516737333,-0.013918962329626056
1,117,0.4361758456902216,0.2176016271114349,0.008620847836348366,-0.05480975657701495
1,118,0.44821609029685994,0.1180264353752136,0.017627541593764895,-0.06277989968657494
1,119,0.4361758456902216,0.0132026374340057,0.008620847836348366,-0.061660278588533374
1,120,0.3792826774203616,0.1703200042247772,-0.01038208980933586,-0.006477419286966296
1,121,0.37321379364198637,0.2531891465187073,0.014407276133912794,0.001098640263080597
1,122,0.34777519643133037,0.3343111127614975,-0.019125400551496086,-0.006606118753552437
1,123,0.4913191460436226,0.0653579831123352,0.012093801193999665,-0.005563095211982699
1,124,0.4089918949982485,0.0906392335891723,0.006624987478772604,-0.008483119308948545
1,125,0.48178701826372267,0.0307786464691162,-0.007109377287100593,-0.005207262933254225
1,126,0.4642892160994591,0.0601826906204223,0.03275782102601388,-0.01729602739214898
1,127,0.5015949857831996,0.1194138526916503,-0.0016764970970274407,0.002067305147647802
1,128,0.5015949857831996,0.2220988869667053,-0.0016764970970274407,0.011224497109651566
1,129,0.6255367469287856,0.2329347878694534,0.041770751913527304,-0.013559272512793569
1,130,0.6205720749558552,0.2094984650611877,0.046212611424165995,-0.010387841612100629
1,131,0.6205720749558552,0.3372130692005157,0.046212611424165995,0.008018219843506758
1,132,0.4220241463915454,0.2307697832584381,0.0061633531415201115,-0.04537250101566315
1,133,0.3421484502821755,-0.0972898602485656,0.009868465057788767,-0.039609305560588816
1,134,0.3664174445505989,0.1245200037956237,0.0016368956593653672,0.009530045092105838
1,135,0.48793772121778667,-0.0215839147567749,-0.0024710533197171425,-0.006628759205341398
1,136,0.4960898272709321,0.0340164303779602,-0.0131371232195433,0.012205094099044848
1,137,0.4769142883931642,0.0048556327819824,0.011017657961111538,-0.014972634613513898
1,138,0.5983546183537445,0.0387879610061645,0.04481613980738908,0.02195499464869494
1,139,0.6192626034269018,0.1634552478790283,0.03729490528814294,0.03182787075638771
1,140,0.6192626034269018,0.2593394666910171,0.03729490528814294,0.015340039506554576
1,141,0.30479073448026095,0.2560664415359497,0.01152911985221261,0.005975011736154612
1,142,0.3518334862698438,0.21755251288414,0.008823669759307873,-0.0008260197937488556
1,143,0.3085415637776956,0.2372539043426513,0.015148674739582146,0.03951469250023365
1,144,0.5983546183537445,0.0499731004238128,0.04481613980738908,-0.02098194137215617
1,145,0.690825591686201,0.206454336643219,0.05699887324251984,-0.02575902268290517
1,146,0.622897439014622,0.136541336774826,0.05357443739709722,-0.023341443389654187
1,147,0.49510377643442227,-0.0258900821208953,-0.01580779450466041,0.00336756929755214
1,148,0.4312340573387089,0.3681301176548004,0.000395573051294007,-0.011229610070586149
1,149,0.42313038256188484,0.2998065054416656,-0.005551591464250216,-0.019850313663482666
1,150,0.5622280458213866,0.2327741086483001,0.024450962638929763,0.011611655354499761
1,151,0.58765578215769,0.0593280792236328,0.0020964745925625694,0.012415543198585538
1,152,0.6209561535539767,0.1429477334022522,0.02975526927010741,-0.016375996172428103
1,153,0.5313030378110042,0.0835812091827392,0.019210334504637827,-0.025556012988090515
1,154,0.5086749523924746,0.0683933496475219,0.008883779275632664,-0.000278450548648862
1,155,0.5241612775412197,0.0712336301803588,0.020736641990097615,-0.00034722685813906584
1,156,0.4625141501870127,0.0497794151306152,0.018314024070885115,-0.019683588296174982
1,157,0.48448296947788744,-0.0163851976394653,0.033878804037329735,0.01573059707880019
1,158,0.4625141501870127,0.0556983351707458,0.018314024070885115,-0.013568770140409477
1,159,0.3957328078430382,0.0566327571868896,0.01981323944525709,-0.00231750309467315
1,160,0.33967728280718035,0.027265191078186,0.015426852999854412,0.014332920312881463
1,161,0.37790794285001716,0.1769619882106781,0.008765998144580844,-0.027093812823295566
1,162,0.5439416268566581,-0.0343470573425293,-0.006855697566500063,0.019501391798257793
1,163,0.5274652680847937,0.0847009420394897,-0.035564428424677774,-0.021331679075956345
1,164,0.5439416268566581,0.0607131123542785,-0.006855697566500063,0.015930481255054467
1,165,0.4924006135419092,-0.0540906190872192,0.0228705206755766,0.007361181080341325
1,166,0.4924006135419092,0.1253815293312072,0.0228705206755766,0.02300435304641721
1,167,0.43588139911912166,0.1233698427677154,0.016810766326653792,-0.021664947271347074
1,168,0.5256081837966321,0.3753373026847839,-0.05287829908438513,-0.014251230284571703
1,169,0.5583059759648223,0.0445061326026916,-0.01572556091503241,-0.008209072053432465
1,170,0.5367989758091356,-0.0142774581909179,-0.020193447179525426,-0.0012677460908889493
1,171,0.4170862624570091,0.182519793510437,0.015204057303201624,0.04908791184425357
1,172,0.4171250980332509,0.2984980046749115,0.00902231962913358,0.04508465528488159
1,173,0.4476074461577304,0.0779073238372802,0.03336558131672951,0.02106400579214094
1,174,0.4716306002225307,-0.0375998020172119,0.0419623103043118,0.003322742879390675
1,175,0.41820399054200763,0.0254571437835693,0.0162674341076936,-0.003781035542488074
1,176,0.4532612876697465,0.007287323474884,0.034965083953379994,0.0003894492983818002
1,177,0.4124045305076589,0.0739721059799194,0.01166403199129673,-0.011673554778099032
1,178,0.4365642731935773,0.142037034034729,-0.01753359404541366,-0.015889059752225848
1,179,0.4378322668439623,0.1982699632644653,-0.010690456055070408,-0.01591447740793228
1,180,0.4209986795937536,0.2075236737728119,0.023713756529727847,-0.002949539572000476
1,181,0.4608248918771596,-0.0645203590393066,0.04185197203596691,0.00042714178562165694
1,182,0.4608248918771596,-0.0138305127620697,0.04185197203596691,0.007389590144157335
1,183,0.5939207989804987,0.244225263595581,-0.019985292007033806,-0.017030995339155253
1,184,0.5579688068518756,-0.0014954805374145,0.0055262852904298665,0.0016878470778465375
1,185,0.5579688068518756,-0.0158127546310424,0.0055262852904298665,-0.004708722233772264
1,186,0.5498945964920878,0.2812753617763519,0.010323642443490932,-0.006789908744394835
1,187,0.5009841742144403,0.1719062030315399,0.020942694056698352,-0.0030936747789382935
1,188,0.5894781542327892,0.3274042159318924,-0.04697001574272697,0.01105741411447525
1,189,0.5420547423420048,0.0626471042633056,0.00208168176371637,0.012606829404830919
1,190,0.486086831284567,0.1293079853057861,-0.029936601390120998,-0.0463142395019531
1,191,0.5107703049093604,0.2187419533729553,0.010322046306320831,-0.0325928442180157
1,192,0.34752045311122276,0.0399984270334243,-0.01924555654567045,0.0008066166192293028
1,193,0.34752045311122276,0.2020297348499298,-0.01924555654567045,0.018625224009156255
1,194,0.34630363009981957,0.1090772449970245,-0.023065584344174994,-0.004037670791149139
1,195,0.5212865163553526,-0.0438807010650634,-0.04421606423697766,-0.00722699612379072
1,196,0.5441191000469263,0.2231785058975219,-0.03142296461093963,-0.026483930647373255
1,197,0.49455043075905336,0.1016510725021362,-0.06145400164627535,0.01900041103363037
1,198,0.500035313911473,0.0658671855926513,-0.022571814389236056,-0.011175744235515622
1,199,0.5049733314214614,0.0552646517753601,-0.03221262165690375,0.003954477608203923
1,200,0.4786728378378934,0.1085489392280578,-0.06425913181861875,-0.011053077876567854
1,201,0.42681454169070127,0.2486503720283508,0.03854718052609152,0.012965992093086243
1,202,0.4311514003923736,0.0384972393512725,0.035985442675162516,-0.033660843968391446
1,203,0.36356699563987693,0.1186701208353042,0.024115118309175676,-0.017056550830602674
1,204,0.3784566077835172,0.3425044119358063,-0.006415345736928202,0.014489367604255676
1,205,0.37897605752215724,0.2701311707496643,-0.008805525369886047,-0.00953642651438713
1,206,0.3667857429377113,0.0746917128562927,-0.010647556185051865,-0.011151351034641266
1,207,0.46704462505264044,0.196393609046936,-0.02111759407931363,-0.04520086385309696
1,208,0.48840710112622016,0.1588342189788818,0.020569723350069125,-0.05131709575653076
1,209,0.49172809867743383,0.1948499977588653,0.0191410536171282,-0.049361972138285665
1,210,0.49626062973661733,-0.0154727101325988,0.0355113851174273,-0.009353168308734838
1,211,0.49626062973661733,0.0735657811164856,0.0355113851174273,0.009257547557354015
1,212,0.48461672366657293,-0.0475266575813293,-0.0010423835867762743,0.006632953882217414
1,213,0.5359224178279054,0.1098511815071106,0.034526018734887365,-0.0012920796871184886
1,214,0.534903104091991,0.0737090706825256,0.05283995395413288,0.01977852731943132
1,215,0.5359224178279054,0.1152223944664001,0.034526018734887365,-0.013372533023357377
1,216,0.45581981936065086,0.1401385068893432,0.013060271666691214,-0.050647849217057256
1,217,0.45581981936065086,0.317902535200119,0.013060271666691214,-0.002078176476061344
1,218,0.43129608177211987,0.2373811602592468,0.02117168507094025,0.015838235616683988
1,219,0.4520688635240947,0.1216779053211212,-0.033898893392596774,-0.00715905055403708
1,220,0.3832713777928549,0.1858608424663543,0.0069345761006552875,0.011626847088336917
1,221,0.4331843065721429,0.1901094615459442,-0.03474185501495014,-0.017364162951707812
1,222,0.4632542475929932,0.0188754200935363,-0.04272970101615897,0.005011096596717826
1,223,0.4578806380702737,0.0391353368759155,-0.018280320996073962,0.0218409076333046
1,224,0.4786728378378934,0.0566233992576599,-0.06425913181861875,-0.005395986139774281
1,225,0.3486900560534554,0.1279317736625671,0.02251868953816183,0.024159520864486708
1,226,0.3727007635903775,0.3554677069187164,0.02548222570052905,-0.03289682418107992
1,227,0.3486900560534554,0.0211231708526611,0.02251868953816183,0.004451811313629164
1,228,0.5172041731491205,0.0360720157623291,-0.07871954666905123,-0.009825311601161901
1,229,0.4927688297197184,0.0072466135025024,-0.011708453486602377,0.0025646388530731253
1,230,0.4960898272709321,0.0097224116325378,-0.0131371232195433,0.0009037256240844622
1,231,0.404522320821889,0.02680504322052,-0.004994974328449919,0.009407229721546187
1,232,0.40128786594132937,0.1987009644508361,-0.006838496592446619,-0.014644619077444104
1,233,0.43657048268609083,0.3213844150304794,0.009278858144574575,-0.011533530429005623
1,234,0.3825171323009212,0.1011037230491638,-0.00853856754533916,0.015863217413425487
1,235,0.42404569510446843,-0.023552656173706,-7.925157031118957e-05,-0.013872951269149737
1,236,0.4310997573558608,0.2463820576667785,-0.011742185140333705,0.0008198507130145749
1,237,0.48461672366657293,-0.0050652027130126,-0.0010423835867762743,0.0018497183918953376
1,238,0.5054089234341926,-0.0659735798835754,-0.047021194409321065,-0.0039000138640403748
1,239,0.48793772121778667,0.0438640713691711,-0.0024710533197171425,0.0054705142974853516
1,240,0.4736399902473781,0.3338098376989364,-0.013298717145714345,0.013280091807246153
1,241,0.44948024756145966,0.2038444876670837,0.0158989088909961,-0.008806243538856506
1,242,0.46977626944159845,0.0693525671958923,-0.009211246868577938,0.003757677972316756
1,243,0.3954616923773008,0.0543019771575927,0.00877660691582105,0.010917723178863512
1,244,0.3955005279535426,0.230803370475769,0.0025948692417530617,-0.010818365961313275
1,245,0.42341459114047053,0.0841969847679138,0.006892158401072768,0.0036320015788078586
1,246,0.7669593520725497,0.1211000382900238,0.04042442432789983,-0.009771700948476764
1,247,0.8135375054141754,0.1369898319244384,0.035747995321210646,0.00018996000289914217
1,248,0.6890432684588808,0.0982380211353302,0.013315455971770973,-0.0028658881783484996
1,249,0.5602402774305835,0.0400672256946563,-0.10153186844560902,0.013613510876893976
1,250,0.556597133768801,0.1189677119255065,-0.08049958608570507,0.01700263470411295
1,251,0.5301551106992785,0.1216478943824768,-0.045481444002416604,0.007817570120096248
1,252,0.5209359542336103,0.2651032209396362,-0.01816205530577597,0.09238428622484204
1,253,0.5269974970677599,0.0155155658721923,-0.003051691710912241,0.007196314632892576
1,254,0.4676712056715977,-0.0052649974822998,-0.013517772158175123,0.00010422617197033707
1,255,0.5171695466789252,0.3542965948581695,0.012309292424822593,-0.01179924607276922
1,256,0.49719722398664334,0.0335150957107543,-0.01309097371921697,-0.002540066838264514
1,257,0.5505183418164912,0.2610872834920883,-0.02943571849243798,-0.019806524738669395
1,258,0.5905131237491528,0.2563854455947876,0.03710899203801532,0.009889880195260076
1,259,0.6156022198955666,0.1237229108810424,0.04500308027996014,-0.006914120167493848
1,260,0.6340326346085619,0.2685628533363342,0.047500602776122,0.009468607604503632
1,261,0.3134074393086939,0.2749718129634857,0.006401334801140635,-0.04160124994814396
1,262,0.3547589398318306,0.3254689872264862,-0.0022706764050868244,-0.025809546932578087
1,263,0.3388272751479007,0.2683146893978119,0.011748813522776957,-0.04883365333080292
1,264,0.4467088895827944,0.2851522862911224,-0.0002810384097847729,-0.034810168668627794
1,265,0.4179941045669631,0.2409679293632507,-0.0135234638365897,-0.015151662752032308
1,266,0.4467088895827944,0.2362444996833801,-0.0002810384097847729,-0.03955927491188052
1,267,0.527827432410183,0.2753456085920334,-0.029688583721031114,-0.005156107246875763
1,268,0.48527764838874,0.0809390246868133,-0.04704683309313362,-0.018518228083848967
1,269,0.5021949710915465,0.267095685005188,-0.052210234032553315,-4.766881465911865e-05
1,270,0.39651759029862343,0.0908010005950927,0.004539745148868679,-0.009052164852619213
1,271,0.4363438025820294,0.0231869220733642,0.022677960655107687,0.013417303562164286
1,272,0.4476157802029884,0.1191576719284057,0.025416459592097873,-0.010235343128442792
1,273,0.37852605105161174,0.2747447788715362,-0.009117550423526577,-0.0075674355030059814
1,274,0.3610682992998713,0.0125256180763244,-0.01418766385987158,-0.007725428789854088
1,275,0.3595967329683605,-0.0628964006900787,-0.018127847652550544,0.007279098033905043
1,276,0.4228951414018305,0.2415153086185455,0.009282338034030557,-0.0016807559877634048
1,277,0.4228951414018305,0.3021823763847351,0.009282338034030557,0.004097625613212641
1,278,0.3784566077835172,0.3541257083415985,-0.006415345736928202,0.012980258092284203
1,279,0.7967720026274303,0.3584053739905357,0.02243084302524556,-0.013036908581852913
1,280,0.5263975770844159,0.0021184086799621,0.018406225097278517,-0.007378853857517238
1,281,0.7340988018937883,0.3234767615795135,0.04029328329182169,0.014384862035512869
1,282,0.5021949710915465,0.1534886062145233,-0.052210234032553315,0.004821866750717191
1,283,0.5115937952381928,-0.0425835251808166,-0.06369362687092028,-0.0038738399744033883
1,284,0.5188602794299475,0.0271419882774353,-0.0745569877735539,-0.009160630404949136
1,285,0.7717722897536906,0.2436101138591766,0.04608920106854064,-0.005173519253730774
1,286,0.7374037450278266,0.1221930980682373,0.052322444235830656,0.012635715305805262
1,287,0.6814841218178773,0.3045145571231842,0.047085883492537395,0.016409294679760933
1,288,0.6156022198955666,0.2836127281188965,0.04500308027996014,-0.025718968361616135
1,289,0.6156022198955666,0.1265146434307098,0.04500308027996014,-0.006102804094552994
1,290,0.7067637216990699,0.1978601664304733,0.048268107579067965,0.01762525551021102
1,291,0.4709790728984451,0.319949060678482,-0.03241724153611236,-0.016248552128672655
1,292,0.5367989758091356,-0.0249558687210083,-0.020193447179525426,-0.010926157236099288
1,293,0.5367989758091356,0.0737477540969848,-0.020193447179525426,0.01674757152795791
1,294,0.36335101273643167,0.1462736427783966,0.003637400118527867,-0.021565675735473605
1,295,0.363096269416324,0.1815379559993744,0.0035172441243535024,-0.030998393893241855
1,296,0.41516809267193083,0.2308622896671295,0.002277304787530021,0.006692815572023392
1,297,0.6558139535494092,0.2314601093530655,0.04424107797998056,-0.0006822999566793442
1,298,0.6814841218178773,0.3146736621856689,0.047085883492537395,0.01420524157583708
1,299,0.48608886433715215,0.0895685255527496,0.027227509863405885,0.007793039083480863
1,300,0.4149751160611669,0.1816751360893249,-0.0014856991488361726,-0.007953602820634842
1,301,0.4114859178604996,0.1436353921890258,-0.0034493774070072925,0.004267996177077238
1,302,0.4114859178604996,0.3018150776624679,-0.0034493774070072925,-0.014969518408179339
1,303,0.4735932908419505,0.0643357634544372,0.012446327694052461,-0.012992508709430708
1,304,0.4256268404545721,-0.0270484089851379,0.0011192486906916321,-0.032360579818487105
1,305,0.49438549060957016,0.1347566246986389,-0.03353248312849233,-0.012803904712200137
1,306,0.4506319515340462,-0.0452141165733337,0.03196326480332423,-0.021601088345050812
1,307,0.35213124777098725,0.0761494934558868,0.02894481042230551,-0.02150315605103971
1,308,0.35213124777098725,0.0809040665626525,0.02894481042230551,-0.00029417127370838514
1,309,0.3085415637776956,0.1673852205276489,0.015148674739582146,-0.03609146922826767
1,310,0.35588207706842184,-0.0370723605155944,0.03256436530967499,-0.013687826693057976
1,311,0.2926345310175975,0.1744564175605774,0.01813230309275915,-0.004936426877975408
1,312,0.5793159536895687,-0.0203076004981994,-0.048182387490239065,-0.00011485069990157387
1,313,0.5583747707235442,0.0328345894813537,-0.0514911522445165,-0.0028969570994377136
1,314,0.5793159536895687,0.028389573097229,-0.048182387490239065,-0.0008916556835174144
1,315,0.6569601618015638,0.1249638795852661,-0.03666876613700443,0.005573548376560239
1,316,0.6438425816405007,0.2353353500366211,-0.04775450933048586,-0.00436857715249056
1,317,0.73428450821001,0.133974015712738,-0.032447026933300926,0.0008695460855960846
1,318,0.6136741546099053,0.2613861560821533,-0.07430942103269955,0.026509579271078137
1,319,0.6280904608873031,0.1364706158638,-0.07546174342386425,0.007178083062171908
1,320,0.6280904608873031,0.0991498231887817,-0.07546174342386425,-0.008063387125730515
1,321,0.5894846681429359,0.0966928601264953,-0.06821897381388797,0.013821780681610094
1,322,0.5813280350370333,-0.0426616072654724,-0.05107254670613548,0.0045234113931655676
1,323,0.5894846681429359,0.1504407525062561,-0.06821897381388797,0.021775677800178583
1,324,0.7126139253341479,0.3836804926395416,-0.03271929048418465,0.011735483072698116
1,325,0.7139404332058534,0.1181400418281555,0.003621070684320493,0.0166677497327328
1,326,0.7126139253341479,0.3379387855529785,-0.03271929048418465,0.016042333096265793
1,327,0.5939935024296247,0.0806226134300232,-0.07174519863199469,0.018315978348255206
1,328,0.6804863876454845,0.1555262207984924,-0.042638388635226065,0.01825817301869395
1,329,0.60025317560112,0.1336401998996734,-0.05575109391540689,-0.0010793004184961597
1,330,0.7025340089728134,0.1672747731208801,-0.02650488514997118,0.017688192427158356
1,331,0.6906951021706293,0.0912161767482757,-0.040443611518221956,-0.0007762014865875522
1,332,0.7342900028686798,-0.083081841468811,-0.019454751566489237,-0.006864309310913086
1,333,0.6405636828016874,0.1648692488670349,-0.05606178998416833,0.012982625514268903
1,334,0.7229838132085709,0.2222800850868225,-0.07172562716961872,0.007763005793094635
1,335,0.7037503068820143,0.1137412786483764,-0.060665002159388526,-0.0033146068453788896
1,336,0.713459349193001,0.0242130756378173,-0.04016074422437921,-0.009532704949378974
1,337,0.7418802309235325,0.0108627080917358,-0.006793136420789603,-0.016649462282657616
1,338,0.7760711089045633,0.0202344059944152,0.008863961365780049,-0.007282242178916962
1,339,0.6858051645006076,0.1377618908882141,-0.03526926589927515,-0.005349852144718115
1,340,0.6154974027360376,0.2585989236831665,-0.022092503057967283,-0.0139112938195467
1,341,0.59455547774925,0.073145568370819,-0.03478673085635042,0.004336476325988714
1,342,0.768225294907491,0.1267911195755005,-0.05093310308472554,0.009932603687047986
1,343,0.7530023987845602,0.2763176560401916,-0.05885004488340917,0.02917660027742383
1,344,0.744873180067448,0.1666682660579681,-0.051144782849667614,-0.0011749844998121262
1,345,0.739519589011564,0.284396767616272,-0.0018197171678121515,0.010683488100767136
1,346,0.6601515892475412,0.3230981230735779,-0.01948138648433817,-0.015993880107998792
1,347,0.71435639070187,-0.0268856287002563,-0.03567729345620807,0.008867844939231886
1,348,0.6726070657347345,0.1274960041046142,0.01219309640360855,-0.003017265349626541
1,349,0.7586443624886832,-0.0609258413314819,0.028039916024714784,0.0023563019931316445
1,350,0.7586443624886832,0.1480616629123687,0.028039916024714784,0.03062487766146657
1,351,0.6331627113527096,0.1575637459754943,-0.05066675174106061,0.00503833591938016
1,352,0.5950653376832269,0.195804625749588,-0.0484956269276311,0.045921765267848996
1,353,0.6495104524415822,0.1345773935317993,-0.040254250190916885,0.004461947828531293
1,354,0.6686346112077899,0.0858425498008728,-0.08437647404498849,0.02209611982107168
1,355,0.6360644158366319,0.1972793936729431,-0.05754833928496539,-0.022139713168144226
1,356,0.6646181859745172,0.061175525188446,-0.06647388496352702,0.02104169502854348
1,357,0.7423236261928541,0.0160230696201324,0.003700551441315758,0.01563951745629309
1,358,0.7506284866627428,0.0414770245552063,0.003255529257331302,0.021648921072483073
1,359,0.7423236261928541,0.0941545367240905,0.003700551441315758,0.003460817039012895
1,360,0.7431109884668998,0.0029234886169433,-0.017987059514857795,0.0034850798547267506
1,361,0.6878269544957514,0.2402881011366844,-0.05336469280048073,-0.0009026490151882172
1,362,0.7599327919911816,0.2265901267528534,-0.022566156167301288,-0.0005902498960494718
1,363,0.736110419816496,0.2535886466503143,-0.021986105698167835,-0.0037373527884483893
1,364,0.7006062592891592,0.0891797542572021,-0.03471587396587461,-0.012711312621831908
1,365,0.6807656438196785,0.241510659456253,-0.04273384233679034,0.00487188994884491
1,366,0.7407404487032201,0.1946319341659546,-0.05357793741180905,0.0037478208541870395
1,367,0.7307622367301352,0.1036218106746673,-0.0009580259681229997,0.0013435408473014832
1,368,0.7599327919911816,0.1296718120574951,-0.022566156167301288,-0.007741957902908325
1,369,0.6237990750839997,0.0948981642723083,-0.03247223109912789,0.017401728779077516
1,370,0.6790220465819141,0.2361955940723419,-0.031077034693489325,0.027910411357879666
1,371,0.6237990750839997,0.0026575326919555,-0.03247223109912789,0.006028190255165038
1,372,0.5807919824864005,0.2615813314914703,-0.04778011737463006,0.011063016951084137
1,373,0.672563063017771,0.2033020853996276,-0.013545840276578791,0.010968815535306903
1,374,0.5651535671963992,0.2081054151058197,-0.04707634020122342,-0.013561584055423709
1,375,0.6959772812937097,0.1521568596363067,-0.00523018193652347,0.03563578054308891
1,376,0.750198549709495,0.2568944990634918,0.013694036725113823,-0.0006701834499835968
1,377,0.6734699014321397,0.3099599182605743,-0.0026464928010393463,0.03450569603592152
1,378,0.7368412658431445,0.0339249968528747,-7.941164786484656e-05,0.004560232162475586
1,379,0.6450701853117738,0.0491255521774292,-0.034313688745916227,-0.007292881608009297
1,380,0.7368412658431445,0.0972892940044403,-7.941164786484656e-05,0.005707021802663831
1,381,0.7427147750718981,0.2444408237934112,-0.041498475804230606,0.032987363636493655
1,382,0.6954580211009995,0.108874499797821,-0.028163651644522503,-0.0027091093361377716
1,383,0.6954580211009995,0.0853881239891052,-0.028163651644522503,0.014785122126340894
1,384,0.6480888942144578,0.085970938205719,-0.034746261886685725,0.000941555947065395
1,385,0.6323514916672354,0.2627543359994888,-0.0470344501771246,0.012044088914990425
1,386,0.5513872944734531,0.0911254584789276,-0.06604784900045846,0.013144768774509458
1,387,0.6657368998230342,0.1584255695343017,-0.014254714380904865,0.03663965314626692
1,388,0.7123490229079505,0.2089608311653137,-0.02726753924375891,0.002044737339019803
1,389,0.7123490229079505,0.1637415289878845,-0.02726753924375891,0.007322669029235868
1,390,0.7208187006671313,-0.0447339415550231,-0.06676415516604528,0.005025759339332601
1,391,0.6553455451056442,0.2679367959499359,-0.05272049001831547,-0.005398703739046995
1,392,0.6561614457328429,0.2333458065986633,-0.05686875063154073,-0.005084581673145294
1,393,0.7451280643464251,0.0808149576187133,0.0087564817748782,0.01376872882246967
1,394,0.7341357180921405,0.1217970550060272,-0.003713591939527805,-0.024153944104909897
1,395,0.703386542806123,0.1297568380832672,-0.0019042980510202145,0.007928013801574749
1,396,0.7337502616140383,0.1819628477096557,-0.018368739667893874,-0.022128840908408165
1,397,0.7704882025074038,0.3201305940747261,-0.000481046201655122,0.007693268358707428
1,398,0.6863332452352542,0.3860137984156608,-0.019046060441929136,0.002026149071753025
1,399,0.6632628298007703,0.0377919673919677,-0.0553586229762415,-0.005742732435464901
1,400,0.6656872461505978,0.2205182313919067,-0.04200917263637827,0.01934119313955307
1,401,0.6941543325927373,0.0217857658863067,-0.02349351706975955,0.010684311389923075
1,402,0.7296925450720897,0.1080633997917175,-0.022094036645158743,0.011381737887859344
1,403,0.6542357597534078,0.351908728480339,-0.015890961762421774,0.006284322589635849
1,404,0.6959772812937097,0.277662843465805,-0.00523018193652347,-0.009782578796148356
1,405,0.7352629998107355,0.0589790344238281,-0.05218051088658082,0.03413403779268266
1,406,0.7427147750718981,0.2610925585031509,-0.041498475804230606,-0.005053071305155754
1,407,0.7427147750718981,0.3251299262046814,-0.041498475804230606,0.02587621659040451
1,408,0.5446715046435504,0.0400426983833313,-0.04710917002716686,0.009182460606098224
1,409,0.5506339065947381,0.3428188264369964,-0.057922640353962884,0.004991011694073677
1,410,0.5446715046435504,0.3303906321525574,-0.04710917002716686,0.02027853950858116
1,411,0.7250187975417293,0.090050458908081,-0.006537899006728631,0.004001300781965256
1,412,0.7250187975417293,0.081295907497406,-0.006537899006728631,0.008195217698812526
1,413,0.7710270025941668,0.1342311203479766,-0.027812958134546317,-0.012135747820138959
1,414,0.611294064523938,0.3246840238571167,-0.020066090619519028,0.017974950373172816
1,415,0.6257172721832551,0.1627392172813415,-0.02479121454787303,0.002345263957977267
1,416,0.6031250899086706,0.0450145006179809,-0.05190101679793779,-0.014561444520950324
1,417,0.7037497735747648,0.1145874857902526,-0.06066461913409871,0.0030193068087100705
1,418,0.6405631494944379,0.2400496900081634,-0.05606140695887851,-0.0026744715869427005
1,419,0.7042111430290221,0.0834855735301971,-0.046598855753813506,0.002313166856765761
1,420,0.7207377823828011,0.1712807416915893,-0.06353663143397914,-0.03464728221297267
1,421,0.7181794154859709,0.0265236496925354,-0.032151416668552035,-0.009088367223739603
1,422,0.7181794154859709,0.1706468760967254,-0.032151416668552035,0.0064263716340065
1,423,0.7509803311221219,0.107509821653366,0.01864337781739045,-0.025071620941162137
1,424,0.7875415000782726,0.0937280356884002,0.01666071618925402,-0.0030691102147102634
1,425,0.7926119854413425,0.2717994153499603,0.021598271139489644,0.015425248071551323
1,426,0.7279824830782965,0.2108583599328994,-0.006617739775328979,-0.0018130959942937175
1,427,0.7878230058887883,0.2959872186183929,0.015184459024155217,0.005589356645941679
1,428,0.7878230058887883,0.3865938261151314,0.015184459024155217,0.034177823923528194
1,429,0.7005840775280239,0.315583623945713,-0.01707674128664538,-0.002442850731313284
1,430,0.7418808014422242,0.3707117810845375,-0.042260414756526754,-0.0010325266048312187
1,431,0.7418813347494737,0.3044657409191131,-0.042260797781816684,-0.0030940677970648367
1,432,0.6085871367963086,0.2579161822795868,-0.029869181585860827,0.0018969662487506866
1,433,0.6058474447603176,0.2218002080917358,-0.0314730834070277,0.0005503762513399124
1,434,0.6058474447603176,0.2011775076389312,-0.0314730834070277,-0.006640877574682291
1,435,0.6251615448883018,0.2013936638832092,-0.05503103128702769,-0.0033591687679290494
1,436,0.6251615448883018,0.0822651386260986,-0.05503103128702769,-0.0008336752653121671
1,437,0.7287558201879323,0.2512606978416443,-0.0425404381067358,0.012642480432987269
1,438,0.7550781090337937,0.1513221561908722,0.01227839311013268,-0.005199406296014758
1,439,0.7368412658431445,0.0241442918777465,-7.941164786484656e-05,0.001688763499259914
1,440,0.705085271947278,0.0426900684833526,-0.007129545231346901,-0.024875704199075706
1,441,0.5958658828304909,0.0473091900348663,-0.04706712026290383,-0.0060805827379226615
1,442,0.6058474447603176,0.1552034318447113,-0.0314730834070277,0.005165129899978693
1,443,0.6122215283866852,0.2467423379421234,-0.05397551649533805,0.014074113219976453
1,444,0.5807919824864005,0.0618522763252258,-0.04778011737463006,0.008986067026853554
1,445,0.5760252673610102,0.2822522670030594,-0.05508508863381956,0.019357163459062632
1,446,0.6296401590426077,0.1525077223777771,-0.03844799228955176,-0.04433703795075411
1,447,0.7585337222528328,0.3206743174232542,0.014679264922493496,-0.008810017548967153
1,448,0.762447151384834,0.0119448900222778,0.008589872809125598,-0.010813139379024488
1,449,0.7274934723211164,0.2102434635162353,-0.0047629056470865905,0.00824785977602005
1,450,0.7301084734475389,0.009456068277359,-0.05639242192928018,-0.03856268897652622
1,451,0.6881690127458425,0.2782945781946182,-0.06527262314324778,0.01993888057768345
1,452,0.7373967680590567,0.3344460427761078,-0.054769383122999615,-0.005009099841117859
1,453,0.6443785539076653,0.3644993454217911,-0.026257985489031244,-0.007491791620850563
1,454,0.6749825657379167,0.3609903901815414,-0.027522706995054214,0.002010309137403965
1,455,0.6749825657379167,0.4125837087631225,-0.027522706995054214,0.02137670479714865
1,456,0.7294928453849381,0.3730894550681114,-0.06775171035588623,0.013254962861537933
1,457,0.7395386205277604,0.027616798877716,-0.04677150857788315,-0.008543781936168702
1,458,0.7323507715631281,0.2563644722104072,-0.04035539998885618,0.04301193077117202
1,459,0.6747067510501941,0.1318137198686599,-0.05371055354908316,-0.014388980343937902
1,460,0.7471432748846425,0.0449941754341125,-0.0300981213657886,0.004137825220823288
1,461,0.7239345063634083,0.3104211688041687,-0.043207313528835,0.021288026124238968
1,462,0.7136320953777338,0.332211285829544,-0.015128187106676183,-0.013187047094106674
1,463,0.7016140299799871,0.2454543113708496,-0.005285258009826377,-0.004036389291286441
1,464,0.6790220465819141,0.2221547067165374,-0.031077034693489325,-0.022040955722332056
1,465,0.7337688924580037,0.060635507106781,-0.04778941987317897,-0.012578671798109987
1,466,0.740018620825983,-0.1936687529087066,-0.062126425402883045,-0.0028060898184776306
1,467,0.7093206253950469,0.202383816242218,-0.03698466640241316,0.09394760802388191
1,468,0.6734699014321397,0.2793441116809845,-0.0026464928010393463,0.05035273730754855
1,469,0.6116023555322486,0.1436792016029358,-0.030149761038546052,0.006499320268631037
1,470,0.6154974027360376,0.3408050090074539,-0.022092503057967283,0.02131836675107479
1,471,0.7236766268453212,0.1364826261997223,-0.03936784479901534,-0.018193192780017825
1,472,0.7236766268453212,0.1451559066772461,-0.03936784479901534,0.006111718714237241
1,473,0.7042111430290221,0.2065656185150146,-0.046598855753813506,0.006403475999832153
1,474,0.7116780675334503,0.0359463095664978,-0.033936987936260876,0.01972330734133723
1,475,0.72443255037439,0.0371661484241485,-0.025359146267443955,0.01584811508655547
1,476,0.6314393608304161,0.2778021097183227,-0.06004196858325328,0.0018527433276175898
1,477,0.6916641440601523,-0.0330776870250701,-0.0020839831778215467,0.010150354355573703
1,478,0.6780389542802012,0.0595427155494689,-0.019105136177104742,0.010779533535242032
1,479,0.6792610632928047,0.1570659875869751,-0.018656590959346686,0.0023464821279049197
1,480,0.748892634798806,0.2667082995176315,0.0024807201593295414,0.006673820316791479
1,481,0.6941543325927373,0.1601659655570984,-0.02349351706975955,-0.005514327436685534
1,482,0.748892634798806,0.1808753311634063,0.0024807201593295414,-0.028068833053112058
1,483,0.5429333901472428,0.0168321430683136,-0.0757089969360899,-0.006092026829719526
1,484,0.5429333901472428,0.046798288822174,-0.0757089969360899,0.009768478572368601
1,485,0.5702557878008223,0.1826923787593841,-0.05124837863082832,-0.00669586658477786
1,486,0.6870591408509306,0.309878945350647,-0.03635283592128313,0.016986172646284103
1,487,0.7249434850351716,0.2625503540039062,-0.050552945658136395,1.6417354345321655e-05
1,488,0.7296925450720897,0.074656069278717,-0.022094036645158743,-0.008761480450630202
1,489,0.7240746933316516,0.2202778756618499,0.011936318383578004,-0.0015434212982655127
1,490,0.736381396729288,0.3134854286909103,0.01620694632008579,0.0005779881030320566
1,491,0.7307622367301352,0.0479593276977539,-0.0009580259681229997,-0.0071800239384174
1,492,0.5441973476945196,0.1628524512052536,-0.07404443011036144,-0.006468676030635778
1,493,0.5374815578646168,-0.0116157531738281,-0.055105751137069836,-0.006912946701049813
1,494,0.536040714588617,0.2021738886833191,-0.05689800300260894,0.02693748846650129
1,495,0.8194678478609629,0.1165806651115417,-0.010825132715265195,-0.006044849753379836
1,496,0.7194941865276849,0.3937354907393455,-0.015871407753104805,-0.0014445795677602846
1,497,0.7047557916626274,0.2025034427642822,-0.02806141455362554,-0.046737756580114365
1,498,0.7304419211760631,0.341996818780899,-0.04271987721039405,-0.007705854251980837
1,499,0.6420078059504994,0.180790901184082,-0.05141026910326463,0.003619715571403531
1,500,0.75898379366094,-0.0473245382308959,-0.04636570062348544,-0.009966254234313923
1,501,0.6495104524415822,0.1881346106529235,-0.040254250190916885,0.012238111346959984
1,502,0.6495104524415822,0.028017371892929,-0.040254250190916885,-0.014029063284397132
1,503,0.5989397336731828,0.2011606693267822,-0.03899547833026318,-0.007650179788470268
1,504,0.6251000533065533,0.1282943487167358,-0.044222914164162574,-0.034247785806655884
1,505,0.6989962301397474,0.1757555603981018,-0.04222317454822677,-0.01810530945658681
1,506,0.7041166509969842,0.2349322438240051,-0.018566478734928116,-0.007589813321828842
1,507,0.7861910989285573,0.071910947561264,-0.007919021227971168,-0.003328043967485414
1,508,0.7861910989285573,0.1356898844242096,-0.007919021227971168,0.028479997068643598
1,509,0.6810942166696201,0.1388971209526062,-0.039178263266628544,0.004411146044731196
1,510,0.5939935024296247,-0.0222615003585815,-0.07174519863199469,0.0184311121702194
1,511,0.5947680664629191,0.1491981148719787,-0.07530320197101503,0.012050837278366089
1,512,0.5513872944734531,0.0108754336833953,-0.06604784900045846,0.0036413297057151135
1,513,0.7115156216350196,0.0889367759227752,-0.024559338154140797,-0.0019513256847858707
1,514,0.7216069423237641,0.2443980872631073,-0.019788609840284188,0.010344032198190745
1,515,0.7605291797218318,0.0947820544242858,-0.007484497326382011,-0.009225174784660381
1,516,0.5806332401267202,0.1840105950832367,-0.06000353221455479,-0.010581556707620593
1,517,0.6259205605751366,0.0265195965766906,-0.054178075918081325,-0.0016868524253368482
1,518,0.5806332401267202,0.3473566919565201,-0.06000353221455479,-0.0005584433674812317
1,519,0.7240746933316516,0.185537040233612,0.011936318383578004,0.017854873090982437
1,520,0.7260014380406536,0.2530421912670135,-0.0026773390271284114,0.030062209814786883
1,521,0.7750149961274657,0.1731408685445785,0.014397501800630264,0.03538176976144311
1,522,0.7487803719727073,0.2083542048931121,-0.003378566959736262,-0.0035050213336944858
1,523,0.7813126561848864,0.1164812445640564,0.013978036989885645,-0.0008979141712188443
1,524,0.7588716926614518,0.1907125115394592,0.001392161354120347,0.013538047671318054
1,525,0.778928425259467,0.0476022362709045,0.008308109687262366,0.009821102023124702
1,526,0.762447151384834,0.0695391297340393,0.008589872809125598,0.030978716909885455
1,527,0.7518248129016414,0.2225619554519653,0.003364141390100883,0.0013058111071586609
1,528,0.7149376621178182,0.3941718861460686,-0.06593075929632652,0.025570029392838478
1,529,0.7041369869135428,0.2693723440170288,-0.09203256921928771,0.011705765500664711
1,530,0.6914737205948784,0.2495432496070861,-0.08470066756268757,0.05227794777601952
1,531,0.7977939300595194,0.2585013508796692,0.013696273868022302,-0.009618530049920082
1,532,0.7595071981860884,0.1773344427347183,0.013200326820066888,-0.006134103983640643
1,533,0.7595071981860884,0.1859639883041381,0.013200326820066888,-0.038144972175359754
1,534,0.6799082858598059,0.364443838596344,-0.08272437058046145,-0.00025503337383270264
1,535,0.6024517315672409,0.1592597365379333,-0.06518526751056009,-0.0091313645243645
1,536,0.6907089610640813,0.3259450793266296,-0.056622560657500376,0.016637258231639807
1,537,0.7236766268453212,0.1844641864299774,-0.03936784479901534,0.007409177720546722
1,538,0.656133586106948,0.138418436050415,-0.056887653984659003,0.005511879920959473
1,539,0.7208187006671313,-0.032586395740509,-0.06676415516604528,-0.0082671418786049
1,540,0.7566944458200324,0.2867149710655212,-0.013759706162373764,0.0203516967594623
1,541,0.7547960864234462,0.0840023756027221,-0.0034072300965507507,0.00783254951238628
1,542,0.7354090183565085,0.1492787301540374,0.00809841863635985,-0.010122418403625516
1,543,0.7451461263130332,0.2573818862438202,-0.0005244338318493025,0.01506783068180087
1,544,0.7506284866627428,0.1007358431816101,0.003255529257331302,-0.0024156421422958235
1,545,0.7437037218535436,0.3520535007119179,-0.02856719985714984,0.0017634788528084755
1,546,0.6412657790929632,0.1568130552768707,-0.04981948902897093,-0.015604048967361422
1,547,0.7163840649387607,0.1033121943473815,-0.04737120419527707,0.037169337272644
1,548,0.7450894180732827,0.1059330403804779,-0.04195803133229847,0.024657651782035883
1,549,0.6539378694274772,0.1452090442180633,-0.070987938099345,0.011382430791854858
1,550,0.6439661896878099,0.0910062789916992,-0.07587297364067613,-0.0053236968815326274
1,551,0.6893085963831188,0.1536677479743957,-0.0649476883461787,0.034497682005166994
1,552,0.7746546562807627,0.1941508948802948,-0.038005782886951,-0.002433799207210513
1,553,0.7706196142499524,0.2233732640743255,-0.017902117935432837,0.0087415911257267
1,554,0.7807109349386969,0.3014797866344452,-0.013131389621576228,0.0027876850217580795
1,555,0.7261010431951487,0.1105148196220398,-0.026018394459152216,0.00039325654506687513
1,556,0.7037503068820143,0.137030154466629,-0.060665002159388526,-0.005981534719467163
1,557,0.6656872461505978,0.1339314579963684,-0.04200917263637827,-0.022070521488785716
1,558,0.6646181859745172,0.2553163766860962,-0.06647388496352702,0.021547690033912686
1,559,0.6852921711498461,0.0667222440242767,-0.04704509926471723,0.021485958248376853
1,560,0.7178623665210041,0.0445272028446197,-0.07387323402474033,0.01699747890233993
1,561,0.7211304486888459,0.198299378156662,-0.02095079212244555,-0.03328801691532132
1,562,0.7810828762791395,0.2915236949920654,-0.01902577732550459,-0.007025908678770121
1,563,0.788611291379685,0.05706787109375,-0.0037573472481111647,0.00937526673078539
1,564,0.5504570208660149,0.319709450006485,-0.05805032539377364,-0.0031724460422992706
1,565,0.5491930633187383,0.2199900150299072,-0.05971489221950199,9.119510650634766e-05
1,566,0.5491930633187383,0.1531856656074524,-0.05971489221950199,-0.01887333393096921
1,567,0.7392062034552104,0.3725564181804657,0.0012239630107079291,0.013780815526843071
1,568,0.7657063476508723,0.0346977114677429,0.014891211705677199,-0.017534494400024386
1,569,0.7002880535539255,0.1633112877607345,-0.028801669279203246,0.01518847793340683
1,570,0.6769756081561334,0.0990711450576782,-0.050450568041800925,0.017385851591825485
1,571,0.590660430545461,0.171251118183136,-0.04284398883692919,-0.0035242550075053614
1,572,0.6569601618015638,0.0343667268753051,-0.03666876613700443,-0.010330975055694601
1,573,0.590660430545461,0.3104009628295898,-0.04284398883692919,0.01175357773900032
1,574,0.5887366391366686,0.2486321330070495,-0.04859615127132144,0.014813985675573321
1,575,0.5986055748664819,0.2153804004192352,-0.04546321844173695,-0.010165646672248813
1,576,0.47921233848887473,0.0151207447052001,0.025320292806555067,-0.004241496324539238
1,577,0.47421678193095507,0.3967679813504219,-0.010748273368625105,0.024744688533246517
1,578,0.47921233848887473,-0.0328058004379272,0.025320292806555067,0.0013321414589881897
1,579,0.42347175261601433,0.1305528879165649,0.007629443332999919,-0.0037690363824367523
1,580,0.4024245614110108,0.112322986125946,-0.03629618406432472,0.028100218623876558
1,581,0.38898975036068184,0.0735063552856445,0.013322044511768771,0.023110959678888328
1,582,0.48006772074423004,0.1185396313667297,-0.03479780003311722,0.01519201323390007
1,583,0.5079055891375952,0.2421878427267074,-0.016748042722891654,-0.00440460070967677
1,584,0.48006772074423004,0.0950451791286468,-0.03479780003311722,0.012911874800920473
1,585,0.39671966979671075,0.2733677476644516,0.032463790901692546,-0.01475782785564661
1,586,0.3655575591995041,0.094291865825653,0.026393663291818914,-0.012476302683353438
1,587,0.3655575591995041,0.0649149417877197,0.026393663291818914,-0.002065323293209062
1,588,0.5181214047953772,0.1962230503559112,-0.04997042206138813,0.0020263716578483304
1,589,0.559282176841479,0.0180569887161254,-0.06741814597570417,0.009778045117855001
1,590,0.5577363102563366,0.0078130960464477,-0.04604056878328033,0.0011600330471992128
1,591,0.42108741294165275,0.2739440500736236,-0.023095745749958874,0.009066695347428266
1,592,0.4434197508501495,0.0692379474639892,-0.029723149154178674,-0.0008088685572147508
1,593,0.4582224016196532,0.2113845944404602,-0.03485917928843674,-0.025518577545881244
1,594,0.5907070607196032,0.30084028840065,-0.03823079219116665,0.005485548637807369
1,595,0.5176723830403287,-0.030630886554718,-0.07053412259917047,0.0029000043869018242
1,596,0.5414330143307718,0.2504019737243652,-0.032428179967373905,-0.019158687442541178
1,597,0.46625114385372934,0.0985050499439239,-0.035532865612702524,-0.031621471047401456
1,598,0.418794812027348,0.1951271891593933,-0.025332734461073148,-0.018721945583820343
1,599,0.4303419873441825,0.1749393939971923,-0.05415042927239533,0.015373315662145559
1,600,0.38763833062219644,0.3748419433832168,0.019346569931397606,0.024853320792317335
1,601,0.38763833062219644,0.4425750114023685,0.019346569931397606,0.012785930302925352
1,602,0.4612633013080085,0.0979160070419311,0.03457554953698355,-0.03278779238462448
1,603,0.4320089916055724,-0.0401644706726074,-0.04596184401606429,-0.01204580813646319
1,604,0.4434197508501495,0.1190119981765747,-0.029723149154178674,-0.016605511307716356
1,605,0.42354364018895674,0.1052372455596923,-0.021209925487917614,-0.013775374740362195
1,606,0.4425302215467949,0.20757457613945,-0.12060328921237173,-0.0009998865425586978
1,607,0.4745069300388911,0.1092860847711563,-0.10644085785045532,-0.014869010075926753
1,608,0.465459586542739,-0.0438233017921447,-0.06924249016261852,0.0009533986449241916
1,609,0.5220447103886336,0.034534752368927,-0.03571982818138164,0.009857282042503426
1,610,0.48862929875716904,0.4286995306611061,-0.01988352364219098,-0.011300008744001389
1,611,0.5405745361561534,0.3580807372927665,-0.01970230133207984,-0.0007087765261531431
1,612,0.45831167354589875,0.1384148001670837,0.044080809286810296,-0.0013215020298957825
1,613,0.45831167354589875,0.2156536877155304,0.044080809286810296,-0.011896941810846273
1,614,0.4960972500805143,0.0562991797924041,0.015436971140588118,-0.003943268209695837
1,615,0.4687926940528526,0.3050559312105179,-0.008350317292442289,-0.01644246280193329
1,616,0.4522596584780427,0.3794789239764213,-0.031409867430627125,0.0011803023517131805
1,617,0.48113052745748297,-0.0253023505210876,-0.025394031691886254,0.0035300999879836967
1,618,0.44412358455310086,0.3552945554256439,0.01820634187676995,0.02614462375640869
1,619,0.48655178102542684,0.0343714952468872,0.03598964530764637,0.007507368922233627
1,620,0.49194799112014254,-0.0501287579536438,0.02626539138640699,0.002141438424587201
1,621,0.5529922994470309,0.1197991371154785,-0.0323981332991915,-0.015192832797765718
1,622,0.5417780805561101,0.1589150130748748,-0.09036820826012482,0.02517579495906827
1,623,0.5060968243697381,0.2238116562366485,-0.07946260785643822,-0.0013615805655718127
1,624,0.4207721943704177,0.1924037039279937,0.012178620315488442,0.003832224756479208
1,625,0.5046226136285473,0.140166699886322,-0.001397214263270441,0.03344831988215448
1,626,0.4207721943704177,0.1297248601913452,0.012178620315488442,0.006761074066162123
1,627,0.43993341096359606,0.2934668660163879,0.010447493425141674,-0.007939212024211939
1,628,0.4449453516342331,0.0556622445583343,0.013022774564250716,0.010314200073480585
1,629,0.48531796526227194,0.2108696103096008,-0.025670000059975384,-0.005003098398447037
1,630,0.45959195327416213,-0.0281060338020324,0.04256506475925481,0.009375028312206282
1,631,0.5042845106198829,-0.0986832976341247,0.04264178682696762,-0.026668682694435106
1,632,0.38596698258835005,0.3304990082979202,0.027336085153668865,0.03146627824753523
1,633,0.4714154443002855,0.3557022288441658,0.03760398490246458,-0.00958019495010376
1,634,0.5375418246684027,-0.0189005732536315,0.026049202279754824,0.002872187644243275
1,635,0.5375418246684027,0.0501826405525207,0.026049202279754824,-0.017784424126148217
1,636,0.575162388231547,0.1599791646003723,-0.08062178174057444,-0.013273231685161563
1,637,0.5947212275086886,0.1713109612464904,-0.0781551705882142,0.011165991425514193
1,638,0.5486455323859584,0.103276789188385,-0.07342611899493046,-0.008705325424671145
1,639,0.5468546630422838,0.1329509317874908,-0.015376558398300433,0.01735782250761983
1,640,0.5468546630422838,0.2750518918037414,-0.015376558398300433,0.014712583273649216
1,641,0.533440046779427,0.2499287873506546,0.0029473727161257735,-0.004253897815942764
1,642,0.48461293054105403,0.209547072649002,-0.050348466610944054,0.02359256520867345
1,643,0.52116724810305,-0.0046114325523376,-0.06963504607407067,-0.018331319093704147
1,644,0.483823879297023,0.104169487953186,-0.032096060870360654,-0.0014678761363029341
1,645,0.423560171305145,0.0958717465400695,-0.09405828966813212,0.011955760419368716
1,646,0.4142909477124813,0.0693185925483703,-0.06266807544871544,-0.0036872215569019456
1,647,0.4554982949992831,0.1028668880462646,-0.052205242390665874,0.010957852005958557
1,648,0.43415478542685804,0.2248483002185821,0.022802048529194152,0.015967324376106262
1,649,0.5566015826695094,0.127795934677124,0.026824981087777866,-0.00012487918138501253
1,650,0.5738336333809437,0.2105832993984222,0.013313904931875009,0.02177346125245097
1,651,0.516767235599247,0.2426748424768448,-0.09554862402073028,-0.02891361713409424
1,652,0.5475402937673094,0.2944134771823883,-0.03511193790743683,-0.0143263079226017
1,653,0.47496496775417046,0.2734301388263702,-0.07862138335226826,-0.012293338775634821
1,654,0.44125833617698973,0.131021648645401,-0.02343325258293355,0.02950446307659152
1,655,0.4163028898231229,0.1360409259796142,0.00857572143289037,0.011689804494380937
1,656,0.4189275115743023,0.0665574073791503,-0.04657763315839225,-0.02773068845272067
1,657,0.40101728655875746,0.2663266956806183,-0.0013826024792527036,0.023463472723960904
1,658,0.4507857199161258,0.0750507116317749,-0.015914246423163303,-0.040848113596439334
1,659,0.3938393656734812,0.0572042167186737,0.006676239554750829,4.298985004459743e-06
1,660,0.5823171077598581,0.0677942633628845,-0.016914171213105456,0.02208330482244493
1,661,0.5837927630596126,0.3933793902397156,0.0003020861229722227,-0.0014776159077882767
1,662,0.6541862875999509,0.3047669529914856,0.005360125716561526,-0.01507592387497425
1,663,0.5332187807975932,0.3926226198673248,0.04580168429062692,0.012242975644767229
1,664,0.4805795197921765,0.2966619879007339,0.05219487637910597,0.009028457105159704
1,665,0.47519280170840805,0.2760965451598167,0.029102928248637416,-0.013204366900026798
1,666,0.4699556308944871,0.1811062395572662,-0.11805131767952315,0.007403684780001668
1,667,0.4566178235138253,0.0649386644363403,-0.09819699838223384,0.022811189293861403
1,668,0.4699556308944871,0.177978515625,-0.11805131767952315,-0.013665623962879181
1,669,0.42108741294165275,0.1583578288555145,-0.023095745749958874,0.006433483213186264
1,670,0.4291821248633119,0.0971017777919769,0.006269000454815432,0.0030825696885585924
1,671,0.40967665369707573,0.1103147864341735,-0.039334440611844435,0.015902174636721556
1,672,0.5176723830403287,-0.0665249228477478,-0.07053412259917047,-0.0016923546791076938
1,673,0.4660538139693982,0.0848768949508667,-0.051631611950865464,0.008544996380805997
1,674,0.45523531400616357,-0.0254485011100769,-0.06428968888120556,-0.006538979709148452
1,675,0.3538508014429179,0.3819874003529548,0.021374768754383933,-0.011396070010960158
1,676,0.3840925726987605,0.1333938837051391,-0.03052645657770503,0.007851500064134598
1,677,0.38864587183285737,0.1296623945236206,0.01656805597957406,-0.0049821659922599515
1,678,0.44102263800206143,0.3932716250419616,0.012073402330731342,0.028335495851933956
1,679,0.5005244786782467,0.1128244400024414,0.028049116568043875,-0.023609854280948583
1,680,0.4560399337190938,0.0041359663009643,0.025578547218751135,-0.019006684422492988
1,681,0.512658203207361,0.415550947189331,0.031042434337811564,-0.013394130859524012
1,682,0.5819820255407544,0.401569701731205,0.02732640281015064,0.0116945612244308
1,683,0.5727302870135074,0.087134301662445,0.03348031021352438,0.016587175428867312
1,684,0.5738983406247078,0.3152034878730774,0.024131890805579204,-0.0045031085610389154
1,685,0.492888860559271,0.1737855374813079,0.024140865072101725,-0.0028138570487499515
1,686,0.5738983406247078,0.2948042452335357,0.024131890805579204,-0.013692670501768645
1,687,0.4560399337190938,-0.0157778859138488,0.025578547218751135,0.005713805556297323
1,688,0.4469931175479875,0.0019363760948181,0.0396369773684791,0.0051634535193443
1,689,0.4893027008134795,-0.0031064748764038,0.027671913621005517,-0.0002465993165969623
1,690,0.5091069430015702,0.1932232677936554,-0.013879851637335738,-0.024939900264143916
1,691,0.4967704646942086,0.0994371771812439,-0.018326848956644493,0.002002395689487485
1,692,0.4967704646942086,0.0869993567466735,-0.018326848956644493,0.013364277780055958
1,693,0.34919179739249023,0.1954365372657776,0.008440912213356577,0.0022618621587753573
1,694,0.37065776164843156,0.0150887370109558,0.019091771998388463,-0.010672137141227687
1,695,0.37065776164843156,0.0398402512073516,0.019091771998388463,0.03341760113835328
1,696,0.4692433803445949,0.1869440078735351,-0.03392177608611635,0.02997448481619358
1,697,0.4955435743485925,0.1603016257286071,-0.06893656758308747,0.010839890688657705
1,698,0.454498243956993,0.0509228259325027,-0.02379659195710826,0.036470109596848446
1,699,0.4388455833046329,0.1118705868721008,-0.10378986759095038,0.013243895024061203
1,700,0.45292466048315316,0.0259492099285125,-0.11442674040196876,-0.005159471184015298
1,701,0.423560171305145,-0.0411518216133117,-0.09405828966813212,-0.0004838630557059964
1,702,0.5090896119902222,0.2078059613704681,-0.006550529439542929,-0.04549673758447173
1,703,0.4324796385353643,0.3936753571033478,-0.003038950791696804,-0.032451375387609005
1,704,0.4679486968000298,0.33991239964962,-0.0435716796187684,-0.023005392402410507
1,705,0.4567553519948609,0.260968267917633,-0.010845879385069257,0.03155734948813915
1,706,0.49491287420794416,-0.0979326963424682,-0.06511999833231796,-0.11404213309288018
1,707,0.4696003581081726,-0.0215404033660888,-0.017486692692595396,0.04782398790121083
1,708,0.4412956974998625,0.3074881434440613,-0.0035238915968786033,-0.001348249614238739
1,709,0.36000198669163974,0.0595620274543762,0.01397603822854565,-0.003075636923313106
1,710,0.4412956974998625,0.0985966920852661,-0.0035238915968786033,-0.007565513253211947
1,711,0.4600425360409951,-0.0205586552619934,0.0020018341007262963,-0.01181906461715699
1,712,0.4554982949992831,0.0248591303825378,-0.052205242390665874,0.003467708826065074
1,713,0.4719089223424656,0.0679171383380889,-0.024370057283664426,0.0026268139481544217
1,714,0.5526266447126704,0.0933499634265899,0.0028968041149085577,0.0031804256141185344
1,715,0.5773726593999633,0.2487220764160156,-0.03364334003694469,0.002614721655845642
1,716,0.5299243255535241,0.1465941369533538,0.01328667453412935,0.0009992662817239484
1,717,0.42520343041457176,0.1615984737873077,-0.05083981014688432,-0.029439911246299716
1,718,0.4043904098858183,0.1590223163366317,-0.010434971936469362,0.00433135218918318
1,719,0.43907041690645277,-0.0118356943130493,-0.0327152950229575,0.013865597546100587
1,720,0.5026085953011805,0.1088932156562805,-0.014204614587753461,0.0162228234112263
1,721,0.5454407620950132,0.2882596850395202,0.020606789633205724,0.013202626258134786
1,722,0.5874444251558166,0.1542414277791977,0.021119182642082568,0.004744235426187543
1,723,0.42296046982910007,0.2257715463638305,-0.029362907583675713,0.017071940004825564
1,724,0.3681980421930887,0.2760122418403625,0.00960119410984539,0.010409392416477203
1,725,0.3681980421930887,0.27850341796875,0.00960119410984539,0.003657970577478409
1,726,0.49212059062357594,0.0701498985290527,0.03351790648532471,-0.008198168128728853
1,727,0.49212059062357594,0.057558000087738,0.03351790648532471,-0.01093236356973646
1,728,0.49212059062357594,0.0403870344161987,0.03351790648532471,-0.009458877146244021
1,729,0.4449149391551398,0.3770013600587845,0.008762330468558788,0.007050024345517214
1,730,0.4291821248633119,0.2079392671585083,0.006269000454815432,-0.0019450113177299222
1,731,0.4511233012459599,-0.0069214105606079,0.01261821509530725,0.0011086165904998242
1,732,0.5387905330512662,0.0839582085609436,0.051067086276427365,0.00395583361387257
1,733,0.533100307877155,0.0087308287620544,0.043944984714748614,-0.005754053592681874
1,734,0.5240429874628801,-0.0136778354644775,0.026446090241089126,-4.930794239043669e-05
1,735,0.5278376227316446,0.2916243076324463,0.025767950309264376,-0.004856759682297707
1,736,0.6541862875999509,0.2830044329166412,0.005360125716561526,-0.011237762868404388
1,737,0.5855334229537894,0.2200120091438293,0.019224729352006142,-0.0037106648087501803
1,738,0.5476971610618371,0.1988893151283264,0.02148787149130249,-0.0035789459943771362
1,739,0.5936063161745486,0.1831222772598266,0.019190179939235663,0.03232336416840553
1,740,0.5201920099507529,0.0888953208923339,0.04161366863088223,-0.008137464523315457
1,741,0.536314907255601,0.1749959886074066,-0.03624029986810329,-0.014391336590051623
1,742,0.5247677319387665,0.0066283345222473,-0.007422605056781162,-0.004652172327041601
1,743,0.5235594431322252,0.2695577442646026,0.005704604015316361,-0.03918797895312315
1,744,0.5082299390350271,0.0405319333076477,0.007917194784236137,0.014388173818588285
1,745,0.5082299390350271,0.0743350386619567,0.007917194784236137,0.0057244673371314725
1,746,0.43500751634298607,0.219742476940155,0.025984930959127794,-0.02921360172331333
1,747,0.5718261174917347,0.295442670583725,0.002341372772979855,0.000146523118019104
1,748,0.5718261174917347,0.2711304426193237,0.002341372772979855,-0.0066645257174969275
1,749,0.5718261174917347,0.2970212697982788,0.002341372772979855,0.00542733259499073
1,750,0.49168567489370824,-0.0094825029373168,0.03971369943619191,0.0005588084459305365
1,751,0.5252720771378973,0.3871643468737602,0.05227159844681872,0.01770111918449402
1,752,0.49168567489370824,-0.0117981433868408,0.03971369943619191,-0.0073907896876335
1,753,0.5520095625584839,-0.0071095824241638,0.01806510022074137,-0.0032508932054042877
1,754,0.5781110890846772,0.1484478116035461,0.02648990063743728,0.02338404953479767
1,755,0.5830369837052872,0.2831645905971527,0.010952463103451215,-0.0221729576587677
1,756,0.5655524772743892,0.1170329451560974,-0.04105277272538199,-0.011058036237955052
1,757,0.5808735855148641,0.0553744435310363,-0.08733941660903954,0.024520047008991228
1,758,0.5808735855148641,0.1226216554641723,-0.08733941660903954,0.01886304467916486
1,759,0.5738336333809437,0.1472745537757873,0.013313904931875009,0.03793025016784668
1,760,0.5468546630422838,0.3204875141382217,-0.015376558398300433,0.010548947378993034
1,761,0.5942980541688663,0.2597152590751648,0.0015163361322130253,-0.0007792320102453232
1,762,0.4260402868416242,0.2177925705909729,0.0009008358780636105,0.014265444129705457
1,763,0.42148698770752735,0.3366230651736259,-0.046193676679215534,0.01194802857935423
1,764,0.4260402868416242,0.3409355282783508,0.0009008358780636105,0.01504824124276638
1,765,0.4592215180394032,0.2877862453460693,-0.09670927992763717,0.014221690595149938
1,766,0.5227131146881924,0.1341390609741211,-0.09101262326649451,0.00838607549667364
1,767,0.48720349770974963,0.0720824003219604,-0.08317042116044565,-0.0026812925934791842
1,768,0.4745268394910048,0.1561673283576965,-0.11469546799463692,-0.010696258395910263
1,769,0.48860591666952513,-0.0097495317459106,-0.12533234080565547,-0.006533749401569325
1,770,0.4592414274915169,0.0436735153198242,-0.10496389007181878,0.00763418525457385
1,771,0.4484736183851388,0.2085407972335815,-0.011582733630882136,-0.025486398488283185
1,772,0.4613186244984505,0.0151400566101074,-0.01822354693840822,0.011949904263019562
1,773,0.46496751045604545,0.1906436085700988,-0.01475161879083664,-0.027965079993009595
1,774,0.611343894979546,0.0078181028366088,0.04517174398103008,-0.020307637751102486
1,775,0.6602582939240934,0.0676957368850708,0.0405132905915192,-0.011230625212192494
1,776,0.6523115902643974,0.0605344176292419,0.046983204747711116,-0.007713265717029558
1,777,0.3179950231790041,0.1345371603965759,0.010995236038646994,0.0129617676138878
1,778,0.36000198669163974,0.0086614787578582,0.01397603822854565,-0.027345068752765676
1,779,0.37757591553042413,0.1623188853263855,0.00675458590144129,-0.026033345609903308
1,780,0.4680506090629797,0.1111848056316375,-0.0011939037577557432,-0.013589028269052533
1,781,0.5092579563497815,-0.0437299609184265,0.009268929300293827,-0.0015259683132171978
1,782,0.4516399817197972,0.1800675988197326,-0.02902908886475719,0.02905830740928647
1,783,0.5890152766904627,-0.0702509880065918,-0.05161977943490548,-0.0006621927022934515
1,784,0.559282176841479,0.0733759999275207,-0.06741814597570417,-0.009669467806816115
1,785,0.4893538966884344,-0.0174455046653747,-0.07126774512738282,-0.003477811813354475
1,786,0.39454168807488665,0.1833487153053283,-0.019052129836596376,-0.01338868588209155
1,787,0.4359931424118415,0.0166026949882507,-0.06375595108066251,0.0022073015570640755
1,788,0.4359931424118415,0.0224907994270324,-0.06375595108066251,0.007981188595294939
1,789,0.4612633013080085,-0.0005897283554077,0.03457554953698355,-0.0029107555747031875
1,790,0.5201920099507529,0.0050699710845947,0.04161366863088223,-0.0044475346803664875
1,791,0.5201920099507529,0.0539372563362121,0.04161366863088223,-0.005982361733913422
1,792,0.4949454831556874,0.0830784440040588,0.006268311940784255,-0.04802130535244943
1,793,0.4923860070224624,0.2668360769748688,0.005884355461607482,0.028498794883489637
1,794,0.5439141418305977,0.1761748790740966,0.005468173509114327,-0.016191482543945368
1,795,0.4653624391502215,0.2257413864135742,-0.11098553033659414,0.02333950251340869
1,796,0.516767235599247,0.3005017787218094,-0.09554862402073028,0.0071877241134643555
1,797,0.4396825882143753,0.0905299186706543,-0.10743050122417902,0.014667924493551296
1,798,0.3682754856211552,0.1728682518005371,0.014999378384263296,0.00449392572045329
1,799,0.4174513119266823,0.2178497314453125,0.0170339024742715,-0.0008551105856895169
1,800,0.4508757816505317,0.0339968800544738,-0.005914965999032296,0.0056672915816306894
1,801,0.4217848572646943,0.2697047889232635,-0.05611818460220225,0.004182055592536871
1,802,0.4391831625121028,0.0390465557575225,-0.015664485352449353,-0.03379904851317407
1,803,0.4474647082005405,0.1851711273193359,-0.059673213714617535,0.01391788199543953
1,804,0.7022619569848969,0.0649244785308837,0.04102568360039616,0.008007891476154307
1,805,0.5544602927755085,-0.0119673609733581,0.02191220761683721,0.008056059479713449
1,806,0.7022619569848969,-0.0092990398406982,0.04102568360039616,0.004098199307918538
1,807,0.465459586542739,0.0343472361564636,-0.06924249016261852,-0.002095267176628099
1,808,0.4367393634929222,0.1850984692573547,-0.00989268366370677,0.02562608942389491
1,809,0.5243932753903893,0.0357493162155151,0.015096353624714953,-0.0063476040959358215
1,810,0.5777713702904862,0.2257515788078308,0.026162506144904785,-0.006161259487271281
1,811,0.5857180739501822,0.1550559103488922,0.019692591988712982,0.018103975802660016
1,812,0.5777713702904862,0.2031866610050201,0.026162506144904785,0.030140245333313942
1,813,0.3917514413468385,0.0603949427604675,0.010204540919840077,0.0002725422382354875
1,814,0.3737286675461332,0.3314719200134277,0.021352708373818585,0.0200164914131164
1,815,0.3734103945422033,0.0627416372299194,0.023086832340572738,-0.0010697543621063094
1,816,0.3491571337762107,0.1166855692863464,0.017065363648520626,-0.01228139549493791
1,817,0.3706230980321521,0.2880100905895233,0.027716223433552567,-0.010387903079390526
1,818,0.35416907444684775,0.1344972252845764,0.01964064478762967,0.00972183421254158
1,819,0.5017776763732567,0.0590560436248779,0.006532204514502871,0.012495309114456177
1,820,0.5214665042640492,0.236251562833786,0.019858996137330442,-0.01745061576366419
1,821,0.41391793048742975,0.2607468962669372,0.020135411681540816,-0.02936558797955513
1,822,0.582621232910274,-0.0141742825508117,0.01061183609544969,-0.00540442019701
1,823,0.6237414156178303,0.2453033626079559,0.020853951546162874,-0.008734409697353812
1,824,0.5488135646842514,0.2537043392658233,0.04090824865932419,-0.006323349662125111
1,825,0.44666502934148444,0.2286465466022491,-0.046089734632720925,0.005772326141595813
1,826,0.475005833174986,0.0592844784259796,-0.02900067910920856,-0.03479533270001407
1,827,0.44666502934148444,0.2332423031330108,-0.046089734632720925,0.012687649577856036
1,828,0.4018091509500989,0.0658826828002929,0.008193118705293656,-0.07202870026230813
1,829,0.4045964474601501,0.2974575608968735,0.0035637276123138273,0.013390840962529182
1,830,0.4482222885346997,0.2487515807151794,0.0008451739392222879,0.01932640373706815
1,831,0.44819312464233263,0.0929137766361236,-0.05382002121306673,-0.007757395505905165
1,832,0.4646627796732263,-0.079267144203186,-0.05076746609099375,-0.012360252439975752
1,833,0.4498601289037225,0.0574289560317993,-0.04563143595673569,-0.011903770267963396
1,834,0.48732251982037245,-0.048302948474884,0.007667209556859567,-0.0015163682401180198
1,835,0.4482222885346997,0.2734684348106384,0.0008451739392222879,0.014351040124893188
1,836,0.45236558490406453,0.2300205826759338,-0.010161379740782184,0.021217333152890205
1,837,0.49491287420794416,0.0481048226356506,-0.06511999833231796,-0.01611942797899247
1,838,0.4405911417164789,0.010523498058319,-0.09768286694568645,0.039107419550418736
1,839,0.4699556308944871,0.2111029028892517,-0.11805131767952315,0.01790457963943487
1,840,0.4128746147678431,-0.0499504208564758,-0.020641929929530345,-0.00153262168169023
1,841,0.4665848018864336,0.2690120339393616,-0.03167572713279887,-0.0036480613052845
1,842,0.4128746147678431,0.0251002311706542,-0.020641929929530345,-0.015663191676139873
1,843,0.3799473732074766,0.2742636650800705,0.026122336222523912,0.007354195229709204
1,844,0.35416907444684775,0.0050362348556518,0.01964064478762967,-0.009585916996002225
1,845,0.3799473732074766,0.2997380197048187,0.026122336222523912,0.0017145834863185883
1,846,0.5855334229537894,0.0178096294403076,0.019224729352006142,0.010848470032215125
1,847,0.622163608973133,0.147309124469757,0.00802310572877396,-0.014940015971660642
1,848,0.622163608973133,0.2107430398464203,0.00802310572877396,0.004382994025945691
1,849,0.4606786288669572,0.1340264678001403,-0.03297335902639553,0.005391649901866885
1,850,0.500172396651669,0.1040973663330078,-0.05860966819704261,0.006974764168262496
1,851,0.5087373580056148,0.1793532967567443,-0.021809315043448407,0.01423672586679453
1,852,0.3230069638496411,0.157655656337738,0.013570517177756036,0.009469687938690186
1,853,0.3733681468621754,0.4166113659739494,0.024407997762893152,0.008605353068560306
1,854,0.3230069638496411,0.2687141299247741,0.013570517177756036,-0.0022438913583755493
1,855,0.5097055943347815,0.2260935008525848,0.025133452120313704,0.013576019555330276
1,856,0.442426802474274,0.4236005619168281,0.0072047658276553905,0.007751556113362257
1,857,0.449633510528635,0.156176820397377,0.022695576244600835,-0.0027810605242848396
1,858,0.5874694101053204,-0.0666673183441162,-0.03024220224248153,-0.0050141364336014
1,859,0.5584673429596659,0.3398203179240227,-0.0064217008508618,0.010870489291846752
1,860,0.611719359295447,0.2748675644397735,-0.03379121173980115,-0.0035207644104958136
1,861,0.5520882928098515,0.055183321237564,0.014014524807605455,-0.002256728708744077
1,862,0.5240429874628801,0.0312296748161315,0.026446090241089126,0.0008593872189521373
1,863,0.4857410583819256,0.1748518049716949,-0.05672539303370361,0.015763014554977417
1,864,0.612008417303628,0.3417515009641647,0.035943123896697404,0.020635432563722134
1,865,0.6473776047597676,0.4209485277533531,0.01953615884436888,0.012541350908577498
1,866,0.5917747081348128,0.2449018806219101,0.025326215394469997,-0.0042755939066410065
1,867,0.3895476253586292,0.1354774832725525,0.008348529049582942,-0.001471936702728216
1,868,0.4573041689004234,0.1087027192115783,-0.008706830913142005,-0.004800103604793576
1,869,0.42310184816564983,0.2891443893313408,0.021469006390715473,0.021016927435994148
1,870,0.5332187807975932,0.3317914754152298,0.04580168429062692,0.018903005868196487
1,871,0.5318515994942915,0.0021252036094665,0.01892710071807613,0.0071113035082816375
1,872,0.5857180739501822,0.3274545967578888,0.019692591988712982,0.020121421664953232
1,873,0.40101728655875746,0.2560227513313293,-0.0013826024792527036,0.004680428653955404
1,874,0.42476444410608305,0.2217503786087036,-0.0202643674229791,0.007491242140531568
1,875,0.40101728655875746,0.3018775880336761,-0.0013826024792527036,-0.0004561822861433029
1,876,0.5565061606583128,0.0972188115119934,0.033063649183949106,-0.011881619691848741
1,877,0.4585011109002306,0.1359067857265472,0.018546496622057262,-0.0002726856619119644
1,878,0.5035728845735006,-0.0160049796104431,0.022610485789510026,0.0082355439662933
1,879,0.5476971610618371,0.0383040904998779,0.02148787149130249,-0.011951766908168786
1,880,0.5476971610618371,-0.0368422865867614,0.02148787149130249,-0.017016202211379998
1,881,0.48401517044081255,0.0541315674781799,0.015584366086196066,-0.007528834044933291
2,0,0.47288820634873163,0.2981516122817993,0.02955131124954652,0.037711422890424784
2,1,0.4562717735361081,0.1638967394828796,0.03880328730285321,0.020088981837034225
2,2,0.4356032089572507,0.1491183936595916,0.017057037879390557,0.010100832208990995
2,3,0.4261458368818899,0.3152661323547363,0.023376978385730884,-0.004967156797647532
2,4,0.3465469161792647,0.0138585567474365,0.008025616753584375,0.0016247779130935999
2,5,0.3965316960277243,0.0086796283721923,0.006209983601523694,-0.003576613962650325
2,6,0.5921095862430057,-0.0073791146278381,-0.021951466403832054,-0.00427230447530745
2,7,0.5629971619830443,-0.0532836318016052,-0.03073904930799043,-0.013259828090667732
2,8,0.662463504815856,0.1878803968429565,-0.005193656385085399,-0.003997720777988462
2,9,0.41628915879037254,0.0853213667869567,-0.00023327394902522558,0.012610808014869648
2,10,0.40284888947239295,0.2726089209318161,-0.014312972599784646,0.016499800607562065
2,11,0.40211633888339515,0.0715174376964569,0.005012611318970128,-0.015713300555944415
2,12,0.4085944409624289,0.1097644567489624,-0.020779916100010343,-0.012525368481874438
2,13,0.48146499495452666,0.1525777876377105,-0.03327814875249624,-0.0160271935164929
2,14,0.47804503232634543,0.0059234499931335,-0.015204051488321213,0.00519580394029615
2,15,0.36986184626985064,0.0970308780670166,0.028829658152954407,0.0036595761775970737
2,16,0.3548131071949549,0.0183870196342468,0.011312301616890563,-0.02080114930868146
2,17,0.36986184626985064,0.195041537284851,0.028829658152954407,0.02107578516006467
2,18,0.37647780393925656,0.0626983642578125,-0.00124677668165446,0.04374353215098381
2,19,0.3604570290993393,0.2142565250396728,0.0012341052481302794,0.05168934911489487
2,20,0.31636476191062746,0.1746197342872619,-0.01200062117136902,0.00974334776401517
2,21,0.4327661300084039,0.212414264678955,0.031222092372519994,-0.006736330687999753
2,22,0.5296104221218696,0.2531571984291076,0.05295458660740632,0.0041557885706424436
2,23,0.4493853638927633,0.1288192272186279,0.026153329479712384,-0.0028707571327686032
2,24,0.38648108015420995,0.1750160455703735,0.02376089526014674,0.013147234916687012
2,25,0.3923766001634075,0.1352719664573669,0.01726877695394885,-0.0035565681755542755
2,26,0.3800857672436392,0.1247063875198364,0.0011852495084475612,0.010940335690975203
2,27,0.41506718919489444,0.3559245988726616,0.02869676946786498,-0.01899138744920492
2,28,0.40944736369093276,0.2276471406221389,0.024467876580466175,-0.025312292273156428
2,29,0.4367318859391961,0.1244478523731231,0.016137691169319957,-0.06523404829204084
2,30,0.41829084910925596,0.1465514302253723,-0.015780109178915758,-0.001573838293552371
2,31,0.47810441463967,0.0152269601821899,-0.0027967688211243402,-0.015440650284290324
2,32,0.43030598752378835,0.0680796205997467,0.011024429460182172,0.016302388161420864
2,33,0.6636020221505338,0.2731983065605163,-0.0005239468209103926,0.018733900040388107
2,34,0.6403983754386452,0.056088238954544,-0.0009022307768876692,-0.02846950665116313
2,35,0.6200041436076523,0.120965838432312,0.007132756984522981,0.006820950657129302
2,36,0.2626048434990287,0.0611137747764587,-0.032944555800364594,-0.015192082151770592
2,37,0.32106352053286025,0.3602650016546249,-0.023214815305367176,-0.019782943185418844
2,38,0.32840295964669464,0.0612340569496154,-0.03209608905856148,0.004763942211866351
2,39,0.48197052206220103,0.0239837765693664,0.017983989145537005,0.018551073968410436
2,40,0.4411201630895961,0.0368719100952148,-0.02437874881374852,-0.0028196945786475996
2,41,0.48197052206220103,0.0224297046661376,0.017983989145537005,0.01411718130111689
2,42,0.47974691807048164,0.1685074865818023,0.017867578513393045,0.023393370211124392
2,43,0.41960500376522586,0.381974384188652,0.025395640381832563,-0.007740631699562073
2,44,0.4097093694246915,0.2520948052406311,0.017025525983794365,0.017763979732990293
2,45,0.6074631177815423,0.3030375242233276,-0.006442973205990188,0.0026726014912127893
2,46,0.5941687708020469,-0.0741447508335113,-0.03283555626658241,0.0031456612050533433
2,47,0.6274366523910191,0.1650618314743042,-0.03068173275602526,0.009525708854198484
2,48,0.4527536764527368,-0.0020675063133239,-0.06630243153124005,0.00017344951629643746
2,49,0.4308062163954479,0.0633288621902465,-0.05722110171963052,-0.0007649585604667941
2,50,0.4206214815085072,0.1134849786758422,-0.05510430641704689,0.01343736052513117
2,51,0.5578580791229907,-0.0191560983657836,0.0054155575615449925,0.0005441009998321845
2,52,0.5778316137324675,0.3636555671691894,-0.01882320198849019,-0.007073225453496035
2,53,0.4711927450873732,0.068827211856842,-0.002758652660275973,0.005270607769489316
2,54,0.4300037605751064,0.0872719287872314,0.02130159628451489,-0.0067913904786109786
2,55,0.4944199057167762,0.1755951046943664,0.03569422969682051,0.006363924592733383
2,56,0.5164136878413639,0.2842431962490082,0.031275225434413745,0.03475561924278739
2,57,0.3883610477544511,0.2220227420330047,0.021964420349106728,-0.0010395012795925418
2,58,0.3883610477544511,0.3031661212444305,0.021964420349106728,-0.010497920215129908
2,59,0.3883610477544511,0.1418869495391845,0.021964420349106728,0.023056674748659092
2,60,0.3925121941786247,0.0214774012565612,0.005130683804045133,0.0021990761160850247
2,61,0.3616205497573981,0.043705403804779,-0.02184291185702608,0.011985152959823608
2,62,0.3616205497573981,-0.0184946656227111,-0.02184291185702608,-0.001643270254135125
2,63,0.5507059677915979,0.1433714032173156,0.005981090212281104,-0.0265343710780144
2,64,0.564970797121746,0.2542245090007782,0.007683189325000783,0.006624773144722013
2,65,0.6315387232014759,0.0992303490638732,0.02671153140714222,-0.010451318696141285
2,66,0.5467666389546281,0.2428012192249298,-0.04037838897610768,0.01710449531674388
2,67,0.5467666389546281,0.2175366580486297,-0.04037838897610768,0.019620515406131744
2,68,0.5467666389546281,0.2868263125419616,-0.04037838897610768,-0.0016097016632556915
2,69,0.4030598149627126,0.1442338526248932,0.019418513069285215,0.03382297605276112
2,70,0.4030598149627126,0.1549052000045776,0.019418513069285215,0.032926745712757124
2,71,0.38140128818343255,0.0880866646766662,0.012259343477996232,-0.00042610615491867065
2,72,0.49216449901172127,0.2622209787368774,-0.006625292360447899,-0.01117559708654886
2,73,0.493363232988934,0.0529893934726715,0.00594552781861718,0.015003189444541966
2,74,0.5569788852431263,0.0958258509635925,0.02527439050994107,-0.0237086974084377
2,75,0.3732067911404422,0.1749802231788635,-0.050652002021412124,-0.0019291974604129514
2,76,0.35593711921418913,0.1574945449829101,-0.012358468954611068,0.0007924400269985199
2,77,0.3382780588952723,0.0722260475158691,-0.029084811224948826,0.013449996709823622
2,78,0.5169118324662144,0.2859207689762115,0.05073388839819448,0.017080811783671324
2,79,0.4546707926245307,0.2144882977008819,0.025122229562246856,0.017449308186769458
2,80,0.5309837231426195,0.1834440529346466,0.03196493892049823,0.02859791740775114
2,81,0.5011968819347803,0.0904567837715148,0.05059271649422259,-0.010755419731140178
2,82,0.531122283524986,0.1323630213737487,0.0649547858001463,0.00046501308679577913
2,83,0.5201243910031597,0.1023356318473815,0.04096984699393302,-0.00048316270112996884
2,84,0.3559366053624664,0.3420820832252502,-0.027482129136967015,0.0025980044156312387
2,85,0.3564756505595476,-0.0308907032012939,-0.0360366318155908,-0.0022977814078330994
2,86,0.3808311197576377,0.1121007800102233,-0.011771721189115458,0.020532950758933993
2,87,0.5183361787285219,0.0768899917602539,-0.053000364832753166,-0.010638736188411671
2,88,0.5183361787285219,0.0873495638370513,-0.053000364832753166,0.00818707048892968
2,89,0.48146499495452666,0.196553498506546,-0.03327814875249624,-0.00943819060921669
2,90,0.7530308226864664,0.3037778735160827,-0.003286355937830332,0.00457789003849024
2,91,0.8043420769807157,0.1948657035827636,-0.0051535330632240806,0.008045209571719114
2,92,0.6751529952195587,0.1684893071651458,0.028510888021485936,-0.0034781172871590216
2,93,0.6065806372818283,-0.0411840081214904,-0.02614967796917944,-0.005066461861133541
2,94,0.6539202554300403,-0.0281351804733276,-0.000979033227983539,-0.009842306375503537
2,95,0.726980452298065,0.0386191606521606,0.004991208962343285,-0.019967786967754378
2,96,0.5992549994197479,0.1318347454071045,-0.007850870910906749,0.006136856973171262
2,97,0.5992549994197479,0.1633981168270111,-0.007850870910906749,-0.01123287156224248
2,98,0.6149823040850344,0.152457445859909,-0.009385478823377924,0.023334041237831088
2,99,0.4027841204574768,-0.0291450023651123,0.03013952426288191,-0.01238098740577704
2,100,0.41554138480218494,0.0533599853515625,-0.013809709880952703,-0.0050026029348373
2,101,0.46147454362998386,-0.036128282546997,0.028886160649372217,-0.0033267736434936523
2,102,0.5129361334317353,0.0471666455268859,-0.018868327852624267,0.005274053663015338
2,103,0.5117153031161923,0.0649182796478271,0.01967901082736312,-0.0014270395040512085
2,104,0.5537864924043401,0.0027091801166534,0.02349441010666109,0.004633549600839587
2,105,0.3632743452627768,0.1091724634170532,0.004602415080636468,0.011877126991748838
2,106,0.3822024702459015,0.3228588551282882,0.015436460589008272,0.013418043032288496
2,107,0.31328956541431713,0.0357990860939025,0.006418048232697093,0.02533142268657681
2,108,0.44010232171011654,-0.0062745809555053,-0.04728982720018493,0.0010608658194542374
2,109,0.43501952185492254,0.1167894005775451,-0.04762295977122433,0.006183475255966159
2,110,0.46413194611488395,0.0413343012332916,-0.03883537686706595,-0.019565746188163743
2,111,0.35584677458143654,0.0646228194236755,-0.02520627981772955,0.00709311664104461
2,112,0.3067515722658516,-0.0212940275669097,-0.03026772969194147,0.023210115730762516
2,113,0.3067515722658516,0.1745170056819915,-0.03026772969194147,0.011058088392019216
2,114,0.5487073128388698,0.3315412700176239,-0.011253634198931772,0.016423560678958893
2,115,0.5071776770538112,0.2514756321907043,-0.0008422120443141168,-0.02650449052453041
2,116,0.5071776770538112,0.2480713427066803,-0.0008422120443141168,0.0030330754816532413
2,117,0.3895206195915657,0.2438342273235321,-0.038034378262307544,-0.028577156364917755
2,118,0.3990179765519265,0.1346492171287536,-0.03157057215116854,-0.046157117933034925
2,119,0.3895206195915657,0.0364331603050231,-0.038034378262307544,-0.038429755717515966
2,120,0.4286581659075587,0.1946237385272979,0.038993398677861224,0.0178263150155544
2,121,0.3675501540993495,0.2461228966712951,0.008743636591275916,-0.005967609584331568
2,122,0.38647827908247423,0.3512315601110458,0.019577682099647775,0.010314328595995848
2,123,0.4889964106962955,0.0661135911941528,0.009771065846672589,-0.0048074871301651
2,124,0.4341720949463194,0.1105524897575378,0.03180518742684352,0.011430136859416962
2,125,0.4750757657734762,0.022663414478302,-0.013820629777347049,-0.013322494924068427
2,126,0.39587748415027807,0.0958712697029113,-0.035653910923167165,0.018392551690340014
2,127,0.44879629339196725,0.0948730111122131,-0.0544751894882598,-0.022473536431789398
2,128,0.44879629339196725,0.2008899450302124,-0.0544751894882598,-0.009984444826841327
2,129,0.5841871495255323,0.253572016954422,0.0004211545102740244,0.007077956572175026
2,130,0.5846210266172037,0.214138925075531,0.010261563085514513,-0.005747381597757312
2,131,0.5846210266172037,0.3303290903568268,0.010261563085514513,0.0011342409998178482
2,132,0.42141098610305683,0.2809060215950012,0.005550192853031544,0.004763737320899963
2,133,0.31170910653740025,-0.0564619898796081,-0.020570878686986482,0.0012185648083686898
2,134,0.35410994421582664,0.1498915255069732,-0.01067060467540687,0.03490156680345535
2,135,0.4342254068008713,-0.0247923731803894,-0.05618336773663252,-0.0098372176289559
2,136,0.4476801468220016,0.021157681941986,-0.061546803668473815,-0.000653654336929349
2,137,0.41554795187777194,0.0202164649963378,-0.05034867855428071,0.0003881976008415014
2,138,0.5658690193421146,0.0518395900726318,0.012330540795759237,0.035006623715162236
2,139,0.5862632511731075,0.1378348469734192,0.004295553034348698,0.0062074698507786075
2,140,0.5862632511731075,0.2433557212352752,0.004295553034348698,-0.0006437059491873065
2,141,0.28473685447052405,0.268830344080925,-0.008524760157524292,0.018738914281129893
2,142,0.34267724839386926,0.2142837047576904,-0.00033256811666665387,-0.0040948279201984406
2,143,0.27224345543605244,0.21695277094841,-0.021149433602061007,0.019213559105992345
2,144,0.5658690193421146,0.1089873611927032,0.012330540795759237,0.03803231939673424
2,145,0.647161301267329,0.1643186807632446,0.013334582823647856,-0.06789467856287956
2,146,0.6133662399982909,0.0969114303588867,0.04404323838076607,-0.06297134980559348
2,147,0.5299181446582873,-0.017849177122116,0.019006573719204667,0.01140847429633144
2,148,0.410715407605718,0.3709246665239334,-0.020123076681696883,-0.008435061201453153
2,149,0.4203540195427419,0.3121707439422607,-0.008327954483393185,-0.007486075162887573
2,150,0.5758016989490409,0.2191162109375,0.038024615766584,-0.0020462423563003262
2,151,0.6354953955827705,0.0520947277545928,0.04993608801764304,0.005182191729545538
2,152,0.6560267571781473,0.1460770964622497,0.06482587289427799,-0.0132466331124306
2,153,0.46784886592367675,0.1290273070335388,-0.04424383738268961,0.019890084862709073
2,154,0.457664131036736,0.10052490234375,-0.04212704208010598,0.031853102147579235
2,155,0.465373417631304,0.0930545926094055,-0.038051217919818026,0.021473735570907634
2,156,0.466322465872561,0.0620698630809783,0.022122339756433407,-0.007393140345811879
2,157,0.5011968819347803,-0.0353230237960815,0.05059271649422259,-0.0032072290778160095
2,158,0.466322465872561,0.048024296760559,0.022122339756433407,-0.02124280855059628
2,159,0.37881390150769556,0.0792281031608581,0.0028943331099144376,0.02027784287929535
2,160,0.31633572262476434,0.0113443136215209,-0.007914707182561598,-0.001587957143783637
2,161,0.38140128818343255,0.175737053155899,0.012259343477996232,-0.028318747878074674
2,162,0.5422705366604117,-0.0471125841140747,-0.008526787762746513,0.00673586502671239
2,163,0.5838294366416399,0.1237412691116333,0.020799740132168454,0.01770864799618725
2,164,0.5422705366604117,0.0499480366706848,-0.008526787762746513,0.0051654055714607655
2,165,0.42325723847234,-0.0577524304389953,-0.046272854393992646,0.003699369728565223
2,166,0.42325723847234,0.1032900214195251,-0.046272854393992646,0.0009128451347351213
2,167,0.40569286877767363,0.1315033435821533,-0.013377764014794236,-0.01353144645690918
2,168,0.5522016199945703,0.3884005099534988,-0.026284862886446936,-0.0011880230158567984
2,169,0.5765311554407755,0.0592161417007446,0.0024996185609207355,0.006500937044620535
2,170,0.5487816573663891,-0.0012537837028503,-0.008210765622271965,0.01175592839717865
2,171,0.3934050769804667,0.1561302542686462,-0.008477128173340787,0.02269837260246277
2,172,0.39390551004449104,0.2771270871162414,-0.014197268359626258,0.023713737726211492
2,173,0.3947497949965373,0.0720398426055908,-0.01949206984446361,0.015196524560451542
2,174,0.4129011678965874,-0.0429707765579223,-0.016767122021631553,-0.0020482316613197257
2,175,0.41053546155286647,0.055602490901947,0.008598905118552436,0.026364311575889626
2,176,0.4140999018738001,-0.0018504858016967,-0.004196301842566419,-0.0087483599781989
2,177,0.45434194549985535,0.0986105799674987,0.05360144698349317,0.012964919209480258
2,178,0.5185128133777919,0.1615675985813141,0.06441494613880089,0.003641504794359235
2,179,0.514035642133585,0.2082383930683136,0.06551291923455227,-0.005946047604083987
2,180,0.40503855162380226,0.2362285852432251,0.007753628559776515,0.025755371898412732
2,181,0.4216577855081616,-0.0656200647354126,0.0026848656669689053,-0.0006725639104843417
2,182,0.4216577855081616,-0.0086804032325744,0.0026848656669689053,0.012539699673652635
2,183,0.6074631177815423,0.257244199514389,-0.006442973205990188,-0.004012059420347269
2,184,0.5578580791229907,-0.0026191473007202,0.0054155575615449925,0.0005641803145408374
2,185,0.5578580791229907,-0.0105530619621276,0.0054155575615449925,0.0005509704351425362
2,186,0.5100241576594069,0.3151269257068634,-0.02954679638919,0.027061655186116695
2,187,0.4655980684538762,0.1905253827571869,-0.01444341170386576,0.015525504946708707
2,188,0.5959323774732068,0.3143852651119232,-0.0405157925023093,-0.001961536705493927
2,189,0.5265011916134954,0.0493179559707641,-0.013471868964793021,-0.0007223188877105782
2,190,0.47954500372872166,0.1779372692108154,-0.03647842894596631,0.0023150444030761996
2,191,0.45551537932395425,0.249451071023941,-0.04493287927908529,-0.0018837265670299808
2,192,0.3822024702459015,0.0491196662187576,0.015436460589008272,0.009927855804562603
2,193,0.3822024702459015,0.1886788010597229,0.015436460589008272,0.005274290218949346
2,194,0.37142954000757844,0.1243423819541931,0.0020603255635838758,0.011227466166019467
2,195,0.5141495652331793,-0.0467098355293273,-0.05135301535915093,-0.010056130588054622
2,196,0.5354395377562624,0.2401267886161804,-0.04010252690160354,-0.009535647928714752
2,197,0.5151155830106922,0.1001981496810913,-0.04088884939463655,0.017547488212585463
2,198,0.46659710202999194,0.0904883742332458,-0.05601002627071716,0.013445444405078874
2,199,0.4767534315159212,0.0526292324066162,-0.06043252156244394,0.0013190582394600192
2,200,0.49570952628995335,0.1373929381370544,-0.047222443366558786,0.017790921032428728
2,201,0.3644747784535135,0.2646840512752533,-0.023792582711096244,0.028999671339988736
2,202,0.39310915075240527,0.0928548872470855,-0.002056806964805813,0.020696803927421556
2,203,0.3241934448490852,0.1351253688335418,-0.015258432481616069,-0.0006013028323650915
2,204,0.38966119380879605,0.3303655683994293,0.004789240288350649,0.002350524067878723
2,205,0.3898875325384433,0.2774019837379455,0.0021059496464000405,-0.0022656135261059362
2,206,0.3670648051773704,0.0653340220451355,-0.010368493945392798,-0.020509041845798465
2,207,0.47932123642972824,0.2444068193435669,-0.00884098270222583,0.002812346443533925
2,208,0.4502088121697668,0.1672863960266113,-0.017628565606384206,-0.04286491870880127
2,209,0.4552916120249608,0.2150332480669021,-0.01729543303534481,-0.02917872183024886
2,210,0.4360373632344021,-0.0072405934333801,-0.024711881384787915,-0.0011210516095161377
2,211,0.4360373632344021,0.0704957246780395,-0.024711881384787915,0.006187491118907915
2,212,0.42914260694567724,-0.0487487912178039,-0.05651650030767197,0.005410820245742812
2,213,0.5576219941258516,0.1199515461921691,0.05622559503283353,0.008808284997940022
2,214,0.5275190352628202,0.0584473609924316,0.045455885124962014,0.004516817629337325
2,215,0.5576219941258516,0.133381962776184,0.05622559503283353,0.0047870352864265164
2,216,0.447927970639067,0.1872407346963882,0.005168422945107332,-0.003545621410012273
2,217,0.447927970639067,0.3380719423294067,0.005168422945107332,0.01809123065322632
2,218,0.40125132412406783,0.266421377658844,-0.008873072577111785,0.04487845301628118
2,219,0.44546562473642404,0.1199162006378173,-0.040502132180267436,-0.008920755237340983
2,220,0.35823281281206854,0.1861826479434967,-0.018103988880131094,0.011948652565479334
2,221,0.4316037998681907,0.2057331800460815,-0.03632236171890235,-0.0017404444515705386
2,222,0.4582550312056387,0.0157533884048461,-0.04772891740351348,0.0018890649080276264
2,223,0.4301086247231901,0.0211115479469299,-0.04605233434315753,0.0038171187043190002
2,224,0.49570952628995335,0.0619415044784545,-0.047222443366558786,-7.788091897967947e-05
2,225,0.3208735075843504,0.1217955946922302,-0.0052978589309431445,0.018023341894149794
2,226,0.32508302238195985,0.3781612515449524,-0.022135515507888615,-0.010203279554843903
2,227,0.3208735075843504,0.0157914757728576,-0.0052978589309431445,-0.0008798837661743372
2,228,0.5389314064526753,0.0466752648353576,-0.05699231336549637,0.0007779374718665938
2,229,0.4425973469668075,0.0119178295135498,-0.06187993623951327,0.007235854864120525
2,230,0.4476801468220016,0.0093374848365783,-0.061546803668473815,0.0005187988281249618
2,231,0.44659745160503034,0.0227502584457397,0.037080156454691426,0.005352444946765889
2,232,0.44097762610106866,0.2062413394451141,0.03285126356729268,-0.007104244083166095
2,233,0.4442857594345292,0.3292043507099151,0.016994134893012935,-0.003713594749569893
2,234,0.43427799141152035,0.0790734887123107,0.043222291565259974,-0.006167016923427623
2,235,0.4631489094590227,0.0115720033645629,0.03902396278424308,0.021251708269119162
2,236,0.47840132340293395,0.2528842985630035,0.035559380906739435,0.0073220916092395505
2,237,0.42914260694567724,-0.0065224170684814,-0.05651650030767197,0.00039250403642653725
2,238,0.49474350851244053,-0.0649137496948242,-0.05768660933107317,-0.002840183675289182
2,239,0.4342254068008713,0.0392556190490722,-0.05618336773663252,0.0008620619773864538
2,240,0.532584704054197,0.3234109431505203,0.04564599666110458,0.0028811972588300705
2,241,0.46841383617626053,0.2075015008449554,0.03483249750579698,-0.00514923036098483
2,242,0.5229103821231192,0.0653005838394165,0.04392286581294286,-0.0002943053841590465
2,243,0.38105554017314147,0.0653741359710693,-0.005629545288338256,0.02198988199234011
2,244,0.38155597323716584,0.2386980354785919,-0.011349685474623727,-0.0029237009584903717
2,245,0.41628915879037254,0.08126962184906,-0.00023327394902522558,0.0007046386599540572
2,246,0.7220239601640711,0.0918200314044952,-0.004510967580578784,-0.03905170783400537
2,247,0.7656218387069526,0.1327553987503051,-0.012167671386012158,-0.004044473171234159
2,248,0.6698095605425015,0.0927296131849289,-0.005918251944608266,-0.008374296128749806
2,249,0.6028921662091865,0.0371428132057189,-0.05887997966700598,0.01068909838795657
2,250,0.5721590082900819,0.1011632680892944,-0.06493771156442418,-0.0008018091320991377
2,251,0.5160270582826679,0.1310115456581115,-0.05960949641902713,0.01718122139573093
2,252,0.536037226597118,0.1653268933296203,-0.003060782942268192,-0.007392041385173825
2,253,0.5411821257949685,-0.0108033418655395,0.011132937016296363,-0.019122593104839224
2,254,0.4952168477956085,-0.0013635158538818,0.01402786996583566,0.004005707800388338
2,255,0.48214761246315785,0.3586431443691253,-0.022712641790944788,-0.00745269656181341
2,256,0.505794530400732,0.0279334783554077,-0.004493667305128346,-0.00812168419361111
2,257,0.5620717708954659,0.2633196711540222,-0.01788228941346326,-0.017574137076735497
2,258,0.5574638689575271,0.248346671462059,0.004059737246389639,0.0018511060625314713
2,259,0.5760984730701011,0.1502211689949035,0.005499333454494604,0.019584137946367264
2,260,0.595021949345713,0.2802326083183288,0.008489917513273104,0.02113836258649826
2,261,0.3175653742508898,0.2934465706348419,0.010559269743336541,-0.023126492276787758
2,262,0.3819815193925596,0.3445830345153808,0.024951903155642163,-0.006695499643683489
2,263,0.3342174845048016,0.3121145367622375,0.007139022879677881,-0.005033805966377314
2,264,0.4490793711458372,0.334831953048706,0.002089443153257986,0.014869498088955824
2,265,0.43458820308604174,0.2896479964256286,0.0030706346824889152,0.033528404310345594
2,266,0.4490793711458372,0.2765975594520569,0.002089443153257986,0.0007937848567962646
2,267,0.5500440986552619,0.2614520788192749,-0.007471917475952217,-0.019049637019634247
2,268,0.5023168325209801,0.1239821314811706,-0.030007648960893474,0.024524878710508333
2,269,0.5395185204742412,0.292623221874237,-0.01488668464985865,0.025479868054389898
2,270,0.4328870793205081,0.1100126504898071,0.04090923417075332,0.010159485042095184
2,271,0.44950631320486745,0.0141079425811767,0.03584047127794571,0.0043383240699767876
2,272,0.46018952800417257,0.1483806669712066,0.037990207393282016,0.01898765191435811
2,273,0.3974220630233498,0.3390092551708221,0.009778461548211492,0.05669704079627991
2,274,0.3915265430141523,0.0525629520416259,0.01627057985440944,0.03231190517544741
2,275,0.37647780393925656,-0.0429597496986389,-0.00124677668165446,0.027215749025344835
2,276,0.41606282006072526,0.2443374991416931,0.0024500166929253275,0.0011414345353841782
2,277,0.41606282006072526,0.3188295811414718,0.0024500166929253275,0.02074483036994934
2,278,0.38966119380879605,0.3581705689430237,0.004789240288350649,0.017025118693709373
2,279,0.768853194979394,0.3642484247684479,-0.005487964622790775,-0.0071938578039407175
2,280,0.5110547106811874,0.0187637209892272,0.0030633586940499447,0.009266458451747863
2,281,0.704391458811161,0.3229179978370666,0.010585940209194455,0.01382609829306597
2,282,0.5395185204742412,0.1758562326431274,-0.01488668464985865,0.027189493179321317
2,283,0.5315381116185985,-0.0358751416206359,-0.04374931049051456,0.0028345435857773105
2,284,0.555537866681783,0.0327961444854736,-0.037879400521718454,-0.0035064741969108373
2,285,0.7215543343697125,0.2296350598335266,-0.004128754315437466,-0.01914857327938077
2,286,0.6907591798102104,0.1110001504421234,0.005677879018214482,0.0014427676796913563
2,287,0.6310110893828409,0.2917795926332474,-0.0033871489424990298,0.0036743301898241043
2,288,0.5760984730701011,0.2755188047885895,0.005499333454494604,-0.03381289169192314
2,289,0.5760984730701011,0.1248716115951538,0.005499333454494604,-0.00774583593010901
2,290,0.6590329795512191,0.198999673128128,0.0005373654312171849,0.018764762207865715
2,291,0.4784277387935387,0.3431581705808639,-0.02496857564101873,0.006960557773709242
2,292,0.5487816573663891,-0.0131580829620361,-0.008210765622271965,0.0008716285228729127
2,293,0.5487816573663891,0.0568445920944213,-0.008210765622271965,-0.00015559047460558112
2,294,0.38089413101980074,0.1671496033668518,0.02118051840189694,-0.0006897151470184049
2,295,0.376618322183228,0.1957846879959106,0.017039296891257494,-0.016751661896705655
2,296,0.4306372885151759,0.2344114780426025,0.017746500630775097,0.010242003947496414
2,297,0.6078074426709523,0.2379459738731384,-0.0037654328984763064,0.005803564563393565
2,298,0.6310110893828409,0.2958383858203888,-0.0033871489424990298,-0.004630034789443016
2,299,0.46059511041151247,0.0353265404701232,0.0017337559377662015,-0.04644894599914554
2,300,0.433885468266127,0.1951196491718292,0.01742465305612395,0.005490910261869458
2,301,0.42398983392559264,0.1371855586767196,0.009054538658085753,-0.0021818373352289477
2,302,0.42398983392559264,0.2944063544273376,0.009054538658085753,-0.02237824164330965
2,303,0.41046515202257794,0.0937046408653259,-0.05068181112532011,0.01637636870145799
2,304,0.38933367472901004,0.0122742652893066,-0.03517391703487044,0.006962094455957398
2,305,0.4760660535893412,0.1424935460090637,-0.05185192014872131,-0.005066983401775332
2,306,0.38130659755918206,-0.0290130972862243,-0.037362089171539936,-0.0054000690579414125
2,307,0.3111700613403191,0.0853079259395599,-0.01201637600836264,-0.012344723567366614
2,308,0.3111700613403191,0.0828184485435485,-0.01201637600836264,0.001620210707187611
2,309,0.27224345543605244,0.1982850134372711,-0.021149433602061007,-0.005191676318645477
2,310,0.2986766623058475,-0.0160400867462158,-0.024641049452899355,0.007344447076320624
2,311,0.2583953287014191,0.1976628899574279,-0.016106899223419235,0.018270045518875094
2,312,0.6327731421029237,0.0057737827301025,0.005274800923115941,0.025966532528400327
2,313,0.609445059923884,0.0408431887626647,-0.0004208630441767669,0.005111642181873287
2,314,0.6327731421029237,0.0218902230262756,0.005274800923115941,-0.007391005754470815
2,315,0.7057286050064896,0.1385321617126464,0.012099677067921366,0.01914183050394054
2,316,0.6850534013822239,0.2445712685585022,-0.006543689588762613,0.004867341369390543
2,317,0.758674677664273,0.1282753646373748,-0.008056857479037949,-0.00482910498976713
2,318,0.6498523274525568,0.262306809425354,-0.038131248190047984,0.02743023261427882
2,319,0.6592391797344954,0.1434767246246338,-0.04431302457667197,0.014184191823005704
2,320,0.6592391797344954,0.0856863260269165,-0.04431302457667197,-0.021526884287595707
2,321,0.6562303890306025,0.0875442028045654,-0.0014732529262213578,0.00467312335968019
2,322,0.6211127738120495,-0.0433856844902038,-0.011287807931119276,0.003799334168434164
2,323,0.6562303890306025,0.127770185470581,-0.0014732529262213578,-0.000894889235496521
2,324,0.764909655563085,0.3879748284816742,0.019576439744752427,0.016029818914830685
2,325,0.7931974739425414,0.1220605075359344,0.08287811142100843,0.020588215440511703
2,326,0.764909655563085,0.3321090489625931,0.019576439744752427,0.010212596505880356
2,327,0.657449015948883,0.0535869598388671,-0.008289685112736311,-0.00871967524290089
2,328,0.7150007412821888,0.1393157839775085,-0.008124034998521767,0.0020477361977100372
2,329,0.6317182530122687,0.128841370344162,-0.024286016504258212,-0.005878129974007579
2,330,0.7346357726097055,0.158792644739151,0.00559687848692092,0.009206064045429257
2,331,0.7053395292943178,0.0887915194034576,-0.025799184394533548,-0.0032008588314056535
2,332,0.7262319866135476,-0.0839593410491943,-0.027512767821621487,-0.007741808891296387
2,333,0.717648763497279,0.1426862180233001,0.02102329071142328,-0.009200405329465922
2,334,0.807530119931432,0.2254313826560974,0.012820679553242398,0.010914303362369537
2,335,0.7380181776872614,0.1036919951438903,-0.026397131354141457,-0.013363890349864987
2,336,0.7446845705243936,0.0205706059932708,-0.008935522892986603,-0.013175174593925473
2,337,0.7373088577466984,0.0274917483329772,-0.011364509597623695,-2.0422041416213316e-05
2,338,0.7580927469165855,0.0382468402385711,-0.009114400622197816,0.010730192065238935
2,339,0.7662806916273321,0.13814777135849,0.04520626122744942,-0.004963971674442236
2,340,0.6784491470026772,0.2610619962215423,0.04085924120867235,-0.0114482212811709
2,341,0.662609263424047,0.0550585389137268,0.033267054818446606,-0.013750553131103481
2,342,0.8561620480614851,0.1245872378349304,0.037003650069268534,0.007728721946477904
2,343,0.8358514701522165,0.264983981847763,0.02399902648424712,0.017842926084995242
2,344,0.7923479771113942,0.146389439702034,-0.0036699858057214207,-0.02145381085574624
2,345,0.7376097856274977,0.2965638637542724,-0.0037295205518784735,0.02285058423876757
2,346,0.680549973998215,0.3520632684230804,0.0009169982663356224,0.012971265241503716
2,347,0.7342727017726671,-0.0314415693283081,-0.015760982385410904,0.004311904311180087
2,348,0.6834865055861845,0.1217604279518127,0.023072536255058562,-0.008752841502428041
2,349,0.7613351622363207,-0.0605249404907226,0.030730715772352313,0.0027572028338909427
2,350,0.7613351622363207,0.1260752975940704,0.030730715772352313,0.008638512343168286
2,351,0.6766990782911733,0.1482510864734649,-0.0071303848025969785,-0.004274323582649231
2,352,0.6554118705717448,0.1489018201828003,0.011850905960886782,-0.0009810402989387235
2,353,0.7072139485248417,0.1482167243957519,0.017449245892342535,0.018101278692483902
2,354,0.7951248906525135,0.066196322441101,0.04211380539973508,0.0024498924612998824
2,355,0.722277164781032,0.2270200848579406,0.02866440965943473,0.007600978016853277
2,356,0.7610985831399009,0.0447962880134582,0.030006512201856683,0.004662457853555679
2,357,0.7096557465720863,0.0031548738479614,-0.028967328179452023,0.0027713216841220873
2,358,0.7321126661436279,0.0104902684688568,-0.015260291261783632,-0.009337835013866426
2,359,0.7096557465720863,0.0982712805271148,-0.028967328179452023,0.007577560842037187
2,360,0.8109850976346148,-0.0139700174331665,0.049887049652857174,-0.01340842619538305
2,361,0.7802630573951976,0.2487681657075882,0.03907141009896553,0.007577415555715589
2,362,0.8258356134664036,0.2166737020015716,0.043336665307920685,-0.010506674647331266
2,363,0.7571322077759896,0.2520415484905243,-0.0009643177386743362,-0.005284450948238373
2,364,0.7030960004393001,0.1348230540752411,-0.03222613281573372,0.032931987196207074
2,365,0.7373268970690191,0.2445597648620605,0.013827410912550242,0.007920995354652405
2,366,0.8406974467237194,0.1900755167007446,0.04637906060869024,-0.0008085966110229492
2,367,0.8080479897743301,0.0846392512321472,0.07632772707607194,-0.017639018595218617
2,368,0.8258356134664036,0.1381542682647705,0.043336665307920685,0.0007404983043670932
2,369,0.6748962019869926,0.0866572856903076,0.01862489580386506,0.009160850197076825
2,370,0.7461327213268361,0.1818374991416931,0.036033640051432614,-0.026447683572769137
2,371,0.6748962019869926,-0.0119743347167968,0.01862489580386506,-0.008603677153587263
2,372,0.6622696770605856,0.2458076477050781,0.03369757719955502,-0.004710666835308047
2,373,0.7077348902718594,0.2081522345542907,0.021625986977509615,0.01581896468996999
2,374,0.6256317205392021,0.2550544142723083,0.01340181314157951,0.03338741511106488
2,375,0.7196190618624974,0.1003798842430114,0.01841159863226416,-0.01614119485020639
2,376,0.7971585706030995,0.2331396043300628,0.06065405761871834,-0.024425078183412607
2,377,0.7090777341189779,0.2777247130870819,0.03296133988579886,0.002270490862429142
2,378,0.7253270277822172,0.0272961556911468,-0.011593649708792064,-0.002068608999252316
2,379,0.6798618145709434,0.0657988786697387,0.00047794051325333875,0.009380444884300204
2,380,0.7253270277822172,0.0820513367652893,-0.011593649708792064,-0.009530935436487156
2,381,0.7628190197081398,0.1847490072250366,-0.021394231167988886,-0.02670445293188095
2,382,0.7103145457142206,0.1019803285598754,-0.013307127031301436,-0.00960328057408337
2,383,0.7103145457142206,0.0675921738147735,-0.013307127031301436,-0.003010828047990799
2,384,0.6828336946566087,0.0753792226314544,-1.4614445348337668e-06,-0.0096501596271992
2,385,0.6948724970725935,0.267595887184143,0.0154865552282335,0.01688564009964466
2,386,0.634943181311174,0.0689325332641601,0.017508037837262402,-0.00904815644025804
2,387,0.6969571334923905,0.1131508946418762,0.01696551928845147,-0.008635021746158572
2,388,0.7600119703260464,0.2097203135490417,0.020395408174336938,0.0028042197227478027
2,389,0.7600119703260464,0.1410903334617614,0.020395408174336938,-0.015328526496887235
2,390,0.76872932554068,-0.0552442073822021,-0.01885353029249659,-0.005484506487846395
2,391,0.7059246826733225,0.2718933522701263,-0.0021413524506371795,-0.0014421474188566208
2,392,0.6870320609012623,0.2175345420837402,-0.02599813546312124,-0.02089584618806839
2,393,0.7735206537521178,0.0558444857597351,0.03714907118057087,-0.011201743036508525
2,394,0.7764428349399559,0.1662460565567016,0.0385935249082876,0.020295057445764514
2,395,0.7392440071512354,0.1482891738414764,0.033953166294092174,0.02646034955978395
2,396,0.7697441537348146,0.1976849734783172,0.01762515245288243,-0.006406715139746666
2,397,0.8001151421151036,0.3191692382097244,0.029145893406044676,0.0067319124937057495
2,398,0.7229361244880261,0.3895129561424255,0.01755681881084281,0.005525306798517704
2,399,0.6782709672136529,0.023150622844696,-0.04035048556335896,-0.020384076982736598
2,400,0.6553236815994896,0.161180317401886,-0.05237273718748647,-0.039996720850467654
2,401,0.6678306184163172,0.0020340681076049,-0.04981723124617965,-0.009067386388778725
2,402,0.7305730612048438,0.0844357013702392,-0.02121352051240466,-0.012245960533618955
2,403,0.685342415261615,0.3391114771366119,0.015215693745785464,-0.006512928754091263
2,404,0.7196190618624974,0.289930135011673,0.01841159863226416,0.0024847127497196198
2,405,0.7707110356485267,0.0166274011135101,-0.016732475048789608,-0.008217595517635335
2,406,0.7628190197081398,0.2721889317035675,-0.021394231167988886,0.006043301895260866
2,407,0.7628190197081398,0.2811411917209625,-0.021394231167988886,-0.01811251789331436
2,408,0.6012349469493654,0.0185290575027465,0.009454272278648146,-0.012331180274486576
2,409,0.5937934416871097,0.3323912769556045,-0.014763105261591303,-0.00543653778731823
2,410,0.6012349469493654,0.3123740553855896,0.009454272278648146,0.002261962741613388
2,411,0.7538174415733692,0.0968784689903259,0.022260745024911266,0.010829310864210157
2,412,0.7538174415733692,0.1043972373008728,0.022260745024911266,0.03129654750227932
2,413,0.8088569416466012,0.1283967494964599,0.010016980917888052,-0.017970118671655655
2,414,0.653942506136636,0.2833018451929092,0.022582350993178957,-0.0234072282910347
2,415,0.6766710021490927,0.1577769517898559,0.02616251541796455,-0.0026170015335083285
2,416,0.6804648875492156,0.0502572059631347,0.0254387808426072,-0.009318739175796523
2,417,0.7380157686122544,0.0954731702804565,-0.02639862409660909,-0.01609500870108603
2,418,0.717646354422272,0.2403956651687622,0.021021797968955536,-0.00232849642634389
2,419,0.7608063241844789,0.0836847126483917,0.009996325401643302,0.002512305974960355
2,420,0.7557898894362005,0.213184118270874,-0.02848452438057969,0.007256094366312027
2,421,0.7271340097601252,0.0541305541992187,-0.023196822394397687,0.018518537282943698
2,422,0.7271340097601252,0.1694706678390503,-0.023196822394397687,0.005250163376331385
2,423,0.8131320699176219,0.1480408608913421,0.0807951166128904,0.015459418296813965
2,424,0.8164230247783129,0.1124121248722076,0.04554224088929426,0.015614978969097137
2,425,0.8400609416292946,0.2650109529495239,0.06904722732744173,0.008636785671114922
2,426,0.7655170680411694,0.2205712646245956,0.030916845187543895,0.007899808697402477
2,427,0.8030611421361108,0.2877179533243179,0.030422595271477726,-0.0026799086481333334
2,428,0.8030611421361108,0.3697817027568817,0.030422595271477726,0.01736570056527853
2,429,0.7538257380214786,0.3066828623414039,0.03616491920680931,-0.011343612335622366
2,430,0.7893748859564917,0.3602742850780487,0.005233669757740755,-0.011470022611320019
2,431,0.7893772950314988,0.2946947067975998,0.00523516250020839,-0.012865101918578148
2,432,0.6233777232731804,0.2596259713172912,-0.015078595108989012,0.003606755286455099
2,433,0.6269957722236195,0.2175905406475067,-0.010324755943725838,-0.003659291192889186
2,434,0.6269957722236195,0.2154538631439209,-0.010324755943725838,0.007635477930307416
2,435,0.6795267713571944,0.2124002575874328,-0.0006658048181350518,0.007647424936294556
2,436,0.6795267713571944,0.0682126879692077,-0.0006658048181350518,-0.014886125922203078
2,437,0.7610522680923868,0.255868911743164,-0.010243990202281283,0.01725069433450699
2,438,0.7315322668036104,0.1339824795722961,-0.011267449120050621,-0.022539082914590863
2,439,0.7253270277822172,0.0185072422027587,-0.011593649708792064,-0.003948286175727886
2,440,0.7337308137783753,0.0602413415908813,0.021515996599750453,-0.007324431091547005
2,441,0.6001917515246743,0.0574093461036682,-0.04274125156872044,0.004019573330879239
2,442,0.6269957722236195,0.1567609906196594,-0.010324755943725838,0.006722688674926786
2,443,0.6533709961121335,0.2365204393863678,-0.012826048769889797,0.0038522146642208377
2,444,0.6622696770605856,0.0697898268699646,0.03369757719955502,0.016923617571592352
2,445,0.6344226481543933,0.2778427749872207,0.0033122921595635235,0.014947671443223953
2,446,0.7027359323433651,0.2308696806430816,0.03464778101120558,0.0340249203145504
2,447,0.8092581392082641,0.3151881508529186,0.06540368187792478,-0.014296184119302724
2,448,0.8133940113707616,0.0037525296211242,0.05953673279505323,-0.01900549978017809
2,449,0.7990214304197654,0.1972365081310272,0.06676505245156239,-0.004759095609188052
2,450,0.779275292961445,0.0769532024860382,-0.007225602415374066,0.028934445232152974
2,451,0.7729335279810322,0.2735500931739807,0.01949189209194191,0.015194395557045937
2,452,0.8061862607776782,0.3493284434080124,0.014020109595621832,0.009873300790786743
2,453,0.708732487812757,0.3748085498809814,0.038095948416060454,0.00281741283833975
2,454,0.7329536111571728,0.3490194380283355,0.030448338424201915,-0.009960643015801907
2,455,0.7329536111571728,0.3863328248262405,0.030448338424201915,-0.00487417913973337
2,456,0.7994871261404596,0.3765911906957626,0.0022425703996352686,0.016756698489189092
2,457,0.800658684376533,0.0142525434494018,0.014348555270889407,-0.0219080373644829
2,458,0.7993316766533909,0.2334260791540146,0.0266255051014066,0.020073537714779405
2,459,0.7560888086786548,0.1526587009429931,0.027671504079377574,0.006456000730395317
2,460,0.8085060157305975,0.0441619753837585,0.031264619480166456,0.003305625170469291
2,461,0.7893415414753008,0.3085090517997741,0.022199721583057497,0.01937590911984438
2,462,0.7824234471284762,0.3532982990145683,0.053663164644066286,0.007899966090917587
2,463,0.7863309902489283,0.2519520223140716,0.07943170225911478,0.0024613216519355496
2,464,0.7461327213268361,0.2686009407043457,0.036033640051432614,0.024405278265476255
2,465,0.7663395279080459,0.0744132101535797,-0.015218784423136733,0.0011990312486887117
2,466,0.8200446141219888,-0.1872905492782592,0.017899567893122748,0.003572113811969785
2,467,0.7528633819770014,0.1529732048511505,0.006558090179541343,0.044536996632814435
2,468,0.7090777341189779,0.2077040076255798,0.03296133988579886,-0.02128736674785614
2,469,0.640068582167405,0.1416133046150207,-0.0016835344033896416,0.004433423280715942
2,470,0.6784491470026772,0.3107759654521942,0.04085924120867235,-0.008710676804184914
2,471,0.7685738760536114,0.151861697435379,0.005529404409274852,-0.0028141215443611145
2,472,0.7685738760536114,0.1546459197998047,0.005529404409274852,0.015601731836795835
2,473,0.7608063241844789,0.2213315069675445,0.009996325401643302,0.02116936445236206
2,474,0.7219899439273869,0.0159878730773925,-0.023625111542324273,-0.00023512914776807614
2,475,0.743866464158911,0.0226950645446777,-0.005925232482922982,0.0013770312070846731
2,476,0.6711501467081922,0.2875417619943619,-0.02033118270547718,0.011592395603656769
2,477,0.6890511053228217,-0.044451504945755,-0.0046970219151522,-0.001223463565111195
2,478,0.6733945995013855,0.049449473619461,-0.023749490955920494,0.0006862916052341322
2,479,0.7006457037408304,0.1512480676174163,0.0027280494886789963,-0.0034714378416538794
2,480,0.7456021446103694,0.2692469656467438,-0.000809770029106982,0.009212486445903778
2,481,0.6678306184163172,0.1613765060901641,-0.04981723124617965,-0.004303786903619822
2,482,0.7456021446103694,0.2264497578144073,-0.000809770029106982,0.017505593597888947
2,483,0.6181148237669797,0.0157875120639801,-0.0005275633163530635,-0.007136657834053026
2,484,0.6181148237669797,0.0429158806800842,-0.0005275633163530635,0.005886070430278799
2,485,0.5854042684400913,0.1890495717525482,-0.03609989799155933,-0.00033867359161376953
2,486,0.6852992281106338,0.290696918964386,-0.038112748661579876,-0.002195853739976883
2,487,0.7417321562553183,0.2710282802581787,-0.03376427443798968,0.008494343608617838
2,488,0.7305730612048438,0.086742103099823,-0.02121352051240466,0.003324553370475797
2,489,0.8002050101521146,0.2013855278491974,0.08806663520404101,-0.020435769110918017
2,490,0.8061581461191428,0.338054284453392,0.08598369570994058,0.025146843865513746
2,491,0.8080479897743301,0.0567575097084045,0.07632772707607194,0.0016181580722332
2,492,0.6195974555957748,0.1767937242984771,0.00135567779089385,0.00747259706258771
2,493,0.5858892212339663,-0.0100859403610229,-0.0066980877677204065,-0.005383133888244613
2,494,0.5844798403772219,0.1585623025894165,-0.008458877214004068,-0.016674097627401296
2,495,0.8356178419463474,0.1183646321296691,0.005324861370119227,-0.004260882735252436
2,496,0.7605606219379137,0.4025266016833484,0.025195027657124003,0.007346531376242638
2,497,0.7545640664685218,0.2611372768878937,0.021746860252268907,0.011896077543497113
2,498,0.7420010155930057,0.3604533076286316,-0.03116078279345147,0.010750634595751762
2,499,0.672609577484361,0.1740218997001648,-0.02080849756940306,-0.0031492859125136774
2,500,0.780074686877839,-0.0338180065155029,-0.025274807406586497,0.003540277481079074
2,501,0.7072139485248417,0.183293879032135,0.017449245892342535,0.0073973797261714935
2,502,0.7072139485248417,0.0541924834251403,0.017449245892342535,0.012146048247814165
2,503,0.6531102758745131,0.2141946256160736,0.015175063871067151,0.005383776500821141
2,504,0.7195523536277161,0.1771859526634216,0.05022938615700023,0.014643818140029907
2,505,0.7885914508003926,0.1878727078437805,0.04737204611241841,-0.005988162010908127
2,506,0.7431410466074658,0.2460365295410156,0.02045791687555354,0.003514472395181656
2,507,0.839811649769828,0.0855773985385894,0.04570152961329954,0.010338407009839984
2,508,0.839811649769828,0.1271637380123138,0.04570152961329954,0.01995385065674779
2,509,0.7467927485641204,0.1123135089874267,0.026520268627871713,-0.022172465920448303
2,510,0.657449015948883,-0.0429012179374694,-0.008289685112736311,-0.0022086054086684972
2,511,0.6737011282461034,0.132735788822174,0.003629859812169234,-0.004411488771438626
2,512,0.634943181311174,-0.0116843879222869,0.017508037837262402,-0.01891849189996709
2,513,0.7534401103492033,0.0732148587703704,0.017365150560042952,-0.01767324283719067
2,514,0.7718376271326806,0.2441172003746032,0.03044207496863227,0.010063145309686633
2,515,0.7924418621308198,0.0893309116363525,0.024428185082606024,-0.014676317572593689
2,516,0.6383349953779998,0.1995298266410827,-0.0023017769632752705,0.004937674850225421
2,517,0.6749679288128274,0.028169959783554,-0.005130707680390478,-3.6489218473448326e-05
2,518,0.6383349953779998,0.3414628505706787,-0.0023017769632752705,-0.006452284753322601
2,519,0.8002050101521146,0.1608582139015197,0.08806663520404101,-0.006823953241109876
2,520,0.7778999502481854,0.1800883114337921,0.04922117318040331,-0.042891670018434525
2,521,0.816901702029802,0.0881000757217407,0.05628420770296649,-0.04965902306139469
2,522,0.7877816558256583,0.2251872718334198,0.03562271689321472,0.013328045606613215
2,523,0.819139844785737,0.113612949848175,0.05180522559073619,-0.0037662088871002475
2,524,0.8061791726091355,0.1679610013961792,0.04869964130180404,-0.009213462471961947
2,525,0.8210375741922995,0.0612658262252807,0.05041725862009483,0.0234846919775009
2,526,0.8133940113707616,0.0341628193855285,0.05953673279505323,-0.00439759343862535
2,527,0.7793901477899863,0.2195696234703064,0.030929476278445778,-0.001686520874500247
2,528,0.7655918237551553,0.3609376549720764,-0.015276597658989366,-0.007664201781153679
2,529,0.7615728727218455,0.2702503651380539,-0.034596683410984985,0.012583786621689796
2,530,0.7623201160965438,0.2233122289180755,-0.013854272061022188,0.026046927087008925
2,531,0.8267834076072749,0.2972215116024017,0.042685751415777795,0.029101630672812406
2,532,0.7869263907691141,0.1913475841283798,0.04061951940309261,0.007879037410020856
2,533,0.7869263907691141,0.2307683825492859,0.04061951940309261,0.006659422069788035
2,534,0.7174546897313852,0.3740063011646271,-0.04517796670888219,0.009307429194450378
2,535,0.6520089516839995,0.1766062378883361,-0.015628047393801414,0.008215136826038305
2,536,0.7214736407646951,0.3017308712005615,-0.02585788095688657,-0.007576949894428253
2,537,0.7685738760536114,0.1751954555511474,0.005529404409274852,-0.0018595531582832614
2,538,0.6870333414561324,0.1206825971603393,-0.025987898635474682,-0.012223958969116239
2,539,0.76872932554068,-0.0204223990440368,-0.01885353029249659,0.0038968548178673
2,540,0.767135466153732,0.2560581862926483,-0.0033186858286742282,-0.010305088013410568
2,541,0.7668109066624191,0.0864424705505371,0.008607590142422183,0.010272644460201277
2,542,0.7911812418470276,0.1933929324150085,0.06387064212687898,0.03399178385734558
2,543,0.7477839473537589,0.2469239830970764,0.0021133872088763273,0.004609927535057068
2,544,0.7321126661436279,0.093760997056961,-0.015260291261783632,-0.009390488266944913
2,545,0.7538105147282406,0.3588188886642456,-0.01846040698245288,0.008528866805136204
2,546,0.6846499782546309,0.1656284034252166,-0.00643528986730324,-0.006788700819015531
2,547,0.7809401796667523,0.0656836032867431,0.017184910532714537,-0.00045925378799439864
2,548,0.7842108671949655,0.0997046530246734,-0.002836582210615668,0.018429264426231384
2,549,0.7374880528396823,0.1131154298782348,0.012562245312860099,-0.020711183547973647
2,550,0.7593385262764828,0.1191705167293548,0.03949936294799672,0.02284054085612297
2,551,0.7895562050902905,0.1221628189086914,0.03529992036099294,0.0029927529394627034
2,552,0.8310003287192622,0.1853441298007965,0.018339889551548527,-0.011240564286708804
2,553,0.8100721193785563,0.2249667644500732,0.02155038719317104,0.01033509150147438
2,554,0.8284696361620334,0.29679936170578,0.03462731160176025,-0.0018927399069071371
2,555,0.7456265904394481,0.0920292139053344,-0.0064928472148527705,-0.018092349171638517
2,556,0.7380181776872614,0.1347491145133972,-0.026397131354141457,-0.008262574672698975
2,557,0.6553236815994896,0.1634687185287475,-0.05237273718748647,0.007466739043593379
2,558,0.7610985831399009,0.2100449800491333,0.030006512201856683,-0.023723706603050204
2,559,0.7555298975776779,0.0543969869613647,0.023192627163114543,0.009160701185464845
2,560,0.8283776234491593,0.020279437303543,0.036642022903414895,-0.007250286638736773
2,561,0.7109946298916157,0.2181133031845092,-0.031086610919675794,-0.013474091887474116
2,562,0.7785069831593496,0.3053320646286011,-0.021601670445294485,0.006782460957765579
2,563,0.791271139072626,0.0538954138755798,-0.0010974995551701339,0.00620280951261519
2,564,0.5938666926591605,0.3095566630363464,-0.01464065360062805,-0.013325233012437876
2,565,0.5923840608303653,0.2005688548088073,-0.016523894707874964,-0.01932996511459356
2,566,0.5923840608303653,0.1893734335899353,-0.016523894707874964,0.0173144340515137
2,567,0.8000807517909375,0.3232807517051697,0.06209851134643507,-0.03549485094845295
2,568,0.8271338818637872,0.0646775364875793,0.07631874591859211,0.012445330619812019
2,569,0.7894043054147968,0.1018076539039611,0.060314582581668,-0.046315155923366574
2,570,0.7524906198582,0.0848480463027954,0.025064443660265612,0.0031627528369426866
2,571,0.6242286985887749,0.1736375987529754,-0.009275720793615272,-0.0011377744376659393
2,572,0.7057286050064896,0.0539609193801879,0.012099677067921366,0.009263217449188198
2,573,0.6242286985887749,0.3007539063692093,-0.009275720793615272,0.0021065212786198217
2,574,0.6089541257671538,0.2203714549541473,-0.02837866464083627,-0.013446692377328873
2,575,0.5965737025742353,0.2032202184200287,-0.047495090733983614,-0.022325828671455328
2,576,0.427012775039741,0.0064622163772583,-0.026879270642578668,-0.012900024652481037
2,577,0.4352854974403936,0.3445719331502914,-0.049679557859186596,-0.027451359666884
2,578,0.427012775039741,-0.0398935675621032,-0.026879270642578668,-0.005755625665187815
2,579,0.3760472266204446,0.1407957077026367,-0.039795082662569814,0.006473783403635025
2,580,0.39924456165735867,0.1233811676502227,-0.03947618381797685,0.03915840014815325
2,581,0.3676691708209294,0.0645034909248352,-0.007998535027983644,0.01410809531807903
2,582,0.4999502093819932,0.093406856060028,-0.01491531139535407,-0.009940762072801618
2,583,0.5070998993206182,0.2680263221263885,-0.017553732539868694,0.02143387869000432
2,584,0.4999502093819932,0.0729098916053772,-0.01491531139535407,-0.009223412722349125
2,585,0.3758343453426859,0.2704627215862274,0.01157846644766769,-0.017662853933870792
2,586,0.35203008023400684,0.1113921701908111,0.012866184326321639,0.004624001681804657
2,587,0.35203008023400684,0.0622918605804443,0.012866184326321639,-0.00468840450048446
2,588,0.5461225863374841,0.1932897567749023,-0.021969240519281175,-0.0009069219231605807
2,589,0.6105620719286319,0.0097938179969787,-0.016138250888551253,0.0015148743987083001
2,590,0.5916274725611086,0.0084027051925659,-0.012149406478508373,0.0017496421933174133
2,591,0.4160381386444981,0.2805523872375488,-0.0281450200471135,0.015675032511353437
2,592,0.43971540171942836,0.0589175820350647,-0.033427498284899826,-0.011129233986139256
2,593,0.4603236537359098,0.2302503883838653,-0.03275792717218018,-0.006652783602476148
2,594,0.5895205064164373,0.2905913293361664,-0.039417346494332595,-0.004763410426676273
2,595,0.557144071154776,-0.0310948491096496,-0.031062434484723123,0.0024360418319702253
2,596,0.5657916485161821,0.2664499580860138,-0.008069545781963616,-0.003110703080892563
2,597,0.4582691575696318,0.1074682176113128,-0.043514851896800044,-0.022658303380012554
2,598,0.4030160312829365,0.2240661084651947,-0.04111151520548462,0.010216973721981049
2,599,0.45906023892353487,0.1508015096187591,-0.025432177693042957,-0.00876456871628764
2,600,0.3782309298025675,0.3205976113677025,0.009939169111768675,-0.029391011223196983
2,601,0.3782309298025675,0.4175086282193661,0.009939169111768675,-0.012280452880077064
2,602,0.43620717790663566,0.1878762245178222,0.009519426135610687,0.05717242509126663
2,603,0.4511343234302704,-0.0312619805335998,-0.02683651219136629,-0.0031433179974555865
2,604,0.43971540171942836,0.1549332737922668,-0.033427498284899826,0.01931576430797574
2,605,0.41038597510380004,0.1201652735471725,-0.034367590573074314,0.00115265324711801
2,606,0.5122425143242015,0.2205067574977874,-0.050890996434965086,0.011932294815778705
2,607,0.523004579859002,0.1344353854656219,-0.05794320803034447,0.010280290618538843
2,608,0.49951070545050064,-0.0391912460327148,-0.035191371254856885,0.0055854544043540885
2,609,0.5093847165260066,0.0370978116989135,-0.0483798220440087,0.012420341372489922
2,610,0.4281613154123833,0.4416611045598984,-0.08035150698697674,0.0016615651547908783
2,611,0.4695451239244305,0.3555949628353119,-0.09073171356380272,-0.003194550983607769
2,612,0.37718702514604924,0.1473129093647003,-0.03704383911303921,0.007576607167720795
2,613,0.37718702514604924,0.2349219322204589,-0.03704383911303921,0.007371302694082232
2,614,0.43243880301097304,0.0770460367202758,-0.04822147592895315,0.01680358871817586
2,615,0.43876456950828646,0.2981441766023636,-0.03837844183700845,-0.023354217410087585
2,616,0.4610747381880883,0.3905141726136207,-0.022594787720581544,0.012215550988912582
2,617,0.4798333334069429,-0.048844039440155,-0.026691225742426328,-0.020011588931083703
2,618,0.4373154061878449,0.2923174500465393,0.011398163511514015,-0.03683248162269592
2,619,0.45996076484451554,0.017278254032135,0.009398629126735059,-0.009585872292518574
2,620,0.4786501493737261,-0.0565426349639892,0.012967549639990528,-0.004272438585758202
2,621,0.535039778022563,0.1424012780189514,-0.050350654723659405,0.007409308105707169
2,622,0.6068687846390174,0.1731734275817871,-0.025277504177217525,0.039434209465980585
2,623,0.5637981872331514,0.2385712563991546,-0.021761244993024897,0.01339801959693429
2,624,0.41628059412356355,0.1988730430603027,0.007687020068634309,0.010301563888788223
2,625,0.4913036726981729,0.1166301369667053,-0.014716155193644886,0.00991175696253778
2,626,0.41628059412356355,0.1388550996780395,0.007687020068634309,0.01589131355285643
2,627,0.4465473179443596,0.3015339374542236,0.017061400405905203,0.0001278594136237543
2,628,0.44787256540936093,0.0361659824848175,0.01594998833937855,-0.009182062000036219
2,629,0.5138416031755535,0.224512904882431,0.002853637853306168,0.008640196174383163
2,630,0.42789523706756427,-0.0653655529022216,0.010868348552656948,-0.027884490787982913
2,631,0.47481421560172443,-0.0780910849571228,0.013171491808809166,-0.006076470017433208
2,632,0.3699189889634962,0.2456782162189483,0.011288091528814992,-0.05335451383143669
2,633,0.38275885128145404,0.3780411183834076,-0.05105260811636686,0.012758694589138031
2,634,0.4392328884080412,-0.016474962234497,-0.0722597339806067,0.005297798663377776
2,635,0.4392328884080412,0.0845881104469299,-0.0722597339806067,0.016621045768260984
2,636,0.6309947680692493,0.1977326273918151,-0.024789401902872155,0.024480231106281253
2,637,0.6667324902180971,0.2068067789077758,-0.006143907878805699,0.046661809086799594
2,638,0.5939674744220567,0.1031251549720764,-0.02810417695883216,-0.008856959640979739
2,639,0.5939365006296475,0.1067253947257995,0.031705279189063296,-0.008867714554071454
2,640,0.5939365006296475,0.2435037046670913,0.031705279189063296,-0.016835603863000898
2,641,0.5357184610541157,0.2482490539550781,0.0052257869908144405,-0.005933631211519269
2,642,0.5153935270187169,0.1874917149543762,-0.019567870133281207,0.0015372075140476504
2,643,0.5549979464611725,0.0053874850273132,-0.035804347715948204,-0.008332401514053348
2,644,0.4874940398956192,0.1058415174484252,-0.028425900271764448,0.00020415335893626818
2,645,0.48585240146272923,0.1133472323417663,-0.031766059510547895,0.02943124622106552
2,646,0.4375112727770291,0.0607398748397827,-0.039447750384167646,-0.01226593926548955
2,647,0.462601076612002,0.1240459084510803,-0.045102460777946995,0.032136872410774245
2,648,0.4223699795706493,0.1902104020118713,0.011017242672985428,-0.018670573830604525
2,649,0.556151217393392,0.1284096837043762,0.02637461581166045,0.0004888698458671847
2,650,0.5799953684591598,0.1766825318336486,0.019475640010091055,-0.012127306312322644
2,651,0.5488291915181909,0.2170494794845581,-0.06348666810178638,-0.05453898012638092
2,652,0.5127379070505844,0.2595972120761871,-0.0699143246241618,-0.04914257302880293
2,653,0.4910217725353859,0.2974084615707397,-0.0625645785710528,0.011684983968734686
2,654,0.4194491284141867,0.1057133376598358,-0.04524246034573659,0.00419615209102632
2,655,0.36396659506360624,0.1455554366111755,-0.043760573326626306,0.021204315125942244
2,656,0.4121805227000282,0.1129822134971618,-0.05332462203266636,0.018694117665290833
2,657,0.33808748986621384,0.248034119606018,-0.06431239917179632,0.005170896649360629
2,658,0.4082103204534823,0.1759270429611206,-0.058489645885806796,0.06002821773290637
2,659,0.34753349793235605,0.0373656749725341,-0.03962962818637433,-0.019834242761135136
2,660,0.5912176246418819,0.0553365349769592,-0.008013654331081699,0.009625576436519637
2,661,0.5856592318164833,0.3995298147201538,0.00216855487984291,0.004672808572649956
2,662,0.6696129589346327,0.3174115419387817,0.02078679705124331,-0.0024313349276781637
2,663,0.46159836554657313,0.3689703643321991,-0.025818730960393166,-0.011409279890358448
2,664,0.4201672643376625,0.2786513268947601,-0.008217379075408038,-0.008982203900814112
2,665,0.3899128768516861,0.3002267852425575,-0.05617699660808456,0.010925873182714041
2,666,0.5314449260405202,0.1607753932476043,-0.056562022533490075,-0.012927161529660253
2,667,0.5132728103075627,0.0593403577804565,-0.041542011588496464,0.0172128826379776
2,668,0.5314449260405202,0.177646666765213,-0.056562022533490075,-0.013997472822666168
2,669,0.4160381386444981,0.1769933104515075,-0.0281450200471135,0.02506896480917928
2,670,0.39024885088408334,0.092822641134262,-0.032664273524413145,-0.001196566969156307
2,671,0.4274570603553402,0.1246802806854248,-0.021554033953579965,0.03026766888797286
2,672,0.557144071154776,-0.0650457143783569,-0.031062434484723123,-0.00021314620971679688
2,673,0.47713922129329134,0.0721456408500671,-0.04054620462697234,-0.004186257719993605
2,674,0.4894538875368393,-0.0224184393882751,-0.03007111535052981,-0.0035089179873466526
2,675,0.32991350779915407,0.3934905454516411,-0.0025625248893799135,0.00010707508772611618
2,676,0.37946877009291247,0.1166804432868957,-0.03515025918355308,-0.00886194035410881
2,677,0.3218088343903483,0.1413054466247558,-0.050268981462935014,0.006660886108875247
2,678,0.43293785420558445,0.3397365212440491,0.003988618534254362,-0.025199607945978586
2,679,0.4573864866142416,0.1501920819282531,-0.015088875495961218,0.013757787644863101
2,680,0.44352585185068205,0.0421070456504821,0.013064465350339394,0.018964394927024814
2,681,0.4845772334717433,0.4224385246634483,0.002961464602193875,-0.0065065533854067326
2,682,0.5335197997200041,0.3706794083118438,-0.021135823010599686,-0.01919573219493037
2,683,0.5499571260592304,0.0818530917167663,0.010707149259247428,0.011305965483188615
2,684,0.5083630472370826,0.3307956308126449,-0.041403402582046,0.011089034378528595
2,685,0.47510769166294003,0.1744037866592407,0.006359696175770757,-0.0021956078708171567
2,686,0.5083630472370826,0.3213035762310028,-0.041403402582046,0.012806660495698452
2,687,0.44352585185068205,-0.0239796042442321,0.013064465350339394,-0.0024879127740859777
2,688,0.4181723422168606,0.0022090077400207,0.01081620203735223,0.0054360851645469
2,689,0.4726960215378089,0.002330720424652,0.011065234345334907,0.0051905959844588375
2,690,0.488068892892853,0.2300167381763458,-0.03491790174605297,0.011853570118546486
2,691,0.4817376842767347,0.1176525354385376,-0.033359629374118405,0.020217753946781186
2,692,0.4817376842767347,0.0917750000953674,-0.033359629374118405,0.01813992112874986
2,693,0.35292195714175334,0.2120513916015625,0.012171071962619684,0.01887671649456027
2,694,0.3478933792564832,0.0135357975959777,-0.003672610393559872,-0.012225076556205788
2,695,0.3478933792564832,0.0100122690200805,-0.003672610393559872,0.003589618951082174
2,696,0.4544920429452919,0.1935234814882278,-0.04867311348541936,0.03655395843088627
2,697,0.4923411649571362,0.1360337734222412,-0.07213897697454374,-0.013427961617708178
2,698,0.42802405505116886,0.0158596634864807,-0.05027078086293241,0.001406947150826449
2,699,0.5066325267983416,0.108411967754364,-0.036002924097241706,0.0097852759063244
2,700,0.541936932714376,0.0549848973751068,-0.025414468170745885,0.023876216262579
2,701,0.48585240146272923,-0.0472225546836853,-0.031766059510547895,-0.006554596126079601
2,702,0.46888182311327875,0.2174041867256164,-0.04675831831648636,-0.03589851222932344
2,703,0.4149537859067528,0.4096157699823379,-0.02056480342030831,-0.016510962508618887
2,704,0.48351204533987546,0.350013867020607,-0.028008331078922755,-0.012903925031423513
2,705,0.3901808169190824,0.2161655724048614,-0.07742041446084774,-0.013245346024632454
2,706,0.4878232896735777,-0.0239286720752716,-0.07220958286668444,-0.04003810882568357
2,707,0.42303706970232374,-0.0687475800514221,-0.06404998109844423,0.0006168112158775191
2,708,0.4027866242190513,0.2736394107341766,-0.042032964877689816,-0.03519698232412344
2,709,0.33628342034176056,0.0470524430274963,-0.009742528121333527,-0.015585221350193003
2,710,0.4027866242190513,0.0797998905181884,-0.042032964877689816,-0.026362314820289653
2,711,0.4264677805324184,0.0216357111930847,-0.031572921407850396,0.03037530183792111
2,712,0.462601076612002,0.0349424481391906,-0.045102460777946995,0.013551026582717871
2,713,0.4647344916520889,0.0587933659553527,-0.031544487974041135,-0.006496958434581784
2,714,0.4901296638001344,0.077076256275177,-0.05960017679762747,-0.01309328153729436
2,715,0.5452086291160207,0.2363978028297424,-0.06580737032088724,-0.009709551930427551
2,716,0.46877028031875434,0.1631605923175811,-0.0478673707006404,0.017565721645951243
2,717,0.4648415271382019,0.1424348950386047,-0.011201713423254156,-0.04860348999500272
2,718,0.4071116695766369,0.1677811592817306,-0.007713712245650761,0.013090195134282084
2,719,0.44777044188666176,-0.0203901529312133,-0.024015270042748504,0.005311138927936589
2,720,0.46794075509171273,0.0920328795909881,-0.04887245479722124,-0.0006375126540660997
2,721,0.4804908818834893,0.2550762891769409,-0.0443430905783182,-0.019980769604444504
2,722,0.5053192274256715,0.1223107576370239,-0.06100601508806258,-0.027186434715986252
2,723,0.4566950656450328,0.2236257195472717,0.004371688232257032,0.014926113188266754
2,724,0.373375009888772,0.2712878584861755,0.014778161805528656,0.005685009062290192
2,725,0.373375009888772,0.2880764603614807,0.014778161805528656,0.013231012970209122
2,726,0.42016857516135603,0.0926910936832428,-0.0384341089768952,0.014343027025461239
2,727,0.42016857516135603,0.0908254981040954,-0.0384341089768952,0.02233513444662094
2,728,0.42016857516135603,0.0621660351753234,-0.0384341089768952,0.012320123612880679
2,729,0.3897797408187967,0.3556941747665405,-0.04637286786778433,-0.014257160946726744
2,730,0.39024885088408334,0.2042641043663025,-0.032664273524413145,-0.005620174109935733
2,731,0.37539900407238447,-0.0108963251113891,-0.06310608207826818,-0.0028662979602813755
2,732,0.4379528039112043,0.0929678678512573,-0.049770642863634584,0.012965492904186263
2,733,0.4671637917518147,0.001253068447113,-0.02199153141059168,-0.013231813907623274
2,734,0.4563788572378612,-0.0320277214050293,-0.04121803998392981,-0.018399193882942234
2,735,0.5290611741004292,0.2795426845550537,0.02699150167804898,-0.016938382759690285
2,736,0.6696129589346327,0.2831530570983886,0.02078679705124331,-0.011089138686656952
2,737,0.6042116149796681,0.2085874676704406,0.03790292137788487,-0.01513520628213888
2,738,0.4359155889014591,0.2395496964454651,-0.0902937006690755,0.03708143532276156
2,739,0.5063785726726109,0.1228912472724914,-0.06803756356270207,-0.027907665818929672
2,740,0.4432616839122175,0.1190286874771118,-0.03531665740765316,0.021995902061462444
2,741,0.5702611108728981,0.2311290204524994,-0.0022940962508062324,0.04174169525504118
2,742,0.5142169032322996,0.0170016884803771,-0.017973433763248003,0.0057211816310882
2,743,0.505633407764042,0.3181481957435608,-0.012221431352866907,0.009402472525835037
2,744,0.5078797185163798,0.0302052497863769,0.007566974265588833,0.0040614902973174875
2,745,0.5078797185163798,0.0920878052711486,0.007566974265588833,0.023477233946323367
2,746,0.4334357433465609,0.229205921292305,0.024413157962702603,-0.01975015737116334
2,747,0.5421426124694058,0.3049998432397842,-0.027342132249349116,0.009703695774078314
2,748,0.5421426124694058,0.2625463604927063,-0.027342132249349116,-0.015248607844114304
2,749,0.5421426124694058,0.2882859110832214,-0.027342132249349116,-0.0033080261200666983
2,750,0.4650913207510208,-0.0116074085235595,0.013119345293504447,-0.0015660971403121619
2,751,0.46708624287182265,0.35586678981781,-0.005914235819255875,-0.013596437871456202
2,752,0.4650913207510208,0.0185425877571105,0.013119345293504447,0.022949941456317798
2,753,0.5533324446860859,-0.0187864005565643,0.01938798234834338,-0.014927711337804787
2,754,0.5805539614168179,0.1456789374351501,0.02893277296957797,0.020615175366401672
2,755,0.5936655360146166,0.3092084527015686,0.02158101541278057,0.0038709044456481934
2,756,0.5850953612815926,0.138097882270813,-0.021509888718178605,0.010006900876760538
2,757,0.6630178082947145,0.0343765020370483,-0.005195193829189204,0.003522105515003225
2,758,0.6630178082947145,0.1276889443397522,-0.005195193829189204,0.023930333554744762
2,759,0.5799953684591598,0.0665502548217773,0.019475640010091055,-0.042794048786163316
2,760,0.5939365006296475,0.2844851613044739,0.031705279189063296,-0.025453405454754774
2,761,0.6111455865588911,0.2606817185878753,0.018363868522237814,0.0001872275024651926
2,762,0.338533502368643,0.1784325838088989,-0.0866059485949176,-0.025094542652368546
2,763,0.3961934380712072,0.3068139795213938,-0.07148722631553567,-0.017861057072877884
2,764,0.338533502368643,0.3015283048152923,-0.0866059485949176,-0.02435898222029209
2,765,0.5022244545233896,0.298327088356018,-0.05370634344365077,0.02476253360509867
2,766,0.5739325458286957,0.1201997995376586,-0.039793192125991195,-0.00555318593978886
2,767,0.534490063004313,0.0661549568176269,-0.035883855865882275,-0.00860873609781268
2,768,0.5497031242042076,0.1605292558670044,-0.03951918328143411,-0.006334330886602374
2,769,0.585007530120242,0.0053348541259765,-0.028930727354938623,0.008550636470317775
2,770,0.5289229988685952,0.0244557857513427,-0.03528231869474052,-0.011583544313907648
2,771,0.39334061615290916,0.2622434496879577,-0.06671573586311175,0.028216253966093036
2,772,0.4261968689361505,0.0034607350826263,-0.053345302500708236,0.00027058273553846315
2,773,0.42780321681855926,0.2501888871192932,-0.05191591242832283,0.031580198556184824
2,774,0.5552439204906231,0.0512507557868957,-0.010928230507892822,0.023125015199184418
2,775,0.5862975780093944,0.0984874963760376,-0.03344742532317979,0.019561134278774303
2,776,0.591785455334644,0.081439733505249,-0.013542930182042334,0.013192050158977536
2,777,0.3175910676943558,0.13665172457695,0.010591280553998716,0.01507633179426189
2,778,0.33628342034176056,0.0148016214370727,-0.009742528121333527,-0.021204926073551178
2,779,0.38940078041383897,0.196860134601593,0.018579450784856122,0.008507903665304184
2,780,0.44660764154469773,0.1578590869903564,-0.022636871276037696,0.03308525308966635
2,781,0.4716974453796706,-0.0476089119911193,-0.0282915816698171,-0.0054049193859099995
2,782,0.4444742265046109,0.1963453292846679,-0.0361948440799435,0.045336037874221774
2,783,0.6141906559988957,-0.0736311078071594,-0.026444400126472534,-0.004042312502861051
2,784,0.6105620719286319,0.0914462804794311,-0.016138250888551253,0.008400812745094285
2,785,0.539351557523172,-0.0147479772567749,-0.02127008429264521,-0.0007802844047546751
2,786,0.40868961803422876,0.1928216218948364,-0.004904199877254267,-0.003915779292583466
2,787,0.48405724169029984,0.0083264112472534,-0.01569185180220417,-0.006068982183933225
2,788,0.48405724169029984,0.012861430644989,-0.01569185180220417,-0.001648180186748463
2,789,0.43620717790663566,0.0116608142852783,0.009519426135610687,0.009339787065982812
2,790,0.4432616839122175,0.010462462902069,-0.03531665740765316,0.0009449571371078127
2,791,0.4432616839122175,0.0745060443878173,-0.03531665740765316,0.014586426317691775
2,792,0.39008981143573157,0.1924832463264465,-0.0985873597791716,0.06138349696993828
2,793,0.40607689606455255,0.2511790990829468,-0.08042475549630235,0.01284181699156764
2,794,0.4509903656166651,0.2136200070381164,-0.08745560270481828,0.021253645420074435
2,795,0.5436598204455343,0.2267064452171325,-0.03268814904128137,0.02430456131696701
2,796,0.5488291915181909,0.2674139738082886,-0.06348666810178638,-0.025900080800056458
2,797,0.49318527671974727,0.085528016090393,-0.05392781271880703,0.009666021913289996
2,798,0.369385613729207,0.1636326014995575,0.016109506492315073,-0.004741724580526324
2,799,0.4001585979334501,0.2459027171134948,-0.00025881151896067767,0.027197875082492773
2,800,0.45985535942409284,0.0315860509872436,0.003064611774528825,0.0032564625144004856
2,801,0.4195151447674434,0.2931798696517944,-0.058387897099453134,0.027657136321067755
2,802,0.39471146184812056,0.0319069921970367,-0.060136186016431614,-0.04093861207365987
2,803,0.46998968849323036,0.1930301487445831,-0.03714823342192769,0.021776903420686722
2,804,0.6111259235515767,0.0635942816734314,-0.05011034983292406,0.006677694618701997
2,805,0.47253051866856155,-0.0148867964744567,-0.0600175664901097,0.005136623978614849
2,806,0.6111259235515767,-0.0022017359733581,-0.05011034983292406,0.011195503175258638
2,807,0.49951070545050064,0.0335438847541809,-0.035191371254856885,-0.0028986185789108
2,808,0.447155189278459,0.1677925586700439,0.0005231421218300225,0.008320178836584091
2,809,0.476448835168025,0.028656005859375,-0.03284808659764932,-0.013440914452075924
2,810,0.558361581818511,0.2261771857738495,0.00675271767292962,-0.005735652521252604
2,811,0.5528737044932615,0.094249427318573,-0.013151777468207726,-0.0427025072276592
2,812,0.558361581818511,0.1477367281913757,0.00675271767292962,-0.025309687480330467
2,813,0.3364018399452472,0.058572232723236,-0.04514506048175121,-0.0015501677989960133
2,814,0.35095976047266375,0.3247279524803161,-0.0014161986996508724,0.013272523880004827
2,815,0.3381526880037816,0.0629054307937622,-0.012170874197848958,-0.000905960798263522
2,816,0.3413953328030349,0.1318577229976654,0.009303562675344823,0.0028907582163811008
2,817,0.3363667549177648,0.2648821175098419,-0.006540119680834733,-0.03351587615907192
2,818,0.34272058026803626,0.1089228391647338,0.008192150608818172,-0.015852551907301005
2,819,0.4843179552496484,0.0521192848682403,-0.010927516609105403,0.005558550357818576
2,820,0.5191447063407657,0.2753057181835174,0.01753719821404698,0.0216035395860672
2,821,0.40753947408083024,0.2636337876319885,0.013756955274941307,-0.026478696614503805
2,822,0.5820330629084088,-0.0149568915367126,0.010023666093584516,-0.0061870291829109
2,823,0.604912637225071,0.2613580375909805,0.00202517315340367,0.007320265285670757
2,824,0.5059180452800643,0.2653577625751495,-0.0019872707448628235,0.005330073647201061
2,825,0.461962725301828,0.219473659992218,-0.030792038672377342,-0.0034005604684352875
2,826,0.46318498456349133,0.1310541629791259,-0.04082152772070324,0.03697435185313222
2,827,0.461962725301828,0.2170321941375732,-0.030792038672377342,-0.003522459417581586
2,828,0.3674721596424718,0.1361791640520095,-0.026143872602333418,-0.0017322190105915347
2,829,0.36925809272848853,0.301344096660614,-0.031774627119347754,0.017277376726269722
2,830,0.39039742117790444,0.2383386492729187,-0.056979693417572974,0.008913472294807462
2,831,0.4749120719320242,0.0975711941719055,-0.02710107392337513,-0.0030999779701232633
2,832,0.48759440845524116,-0.0683404803276062,-0.027835837308978872,-0.00143358856439596
2,833,0.46698615643875974,0.0646942257881164,-0.028505408421698464,-0.0046385005116462985
2,834,0.39892497690671036,-0.0354709923267364,-0.08073033335680252,0.011315587908029577
2,835,0.39039742117790444,0.2087274491786956,-0.056979693417572974,-0.050389945507049644
2,836,0.42019595785881936,0.1626470386981964,-0.04233100678602736,-0.046156210824847194
2,837,0.4878232896735777,0.0753587484359741,-0.07220958286668444,0.011134497821331024
2,838,0.4753603947888734,0.0245440602302551,-0.06291361387329197,0.05312798172235483
2,839,0.5314449260405202,0.2132648825645446,-0.056562022533490075,0.020066559314727755
2,840,0.39788084060886486,-0.0386260151863098,-0.03563570408850858,0.009791783988475772
2,841,0.4808639951549751,0.2857692837715149,-0.01739653386425738,0.01310918852686882
2,842,0.39788084060886486,0.0442686080932617,-0.03563570408850858,0.003505185246467625
2,843,0.36938109822407517,0.2849497571587562,0.015556061239122454,0.01804028730839491
2,844,0.34272058026803626,0.0408114790916442,0.008192150608818172,0.026189327239990172
2,845,0.36938109822407517,0.3036187589168548,0.015556061239122454,0.0055953226983546656
2,846,0.6042116149796681,-0.0035675764083862,0.03790292137788487,-0.010528735816478674
2,847,0.6345291167697387,0.1724392920732498,0.020388613525379573,0.01019015163183215
2,848,0.6345291167697387,0.2047632336616516,0.020388613525379573,-0.0015968121588229856
2,849,0.4546714901952117,0.129278302192688,-0.03898049769814105,0.0006434842944145758
2,850,0.5270368912796239,0.1073026061058044,-0.03174517356908768,0.010180003941059099
2,851,0.5034873761469345,0.1896754503250122,-0.027059296902128716,0.024558879435062436
2,852,0.31891631515935714,0.167866051197052,0.009479868487472065,0.019680082798004178
2,853,0.3601960941127925,0.3981455788016319,0.011235945013510273,-0.009860434103757143
2,854,0.31891631515935714,0.2794527411460876,0.009479868487472065,0.008494719862937927
2,855,0.5023213256909811,0.194841131567955,0.01774918347651333,-0.017676349729299545
2,856,0.4345194493371821,0.4121163487434387,-0.0007025873094365087,-0.0037326570600271225
2,857,0.43694143310349404,0.1481868177652359,0.010003498819459888,-0.010771063156425925
2,858,0.5952560566313723,-0.0449978113174438,-0.022455555716429654,0.016655370593070998
2,859,0.5223058110538744,0.3263662159442901,-0.04258323275665332,-0.0025836126878858168
2,860,0.5929259580715946,0.2448570132255554,-0.052584612963653465,-0.033531315624713925
2,861,0.4895950612812927,0.060274064540863,-0.048478706720953335,0.002834014594554929
2,862,0.4563788572378612,0.0409338474273681,-0.04121803998392981,0.010563559830188737
2,863,0.4778741175877531,0.1480025798082351,-0.0645923338278761,-0.01108621060848236
2,864,0.5881073346093282,0.3308830633759498,0.012042041202397602,0.00976699497550726
2,865,0.64531350392668,0.4126093536615371,0.017472058011281266,0.004202176816761494
2,866,0.5725994679076567,0.2393032908439636,0.006150975167313888,-0.009874183684587506
2,867,0.38493898591509246,0.1528161168098449,0.0037398896060462095,0.01586669683456418
2,868,0.42897727163622595,0.1233946084976196,-0.037033728177339464,0.009891785681247725
2,869,0.40823889341119857,0.2700099349021911,0.00660605163626421,0.001882473006844465
2,870,0.46159836554657313,0.2989475131034851,-0.025818730960393166,-0.013940956443548203
2,871,0.4684438762486516,-0.0004107952117919,-0.044480622527563796,0.0045753046870232374
2,872,0.5528737044932615,0.2968421876430511,-0.013151777468207726,-0.01049098744988447
2,873,0.33808748986621384,0.2595996856689453,-0.06431239917179632,0.008257362991571426
2,874,0.3849865277485366,0.2153247892856598,-0.06004228378052556,0.0010656528174877444
2,875,0.33808748986621384,0.3018853366374969,-0.06431239917179632,-0.00044843368232250214
2,876,0.4842615860666736,0.0678102970123291,-0.03918092540769014,-0.041290134191513034
2,877,0.43965542278900105,0.1089261919260025,-0.0002991914891722902,-0.027253279462456675
2,878,0.4907308572275839,-0.0532057881355285,0.009768458443593364,-0.0289652645587921
2,879,0.4359155889014591,0.0564830303192138,-0.0902937006690755,0.00622717291116711
2,880,0.4359155889014591,-0.0129768252372741,-0.0902937006690755,0.0068492591381073
2,881,0.39830729654760255,0.0627071261405944,-0.07012350780701393,0.0010467246174812109
3,0,0.446688791749171,0.2339702248573303,0.003351896649985864,-0.026469964534044238
3,1,0.3968899440497846,0.1593052446842193,-0.020578542183470272,0.01549748703837392
3,2,0.42662831626710074,0.1798034459352493,0.008082145189240608,0.040785884484648705
3,3,0.36906176310954636,0.3437668681144714,-0.03370709538661265,0.023533578962087576
3,4,0.3473542190269545,0.0154865384101867,0.008832919601274192,0.0032527595758438006
3,5,0.3922798957110914,0.0129362344741821,0.00195818328489078,0.0006799921393394748
3,6,0.5803316519916855,-0.0059765577316284,-0.033729400655152286,-0.0028697475790977495
3,7,0.5215433832756999,-0.0398455262184143,-0.07219282801533478,0.0001782774925231656
3,8,0.6454006738825633,0.2062642276287078,-0.02225648731837815,0.014386110007762853
3,9,0.4396659445276935,0.0686898231506347,0.023143511788295712,-0.004020735621452359
3,10,0.418511422512037,0.2580533772706985,0.0013495604398593986,0.001944256946444456
3,11,0.4032912362926887,0.0920864045619964,0.00618750872826368,0.004855666309595094
3,12,0.4536668207475105,0.1269966065883636,0.024292463685071264,0.004706781357526751
3,13,0.532148567816053,0.1819435358047485,0.01740542410903012,0.01333855465054512
3,14,0.509883072931798,-0.0036359429359436,0.016633989117131376,-0.00436358898878095
3,15,0.3042796740135508,0.087526798248291,-0.0367525141033454,-0.005844503641128526
3,16,0.33674167762670787,0.0414215922355651,-0.0067591279513564695,0.0022334232926368436
3,17,0.3042796740135508,0.1720075011253357,-0.0367525141033454,-0.001958250999450628
3,18,0.39014940095843575,0.0258655548095703,0.012424820337524733,0.0069107227027416125
3,19,0.3664915485063758,0.1578021049499511,0.0072686246551667555,-0.0047650709748268405
3,20,0.33422393462469135,0.1747028827667236,0.005858551542694879,0.009826496243476868
3,21,0.35981951890139185,0.2097517848014831,-0.041724518734492066,-0.00939881056547165
3,22,0.43030486775571597,0.2652176022529602,-0.04635096775874731,0.016216192394495038
3,23,0.33617168868335084,0.1669638156890869,-0.08706034572970006,0.03527383133769038
3,24,0.28063184379550976,0.2003089785575866,-0.08208834109855345,0.03844016790390009
3,25,0.3084232780388783,0.1609228253364563,-0.06668454517058031,0.022094290703535135
3,26,0.2744844886769219,0.132329523563385,-0.10441602905826974,0.018563471734523815
3,27,0.3640737099065757,0.3865676671266556,-0.02229670982045373,0.011651680804789066
3,28,0.36135007851073475,0.2600797908380627,-0.023629408599731838,0.007120357942767386
3,29,0.4174814332383036,0.206229567527771,-0.0031127615315725277,0.016547666862607058
3,30,0.34464340604978777,0.1724299788475036,-0.08942755223838394,0.02430471032857895
3,31,0.3603532553866605,0.0368106961250305,-0.12054792807413384,0.006143085658550273
3,32,0.35351439256421663,0.0511876344680786,-0.06576716549938955,-0.0005895979702472409
3,33,0.6805759658469301,0.2446061968803405,0.016449996875485984,-0.009858209639787702
3,34,0.6446396171981044,0.0956902503967285,0.0033390109825714998,0.011132504791021375
3,35,0.672583570340956,0.1016471683979034,0.059712183717826606,-0.012497719377279295
3,36,0.2978897106008663,0.060405284166336,0.002340311301472997,-0.015900572761893293
3,37,0.3349910307783279,0.3958717361092567,-0.009287305059899498,0.01582379126921296
3,38,0.3481194883178871,0.0999638438224792,-0.012379560387369037,0.043493729084730155
3,39,0.3318704662704275,-0.0063700079917907,-0.13211606664623654,-0.011802710592746662
3,40,0.3404169697300924,0.0392309427261352,-0.12508194217325225,-0.00046066194772720337
3,41,0.3318704662704275,0.0014244318008422,-0.13211606664623654,-0.006888091564178512
3,42,0.4691407227131672,0.1683006286621093,0.007261383156078605,0.02318651229143137
3,43,0.3812713455652623,0.404149442911148,-0.012938017818130976,0.01443442702293396
3,44,0.40169291792307327,0.2456031441688537,0.009009074482176138,0.011272318661212893
3,45,0.6299842452217222,0.292100727558136,0.01607815423418979,-0.008264195173978806
3,46,0.6397902111590319,-0.0742861032485961,0.0127858840904026,0.003004308789968546
3,47,0.6370596397820982,0.1674956679344177,-0.02105874536494612,0.011959545314311981
3,48,0.4706682714545797,-0.0026254653930664,-0.048387836529397155,-0.0003845095634460627
3,49,0.4054531239936574,0.0968416333198547,-0.08257419412142103,0.0327478125691414
3,50,0.434460452272963,0.1034621000289917,-0.041265335652591106,0.0034144818782806674
3,51,0.5628614323901207,-0.0209770202636718,0.010418910828674965,-0.001276820898056013
3,52,0.5699368269504967,0.3753431737422943,-0.026717988770460943,0.004614381119608879
3,53,0.47768761142102345,0.065524935722351,0.003736213673374289,0.0019683316349983215
3,54,0.3921490511614557,0.0869717597961425,-0.01655311312913582,-0.007091559469699887
3,55,0.45385320486490244,0.1757689416408538,-0.004872471155053237,0.006537761539220782
3,56,0.4847593211976895,0.2525499165058136,-0.0003791412092606361,0.003062339499592809
3,57,0.34479908171327067,0.2375804483890533,-0.021597545692073727,0.014518205076456042
3,58,0.34479908171327067,0.3190709948539734,-0.021597545692073727,0.005406953394412994
3,59,0.34479908171327067,0.1195865869522094,-0.021597545692073727,0.0007563121616840085
3,60,0.3928702647387433,0.0196456909179687,0.005488754364163739,0.00036736577749252666
3,61,0.3715726889608368,0.0246456861495971,-0.0118907726535874,-0.00707456469535829
3,62,0.3715726889608368,-0.014307677745819,-0.0118907726535874,0.0025437176227569736
3,63,0.5649426234629029,0.1532547175884246,0.020217745883586158,-0.016651056706905393
3,64,0.574182543848075,0.2694121897220611,0.016894936051329745,0.021812453866004916
3,65,0.6080244531787411,0.1090732216835022,0.003197261384407457,-0.0006084460765122812
3,66,0.566297908375911,0.2349260449409485,-0.020847119554824767,0.009229321032762555
3,67,0.566297908375911,0.2045212388038635,-0.020847119554824767,0.006605096161365537
3,68,0.566297908375911,0.2946783304214477,-0.020847119554824767,0.0062423162162303925
3,69,0.3354221381550391,0.1103989481925964,-0.048219163738388304,-1.1928379535675049e-05
3,70,0.3354221381550391,0.1318464279174804,-0.048219163738388304,0.009867973625659929
3,71,0.3618209791365873,0.0762873291969299,-0.007320965568849036,-0.012225441634654971
3,72,0.47203871314131135,0.2884170711040497,-0.026751078230857817,0.015020495280623436
3,73,0.46178839264449967,0.0146473050117492,-0.025629312525817127,-0.023338899016380338
3,74,0.4874450746091831,0.13864366710186,-0.044259420124002136,0.019109118729829788
3,75,0.40756021484265315,0.1655964255332946,-0.016298578319201174,-0.011312995105981855
3,76,0.37423038533677466,0.1317056715488433,0.005934797167974459,-0.02499643340706828
3,77,0.33560952794267784,0.0783961415290832,-0.031753342177543276,0.01962009072303772
3,78,0.47749224357457903,0.2713339179754257,0.0113142995065591,0.0024939607828855515
3,79,0.42337443707202294,0.2023366391658783,-0.006174125990260904,0.005297649651765851
3,80,0.5117189943520815,0.1725204885005951,0.012700210129960143,0.017674352973699625
3,81,0.41478839193709294,0.1117013692855835,-0.035815773503464765,0.010489165782928522
3,82,0.43646917657132167,0.1229066848754882,-0.02969832115351806,-0.008991323411464719
3,83,0.38432751708615975,0.108245849609375,-0.09482702692306688,0.0054270550608635365
3,84,0.3355421709190912,0.348498061299324,-0.0478765635803422,0.00901398248970503
3,85,0.38986045144587145,-0.0242657661437988,-0.002651830929266963,0.0043271556496620005
3,86,0.38220893373739906,0.092551589012146,-0.010393907209354125,0.000983759760856684
3,87,0.5506582779079325,0.103898137807846,-0.02067826565334252,0.016369409859180423
3,88,0.5506582779079325,0.1010535955429077,-0.02067826565334252,0.021891102194786086
3,89,0.532148567816053,0.2323988080024719,0.01740542410903012,0.026407118886709213
3,90,0.7261444715793082,0.2741866111755371,-0.030172707044988534,-0.02501337230205536
3,91,0.774566370501365,0.2041424214839935,-0.034929239542574764,0.017321927472949028
3,92,0.6101430650376758,0.1997953057289123,-0.03649904216039701,0.027827881276607486
3,93,0.5957642886986401,-0.0403103232383728,-0.03696602655236769,-0.004192776978015941
3,94,0.650288319732946,-0.0166204571723938,-0.004610968925077841,0.0016724169254302632
3,95,0.6813309502771008,0.0695021152496337,-0.0406582930586209,0.010915167629718725
3,96,0.6107037149279881,0.1180287599563598,0.003597844597333477,-0.007669128477573436
3,97,0.6107037149279881,0.1603736281394958,0.003597844597333477,-0.014257360249757794
3,98,0.6326624750359571,0.1342434883117675,0.008294692127544745,0.005120083689689581
3,99,0.31035433530751144,-0.0076338052749633,-0.06229026088708345,0.009130209684371962
3,100,0.3387424859357175,0.0481696724891662,-0.09060860874742016,-0.010192915797233602
3,101,0.32838263334610335,-0.0462232828140258,-0.1042057496345083,-0.013421773910522454
3,102,0.44583649240500134,0.0325323343276977,-0.0859679688793582,-0.009360257536172867
3,103,0.3956138606887035,0.0537904500961303,-0.09642243160012565,-0.012554869055748014
3,104,0.43728998894533644,0.0066155791282653,-0.09300209335234255,0.008539948612451487
3,105,0.35399404026686754,0.0994758605957031,-0.004677889915272793,0.00218052417039874
3,106,0.3772237254665891,0.3101417571306228,0.0104577158096959,0.0007009450346230905
3,107,0.3090683635827306,0.0131064057350158,0.0021968464011105637,0.0026387423276901124
3,108,0.4240176616747145,-0.0056028962135314,-0.06337448723558697,0.0017325505614281377
3,109,0.4258310108046638,0.1081568598747253,-0.05681147082148308,-0.0024490654468536377
3,110,0.4846192795206492,0.0518454909324646,-0.0183480434613007,-0.009054556488990742
3,111,0.36128183585748225,0.0412359833717346,-0.019771218541683844,-0.016293719410896287
3,112,0.32182204063222597,-0.0502655506134033,-0.01519726132556709,-0.005761407315731083
3,113,0.32182204063222597,0.2035055756568908,-0.01519726132556709,0.040046658366918536
3,114,0.5620388410647217,0.3098689317703247,0.0020778940269201573,-0.0052487775683403015
3,115,0.5121393295105644,0.282846599817276,0.004119440412439057,0.0048664771020413
3,116,0.5121393295105644,0.2565370798110962,0.004119440412439057,0.011498812586069135
3,117,0.4035441608164805,0.3027040809392929,-0.024010837037392763,0.030292697250843048
3,118,0.3758345786296533,0.1965465545654297,-0.05475397007344174,0.015740219503641156
3,119,0.4035441608164805,0.1191664040088653,-0.024010837037392763,0.04430348798632623
3,120,0.36326019632115664,0.2078950405120849,-0.026404570908540814,0.031097617000341415
3,121,0.3308488365132156,0.259498655796051,-0.02795768099485796,0.007408149540424347
3,122,0.3540785217129372,0.357029065489769,-0.012822075269889266,0.016111833974719048
3,123,0.37154269060280853,0.0826355218887329,-0.10768265424681439,0.011714443564414992
3,124,0.32503160344798365,0.0915128588676452,-0.07733530407149225,-0.007609494030475644
3,125,0.38559410816348294,0.0406658053398132,-0.10330228738734032,0.004679895937442773
3,126,0.3335024370936821,0.0862147808074951,-0.09802895797976313,0.008736062794923824
3,127,0.40293592832361036,0.1481359004974365,-0.10033555455661669,0.030789352953434004
3,128,0.40293592832361036,0.2323555946350097,-0.10033555455661669,0.02148120477795598
3,129,0.6655233501527289,0.2531734257936477,0.08175735513747062,0.0066793654114007395
3,130,0.6784256418205339,0.2396549880504608,0.10406617828884468,0.01976868137717247
3,131,0.6784256418205339,0.3504968285560608,0.10406617828884468,0.021301979199051857
3,132,0.4138493819768225,0.2843637764453888,-0.002011411273202812,0.008221492171287537
3,133,0.3340940852372709,-0.0481486320495605,0.0018141000128841789,0.00953192263841629
3,134,0.3728721717795541,0.1399145722389221,0.008091622888320604,0.024924613535404233
3,135,0.39414061162314784,-0.0116569995880126,-0.09626816291435597,0.003298155963420901
3,136,0.43416337256729,0.0227566957473754,-0.07506357792318541,0.0009453594684600518
3,137,0.39795555338567334,0.0219098329544067,-0.0679410770463793,0.002081565558910401
3,138,0.6383754058753156,-0.0057068467140197,0.0848369273289602,-0.02253981307148926
3,139,0.610431452732464,0.1236346065998077,0.028463754593705204,-0.007992770522832884
3,140,0.610431452732464,0.2423795759677887,0.028463754593705204,-0.0016198512166738233
3,141,0.2861290482229031,0.2598234713077545,-0.0071325664051452575,0.009732041507959421
3,142,0.3342354332870432,0.2279949486255645,-0.008774383223492721,0.00961641594767565
3,143,0.2945437737572303,0.1874787509441375,0.0011508847191168403,-0.010260460898280171
3,144,0.6383754058753156,0.06736421585083,0.0848369273289602,-0.003590825945138973
3,145,0.741133641712621,0.2763088345527649,0.10730692326893987,0.04409547522664073
3,146,0.5920953614283704,0.1958901584148407,0.022772359810845577,0.03600737825036052
3,147,0.48711822862217247,-0.0274879038333892,-0.023793342316910215,0.00176974758505824
3,148,0.42152420166869076,0.3776251077651977,-0.009314282618724135,-0.0017346199601888657
3,149,0.4181782648250547,0.318269670009613,-0.010503709201080347,-0.0013871490955352783
3,150,0.4612442832674332,0.2240947037935257,-0.07653279991502365,0.0029322504997253696
3,151,0.5732366707655329,0.0451887547969818,-0.012322636799594555,-0.001723781228065463
3,152,0.5553774623397983,0.1593251824378967,-0.035823421944070954,1.4528632164001465e-06
3,153,0.41021160500798376,0.1146303415298461,-0.1018810982983826,0.005493119359016377
3,154,0.43921893328728934,0.0572643280029296,-0.06057223982955262,-0.011407472193241168
3,155,0.4442195607668137,0.0597912669181823,-0.059205074784308365,-0.011789590120315573
3,156,0.41841878096112795,0.0725303888320922,-0.025781345154999635,0.00306738540530202
3,157,0.41478839193709294,-0.0270691514015197,-0.035815773503464765,0.005046643316745793
3,158,0.41841878096112795,0.0667451620101928,-0.025781345154999635,-0.002521943300962476
3,159,0.36332233878872444,0.0604323744773864,-0.012597229609056682,0.0014821141958236486
3,160,0.32681138763891465,0.0337845683097839,0.002560957831588717,0.020852297544479363
3,161,0.3618209791365873,0.2068772912025451,-0.007320965568849036,0.0028214901685714444
3,162,0.4894022877833083,-0.0563876926898956,-0.06139503663984991,-0.002539243549108512
3,163,0.5468164245888133,0.1080291867256164,-0.016213271920658134,0.0019965656101703505
3,164,0.4894022877833083,0.0406435132026672,-0.06139503663984991,-0.004139117896556833
3,165,0.40295618086519763,-0.0629324913024902,-0.066573912001135,-0.0014806911349296847
3,166,0.40295618086519763,0.1001113057136535,-0.066573912001135,-0.0022658705711364885
3,167,0.40144918221446846,0.1501013040542602,-0.01762145057799941,0.005066514015197726
3,168,0.5876896885724103,0.3919270634651184,0.009203205691393102,0.002338530495762825
3,169,0.5691811830937419,0.0364524722099304,-0.004850353786112871,-0.016262732446193667
3,170,0.5654241936881552,-0.0169606804847717,0.00843177069949419,-0.003950968384742751
3,171,0.40768668378238715,0.1268358826637268,0.00580447862857969,-0.006595999002456637
3,172,0.42418472362025156,0.246381938457489,0.016081945216134264,-0.0070314109325408936
3,173,0.41163538078497314,0.0515075325965881,-0.002606484056027758,-0.005335785448551164
3,174,0.41680822541714263,-0.0374218821525573,-0.012860064501076296,0.0035006627440452784
3,175,0.39981994575082525,0.0363871455192565,-0.0021166106834887843,0.0071489661931991265
3,176,0.40655790492033095,0.0051494240760803,-0.011738298796035551,-0.0017484501004219003
3,177,0.33747328169390683,0.0907503366470336,-0.06326721682245534,0.005104675889015156
3,178,0.45100775055234077,0.1855362057685852,-0.0030901166866502128,0.027610111981630353
3,179,0.4494656691920065,0.2205187082290649,0.0009429462929737564,0.006334267556667328
3,180,0.316011389398988,0.2125454545021057,-0.08127353366503776,0.0020722411572933475
3,181,0.2923635591809469,-0.0695429444313049,-0.12660936066024575,-0.004595443606376648
3,182,0.2923635591809469,-0.0308632254600524,-0.12660936066024575,-0.009643122553825365
3,183,0.6299842452217222,0.2795662581920624,0.01607815423418979,0.018309999257326126
3,184,0.5628614323901207,0.0004856586456298,0.010418910828674965,0.0036689862608908375
3,185,0.5628614323901207,-0.0114433765411376,0.010418910828674965,-0.0003393441438674632
3,186,0.4680717912646136,0.3090066239237785,-0.07149916278398327,0.02094135340303177
3,187,0.4238306865514655,0.1989949643611908,-0.056210793606276455,0.023995086550712613
3,188,0.610167110341941,0.3228626996278763,-0.026281059633575077,0.006515897810459137
3,189,0.5135756137418496,0.0587888956069946,-0.026397446836438854,0.008748620748519925
3,190,0.4908195966367601,0.1823952794075012,-0.025203836037927863,0.006773054599761991
3,191,0.43021797879082546,0.2564449906349182,-0.07023027981221408,0.00511019304394722
3,192,0.3772237254665891,0.0391546189785003,0.0104577158096959,-3.719143569470146e-05
3,193,0.3772237254665891,0.1694187819957733,0.0104577158096959,-0.013985728845000267
3,194,0.3865405253260942,0.1228785216808319,0.01717131088209961,0.009763605892658261
3,195,0.49327618067590673,-0.0301975011825561,-0.07222639991642354,0.00645620375871658
3,196,0.5293535478435842,0.26858651638031,-0.04618851681428171,0.01892407983541486
3,197,0.5198900953045988,0.0747400522232055,-0.036114337100729865,-0.007910609245300335
3,198,0.4506054866081893,0.0753177404403686,-0.07200164169251982,-0.0017251893877983232
3,199,0.4852970363655297,0.042646050453186,-0.051888916712835464,-0.008664123713970177
3,200,0.5093937553241747,0.1186102628707885,-0.03353821433233739,-0.0009917542338371554
3,201,0.33842030796183875,0.2701047658920288,-0.049847053202771,0.03442038595676425
3,202,0.32364346425822654,0.0383108258247375,-0.07152249345898454,-0.033847257494926446
3,203,0.32893478029179546,0.1361412703990936,-0.010517097038905798,0.0004145987331867218
3,204,0.4098528436436731,0.329007476568222,0.024980890123227684,0.0009924322366713922
3,205,0.4152506254164788,0.2889600992202759,0.027469042524435494,0.009292501956224442
3,206,0.4037673091933532,0.0667360424995422,0.026334010070589997,-0.019107021391391768
3,207,0.46829546263194227,0.2414208650588989,-0.019866756500011795,-0.00017360784113407135
3,208,0.40950719391595686,0.2136809825897216,-0.058330183860194174,0.0035296678543090265
3,209,0.40769384478600756,0.2520424425601959,-0.06489320027429807,0.007830472663044957
3,210,0.3422303188600416,0.003972589969635,-0.11851892575914841,0.010092131793498962
3,211,0.3422303188600416,0.0717417001724243,-0.11851892575914841,0.007433466613292722
3,212,0.3959539607530971,-0.052685260772705,-0.08970514650025213,0.0014743506908417095
3,213,0.4618017090211293,0.0989059805870056,-0.039594690071888705,-0.012237280607223483
3,214,0.40375395636416966,0.0487042665481567,-0.0783091937736885,-0.005226276814937578
3,215,0.4618017090211293,0.1167498230934143,-0.039594690071888705,-0.011845104396343176
3,216,0.4432760896183132,0.2206696271896362,0.0005165419243535752,0.02988327108323574
3,217,0.4432760896183132,0.3079139292240143,0.0005165419243535752,-0.01206678245216608
3,218,0.42764320682968204,0.2192904353141784,0.017518810128502427,-0.0022524893283843994
3,219,0.47217653083939004,0.1583204269409179,-0.013791226077301433,0.02948347106575963
3,220,0.39042365529034084,0.1687303483486175,0.014086853598141214,-0.005503647029399872
3,221,0.4854034421967478,0.2442241311073303,0.017477280609654755,0.03675050660967827
3,222,0.4547422294690825,0.0201969146728515,-0.0512417191400697,0.006332591176033025
3,223,0.4225678753817892,0.0198212265968322,-0.05359308368455845,0.002526797354221299
3,224,0.5093937553241747,0.0626110434532165,-0.03353821433233739,0.0005916580557823181
3,225,0.31521595372458433,0.0833087563514709,-0.010955412790709218,-0.020463496446609497
3,226,0.33440066175067606,0.394131988286972,-0.012817876139172402,0.005767457187175695
3,227,0.31521595372458433,0.0148659348487854,-0.010955412790709218,-0.001805424690246537
3,228,0.5702433021523756,0.0542159080505371,-0.025680417665796096,0.0083185806870461
3,229,0.4359767216972393,0.0012089610099792,-0.06850056150908151,-0.0034730136394500745
3,230,0.43416337256729,0.0011615753173828,-0.07506357792318541,-0.0076571106910705376
3,231,0.37342552620449304,0.0162710547447204,-0.03609176894584587,-0.0011267587542534117
3,232,0.3707018948086521,0.2383970916271209,-0.03742446772512387,0.025051508098840686
3,233,0.3999946887041578,0.3398812860250473,-0.027296935837358483,0.006963340565562304
3,234,0.36598382771699756,0.0675692558288574,-0.025071872129262818,-0.017671249806880923
3,235,0.4032835653903747,0.010855495929718,-0.020841381284404936,0.020535200834274264
3,236,0.4402518678728681,0.2638443410396576,-0.0025900746233264438,0.01828213408589366
3,237,0.3959539607530971,-0.009753406047821,-0.08970514650025213,-0.0028384849429130624
3,238,0.48277984069548263,-0.0552719831466674,-0.06965027714803107,0.006801582872867626
3,239,0.39414061162314784,0.0450486540794372,-0.09626816291435597,0.006655097007751451
3,240,0.48523450132984325,0.3432741463184356,-0.0017042060632491696,0.02274440042674536
3,241,0.3717000324714093,0.2052813470363617,-0.06188130619905424,-0.0073693841695785245
3,242,0.4617700834845516,0.0897029638290405,-0.017217432825624768,0.02410807460546495
3,243,0.40190697151346644,0.0373523235321044,0.01522188605198671,-0.006031930446624784
3,244,0.4184050113513309,0.2499803900718689,0.02549935263954134,0.008358653634786634
3,245,0.4396659445276935,0.0730440020561218,0.023143511788295712,-0.0075209811329841475
3,246,0.774377875317794,0.1355291306972503,0.04784294757314411,0.004657391458749743
3,247,0.7823702708237681,0.1426726579666137,0.004580760730803379,0.005872786045074435
3,248,0.6697036046024203,0.1064691245555877,-0.006024207884689492,0.005365215241908999
3,249,0.6471234737687808,0.0188104510307312,-0.01464867210741172,-0.007643263787031125
3,250,0.5996827732560299,0.0982745289802551,-0.03741394659847619,-0.0036905482411384444
3,251,0.5488461891634633,0.1071709394454956,-0.026790365538231775,-0.006659384816884953
3,252,0.5480030133019209,0.1693955659866333,0.008905003762534669,-0.0033233687281608304
3,253,0.5297152508168862,0.0121079087257385,-0.00033393796178593504,0.0037886574864387755
3,254,0.4841992051050974,-0.0083591341972351,0.003010227275324573,-0.002989910542964963
3,255,0.4435105433569294,0.3862153887748718,-0.061349710897173226,0.020119547843933105
3,256,0.5136400623373847,0.0359626412391662,0.0033518646315243705,-9.252130985261398e-05
3,257,0.5426461124096882,0.3141240030527115,-0.03730794789924097,0.033230194821953773
3,258,0.6098755704488689,0.26231250166893,0.056471438737731416,0.015816936269402476
3,259,0.6446098039120748,0.139997124671936,0.0740106642964683,0.009360093623399762
3,260,0.6735087198466138,0.2537381052970886,0.08697668801417391,-0.005356140434741918
3,261,0.2859231598290787,0.324937492609024,-0.021082944678474602,0.008364429697394316
3,262,0.3476273135325254,0.3478918969631195,-0.009402302704392018,-0.003386637195944786
3,263,0.3243169463878234,0.3139502108097076,-0.002761515237300338,-0.003198131918907221
3,264,0.47773875666615695,0.3335053473711014,0.030748828673577755,0.013542892411351204
3,265,0.46310105450817923,0.2934594452381134,0.03158348610462641,0.03733985312283039
3,266,0.47773875666615695,0.2788013219833374,0.030748828673577755,0.0029975473880767822
3,267,0.5762864021412545,0.3060926347970962,0.01877038601004033,0.025590918958187048
3,268,0.5524819028341345,0.1249068081378936,0.02015742135226084,0.025449555367231327
3,269,0.5791502576001326,0.2787086069583893,0.02474505247603276,0.011565253138542175
3,270,0.36840208796447116,0.0860251784324646,-0.023575757185283597,-0.013827987015247317
3,271,0.3447542577464301,0.0107773542404174,-0.06891158418049165,0.0010077357292174877
3,272,0.37175311786259085,0.1292864084243774,-0.050446202748299696,-0.0001066066324710846
3,273,0.38547883158864726,0.2923618257045746,-0.002164769886491058,0.010049611330032404
3,274,0.35768739734527877,0.0244574546813964,-0.017568565814464088,0.004206407815217913
3,275,0.39014940095843575,-0.0506162345409393,0.012424820337524733,0.019559264183044434
3,276,0.4342681627548878,0.2495585680007934,0.020655359387087846,0.006362503394484492
3,277,0.4342681627548878,0.32051482796669,0.020655359387087846,0.02243007719516754
3,278,0.4098528436436731,0.35568767786026,0.024980890123227684,0.014542227610945702
3,279,0.7572924502594822,0.3842694535851478,-0.017048709342702528,0.012827171012759209
3,280,0.48616807333126233,0.011265218257904,-0.021823278655875078,0.0017679557204246625
3,281,0.719131294680389,0.3059026300907135,0.025325776078422457,-0.0031892694532871246
3,282,0.5791502576001326,0.1491122543811798,0.02474505247603276,0.00044551491737371274
3,283,0.5626978677629807,-0.0427544116973876,-0.012589554346132403,-0.004044726490974385
3,284,0.5773266326739307,0.0362718701362609,-0.016090634529570713,-3.0748546123532394e-05
3,285,0.7162651621018234,0.2426306754350662,-0.009417926583326519,-0.0061529576778411865
3,286,0.749126037218595,0.1019124090671539,0.06404473642659914,-0.00764497369527814
3,287,0.6571958307074394,0.2754702121019363,0.02279759238209944,-0.012635050341486986
3,288,0.6446098039120748,0.3530933558940887,0.0740106642964683,0.04376165941357607
3,289,0.6446098039120748,0.1358718276023864,0.0740106642964683,0.0032543800771235865
3,290,0.6793738506613103,0.1739061772823333,0.02087823654130838,-0.0063287336379289905
3,291,0.5003551717972774,0.3336872011423111,-0.0030411426372800587,-0.0025104116648435593
3,292,0.5654241936881552,-0.009695291519165,0.00843177069949419,0.004334419965744013
3,293,0.5654241936881552,0.0431743860244751,0.00843177069949419,-0.013825796544551787
3,294,0.3399498291764546,0.1883109211921692,-0.01976378344144919,0.020471602678298978
3,295,0.36309503293010653,0.2228584587574005,0.0035160076381360317,0.010322108864784268
3,296,0.41694150072816605,0.2132028341293335,0.004050712843765236,-0.010966639965772601
3,297,0.6212594820586137,0.2313556969165802,0.009686606489185068,-0.0007867123931646347
3,298,0.6571958307074394,0.3049028068780899,0.02279759238209944,0.004434386268258095
3,299,0.49064145734653736,0.0638438165187835,0.031780102872791094,-0.017931669950485243
3,300,0.4055290661973392,0.1730130612850189,-0.01093174901266386,-0.016615677624940844
3,301,0.42595063855515014,0.1186237782239914,0.011015343287643253,-0.020743617787957164
3,302,0.42595063855515014,0.3241029679775238,0.011015343287643253,0.007318371906876564
3,303,0.3997689025156226,0.0814198851585388,-0.061378060632275466,0.004091612994670896
3,304,0.42133994674682335,0.028135597705841,-0.00316764501705713,0.022823426872491795
3,305,0.4865947824580081,0.1460246443748474,-0.041323191280054405,-0.0015358850359916132
3,306,0.32470712039321964,-0.0398575067520141,-0.09396156633750236,-0.01624447852373121
3,307,0.27977580471049074,0.0898891389369964,-0.043410632638191005,-0.007763510569930104
3,308,0.27977580471049074,0.0524745881557464,-0.043410632638191005,-0.028723649680614492
3,309,0.2945437737572303,0.1894038021564483,0.0011508847191168403,-0.014072887599468259
3,310,0.2881905302448179,-0.0315032005310058,-0.03512718151392896,-0.008118666708469374
3,311,0.2787050025747746,0.1551746726036071,0.004202774649936236,-0.024218171834945706
3,312,0.6052661254629944,-0.03230482339859,-0.02223221571681333,-0.012112073600292171
3,313,0.555128181852089,0.0467139482498168,-0.05473774111597174,0.010982401669025386
3,314,0.6052661254629944,0.0370241403579711,-0.02223221571681333,0.007742911577224686
3,315,0.778295095893705,0.1210876703262329,0.08466616795513682,0.0016973391175270358
3,316,0.745288302549119,0.2448203563690185,0.0536912115781325,0.005116429179906845
3,317,0.816061314944104,0.1570016145706176,0.049329779800793117,0.023897144943475668
3,318,0.7107915967914742,0.2215576767921447,0.022808021148869373,-0.01331890001893049
3,319,0.7190985041416955,0.1291330158710479,0.015546299830528132,-0.00015951693058019467
3,320,0.7190985041416955,0.1136853098869323,0.015546299830528132,0.0064720995724200925
3,321,0.6430150149830732,0.0781500339508056,-0.014688626973750618,-0.004721045494079618
3,322,0.6442646821359902,-0.0378884673118591,0.011864100392821375,0.009296551346778863
3,323,0.6430150149830732,0.1418320536613464,-0.014688626973750618,0.013166978955268888
3,324,0.7355884249247293,0.3770373612642288,-0.00974479089360325,0.005092351697385311
3,325,0.6912085746401426,0.1106680035591125,-0.019110787881390312,0.00919571146368979
3,326,0.7355884249247293,0.3339513540267944,-0.00974479089360325,0.012054901570081655
3,327,0.661739765865401,0.0830338597297668,-0.003998935196218412,0.020727224647998817
3,328,0.7833757467049125,0.1391592621803283,0.06025097042420191,0.0018912144005298615
3,329,0.671296340368539,0.1312711238861084,0.015292070852012118,-0.0034483764320611676
3,330,0.7164862781348904,0.1532653272151947,-0.012552615987894145,0.0036787465214729587
3,331,0.7420693527635241,0.0981963276863098,0.010930639074672843,0.006203949451446547
3,332,0.7512152796610496,-0.0725383460521698,-0.0025294747741194668,0.0036791861057281078
3,333,0.7048614074223312,0.1666063964366912,0.008235934636475428,0.014719773083925192
3,334,0.8235610196263259,0.2272384464740753,0.028851579248136305,0.012721367180347415
3,335,0.7717049909807279,0.1218422055244445,0.007289681939324999,0.004786320030689212
3,336,0.781125893991907,0.0266612768173217,0.027505800574526784,-0.007084503769874573
3,337,0.761517654473399,0.026965320110321,0.012844287129076926,-0.0005468502640724147
3,338,0.7832923421746723,0.0059187114238739,0.016085194635888977,-0.021597936749458264
3,339,0.7348144127688412,0.1535587310791015,0.013739982368958459,0.010446988046169281
3,340,0.6036916228778266,0.2820852324366569,-0.033898282916178246,0.009575014933943693
3,341,0.6674606321460566,0.06178480386734,0.03811842354045614,-0.007024288177490283
3,342,0.8535140249728358,0.1054057478904724,0.034355626980619225,-0.011452767997980104
3,343,0.8345732071800308,0.263349786400795,0.022720763512061426,0.01620873063802722
3,344,0.8212419771525867,0.1836069375276565,0.02522401423547116,0.01576368696987626
3,345,0.7353304000379752,0.254872590303421,-0.006008906141400927,-0.018840689212083817
3,346,0.6320372162548578,0.3485286682844162,-0.04759575947702166,0.009436665102839525
3,347,0.7353040045264612,-0.041721373796463,-0.014729679631616865,-0.005967900156974813
3,348,0.630807976771214,0.1419862508773803,-0.02960599255991192,0.011472981423139544
3,349,0.724993169635741,-0.0747064054012298,-0.005611276828227374,-0.01142426207661626
3,350,0.724993169635741,0.1071417331695556,-0.005611276828227374,-0.010295052081346526
3,351,0.6797217575956365,0.1739824414253235,-0.0041077054981337735,0.021457031369209345
3,352,0.6526291469038573,0.1586728990077972,0.009068182292999327,0.008790038526058197
3,353,0.6728634338493303,0.157732218503952,-0.016901268783168777,0.027616772800684003
3,354,0.7269730392628655,0.0576223134994506,-0.026038045989912884,-0.006124116480350522
3,355,0.6273745858693982,0.2189412713050842,-0.06623816925219905,-0.0004778355360031128
3,356,0.6806793724084672,0.0518943667411804,-0.05041269852957697,0.011760536581277875
3,357,0.7665431643648093,-0.0349216163158416,0.02792008961327097,-0.03530516847968091
3,358,0.7917245033708818,-0.0007594227790832,0.04435154596547031,-0.020587526261806426
3,359,0.7665431643648093,0.0799522399902343,0.02792008961327097,-0.010741479694843306
3,360,0.7477069087025037,-0.0057060122489929,-0.01339113927925395,-0.00514442101120945
3,361,0.702572658873199,0.2739157751202583,-0.03861898842303313,0.03272502496838567
3,362,0.7774391453442749,0.2426423728466034,-0.0050598028142079254,0.015461996197700528
3,363,0.7358536489981724,0.2637673616409302,-0.022242876516491483,0.006441362202167511
3,364,0.7218760911990392,0.0805033445358276,-0.013446042055994645,-0.02138772234320642
3,365,0.6891049562530945,0.2391310632228851,-0.03439452990337433,0.0024922937154770175
3,366,0.8018395257339415,0.220098078250885,0.00752113961891232,0.02921396493911746
3,367,0.7209408112819139,0.1142672896385192,-0.010779451416344288,0.011989019811153384
3,368,0.7774391453442749,0.1804469227790832,-0.0050598028142079254,0.04303315281867978
3,369,0.5883089642080024,0.0712818205356597,-0.06796234197512518,-0.006214614957571071
3,370,0.6672025573346261,0.2240660190582275,-0.042896523940777365,0.015780836343765287
3,371,0.5883089642080024,-0.0044717490673065,-0.06796234197512518,-0.0011010915040969627
3,372,0.5717079042187059,0.2464216351509094,-0.0568641956423247,-0.004096679389476748
3,373,0.6675958777018076,0.1932155489921569,-0.018513025592542198,0.0008822791278361997
3,374,0.598539352093629,0.2191708087921142,-0.013690555303993657,-0.0024961903691292087
3,375,0.6423144085938183,0.1464852392673492,-0.05889305463641492,0.029964160174131393
3,376,0.6921463174797833,0.2674600332975387,-0.04435819550459785,0.009895350784063284
3,377,0.5999418551502409,0.2744633704423904,-0.07617453908293814,-0.0009908517822623808
3,378,0.741191885524022,0.0072417855262756,0.00427120803301273,-0.022122979164123514
3,379,0.6453039120409203,0.0611804723739624,-0.03407996201676977,0.004762038588523906
3,380,0.741191885524022,0.1037554442882537,0.00427120803301273,0.012173172086477238
3,381,0.7617141433481361,0.2328954041004181,-0.022499107527992557,0.021441943943500547
3,382,0.6905491934438038,0.1132869124412536,-0.033072479301718194,0.0017033033072948317
3,383,0.6905491934438038,0.0863108336925506,-0.033072479301718194,0.0157078318297863
3,384,0.6962519911894174,0.0668385028839111,0.013416835088273849,-0.018190879374742494
3,385,0.7238453122819726,0.2342048287391662,0.04445937043761261,-0.016505418345332146
3,386,0.6159224042912941,0.0762392282485961,-0.0015127391826175174,-0.0017414614558220465
3,387,0.671243330512494,0.113918662071228,-0.008748283691445091,-0.00786725431680678
3,388,0.7413240916443556,0.1888881921768188,0.001707529492646187,-0.018027901649475098
3,389,0.7413240916443556,0.1773239076137542,0.001707529492646187,0.020905047655105563
3,390,0.8042317788203763,-0.0553623437881469,0.016648922987199777,-0.005602642893791199
3,391,0.7517355814604905,0.2711844593286514,0.04366954633653075,-0.0021510403603315353
3,392,0.7190484368636763,0.2474080920219421,0.006018240499292671,0.008977703750133514
3,393,0.6944179552822367,0.0667385756969451,-0.04195362728931018,-0.0003076530992985327
3,394,0.7013111467832439,0.1597797274589538,-0.036538163248424405,0.013828728348016711
3,395,0.6661605644974538,0.1247462928295135,-0.039130276359689464,0.002917468547821031
3,396,0.7050898220996811,0.2632757872343063,-0.047029179182251135,0.05918409861624241
3,397,0.7507207685219397,0.3229382187128067,-0.020248480187119222,0.010500892996788025
3,398,0.6525976318673172,0.3924852088093757,-0.05278167380986609,0.00849755946546793
3,399,0.7163446666380178,0.0507298409938812,-0.002276786138994069,0.0071951411664486
3,400,0.6989302020806675,0.2047450244426727,-0.008766216706308616,0.0035679861903190613
3,401,0.6954253522831715,0.0093199610710144,-0.022222497379325357,-0.0017814934253692245
3,402,0.7298585937432569,0.1048392057418823,-0.021927987973991536,0.00815754383802414
3,403,0.6140570178090353,0.3527673780918121,-0.056069703706794205,0.0071429722011089325
3,404,0.6423144085938183,0.292398601770401,-0.05889305463641492,0.004953179508447647
3,405,0.7767074063834547,0.033631145954132,-0.010736104313861627,0.008786149322986561
3,406,0.7617141433481361,0.2558713853359222,-0.022499107527992557,-0.010274244472384453
3,407,0.7617141433481361,0.3147915601730346,-0.022499107527992557,0.015537850558757726
3,408,0.605590669440176,0.0346943140029907,0.013809994769458767,0.0038340762257576266
3,409,0.6133205868584893,0.3637421578168869,0.0047640399097883535,0.025914343073964174
3,410,0.605590669440176,0.3294725716114044,0.013809994769458767,0.019360478967428207
3,411,0.7788846640758291,0.0779191851615905,0.04732796752737123,-0.008129972964525237
3,412,0.7788846640758291,0.0797865390777587,0.04732796752737123,0.006685849279165226
3,413,0.8162854393521037,0.134295642375946,0.01744547862339063,-0.012071225792169571
3,414,0.5599031147639417,0.3155349045991897,-0.07145704037951528,0.008825831115245819
3,415,0.6031697002147453,0.1679815053939819,-0.0473387865163829,0.007587552070617676
3,416,0.5871873868238212,0.0551127195358276,-0.06783871988278722,-0.004463225603103624
3,417,0.7717038566366945,0.1085450053215026,0.00728946392783103,-0.0030231736600399295
3,418,0.7048602730782979,0.2808253765106201,0.00823571662498146,0.03810121491551402
3,419,0.725345304798293,0.0618088245391845,-0.025464693984542652,-0.01936358213424684
3,420,0.7961742391225657,0.2124701738357544,0.011899825305785483,0.006542149931192426
3,421,0.7373781423656718,0.0447348356246948,-0.012952689788851113,0.0091228187084198
3,422,0.7373781423656718,0.1692256927490234,-0.012952689788851113,0.005005188286304502
3,423,0.7169131894055809,0.1393626928329467,-0.015423763899150567,0.006781250238418551
3,424,0.7642837011520761,0.0918696522712707,-0.006597082736942483,-0.004927493631839766
3,425,0.7620120633496227,0.2693648040294647,-0.009001650952230156,0.012990636751055717
3,426,0.7043479605665426,0.2186916172504425,-0.030252262287082887,0.006020161323249396
3,427,0.7282057721965771,0.2783630490303039,-0.04443277466805595,-0.01203481294214731
3,428,0.7282057721965771,0.3640936613082886,-0.04443277466805595,0.01167765911668539
3,429,0.7265122589470063,0.3656420260667801,0.008851440132337074,0.04761555138975382
3,430,0.7956737506351088,0.3933378010988235,0.011532534436357822,0.021593493409454767
3,431,0.795674884979142,0.3468873798847198,0.011532752447851569,0.03932757116854185
3,432,0.6257109295354786,0.2384498417377472,-0.012745388846690853,-0.017569374293088913
3,433,0.5946160304502672,0.2203871756792068,-0.04270449771707807,-0.000862656161189107
3,434,0.5946160304502672,0.2196499109268188,-0.04270449771707807,0.01183152571320531
3,435,0.711659500140367,0.2063265442848205,0.031466923965037585,0.001573711633682251
3,436,0.711659500140367,0.1018856763839721,0.031466923965037585,0.018786862492561326
3,437,0.802348242095271,0.2610982954502105,0.031051983800602923,0.022480078041553497
3,438,0.7800594115694477,0.1983426809310913,0.037259695645786683,0.04182111844420436
3,439,0.741191885524022,0.0646060705184936,0.00427120803301273,0.04215054214000701
3,440,0.7064628839978627,0.0837119817733764,-0.00575193318076217,0.01614620909094809
3,441,0.6000664255961063,0.0935751497745513,-0.042866577497288394,0.040185377001762335
3,442,0.5946160304502672,0.1736868023872375,-0.04270449771707807,0.023648500442504883
3,443,0.6295838139847311,0.2450523376464843,-0.03661323089729218,0.012384112924337332
3,444,0.5717079042187059,0.0593721866607666,-0.0568641956423247,0.006505977362394354
3,445,0.5672952906501616,0.2796387672424316,-0.06381506534466819,0.01674366369843483
3,446,0.6024589073497476,0.1715286076068878,-0.06562924398241188,-0.02531615272164342
3,447,0.7371137287323972,0.3464469611644745,-0.006740728597942058,0.01696262619225314
3,448,0.7279000339170365,0.01431405544281,-0.025957244658671885,-0.00844397395849229
3,449,0.7093579918326267,0.1842838525772094,-0.022898386135576265,-0.017711751163005857
3,450,0.7824352385411677,0.0941569805145263,-0.00406565683565141,0.04613822326064108
3,451,0.71823407193096,0.2678163051605224,-0.035207563958130295,0.009460607543587629
3,452,0.7726604358542102,0.3413265496492386,-0.019505715327846174,0.0018714070320129395
3,453,0.6112346258059966,0.3784350156784057,-0.059401913590699906,0.0064438786357640665
3,454,0.6352408960953089,0.3828094154596329,-0.06726437663766205,0.02382933441549545
3,455,0.6352408960953089,0.4058220833539963,-0.06726437663766205,0.014615079388022423
3,456,0.8098244564987489,0.3429810106754303,0.01257990075792459,-0.01685348153114319
3,457,0.7744555161738056,-0.0075602531433105,-0.011854612931837982,-0.0437208339571952
3,458,0.7460345389043099,0.2218693494796753,-0.02667163264767436,0.00851680804044011
3,459,0.6769590497256306,0.1545622646808624,-0.051458254873646636,0.008359564468264608
3,460,0.7532787001136126,0.0606792569160461,-0.02396269613681845,0.01982290670275689
3,461,0.7313854136488809,0.293821170926094,-0.035756406243362404,0.004688028246164266
3,462,0.7112152297797496,0.3789697885513305,-0.017545052704660336,0.033571455627679825
3,463,0.6859022962760659,0.2605164051055908,-0.02099699171374758,0.01102570444345477
3,464,0.6672025573346261,0.2750992476940155,-0.042896523940777365,0.030903585255146054
3,465,0.7827171785344328,0.0748414248228073,0.0011588662032501196,0.0016272459179163118
3,466,0.8057243207701557,-0.1955616474151611,0.00357927454128959,-0.004698984324932126
3,467,0.7262389899072448,0.0873522162437439,-0.0200663018902153,-0.02108399197459218
3,468,0.5999418551502409,0.2567900866270065,-0.07617453908293814,0.02779871225357053
3,469,0.6027663290368735,0.1117602586746215,-0.038985787533921124,-0.025419622659683255
3,470,0.6036916228778266,0.3240894228219986,-0.033898282916178246,0.004602780565619469
3,471,0.7404418612259374,0.1538630425930023,-0.02260261041839917,-0.0008127763867378235
3,472,0.7404418612259374,0.1398748159408569,-0.02260261041839917,0.000830627977848053
3,473,0.725345304798293,0.1827542781829834,-0.025464693984542652,-0.01740786433219904
3,474,0.741165490012508,0.0143605172634124,-0.004449565457203208,-0.0018624849617481752
3,475,0.7546817372171464,0.0157437026500701,0.004890040575312393,-0.005574330687522926
3,476,0.6939321189591889,0.2826617956161499,0.0024507895455195827,0.006712429225444794
3,477,0.6596733894421778,-0.045725405216217,-0.03407473779579606,-0.0024973638355731964
3,478,0.7022169549673378,0.0411603599786758,0.00507286451003186,-0.007602822035551064
3,479,0.6670785997421935,0.1719293594360351,-0.03083905450995783,0.017209853976964923
3,480,0.6952877474235104,0.2481223940849304,-0.05112416721596602,-0.011912085115909604
3,481,0.6954253522831715,0.1758513748645782,-0.022222497379325357,0.010171081870794269
3,482,0.6952877474235104,0.206515371799469,-0.05112416721596602,-0.0024287924170493524
3,483,0.6153454143593862,0.0259554088115692,-0.0032969727239465785,0.0030312389135360752
3,484,0.6153454143593862,0.0179867446422576,-0.0032969727239465785,-0.0190430656075478
3,485,0.6225347685833247,0.2250170707702636,0.0010306021516740538,0.03562882542610163
3,486,0.7185679049710951,0.2971435189247131,-0.004844071801118566,0.00425074622035021
3,487,0.7850898667951502,0.2770355343818664,0.009593436101842268,0.014501597732305527
3,488,0.7298585937432569,0.0779729485511779,-0.021927987973991536,-0.005444601178169306
3,489,0.7095961737876195,0.2364776283502578,-0.002542201160454116,0.014656331390142385
3,490,0.6934131960812366,0.2892648577690124,-0.02676125432796561,-0.02364258281886583
3,491,0.7209408112819139,0.0566526055335998,-0.010779451416344288,0.0015132538974284987
3,492,0.6037365921496884,0.201892539858818,-0.014505185655192543,0.03257141262292862
3,493,0.5934048572985704,-0.0094295740127563,0.0008175482968837411,-0.0047267675399780135
3,494,0.6049862593026054,0.206146091222763,0.01204754171137945,0.030909691005945206
3,495,0.8124110824324104,0.1081601977348327,-0.017881898143817687,-0.014465317130088848
3,496,0.6950140303980217,0.428541072178632,-0.04035156388276806,0.03336100187152624
3,497,0.6862383119417728,0.2660675346851349,-0.04657889427448014,0.016826335340738324
3,498,0.7606366099697363,0.36202172935009,-0.0125251884167209,0.012319056317210197
3,499,0.6949909206986926,0.1830520033836364,0.0015728456449285444,0.005880817770957919
3,500,0.7976819376828774,-0.0431610345840454,-0.007667556601548053,-0.0058027505874634275
3,501,0.6728634338493303,0.1694466471672058,-0.016901268783168777,-0.006449852138757706
3,502,0.6728634338493303,0.0348330736160278,-0.016901268783168777,-0.007213361561298336
3,503,0.6257975361799863,0.1895577162504196,-0.012137675823459593,-0.019253132864832878
3,504,0.630358709200848,0.1708971261978149,-0.038964258269867824,0.008354991674423218
3,505,0.7164454844854783,0.187689870595932,-0.024773920202495914,-0.00617099925875661
3,506,0.7127304354793114,0.254680186510086,-0.009952694252600924,0.012158129364252063
3,507,0.8009303909110947,0.0977377295494079,0.00682027075456626,0.022498738020658493
3,508,0.8009303909110947,0.1111822724342346,0.00682027075456626,0.003972385078668608
3,509,0.7665762635247022,0.1418841183185577,0.04630378358845355,0.007398143410682706
3,510,0.661739765865401,-0.0405429005622863,-0.003998935196218412,0.00014971196651460128
3,511,0.6508024898190324,0.1365658342838287,-0.019268778614901727,-0.0005814433097839078
3,512,0.6159224042912941,0.0155524909496307,-0.0015127391826175174,0.008318386971950512
3,513,0.7417252890821318,0.0980942249298095,0.005650329292971379,0.007206123322248431
3,514,0.737529545322885,0.2528469562530517,-0.0038660068411633386,0.018792901188135147
3,515,0.7592962162982276,0.1140281558036804,-0.008717460749986139,0.01002092659473422
3,516,0.6257112257752557,0.2171380817890167,-0.014925546566019299,0.02254592999815941
3,517,0.6649896486086405,0.0347702205181121,-0.015108987884577374,0.00656377151608465
3,518,0.6257112257752557,0.3619254380464554,-0.014925546566019299,0.014010302722454071
3,519,0.7095961737876195,0.1658274829387664,-0.002542201160454116,-0.0018546842038631717
3,520,0.73910485105055,0.2460769414901733,0.010426073982767958,0.0230969600379467
3,521,0.7566757782666459,0.1652890294790268,-0.0039417160601895596,0.027529930695891408
3,522,0.7621958326342932,0.1978803873062133,0.01003689370184968,-0.01397883892059329
3,523,0.7602047103161405,0.1145058274269104,-0.007129908878860336,-0.0028733313083648404
3,524,0.7580000888750466,0.1659206748008728,0.0005205575677150742,-0.011253789067268344
3,525,0.7474620834512852,0.0403532981872558,-0.023158232120919497,0.0025721639394759993
3,526,0.7279000339170365,0.0472257137298584,-0.025957244658671885,0.008665300905704547
3,527,0.7447887247683596,0.2487950921058654,-0.0036719467431809427,0.027538947761058752
3,528,0.7687991574638526,0.378905788064003,-0.012069263950292064,0.010303931310772896
3,529,0.8089588056816778,0.2321420609951019,0.012789249548847303,-0.025524517521262197
3,530,0.7899108083245548,0.1774734929203987,0.013736420166988839,-0.01979180891066787
3,531,0.7797667598503892,0.2582405507564544,-0.004330896341107837,-0.00987933017313486
3,532,0.6941270480147678,0.183901235461235,-0.05217982335125371,0.00043268874287605286
3,533,0.6941270480147678,0.2129195630550384,-0.05217982335125371,-0.011189397424459457
3,534,0.7859401147135224,0.3708396852016449,0.02330745827325509,0.006140813231468201
3,535,0.6801621974303163,0.1726786494255066,0.01252519835251531,0.0042875483632087985
3,536,0.7457804664956973,0.3275262415409088,-0.0015510552258843902,0.018218420445919037
3,537,0.7404418612259374,0.180703192949295,-0.02260261041839917,0.0036481842398643216
3,538,0.7190315356649892,0.1229729056358337,0.006010295573382174,-0.00993365049362184
3,539,0.8042317788203763,-0.0271849632263183,0.016648922987199777,-0.002865709364414201
3,540,0.7823292278641086,0.2853628695011139,0.011875075881702446,0.018999595195055008
3,541,0.7839709255285152,0.0930141806602478,0.025767609008518266,0.016844354569911985
3,542,0.7278995879309802,0.1534923315048217,0.0005889882108315314,-0.005908817052841214
3,543,0.7663732245300946,0.263058066368103,0.020702664385212066,0.020744010806083707
3,544,0.7917245033708818,0.125443160533905,0.04435154596547031,0.022291675209999084
3,545,0.7873213603180031,0.3730903416872024,0.015050438607309702,0.022800319828092996
3,546,0.6954720419195685,0.2009795010089874,0.004386773797634302,0.028562396764755277
3,547,0.7464204619790544,0.0860610008239746,-0.017334807154983367,0.019918143749237102
3,548,0.7782473293438343,0.0660254061222076,-0.008800120061746797,-0.015249982476234422
3,549,0.6996757327891903,0.1192425191402435,-0.025250074737631967,-0.014584094285964938
3,550,0.6953126279014855,0.1023057103157043,-0.024526535427000562,0.005975734442472472
3,551,0.7280946166470468,0.1311163902282714,-0.026161668082250733,0.011946324259042698
3,552,0.7885945045965167,0.1860844790935516,-0.02406593457119699,-0.010500214993953705
3,553,0.7834981342618179,0.2101933360099792,-0.0050235979235673245,-0.004438336938619614
3,554,0.7793023905025712,0.3102564215660095,-0.014539934057701931,0.01156431995332241
3,555,0.7230273966685871,0.09852796792984,-0.02909204098571383,-0.011593595147132915
3,556,0.7717049909807279,0.1589337885379791,0.007289681939324999,0.015922099351882935
3,557,0.6989302020806675,0.1634742319583892,-0.008766216706308616,0.007472252473235075
3,558,0.6806793724084672,0.2173300385475158,-0.05041269852957697,-0.01643864810466769
3,559,0.6818009497926484,0.0373287498950958,-0.05053632062191493,-0.007907535880804055
3,560,0.7813994031861158,0.017654001712799,-0.010336197359628652,-0.009875722229480775
3,561,0.7141591331148847,0.2020163536071777,-0.027922107696406795,-0.029571041464805603
3,562,0.784614879541206,0.3119713068008423,-0.015493774063438104,0.01342170313000679
3,563,0.7889410634534759,0.0854720473289489,-0.003427575174320241,0.037779442965984296
3,564,0.6132931666528267,0.3346258848905563,0.004785820393038209,0.011743988841772024
3,565,0.6249019888625243,0.2208929657936096,0.015994033324284063,0.0009941458702087402
3,566,0.6249019888625243,0.1658746004104614,0.015994033324284063,-0.006184399127960205
3,567,0.6990395089807905,0.3623524010181427,-0.038942731463711966,0.003576798364520073
3,568,0.7546950477316614,0.0387544631958007,0.0038799117864662946,-0.013477742671966587
3,569,0.6911731987548797,0.1392687261104583,-0.03791652407824908,-0.008854083716869382
3,570,0.7861602443500512,0.0839165449142456,0.05873406815211679,0.002231251448392896
3,571,0.6665353383051034,0.1756144165992736,0.03303091892271315,0.0008390434086322507
3,572,0.778295095893705,0.0498867034912109,0.08466616795513682,0.0051890015602112025
3,573,0.6665353383051034,0.3046071678400039,0.03303091892271315,0.005959782749414444
3,574,0.6027532946230778,0.2534645795822143,-0.03457949578491226,0.019646432250738116
3,575,0.6311613246813177,0.2225000858306884,-0.012907468626901175,-0.003045961260795621
3,576,0.38827757832942206,0.0367631912231445,-0.06561446735289761,0.01740095019340516
3,577,0.4336332310004954,0.3872409760951996,-0.05133182429908478,0.015217683278024197
3,578,0.38827757832942206,-0.0347523689270019,-0.06561446735289761,-0.0006144270300865104
3,579,0.3724739839703033,0.1460562348365783,-0.04336832531271112,0.011734310537576648
3,580,0.3792050721366771,0.1358329653739929,-0.059515673338658426,0.05161019787192345
3,581,0.34727579588521607,0.0748227834701538,-0.028391909963697004,0.02442738786339762
3,582,0.48616602425198274,0.0773853659629821,-0.02869949652536452,-0.02596225216984753
3,583,0.4958363784387549,0.2544605880975723,-0.02881725342173197,0.007868144661188153
3,584,0.48616602425198274,0.0554319620132446,-0.02869949652536452,-0.02670134231448172
3,585,0.295405898682083,0.3228259459137916,-0.0688499802129352,0.03470037039369339
3,586,0.2797829034066112,0.1406589150428772,-0.05938099250107398,0.03389074653387075
3,587,0.2797829034066112,0.090969443321228,-0.05938099250107398,0.02398917824029924
3,588,0.5861542192805376,0.1918448209762573,0.018062392423772278,-0.0023518577218055725
3,589,0.680952739769672,-0.0058556199073791,0.054252416952488836,-0.0141345635056495
3,590,0.6522503700728065,-0.0222949385643005,0.04847349103318954,-0.028948001563548986
3,591,0.40500135180052876,0.2991356253623962,-0.03918180689108286,0.03425827063620085
3,592,0.45359666842904056,0.084131509065628,-0.01954623157528762,0.014084693044424043
3,593,0.4897520383955904,0.2514461278915405,-0.0033295425124995615,0.014542955905199079
3,594,0.6131991787119414,0.298416256904602,-0.015738674198828462,0.00306151714175934
3,595,0.6277177820296824,-0.035136342048645,0.03951127639018326,-0.0016054511070251742
3,596,0.5836169847780748,0.2769244611263275,0.009755790479929027,0.007363799959421158
3,597,0.4639541859625148,0.1434578001499176,-0.03782982350391706,0.013331279158592252
3,598,0.4130241790343515,0.2139255702495575,-0.031103367454069608,7.643550634384155e-05
3,599,0.45883077868656563,0.2000262439250946,-0.025661637930012193,0.040460165590047864
3,600,0.34251265269281883,0.3681213781237602,-0.02577910799798,0.018132755532860756
3,601,0.34251265269281883,0.434290312230587,-0.02577910799798,0.004501231131143868
3,602,0.39196528331022223,0.1482181549072265,-0.034722468460802736,0.01751435548067093
3,603,0.4442971923547322,-0.0236377716064453,-0.033673643266904474,0.004480890929698913
3,604,0.45359666842904056,0.1323159337043762,-0.01954623157528762,-0.003301575779914856
3,605,0.4025234161547203,0.1322984993457794,-0.04223014952215404,0.013285879045724897
3,606,0.5181165010671513,0.2111268043518066,-0.045017009692015275,0.002552341669797925
3,607,0.5509929098923491,0.1237072646617889,-0.029954877996997364,-0.0004478301852941513
3,608,0.47060617924507697,-0.0377157926559448,-0.06409589746028055,0.007060907781124087
3,609,0.5287410850691634,0.0370703935623168,-0.029023453500851892,0.012392923235893222
3,610,0.47166499775569115,0.4451951161026954,-0.03684782464366887,0.005195576697587911
3,611,0.5350696468330223,0.365986168384552,-0.02520719065521093,0.007196654565632343
3,612,0.3615201303795276,0.2188892066478729,-0.05271073387956082,0.0791529044508934
3,613,0.3615201303795276,0.2789904177188873,-0.05271073387956082,0.051439788192510605
3,614,0.43223970594089006,0.0838821530342102,-0.04842057299903613,0.02363970503211027
3,615,0.44093328502788864,0.3245598077774048,-0.036209726317406266,0.0030614137649536133
3,616,0.4166096772161182,0.3948568552732467,-0.06705984869255166,0.01655823364853859
3,617,0.46890559599246073,-0.0336246490478515,-0.03761896315690849,-0.004792198538780202
3,618,0.4178687026075498,0.3435679376125335,-0.008048540068781085,0.014418005943298284
3,619,0.42957401319252053,0.0430303812026977,-0.020988122525259945,0.016166254878044125
3,620,0.4611318690616574,-0.0504943132400512,-0.004550730672078174,0.0017758831381797999
3,621,0.5673297331537654,0.1498695015907287,-0.01806069959245693,0.014877531677484485
3,622,0.6156381805338877,0.1577184200286865,-0.016508108282347167,0.02397920191287997
3,623,0.5349908019087439,0.2730903774499893,-0.05056863031743242,0.047917140647769
3,624,0.37896488991424837,0.210862398147583,-0.029628684140680872,0.022290918976068524
3,625,0.49604485797018383,0.1326803565025329,-0.009974969921633936,0.02596197649836539
3,626,0.37896488991424837,0.1495943665504455,-0.029628684140680872,0.026630580425262437
3,627,0.3812902000307774,0.2929002046585083,-0.04819571750767698,-0.008505873382091522
3,628,0.38028283089588283,0.0073580145835876,-0.051639746174099554,-0.03799002990126612
3,629,0.46329276312319323,0.1932547688484192,-0.0476952021990541,-0.02261793985962865
3,630,0.36796107259972977,-0.0304598808288574,-0.04906581591517756,0.0070211812853812824
3,631,0.4117684011907241,-0.0591179132461547,-0.04987432260219116,0.012896701693534893
3,632,0.3185084419823264,0.3175964057445526,-0.040122455452354766,0.018563675694167614
3,633,0.4078807696848106,0.3815475776791572,-0.025930689713010324,0.01626515388488764
3,634,0.4611148434634363,-0.0201449692249298,-0.050377778925211614,0.0016277916729449775
3,635,0.4611148434634363,0.0753255486488342,-0.050377778925211614,0.0073584839701652804
3,636,0.6499300092684659,0.2024706602096557,-0.00585416070365552,0.029218263924121857
3,637,0.6730369675309378,0.1693372726440429,0.00016056943403497392,0.009192302823066711
3,638,0.6012877202379658,0.1020399928092956,-0.020783931142922984,-0.009942121803760542
3,639,0.5569715963847033,0.0884470343589782,-0.0052596250558809565,-0.027146074920892757
3,640,0.5569715963847033,0.2727572917938232,-0.0052596250558809565,0.012417983263731003
3,641,0.5047475628134631,0.266683280467987,-0.025745111249838137,0.012500595301389639
3,642,0.5366149138555881,0.1954884529113769,0.001653516703590041,0.009533945471048355
3,643,0.6134782298701682,0.0195292830467224,0.02267593569304749,0.005809396505355852
3,644,0.5317484699073345,0.1025195121765136,0.01582852973995086,-0.003117851912975325
3,645,0.4352333315927605,0.0477883219718933,-0.08238512938051662,-0.036127664148807484
3,646,0.3886291764532629,0.0663722455501556,-0.08832984670793387,-0.0066335685551166534
3,647,0.4237028831851889,0.1084288358688354,-0.0840006542047601,0.016519799828529344
3,648,0.3923351695431587,0.2500023543834686,-0.01901756735450516,0.04112137854099274
3,649,0.5009835894431722,0.170314610004425,-0.028793012138559337,0.042393796145915985
3,650,0.5567924012691507,0.1917100548744201,-0.003727327179917972,0.002900216728448868
3,651,0.5898863151126992,0.3071603327989578,-0.022429544507278076,0.0355718731880188
3,652,0.5646848259950489,0.3212945610284805,-0.017967405679697346,0.012554775923490469
3,653,0.4979679219313329,0.315453439950943,-0.055618429175105843,0.02972996234893799
3,654,0.43378954394410874,0.1067429780960083,-0.030902044815814544,0.005225792527198819
3,655,0.37297364800117516,0.1286994814872741,-0.03475352038905738,0.004348360002040821
3,656,0.3941242706076923,0.0886473655700683,-0.07138087412500227,-0.0056407302618026595
3,657,0.3442633191473181,0.2487537860870361,-0.05813656989069205,0.005890563130378723
3,658,0.4092537200918631,0.1141282021999359,-0.057446246247426,-0.001770623028278337
3,659,0.35220828309141794,0.0571111440658569,-0.03495484302731244,-8.877366781234047e-05
3,660,0.5700893418798005,0.0512220859527587,-0.02914193709316304,0.005511127412319135
3,661,0.5691381415498654,0.3882685899734497,-0.014352535386774945,-0.006588416174054146
3,662,0.6207161687103926,0.3305442929267883,-0.028109993172996783,0.010701416060328428
3,663,0.4423906761693691,0.3900884687900543,-0.045026420337597184,0.009708824567496777
3,664,0.3796101086320207,0.3103548288345337,-0.048774534781049816,0.022721298038959503
3,665,0.39868710059995527,0.3158510103821754,-0.04740277285981537,0.026550098322331905
3,666,0.5384105544040941,0.1966027021408081,-0.049596394169916125,0.022900147363543566
3,667,0.5617505109593024,0.047961413860321,0.006935689063243267,0.005833938717842102
3,668,0.5384105544040941,0.1956104338169098,-0.049596394169916125,0.003966294229030609
3,669,0.40500135180052876,0.1840522587299347,-0.03918180689108286,0.03212791308760646
3,670,0.3611799220206615,0.0921248197555542,-0.06173320238783497,-0.0018943883478641094
3,671,0.3957018757262204,0.0801045149564743,-0.05330921858269977,-0.014308096840977641
3,672,0.6277177820296824,-0.0716027617454528,0.03951127639018326,-0.006770193576812689
3,673,0.5490525297882161,0.0796818137168884,0.031367103867952384,0.0033499151468276978
3,674,0.5587834838350862,-0.0201297402381896,0.03925848094771711,-0.0012202188372611514
3,675,0.2905676845660594,0.4042306244373321,-0.04190834812247457,0.010847154073417131
3,676,0.35526747021728666,0.148795872926712,-0.05935155905917888,0.0232534892857075
3,677,0.3261718836666697,0.1314998865127563,-0.045905932186613596,-0.003144674003124265
3,678,0.4275491112671834,0.3716495931148529,-0.0014001244041466632,0.006713463924825247
3,679,0.4616337824559371,0.1690313220024109,-0.010841579654265687,0.0325970277190209
3,680,0.4204203036937496,0.0223797559738159,-0.010041082806593049,-0.0007628947496413872
3,681,0.42053374020938583,0.4360829442739486,-0.0610820286601636,0.007137866225093603
3,682,0.5144862011638051,0.4066789746284485,-0.0401694215667987,0.0168038341216743
3,683,0.4921227788616121,0.0776755809783935,-0.04712719793837089,0.0071284547448158125
3,684,0.5131684369670924,0.3322498500347137,-0.03659801285203623,0.012543253600597382
3,685,0.4145467664222716,0.1973394751548767,-0.05420122906489766,0.020740080624818857
3,686,0.5131684369670924,0.3370672091841697,-0.03659801285203623,0.028570293448865358
3,687,0.4204203036937496,-0.0252019166946411,-0.010041082806593049,-0.0037102252244949757
3,688,0.3698771570026358,0.0001029968261718,-0.03747898317687259,0.003330074250698
3,689,0.44330088758766334,0.0040201544761657,-0.01832989960481063,0.006880030035972538
3,690,0.47608306558989705,0.2071602195501327,-0.04690372904900891,-0.011002948507666616
3,691,0.49330527763431364,0.0835798978805542,-0.02179203601653945,-0.013854883611202212
3,692,0.49330527763431364,0.0752633810043335,-0.02179203601653945,0.0016283020377159535
3,693,0.30523366600627244,0.1898708343505859,-0.035517219172861214,-0.003303840756416321
3,694,0.32333819396582564,-0.018556535243988,-0.02822779568421746,-0.04431740939617149
3,695,0.32333819396582564,0.0136750638484954,-0.02822779568421746,0.007252413779497074
3,696,0.42589377705331355,0.151089072227478,-0.0772713793773977,-0.0058804508298635205
3,697,0.5016901168619257,0.1844167709350586,-0.06279002506975428,0.034955035895109204
3,698,0.41465632975018796,0.0278638005256652,-0.06363850616391331,0.01341108419001095
3,699,0.4785094357436267,0.0986249446868896,-0.0641260151519566,-1.7471611499925155e-06
3,700,0.5092183697349796,0.010908156633377,-0.058133031150142345,-0.0202005244791508
3,701,0.4352333315927605,-0.0320402383804321,-0.08238512938051662,0.0086277201771736
3,702,0.4629802945690249,0.2737860083580017,-0.05265984686074021,0.020483309403061867
3,703,0.3929279332699944,0.427899420261383,-0.04259065605706669,0.0017726877704262178
3,704,0.47092322618244215,0.365775778889656,-0.04059715023635607,0.0028579868376255035
3,705,0.40765458661737713,0.2319676578044891,-0.059946644762553014,0.0025567393749952594
3,706,0.5003203306558031,0.0189523696899414,-0.05971254188445907,0.002842932939529426
3,707,0.436403722972754,-0.0615515112876892,-0.05068332782801399,0.007812879979610422
3,708,0.40313829001958124,0.3071816116571426,-0.041681299077159895,-0.0016547814011574347
3,709,0.31601231965121634,0.0771085619926452,-0.030013628811877746,0.014470897614955888
3,710,0.40313829001958124,0.1057571172714233,-0.041681299077159895,-0.00040508806705474854
3,711,0.4020525965477998,-0.0179086923599243,-0.05598810539246901,-0.009169101715087887
3,712,0.4237028831851889,0.0362667441368103,-0.0840006542047601,0.014875322580337576
3,713,0.4114767008643856,0.0737319588661193,-0.08480227876174445,0.008441634476184817
3,714,0.4808930547211885,0.0977152585983276,-0.06883678587657338,0.007545720785856233
3,715,0.570359432656609,0.2651429772377014,-0.04065656678029894,0.01903562247753146
3,716,0.45703506236986646,0.1527664363384246,-0.059602588649528276,0.007171565666794749
3,717,0.44598137878978894,0.2122011482715606,-0.030061861771667142,0.021162763237953186
3,718,0.3796740702540948,0.1426409780979156,-0.0351513115681929,-0.012049986049532918
3,719,0.4528029192182888,-0.0345966219902038,-0.018982792711121466,-0.008895330131053914
3,720,0.48419761508461834,0.1006985604763031,-0.03261559480431564,0.008028168231248897
3,721,0.4654671599843436,0.2747858166694641,-0.05936681247746389,-0.0002712421119213104
3,722,0.5027370516893892,0.1599532663822174,-0.06358819082434486,0.010456074029207257
3,723,0.4087672912964956,0.1999712884426117,-0.0435560861162802,-0.008728317916393252
3,724,0.32078054843651876,0.2418331801891327,-0.03781629964672456,-0.0237696692347526
3,725,0.32078054843651876,0.2630689144134521,-0.03781629964672456,-0.011776532977819498
3,726,0.41510279430183783,0.0938953757286071,-0.0434998898364134,0.015547309070825535
3,727,0.41510279430183783,0.0718951821327209,-0.0434998898364134,0.0034048184752464433
3,728,0.41510279430183783,0.0525245070457458,-0.0434998898364134,0.002678595483303077
3,729,0.38429710144935014,0.3690014481544494,-0.05185550723723087,-0.0009498875588178635
3,730,0.3611799220206615,0.228594422340393,-0.06173320238783497,0.018710143864154788
3,731,0.38349657794603453,-0.0163797140121459,-0.05500850820461811,-0.008349686861038175
3,732,0.4775153325347864,0.1152858734130859,-0.010208114240052468,0.03528349846601486
3,733,0.4674586349381206,0.0286827683448791,-0.021696688224285776,0.014197885990142824
3,734,0.4916189371309785,-0.0108328461647033,-0.0059779600908125285,0.0027956813573837627
3,735,0.4687084502625734,0.3141621947288513,-0.0333612221598068,0.017681127414107323
3,736,0.6207161687103926,0.3143951892852783,-0.028109993172996783,0.020152993500232752
3,737,0.5184345099836332,0.2450851202011108,-0.0478741836181501,0.02136244624853134
3,738,0.48239023276203963,0.2170241177082061,-0.04381905680849496,0.014555856585502569
3,739,0.5204726809606017,0.1517725884914398,-0.05394345527471123,0.0009736754000187198
3,740,0.42785720456883525,0.090937316417694,-0.0507211367510354,-0.006095468997955364
3,741,0.5470631656440798,0.1593618988990783,-0.025492041479624583,-0.030025426298379898
3,742,0.5012565659918656,0.0160081386566162,-0.030933771003681998,0.0047276318073273
3,743,0.5076023964614795,0.2986152768135071,-0.01025244265542935,-0.010130446404218674
3,744,0.4490290391055865,0.0297138094902038,-0.05128370514520447,0.003570050001144385
3,745,0.4490290391055865,0.0811049342155456,-0.05128370514520447,0.012494362890720367
3,746,0.35735612182639853,0.2693814635276794,-0.05166646355745974,0.020425384864211055
3,747,0.5723503506976306,0.3031638711690902,0.0028656059788757515,0.007867723703384344
3,748,0.5723503506976306,0.2879984378814697,0.0028656059788757515,0.010203469544649124
3,749,0.5723503506976306,0.3012870103120804,0.0028656059788757515,0.009693073108792305
3,750,0.41368448559363014,-0.0121890306472778,-0.03828748986388619,-0.0021477192640304635
3,751,0.42341743722301506,0.3795992881059646,-0.04958304146806347,0.0101360604166984
3,752,0.41368448559363014,-0.0130181312561035,-0.03828748986388619,-0.0086107775568962
3,753,0.5073251847638256,0.007346898317337,-0.02661927757391691,0.011205587536096512
3,754,0.5169728703705939,0.1145732998847961,-0.034648318076646034,-0.010490462183952318
3,755,0.5409069485749728,0.3139016330242157,-0.03117757202686322,0.008564084768295288
3,756,0.5487068382593823,0.1303496360778808,-0.0578984117403889,0.002258654683828354
3,757,0.6402986358511882,0.0216912627220153,-0.027914366272715485,-0.009163133800029772
3,758,0.6402986358511882,0.1024324297904968,-0.027914366272715485,-0.0013261809945106368
3,759,0.5567924012691507,0.0868420004844665,-0.003727327179917972,-0.02250230312347412
3,760,0.5569715963847033,0.3267708569765091,-0.0052596250558809565,0.016832290217280443
3,761,0.6004140820760129,0.2636492252349853,0.007632364039359629,0.003154734149575178
3,762,0.3706127985248933,0.2073577642440796,-0.05452665243866728,0.0038306377828121463
3,763,0.3997083850755103,0.3411423321813345,-0.06797227931123256,0.016467295587062836
3,764,0.3706127985248933,0.3392705619335174,-0.05452665243866728,0.013383274897933006
3,765,0.5077168057414829,0.2652795612812042,-0.048213992225557445,-0.008284993469715118
3,766,0.6421805995670335,0.133918285369873,0.02845486161234667,0.008165299892425537
3,767,0.5787348167594859,0.0608093738555908,0.00836089788929062,-0.013954319059848778
3,768,0.5591568143687704,0.1983272433280944,-0.030065493116871345,0.03146365657448763
3,769,0.5898657483601234,-0.0151829719543457,-0.024072509115057206,-0.011967189610004425
3,770,0.5158807102179043,0.0395854711532592,-0.048324607345431425,0.003546141088008853
3,771,0.3951933260754814,0.2335356473922729,-0.0648630259405395,-0.0004915483295917789
3,772,0.4239424624308582,0.0215010046958923,-0.05559970900600053,0.018310852348804463
3,773,0.41755782445972456,0.2280695140361786,-0.062161304787157534,0.0094608254730702
3,774,0.5216718530796538,0.0583868622779846,-0.04450029791886212,0.030261121690273313
3,775,0.5768987754583579,0.0856764316558837,-0.042846227874216325,0.006750069558620411
3,776,0.5579255365120037,0.0679806470870971,-0.04740284900468261,-0.0002670362591743608
3,777,0.26748634597383975,0.1257664561271667,-0.03951344116651734,0.004191063344478593
3,778,0.31601231965121634,0.0406024456024169,-0.030013628811877746,0.004595898091793026
3,779,0.3267647282040798,0.187714010477066,-0.04405660142490303,-0.0006382204592227936
3,780,0.41187246227628194,0.1336912512779235,-0.05737205054445349,0.008917417377233464
3,781,0.4469461690082079,-0.0218346714973449,-0.05304285804127984,0.0203693211078644
3,782,0.42409864459708513,0.1612451672554016,-0.05657042598746925,0.010235875844955472
3,783,0.660553564390413,-0.0694653391838073,0.01991850826504482,0.0001234561204910417
3,784,0.680952739769672,0.0931771993637085,0.054252416952488836,0.010131731629371685
3,785,0.6063371636176198,-0.0269781947135925,0.045715521801802605,-0.013010501861572276
3,786,0.3651119043417273,0.2216866612434387,-0.04848191356975573,0.02494926005601883
3,787,0.49018351636815216,0.0134503245353698,-0.009565577124351854,-0.0009450688958168255
3,788,0.49018351636815216,0.0160436034202575,-0.009565577124351854,0.0015339925885200362
3,789,0.39196528331022223,-0.0034186840057373,-0.034722468460802736,-0.005739711225032787
3,790,0.42785720456883525,0.0076357126235961,-0.0507211367510354,-0.0018817931413650868
3,791,0.42785720456883525,0.0616087317466735,-0.0507211367510354,0.0016891136765479764
3,792,0.46210926626406024,0.1418085396289825,-0.026567904950842935,0.010708790272474261
3,793,0.45652515179624226,0.2320166230201721,-0.02997649976461264,-0.0063206590712070465
3,794,0.529973144026332,0.2005956470966339,-0.008472824295151393,0.008229285478591947
3,795,0.5271517247741268,0.2296758294105529,-0.04919624471268891,0.027273945510387393
3,796,0.5898863151126992,0.3101231455802917,-0.022429544507278076,0.01680909097194666
3,797,0.4927737519554324,0.0570637881755828,-0.05433933748312192,-0.0187982060015202
3,798,0.3126204181795803,0.1435429453849792,-0.040655689057311595,-0.024831380695104627
3,799,0.360646727826085,0.2359069585800171,-0.0397706816263258,0.017202116549015073
3,800,0.41027751522632927,0.0295671820640563,-0.04651323242323474,0.0012375935912131882
3,801,0.39887423485891815,0.2786174714565277,-0.07902880700797837,0.013094738125801086
3,802,0.39852778466367794,0.0480645298957824,-0.05631986320087423,-0.02478107437491417
3,803,0.4332522076776125,0.1807511448860168,-0.07388571423754553,0.00949789956212041
3,804,0.6141686671634035,0.0613281726837158,-0.04706760622109729,0.0044115856289864
3,805,0.492779277840937,-0.0166061520576477,-0.039768807317734245,0.0034172683954238475
3,806,0.6141686671634035,-0.0168290138244628,-0.04706760622109729,-0.0034317746758460617
3,807,0.47060617924507697,0.039225697517395,-0.06409589746028055,0.0027831941843032976
3,808,0.3954007988427497,0.2020314931869506,-0.05123124831387926,0.0425591133534908
3,809,0.43358273525645175,0.0652307271957397,-0.07571418650922257,0.02313380688428878
3,810,0.518393795378559,0.2522586286067962,-0.033215068767022404,0.020345790311694117
3,811,0.5373670343249131,0.1550965011119842,-0.028658447636556117,0.018144566565752
3,812,0.518393795378559,0.1627087593078613,-0.033215068767022404,-0.010337656363844872
3,813,0.3237626102638381,0.0483886003494262,-0.05778429016316028,-0.011733800172805814
3,814,0.29880459580603314,0.3301734924316406,-0.05357136336628149,0.018718063831329346
3,815,0.30727030825767565,0.0753322839736938,-0.04305325394395493,0.01152089238166809
3,816,0.28310934124931153,0.1440196633338928,-0.04898242887837856,0.01505269855260849
3,817,0.3012138692088647,0.3254248797893524,-0.041693005389734805,0.027026886120438576
3,818,0.2821019721144169,0.1422858834266662,-0.052426457544801186,0.017510492354631396
3,819,0.4342483771470856,0.067093551158905,-0.0609970947116682,0.020532816648483276
3,820,0.4555281105090068,0.2467307448387146,-0.046079397617711904,-0.006971433758735601
3,821,0.3467010670847356,0.2969751060009002,-0.047081451721153356,0.006862621754407883
3,822,0.5604413701535828,-0.0048515200614929,-0.01156802666124157,0.0039183422923088
3,823,0.593886403427142,0.2751416563987732,-0.009001060644525327,0.021103884093463476
3,824,0.4883515318801039,0.2715809643268585,-0.019553784144823283,0.011553275398910101
3,825,0.4559851767314858,0.2404240071773529,-0.03676958724271956,0.017549786716699628
3,826,0.4384996749487491,0.0773375928401947,-0.06550683733544549,-0.01674221828579897
3,827,0.4559851767314858,0.2335938513278961,-0.03676958724271956,0.013039197772741318
3,828,0.346455307570404,0.1522862613201141,-0.047160724674401244,0.014374878257513074
3,829,0.3525117466192149,0.3070765733718872,-0.04852097322862137,0.023009853437542915
3,830,0.4126063340697932,0.2370845377445221,-0.03477078052568422,0.007659360766410855
3,831,0.5115386431284855,0.1364743411540985,0.009525497273086159,0.035803169012069744
3,832,0.533160426763202,-0.0697838068008422,0.017730180998981937,-0.0028769150376319608
3,833,0.4970050567966521,0.0639693737030029,0.0015134919361938781,-0.005363352596759796
3,834,0.4472618467917474,-0.066031277179718,-0.03239346347176547,-0.019244696944952025
3,835,0.4126063340697932,0.2822624444961548,-0.03477078052568422,0.023145049810409546
3,836,0.4405624069154248,0.2456639409065246,-0.021964557729421907,0.036860691383481
3,837,0.5003203306558031,0.0510817766189575,-0.05971254188445907,-0.01314247399568557
3,838,0.464425516261875,-0.0414434671401977,-0.07384849240029034,-0.01285954564809796
3,839,0.5384105544040941,0.1810901761054992,-0.049596394169916125,-0.012108147144317627
3,840,0.36113272337713187,-0.0361906886100769,-0.07238382132024157,0.012227110564708675
3,841,0.41510389277340753,0.2797771096229553,-0.08315663624582492,0.00711701437830925
3,842,0.36113272337713187,0.0445286631584167,-0.07238382132024157,0.0037652403116226266
3,843,0.2847597140392777,0.2528388053178787,-0.06906532294567502,-0.014070664532482569
3,844,0.2821019721144169,0.0157167911529541,-0.052426457544801186,0.0010946393013000766
3,845,0.2847597140392777,0.3393168821930885,-0.06906532294567502,0.04129344597458834
3,846,0.5184345099836332,-0.0131791830062866,-0.0478741836181501,-0.020140342414379075
3,847,0.5810806647330651,0.1733503639698028,-0.033059838511294015,0.011101223528385162
3,848,0.5810806647330651,0.206485241651535,-0.033059838511294015,0.00012519583106040955
3,849,0.48727410274978195,0.1232778429985046,-0.006377885143570794,-0.0053569748997688155
3,850,0.5966062095707496,0.0886434912681579,0.03782414472203799,-0.0084791108965874
3,851,0.5291429346470324,0.1721656620502472,-0.0014037384020307853,0.0070490911602974216
3,852,0.26647897683894517,0.1165882349014282,-0.04295746983293991,-0.03159773349761963
3,853,0.32042452638523244,0.417960524559021,-0.028535622714049802,0.009954511653631926
3,854,0.26647897683894517,0.250049352645874,-0.04295746983293991,-0.02090866863727564
3,855,0.4480778387756513,0.1914711594581604,-0.03649430343881643,-0.021046321839094134
3,856,0.42425923067548005,0.4222327917814255,-0.010962805971138578,0.006383785977959633
3,857,0.37648880012342506,0.1297424733638763,-0.05044913416060909,-0.02921540755778554
3,858,0.6318511946935477,-0.0504509806632995,0.01413958234574575,0.011202201247215299
3,859,0.5381871960558295,0.3386945426464081,-0.026701847754698194,0.009744714014232159
3,860,0.6259949960971043,0.2687184512615204,-0.01951557493814382,-0.009669877588748932
3,861,0.5101288647086402,0.0790946185588836,-0.027944903293605883,0.021654568612575524
3,862,0.4916189371309785,0.0303336977958679,-0.0059779600908125285,-3.6589801311465164e-05
3,863,0.5108483669886483,0.1855048835277557,-0.031618084426980886,0.026416093111038236
3,864,0.5653436674285232,0.3397270515561104,-0.010721625978407423,0.018610983155667837
3,865,0.6111816827856766,0.4206948541104793,-0.01665976312972206,0.012287677265703678
3,866,0.5434303477764985,0.2701767534017563,-0.023018144963844356,0.020999278873205185
3,867,0.3653006539910989,0.1403201818466186,-0.015898442317947348,0.0033707618713378906
3,868,0.4331247446364879,0.1216443181037902,-0.032886255177077495,0.008141495287418324
3,869,0.38647569413761995,0.2769482433795929,-0.015157147637314405,0.008820781484246254
3,870,0.4423906761693691,0.3298987597227096,-0.045026420337597184,0.01701029017567629
3,871,0.4510581458667705,-0.0034845471382141,-0.061866352909444866,0.0015015527606010376
3,872,0.5373670343249131,0.3144601881504059,-0.028658447636556117,0.007127013057470322
3,873,0.3442633191473181,0.2524524331092834,-0.05813656989069205,0.0011101104319095056
3,874,0.4114250455598656,0.2020074129104614,-0.033603765969196564,-0.012251723557710648
3,875,0.3442633191473181,0.3098369836807251,-0.05813656989069205,0.007503213360905703
3,876,0.5066684231601273,0.136225163936615,-0.016774088314236435,0.027124732732772855
3,877,0.4060579617329923,0.1640835106372833,-0.03389665254518104,0.02790403924882412
3,878,0.4653890138952498,-0.0129685401916503,-0.015573384888740771,0.011271983385086101
3,879,0.48239023276203963,0.0516324639320373,-0.04381905680849496,0.0013766065239906103
3,880,0.48239023276203963,-0.0098137259483337,-0.04381905680849496,0.0100123584270477
3,881,0.41895261417130436,0.0663993954658508,-0.04947819018331212,0.004738993942737614
4,0,0.39827340242906883,0.3013774752616882,-0.04506349267011628,0.040937285870313644
4,1,0.36487016321770105,0.1630681753158569,-0.05259832301555384,0.01926041767001152
4,2,0.39014728749289973,0.1497899889945984,-0.0283988835849604,0.010772427543997792
4,3,0.3601047669288122,0.3177915215492248,-0.042664091567346796,-0.0024417676031590063
4,4,0.30476033712254325,0.0112059116363525,-0.033760962303137076,-0.0010278671979904001
4,5,0.33880116934448634,0.0107620954513549,-0.051520543081714276,-0.001494146883487724
4,6,0.6544272842320302,-0.0023217797279357,0.04036623158519248,0.0007850304245949503
4,7,0.615278102934536,-0.0427660346031188,0.021541891643501287,-0.002742230892181334
4,8,0.7209369766759105,0.200399100780487,0.05327981547496907,0.008520983159542056
4,9,0.40641251975914716,0.0700823664665222,-0.010109912980250602,-0.0026281923055648526
4,10,0.40355868533487327,0.25566166639328,-0.013603176737304323,-0.00044745393097406216
4,11,0.3708623809454693,0.0714003443717956,-0.02624134661895572,-0.01583039388060571
4,12,0.4376172559397966,0.1222224831581115,0.008242898877357352,-6.734207272533765e-05
4,13,0.5644491709883477,0.1596820056438446,0.04970602728132478,-0.008922975510358783
4,14,0.5149772461075885,0.0032307505607604,0.021728162292921904,0.00250310450792305
4,15,0.2894125407724689,0.1028349101543426,-0.05161964734442731,0.009463608264923068
4,16,0.31452747233463585,0.0502927303314209,-0.02897333324342849,0.01110456138849264
4,17,0.2894125407724689,0.2038193941116333,-0.05161964734442731,0.02985364198684698
4,18,0.37551282793733387,0.032484233379364,-0.0022117526835771506,0.013529401272535314
4,19,0.3423272994898028,0.1436604857444763,-0.016895624361406236,-0.01890669018030164
4,20,0.3177486000436819,0.1640702486038208,-0.010616783038314592,-0.0008061379194259366
4,21,0.34836491857238494,0.2079589366912841,-0.05317911906349898,-0.011191658675670652
4,22,0.417353330120824,0.2574196457862854,-0.05930250539363929,0.008418235927820233
4,23,0.3783058160114202,0.1184079945087432,-0.04492621840163069,-0.013281989842653302
4,24,0.3193534382115042,0.175841212272644,-0.04336674668255902,0.013972401618957492
4,25,0.3363992903516125,0.1665289402008056,-0.038708532857846145,0.027700405567884445
4,26,0.34489812692761546,0.1216143369674682,-0.034002390807576166,0.007848285138607011
4,27,0.35093647874628225,0.4000546038150787,-0.0354339409807472,0.025138617493212168
4,28,0.35109867145931406,0.2603557985275984,-0.03388081565115253,0.007396365632303059
4,29,0.4119218343489802,0.2148178219795227,-0.00867236042089592,0.025135921314358767
4,30,0.41280816797432796,0.1616694927215576,-0.02126279031384376,0.013544224202632932
4,31,0.45216220049281186,0.050732135772705,-0.028738982967982496,0.020064525306224778
4,32,0.38710128654518494,0.0602275729179382,-0.03218027151842123,0.008450340479612357
4,33,0.6019391825748603,0.2619177997112274,-0.062186786396583815,0.007453393191099222
4,34,0.5885617245504642,0.0819279849529266,-0.05273888166506868,-0.002629760652780533
4,35,0.5383777155098359,0.1203027665615081,-0.07449367111329341,0.006157878786325399
4,36,0.27741609004373724,0.0629786550998687,-0.018133309255656038,-0.013327201828360585
4,37,0.31478264819463897,0.3884920924901962,-0.029495687643588453,0.008444147650152445
4,38,0.3413446326899503,0.0547541975975036,-0.01915441601530582,-0.0017159171402454515
4,39,0.4269627305518956,0.0113568902015686,-0.03702380236476843,0.005924187600612638
4,40,0.4330197195205706,0.0536927580833435,-0.032479192382774025,0.014001153409481097
4,41,0.4269627305518956,0.0191414356231689,-0.03702380236476843,0.010828912258148188
4,42,0.4246565839644282,0.0708058476448059,-0.03722275559266042,-0.07430826872587203
4,43,0.3532835165880759,0.3940383195877075,-0.04092584679531741,0.004323303699493464
4,44,0.3527089497859969,0.2194152176380157,-0.039974893654900256,-0.01491560786962512
4,45,0.5879995766437374,0.3099119067192077,-0.025906514343795095,0.009546983987092916
4,46,0.668843731081448,-0.0592648983001709,0.041839404012818715,0.018025513738393742
4,47,0.6641606557414683,0.1697012782096862,0.006042270594423971,0.01416515558958048
4,48,0.5399619869695829,0.0043924450874328,0.02090587898560603,0.006633400917053138
4,49,0.476712167468455,0.0649524927139282,-0.011315150646623418,0.000858671963214902
4,50,0.462996921236404,0.0977559089660644,-0.012728866689150076,-0.002291709184646634
4,51,0.4912971385819714,-0.0178801417350769,-0.061145382979474305,0.001820057630538885
4,52,0.5674582176797023,0.3805362284183502,-0.029196598041255406,0.009807435795664787
4,53,0.4196183461582429,0.071633756160736,-0.05433305158940627,0.008077152073383317
4,54,0.36078560814882127,0.0982541441917419,-0.04791655614177026,0.0041908249258995195
4,55,0.42036857005082007,0.1537217497825622,-0.03835710596913561,-0.015509430319070816
4,56,0.43624323059405334,0.2452275156974792,-0.04889523181289679,-0.004260061308741597
4,57,0.3170641611837522,0.2381898760795593,-0.04933246622159221,0.015127632766962051
4,58,0.3170641611837522,0.3132100999355316,-0.04933246622159221,-0.0004539415240287781
4,59,0.3170641611837522,0.1464496254920959,-0.04933246622159221,0.027619350701570497
4,60,0.34242697522324095,0.0200836658477783,-0.044954535151338626,0.0008053407073021247
4,61,0.3486822960689556,0.0293431282043457,-0.03478116554546856,-0.002377122640609689
4,62,0.3486822960689556,-0.015733778476715,-0.03478116554546856,0.0011176168918609723
4,63,0.5206269588310661,0.1783430576324463,-0.024097918748250624,0.008437283337116297
4,64,0.5322249495237031,0.278916597366333,-0.025062658273042104,0.03131686151027682
4,65,0.5704962385191783,0.0944105386734008,-0.03433095327515534,-0.015271129086613683
4,66,0.6294200056262462,0.2369630932807922,0.042274977695510474,0.011266369372606277
4,67,0.6294200056262462,0.2171046733856201,0.042274977695510474,0.01918853074312213
4,68,0.6294200056262462,0.2865310609340668,0.042274977695510474,-0.0019049532711505335
4,69,0.34747854936538114,0.1215568482875824,-0.03616275252804624,0.011145971715450328
4,70,0.34747854936538114,0.1404809355735778,-0.03616275252804624,0.018502481281757313
4,71,0.3342582200677442,0.1081502437591552,-0.034883724637692126,0.01963747292757033
4,72,0.4732731581493149,0.2781936824321747,-0.025516633222854246,0.004797106608748436
4,73,0.46052593963426175,0.051946073770523,-0.026891765536055046,0.013959869742393466
4,74,0.49629814539997696,0.1388684511184692,-0.0354063493332083,0.019333902746439008
4,75,0.4284263216368349,0.1663301587104797,0.004567528474980598,-0.01057926192879674
4,76,0.3577416547634564,0.182718276977539,-0.01055393340534383,0.026016172021627426
4,77,0.3556487090374325,0.06434828042984,-0.01171416108278861,0.005572229623794528
4,78,0.40531647159365336,0.2706525176763534,-0.060861472474366574,0.0018125604838132303
4,79,0.38902992240797846,0.1910338699817657,-0.04051864065430538,-0.006005119532346753
4,80,0.4467422350959544,0.1361409127712249,-0.052276549126166916,-0.018705222755670575
4,81,0.412615752186417,0.1058788895606994,-0.03798841325414071,0.00466668605804442
4,82,0.41798391422290676,0.1326386332511901,-0.04818358350193297,0.0007406249642371854
4,83,0.4232996735555031,0.1037719249725341,-0.05585487045372356,0.0009531304240226329
4,84,0.351046812750866,0.3475177735090256,-0.0323719217485674,0.008033694699406624
4,85,0.3687923076766924,-0.0247161388397216,-0.023719974698446,0.003876782953739201
4,86,0.353153744446038,0.0933661460876464,-0.03944909650071521,0.001798316836357089
4,87,0.6245483890465736,0.0907809734344482,0.05321184548529856,0.0032522454857826233
4,88,0.6245483890465736,0.0728582739830017,0.05321184548529856,-0.00630421936511992
4,89,0.5644491709883477,0.2412669062614441,0.04970602728132478,0.03527521714568141
4,90,0.7613792677767863,0.2887916564941406,0.005062089152489624,-0.010408326983451843
4,91,0.8181563615815577,0.1795792281627655,0.008660751537617917,-0.007241265848278972
4,92,0.6135252581794883,0.1757524162530899,-0.03311684901858447,0.0037849918007850925
4,93,0.686256890669386,-0.0388875007629394,0.05352657541837824,-0.002769954502582536
4,94,0.7343866999663976,-0.02006596326828,0.07948741130837378,-0.0017730891704559396
4,95,0.7807159496469229,0.0510500073432922,0.05872670631120125,-0.007536940276622779
4,96,0.6032598916803157,0.1323771774768829,-0.003845978650338977,0.0066792890429496765
4,97,0.6032598916803157,0.1973925530910492,-0.003845978650338977,0.022761564701795606
4,98,0.5936908527028004,0.1477783322334289,-0.030676930205611908,0.018654927611350985
4,99,0.33027050451224105,-0.0104681849479675,-0.04237409168235384,0.006295830011367761
4,100,0.4096120555282028,0.0670976638793945,-0.019739039154934857,0.008735075592994704
4,101,0.4029219730570726,-0.0356101989746093,-0.029666409923539028,-0.00280869007110595
4,102,0.5047400371659148,0.0465007424354553,-0.027064424118444785,0.004608150571584736
4,103,0.4559724770914434,0.0644692778587341,-0.03606381519738577,-0.0018760412931442122
4,104,0.49868304819723974,-0.0103529691696167,-0.03160903410043925,-0.008428599685430511
4,105,0.30839234012583616,0.0796453952789306,-0.05027959005630417,-0.017649941146373763
4,106,0.32207902046872594,0.3227171748876571,-0.04468698918816727,0.013276362791657392
4,107,0.27435150790389307,0.0156154632568359,-0.03252000927772697,0.005147799849510212
4,108,0.4729313245867565,-0.0074020624160766,-0.014460824323544952,-6.661564111706299e-05
4,109,0.4735644180892117,0.110247254371643,-0.009078063536935188,-0.00035867094993594084
4,110,0.5127135993867059,0.0623312592506408,0.009746276404756005,0.001431211829185458
4,111,0.3655560579745014,0.0662486553192138,-0.015496996424664677,0.008718952536582912
4,112,0.31784164411992655,-0.0614709854125976,-0.019177657837866513,-0.016966842114925385
4,113,0.31784164411992655,0.1645295619964599,-0.019177657837866513,0.0010706447064876279
4,114,0.567549905368148,0.3213885128498077,0.007588958330346451,0.006270803511142675
4,115,0.4921286786461262,0.290882408618927,-0.01589121045199915,0.012902285903692301
4,116,0.4921286786461262,0.2733751237392425,-0.01589121045199915,0.02833685651421544
4,117,0.4092389559632805,0.2882122844457626,-0.018316041890592716,0.01580090075731272
4,118,0.3997317873152074,0.1942069232463836,-0.03085676138788762,0.01340058818459508
4,119,0.4092389559632805,0.0845275521278381,-0.018316041890592716,0.009664636105299024
4,120,0.3491576953874995,0.1881856620311737,-0.04050707184219793,0.011388238519430216
4,121,0.3091290996409469,0.2603287100791931,-0.04967741786712665,0.008238203823566437
4,122,0.3228157799838367,0.3471088111400604,-0.04408481699898975,0.00619157962501049
4,123,0.45975275509001645,0.0710288286209106,-0.019472589759606473,0.00010775029659269852
4,124,0.3619018166042687,0.1213935613632202,-0.040465090915207225,0.022271208465099362
4,125,0.4726887635527127,0.037927508354187,-0.01620763199811054,0.0019415989518165727
4,126,0.40393455486905255,0.0763038098812103,-0.02759684020439268,-0.00117490813136098
4,127,0.4890146203883535,0.1212394535541534,-0.014256862491873523,0.0038929060101509094
4,128,0.4890146203883535,0.217421293258667,-0.014256862491873523,0.006546903401613263
4,129,0.5089259398708695,0.2558496296405792,-0.07484005514438874,0.009355569258332253
4,130,0.46995586024960345,0.2372876107692718,-0.10440360328208576,0.017401304095983477
4,131,0.46995586024960345,0.3586873263120651,-0.10440360328208576,0.02949247695505619
4,132,0.37022533197416885,0.2559907436370849,-0.04563546127585644,-0.020151540637016352
4,133,0.3183784510609415,-0.0637222528457641,-0.01390153416344525,-0.006041698157787316
4,134,0.3321281576123276,0.1182853579521179,-0.0326523912789059,0.0032953992486000477
4,135,0.47874575252138774,-0.006535530090332,-0.011663022016116076,0.0084196254611015
4,136,0.520185950454544,0.0345355868339538,0.010958999964068572,0.012724250555038452
4,137,0.4432208847213651,0.0133647918701171,-0.022675745710687534,-0.006463475525379198
4,138,0.46584219263543325,0.0459083318710327,-0.08769628591092216,0.02907536551356314
4,139,0.5160262016760615,0.1654276549816131,-0.06594149646269731,0.03380027785897252
4,140,0.5160262016760615,0.2761083245277405,-0.06594149646269731,0.03210889734327796
4,141,0.2781472024150181,0.2422168850898742,-0.015114412213030226,-0.007874544709920883
4,142,0.32027130292365014,0.2174541354179382,-0.022738513586885778,-0.0009243972599506378
4,143,0.27844728236481414,0.2047377824783325,-0.014945606673299305,0.00699857063591483
4,144,0.46584219263543325,0.0965870916843414,-0.08769628591092216,0.025632049888372435
4,145,0.5329936737662803,0.2709026932716369,-0.10083304467740084,0.038689333945512744
4,146,0.497400874356949,0.1846317052841186,-0.07192212726057579,0.024748925119638415
4,147,0.46851616073430963,-0.0231959819793701,-0.042395410204773054,0.006061669439077339
4,148,0.40409476626906604,0.3808220028877258,-0.02674371801834885,0.0014622751623392105
4,149,0.4051259585901429,0.3338844180107116,-0.023556015435992173,0.014227598905563354
4,150,0.4909967779529265,0.2181739658117294,-0.04678030522953036,-0.002988487482070923
4,151,0.5187681932018673,0.0443949103355407,-0.06679111436326013,-0.0025176256895065585
4,152,0.5300442920623303,0.1703510880470276,-0.06115659222153902,0.011027358472347287
4,153,0.48124801811239437,0.1126429438591003,-0.030844685193971988,0.0035057216882705827
4,154,0.46753277188034337,0.0747110843658447,-0.03225840123649859,0.0060392841696739336
4,155,0.4725617131346671,0.0853642225265502,-0.03086292241645494,0.013783365488052327
4,156,0.42782570118511226,0.0858913660049438,-0.01637442493101532,0.016428362578153624
4,157,0.412615752186417,-0.0355223417282104,-0.03798841325414071,-0.003406547009944909
4,158,0.42782570118511226,0.0865940153598785,-0.01637442493101532,0.01732691004872322
4,159,0.3367667340830821,0.0523774027824401,-0.039152834314699014,-0.006572857499122647
4,160,0.30302598181093504,0.0185551643371582,-0.021224447996390894,0.005622893571853662
4,161,0.3342582200677442,0.2152982354164123,-0.034883724637692126,0.011242434382438632
4,162,0.5103768926034211,-0.0583459436893463,-0.04042043181973709,-0.00449749454855921
4,163,0.5031824099844628,0.0682737231254577,-0.05984728652500859,-0.037758897989988355
4,164,0.5103768926034211,0.033734381198883,-0.04042043181973709,-0.011048249900341034
4,165,0.44824982597568874,-0.0537163615226745,-0.021280266890643884,0.007735438644886024
4,166,0.44824982597568874,0.0922328829765319,-0.021280266890643884,-0.010144293308258084
4,167,0.3867494133153223,0.1711219549179077,-0.03232121947714556,0.026087164878845215
4,168,0.6482778335535102,0.400053322315216,0.06979135067249298,0.010464789345860426
4,169,0.592595949031929,0.0568150281906127,0.018564412152074272,0.004099823534488636
4,170,0.5988059086727512,-0.0123047828674316,0.04181348568409016,0.0007049292325973493
4,171,0.37702099811864553,0.1363348960876464,-0.024861207035161925,0.002903014421462957
4,172,0.4027120299315336,0.2584068775177002,-0.005390748472583695,0.004993528127670288
4,173,0.39160646750563344,0.0555165410041809,-0.022635397335367458,-0.001326777040958363
4,174,0.39039990238328814,-0.0336837768554687,-0.03926838753493078,0.007238768041133874
4,175,0.3537357523189233,0.0394878387451171,-0.04820080411539074,0.010249659419059722
4,176,0.3776526838682349,0.0073301792144775,-0.04064351984813158,0.0004323050379753
4,177,0.3354777946841473,0.0639013648033142,-0.06526270383221489,-0.021744295954704243
4,178,0.381156712403376,0.1664372384548187,-0.07294115483561497,0.008511144667863846
4,179,0.36324920993308807,0.2054725885391235,-0.08527351296594465,-0.008711852133274078
4,180,0.3630561605316082,0.2091343998908996,-0.03422876253241752,-0.0013388134539127627
4,181,0.39299705797064344,-0.0587704181671142,-0.025975861870549233,0.006177082657814054
4,182,0.39299705797064344,-0.0154414176940917,-0.025975861870549233,0.005778685212135336
4,183,0.5879995766437374,0.2764181643724441,-0.025906514343795095,0.015161905437707845
4,184,0.4912971385819714,-0.002558946609497,-0.061145382979474305,0.0006243810057640375
4,185,0.4912971385819714,-0.0088474750518798,-0.061145382979474305,0.002256557345390337
4,186,0.5159457588991099,0.2914690524339676,-0.02362519514948702,0.0034037819132208824
4,187,0.45267531494778057,0.1901936531066894,-0.02736616520996138,0.015193775296211215
4,188,0.6352041774499078,0.3361766040325165,-0.0012439925256083617,0.019829802215099335
4,189,0.5317580593999285,0.0487077832221984,-0.008215001178359937,-0.0013324916362762729
4,190,0.5319036154982287,0.1766014099121093,0.015880182823540756,0.0009791851043700894
4,191,0.4921213406982794,0.2471867799758911,-0.008326917904760145,-0.00414801761507988
4,192,0.32207902046872594,0.0343797802925109,-0.04468698918816727,-0.004812030121684095
4,193,0.32207902046872594,0.2080027163028717,-0.04468698918816727,0.02459820546209815
4,194,0.34793071154600363,0.1005118191242218,-0.02143850289799093,-0.012603096663951832
4,195,0.5693812804046385,-0.0310596823692321,0.0038786998123082617,0.005594022572040579
4,196,0.5827568685815301,0.2515903115272522,0.007214803923664137,0.001927874982357053
4,197,0.5770850657696505,0.0641091465950012,0.021080633364321755,-0.018541514873504625
4,198,0.5298628793257983,0.0701328516006469,0.007255751025089241,-0.006910078227520017
4,199,0.5490058223383821,0.0463668704032897,0.01181986926001699,-0.00494330376386648
4,200,0.5690120606232926,0.1063123345375061,0.026080090966780434,-0.013289682567119557
4,201,0.36486157873112424,0.2278773188591003,-0.02340578243348551,-0.007807061076164273
4,202,0.3690955947410164,0.0780557692050933,-0.026070362976194694,0.005897685885429355
4,203,0.324830423948516,0.1222005188465118,-0.014621453382185234,-0.01352615281939508
4,204,0.35234940969237755,0.3228059709072113,-0.03252254382806785,-0.005209073424339294
4,205,0.3677590671964068,0.2975143492221832,-0.02002251569563651,0.01784675195813179
4,206,0.36219602921777483,0.0866231322288513,-0.01523726990498836,0.0007800683379173418
4,207,0.4919394409200274,0.2433919608592987,0.003777221788073326,0.0017974879592657367
4,208,0.45279025962253316,0.2131662666797638,-0.015047118153617867,0.003014951944351224
4,209,0.452157166120078,0.2600878626108169,-0.02042987894022763,0.015875892713665934
4,210,0.4336528130230258,0.0098046064376831,-0.02709643159616426,0.01592414826154706
4,211,0.4336528130230258,0.0686430931091308,-0.02709643159616426,0.004334859549999223
4,212,0.4793788460238429,-0.0416932702064514,-0.006280261229506312,0.01246634125709531
4,213,0.44587087516914004,0.1014178991317749,-0.055525523923877995,-0.009725362062454182
4,214,0.4493684240621817,0.0518268942832946,-0.03269472607567647,-0.002103649079799673
4,215,0.44587087516914004,0.1445087790489196,-0.055525523923877995,0.015913851559162112
4,216,0.4045069216261311,0.1535420715808868,-0.03825262606782853,-0.03724428452551365
4,217,0.4045069216261311,0.2924789786338806,-0.03825262606782853,-0.027501733042299747
4,218,0.39002045555963416,0.2024154067039489,-0.020103941141545456,-0.01912751793861392
4,219,0.49771647399802266,0.1346815228462219,0.011748717081331184,0.005844566971063614
4,220,0.35794960762292105,0.1832280158996582,-0.01838719406927858,0.008994020521640833
4,221,0.5104725544843601,0.2173981666564941,0.04254639289726708,0.009924542158842087
4,222,0.5185280273213371,0.0185705423355102,0.01254407871218488,0.004706218838691724
4,223,0.48708263138885477,0.0162522792816162,0.010921672322507125,-0.0010421499609946996
4,224,0.5690120606232926,0.0583394169807434,0.026080090966780434,-0.003679968416690778
4,225,0.29464263357445003,0.0991662740707397,-0.03152873294084352,-0.004605978727340698
4,226,0.3111568423158843,0.3911099731922149,-0.03606169557396416,0.002745442092418615
4,227,0.29464263357445003,0.0166967511177063,-0.03152873294084352,2.539157867436151e-05
4,228,0.6574846153825109,0.0403988361358642,0.06156089556433919,-0.0054984912276268005
4,229,0.5208190439569991,0.0017923116683959,0.01634176075067828,-0.0028896629810333746
4,230,0.520185950454544,0.0110735893249511,0.010958999964068572,0.002254903316497763
4,231,0.35586167791264994,-0.0060847997665405,-0.05365561723768897,-0.02348261326551431
4,232,0.35602387062568175,0.2336689233779907,-0.05210249190809424,0.020323339849710492
4,233,0.3755782367811279,0.3374976217746734,-0.05171338776038836,0.004579676315188408
4,234,0.3489955026744678,0.0671989321708679,-0.0420601971717926,-0.01804157346487041
4,235,0.40337249525300856,-0.0038837194442749,-0.020752451421771068,0.005795985460281362
4,236,0.4130286712031065,0.2393067479133606,-0.02981327129308803,-0.006255459040403338
4,237,0.4793788460238429,-0.0016734600067138,-0.006280261229506312,0.005241461098194138
4,238,0.5613082752582808,-0.0489615797996521,0.008878157414767052,0.013111986219882923
4,239,0.47874575252138774,0.0408416986465454,-0.011663022016116076,0.002448141574859654
4,240,0.422582475905677,0.3280000686645508,-0.06435623148741543,0.007470322772860527
4,241,0.37690355818644833,0.2205299735069275,-0.05667778048401523,0.007879242300987271
4,242,0.4135739906006259,0.0610724687576293,-0.0654135257095505,-0.004522420465946253
4,243,0.36351264560155294,0.0498479008674621,-0.023172439859926786,0.006463646888732917
4,244,0.38920367741444106,0.2322882115840912,-0.0037019812973485,-0.009333524852991076
4,245,0.40641251975914716,0.0658934116363525,-0.010109912980250602,-0.014671571552753448
4,246,0.6907558788985553,0.1470396220684051,-0.03577904884609462,0.01616788282990453
4,247,0.7543173459635797,0.125210702419281,-0.02347216412938502,-0.011589169502258245
4,248,0.6699389403646381,0.0963271707296371,-0.0057888721224717,-0.0047767385840415955
4,249,0.7134932144321808,0.0082648396492004,0.05172106855598835,-0.01818887516856193
4,250,0.6587570722411069,0.1060436069965362,0.0216603523866008,0.004078529775142656
4,251,0.5727481711391288,0.0985052585601806,-0.0028883835625662657,-0.015325065702199964
4,252,0.5354050519590648,0.1871671080589294,-0.0036929575803213988,0.014448173344135257
4,253,0.5152950403513281,0.0280473232269287,-0.014754148427344016,0.01972807198762898
4,254,0.4776284022506303,-0.0008297562599182,-0.003560575579142522,0.0045394673943519375
4,255,0.4863039817880994,0.3502090722322464,-0.01855627246600322,-0.015886768698692322
4,256,0.5087672864667663,0.0392537117004394,-0.001520911239094036,0.0031985491514205863
4,257,0.5769395096713501,0.2719845473766327,-0.00301455063757905,-0.008909260854125023
4,258,0.4753399019931592,0.2696049809455871,-0.07806422971797827,0.02310941554605958
4,259,0.4782619571528549,0.1490142941474914,-0.09233718246275158,0.018377263098955154
4,260,0.5045367640409061,0.2634336948394775,-0.08199526779153377,0.004339449107646942
4,261,0.27508826741900383,0.3170931041240692,-0.03191783708854945,0.000520041212439537
4,262,0.3346712293210027,0.3521887063980102,-0.02235838691591474,0.0009101722389459055
4,263,0.31887407209987173,0.3332953155040741,-0.008204389525251987,0.01614697277545929
4,264,0.42809906795295716,0.3028314411640167,-0.018890860039622037,-0.017131013795733452
4,265,0.4010914197562909,0.2325999140739441,-0.030426148647261897,-0.02351967804133892
4,266,0.42809906795295716,0.2799987941980362,-0.018890860039622037,0.004195019602775574
4,267,0.5989141926479506,0.2782618999481201,0.041398176516736496,-0.002239815890789032
4,268,0.5879408286273515,0.0999695658683776,0.05561634714547792,0.0005123130977153362
4,269,0.6142707220692264,0.268518254160881,0.05986551694512654,0.00137490034103388
4,270,0.3267729556191994,0.0900149941444397,-0.06520488953055537,-0.00983817130327222
4,271,0.3567138530582346,0.0003100633621215,-0.05695198886868713,-0.009459555149078413
4,272,0.36779311207200327,0.1177079677581787,-0.05440620853888728,-0.011685047298669801
4,273,0.3674437485152753,0.2836373150348663,-0.02019985295986304,0.0013251006603240967
4,274,0.35039789637516694,0.0285167396068573,-0.024858066784575916,0.008265692740678812
4,275,0.37551282793733387,-0.0668058693408966,-0.0022117526835771506,0.0033696293830871304
4,276,0.39100286225511793,0.2436951249837875,-0.022609941112681997,0.0004990603774785995
4,277,0.39100286225511793,0.2914865911006927,-0.022609941112681997,-0.006598159670829773
4,278,0.35234940969237755,0.35440194606781,-0.03252254382806785,0.013256495818495695
4,279,0.7821910377873675,0.3835903704166412,0.00784987818518279,0.012148087844252586
4,280,0.5055233483438571,0.0172771215438842,-0.002468003643280259,0.007779859006404863
4,281,0.6590097364463952,0.305128276348114,-0.03479578215557144,-0.003963623195886612
4,282,0.6142707220692264,0.1764663159847259,0.05986551694512654,0.0277995765209198
4,283,0.6418344471196492,-0.0288365483283996,0.06654702501053611,0.009873136878013614
4,284,0.6508782824884485,0.0472024679183959,0.05746101528494707,0.010899849236011463
4,285,0.6813200536632356,0.2869061529636383,-0.04436303502191441,0.038122519850730924
4,286,0.5965551408313046,0.118986427783966,-0.08852615996069135,0.009429045021533952
4,287,0.5727259756099446,0.3218516856431961,-0.061672262715395276,0.033746423199772835
4,288,0.4782619571528549,0.3579392209649086,-0.09233718246275158,0.04860752448439598
4,289,0.4782619571528549,0.1635861098766327,-0.09233718246275158,0.030968662351369886
4,290,0.59148377971016,0.209864467382431,-0.06701183440984193,0.02962955646216872
4,291,0.5322962162288709,0.3463508933782577,0.028899901794313454,0.01015328057110304
4,292,0.5988059086727512,-0.0132452845573425,0.04181348568409016,0.0007844269275665127
4,293,0.5988059086727512,0.0713342428207397,0.04181348568409016,0.01433406025171282
4,294,0.33336053816636857,0.153277575969696,-0.02635307445153523,-0.014561742544174222
4,295,0.3326237786512578,0.2270014882087707,-0.026955246640712693,0.014465138316154452
4,296,0.39723151398197554,0.2470988631248474,-0.015659273902425275,0.022929389029741315
4,297,0.5593485175855486,0.2451319098472595,-0.05222435798388003,0.012989500537514659
4,298,0.5727259756099446,0.3171061873435974,-0.061672262715395276,0.016637766733765602
4,299,0.40735091995863615,0.1002876758575439,-0.051510434515110115,0.01851218938827516
4,300,0.3764768473335264,0.1737172603607177,-0.03998396787647668,-0.015911478549242047
4,301,0.37590228053144736,0.1208724975585937,-0.039033014736059524,-0.018494898453354863
4,302,0.37590228053144736,0.3223636448383331,-0.039033014736059524,0.005579048767685835
4,303,0.4438539782238202,0.0742267370223999,-0.017292984924077826,-0.0031015351414680065
4,304,0.41170757289604454,0.0106827914714813,-0.012800018867835938,0.005370620638132098
4,305,0.525783407458258,0.1508077681064605,-0.002134566279804462,0.0032472386956214627
4,306,0.39366568700208676,-0.0065534114837646,-0.025002999728635233,0.017059616744518287
4,307,0.3006329561351151,0.0999139845371246,-0.02255348121356665,0.0022613350301980972
4,308,0.3006329561351151,0.0820728540420532,-0.02255348121356665,0.0008746162056923051
4,309,0.27844728236481414,0.2147429585456848,-0.014945606673299305,0.011266268789768219
4,310,0.3009330360849112,-0.017044186592102,-0.022384675673835674,0.006340347230434425
4,311,0.26090188130230296,0.1810547709465026,-0.013600346622535398,0.0016619265079498013
4,312,0.6384686875222092,-0.0119338631629943,0.01097034634240146,0.008258886635303527
4,313,0.6231016498360995,0.0403146147727966,0.013235726868038755,0.004583068192005192
4,314,0.6384686875222092,0.0294548869132995,0.01097034634240146,0.0001736581325530867
4,315,0.6990588790138159,0.1096829175949096,0.005429951075247685,-0.009707413613796262
4,316,0.7234180016236162,0.2518984675407409,0.03182091065262971,0.012194540351629257
4,317,0.8016647477675197,0.1344907879829406,0.03493321262420879,0.0013863183557986658
4,318,0.7268493873261325,0.2141826748847961,0.03886581168352765,-0.020693901926279096
4,319,0.7512332803176105,0.1492972373962402,0.04768107600644311,0.02000470459461212
4,320,0.7512332803176105,0.1046338677406311,0.04768107600644311,-0.0025793425738811077
4,321,0.6883313032152831,0.1009194254875183,0.030627661258459282,0.018048346042633084
4,322,0.6505738152200464,-0.0376933813095092,0.018173233476877604,0.009491637349128765
4,323,0.6883313032152831,0.1268076300621032,0.030627661258459282,-0.001857444643974332
4,324,0.7454141250305654,0.3770979270339012,8.090921223280478e-05,0.005152917467057705
4,325,0.720510332164373,0.1053066253662109,0.010190969642840053,0.0038343332707881927
4,326,0.7454141250305654,0.3263802975416183,8.090921223280478e-05,0.004483845084905569
4,327,0.7226008841078377,0.0461981296539306,0.05686218304621837,-0.016108505427837386
4,328,0.7726876832129483,0.129808634519577,0.04956290693223775,-0.007459413260221454
4,329,0.7092272891040792,0.1355407238006591,0.05322301958755227,0.0008212234824895304
4,330,0.7427615844925621,0.1525648832321167,0.01372269036977758,0.0029783025383949557
4,331,0.7874740352479828,0.0912659466266632,0.05633532155913146,-0.0007264316082000594
4,332,0.7879283693268935,-0.075847715139389,0.03418361489172439,0.00036981701850891113
4,333,0.7027940652751608,0.1776379942893982,0.006168592489305014,0.025751370936632184
4,334,0.7904880818005457,0.227729856967926,-0.00422135857764383,0.013212777674198123
4,335,0.7897927315662194,0.1138342022895813,0.025377422524816562,-0.0032216832041739862
4,336,0.7891103866010735,0.058320939540863,0.03549029318369323,0.02457515895366673
4,337,0.7774404602483663,0.0449782013893127,0.028767092904044222,0.017466031014919288
4,338,0.7709096422944871,0.0230482220649719,0.0037024947557038335,-0.004468426108360263
4,339,0.7193557123166363,0.1645290255546569,-0.0017187180832464177,0.021417282521724673
4,340,0.6292581003074447,0.2789857089519501,-0.008331805486560206,0.00647549144923687
4,341,0.6190368734209586,0.0588908791542053,-0.010305335184641828,-0.00991821289062498
4,342,0.8070497288420213,0.1235412061214447,-0.012108669150195261,0.0066826902329922
4,343,0.8115753970147093,0.2271933555603027,-0.0002770466532601157,-0.019947700202465057
4,344,0.8015270673632146,0.15456423163414,0.005509104446098978,-0.013279018923640251
4,345,0.7016889963997057,0.2815560102462768,-0.039650309779670434,0.007842730730771963
4,346,0.6410503520155709,0.3488649725914001,-0.038582623716308495,0.009772969409823418
4,347,0.7122741523903207,-0.0364860594272613,-0.03775953176775737,-0.0007325857877731115
4,348,0.6544601305253572,0.1602141857147216,-0.005953838805768719,0.029700916260480853
4,349,0.743410130266817,-0.0819431543350219,0.012805683802848633,-0.01866101101040836
4,350,0.743410130266817,0.0786594450473785,0.012805683802848633,-0.03877734020352362
4,351,0.6898548461681637,0.1284560561180114,0.006025383074393487,-0.02406935393810275
4,352,0.6535424619634151,0.1415368020534515,0.009981497352557156,-0.008346058428287506
4,353,0.6794119763052977,0.0877947807312011,-0.010352726327201411,-0.04232066497206689
4,354,0.7567075757584347,0.0529366731643676,0.003696490505656347,-0.010809756815433523
4,355,0.6888097361072916,0.2276380360126495,-0.004803019014305687,0.008218929171562195
4,356,0.7350094278241985,0.051079511642456,0.003917356886154355,0.010945681482553475
4,357,0.7313756162706502,0.0038335919380187,-0.007247458480888147,0.003450039774179387
4,358,0.7528645778296674,0.0130607485771179,0.005491620424255883,-0.006767354905605325
4,359,0.7313756162706502,0.0904334187507629,-0.007247458480888147,-0.0002603009343147139
4,360,0.7693250332790347,-0.0206585526466369,0.008226985297277056,-0.02009696140885345
4,361,0.7502400150228138,0.2182882726192474,0.009048367726581685,-0.0229024775326252
4,362,0.8090024987424147,0.2220118641853332,0.026503550583931834,-0.005168512463569669
4,363,0.7584071988210328,0.255332350730896,0.00031067330636891377,-0.0019936487078666687
4,364,0.7683988659508145,0.1138492226600647,0.03307673269578071,0.011958155781030683
4,365,0.7322229878436801,0.2337633073329925,0.008723501687211255,-0.0028754621744155884
4,366,0.8154700594780357,0.1992250680923462,0.021151673363006607,0.008340954780578641
4,367,0.760187797627753,0.1084959506988525,0.02846753492949483,0.006217680871486678
4,368,0.8090024987424147,0.1352748870849609,0.026503550583931834,-0.002138882875442505
4,369,0.6466484202537996,0.0989161133766174,-0.009622885929327918,0.021419677883386626
4,370,0.7135830691774492,0.2137150466442108,0.0034839879020457376,0.005429863929748563
4,371,0.6466484202537996,0.0276273190975189,-0.009622885929327918,0.030997976660728437
4,372,0.634358247654891,0.2471482455730438,0.005786147793860441,-0.003370068967342349
4,373,0.6850958111379372,0.2081853151321411,-0.0010130921564126538,0.015852045267820414
4,374,0.6235800822466465,0.2321254014968872,0.011350174849023897,0.010458402335643796
4,375,0.6926991945828704,0.137883186340332,-0.00850826864736276,0.02136210724711421
4,376,0.7157320499387076,0.2776075303554535,-0.020772463045673484,0.020042847841978073
4,377,0.6659828154654368,0.2945168614387512,-0.010133578767742235,0.019062639214098454
4,378,0.7468134590828025,0.0355082154273986,0.009892781591793187,0.006143450736999484
4,379,0.6960758955997564,0.0595689415931701,0.016692021542066282,0.0031505078077316007
4,380,0.7468134590828025,0.0716943442821502,0.009892781591793187,-0.019887927919626264
4,381,0.8066267151014623,0.2200875580310821,0.022413464225333635,0.008634097874164554
4,382,0.7419963564370495,0.0915515720844268,0.018374683691527505,-0.02003203704953198
4,383,0.7419963564370495,0.0748582184314727,0.018374683691527505,0.004255216568708392
4,384,0.7168920701506796,0.0894718170166015,0.034056914049536036,0.004442434757947894
4,385,0.7156805523856402,0.2598751485347748,0.03629461054128025,0.00916490145027643
4,386,0.6520189190105345,0.0833081007003784,0.03458377553662295,0.005327410995960263
4,387,0.7021813116361679,0.1305968165397644,0.022189697432228872,0.008810900151729625
4,388,0.7583368820650068,0.1998758912086486,0.018720319913297367,-0.007040202617645291
4,389,0.7583368820650068,0.1711764633655548,0.018720319913297367,0.014757603406906183
4,390,0.7909570723806796,-0.0507725477218627,0.0033742165475030284,-0.0010128468275069982
4,391,0.7011057782963781,0.2809444516897201,-0.006960256827581612,0.00760895200073719
4,392,0.7280599675841741,0.2430323958396911,0.015029771219790544,0.00460200756788251
4,393,0.7252410895978219,0.0891985893249511,-0.011130492973725037,0.022152360528707477
4,394,0.7100866958449557,0.1602572500705719,-0.027762614186712664,0.014306250959634809
4,395,0.6909400902005034,0.1348727345466613,-0.014350750656639821,0.01304391026496883
4,396,0.7569863387253717,0.1942827403545379,0.004867337443439479,-0.009808948263525963
4,397,0.7916621847163082,0.3146131932735443,0.020692936007249307,0.0021758675575256348
4,398,0.7128368959805048,0.3804687708616256,0.007457590303321493,-0.0035188784822821617
4,399,0.7480199295131492,0.0533213913440704,0.02939847673613738,0.009786691516637802
4,400,0.7529648128457185,0.2010939121246338,0.04526839405874239,-8.31261277198514e-05
4,401,0.7755893156581484,0.0208278000354766,0.05794146599565153,0.009726345539092976
4,402,0.7594910360890412,0.0997110605239868,0.0077044543717927905,0.0030293986201286455
4,403,0.6583981951855519,0.3690021783113479,-0.011728526330277655,0.02337777242064476
4,404,0.6926991945828704,0.3017361760139465,-0.00850826864736276,0.014290753751993124
4,405,0.7848834414637067,0.0270443260669708,-0.00256006923360963,0.0021993294358253652
4,406,0.8066267151014623,0.2847855389118194,0.022413464225333635,0.018639909103512764
4,407,0.8066267151014623,0.3113050758838653,0.022413464225333635,0.012051366269588415
4,408,0.6159462512449108,0.0394002199172973,0.024165576574193492,0.008539982140064226
4,409,0.6372585347528819,0.3594563901424408,0.028701987804180873,0.02162857539951807
4,410,0.6159462512449108,0.3156187534332275,0.024165576574193492,0.005506660789251272
4,411,0.6754642549665838,0.0857821404933929,-0.0560924415818741,-0.00026701763272284074
4,412,0.6754642549665838,0.0585574507713317,-0.0560924415818741,-0.014543239027261783
4,413,0.7592214468207859,0.1621776223182678,-0.039618513907927255,0.015810754150152234
4,414,0.6223129033071105,0.3190004229545593,-0.00904725183634647,0.012291349470615442
4,415,0.6410080298643364,0.1619003713130951,-0.009500456866791795,0.0015064179897308627
4,416,0.6551053063995946,0.0638140439987182,7.919969298619822e-05,0.00423809885978698
4,417,0.789793004756594,0.1086828708648681,0.02537861204773051,-0.002885308116674437
4,418,0.7027943384655354,0.2505131065845489,0.006169782012218961,0.0077889449894427976
4,419,0.749367496971076,0.0734381079673767,-0.0014425018117596444,-0.007734298706054646
4,420,0.793656511611165,0.2164124250411987,0.009382097794384814,0.010484401136636734
4,421,0.7468366525705077,0.0433903336524963,-0.0034941795840152112,0.0077783167362213
4,422,0.7468366525705077,0.163400650024414,-0.0034941795840152112,-0.0008198544383049011
4,423,0.7474581995514713,0.1385353207588195,0.015121246246739828,0.005953878164291354
4,424,0.7697653789363068,0.0973550379276275,-0.0011154049527117849,0.0005578920245170316
4,425,0.7602563392771925,0.2749851495027542,-0.010757375024660343,0.018610982224345207
4,426,0.7361440074966239,0.2089638486504554,0.0015437846429984248,-0.0037076072767377177
4,427,0.7683007434472506,0.3049955070018768,-0.004337803417382435,0.014597645029425566
4,428,0.7683007434472506,0.3399488031864166,-0.004337803417382435,-0.012467199005186558
4,429,0.7192244666516139,0.3112215101718902,0.001563647836944626,-0.0068049645051360685
4,430,0.7951844205703784,0.3642255291342735,0.011043204371627424,-0.007518778555095251
4,431,0.7951841473800036,0.3075376003980636,0.011042014848713255,-2.2208318114336212e-05
4,432,0.6540918703661237,0.2714344263076782,0.015635551983954277,0.015415210276842117
4,433,0.6511298666987958,0.2363933324813842,0.013809338531450499,0.015143500640988294
4,434,0.6511298666987958,0.1876581609249115,0.013809338531450499,-0.020160224288701983
4,435,0.714148362943982,0.2094018459320068,0.03395578676865252,0.004649013280868558
4,436,0.714148362943982,0.0971542596817016,0.03395578676865252,0.014055445790290833
4,437,0.8152395820375148,0.2389558553695678,0.04394332374284671,0.00033763796091076936
4,438,0.71878343650222,0.1630165576934814,-0.024016279421441022,0.006494995206594439
4,439,0.7468134590828025,0.0196757316589355,0.009892781591793187,-0.0027797967195510864
4,440,0.7016466742484712,0.0699681639671325,-0.010568142930153734,0.0024023912847041945
4,441,0.6821608210493157,0.0537192225456237,0.03922781795592101,0.00032944977283474314
4,442,0.6511298666987958,0.1497222185134887,0.013809338531450499,-0.00031608343124392424
4,443,0.674487808482054,0.2237645983695984,0.008290763600030782,-0.008903626352548571
4,444,0.634358247654891,0.0504631698131561,0.005786147793860441,-0.0024030394852161477
4,445,0.6459849429421813,0.2598203867673874,0.014874586947351554,-0.0030747167766093653
4,446,0.6513605898526516,0.2322824299335479,-0.016727561479507935,0.03543766960501668
4,447,0.7355383397880437,0.3356392197310924,-0.008316117542295554,0.006154884758871049
4,448,0.7524159983045519,0.0508540868759155,-0.001441280271156531,0.02809605747461321
4,449,0.7305984227245161,0.2138206958770752,-0.0016579552436868372,0.01182509213685995
4,450,0.7742852549259918,0.0511558353900909,-0.012215640450827348,0.00313707813620568
4,451,0.7452227704047341,0.2601642906665802,-0.008218865484356241,0.0018085930496454239
4,452,0.782965575975846,0.3369681239128113,-0.009200575206210315,-0.0024870187044143677
4,453,0.6529726851592625,0.3649590015411377,-0.017663854237433996,-0.007032135501503944
4,454,0.6751639386592598,0.3483851626515388,-0.027341334073711088,-0.010594918392598629
4,455,0.6751639386592598,0.3879748880863189,-0.027341334073711088,-0.00323211587965494
4,456,0.8085456842896172,0.3519508838653564,0.011301128548792838,-0.007883608341217097
4,457,0.810055575087258,0.0587144494056701,0.023745445981614433,0.022553868591785396
4,458,0.7730499379197383,0.1857437342405319,0.00034376636775401703,-0.02760880719870329
4,459,0.7354243798948832,0.1406756043434143,0.007007075295605958,-0.005527095869183485
4,460,0.7883977726646103,0.070233404636383,0.011156376414179214,0.02937705442309379
4,461,0.7731671854659952,0.3099509328603744,0.006025365573751884,0.020817790180444662
4,462,0.7411249735794652,0.3588962033390999,0.012364691095055225,0.013497870415449198
4,463,0.7261986469783095,0.2560375332832336,0.019299358988495996,0.006546832621097537
4,464,0.7135830691774492,0.2518014311790466,0.0034839879020457376,0.007605768740177127
4,465,0.810880046780383,0.0777728706598281,0.029321734449200276,0.004558691754937116
4,466,0.8235237753567511,-0.1884147822856903,0.021378729127885077,0.0024478808045386713
4,467,0.7530214753674316,0.0795788168907165,0.006716183569971501,-0.02885739132761958
4,468,0.6659828154654368,0.2306034862995147,-0.010133578767742235,0.0016121119260787409
4,469,0.6484147784694284,0.1186422109603881,0.006662661898633737,-0.018537670373916654
4,470,0.6292581003074447,0.3293753564357757,-0.008331805486560206,0.009888714179396574
4,471,0.7554613260108007,0.1446067094802856,-0.007583145633535793,-0.010069109499454526
4,472,0.7554613260108007,0.1368159055709839,-0.007583145633535793,-0.002228282392024966
4,473,0.749367496971076,0.1880755424499511,-0.0014425018117596444,-0.012086600065231351
4,474,0.7573986150734174,0.0015780329704284,0.01178355960370625,-0.014644969254732174
4,475,0.7448064353049872,0.0096077322959899,-0.004985261336846736,-0.011710301041603127
4,476,0.7076745994051746,0.2712391316890716,0.016193269991505277,-0.004710234701633509
4,477,0.6796439967447885,-0.0469431281089782,-0.014104130493185374,-0.003715086728334399
4,478,0.7031508052291107,0.0478242933750152,0.0060067147718047,-0.0009388886392116616
4,479,0.6895450776458771,0.1536966562271118,-0.008372576606274218,-0.0010228492319583893
4,480,0.7731822688082517,0.2472126185894012,0.026770354168775268,-0.012821860611438807
4,481,0.7755893156581484,0.1620205044746399,0.05794146599565153,-0.0036597885191440305
4,482,0.7731822688082517,0.2143631875514984,0.026770354168775268,0.0054190233349800665
4,483,0.6489473095270277,0.0328844487667083,0.03030492244369498,0.009960278868675173
4,484,0.6489473095270277,0.0405142307281494,0.03030492244369498,0.0034844204783439983
4,485,0.6581438650471699,0.2050347626209259,0.0366396986155193,0.015646517276763944
4,486,0.7495076193729178,0.2930406928062439,0.026095642600704072,0.00014792010188102722
4,487,0.808306494715872,0.27866131067276,0.032810064022564034,0.016127374023199137
4,488,0.7594910360890412,0.0826823711395263,0.0077044543717927905,-0.0007351785898209034
4,489,0.7155949985952601,0.2182579785585403,0.003456623647186463,-0.0035633184015751163
4,490,0.7255273467560011,0.3212643563747406,0.005352896346798808,0.008356915786862373
4,491,0.760187797627753,0.1034576594829559,0.02846753492949483,0.048318307846784606
4,492,0.6504867295688765,0.1630641818046569,0.032244951763995555,-0.00625694543123248
4,493,0.6144140618032526,0.0010278820991516,0.021826752801565985,0.005730688571929887
4,494,0.6127292415736398,0.1779745221138,0.019790523982413877,0.002738121896982193
4,495,0.8418815806352986,0.1259390115737915,0.011588600059070475,0.003313496708869962
4,496,0.7440168404465095,0.3897866737097502,0.008651246165719773,-0.005393396597355604
4,497,0.7424047451398986,0.2805833220481872,0.009587538923645722,0.03134212270379064
4,498,0.8099902273621329,0.3587791621685028,0.03682842897567573,0.009076489135622978
4,499,0.7176854888843205,0.1768910884857177,0.024267413830556417,-0.00028009712696078215
4,500,0.8177388038924818,-0.0351003408432006,0.012389309608056287,0.0022579431533813754
4,501,0.6794119763052977,0.1661049723625183,-0.010352726327201411,-0.009791526943445206
4,502,0.6794119763052977,0.0332995355129241,-0.010352726327201411,-0.008746899664402036
4,503,0.6416703653990293,0.2043916881084442,0.0037351533955833904,-0.004419161006808253
4,504,0.6742361549242639,0.1806402206420898,0.0049131874535480735,0.018098086118698092
4,505,0.7442391954477792,0.19569993019104,0.0030197907598049634,0.0018390603363513947
4,506,0.7375658981757403,0.241463303565979,0.014882768443827965,-0.0010587535798549375
4,507,0.8006047168131134,0.0721607506275177,0.006494596656584917,-0.0030782409012317102
4,508,0.8006047168131134,0.1316872239112854,0.006494596656584917,0.024477336555719403
4,509,0.7115582011908241,0.1348911523818969,-0.00871427874542452,0.00040517747402188387
4,510,0.7226008841078377,-0.0465538501739501,0.05686218304621837,-0.005861237645149196
4,511,0.6882283404751449,0.1425578296184539,0.018157072041210753,0.005410552024841281
4,512,0.6520189190105345,0.0031589269638061,0.03458377553662295,-0.004075177013874087
4,513,0.7841783336683761,0.0946180522441864,0.048103373879215705,0.0037299506366253316
4,514,0.771233351345727,0.2525393068790436,0.029837799181678726,0.018485251814127024
4,515,0.8083059297384817,0.1088105738162994,0.04029225269026793,0.0048033446073532104
4,516,0.6464094072632086,0.1623187959194183,0.005772634921933584,-0.03227335587143898
4,517,0.6842539809096152,0.0196338593959808,0.004155344416397311,-0.008572589606046649
4,518,0.6464094072632086,0.347123920917511,0.005772634921933584,-0.0007912144064903259
4,519,0.7155949985952601,0.1860594153404235,0.003456623647186463,0.018377248197793933
4,520,0.7434663075190648,0.2649831473827362,0.014787530451282782,0.042003165930509595
4,521,0.7675939035891703,0.134848952293396,0.006976409262334893,-0.0029101464897393903
4,522,0.7823004677852244,0.2116251587867736,0.030141528852780874,-0.00023406744003298674
4,523,0.7743725000542034,0.1196291446685791,0.00703788085920265,0.0022499859333038608
4,524,0.7693554854625753,0.1738788485527038,0.011875954155243784,-0.0032956153154373447
4,525,0.7844715621056785,0.0500829815864563,0.013851246533473804,0.012301847338676501
4,526,0.7524159983045519,0.0498861074447631,-0.001441280271156531,0.011325694620609249
4,527,0.7467912939873457,0.222950130701065,-0.001669377524194826,0.0016939863562583646
4,528,0.8246424544697436,0.3617935925722122,0.043774033055598904,-0.006808264181017876
4,529,0.8464578617444238,0.2300083041191101,0.050288305611593365,-0.02765827439725399
4,530,0.8165761309625104,0.1573036909103393,0.04040174280494435,-0.03996161092072728
4,531,0.8064280638553301,0.2695038616657257,0.022330407663832985,0.0013839807361364365
4,532,0.7549328152068966,0.1953174024820327,0.008625943840875117,0.011848855763673755
4,533,0.7549328152068966,0.2276575565338134,0.008625943840875117,0.0035485960543155393
4,534,0.8126272223385604,0.377150222659111,0.0499945658982931,0.012451350688934326
4,535,0.6986524767738318,0.1689973473548889,0.031015477696030858,0.000606246292591095
4,536,0.7908118150638803,0.3160241842269897,0.04348029334229864,0.006716363131999914
4,537,0.7554613260108007,0.1646156907081604,-0.007583145633535793,-0.012439318001270266
4,538,0.728044845667244,0.1445720195770263,0.015023605575636978,0.011665463447570773
4,539,0.7909570723806796,-0.0269004106521606,0.0033742165475030284,-0.0025811567902565002
4,540,0.7979754766266425,0.2481268644332885,0.02752132464423629,-0.018236409872770393
4,541,0.7909417077099989,0.1005391478538513,0.03273839119000199,0.024369321763515486
4,542,0.7425419295069741,0.1754020154476165,0.015231329786825398,0.016000866889953586
4,543,0.7683024206418197,0.2302997708320617,0.022631860496937217,-0.012014284729957608
4,544,0.7528645778296674,0.0906561613082885,0.005491620424255883,-0.012495324015617412
4,545,0.8117429390612098,0.3608781769871712,0.03947201735051631,0.010588155128061771
4,546,0.7076523741169669,0.1656584739685058,0.01656710599503275,-0.006758630275726318
4,547,0.7640496870572486,0.061800330877304,0.0002944179232108324,-0.0043425261974334925
4,548,0.7848612161754991,0.0967552065849304,-0.0021862332300820464,0.015479817986488384
4,549,0.7376861313999328,0.1333935260772705,0.012760323873110546,-0.00043308734893793277
4,550,0.7244473408060315,0.1217874884605407,0.004608177477545383,0.02545751258730887
4,551,0.7482506896126397,0.1221346259117126,-0.006005595116657769,0.002964559942483902
4,552,0.8250180358592092,0.2213573157787323,0.012357596691495498,0.024772621691226987
4,553,0.8193052308669673,0.2270812392234802,0.030783498681582033,0.01244956627488139
4,554,0.8063602485443182,0.306985467672348,0.012517923984045054,0.008293366059660912
4,555,0.7604062093433701,0.1414860486984253,0.008286771689069217,0.03136448562145237
4,556,0.7897927315662194,0.1562916338443756,0.025377422524816562,0.013279944658279447
4,557,0.7529648128457185,0.1729467660188675,0.04526839405874239,0.01694478653371337
4,558,0.7350094278241985,0.2400666177272796,0.003917356886154355,0.006297931075096103
4,559,0.7265525416784036,0.0344036221504211,-0.005784728736159761,-0.010832663625478751
4,560,0.7944503813295467,0.0149254500865936,0.002714780783802273,-0.012604273855686174
4,561,0.7792541628793446,0.2705913186073303,0.037172922068053116,0.03900392353534701
4,562,0.8271210671625142,0.2996068596839905,0.027012413557870096,0.0010572560131549835
4,563,0.8278969895827037,0.0244520306587219,0.035528350954907584,-0.02324057370424271
4,564,0.6371131345651179,0.3264402002096176,0.028605788305329338,0.0035583041608333588
4,565,0.635573714523269,0.2347451448440551,0.026665758985028765,0.014846324920654241
4,566,0.635573714523269,0.1780757308006286,0.026665758985028765,0.0060167312622070035
4,567,0.7005776561858414,0.368016317486763,-0.037404584258661,0.009240714833140373
4,568,0.7283931383209814,0.0405950546264648,-0.022421997624213708,-0.011637151241302483
4,569,0.7142234536338732,0.1647376418113708,-0.0148662691992556,0.01661483198404312
4,570,0.7067308899463437,0.0769034922122955,-0.020695286251590672,-0.004781801253557205
4,571,0.6381935515829424,0.1864416301250457,0.004689132200552226,0.011666256934404345
4,572,0.6990588790138159,0.0464811325073242,0.005429951075247685,0.0017834305763244976
4,573,0.6381935515829424,0.3143459558486938,0.004689132200552226,0.015698570758104324
4,574,0.6621857372034106,0.2451099157333374,0.024852946795420494,0.011291768401861219
4,575,0.6851228247166437,0.2379735112190246,0.041054031408424785,0.012427464127540588
4,576,0.46884100884892876,0.0143736600875854,0.014948963166609097,-0.004988580942153938
4,577,0.5137768626767846,0.3930732384324074,0.0288118073772044,0.02104994561523199
4,578,0.46884100884892876,-0.0352678298950195,0.014948963166609097,-0.0011298879981041093
4,579,0.437852441720862,0.1366846263408661,0.022010132437847607,0.002362702041864423
4,580,0.46089109630085134,0.0544358491897583,0.022170350825515828,-0.029786918312311145
4,581,0.38194301706132083,0.0529315769672393,0.006275311212407764,0.002536181360483121
4,582,0.5250526455301063,0.1211014688014984,0.01018712475275907,0.017753850668668775
4,583,0.5212527629047634,0.2527637779712677,-0.003400868955723446,0.006171334534883527
4,584,0.5250526455301063,0.0962997078895568,0.01018712475275907,0.014166403561830479
4,585,0.35282885309582807,0.2987813651561737,-0.011427025799190138,0.010655789636075497
4,586,0.32832850877348974,0.1455016434192657,-0.010835387134195462,0.03873347491025925
4,587,0.32832850877348974,0.0777696371078491,-0.010835387134195462,0.010789372026920332
4,588,0.5971095009679313,0.2269655466079712,0.02901767411116596,0.03276886790990832
4,589,0.6644409717735255,0.0153120160102844,0.037740648956342326,0.007033072412013999
4,590,0.6041865064026527,-0.0019583106040954,0.0004096273630357361,-0.008611373603343887
4,591,0.4408627476225992,0.2720690667629242,-0.00332041106901243,0.007191712036728859
4,592,0.48535820586921197,0.047253668308258,0.012215305864883785,-0.022793147712945952
4,593,0.5020336539053598,0.2737765908241272,0.008952072997269855,0.03687341883778575
4,594,0.6828203754855389,0.324787475168705,0.053882522574769,0.02943273540586233
4,595,0.6405629559017975,-0.0222130417823791,0.05235645026229829,0.011317849159240726
4,596,0.608787240906915,0.2769393026828766,0.0349260466087693,0.00737864151597023
4,597,0.5233243143051429,0.1365478336811065,0.021540304838711055,0.006421312689781161
4,598,0.4477039802102412,0.2087976336479187,0.0035764337218200937,-0.005051501095294952
4,599,0.5005481646727541,0.1756828427314758,0.016055748056176267,0.016116764396429062
4,600,0.3581336670698416,0.3768007308244705,-0.01015809362095721,0.026812108233571053
4,601,0.3581336670698416,0.4461919702589512,-0.01015809362095721,0.01640288915950805
4,602,0.42207195937073927,0.1016793251037597,-0.004615792400285701,-0.029024474322795882
4,603,0.5008289155474125,-0.0277231931686401,0.02285807992577582,0.00039546936750411293
4,604,0.48535820586921197,0.1400508284568786,0.012215305864883785,0.004433318972587558
4,605,0.45801046597512085,0.1670284420251846,0.013256900298246499,0.04801582172513011
4,606,0.6072598259775847,0.2221242189407348,0.04412631521841803,0.01354975625872612
4,607,0.6283849208776306,0.1510995924472808,0.047437132988284225,0.02694449760019775
4,608,0.5518499834586905,-0.0386768579483032,0.017147906753332998,0.006099842488765689
4,609,0.5610090531886569,0.014235496520996,0.003244514618641614,-0.010441973805427576
4,610,0.5312017316983844,0.4510410279035568,0.02268890929902434,0.011041488498449326
4,611,0.5878029979878524,0.3678558692336082,0.0275261604996192,0.009066355414688532
4,612,0.4179904797505184,0.1658671796321869,0.0037596154914299462,0.026130877435207395
4,613,0.4179904797505184,0.2495766729116439,0.0037596154914299462,0.02202604338526723
4,614,0.5014876431065524,0.0844724178314209,0.020827364166626172,0.024229969829320963
4,615,0.46005596185522435,0.325240209698677,-0.01708704949007056,0.0037418156862258356
4,616,0.48568577380819566,0.3712085336446762,0.0020162478995258137,-0.007090087980031912
4,617,0.5000030488024683,-0.0280004143714904,-0.0065215103469009605,0.0008320361375808993
4,618,0.41464061059790674,0.3625001013278961,-0.011276632078424165,0.03335016965866089
4,619,0.4412724782037524,0.0328390002250671,-0.009289657514028049,0.005974873900413524
4,620,0.4507102210084696,-0.049709677696228,-0.014972378725265967,0.0025605186820030004
4,621,0.5984191593938035,0.1490452289581298,0.013028726647581146,0.01405325904488558
4,622,0.6616225081677625,0.1167773008346557,0.029476219351527555,-0.016961917281150818
4,623,0.5917862943592912,0.1944439709186554,0.006226862133114852,-0.03072926588356492
4,624,0.39805589655550655,0.1901233196258545,-0.010537677499422693,0.0015518404543400088
4,625,0.5102433198196655,0.1248950362205505,0.004223491927847767,0.01817665621638298
4,626,0.39805589655550655,0.1202912926673889,-0.010537677499422693,-0.0026724934577941617
4,627,0.413973657672394,0.305747926235199,-0.015512259866060363,0.004341848194599152
4,628,0.4180560524002058,0.0805865228176117,-0.013866524669776559,0.03523847833275798
4,629,0.5144788355930765,0.2352930009365081,0.0034908702708291717,0.019420292228460256
4,630,0.4172707175369853,-0.0256692171096801,0.0002438290220779793,0.011811845004558584
4,631,0.45909617121373436,-0.0687648057937622,-0.002546552579180905,0.0032498091459274014
4,632,0.35333242523608765,0.3384982869029045,-0.005298472198593529,0.03946555685251951
4,633,0.4421788124220895,0.362174853682518,0.008367353024268609,-0.0031075701117515564
4,634,0.5369469142331744,-0.0334272980690002,0.025454291844526522,-0.011654537171125426
4,635,0.5369469142331744,0.0615845322608947,0.025454291844526522,-0.006382532417774221
4,636,0.7108796124314462,0.171817809343338,0.05509544245932474,-0.0014345869421958368
4,637,0.7235550794923058,0.1502553224563598,0.05067868139540299,-0.009889647364616394
4,638,0.671656143828689,0.1151303052902221,0.049584492447800166,0.0031481906771659574
4,639,0.5066559058774106,0.1213378459215164,-0.05557531556317363,0.005744736641645445
4,640,0.5066559058774106,0.2756384909152984,-0.05557531556317363,0.015299182385206223
4,641,0.5054796621354063,0.2617023289203644,-0.025013011927894957,0.0075196437537670135
4,642,0.5123976918774356,0.1725794970989227,-0.02256370527456253,-0.01337501034140584
4,643,0.5989476390424471,0.0093976259231567,0.008145344865326365,-0.004322260618209849
4,644,0.5093021787817966,0.1328040361404419,-0.0066177613855870066,0.027166672050952967
4,645,0.5281825402779547,0.0737378001213073,0.01056407930467762,-0.010178185999393477
4,646,0.4985430229136888,0.0798272490501403,0.021583999752492034,0.006821434944868046
4,647,0.520814921805802,0.1048685312271118,0.013111384415853022,0.012959495186805753
4,648,0.40556645818667775,0.2261178493499755,-0.005786278710986137,0.017236873507499667
4,649,0.495334285628559,0.1466625332832336,-0.03444231595317254,0.01874171942472458
4,650,0.538654836324429,0.1926779150962829,-0.021864892124639712,0.0038680769503116608
4,651,0.6560691310249653,0.290036678314209,0.04375327140498808,0.01844821870326996
4,652,0.6055412493118661,0.3236605226993561,0.022889017637119924,0.014920737594366074
4,653,0.5879924838327908,0.2954745292663574,0.03440613272635207,0.009751051664352417
4,654,0.486566876572915,0.1020068228244781,0.021875287812991695,0.0004896372556686124
4,655,0.4286942600366338,0.1255226731300354,0.02096709164640126,0.0011715516448021351
4,656,0.4942279852534024,0.0638767480850219,0.028722840520707837,-0.03041134774684906
4,657,0.412700518294963,0.2546030282974243,0.010300629256952853,0.011739805340766934
4,658,0.4779547825615504,0.0844337940216064,0.011254816222261266,-0.03146503120660783
4,659,0.3898313636739601,0.0906592309474945,0.0026682375552297133,0.03345931321382527
4,660,0.5930205812543966,0.0581902861595153,-0.006210697718566971,0.012479327619075734
4,661,0.5785057577767792,0.3942623287439346,-0.004984919159861212,-0.000594677403569277
4,662,0.6326876117444901,0.3335229903459549,-0.01613855013889931,0.013680113479495049
4,663,0.48752971686051333,0.3875693827867508,0.0001126203535470327,0.007189738564193249
4,664,0.41955587476566414,0.2944680899381637,-0.008828768647406393,0.006834559142589514
4,665,0.4442990641798018,0.303081214427948,-0.0017908092799688302,0.013780302368104513
4,666,0.632507751532152,0.1776879578828811,0.04450080295814174,0.0039854031056165695
4,667,0.5964517687781852,0.0291802883148193,0.04163694688212605,-0.0129471868276596
4,668,0.632507751532152,0.2060489058494568,0.04450080295814174,0.014404766261577606
4,669,0.4408627476225992,0.1789104640483856,-0.00332041106901243,0.026986118406057358
4,670,0.43179205593137615,0.0803912580013275,0.008878931522879663,-0.013627950102090808
4,671,0.45633345730079966,0.1242697834968566,0.007322362991879494,0.02985717169940466
4,672,0.6405629559017975,-0.0662826895713806,0.05235645026229829,-0.0014501214027404924
4,673,0.5446068514537286,0.0711712837219238,0.026921425533464882,-0.005160614848136902
4,674,0.5341371536972295,-0.0167752504348754,0.014612150809860336,0.002134270966053047
4,675,0.32090896899850785,0.411190316081047,-0.011567063690026136,0.017806845717132036
4,676,0.42638911867152873,0.1295949816703796,0.011770089395063188,0.004052598029375104
4,677,0.38372454807576306,0.1488995552062988,0.01164673222247975,0.014254994690418243
4,678,0.4402728788822291,0.3795017302036285,0.011323643210899015,0.014565601013600826
4,679,0.4939793278250294,0.1163825988769531,0.0215039657148266,-0.020051695406436892
4,680,0.4393854491514515,0.0285232067108154,0.008924062651108844,0.005380555987358111
4,681,0.4714798581522553,0.4324312955141067,-0.010135910717294139,0.003486217465251684
4,682,0.5598211157387392,0.3915126174688339,0.005165493008135402,0.0016374769620597363
4,683,0.5223475751274809,0.0683287978172302,-0.01690240167250212,-0.00221832841634749
4,684,0.5822742593593866,0.3240226805210113,0.032507809540258004,0.004316084086894989
4,685,0.4757998803813837,0.1938179731369018,0.007051884894214433,0.01721857860684395
4,686,0.5822742593593866,0.2974460422992706,0.032507809540258004,-0.011050873436033781
4,687,0.4393854491514515,-0.018724501132965,0.008924062651108844,0.0027671903371811225
4,688,0.410222640707271,-0.0069504380226135,0.0028665005277626054,-0.0037233605980873004
4,689,0.4624630548976695,-0.0069133043289184,0.0008322677051955107,-0.004053428769111562
4,690,0.5275221953969402,0.1467436850070953,0.004535400758034269,-0.071419483050704
4,691,0.5195675714990995,0.0753328204154968,0.004470257848246395,-0.022101961076259613
4,692,0.5195675714990995,0.074061632156372,0.004470257848246395,0.00042655318975445833
4,693,0.3287560161930285,0.2031689286231994,-0.011994868986105134,0.009994253516197177
4,694,0.3474410394319982,0.0489083528518676,-0.004124950218044876,0.023147478699684112
4,695,0.3474410394319982,0.0274199545383453,-0.004124950218044876,0.020997304469346972
4,696,0.5268224657497879,0.1519369482994079,0.023657309319076614,-0.005032574757933617
4,697,0.5996471868134757,0.1515097022056579,0.035167044881795784,0.002047967165708514
4,698,0.49367026661704905,0.0235034823417663,0.015375430702947779,0.009050766006112048
4,699,0.5570357188673722,0.1160561442375183,0.01440026797178895,0.017429452389478697
4,700,0.5893225478327302,0.0428392887115478,0.021971146947608267,0.011730607599020004
4,701,0.5281825402779547,-0.0215247273445129,0.01056407930467762,0.0191432312130928
4,702,0.524932794771964,0.2555457800626755,0.009292653342198864,0.002243081107735634
4,703,0.43143387236361974,0.4428484365344047,-0.0040847169634413705,0.016721704043447916
4,704,0.5085754531977713,0.3655338585376739,-0.002944923221026907,0.002616066485643387
4,705,0.49719176290844774,0.2433065176010131,0.029590531528517594,0.013895599171519252
4,706,0.5939574376481983,-0.0231641829013824,0.03392456510793618,-0.03927361965179438
4,707,0.5050874610703588,-0.0687429904937744,0.018000410269590872,0.0006214007735252242
4,708,0.46545169776886175,0.3102498352527618,0.02063210867212062,0.001413442194461767
4,709,0.34217037021579044,0.0864813029766082,-0.003855578247303648,0.023843638598918887
4,710,0.46545169776886175,0.1298895478248596,0.02063210867212062,0.023727342486381545
4,711,0.46443937827326165,0.001594603061676,0.0063986763329928475,0.010334193706512411
4,712,0.520814921805802,0.0252407193183898,0.013111384415853022,0.0038492977619170726
4,713,0.5020913048860991,0.0887274444103241,0.005812325259969053,0.023437120020389612
4,714,0.5814597614563731,0.0781387686729431,0.03172992085861126,-0.01203076913952826
4,715,0.6482950248065503,0.2692310512065887,0.03727902536964234,0.023123696446418734
4,716,0.5439704129575775,0.135403424501419,0.027332761938182792,-0.010191446170210838
4,717,0.4814156284093035,0.1946888566017151,0.005372387847847437,0.0036504715681076605
4,718,0.4090465693451122,0.1562798023223877,-0.005778812477175488,0.0015888381749391833
4,719,0.4830926370836247,-0.0262804627418518,0.011306925154214442,-0.0005791708827019119
4,720,0.5386342269277131,0.0934488773345947,0.021821017038779145,0.0007784850895404954
4,721,0.5449967671585587,0.2950506210327148,0.020162794696751196,0.019993562251329366
4,722,0.5909512700234905,0.1395879685878753,0.0246260275097564,-0.00990922376513484
4,723,0.458874573822871,0.2278592884540558,0.006551196410095217,0.01915968209505084
4,724,0.35167743636843873,0.2450713515281677,-0.006919411714804591,-0.020531497895717593
4,725,0.35167743636843873,0.2848475575447082,-0.006919411714804591,0.010002110153436605
4,726,0.48353396316496,0.0682257413864135,0.024931279026708775,-0.010122325271368054
4,727,0.48353396316496,0.0668550729751586,0.024931279026708775,-0.001635290682315868
4,728,0.48353396316496,0.0465553998947143,0.024931279026708775,-0.003290511667728424
4,729,0.44889899954996343,0.370993435382843,0.012746390863382417,0.0010420996695757467
4,730,0.43179205593137615,0.2129023671150207,0.008878931522879663,0.0030180886387824735
4,731,0.45609484976427084,-0.0066187977790832,0.017589763613618192,0.001411229372024524
4,732,0.502974128377293,0.0824115872383117,0.015250681602454186,0.0024092122912406644
4,733,0.5028420650878966,0.0157936811447143,0.013686741925490242,0.0013087987899780256
4,734,0.5047332001058076,-0.0066260695457458,0.007136302884016565,0.007002457976341262
4,735,0.48934863372555615,0.317327469587326,-0.01272103869682406,0.020846402272582
4,736,0.6326876117444901,0.3111663162708282,-0.01613855013889931,0.016924120485782623
4,737,0.5175897447252908,0.2611377239227295,-0.04871894887649242,0.03741504997015002
4,738,0.5649940873797775,0.1800613701343536,0.03878479780924293,-0.022406890988349915
4,739,0.6113599326598347,0.1545088589191436,0.036943796424521724,0.0037099458277225217
4,740,0.49874118005239026,0.1009925007820129,0.020162838732519617,0.003959715366363539
4,741,0.5655066656286734,0.1945187449455261,-0.00704854149503098,0.005131419748067884
4,742,0.5126624811661605,0.0197938680648803,-0.019527855829387097,0.008513361215591401
4,743,0.509030306892055,0.3213974833488464,-0.00882453222485391,0.012651760131120626
4,744,0.4825934805778047,0.0314745306968688,-0.017719263672986263,0.005330771207809386
4,745,0.4825934805778047,0.0649199485778808,-0.017719263672986263,-0.0036906227469444275
4,746,0.38588818528246516,0.2364541888236999,-0.023134400101393116,-0.012501889839768437
4,747,0.581052723481825,0.2950755953788757,0.011567978763070141,-0.00022055208683019467
4,748,0.581052723481825,0.2773396372795105,0.011567978763070141,-0.00045533105731010437
4,749,0.581052723481825,0.293483704328537,0.011567978763070141,0.001889767125248909
4,750,0.45204809438402,0.0020694732666015,7.611892650366547e-05,0.012110784649848837
4,751,0.4613813284424132,0.3848992884159088,-0.011619150248665333,0.015436060726642609
4,752,0.45204809438402,-0.0009928941726684,7.611892650366547e-05,0.0034144595265389
4,753,0.5313072255324709,-0.0036226212978363,-0.0026372368052716144,0.00023606792092321265
4,754,0.5362935437359375,0.150064468383789,-0.015327644711302435,0.02500070631504059
4,755,0.5643790161258664,0.2871060371398926,-0.007705504475969627,-0.018231511116027832
4,756,0.6286644188787496,0.1614206433296203,0.022059168878978408,0.033329661935567856
4,757,0.6956977499795454,0.0335856080055236,0.0274847478556417,0.0027312114834785253
4,758,0.6956977499795454,0.1060883998870849,0.0274847478556417,0.0023297891020774703
4,759,0.538654836324429,0.1266393065452575,-0.021864892124639712,0.017295002937316895
4,760,0.5066559058774106,0.3301887214183807,-0.05557531556317363,0.02025015465915203
4,761,0.5803378322059185,0.2957766950130462,-0.012443885830734747,0.03528220392763609
4,762,0.4470290470180789,0.2158528566360473,0.02188959605451829,0.012325730174779864
4,763,0.48969361761384456,0.3416988868266344,0.022012953227101673,0.017023850232362747
4,764,0.4470290470180789,0.3582132011651993,0.02188959605451829,0.032325914129614886
4,765,0.5995317422882132,0.2507517337799072,0.043600944321172785,-0.022812820971012115
4,766,0.6592021044133198,0.1118936538696289,0.045476366458632955,-0.013859331607818548
4,767,0.5983571347620329,0.067909836769104,0.02798321589183761,-0.006853856146335574
4,768,0.6268719326758435,0.1884623169898986,0.03764962519020176,0.02159873023629183
4,769,0.6591587616412015,0.0032012462615966,0.04522050416602086,0.0064170286059378745
4,770,0.598018754086426,0.058038055896759,0.03381343652309032,0.02199872583150865
4,771,0.48832085238986467,0.2416150271892547,0.02826450037384376,0.007587831467390033
4,772,0.49621655055177577,0.0028340816497802,0.016674379114917037,-0.00035607069730763654
4,773,0.507946768405641,0.2164451479911804,0.02822763915875892,-0.0021635405719279965
4,774,0.5934828239904466,0.0102972984313964,0.027310672991930685,-0.017828442156314885
4,775,0.6568201651143326,0.0767142176628112,0.0370751617817584,-0.0022121444344520985
4,776,0.6306717766962324,0.0619551539421081,0.025343391179546093,-0.006292529404163361
4,777,0.29144959149797656,0.1231722235679626,-0.015550195642380527,0.0015968307852745056
4,778,0.34217037021579044,0.0640347898006439,-0.003855578247303648,0.028028242290020017
4,779,0.3583693959021885,0.1913677155971527,-0.012451933726794318,0.003015484660863904
4,780,0.4811923225098631,0.1446917653083801,0.011947809689127675,0.019917931407690062
4,781,0.5034642214019764,-0.0348355174064636,0.0034751943524887197,0.0073684751987457
4,782,0.499915939429566,0.1597517132759094,0.019246868845011644,0.008742421865463257
4,783,0.6635205254894996,-0.0655927658081054,0.022885469364131383,0.003996029496192946
4,784,0.6644409717735255,0.0802065730094909,0.037740648956342326,-0.002838894724845914
4,785,0.5757623944323181,-0.0151712894439697,0.015140752616500941,-0.001203596591949475
4,786,0.41645511374099736,0.2187933027744293,0.002861295829514332,0.02205590158700943
4,787,0.5070346658270612,0.0284026861190795,0.007285572334557233,0.014007292687892874
4,788,0.5070346658270612,0.0132842063903808,0.007285572334557233,-0.0012254044413566624
4,789,0.42207195937073927,-0.0052679777145385,-0.004615792400285701,-0.0075890049338339875
4,790,0.49874118005239026,0.0059383511543273,0.020162838732519617,-0.0035791546106338874
4,791,0.49874118005239026,0.054820716381073,0.020162838732519617,-0.005098901689052526
4,792,0.5065876328293915,0.0989654660224914,0.017910461614488282,-0.03213428333401683
4,793,0.5111220004689494,0.2551937103271484,0.024620348908094503,0.016856428235769244
4,794,0.551709420528014,0.1878601312637329,0.01326345220653058,-0.004506230354309054
4,795,0.5962591874701293,0.1990776062011718,0.019911217983313634,-0.0033242776989937106
4,796,0.6560691310249653,0.295751541852951,0.04375327140498808,0.0024374872446059626
4,797,0.5853432870255664,0.0745538175106048,0.03823019758701207,-0.001308176666498198
4,798,0.3505787333386735,0.173922061920166,-0.0026973738982183915,0.005547735840082169
4,799,0.4104576937407156,0.234296053647995,0.010040284288304835,0.015591211616992978
4,800,0.45397598816776286,0.034529685974121,-0.0028147594818011545,0.006200097501277885
4,801,0.5000371109508168,0.2744268774986267,0.022134069083920294,0.008904144167900085
4,802,0.4652682385169623,0.0510034263134002,0.010420590652410133,-0.02184217795729637
4,803,0.5109530113953799,0.1892654597759246,0.0038150894802218005,0.01801221445202822
4,804,0.7027746679792644,0.0598900318145751,0.041538394594763606,0.002973444759845699
4,805,0.5345253442868136,-0.0178107619285583,0.0019772591281423946,0.002212658524513248
4,806,0.7027746679792644,-0.0165464878082275,0.041538394594763606,-0.003149248659610762
4,807,0.5518499834586905,0.0330306887626647,0.017147906753332998,-0.0034118145704270034
4,808,0.44404872562974257,0.1660531163215637,-0.002583321526886395,0.006580736488103894
4,809,0.5145981659482628,0.0464144945144653,0.005301244182588483,0.004317574203014374
4,810,0.5446474411186137,0.2603314518928528,-0.0069614230269676725,0.02841861359775069
4,811,0.5707958295367139,0.1613838970661163,0.004770347575244749,0.02443196251988411
4,812,0.5446474411186137,0.1713773906230926,-0.0069614230269676725,-0.001669025048613576
4,813,0.3931756436932845,0.067535400390625,0.011628743266286101,0.007412999868392986
4,814,0.344086054676806,0.3322789967060089,-0.008289904495508649,0.020823568105697632
4,815,0.3449626931271872,0.0676178932189941,-0.005360869074443386,0.003806501626968384
4,816,0.31594993582031494,0.1404781639575958,-0.016141834307375147,0.011511199176311493
4,817,0.3346349590592846,0.3288341015577316,-0.008271915539314945,0.03043610788881773
4,818,0.32003233054812674,0.1443725824356079,-0.014496099111091343,0.019597191363573102
4,819,0.4940126934522415,0.0267288386821746,-0.0012327784065122582,-0.019831895828247126
4,820,0.4967339737196661,0.2680517435073852,-0.0048735344070526265,0.014349564909934998
4,821,0.38498426180681034,0.2948953807353973,-0.008798256999078602,0.004782896488904953
4,822,0.5332022909569041,0.0106644630432128,-0.03880710585792024,0.0194343253970145
4,823,0.5774807733192227,0.2630879655480385,-0.025406690752444727,0.009050193242728766
4,824,0.505919111623618,0.2714723497629165,-0.001986204401309144,0.01144466083496809
4,825,0.5056014373173726,0.2200419604778289,0.012846673343167248,-0.002832259982824381
4,826,0.5168723757724235,0.0923123061656951,0.012865863488228935,-0.0017675049602985798
4,827,0.5056014373173726,0.1995536983013153,0.012846673343167248,-0.021000955253839465
4,828,0.390743607787293,0.1229612231254577,-0.002872424457512235,-0.01495015993714334
4,829,0.40107134185519555,0.2931786775588989,3.862200735926802e-05,0.009111957624554634
4,830,0.43814433852686296,0.231391429901123,-0.009232776068614446,0.001966252923011752
4,831,0.5084309236267239,0.1142947077751159,0.006417777771324573,0.01362353563308713
4,832,0.5253871225375302,-0.0494402647018432,0.009956876773310142,0.017466627061367042
4,833,0.5087116745013824,0.0746312141418457,0.013220109640924238,0.005298487842083005
4,834,0.48684990665441996,-0.0427311062812805,0.007194596390907082,0.004055473953485482
4,835,0.43814433852686296,0.2744075953960418,-0.009232776068614446,0.015290200710296575
4,836,0.4483851348023668,0.2292786389589309,-0.014141829842479914,0.02047538943588731
4,837,0.5939574376481983,0.0439835786819458,0.03392456510793618,-0.02024067193269727
4,838,0.5713677439773766,-0.0266226828098297,0.033093735315211203,0.001961238682270036
4,839,0.632507751532152,0.2056154012680053,0.04450080295814174,0.012417078018188449
4,840,0.43664147197102576,-0.0419464111328125,0.0031249272736523226,0.006471388041973072
4,841,0.5042731879495701,0.2628138661384582,0.006012658930337644,-0.009846229106187876
4,842,0.43664147197102576,0.0353333950042724,0.0031249272736523226,-0.005430027842521674
4,843,0.3391028630350513,0.3005724251270294,-0.014722173949901385,0.03366295527666813
4,844,0.32003233054812674,0.016644537448883,-0.014496099111091343,0.002022385597228976
4,845,0.3391028630350513,0.3210406079888344,-0.014722173949901385,0.023017171770334244
4,846,0.5175897447252908,0.009821593761444,-0.04871894887649242,0.0028604343533515254
4,847,0.5793911538671885,0.1677767932415008,-0.03474934937717056,0.00552765280008316
4,848,0.5793911538671885,0.1959635913372039,-0.03474934937717056,-0.0103964544832707
4,849,0.5191813722578815,0.1119587421417236,0.025529384364528784,-0.016676075756549807
4,850,0.5862320921888171,0.0987616181373596,0.027450027340105487,0.0016390159726143022
4,851,0.5434051022405753,0.1989127993583679,0.012858429191512033,0.03379622846841812
4,852,0.29553198622578836,0.1437950134277343,-0.013904460446096722,-0.004390954971313532
4,853,0.34628434840637334,0.4209097325801849,-0.002675800692908903,0.01290371967479581
4,854,0.29553198622578836,0.284602403640747,-0.013904460446096722,0.013644382357597351
4,855,0.46807865710018726,0.2120985984802246,-0.016493485114280504,-0.00041888281702992525
4,856,0.43605420948862283,0.4191426858305931,0.0008321728420042085,0.003293680027127266
4,857,0.4172109401249616,0.1592619717121124,-0.009726994159072522,0.00030409079045057297
4,858,0.6032660601186268,-0.0580564141273498,-0.014445552229175096,0.003596767783164999
4,859,0.5594967344917187,0.3264677077531814,-0.005392309318809074,-0.0024821208789945204
4,860,0.6604498258251511,0.282673180103302,0.01493925478990299,0.004284851253032684
4,861,0.5504730357736314,0.0685023963451385,0.012399267771385336,0.01106234639883042
4,862,0.5047332001058076,0.0288789868354797,0.007136302884016565,-0.0014913007616996626
4,863,0.5636685839018845,0.1858865618705749,0.021202132486255243,0.026797771453857422
4,864,0.5637300667869727,0.3288260027766227,-0.012335226619957895,0.007709934376180172
4,865,0.6042418909860959,0.420366171747446,-0.02359955492930277,0.011958994902670383
4,866,0.5600359441998166,0.2486196458339691,-0.006412548540526197,-0.0005578286945820132
4,867,0.3844782028322029,0.1412198543548584,0.0032791065231566607,0.004270434379577692
4,868,0.4860159757425551,0.1240050196647644,0.0200049759289897,0.010502196848392528
4,869,0.4086984945792975,0.2930930256843567,0.007065652804363165,0.024965563789010048
4,870,0.48752971686051333,0.3198998868465423,0.0001126203535470327,0.007011417299508993
4,871,0.536814850943778,-0.0096859335899353,0.023890352167562634,-0.004699833691120162
4,872,0.5707958295367139,0.3202228099107742,0.004770347575244749,0.012889634817838613
4,873,0.412700518294963,0.2661702036857605,0.010300629256952853,0.014827881008386612
4,874,0.4669409605571386,0.2408451437950134,0.021912149028076422,0.026586007326841354
4,875,0.412700518294963,0.316199466586113,0.010300629256952853,0.013865696266293581
4,876,0.5329805361406662,0.1345805823802948,0.009538024666302491,0.025480151176452664
4,877,0.43576441684576384,0.1419892609119415,-0.004190197432409504,0.005809789523482323
4,878,0.47431237356113776,-0.0263225436210632,-0.006650025222852796,-0.0020820200443267996
4,879,0.5649940873797775,0.0380489826202392,0.03878479780924293,-0.012206874787807485
4,880,0.5649940873797775,-0.0059754252433776,0.03878479780924293,0.013850659132003802
4,881,0.4976045676775204,0.0512529611587524,0.029173763322903945,-0.010407440364360789
5,0,0.48685723919993285,0.2423252165317535,0.04352034410074773,-0.01811497285962102
5,1,0.44482864645786446,0.1253423392772674,0.027360160224609575,-0.018465418368577985
5,2,0.43976351253492507,0.1196957826614379,0.021217341457064942,-0.01932177878916269
5,3,0.40214427659059554,0.3022368252277374,-0.0006245819055634705,-0.017996463924646378
5,4,0.3532139777637283,0.0091777443885803,0.014692678338047993,-0.0030560344457625996
5,5,0.4272464155822937,0.0178560614585876,0.036924703156093086,0.005599819123744977
5,6,0.6563411914636,-0.0068419575691223,0.04228013881676229,-0.0037351474165916495
5,7,0.6198258996237457,-0.0330187678337097,0.02608968833271097,0.007005035877227762
5,8,0.6983814231295231,0.190077394247055,0.030724261928581686,-0.0018007233738899509
5,9,0.4075526742023915,0.077737808227539,-0.008969758537006267,0.005027249455451938
5,10,0.4347187121564806,0.2545045912265777,0.017556850084303022,-0.0016045290976763327
5,11,0.39556537793121094,0.0858086347579956,-0.0015383496332140867,-0.0014221034944057048
5,12,0.43552795825503277,0.1152508556842804,0.006153601192593505,-0.007038969546556445
5,13,0.5446630729500676,0.1683180034160614,0.02991992924304465,-0.0002869777381419858
5,14,0.5065824674324523,-0.0016591548919677,0.013333383617785632,-0.00238680094480505
5,15,0.3937076537890428,0.0944608449935913,0.05267546567214659,0.0010895431041717668
5,16,0.3642734776814188,0.0247789025306701,0.020772672103354484,-0.014409266412258159
5,17,0.3937076537890428,0.1402056217193603,0.05267546567214659,-0.033760130405426025
5,18,0.4143443415422834,-0.0216175019741058,0.03661976092137237,-0.04057233408093448
5,19,0.38327880128795944,0.1576699018478393,0.024055877436750417,-0.004897274076938629
5,20,0.35284162241114836,0.1610851883888244,0.024476239329151883,-0.00379119813442233
5,21,0.3988899705548849,0.2283353805541992,-0.002654067080999023,0.009184785187244443
5,22,0.43216420513257864,0.2496424317359924,-0.04449163038188464,0.0006410218775272369
5,23,0.4092465934122145,0.1357454061508178,-0.01398544100083643,0.004055421799421283
5,24,0.40406427664637246,0.1536524593830108,0.04134409175230924,-0.008216351270675687
5,25,0.37896946763490136,0.1248517930507659,0.003861644425442734,-0.01397674158215527
5,26,0.4018879698308403,0.0929027497768402,0.022987452095648675,-0.020863302052021
5,27,0.43792068320035,0.3711626157164573,0.051550263473320534,-0.003753370605409201
5,28,0.46228972538503466,0.2746307849884033,0.07731023827456807,0.021671352093108
5,29,0.4879915470612146,0.2073513120412826,0.06739735229133847,0.01766941137611866
5,30,0.4601686727507229,0.1396533846855163,0.026097714462551158,-0.008471883833408356
5,31,0.46948756179338086,0.0330018401145935,-0.011413621667413498,0.002334229648113275
5,32,0.43797593738157037,0.0487536787986755,0.018694379317964194,-0.003023553639650338
5,33,0.676817836389221,0.2544337511062622,0.012691867417776836,-3.065541386598758e-05
5,34,0.6659192388958594,0.0949631631374359,0.02461863268032649,0.010405417531728772
5,35,0.6202103745005385,0.1261604726314544,0.007338987877409164,0.012015584856271716
5,36,0.31754864732783616,0.0759154856204986,0.021999248028442886,-0.0003903713077306886
5,37,0.3759706601965947,0.3690784871578216,0.031692324358367274,-0.010969457682222128
5,38,0.3987823886858028,0.0562972128391265,0.03828333998054667,-0.00017290189862255445
5,39,0.4316822826504052,-0.0062534213066101,-0.03230425026625883,-0.011686123907566062
5,40,0.4571196776522637,0.030915081501007,-0.008379234251080947,-0.008776523172855401
5,41,0.4316822826504052,-0.0040894150733947,-0.03230425026625883,-0.012401938438415413
5,42,0.5061725810517615,0.1233488619327545,0.04429324149467295,-0.021765254437923418
5,43,0.4204375859662767,0.3804949969053268,0.026228222582883376,-0.009220018982887268
5,44,0.43622865586768644,0.2149936556816101,0.043544812426789314,-0.019337169826030703
5,45,0.621967122815546,0.3009312152862549,0.008061031828013543,0.0005662925541400909
5,46,0.6560164246062414,-0.0789965391159057,0.029012097537612136,-0.0017061270773410658
5,47,0.6778812004381976,0.1565287709236145,0.019762815291153202,0.0009926483035087863
5,48,0.5605335276568082,-0.0089836716651916,0.04147741967283136,-0.006742715835571263
5,49,0.5135607467857075,0.0683439373970031,0.025533428670629077,0.0042501166462898116
5,50,0.49841498308469856,0.087138295173645,0.02268919515914447,-0.012909322977066026
5,51,0.5570658910194105,-0.0218453407287597,0.004623369457964821,-0.002145141363143914
5,52,0.6129799686420621,0.3575654029846191,0.01632515292110437,-0.013163389638066347
5,53,0.4838508614082999,0.066845417022705,0.009899463660650754,0.0032888129353523116
5,54,0.4794426488745277,0.0855622291564941,0.07074048458393617,-0.008501090109348283
5,55,0.516205467265001,0.1806429028511047,0.057479791245045375,0.011411722749471692
5,56,0.5305636415433492,0.2405003011226654,0.045425179136399096,-0.008987275883555385
5,57,0.3825002416349669,0.186879426240921,0.016103614229622476,-0.036182817071676254
5,58,0.3825002416349669,0.2999538481235504,0.016103614229622476,-0.01371019333600998
5,59,0.3825002416349669,0.1235700249671936,0.016103614229622476,0.004739750176668209
5,60,0.40386153302719974,0.0227617025375366,0.016480022652620163,0.0034833773970604255
5,61,0.4119918456283316,0.0371206402778625,0.028528384013907393,0.005400389432907111
5,62,0.4119918456283316,-0.0232055187225341,0.028528384013907393,-0.006354123353958126
5,63,0.5411388048020087,0.1331456303596496,-0.003586072777308047,-0.03676014393568039
5,64,0.5568796993129375,0.2150572836399078,-0.000407908483807784,-0.032542452216148376
5,65,0.6157310359332175,0.1172345578670501,0.0109038441388839,0.007552890107035623
5,66,0.6407812424346132,0.2053644955158233,0.053636214503877455,-0.020332228392362622
5,67,0.6407812424346132,0.1700014472007751,0.053636214503877455,-0.02791469544172287
5,68,0.6407812424346132,0.278252899646759,0.053636214503877455,-0.010183114558458328
5,69,0.38251142725024256,0.101993978023529,-0.001129874643184814,-0.008416898548603072
5,70,0.38251142725024256,0.1141301393508911,-0.001129874643184814,-0.007848314940929385
5,71,0.38761816838411234,0.0724604129791259,0.018476223678676018,-0.01605235785245898
5,72,0.45393832102886533,0.2768891751766205,-0.044851470343303834,0.0034925993531942368
5,73,0.44251676482344204,0.0494239926338195,-0.04490094034687475,0.01143778860568996
5,74,0.4564522848646937,0.1310811042785644,-0.07525220986849157,0.011546555906534195
5,75,0.4414855515401197,0.1896304190158844,0.017626758378265384,0.01272099837660795
5,76,0.38529745326509446,0.1730067133903503,0.017001865096294255,0.016304608434438705
5,77,0.38848486502770635,0.0382630228996276,0.02112199490748523,-0.020513027906417874
5,78,0.465613027019135,0.2492829859256744,-0.0005649170488849498,-0.019556971266865758
5,79,0.44628645285581675,0.1833262145519256,0.016737889793532912,-0.013712774962186841
5,80,0.5113549185736325,0.1696220934391021,0.012336134351511152,0.014775957912206622
5,81,0.42965479693406367,0.0964139103889465,-0.020949368506494037,-0.004798293113708468
5,82,0.4637447067572099,0.1283804774284362,-0.0024227909676298176,-0.003517530858516721
5,83,0.43412447059386244,0.103258192539215,-0.04503007341536419,0.00043939799070354113
5,84,0.41856874208820904,0.3209599256515503,0.03515000758877562,-0.018524153158068657
5,85,0.43035980871033314,-0.0278790593147277,0.037847526335194726,0.0007138624787331009
5,86,0.40953763674966526,0.0922397971153259,0.016934795802912073,0.0006719678640365878
5,87,0.615002843400853,0.0980184674263,0.04366629983957793,0.010489739477634416
5,88,0.615002843400853,0.0739270746707916,0.04366629983957793,-0.005235418677330017
5,89,0.5446630729500676,0.1860885918140411,0.02991992924304465,-0.019903097301721573
5,90,0.7602361616967293,0.3042708933353424,0.003918983072432547,0.005070909857749939
5,91,0.8096891277757758,0.181533932685852,0.00019351773183606813,-0.005286561325192479
5,92,0.6542058024106305,0.1674619019031524,0.007563695212557731,-0.004505522549152402
5,93,0.6658527556476499,-0.0326351523399353,0.03312244039664214,0.0034823939204215587
5,94,0.6805620056980577,-0.0060169100761413,0.025662717040033867,0.012275964021682762
5,95,0.7475795589440929,0.0662494301795959,0.025590315608371217,0.007662482559680925
5,96,0.6156098873448759,0.1138860285282135,0.00850401701422121,-0.01181185990571973
5,97,0.6156098873448759,0.1736014187335968,0.00850401701422121,-0.0010295696556567868
5,98,0.6377911759366925,0.1313785016536712,0.013423393028280217,0.002255097031593295
5,99,0.38323719407702905,-0.0062060356140136,0.010592597882434163,0.010557979345321662
5,100,0.43599618462908935,0.0555567741394043,0.006645089945951699,-0.002805814146995503
5,101,0.41406924071126555,-0.0315647721290588,-0.01851914226934609,0.0012367367744445454
5,102,0.529289326976979,0.0381215810775756,-0.0025151343073805954,-0.003771010786294965
5,103,0.48337650819821354,0.0817831754684448,-0.00865978409061563,0.015437856316566481
5,104,0.5038519319751205,0.0037102103233337,-0.02644015032255853,0.0056345798075198876
5,105,0.42413040297013693,0.1205277442932128,0.0654584727879966,0.023232407867908436
5,106,0.42715827424783637,0.3097892701625824,0.06039226459094316,0.00034845806658267975
5,107,0.35009796515157154,0.0189669728279113,0.04322644796995151,0.008499309420585613
5,108,0.5093756531158029,-0.0028977990150451,0.021983504205501436,0.004437647759914437
5,109,0.5058652020317682,0.1125006675720214,0.023222720405621344,0.0018947422504424632
5,110,0.5423804938716226,0.0773645937442779,0.039413170889672666,0.016464546322822557
5,111,0.4236384083565888,0.0583682656288147,0.04258535395742269,0.0008385628461838115
5,112,0.3762270506410671,-0.039695918560028,0.039207748683274035,0.004808224737644216
5,113,0.3762270506410671,0.1340193748474121,0.039207748683274035,-0.029439542442560168
5,114,0.5634501405010721,0.3035520911216736,0.00348919346327059,-0.011565618216991425
5,115,0.504602470875629,0.2882297039031982,-0.0034174182224963046,0.010249581187963486
5,116,0.504602470875629,0.2600603699684143,-0.0034174182224963046,0.01502210274338725
5,117,0.4528466900820869,0.245182454586029,0.025291692228213647,-0.027228929102420862
5,118,0.44668198150030447,0.1535106003284454,0.016093432797209428,-0.027295734733343124
5,119,0.4528466900820869,0.0466152429580688,0.025291692228213647,-0.02824767306447027
5,120,0.45483951436420084,0.161986231803894,0.06517474713450339,-0.014811191707849503
5,121,0.4327083752534119,0.2438457608222961,0.0739018577453383,-0.008244745433330591
5,122,0.43573624653111126,0.3332818746566772,0.0688356495482848,-0.007635356858372744
5,123,0.4688079840158069,0.0674974918365478,-0.010417360833816003,-0.0034235864877701083
5,124,0.40017065823859477,0.0899339318275451,-0.002196249280881135,-0.009188421070575742
5,125,0.4779672174925821,0.0369528532028198,-0.010929178058241173,0.0009669438004493783
5,126,0.4605600602732941,0.0980855524539947,0.02902866519984887,0.020606834441423416
5,127,0.5161638841581289,0.1034716665744781,0.01289240127790181,-0.013874880969524397
5,128,0.5161638841581289,0.192545473575592,0.01289240127790181,-0.018328916281461716
5,129,0.6037709203438961,0.2402631640434265,0.020004925328637846,-0.0062308963388204575
5,130,0.5870414279825735,0.2123070657253265,0.01268196445088432,-0.007579240947961807
5,131,0.5870414279825735,0.3169232010841369,0.01268196445088432,-0.012271648272872027
5,132,0.44253556225642426,0.2852019965648651,0.02667476900639898,0.009059712290763855
5,133,0.36829069724143837,-0.0551210045814514,0.03601071201705164,0.0025595501065253864
5,134,0.4191134834970446,0.1394002139568328,0.05433293460581107,0.024410255253314944
5,135,0.5034046124944406,-0.0073084831237792,0.012995837956936762,0.007646672427654301
5,136,0.5416095474113374,0.0109978914260864,0.032382596920861983,-0.01081344485282895
5,137,0.47949100283922774,0.0178404450416564,0.013594372407175093,-0.0019878223538398986
5,138,0.5385019800424128,-0.0062547922134399,-0.015036498503942619,-0.023087758570909462
5,139,0.5842108444377336,0.1162734031677246,0.0022431462989748185,-0.015353973954915986
5,140,0.5842108444377336,0.2185527086257934,0.0022431462989748185,-0.025446718558669118
5,141,0.32287503997989137,0.2431009113788604,0.029613425351843026,-0.006990518420934705
5,142,0.37691207994062836,0.2110143303871154,0.03390226343009245,-0.007364202290773447
5,143,0.3151005823746043,0.2037179172039032,0.021707693336490863,0.005978705361485537
5,144,0.5385019800424128,0.0485445857048034,-0.015036498503942619,-0.02241045609116557
5,145,0.638442222641122,0.2107611894607544,0.004615504197440945,-0.02145216986536977
5,146,0.5313203472991717,0.1666445136070251,-0.038002654318353146,0.006761733442544909
5,147,0.5493051483914169,-0.0246360599994659,0.03839357745233418,0.004621591418981538
5,148,0.4636729921034663,0.3640586286783218,0.032834507816051406,-0.015301099047064781
5,149,0.46122492715023444,0.3061092495918274,0.03254295312409938,-0.013547569513320867
5,150,0.5128347773076926,0.2212922871112823,-0.024942305874764314,0.00012983381748196687
5,151,0.5675466201681787,0.062759131193161,-0.018012687396948723,0.015846595168113736
5,152,0.5357523890280567,0.172291874885559,-0.055448495255812635,0.012968145310878698
5,153,0.5364256432447029,0.0926999449729919,0.024332939938336517,-0.016437277197837816
5,154,0.5212798795436939,0.0569089651107788,0.021488706426851967,-0.011762835085391964
5,155,0.5245964218504967,0.0452319979667663,0.021171786299374662,-0.026348859071731567
5,156,0.46874387432935255,0.0519972145557403,0.02454374821322497,-0.01746578887104988
5,157,0.42965479693406367,-0.0262893438339233,-0.020949368506494037,0.00582645088434219
5,158,0.46874387432935255,0.0482206046581268,0.02454374821322497,-0.021046500653028474
5,159,0.42734465667526783,0.0697141289710998,0.05142508827748671,0.010763868689537048
5,160,0.34553776125141533,0.0214581489562988,0.021287331444089397,0.008525878190994263
5,161,0.38761816838411234,0.1822253167629242,0.018476223678676018,-0.021830484271049472
5,162,0.5640543930169137,-0.0387719571590423,0.013257068593755528,0.015076491981744787
5,163,0.5950391848108123,0.1235733926296234,0.03200948830134087,0.01754077151417735
5,164,0.5640543930169137,0.0441062450408935,0.013257068593755528,-0.0006763860583305359
5,165,0.4828075451460304,-0.066117525100708,0.013277452279697788,-0.004665724933147472
5,166,0.4828075451460304,0.1092135906219482,0.013277452279697788,0.006836414337158217
5,167,0.42581233668314894,0.143073171377182,0.006741703890681072,-0.0019616186618804654
5,168,0.6162321136601647,0.3822111040353775,0.0377456307791475,-0.007377428933978081
5,169,0.596546869230649,0.0543121695518493,0.02251533235079428,0.0015969648957252364
5,170,0.5781515081425495,-0.0090413093566894,0.021159085153888424,0.003968402743339551
5,171,0.411116948421409,0.1461039781570434,0.009234743267601542,0.012672096490859958
5,172,0.4092461651281802,0.2668898701667785,0.0011433867240628892,0.013476520776748602
5,173,0.42983968693994445,0.0543945431709289,0.015597822098943559,-0.0024487748742103646
5,174,0.44234503055746793,-0.0449962615966796,0.012676740639249007,-0.004073716700077022
5,175,0.4310987053441794,0.0296816825866699,0.02916214890986535,0.00044350326061252596
5,176,0.43092347435204464,0.0044941902160644,0.012627270635678145,-0.0024036839604378
5,177,0.399021808625006,0.0956577062606811,-0.001718689891356151,0.010012045502662659
5,178,0.4641552206211827,0.1628049612045288,0.010057353382191714,0.004878867417573957
5,179,0.45373365148549216,0.2013364434242248,0.00521092858645944,-0.012847997248172788
5,180,0.41500218578137166,0.2135568261146545,0.017717262717345916,0.003083612769842148
5,181,0.42535880863870124,-0.0637626051902771,0.006385888797508565,0.0011848956346511563
5,182,0.42535880863870124,-0.0259760916233062,0.006385888797508565,-0.004755988717079166
5,183,0.621967122815546,0.2379053831100464,0.008061031828013543,-0.023350875824689865
5,184,0.5570658910194105,-0.005568504333496,0.004623369457964821,-0.0023851767182349625
5,185,0.5570658910194105,-0.0143916606903076,0.004623369457964821,-0.003287628293037463
5,186,0.5570297065432086,0.2785578072071075,0.017458752494611707,-0.00950746331363922
5,187,0.5101937286125777,0.1524891555309295,0.030152248454835773,-0.022510722279548673
5,188,0.6532304918292863,0.305302083492279,0.016782321853770155,-0.011044718325138148
5,189,0.5666553650345545,0.0583935379981994,0.02668230445626607,0.008353263139724725
5,190,0.560035903858016,0.1519292593002319,0.04401247118332807,-0.023692965507507296
5,191,0.5270310631021964,0.2357802987098693,0.026582804499156842,-0.015554498881101692
5,192,0.42715827424783637,0.0454261749982833,0.06039226459094316,0.006234364584088305
5,193,0.42715827424783637,0.1768122166395187,0.06039226459094316,-0.006592294201254845
5,194,0.4063020704234872,0.1146619617938995,0.03693285597949264,0.0015470460057258606
5,195,0.5845789346882705,-0.033742606639862,0.019076354095940218,0.002911098301410682
5,196,0.6082053852960263,0.2378243803977966,0.032663320638160354,-0.011838056147098541
5,197,0.5960566578261979,0.0765652060508728,0.04005222542086917,-0.006085455417633029
5,198,0.5521828459549444,0.0730416178703308,0.02957571765423528,-0.004001311957836123
5,199,0.57461727728445,0.0483913421630859,0.03743132420608486,-0.002918832004070275
5,200,0.5886981377947987,0.1190265417098999,0.0457661681382866,-0.0005754753947257579
5,201,0.42995891437199385,0.222628116607666,0.0416915532073841,-0.013056263327598572
5,202,0.4181228018601709,0.0933785140514373,0.022956844142959842,0.02122043073177335
5,203,0.37273446264864496,0.1331186592578888,0.0332825853179437,-0.0026080124080180844
5,204,0.3868751135598818,0.3338465094566345,0.0020031600394364024,0.005831465125083923
5,205,0.3814979447710497,0.2732906341552734,-0.006283638120993584,-0.006376963108778055
5,206,0.3766802886295897,0.0994992852210998,-0.0007530104931735004,0.013656221330165835
5,207,0.5309762059692555,0.2175201475620269,0.042813986837301476,-0.024074325338006075
5,208,0.4944609141294012,0.1907848119735717,0.026623536353250155,-0.019366502761840876
5,209,0.4979713652134359,0.2143252193927765,0.025384320153130246,-0.029886750504374476
5,210,0.453609226568229,-0.0066067576408386,-0.007140018050961039,-0.0004872158169746373
5,211,0.453609226568229,0.0533422827720642,-0.007140018050961039,-0.010965950787067379
5,212,0.4998941614104059,-0.0628598928451538,0.01423505415705667,-0.008700281381607083
5,213,0.4224625618266368,0.1226040124893188,-0.07893383726638126,0.011460751295089722
5,214,0.3971479956385181,0.0530353784561157,-0.08491515449934006,-0.0008951649069785725
5,215,0.4224625618266368,0.1318357586860656,-0.07893383726638126,0.0032408311963081082
5,216,0.4877438526089366,0.2103258371353149,0.04498430491497696,0.01953948102891445
5,217,0.4877438526089366,0.3272749483585357,0.04498430491497696,0.007294236682355348
5,218,0.42834309407005555,0.2377964854240417,0.018218697368875936,0.016253560781478882
5,219,0.5058677287058181,0.1098092794418335,0.019899971789126614,-0.019027676433324786
5,220,0.3840971415034551,0.1847613453865051,0.007760339811255457,0.01052735000848773
5,221,0.4913614729052611,0.1920571327209472,0.02343531131816806,-0.015416491776704816
5,222,0.5364094532502601,0.0173876881599426,0.030425504641107937,0.0035233646631241244
5,223,0.5113718845483332,0.0006240010261535,0.03521092548198551,-0.0166704282164574
5,224,0.5886981377947987,0.0626691579818725,0.0457661681382866,0.000649772584438324
5,225,0.37330761671453083,0.110954999923706,0.047136250199237284,0.0071827471256255965
5,226,0.39935554275168866,0.3745062947273254,0.0521370048618402,-0.013858236372470911
5,227,0.37330761671453083,0.0160270929336547,0.047136250199237284,-0.0006442666053772389
5,228,0.6553597267437542,0.047114610671997,0.059436006925582485,0.001217283308505998
5,229,0.5380990963273027,0.000889778137207,0.03362181312098189,-0.0037921965122222744
5,230,0.5416095474113374,-0.0002633929252624,0.032382596920861983,-0.009082078933715737
5,231,0.44598697757527017,0.0377869606018066,0.03646968242493126,0.020389147102832787
5,232,0.4703560197599548,0.2027521133422851,0.06222965722617879,-0.010593470185995102
5,233,0.4849876990396392,0.3303861171007156,0.05769607449812292,-0.002531828358769417
5,234,0.4304704721795162,0.0890942811965942,0.0394147723332558,0.0038537755608558794
5,235,0.45751242293152794,-0.0136506557464599,0.033387476256748316,-0.003970950841903638
5,236,0.4815694465414347,0.2480845749378204,0.03872750404524017,0.0025223679840564728
5,237,0.4998941614104059,-0.0105485320091247,0.01423505415705667,-0.003633610904216763
5,238,0.5772204146568714,-0.0643063187599182,0.02479029681335765,-0.002232752740383176
5,239,0.5034046124944406,0.0289967060089111,0.012995837956936762,-0.009396851062774648
5,240,0.5098971121756801,0.3019043803215027,0.022958404782587705,-0.01862536557018757
5,241,0.4447637001795035,0.225558340549469,0.01118236150903995,0.012907609343528775
5,242,0.5110554432930858,0.0740226507186889,0.032067926982909445,0.008427761495113345
5,243,0.3889147976449151,0.0481747984886169,0.002229712183435373,0.004790544509887716
5,244,0.38704401435168634,0.244386225938797,-0.005861644360103224,0.002764489501714734
5,245,0.4075526742023915,0.0826232433319091,-0.008969758537006267,0.0020582601428031505
5,246,0.7185979038044389,0.1074087917804718,-0.007937023940211008,-0.023462947458028766
5,247,0.7752053656931213,0.1400876641273498,-0.0025841443998434466,0.003287792205810547
5,248,0.6857841462557723,0.0943053364753723,0.010056333768662551,-0.006798572838306399
5,249,0.7045877311587311,0.0363138616085052,0.04281558528253859,0.009860146790742874
5,250,0.6646533539887451,0.1158769726753234,0.027556634134239033,0.01391189545392986
5,251,0.5884510597889937,0.1251919567584991,0.012814505087298644,0.011361632496118532
5,252,0.5585480148863853,0.1786490082740783,0.019450005346999033,0.0059300735592841824
5,253,0.5401800518043837,0.0023249387741088,0.010130863025711534,-0.005994312465190924
5,254,0.48953249654091224,-0.007912278175354,0.00834351871113942,-0.002543054521083863
5,255,0.5215017968089064,0.3560036867856979,0.016641542554803768,-0.01009215414524084
5,256,0.5249778285205519,0.0405260324478149,0.014689630814691546,0.0044708698987960885
5,257,0.6026761190027363,0.2640948593616485,0.022722058693807168,-0.01679894886910921
5,258,0.5688095798419899,0.2341245412826538,0.015405448130852428,-0.012371024116873713
5,259,0.578227369418992,0.1298967599868774,0.007628229803385511,-0.0007402710616588315
5,260,0.575352819180049,0.2574746310710907,-0.011179212652390857,-0.0016196146607398432
5,261,0.35867593743484644,0.2974553108215332,0.05166983292729316,-0.019117752090096474
5,262,0.3954387558253198,0.3389757871627807,0.03840913958840236,-0.012302746996283587
5,263,0.3591256301459955,0.2884831726551056,0.032047168520871805,-0.028665170073509216
5,264,0.4466025917657489,0.3159607052803039,-0.0003873362268302927,-0.004001749679446276
5,265,0.43623886604365225,0.2425536513328552,0.004721297640099431,-0.013565940782427816
5,266,0.4466025917657489,0.2717482447624206,-0.0003873362268302927,-0.004055529832840021
5,267,0.572508035890273,0.2795245051383972,0.014992019759058839,-0.0009772107005119324
5,268,0.5567725098304042,0.0985300540924072,0.02444802834853055,-0.0009271986782550673
5,269,0.5719042660537272,0.2653272449970245,0.017499060929627386,-0.0018161088228226263
5,270,0.40855176026514767,0.1183192729949951,0.016573915115392912,0.018466107547283186
5,271,0.41890838312247725,0.0105870962142944,0.005242541195555506,0.0008174777030944876
5,272,0.42245034273781845,0.1278216242790222,0.00025102212692790227,-0.0015713907778263092
5,273,0.4186837086384363,0.2536713778972626,0.03104010716329797,-0.028640836477279608
5,274,0.44377851764990744,0.0258670151233673,0.06852255449016459,0.005615968257188811
5,275,0.4143443415422834,-0.082630455493927,0.03661976092137237,-0.012454956769943265
5,276,0.4129298429912236,0.2426529824733734,-0.0006829603765763359,-0.0005430821329354962
5,277,0.4129298429912236,0.2937189936637878,-0.0006829603765763359,-0.00436575710773468
5,278,0.3868751135598818,0.3326747417449951,0.0020031600394364024,-0.008470708504319191
5,279,0.7757408455192121,0.3460133075714111,0.0013996859170273268,-0.025428975000977516
5,280,0.5201573380820547,0.0069233775138854,0.012165986094917258,-0.002573885023593938
5,281,0.6838965555533707,0.2890604138374328,-0.009908963048595898,-0.02003148570656782
5,282,0.5719042660537272,0.1289624869823455,0.017499060929627386,-0.0197042524814606
5,283,0.6160508499965343,-0.0399192571640014,0.040763427887421155,-0.0012095719575881889
5,284,0.6301345996241761,0.0461859703063964,0.03671733242067465,0.009883351624011966
5,285,0.7290699401226008,0.2340874373912811,0.0033868514374508774,-0.014696195721626282
5,286,0.6950496845298044,0.1023506522178649,0.009968383737808506,-0.00720673054456715
5,287,0.632619005011716,0.2850255966186523,-0.0017792333136239513,-0.003079665824770983
5,288,0.578227369418992,0.2995262742042541,0.007628229803385511,-0.009805422276258524
5,289,0.578227369418992,0.1347045600414276,0.007628229803385511,0.0020871125161648074
5,290,0.6753370284728615,0.1745630800724029,0.016841414352859574,-0.005671830847859383
5,291,0.5361112764766265,0.312940239906311,0.03271496204206903,-0.023257372900843676
5,292,0.5781515081425495,-0.0165744423866271,0.021159085153888424,-0.0025447309017180876
5,293,0.5781515081425495,0.0605949163436889,0.021159085153888424,0.003594733774662018
5,294,0.41852638868487657,0.1765375137329101,0.05881277606697277,0.00869819521903989
5,295,0.40994841640160173,0.2121055126190185,0.050369391109631234,-0.00043083727359774504
5,296,0.4452563208621104,0.2047820687294006,0.03236553297770961,-0.01938740536570549
5,297,0.6217204075183544,0.2281081974506378,0.010147531948925814,-0.004034211859107045
5,298,0.632619005011716,0.2902577221393585,-0.0017792333136239513,-0.01021069847047329
5,299,0.46394274023914006,0.07839035987854,0.005081385765393798,-0.003385126590728746
5,300,0.4261991637624969,0.1978655159473419,0.009738348552493836,0.008236777037382154
5,301,0.44199023366390666,0.1461594998836517,0.027054938396399775,0.006792103871703148
5,302,0.44199023366390666,0.3222652375698089,0.027054938396399775,0.005480641499161665
5,303,0.47598055175519305,0.07425057888031,0.014833588607295,-0.0030776932835579057
5,304,0.42966543450606676,0.0121820867061614,0.0051578427421862805,0.006869915872812197
5,305,0.5533068050016585,0.1452822089195251,0.025388831263596034,-0.0022783204913139343
5,306,0.4478007886096057,-0.0272316932678222,0.02913210187888371,-0.003618665039539313
5,307,0.35649963061931433,0.0714700520038604,0.03331319327063259,-0.026182597503066105
5,308,0.35649963061931433,0.087610125541687,0.03331319327063259,0.006411887705326108
5,309,0.3151005823746043,0.18557009100914,0.021707693336490863,-0.01790659874677658
5,310,0.3487251730140273,-0.0472773313522338,0.025407461255280428,-0.02389279752969738
5,311,0.29150072129067833,0.1798866093158722,0.016998493365839973,0.0004937648773193914
5,312,0.5820018317997564,-0.0235901474952697,-0.04549650938005134,-0.0033973976969718725
5,313,0.5873487159953654,0.0329137444496154,-0.022517206972695325,-0.0028178021311760088
5,314,0.5820018317997564,0.0244243144989013,-0.04549650938005134,-0.004856914281845114
5,315,0.6977824831264554,0.1246377825736999,0.004153555187887181,0.005247451364994035
5,316,0.6718148588202577,0.2384571433067321,-0.01978223215072883,-0.0012467838823795596
5,317,0.7405885961758844,0.1310855746269226,-0.026142938967426588,-0.0020188950002193173
5,318,0.6718151096541667,0.2397719025611877,-0.01616846598843813,0.004895325750112506
5,319,0.7003678387758325,0.1119669675827026,-0.0031843655353348543,-0.01732556521892549
5,320,0.7003678387758325,0.1226197481155395,-0.0031843655353348543,0.015406537801027284
5,321,0.6282207358419466,0.0722883343696594,-0.02948290611487725,-0.010582745075225816
5,322,0.5901442696434027,-0.0581613779067993,-0.0422563120997661,-0.010976359248161337
5,323,0.6282207358419466,0.1390936374664306,-0.02948290611487725,0.010428562760353088
5,324,0.7243854328975143,0.3723574578762054,-0.020947782920818225,0.00041244830936187915
5,325,0.6986275301158023,0.0897629857063293,-0.011691832405730684,-0.011709306389093399
5,326,0.7243854328975143,0.320662647485733,-0.020947782920818225,-0.001233804970979746
5,327,0.6392564325541708,0.0594140291213989,-0.026482268507448614,-0.0028926059603690893
5,328,0.6930959906880952,0.138456106185913,-0.030028785592615348,0.0011880584061145505
5,329,0.6297326954772928,0.1417764127254486,-0.02627157403923408,0.007056912407279042
5,330,0.6969764146279033,0.1370667815208435,-0.03206247949488128,-0.012519799172878238
5,331,0.6985064328329196,0.0972781479358673,-0.03263228085593173,0.005285769701004042
5,332,0.7077880388571215,-0.0671347081661224,-0.04595671557804759,0.009082823991775513
5,333,0.7477237752799344,0.1384773850440979,0.05109830249407865,-0.013409238308668109
5,334,0.8436642459301251,0.1977250576019287,0.04895480555193554,-0.016792021691799164
5,335,0.8367245251855495,0.1153643727302551,0.07230921614414665,-0.0016915127635001859
5,336,0.7134512383947134,0.0560513734817504,-0.04016885502266687,0.022305592894554124
5,337,0.6876271209789191,0.0397936701774597,-0.06104624636540301,0.012281499803066288
5,338,0.7291431840312519,0.0214070379734039,-0.038063963507531384,-0.006109610199928263
5,339,0.7332192376243136,0.1492534279823303,0.012144807224430898,0.0061416849493980685
5,340,0.6461409954440551,0.2635016441345215,0.008551089650050248,-0.009008573368191719
5,341,0.6618586320077774,0.0815513134002685,0.032516423402176975,0.012742221355438219
5,342,0.8291597082745044,0.1173427700996398,0.01000131028228779,0.0004842542111872933
5,343,0.8482843770837851,0.2334362566471099,0.03643193341581574,-0.013704799115657862
5,344,0.8482716723495097,0.1819949448108673,0.05225370943239416,0.014151694253087072
5,345,0.6982684286863674,0.258158266544342,-0.04307087749300875,-0.015555012971162852
5,346,0.6310939362634002,0.3284845948219299,-0.04853903946847926,-0.010607408359646797
5,347,0.7388051872595999,-0.0327687859535217,-0.011228496898478157,0.0029846876859664848
5,348,0.6298973443085214,0.1197214722633361,-0.03051662502260455,-0.010791797190904645
5,349,0.7180120228515792,-0.0690130889415741,-0.012592423612389214,-0.005730945616960553
5,350,0.7180120228515792,0.0896751880645752,-0.012592423612389214,-0.027761597186326925
5,351,0.6589226518303596,0.1490378379821777,-0.024906811263410655,-0.0034875720739364346
5,352,0.6213805242254274,0.159962773323059,-0.022180440385430544,0.010079912841319982
5,353,0.6684283303375674,0.1181422472000122,-0.021336372294931683,-0.011973198503255802
5,354,0.7454589148957776,0.0659329891204834,-0.0075521703570007315,0.002186559140682276
5,355,0.6575551503628407,0.2070450186729431,-0.03605760475875652,-0.012374088168144226
5,356,0.7139446025735224,0.0511723756790161,-0.017147468364521745,0.011038545519113575
5,357,0.683692925359801,0.0108026564121246,-0.05493014939173735,0.010419104248285288
5,358,0.6880189133615462,0.0283190310001373,-0.05935404404386535,0.008490927517414076
5,359,0.683692925359801,0.0953774452209472,-0.05493014939173735,0.0046837255358695845
5,360,0.7517530885321583,-0.0171840488910675,-0.009344959449599344,-0.016622457653284052
5,361,0.7271962139216512,0.2291707694530487,-0.013995433374580868,-0.012019980698823901
5,362,0.8087647581909643,0.2100123465061187,0.026265810032481407,-0.017168030142784174
5,363,0.7686742842330825,0.2401557266712188,0.010577758718418595,-0.017170272767543876
5,364,0.7786604556105963,0.1270321607589721,0.04333832235556245,0.025141093879938098
5,365,0.7006460569935173,0.2249030768871307,-0.022853429162951522,-0.011735692620277377
5,366,0.8270274591650908,0.1805927455425262,0.032709073050061654,-0.01029136776924136
5,367,0.7556391997746084,0.1042448282241821,0.023918937076350177,0.0019665583968162814
5,368,0.8087647581909643,0.1192171275615692,0.026265810032481407,-0.018196642398834215
5,369,0.5907740144926615,0.0855894684791565,-0.06549729169046603,0.008093032985925716
5,370,0.6800486510449673,0.1909512281417846,-0.030050430230436187,-0.017333954572677612
5,371,0.5907740144926615,0.0109156370162963,-0.06549729169046603,0.014286294579505837
5,372,0.5756241791106358,0.251534104347229,-0.052947920750394784,0.0010157898068428595
5,373,0.6195366663366915,0.1855050921440124,-0.06657223695765835,-0.006828177720308304
5,374,0.5653671408864718,0.222725361585617,-0.046862766511150844,0.001058362424373599
5,375,0.6908799488331563,0.1107764244079589,-0.010327514397076909,-0.005744654685258893
5,376,0.7286420590575392,0.2532030940055847,-0.007862453926841928,-0.004361588507890701
5,377,0.6513974002335688,0.2658888399600982,-0.024718993999610195,-0.009565382264554556
5,378,0.6646310978300485,0.035216599702835,-0.07228957966096083,0.005851835012435885
5,379,0.6207186106039928,0.045721411705017,-0.05866526345369727,-0.010697022080421496
5,380,0.6646310978300485,0.1031931638717651,-0.07228957966096083,0.011610891669988632
5,381,0.8279144999348175,0.2190994620323181,0.043701249058688774,0.007646001875400543
5,382,0.7595960426054611,0.1191660463809967,0.03597436985993907,0.007582437247037929
5,383,0.7595960426054611,0.077518343925476,0.03597436985993907,0.006915342062711702
5,384,0.6499286085157633,0.0871709883213043,-0.03290654758538025,0.0021416060626506944
5,385,0.6562278068471459,0.2497847974300384,-0.023158134997214086,-0.0009254496544599533
5,386,0.5906786082370145,0.0934078991413116,-0.02675653523689714,0.015427209436893463
5,387,0.691107951556637,0.1234300732612609,0.011116337352697903,0.0016441568732261241
5,388,0.7413151165331097,0.2256480753421783,0.001698554381400208,0.0187319815158844
5,389,0.7413151165331097,0.1682645678520202,0.001698554381400208,0.011845707893371582
5,390,0.8525982582970796,-0.0465362071990966,0.06501540246390303,0.003223493695259101
5,391,0.7564954707104147,0.2728615701198578,0.04842943558645496,-0.00047392956912511996
5,392,0.7631582756495003,0.2450680136680603,0.050128079285116756,0.006637625396251706
5,393,0.7326822692548949,0.0579395294189453,-0.00368931331665201,-0.009106699377298327
5,394,0.7429468484053092,0.1283084005117416,0.0050975383736409086,-0.01764259859919548
5,395,0.7102364081157325,0.1365493834018707,0.004945567258589301,0.014720559120178237
5,396,0.8057825807540129,0.1937110424041748,0.05366357947208067,-0.010380646213889066
5,397,0.807366475087958,0.3130191266536712,0.036397226378899084,0.0005818009376525324
5,398,0.7211795027690453,0.3792581185698509,0.01580019709186198,-0.004729530774056856
5,399,0.7902406832218949,0.0376673936843872,0.07161923044488305,-0.005867306143045398
5,400,0.7846104653267716,0.1915690004825592,0.0769140465397955,-0.009608037769794436
5,401,0.7760656282351961,0.0168765187263488,0.05841777857269925,0.005775064229965175
5,402,0.7667047937593423,0.0983840227127075,0.01491821204209387,0.0017023608088493486
5,403,0.668434087693994,0.3426848649978637,-0.0016926338218354875,-0.0029395408928394318
5,404,0.6908799488331563,0.2823435664176941,-0.010327514397076909,-0.005101855844259262
5,405,0.792656112182661,0.0365983545780181,0.005212601485344637,0.011753357946872663
5,406,0.8279144999348175,0.259740799665451,0.043701249058688774,-0.006404830142855644
5,407,0.8279144999348175,0.2983685135841369,0.043701249058688774,-0.0008851960301399786
5,408,0.5545963646729146,0.0468166470527648,-0.037184309997802645,0.015956409275531727
5,409,0.5818930571222333,0.3325383067131042,-0.026663489826467712,-0.005289508029818535
5,410,0.5545963646729146,0.3145217597484588,-0.037184309997802645,0.004409667104482595
5,411,0.7665851347433552,0.0870164632797241,0.035028438194897316,0.0009673051536083499
5,412,0.7665851347433552,0.0751740932464599,0.035028438194897316,0.002073403447866426
5,413,0.8524502780155123,0.1253923773765564,0.053610317286799214,-0.020974490791559164
5,414,0.5771438552575174,0.2993603348731994,-0.05421629988593957,-0.007348738610744476
5,415,0.5866449811778631,0.1683494448661804,-0.06386350555326503,0.007955491542816162
5,416,0.5921173072908076,0.0767021179199218,-0.06290879941580085,0.01712617278099058
5,417,0.8367225725692653,0.1169502735137939,0.07230817986040183,0.005382094532251372
5,418,0.7477218226636502,0.2349098920822143,0.051097266210333725,-0.007814269512891797
5,419,0.8151354442989691,0.090267926454544,0.0643254455161335,0.009095519781112657
5,420,0.8073346290929073,0.1992533504962921,0.023060215276127116,-0.006674673408269882
5,421,0.7452363504728998,0.0277776718139648,-0.005094481681623075,-0.007834345102310205
5,422,0.7452363504728998,0.1650476157665252,-0.005094481681623075,0.0008271113038063049
5,423,0.7452841757909179,0.1250907480716705,0.012947222486186405,-0.007490694522857638
5,424,0.7964233804346452,0.0972389578819274,0.025542596545626628,0.00044181197881693057
5,425,0.7923831702372897,0.2543567717075348,0.02136945593543682,-0.002017395570874214
5,426,0.713068731917768,0.1882365122437477,-0.02153149093585749,-0.024434943683445398
5,427,0.7602962744007236,0.262767493724823,-0.01234227246390951,-0.027630368247628212
5,428,0.7602962744007236,0.3403775617480278,-0.01234227246390951,-0.012038440443575382
5,429,0.7227477046137791,0.3071369230747223,0.005086885799109875,-0.010889551602303982
5,430,0.8071390754837255,0.3743390887975693,0.022997859284974553,0.00259478110820055
5,431,0.8071410281000098,0.2903415858745575,0.02299889556871937,-0.017218222841620445
5,432,0.6633992558117805,0.2605651021003723,0.024942937429611067,0.004545886069536209
5,433,0.6463611459177195,0.2247431874275207,0.009040617750374236,0.0034933555871247968
5,434,0.6463611459177195,0.2177848517894745,0.009040617750374236,0.009966466575861005
5,435,0.656863528964763,0.1981308758258819,-0.0233290472105665,-0.006621956825256348
5,436,0.656863528964763,0.0747033357620239,-0.0233290472105665,-0.008395478129386874
5,437,0.7522982366520913,0.2332702577114105,-0.0189980216425768,-0.005347959697246524
5,438,0.6787469837963152,0.1517340242862701,-0.06405273212734586,-0.0047875382006168365
5,439,0.6646310978300485,0.0165228247642517,-0.07228957966096083,-0.005932703614234886
5,440,0.6538194736008303,0.081132024526596,-0.058395343577794634,0.013566251844167695
5,441,0.6837625906802547,0.0676608681678772,0.04082958758685995,0.014271095395088237
5,442,0.6463611459177195,0.155213326215744,0.009040617750374236,0.00517502427101138
5,443,0.6642695360259687,0.232325792312622,-0.0019275088560545273,-0.0003424324095249731
5,444,0.5756241791106358,0.050819993019104,-0.052947920750394784,-0.002046216279268251
5,445,0.6057481920631758,0.2593646645545959,-0.025362163931654025,-0.0035304389894008636
5,446,0.6331163007440055,0.1810954809188842,-0.034971850588153996,-0.015749279409647016
5,447,0.7444873088723153,0.3340485636144876,0.0006328515419760095,0.004564228642266244
5,448,0.7465573072223343,0.0229467153549194,-0.007299971353374124,0.00018868595361710983
5,449,0.7239901404308008,0.187813401222229,-0.008266237537402188,-0.014182202517986242
5,450,0.7990885777465524,0.0325398445129394,0.012587682369733288,-0.015478912740945823
5,451,0.7581584626205319,0.2610926330089569,0.004716826731441581,0.002736935392022133
5,452,0.8132046220330675,0.3366312682628631,0.021038470851011182,-0.0028238743543625433
5,453,0.63688029804019,0.3750160932540893,-0.03375624135650657,0.0030249562114476602
5,454,0.6752921386191273,0.3466112241148948,-0.02721313411384363,-0.012368856929242611
5,455,0.6752921386191273,0.3771810531616211,-0.02721313411384363,-0.01402595080435276
5,456,0.84662921774201,0.3609813824295997,0.04938466200118574,0.0011468902230262201
5,457,0.827030886364363,0.0405417084693908,0.040720757258719376,0.004381127655506099
5,458,0.8194060006746918,0.1949649453163147,0.04669982912270754,-0.018387596122920485
5,459,0.7140921065993707,0.1330286413431167,-0.014325197999906503,-0.013174058869481087
5,460,0.7823898773600351,0.0467525422573089,0.005148481109603975,0.005896192044019685
5,461,0.7691382660119064,0.2922366559505462,0.001996446119663098,0.003103513270616476
5,462,0.7059488184536205,0.3362530246376991,-0.022811464030789486,-0.009145308285951559
5,463,0.6965641561874217,0.2450507879257202,-0.010335131802391762,-0.004439912736415863
5,464,0.6800486510449673,0.2336220741271972,-0.030050430230436187,-0.010573588311672238
5,465,0.8413446563392095,0.0683332234621048,0.05978634400802685,-0.004880955442786189
5,466,0.8410058336792634,-0.1915445923805236,0.03886078745039734,-0.0006819292902946195
5,467,0.7746369986835332,0.0788066387176513,0.028331706886073116,-0.02962956950068478
5,468,0.6513974002335688,0.229701966047287,-0.024718993999610195,0.0007105916738510409
5,469,0.6513319805972144,0.1384910345077514,0.009579864026419749,0.0013111531734466553
5,470,0.6461409954440551,0.3182365298271179,0.008551089650050248,-0.0012501124292612076
5,471,0.8253750412297614,0.1558596491813659,0.06233056958542482,0.0011838302016257962
5,472,0.8253750412297614,0.1171554923057556,0.06233056958542482,-0.02188869565725325
5,473,0.8151354442989691,0.1847248077392578,0.0643254455161335,-0.015437334775924627
5,474,0.7051678564032811,0.0262283980846405,-0.04044719906643013,0.010005395859479925
5,475,0.7002219148397952,0.0171759724617004,-0.04956978180203875,-0.004142060875892625
5,476,0.6746051185112416,0.2767798900604248,-0.016876210902427746,0.000830523669719696
5,477,0.6389726684594141,-0.0443730354309082,-0.054775458778559716,-0.0011449940502644002
5,478,0.6805303645538276,0.0564578622579574,-0.016613725903478316,0.007694680243730538
5,479,0.6622346736563256,0.1594148874282837,-0.03568298059582575,0.0046953819692135135
5,480,0.749042769397257,0.2515628635883331,0.0026308547577805763,-0.008471615612506922
5,481,0.7760656282351961,0.1844591796398162,0.05841777857269925,0.018778886646032278
5,482,0.749042769397257,0.2069632112979889,0.0026308547577805763,-0.001980952918529455
5,483,0.5894225715646673,0.0444526970386505,-0.029219815518665482,0.021528527140617374
5,484,0.5894225715646673,0.0403676629066467,-0.029219815518665482,0.003337852656841299
5,485,0.6396175422073662,0.1636422276496887,0.01811337577571559,-0.025746017694473267
5,486,0.7496026866625627,0.2984704971313476,0.026190709890348995,0.0055777244269847315
5,487,0.7733591127251129,0.2373381853103637,-0.0021373179681950516,-0.025195751339197187
5,488,0.7667047937593423,0.0781705379486084,0.01491821204209387,-0.005247011780738803
5,489,0.7184476112164269,0.2277040481567382,0.006309236268353224,0.005882751196622793
5,490,0.7152825655054921,0.3137119710445404,-0.004891884903710175,0.000804530456662178
5,491,0.7556391997746084,0.0504231452941894,0.023918937076350177,-0.004716206341981902
5,492,0.5913143303546315,0.1635883450508117,-0.026927447450249442,-0.005732782185077667
5,493,0.5552320867905316,-0.0052570700645446,-0.03735522221115506,-0.0005542635917663123
5,494,0.5532378641560878,0.1814047694206237,-0.039700853435138184,0.006168369203805896
5,495,0.8302882605681912,0.1376942992210388,-4.720008036973589e-06,0.015068784356117249
5,496,0.7052663826853095,0.3843446131795645,-0.030099211595480235,-0.010835457127541304
5,497,0.701502385389125,0.2383731007575988,-0.03131482082712789,-0.01086809858679777
5,498,0.8132917334437728,0.3317403644323349,0.04012993505731566,-0.01796230860054493
5,499,0.6852188204581284,0.1898476481437683,-0.008199254595635641,0.012676462531089838
5,500,0.8299307844612495,-0.0368332862854003,0.024581290176823978,0.0005249977111816753
5,501,0.6684283303375674,0.1699698567390442,-0.021336372294931683,-0.005926642566919327
5,502,0.6684283303375674,0.0573664009571075,-0.021336372294931683,0.01531996577978137
5,503,0.601541706940575,0.2050081044435501,-0.03639350506287098,-0.003802744671702357
5,504,0.6392590997573362,0.1657331585884094,-0.030063867713379655,0.0031910240650177
5,505,0.7378243898431396,0.1880489587783813,-0.0033950148448346207,-0.0058119110763073245
5,506,0.6881175285468777,0.2352228462696075,-0.0345656011850346,-0.007299210876226453
5,507,0.8022167535935776,0.0756846666336059,0.008106633437049093,0.0004456751048564911
5,508,0.8022167535935776,0.0774685144424438,0.008106633437049093,-0.02974137291312219
5,509,0.7317474178383871,0.1481488347053527,0.011474937902138493,0.013662859797477694
5,510,0.6392564325541708,-0.0455496907234191,-0.026482268507448614,-0.004857078194618197
5,511,0.658200953751624,0.1454038023948669,-0.011870314682310146,0.008256524801254272
5,512,0.5906786082370145,0.0291526019573211,-0.02675653523689714,0.021918497979640912
5,513,0.7468373723783932,0.0988078713417053,0.010762412589232828,0.007919769734144225
5,514,0.7362785617745262,0.2171976566314697,-0.005116990389522069,-0.016856398433446856
5,515,0.7848629136737868,0.1200370192527771,0.016849236625573027,0.016029790043830913
5,516,0.6060905457739817,0.2102434337139129,-0.03454622656729334,0.01565128192305562
5,517,0.6429969512612967,0.0275010168552398,-0.037101685231921144,-0.0007054321467876504
5,518,0.6060905457739817,0.3484825193881988,-0.03454622656729334,0.0005673840641974848
5,519,0.7184476112164269,0.1642736792564392,0.006309236268353224,-0.003408487886190359
5,520,0.7383910840864926,0.2275846004486084,0.009712307018710509,0.004604618996381787
5,521,0.776416625381886,0.1622825562953949,0.015799131055050597,0.02452345751225951
5,522,0.7632711327444064,0.2302028536796569,0.011112193811962823,0.018343627452850314
5,523,0.7693673575302291,0.1157093048095703,0.0020327383352283235,-0.0016698539257049422
5,524,0.7527123221405394,0.172929048538208,-0.004767209166792075,-0.004245415329933139
5,525,0.778486623731905,0.0410607457160949,0.007866308159700353,0.0032796114683151037
5,526,0.7465573072223343,0.018009066581726,-0.007299971353374124,-0.02055134624242785
5,527,0.7057387537749253,0.2157835066318512,-0.042721917736615156,-0.005472637712955447
5,528,0.8109371635469828,0.3342906981706619,0.030068742132838056,-0.03431115858256817
5,529,0.8014414960594173,0.2635716795921325,0.0052719399265868105,0.005905101075768415
5,530,0.7659120762008738,0.1476856619119644,-0.01026231195669225,-0.04957963991910219
5,531,0.8012966740397999,0.2858533561229706,0.0171990178483028,0.01773347519338131
5,532,0.7395120787766266,0.2019134312868118,-0.00679479258939486,0.018444884568452863
5,533,0.7395120787766266,0.2127371132373809,-0.00679479258939486,-0.011371847242116956
5,534,0.7567546940836662,0.3516924083232879,-0.005877962356601096,-0.013006463646888788
5,535,0.638279912430067,0.1889916062355041,-0.029357086647733954,0.0206005051732063
5,536,0.7662503615712317,0.3041627407073974,0.018918839849650038,-0.005145080387592371
5,537,0.8253750412297614,0.1596481800079345,0.06233056958542482,-0.01740682870149618
5,538,0.7631524047476015,0.1310555338859558,0.05013116465599443,-0.001851022243499728
5,539,0.8525982582970796,-0.0177935361862182,0.06501540246390303,0.0065257176756859
5,540,0.7325127159537408,0.2596684694290161,-0.0379414360286654,-0.00669480487704277
5,541,0.6986277044918988,0.0626163482666015,-0.059575612028098135,-0.013553477823734325
5,542,0.7041346307181882,0.1464146971702575,-0.023175969001960506,-0.012986451387405396
5,543,0.6689570858317938,0.2276972532272339,-0.07671347431308873,-0.014616802334785434
5,544,0.6880189133615462,0.1151022911071777,-0.05935404404386535,0.01195080578327179
5,545,0.7467685166836149,0.3427418023347854,-0.025502405027078567,-0.007548219524323996
5,546,0.6809759915429698,0.18648162484169,-0.010109276578964321,0.014064520597457886
5,547,0.7612455907312712,0.0751110613346099,-0.002509678402766613,0.008968204259872409
5,548,0.7990269852143892,0.078130155801773,0.011979535808808062,-0.0031452327966690202
5,549,0.7358277944712344,0.1394510865211486,0.010901986944412134,0.005624473094940158
5,550,0.7019397842225099,0.078200489282608,-0.017899379105976165,-0.018129486590623828
5,551,0.7441156220976316,0.1093782186508178,-0.010140662631665909,-0.009791847318410901
5,552,0.8240031071396305,0.187255173921585,0.011342667971916853,-0.009329520165920313
5,553,0.8040726329414691,0.206832468509674,0.015550900756083896,-0.007799204438924817
5,554,0.793513822337602,0.292808324098587,-0.00032850222267111207,-0.00588377751410013
5,555,0.819744823334638,0.1096948385238647,0.06762538568033716,-0.00042672455310821533
5,556,0.8367245251855495,0.1440958678722381,0.07230921614414665,0.00108417868614194
5,557,0.7846104653267716,0.1678360402584076,0.0769140465397955,0.011834060773253469
5,558,0.7139446025735224,0.2355937361717224,-0.017147468364521745,0.0018250495195389072
5,559,0.7126013097753764,0.0416837334632873,-0.019735960639186922,-0.0035525523126125544
5,560,0.8005050743083133,0.0374932587146759,0.008769473762568869,0.00996353477239613
5,561,0.7916888144017418,0.219262808561325,0.049607573590450316,-0.01232458651065832
5,562,0.8484103006799043,0.2992578446865082,0.04830164707526019,0.0007082410156726837
5,563,0.7668588325759497,0.0502634048461914,-0.025509806051846495,0.00257080048322679
5,564,0.5817905932777536,0.3329748213291168,-0.026716752982034908,0.010092925280332565
5,565,0.5798988344877893,0.2249279022216797,-0.029009121050450948,0.005029082298278836
5,566,0.5798988344877893,0.1748635172843933,-0.029009121050450948,0.0028045177459717074
5,567,0.7389066382079534,0.3762002736330032,0.0009243977634509903,0.017424670979380552
5,568,0.7655466056627986,0.0410628914833068,0.01473146971760353,-0.011169314384460484
5,569,0.721169649951667,0.19339519739151,-0.007920072881461793,0.04527238756418234
5,570,0.7577991026579681,0.084482342004776,0.030372926460033756,0.0027970485389232913
5,571,0.6670496171609366,0.1838494539260864,0.033545197778546365,0.00907408073544505
5,572,0.6977824831264554,0.0331661105155944,0.004153555187887181,-0.011531591415405301
5,573,0.6670496171609366,0.2910930514335632,0.033545197778546365,-0.007554333657026291
5,574,0.6566743122059613,0.2409894168376922,0.019341521797971217,0.0071712695062160214
5,575,0.7008007005743158,0.2264919877052307,0.05673190726609689,0.0009459406137466986
5,576,0.4842771279733069,0.0173363089561462,0.030385082290987242,-0.0020259320735931396
5,577,0.5477970845244591,0.3740588575601578,0.0628320292248789,0.0020355647429823875
5,578,0.4842771279733069,-0.027941882610321,0.030385082290987242,0.006196059286594387
5,579,0.44606038609303433,0.1293334364891052,0.030218076810019923,-0.004988487809896469
5,580,0.4844205042673687,0.066674917936325,0.045699758792033196,-0.01754784956574444
5,581,0.3756576849223382,0.0457622408866882,-1.0020926574871858e-05,-0.004633154720067978
5,582,0.5528917214100584,0.1143088638782501,0.038026200632711116,0.01096124574542047
5,583,0.5380782774899289,0.2491235136985778,0.013424645629442011,0.0025310702621936243
5,584,0.5528917214100584,0.0952631831169128,0.038026200632711116,0.013129878789186478
5,585,0.36118892797364033,0.2848805338144302,-0.0030669509213778756,-0.003245041705668028
5,586,0.3212063287411018,0.1004891097545623,-0.01795756716658342,-0.00627905875444415
5,587,0.3212063287411018,0.0732308626174926,-0.01795756716658342,0.0062505975365638455
5,588,0.6143191391753565,0.1906729340553283,0.04622731231859123,-0.0035237446427345553
5,589,0.6349261027957769,0.0075108408927917,0.00822577997859375,-0.0007681027054787003
5,590,0.6238696738633867,0.0215921401977539,0.02009279482376969,0.014939077198505412
5,591,0.5124873203102738,0.2554412484169006,0.06830416161866215,-0.009436106309294756
5,592,0.5419995079478181,0.0923376381397247,0.06885660794348997,0.02229082211852075
5,593,0.5459742952569449,0.2211767435073852,0.0528927143488549,-0.01572642847895625
5,594,0.6113562978325149,0.2885190546512604,-0.017581555078254985,-0.006835685111582279
5,595,0.5922555060626666,-0.040211796760559,0.00404900042316747,-0.006680905818939174
5,596,0.5570794109814639,0.2547096908092499,-0.016781783316681897,-0.014850970357656479
5,597,0.5652170796960996,0.1270536184310913,0.06343307022966771,-0.003072902560234042
5,598,0.5062287406081435,0.2064797580242157,0.06210119411972237,-0.007369376718997955
5,599,0.5462619370152964,0.155632346868515,0.061769520398718525,-0.0039337314665317535
5,600,0.35509693350575466,0.3525033965706825,-0.013194827185044167,0.002514773979783058
5,601,0.35509693350575466,0.4299747794866562,-0.013194827185044167,0.00018569838721305132
5,602,0.43222337831243574,0.1141380071640014,0.005535626541410765,-0.016565792262554183
5,603,0.5465678775024543,-0.0303844809532165,0.06859704188081761,-0.002265818417072289
5,604,0.5419995079478181,0.130681037902832,0.06885660794348997,-0.004936471581459045
5,605,0.5207435427938045,0.1093030869960784,0.07598997711693017,-0.0097095333039761
5,606,0.6378138065272242,0.2023894786834716,0.07468029576805757,-0.006184983998537091
5,607,0.6288417288085808,0.1330046206712722,0.04789394091923438,0.008849525824189144
5,608,0.5695404922066887,-0.0362365245819091,0.034838415501331155,0.008540175855159787
5,609,0.579647326025873,0.0245620608329772,0.0218827874558577,-0.00011540949344637438
5,610,0.555763834680592,0.4243093058466911,0.04725101228123196,-0.015690233558416422
5,611,0.6137293533666188,0.3460595309734344,0.05345251587838562,-0.012729982845485266
5,612,0.428892146293666,0.0991317927837371,0.01466128203457756,-0.040604509413242396
5,613,0.428892146293666,0.2004110813140869,0.01466128203457756,-0.027139548212289782
5,614,0.5329111380346776,0.0381564795970916,0.05225085909475141,-0.022085968405008337
5,615,0.5240312062390775,0.3188630938529968,0.0468881948937826,-0.0026353001594543457
5,616,0.4963592397808318,0.3606818467378616,0.012689713872161945,-0.017616774886846542
5,617,0.5345940502329485,-0.0290737748146057,0.028069491083579257,-0.00024132430553440096
5,618,0.4232116376901488,0.3433040529489517,-0.0027056049861821085,0.014154121279716492
5,619,0.4614972628992057,0.0335250496864318,0.010935127181425197,0.006660923361778228
5,620,0.4705048238825968,-0.0462557077407836,0.004822224148861243,0.006014488637447399
5,621,0.5803166924523776,0.1242926716804504,-0.005073740293844775,-0.010699298232793822
5,622,0.6320661990488463,0.143568754196167,-8.008976738860252e-05,0.009829536080360468
5,623,0.5836971833194163,0.2188805639743805,-0.0018622489067600112,-0.006292672827839824
5,624,0.39320271885232627,0.1966027617454528,-0.015390855202602971,0.008031282573938314
5,625,0.5124465421187943,0.1368737816810608,0.006426714226976493,0.030155401676893276
5,626,0.39320271885232627,0.1393333673477172,-0.015390855202602971,0.016369581222534138
5,627,0.4244753509109556,0.3044699728488922,-0.005010566627498769,0.003063894808292389
5,628,0.4147493986018115,0.0428418517112731,-0.017173178468170902,-0.0025061927735806136
5,629,0.5335675411135659,0.2043638229370117,0.02257957579131853,-0.011508885771036148
5,630,0.4261132884240213,-0.0328803658485412,0.009086399909113974,0.004600696265697486
5,631,0.4628502071528745,-0.0659026503562927,0.0012074833599592383,0.006111964583396898
5,632,0.3489868436173402,0.299913540482521,-0.009644053817340958,0.0008808104321360033
5,633,0.45227943408908194,0.3534075170755386,0.018467974691261047,-0.011874906718730982
5,634,0.5538397799232038,-0.0297051072120666,0.04234715753455587,-0.007932346314191822
5,635,0.5538397799232038,0.0586290955543518,0.04234715753455587,-0.00933796912431712
5,636,0.6785606770991498,0.1801379024982452,0.02277650712702839,0.006885506212711362
5,637,0.695528417936436,0.1519786417484283,0.022652019839533244,-0.008166328072547913
5,638,0.6557613874429365,0.1174459457397461,0.033689736062047726,0.0054638311266899525
5,639,0.5395743718132209,0.1367150843143463,-0.022656849627363362,0.021121975034475354
5,640,0.5395743718132209,0.2612169533967972,-0.022656849627363362,0.0008776448667049963
5,641,0.5114074114917021,0.2494905889034271,-0.01908526257159915,-0.00469209626317027
5,642,0.5646676709569411,0.1948115229606628,0.029706273804943062,0.008857015520334244
5,643,0.6119301438198027,0.0100588202476501,0.021127849642681995,-0.0036610662937164497
5,644,0.5595003246322212,0.1049320101737976,0.043580384464837585,-0.0007053539156913341
5,645,0.5747671619698902,0.0645126104354858,0.05714870099661307,-0.019403375685214982
5,646,0.5218177742146773,0.0818702578544616,0.04485875105348058,0.008864443749189349
5,647,0.5636640006211218,0.060209572315216,0.05596046323117276,-0.03169946372509005
5,648,0.38040338343823743,0.1879856586456298,-0.030949353459426454,-0.020895317196846036
5,649,0.48930267978452824,0.122622013092041,-0.04047392179720333,-0.0052988007664680065
5,650,0.5443782322270299,0.187987595796585,-0.016141496222038865,-0.000822242349386243
5,651,0.6442923350240253,0.2448050677776336,0.03197647540404802,-0.026783391833305414
5,652,0.6095105692648428,0.2938670367002487,0.026858337590096593,-0.014872748404741287
5,653,0.6022941037629831,0.2615084052085876,0.04870775265654437,-0.024215072393417414
5,654,0.518546909354678,0.0813757479190826,0.053855320594754674,-0.02014143764972688
5,655,0.4290455607178476,0.1267391443252563,0.021318392327615066,0.002388022840023027
5,656,0.5258100874266574,0.0715027451515197,0.060304942693962804,-0.022785350680351257
5,657,0.4641498929009963,0.2114102840423584,0.061750003862986125,-0.031452938914298983
5,658,0.5115533044615939,0.1342670917510986,0.04485333812230474,0.01836826652288437
5,659,0.41672739197131314,0.0692621767520904,0.02956426585258276,0.01206225901842116
5,660,0.5617176524266836,0.036994993686676,-0.03751362654627999,-0.008715964853763566
5,661,0.5235933222014542,0.3931898772716522,-0.0598973547351862,-0.0016671288758516312
5,662,0.5890586642149451,0.3029635548591614,-0.05976749766844425,-0.01687932200729847
5,663,0.49115248994969934,0.3816344141960144,0.003735393442733048,0.0012547699734568596
5,664,0.4324710462891068,0.2830175459384918,0.004086402876036288,-0.004615984857082367
5,665,0.4686851583086451,0.2788816094398498,0.022595284848874464,-0.010419302619993687
5,666,0.6483332707981286,0.15477254986763,0.06032632222411838,-0.018930004909634535
5,667,0.6122867062804029,0.037415325641632,0.05747188438434381,-0.004712149500846904
5,668,0.6483332707981286,0.1707642376422882,0.06032632222411838,-0.020879901945590973
5,669,0.5124873203102738,0.1306278109550476,0.06830416161866215,-0.021296534687280627
5,670,0.49050754308667655,0.0929918587207794,0.06759441867818006,-0.0010273493826389035
5,671,0.5170556898649099,0.0984465032815933,0.06804459555598974,0.00403389148414135
5,672,0.5922555060626666,-0.0570886731147766,0.00404900042316747,0.0077438950538635115
5,673,0.5548595966833048,0.0737203955650329,0.03717417076304108,-0.0026115030050277988
5,674,0.552423290277203,-0.0137408375740051,0.03289828738983391,0.0051686838269233495
5,675,0.3237307432496882,0.3811352103948593,-0.008745289438845782,-0.012248259969055653
5,676,0.45319397627515867,0.1235297322273254,0.03857494699869313,-0.002012651413679109
5,677,0.4038519504960322,0.1252743601799011,0.031774134642748864,-0.009370200335979462
5,678,0.4090560517445561,0.352218896150589,-0.019893183926773972,-0.012717233039438669
5,679,0.4972879165810812,0.1088911294937133,0.02481255447087838,-0.027543164789676694
5,680,0.4250623213912147,0.0202512145042419,-0.005399065109127965,-0.002891436219215386
5,681,0.46107905753590056,0.4142040163278579,-0.02053671133364887,-0.014741061720997095
5,682,0.5446435449777549,0.3772906512022018,-0.010012077752848847,-0.0125844893045724
5,683,0.4947581672133317,0.0744080543518066,-0.044491809586651276,0.0038609281182289124
5,684,0.6029539389884476,0.297551691532135,0.053187489169319035,-0.022154904901981298
5,685,0.49065789876623955,0.1743606925010681,0.021909903279070275,-0.002238702028989764
5,686,0.6029539389884476,0.2836405783891678,0.053187489169319035,-0.02485633734613657
5,687,0.4250623213912147,-0.0172465443611145,-0.005399065109127965,0.004245147109031625
5,688,0.41244432364134576,-0.0059990286827087,0.00508818346183737,-0.0027719512581825005
5,689,0.47392924700366557,-0.0055579543113708,0.012298459811191598,-0.0026980787515639626
5,690,0.5534445908621194,0.2481785863637924,0.03045779622321343,0.03001541830599308
5,691,0.5498331749077916,0.1033352017402648,0.034735861256938505,0.005900420248508384
5,692,0.5498331749077916,0.0769033432006836,0.034735861256938505,0.003268264234066051
5,693,0.33567010553963494,0.1990444958209991,-0.0050807796394987115,0.0058698207139968595
5,694,0.34443115693012816,0.0489921569824218,-0.007134832719914941,0.02323128283023831
5,695,0.34443115693012816,-0.0019872784614562,-0.007134832719914941,-0.008409928530454526
5,696,0.5238215619413567,0.1613150238990783,0.020656405510645404,0.0043455008417367935
5,697,0.5958923992034043,0.1454001665115356,0.031412257271724364,-0.0040615685284138
5,698,0.5297045681053052,-0.0006787180900573,0.05140973219120393,-0.01513143442571155
5,699,0.593966103574719,0.0699886679649353,0.051330652679135724,-0.028638023883104297
5,700,0.6292118212912936,0.0246733129024505,0.06186042040617168,-0.0064353682100773
5,701,0.5747671619698902,-0.0419604778289794,0.05714870099661307,-0.0012925192713737002
5,702,0.5530089793450708,0.2714644968509674,0.03736883791530565,0.018161797896027565
5,703,0.4767202231840351,0.4152347445487976,0.04120163385697401,-0.010891987942159176
5,704,0.5582626934066925,0.3553869724273681,0.04674231698789433,-0.007530819624662399
5,705,0.5128895656033362,0.1940664052963256,0.04528833422340606,-0.03534451313316825
5,706,0.5919499972581961,0.0086466073989868,0.03191712471793395,-0.007462829351425173
5,707,0.5363807321367602,-0.0810551047325134,0.04929368133599221,-0.011690713465213776
5,708,0.47571573105926923,0.3136231601238251,0.0308961419625281,0.004786767065525055
5,709,0.3476683981758557,0.0482987165451049,0.0016424497127616178,-0.014338947832584409
5,710,0.47571573105926923,0.0937904119491577,0.0308961419625281,-0.012371793389320346
5,711,0.4839142992874988,-0.0299852490425109,0.025873597347229993,-0.021245658397674488
5,712,0.5636640006211218,0.0171515345573425,0.05596046323117276,-0.004239886999130225
5,713,0.5213115692348074,0.0509862899780273,0.025032589608677325,-0.014304034411907182
5,714,0.5675269552371366,0.0977838039398193,0.017797114639374723,0.007614266127347932
5,715,0.6150667368908391,0.2286310195922851,0.004050737453931141,-0.017476335167884854
5,716,0.5397496014368983,0.1345149874687194,0.02311195041750358,-0.011079883202910451
5,717,0.529990803127482,0.1749321818351745,0.05394756256602595,-0.016106203198432922
5,718,0.45730353215843916,0.1431225538253784,0.04247815033615149,-0.011568410322070122
5,719,0.5336786560563767,-0.0137030482292175,0.06189294412696639,0.011998243629932388
5,720,0.5541441500035736,0.0900656580924987,0.037330940114639666,-0.0026047341525555073
5,721,0.5453308498038874,0.2772110402584076,0.020496877342079833,0.002153981477022171
5,722,0.5803307720328816,0.1508674323558807,0.014005529519147575,0.0013702400028705597
5,723,0.49183982237729174,0.2029666900634765,0.03951644496451595,-0.00573291629552844
5,724,0.3548812739483532,0.2624071836471557,-0.0037155741348900984,-0.0031956657767295837
5,725,0.3548812739483532,0.2826656699180603,-0.0037155741348900984,0.007820222526788712
5,726,0.5179538756752364,0.0709033012390136,0.059351191536985204,-0.007444765418767957
5,727,0.5179538756752364,0.0646519064903259,0.059351191536985204,-0.0038384571671485623
5,728,0.5179538756752364,0.0464746952056884,0.059351191536985204,-0.003371216356754324
5,729,0.5011261090633397,0.3559224903583526,0.06497350037675864,-0.014028845354914665
5,730,0.49050754308667655,0.1932957470417022,0.06759441867818006,-0.016588531434536036
5,731,0.49271388619260703,-0.0015415549278259,0.054208800041954386,0.006488472223281824
5,732,0.5020844908597664,0.0662158131599426,0.014361044084927499,-0.013786561787128435
5,733,0.4912032825704621,0.0225377678871154,0.0020479594080556884,0.008052885532379124
5,734,0.5102154985477028,-0.0002021789550781,0.012618601325911749,0.013426348567008962
5,735,0.48480399513173533,0.2930379956960678,-0.017265677290644876,-0.0034430716186761856
5,736,0.5890586642149451,0.2863000035285949,-0.05976749766844425,-0.007942192256450653
5,737,0.527348340359044,0.2279595136642456,-0.038960353242739276,0.004236839711666135
5,738,0.5897295008128647,0.1580435931682586,0.0635202112423301,-0.04442466795444491
5,739,0.5938786410338206,0.1478080451488495,0.01946250479850764,-0.0029908679425715845
5,740,0.5106288137699909,0.0812532305717468,0.03205047245012027,-0.01577955484390256
5,741,0.6232231921249471,0.1885749995708465,0.05066798500124281,-0.0008123256266117096
5,742,0.5831899957177943,0.0041614770889282,0.050999658722246655,-0.0071190297603607
5,743,0.5371037559298535,0.2978121638298034,0.019248916812944605,-0.010933559387922342
5,744,0.477030542927342,0.0213591456413269,-0.023282201323448992,-0.004784613847732513
5,745,0.477030542927342,0.0726820826530456,-0.023282201323448992,0.004071511328220367
5,746,0.3827517966448612,0.2394684553146362,-0.026270788738997075,-0.00948762334883213
5,747,0.5925131812121047,0.276341050863266,0.023028436493349846,-0.01895509660243988
5,748,0.5925131812121047,0.2752874195575714,0.023028436493349846,-0.0025075487792491913
5,749,0.5925131812121047,0.2791827619075775,0.023028436493349846,-0.012411175295710564
5,750,0.449181242370199,-0.0096667408943176,-0.0027907330873173097,0.0003745704889297381
5,751,0.46920796501796,0.3738162219524383,-0.0037925136731185027,0.004352994263172094
5,752,0.449181242370199,-0.0069418549537658,-0.0027907330873173097,-0.0025345012545585
5,753,0.4904018333679353,-0.0132194459438323,-0.04354262896980721,-0.009360756725072788
5,754,0.4961802716096188,0.1357900500297546,-0.055440916837621146,0.010726287961006192
5,755,0.5379038258757132,0.2933523058891296,-0.03418069472612284,-0.011985242366790827
5,756,0.6550610213353099,0.1127641797065734,0.04845577133553869,-0.015326801687479047
5,757,0.705716941266551,0.0156254172325134,0.03750393914264738,-0.015228979289531673
5,758,0.705716941266551,0.0882964730262756,0.03750393914264738,-0.015462137758731842
5,759,0.5443782322270299,0.1144163012504577,-0.016141496222038865,0.005071997642517076
5,760,0.5395743718132209,0.2993061542510986,-0.022656849627363362,-0.010632412508130074
5,761,0.6016679255563828,0.2656850218772888,0.008886207519729572,0.0051905307918787
5,762,0.48056509770542993,0.2073202729225158,0.05542564674186934,0.00379314646124837
5,763,0.5299071234845565,0.3428701497614383,0.0622264590978136,0.018195113167166654
5,764,0.48056509770542993,0.3339249193668365,0.05542564674186934,0.008037632331252098
5,765,0.6096427872037519,0.2775741517543793,0.0537119892367115,0.00400959700345993
5,766,0.6229865727521928,0.1261982917785644,0.009260834797505946,0.00044530630111694336
5,767,0.6042240305219554,0.09261155128479,0.033850111651760106,0.01784785836935042
5,768,0.6423351193041491,0.1580342352390289,0.053112811818507355,-0.008829351514577866
5,769,0.6775808370207237,0.0109971165657043,0.06364257954554309,0.014212898910045575
5,770,0.6231361776993201,0.0351334810256958,0.058930860135984364,-0.0009058490395545474
5,771,0.5231382319889524,0.2079504132270813,0.06308187997293146,-0.026076782494783374
5,772,0.5466293985223764,0.0042102336883544,0.06708722708551762,0.0010200813412665636
5,773,0.5341201395937445,0.2127380967140197,0.0544010103468624,-0.005870591849088697
5,774,0.5448083861900881,0.0137032270431518,-0.021363764808427832,-0.014422513544559486
5,775,0.600592358755704,0.0688257813453674,-0.01915264457687016,-0.01010058075189589
5,776,0.5786478338239648,0.0587034225463867,-0.026680551692721544,-0.009544260799884761
5,777,0.2968292859420108,0.1032414436340332,-0.010170501198346282,-0.018333949148654896
5,778,0.3476683981758557,0.0304249227046966,0.0016424497127616178,-0.005581624805927277
5,779,0.38274763217468144,0.1788427233695984,0.011926302545698597,-0.009509507566690417
5,780,0.4807140193396492,0.102410227060318,0.011469506518913763,-0.022363606840372044
5,781,0.5225602457460936,-0.0392050743103027,0.022571218696605888,0.0029989182949066023
5,782,0.5230664507259636,0.1218943893909454,0.0423973801414092,-0.029114902019500732
5,783,0.6278612479580272,-0.0607308745384216,-0.012773808167340972,0.008857920765876742
5,784,0.6349261027957769,0.0864786505699157,0.00822577997859375,0.0034331828355788907
5,785,0.5720952344676362,-0.003688097000122,0.01147359265181902,0.010279595851898225
5,786,0.44590407537715965,0.1768409013748169,0.03231025746567662,-0.01989649981260297
5,787,0.5481063584054793,0.0084291100502014,0.04835726491297526,-0.005966283380985225
5,788,0.5481063584054793,0.020570695400238,0.04835726491297526,0.006061084568500536
5,789,0.43222337831243574,0.0056232213973999,0.005535626541410765,0.0033021941781044123
5,790,0.5106288137699909,0.0089465975761413,0.03205047245012027,-0.000570908188819887
5,791,0.5106288137699909,0.0512570142745971,0.03205047245012027,-0.008662603795528426
5,792,0.5382713349643407,0.0624388754367828,0.04959416374943748,-0.06866087391972542
5,793,0.5341742989064415,0.2675470113754272,0.04767264734558663,0.029209729284048053
5,794,0.5797508825826356,0.152637779712677,0.04130491426115224,-0.03972858190536496
5,795,0.6167653932309323,0.1805624365806579,0.04041742374411661,-0.0218394473195076
5,796,0.6442923350240253,0.2699127197265625,0.03197647540404802,-0.023401334881782532
5,797,0.6061684368620339,0.0778101086616516,0.05905534742347962,0.0019481144845485965
5,798,0.3359240290179295,0.1571004092693328,-0.017352078218962397,-0.011273916810751017
5,799,0.4037779666269611,0.218596875667572,0.003360557174550305,-0.0001079663634300232
5,800,0.4580691335267386,0.0279557704925537,0.0012783858771746037,-0.00037381798028941066
5,801,0.5342292262879306,0.2410326600074768,0.05632618442103404,-0.024490073323249817
5,802,0.5083783670422279,0.0617213547229766,0.05353071917767577,-0.01112424954771997
5,803,0.544826182656829,0.1634695529937744,0.037688260741670976,-0.007783692330121994
5,804,0.6355922809846982,0.0506110787391662,-0.02564399239980253,-0.006305508315563202
5,805,0.5726939124265362,-0.0286886096000671,0.040145827267864975,-0.008665189146995551
5,806,0.6355922809846982,-0.0213271975517272,-0.02564399239980253,-0.007929958403110463
5,807,0.5695404922066887,0.038603663444519,0.034838415501331155,0.0021611601114273
5,808,0.4415787312568292,0.1265061795711517,-0.005053315899799737,-0.03296620026230809
5,809,0.5260397206203671,0.0436427593231201,0.016742798854692764,0.0015458390116691798
5,810,0.5537148191357875,0.2277132123708725,0.0021059549902060493,-0.004199625924229594
5,811,0.5756593440675268,0.1402315199375152,0.009633862106057656,0.0032795853912830075
5,812,0.5537148191357875,0.1743887811899185,0.0021059549902060493,0.0013423655182123184
5,813,0.43149581833910633,0.0600847601890563,0.049948917912107926,-3.764033317571469e-05
5,814,0.3732168044081168,0.2823799252510071,0.020840845235802152,-0.0290755033493042
5,815,0.36986161479239976,0.0629680752754211,0.019538052590769184,-0.0008433163166046143
5,816,0.33681188517454935,0.1294328570365905,0.004720115046859263,0.0004658922553061884
5,817,0.3455729365650426,0.2952027022838592,0.0026660619664430896,-0.003195291385054644
5,818,0.3270859328654052,0.1195460259914398,-0.0074424967938128694,-0.005229365080595003
5,819,0.4962044341396341,0.0620807409286499,0.0009589622808803266,0.015520006418228177
5,820,0.47675306514579424,0.2465388178825378,-0.024854442980924485,-0.0071633607149124146
5,821,0.36724740609403356,0.2715605199337005,-0.02653511271185538,-0.018551964312791824
5,822,0.5528485849803849,-0.0001659989356994,-0.019160811834439406,0.008603863418102299
5,823,0.6101868384604314,0.2534359991550445,0.007299374388764046,-0.0006017731502652168
5,824,0.5125669407906212,0.24153533577919,0.0046616247656939835,-0.01849235314875841
5,825,0.5554230767560688,0.2444871068000793,0.06266831278186347,0.021612886339426013
5,826,0.552964430849179,0.0689158141613006,0.04895791856498444,-0.02516399696469307
5,827,0.5554230767560688,0.2434911727905273,0.06266831278186347,0.022936519235372516
5,828,0.4306983066451731,0.1181444227695465,0.037082274400367876,-0.01976696029305454
5,829,0.45498698487253025,0.2509116530418396,0.05395426502469397,-0.03315506689250469
5,830,0.5236388814272205,0.2154074907302856,0.07626176683174307,-0.01401768624782565
5,831,0.551488270847216,0.0818755626678466,0.04947512499181661,-0.01879560947418217
5,832,0.5557689986435005,-0.0758988857269287,0.04033875287928046,-0.008991993963718456
5,833,0.5517942113343739,0.0623096227645874,0.056302646473915696,-0.007023103535175296
5,834,0.5581132335798233,-0.0522158145904541,0.07845792331631046,-0.005429234355688123
5,835,0.5236388814272205,0.2860831022262573,0.07626176683174307,0.026965707540512085
5,836,0.5342762806045709,0.2490539103746414,0.07174931595972417,0.040250660851597786
5,837,0.5919499972581961,0.0750996470451355,0.03191712471793395,0.010875396430492429
5,838,0.593888611476725,-0.0147952437400817,0.055614602814559655,0.013788677752018037
5,839,0.6483332707981286,0.1907329559326172,0.06032632222411838,-0.0024653673171996515
5,840,0.47113948729380845,-0.0523637533187866,0.037622942596435005,-0.003945954144001028
5,841,0.5079891192155453,0.2694632411003113,0.009728590196312892,-0.003196854144334793
5,842,0.47113948729380845,0.0351670980453491,0.037622942596435005,-0.005596324801444973
5,843,0.3393467346582859,0.2296877056360244,-0.014478302326666803,-0.0372217642143369
5,844,0.3270859328654052,0.0176804065704345,-0.0074424967938128694,0.003058254718780476
5,845,0.3393467346582859,0.2678987681865692,-0.014478302326666803,-0.030124668031930923
5,846,0.527348340359044,0.0139151215553283,-0.038960353242739276,0.006953962147235825
5,847,0.5484718442641654,0.1798157542943954,-0.0656686589801937,0.017566613852977753
5,848,0.5484718442641654,0.2202783823013305,-0.0656686589801937,0.013918336480855914
5,849,0.5542305177404756,0.1350743174552917,0.060578529847122864,0.00643949955701828
5,850,0.5745315408737379,0.1118350625038147,0.0157494760250263,0.014712460339069394
5,851,0.5605543616480796,0.1445158123970031,0.03000768859901637,-0.02060075849294668
5,852,0.28710333363286666,0.1332325935363769,-0.022333113039018415,-0.014953374862670926
5,853,0.3353178788346647,0.3928970992565155,-0.013642270264617562,-0.015108913648873568
5,854,0.28710333363286666,0.2639611661434173,-0.022333113039018415,-0.006996855139732361
5,855,0.4389062127021125,0.2190728783607483,-0.04566592951235526,0.006555397063493756
5,856,0.40333238347158573,0.4137549847364425,-0.031889653175032895,-0.002094021067023333
5,857,0.40522710302468135,0.1921041458845138,-0.021710831259352803,0.03314626496285197
5,858,0.6168048190256372,-0.0693581700325012,-0.0009067933221647007,-0.00770498812198641
5,859,0.5998369974815176,0.3271004259586334,0.034947953670989906,-0.0018494026735424995
5,860,0.6554531172683131,0.2600757479667663,0.009942546233065008,-0.018312580883503016
5,861,0.5595909206274704,0.0515650808811187,0.021517152625224356,-0.0058749690651893755
5,862,0.5102154985477028,0.0249292850494384,0.012618601325911749,-0.005441002547740964
5,863,0.5905856127076803,0.1566465198993683,0.04811916129205107,-0.0024422705173491877
5,864,0.568863677175836,0.3121625185012817,-0.00720161623109461,-0.008953549899160862
5,865,0.6174306355877862,0.404331237077713,-0.010410810327612485,-0.0040759397670626085
5,866,0.5374765610825734,0.2402430921792984,-0.028971931657769456,-0.0089343823492527
5,867,0.35815242878563025,0.1253568530082702,-0.023046667523415998,-0.011592566967010498
5,868,0.4649766339121318,0.09213787317276,-0.0010343659014336315,-0.02136494964361188
5,869,0.3856665603069883,0.2613448202610016,-0.015966281467946042,-0.006782641634345055
5,870,0.49115248994969934,0.3130826354026794,0.003735393442733048,0.0001941658556460779
5,871,0.5429585716338995,-0.0023176074028015,0.030034072857684113,0.002668492496013638
5,872,0.5756593440675268,0.3102408051490783,0.009633862106057656,0.0029076300561427515
5,873,0.4641498929009963,0.2363128960132599,0.061750003862986125,-0.015029426664113998
5,874,0.5075650017498858,0.2180100083351135,0.06253619022082368,0.003750871866941452
5,875,0.4641498929009963,0.2956536412239074,0.061750003862986125,-0.00668012909591198
5,876,0.5542633926412612,0.1149923205375671,0.030820881166897518,0.005891889333724962
5,877,0.47184557334457905,0.1438879966735839,0.03189095906640571,0.007708525285124723
5,878,0.4937083016747555,-0.0128633975982666,0.012745902890764937,0.011377125978469802
5,879,0.5897295008128647,0.0503205060958862,0.0635202112423301,6.4648687839515e-05
5,880,0.5897295008128647,-0.020258605480194,0.0635202112423301,-0.00043252110481260125
5,881,0.5356004612159426,0.0559874176979064,0.06716965686132614,-0.005672983825206791
6,0,0.4529550699655339,0.2528452277183532,0.009618174866348805,-0.0075949616730213165
6,1,0.44114429788226206,0.1226978302001953,0.023675811649007172,-0.021109927445650087
6,2,0.4271050955581214,0.1081738471984863,0.008558924480261243,-0.030843714252114296
6,3,0.4522195800215084,0.3263640999794006,0.049450721525349406,0.006130810827016775
6,4,0.327931953805918,0.0122318267822265,-0.010589345619762325,-1.952052116399247e-06
6,5,0.4026985355789592,0.0108304023742675,0.012376823152758565,-0.0014258399605751246
6,6,0.6607306941198052,-0.004587709903717,0.04666964147296748,-0.00148089975118635
6,7,0.6896822523866424,-0.0473927855491638,0.09594604109560767,-0.007368981838226332
6,8,0.6757296758956943,0.1902709901332855,0.008072514694752897,-0.0016071274876594543
6,9,0.4468604691663267,0.0543192028999328,0.03033803642692895,-0.018391355872154257
6,10,0.44554543155551846,0.2514042854309082,0.028383569483340865,-0.004704834893345833
6,11,0.429099429322792,0.0991156995296478,0.03199570175836697,0.011884961277246489
6,12,0.47657030531626743,0.0909915566444397,0.04719594825382817,-0.03129826858639714
6,13,0.5478274376406775,0.1652545630931854,0.03308429393365464,-0.00335041806101799
6,14,0.5168801051947335,0.0015552639961242,0.02363102138006684,0.00082761794328685
6,15,0.35999556801942934,0.0975544452667236,0.018963379902533106,0.004183143377304077
6,16,0.35883205029396026,0.0667569637298584,0.01533124471589592,0.02756879478693014
6,17,0.35999556801942934,0.2090053558349609,0.018963379902533106,0.03503960371017459
6,18,0.37607260984606683,0.0417613089084625,-0.0016519707748441914,0.02280647680163381
6,19,0.35578497592243563,0.1522486805915832,-0.0034379479287733883,-0.010318495333194733
6,20,0.32181673159138446,0.1650049686431884,-0.006548651490612012,0.00012858211994165591
6,21,0.46018004492892667,0.2200593948364257,0.05863600729304275,0.00090879946947095
6,22,0.5199965932062643,0.2200340628623962,0.04334075769180107,-0.028967346996068954
6,23,0.5170665322124526,0.1413442492485046,0.09383449779940167,0.009654264897108106
6,24,0.41688205530295525,0.1485898494720459,0.05416187040889203,-0.013278961181640597
6,25,0.4402424310874642,0.1373646259307861,0.06513460787800557,-0.0014639087021350583
6,26,0.46776940406180073,0.1037133038043975,0.08886888632660911,-0.010052748024463695
6,27,0.4041217457947285,0.3423273265361786,0.017751326067699025,-0.03258865978568792
6,28,0.39124606119605687,0.2280733287334442,0.006266574085590282,-0.024886104161851108
6,29,0.42136230534683505,0.12568399310112,0.0007681105769589136,-0.06399790756404394
6,30,0.51882772272894,0.1486963033676147,0.08475676444076824,0.000571034848690033
6,31,0.6113070239981553,0.0435385107994079,0.13040584053736093,0.012870900332927673
6,32,0.480816058568766,0.0344997644424438,0.06153450050515985,-0.01727746799588204
6,33,0.6458084747365284,0.2447225153446197,-0.0183174942349158,-0.0097418911755085
6,34,0.6325815066337943,0.0746170580387115,-0.008719099581738554,-0.00994068756699562
6,35,0.5816730341392053,0.1330811083316803,-0.031198352483923997,0.0189362205564976
6,36,0.2960016149501442,0.0975856930017471,0.0004522156507509312,0.021279836073517813
6,37,0.34703665295228925,0.3674898892641067,0.0027583171140618257,-0.012558055575937033
6,38,0.37143947469799843,0.0370517075061798,0.010940425992742309,-0.01941840723156925
6,39,0.6162195176848058,0.0157122611999511,0.15223298476814173,0.010279558598995136
6,40,0.6398318125318723,0.0526254177093505,0.17433290062852763,0.012933813035488101
6,41,0.6162195176848058,0.0009846091270446,0.15223298476814173,-0.007327914237976112
6,42,0.46640981832026385,0.1266716420650482,0.00453047876317525,-0.01844247430562973
6,43,0.41832268368143855,0.3833619803190231,0.02411332029804525,-0.006353035569190979
6,44,0.3979853266922704,0.2191019356250763,0.005301483251373251,-0.015228889882564517
6,45,0.6444150921111886,0.2819061577320099,0.030509001123656176,-0.018458765000104904
6,46,0.655248061898275,-0.0693190693855285,0.028243734829645706,0.007971342653036145
6,47,0.7395087248420473,0.14504474401474,0.08139033969500298,-0.010491378605365725
6,48,0.659723059556508,0.0049262046813964,0.14066695157253117,0.007167160511016738
6,49,0.6522863230766023,0.0494700074195861,0.16425900496152385,-0.014623813331127195
6,50,0.6168463686279398,0.1068662405014038,0.14112058070238576,0.006818622350692763
6,51,0.5930627617199105,-0.0187187790870666,0.04062024015846477,0.0009814202785491874
6,52,0.6881563944507691,0.3839266300201416,0.09150157872981146,0.013197837397456169
6,53,0.5388688699947781,0.0532823204994201,0.06491747224712896,-0.010274283587932587
6,54,0.40808270265825464,0.1240906119346618,-0.0006194616323368929,0.030027292668819414
6,55,0.44368147141685144,0.1631823778152465,-0.015044204603104239,-0.006048802286386518
6,56,0.48923143252108736,0.2171002030372619,0.004092970114137229,-0.03238737396895888
6,57,0.38768839056950866,0.2545579373836517,0.021291763164164257,0.03149569407105443
6,58,0.38768839056950866,0.3276279419660568,0.021291763164164257,0.01396390050649643
6,59,0.38768839056950866,0.0104290843009948,0.021291763164164257,-0.10840119048953059
6,60,0.39436014995431645,0.0173788666725158,0.006978639579736878,-0.001899458467960375
6,61,0.3986021728794913,0.0252593755722045,0.015138711265067106,-0.006460875272750889
6,62,0.3986021728794913,-0.014712631702423,0.015138711265067106,0.002138763666152973
6,63,0.5716950912925751,0.2115130722522735,0.026970213713258362,0.04160729795694351
6,64,0.5786046047096878,0.2578283548355102,0.021316996912942532,0.010228618979454013
6,65,0.6218841781371907,0.0810419619083404,0.017056986342857017,-0.02863970585167408
6,66,0.6481014246287233,0.2336918711662292,0.06095639669798758,0.007995147258043261
6,67,0.6481014246287233,0.1986555457115173,0.06095639669798758,0.0007394030690193454
6,68,0.6481014246287233,0.2949503660202026,0.06095639669798758,0.006514351814985275
6,69,0.4437432455439848,0.0817646086215972,0.06010194365055743,-0.028646267950534862
6,70,0.4437432455439848,0.0944917201995849,0.06010194365055743,-0.02748673409223558
6,71,0.3803088694324137,0.1074156761169433,0.01116692472697739,0.01890290528535843
6,72,0.540957207704919,0.2623097598552704,0.042167416332749785,-0.011086815968155861
6,73,0.5202820307892378,0.0102090239524841,0.03286432561892105,-0.027777180075645436
6,74,0.605062951427209,0.1049453020095825,0.07335845669402374,-0.014589246362447697
6,75,0.5233664157984839,0.1594564318656921,0.09950762263662954,-0.017452988773584338
6,76,0.38952509407119085,0.1530409455299377,0.021229505902390644,-0.003661159425973892
6,77,0.43058383260288935,0.0603350400924682,0.06322096248266823,0.0015589892864227226
6,78,0.43957660060616527,0.2689566612243652,-0.026601343461854665,0.0001167040318250101
6,79,0.43160769889836337,0.1813850998878479,0.0020591358360795287,-0.015653889626264544
6,80,0.4963736406657909,0.1183046400547027,-0.002645143556330387,-0.036541495472192764
6,81,0.4284371116978152,0.0963947176933288,-0.022167053742742526,-0.004817485809326172
6,82,0.45541088505536387,0.1348270773887634,-0.010756612669475862,0.002929069101810483
6,83,0.563178766324828,0.1031009554862976,0.08402422231560136,0.00028216093778613005
6,84,0.43408596536681066,0.3492897450923919,0.05066723086737723,0.009805666282772962
6,85,0.40606940191172586,-0.0358278155326843,0.013557119536587448,-0.007234893739223498
6,86,0.4108914391580444,0.0723931193351745,0.018288598211291196,-0.019174709916114807
6,87,0.6546319246481753,0.0556856393814086,0.08329538108690027,-0.031843088567256976
6,88,0.6546319246481753,0.0424584150314331,0.08329538108690027,-0.03670407831668852
6,89,0.5478274376406775,0.1919794678688049,0.03308429393365464,-0.014012221246957779
6,90,0.7753387244538574,0.3068171739578247,0.019021545829560726,0.007617190480232239
6,91,0.8145710529077441,0.1782403588294983,0.005075442863804347,-0.008580135181546183
6,92,0.6620610547488236,0.1485951542854309,0.015418947550750794,-0.023372270166873904
6,93,0.6857349499404557,-0.0260077714920043,0.05300463468944794,0.01010977476835256
6,94,0.6367886823887892,-0.0201427340507507,-0.018110606269234664,-0.0018498599529266392
6,95,0.7224869622699535,0.0417618155479431,0.0004977189342317834,-0.01682513207197188
6,96,0.6139395041937952,0.1399562060832977,0.006833633863140509,0.014258317649364471
6,97,0.6139395041937952,0.1941623091697693,0.006833633863140509,0.0195313207805157
6,98,0.64397882191723,0.1229415237903595,0.019611039008817666,-0.006181880831718417
6,99,0.4332585543581475,-0.0247793793678283,0.060613958163552584,-0.008015364408493039
6,100,0.5572599822145524,0.0814114809036254,0.12790888753141477,0.023048892617225605
6,101,0.5461158539954629,-0.02375990152359,0.11352747101485128,0.009041607379913347
6,102,0.6740299721522924,0.0518575310707092,0.1422255108679329,0.009964939206838636
6,103,0.5944468649514363,0.0652260184288024,0.10241057266260711,-0.0011193007230759222
6,104,0.6504176773052259,0.0048894584178924,0.12012559500754694,0.006813827902078587
6,105,0.3634001529264301,0.0618310570716857,0.004728222744289745,-0.035464279353618657
6,106,0.36434466771220464,0.3182017058134079,-0.002421341944688571,0.00876089371740818
6,107,0.28863357115338895,0.0020232796669006,-0.01823794602823109,-0.008444383740425087
6,108,0.6114609639704036,0.0073347091674804,0.12406881506010214,0.014670155942439938
6,109,0.5989927973424265,0.0998134613037109,0.11635031571627963,-0.010792464017868042
6,110,0.5700412390755893,0.0650529265403747,0.06707391609363944,0.004152879118919359
6,111,0.39740897356516014,0.0607656240463256,0.01635591916599405,0.0032359212636947146
6,112,0.34211580880793,-0.0555263459682464,0.0050965068501369615,-0.011022202670574181
6,113,0.34211580880793,0.1208257675170898,0.0050965068501369615,-0.042633149772882475
6,114,0.5916387155683489,0.3078747689723968,0.03167776853054738,-0.0072429403662682135
6,115,0.5390996867730304,0.2907549142837524,0.031079797674905096,0.012774791568517685
6,116,0.5390996867730304,0.2225794494152069,0.031079797674905096,-0.022458817809820147
6,117,0.5429718362693633,0.2879803776741028,0.11541683841549005,0.015568993985652924
6,118,0.5607984120163279,0.212584912776947,0.1302098633132328,0.03177857771515846
6,119,0.5429718362693633,0.0472724735736846,0.11541683841549005,-0.027590442448854467
6,120,0.3827186521793546,0.1930976510047912,-0.0069461150503428715,0.016300227493047714
6,121,0.3708618253169267,0.2603099644184112,0.01205530780885311,0.008219458162784521
6,122,0.3718063401027012,0.3437710404396057,0.004905743119874739,0.0028538089245557785
6,123,0.5936733582060815,0.0497054457664489,0.11444801335645854,-0.021215632557869006
6,124,0.4857285522554164,0.1074646115303039,0.08336164473594049,0.008342258632183061
6,125,0.6518244362271828,0.0516881346702575,0.16292804067635952,0.015702225267887074
6,126,0.5595037398810078,0.0712551176548004,0.12797234480756253,-0.006223600357770878
6,127,0.6875879596926002,0.1159537434577941,0.18431647681237318,-0.0013928040862083851
6,128,0.6875879596926002,0.2227510213851928,0.18431647681237318,0.011876631528139059
6,129,0.6020829133105614,0.2429744452238083,0.01831691829530313,-0.0035196151584386826
6,130,0.5982124248979774,0.2187042832374572,0.023852961366288228,-0.0011820234358311255
6,131,0.5982124248979774,0.3193438649177551,0.023852961366288228,-0.009850984439253807
6,132,0.4131652019123073,0.2787566184997558,-0.002695591337717962,0.0026143342256545465
6,133,0.31896602884764624,-0.0462612509727478,-0.013313956376740488,0.011419303715228986
6,134,0.3625289963340219,0.0497882366180419,-0.0022515525572116,-0.06520172208547595
6,135,0.6754367310742493,-0.0155964493751525,0.18502795653674547,-0.0006412938237189986
6,136,0.6653984066851217,0.0258666276931762,0.15617145619464634,0.00405529141426085
6,137,0.6225217157565535,0.0281622409820556,0.1566250853245008,0.008333973586559303
6,138,0.5600312974405086,0.0097418427467346,0.006492818894153207,-0.007091123610734962
6,139,0.6109397699350976,0.1307327449321746,0.02897207179633876,-0.0008946321904659826
6,140,0.6109397699350976,0.2520721554756164,0.02897207179633876,0.00807272829115388
6,141,0.27195560943998126,0.2153865694999694,-0.02130600518806708,-0.034704860299825696
6,142,0.3328088595440005,0.2236243188381195,-0.01020095696653539,0.005245786160230664
6,143,0.28734876758623473,0.1369842588901519,-0.0060441214518787145,-0.06075495295226577
6,144,0.5600312974405086,0.0456997156143188,0.006492818894153207,-0.02525532618165017
6,145,0.6159318335115347,0.2453093826770782,-0.017894884932146415,0.013096023350954028
6,146,0.5497118093981952,0.1751555502414703,-0.01961119221932961,0.015272770076990128
6,147,0.5418270812554677,-0.0420272350311279,0.030915510316385064,-0.012769583612680463
6,148,0.4430032330828458,0.3813972622156143,0.01216474879543089,0.002037534490227755
6,149,0.43435038571893625,0.3236412405967712,0.00566841169280119,0.003984421491622925
6,150,0.5806523784989568,0.1983697712421417,0.04287529531649992,-0.02279268205165863
6,151,0.5885318329828584,0.0381968319416046,0.0029725254177309646,-0.00871570408344266
6,152,0.5835824394927686,0.1598337292671203,-0.0076184447911007425,0.0005099996924400052
6,153,0.6688310480051993,0.1110927462577819,0.15673834469883297,0.0019555240869521817
6,154,0.6333910935565368,0.0836163759231567,0.13359992043969482,0.014944575726985931
6,155,0.6154260295454191,0.0685023665428161,0.1120013939942971,-0.0030784904956817627
6,156,0.4192851381385504,0.0852933824062347,-0.024914987977577185,0.015830378979444518
6,157,0.4284371116978152,-0.0291516780853271,-0.022167053742742526,0.002964116632938392
6,158,0.4192851381385504,0.0822668075561523,-0.024914987977577185,0.012999702244997025
6,159,0.38069043554407367,0.0480973124504089,0.004770867146292546,-0.010852947831153849
6,160,0.3213170119172859,0.0037652850151062,-0.0029334178900400354,-0.009166985750198338
6,161,0.3803088694324137,0.247606486082077,0.01116692472697739,0.04355068504810333
6,162,0.6078394822272633,-0.0629940032958984,0.05704215780410504,-0.009145554155111306
6,163,0.5897808254389487,0.1080842614173889,0.026751128929477286,0.002051640301942853
6,164,0.6078394822272633,0.0389489531517028,0.05704215780410504,-0.0058336779475212375
6,165,0.6045566517454358,-0.0476227402687072,0.1350265588791032,0.013829059898853323
6,166,0.6045566517454358,0.0928494930267334,0.1350265588791032,-0.009527683258056585
6,167,0.4785717484468911,0.1654216945171356,0.05950111565442323,0.02038690447807312
6,168,0.5872533017912706,0.3864089697599411,0.008766818910253327,-0.003179563209414482
6,169,0.5920845301071801,0.0673213601112365,0.018052993227325342,0.014606155455112436
6,170,0.5563059693453265,-0.0230852961540222,-0.0006864536433345281,-0.01007558405399325
6,171,0.4532392062910239,0.1065244674682617,0.05135700113721642,-0.02690741419792174
6,172,0.4470089354788326,0.223960280418396,0.038906157074715286,-0.02945306897163391
6,173,0.43713591858406575,0.0564762949943542,0.022894053743064857,-0.0003670230507850647
6,174,0.4558148207153604,-0.0446721315383911,0.026146530797141465,-0.0037495866417885243
6,175,0.4122744151376564,0.0104715228080749,0.010337858703342362,-0.018766656517982476
6,176,0.4351396437996792,0.0099235773086547,0.016843440083312677,0.0030257031321525
6,177,0.43772664160942876,0.078733205795288,0.03698614309306658,-0.0069124549627304355
6,178,0.44911319959006396,0.1242339313030242,-0.004984667648927021,-0.03369216248393066
6,179,0.4456060960933304,0.202885091304779,-0.002916626805702316,-0.011299349367618589
6,180,0.4613912862403711,0.1941279470920562,0.06410636317634538,-0.016345266252756174
6,181,0.518277773523897,-0.0572859048843383,0.09930485368270436,0.007661595940589953
6,182,0.518277773523897,-0.0361509919166564,0.09930485368270436,-0.014930889010429362
6,183,0.6444150921111886,0.2765391767024994,0.030509001123656176,0.015282917767763138
6,184,0.5930627617199105,-0.0063614845275878,0.04062024015846477,-0.003178156912326763
6,185,0.5930627617199105,-0.0099040269851684,0.04062024015846477,0.001200005412101737
6,186,0.6662505877266498,0.248660922050476,0.1266796336780529,-0.03940434847027072
6,187,0.5556414287840907,0.157739371061325,0.07559994862634878,-0.017260506749153193
6,188,0.7238853307866918,0.2975150942802429,0.0874371608111757,-0.018831707537174225
6,189,0.6077263184260631,0.0376468300819397,0.06775325784777464,-0.012393444776534979
6,190,0.5936117618920087,0.1790023446083068,0.07758832921732073,0.003380119800567599
6,191,0.635031486786823,0.2597101628780365,0.13458322818378343,0.008375365287065506
6,192,0.36434466771220464,0.0361394137144088,-0.002421341944688571,-0.0030523966997862
6,193,0.36434466771220464,0.1612142622470855,-0.002421341944688571,-0.022190248593688067
6,194,0.3706428223772321,0.0950760841369628,0.0012736079332375527,-0.01803883165121084
6,195,0.7275609973413522,-0.0320509076118469,0.16205841674902188,0.004602797329425777
6,196,0.6871557530539258,0.2605127692222595,0.1116136883960599,0.010850332677364377
6,197,0.6565149829591537,0.0747556686401367,0.10051055055382496,-0.007894992828369127
6,198,0.6743001546968677,0.0530826449394226,0.15169302639615856,-0.02396028488874432
6,199,0.681092974196231,0.0681778788566589,0.1439070211178659,0.016867704689502716
6,200,0.6453485964300305,0.0855796337127685,0.10241662677351837,-0.03402238339185716
6,201,0.4378136101968386,0.2027930617332458,0.04954624903222887,-0.032891318202018766
6,202,0.4566884333201906,0.0998769700527191,0.06152247560297952,0.027718886733055156
6,203,0.3359016215611209,0.1353361904621124,-0.003550255769580346,-0.00039048120379447937
6,204,0.41594868287430464,0.3041593730449676,0.031076729353859245,-0.023855671286583002
6,205,0.41920094206701847,0.2777800858020782,0.03141935917497518,-0.0018875114619732458
6,206,0.42403127652094896,0.0727407932281494,0.046597977398185775,-0.013102270662784563
6,207,0.5185856969257416,0.2457995116710662,0.030423477793787568,0.0042050387710332315
6,208,0.5475372551925788,0.2452539503574371,0.07969987741642776,0.035102635622024536
6,209,0.5600054218205559,0.2770886272192001,0.08741837676025027,0.03287665732204911
6,210,0.6273636459038952,0.0015465021133422,0.16661440128470512,0.0076660439372061625
6,211,0.6273636459038952,0.0685411095619201,0.16661440128470512,0.004232876002788516
6,212,0.6629685644462722,-0.0546910166740417,0.17730945719292296,-0.0005314052104949882
6,213,0.5062241368747525,0.1227068901062011,0.004827737781734509,0.011563628911972018
6,214,0.5363125900256818,0.0497201681137084,0.0542494398878236,-0.004210375249385875
6,215,0.5062241368747525,0.1529595255851745,0.004827737781734509,0.024364598095417023
6,216,0.4631706563212128,0.1863522231578827,0.02041110862725315,-0.004434132948517772
6,217,0.4631706563212128,0.326401799917221,0.02041110862725315,0.006421088241040651
6,218,0.41214601644434057,0.2207965850830078,0.0020216197431609517,-0.0007463395595549982
6,219,0.5833747923237653,0.1249832510948181,0.09740703540707385,-0.003853704780340181
6,220,0.44525365439689746,0.1602573692798614,0.06891685270469783,-0.013976626098155975
6,221,0.5102805159091162,0.2061901986598968,0.04235435432202311,-0.001283425837755231
6,222,0.634017006179435,0.0034587383270263,0.12803305757028283,-0.010405585169792175
6,223,0.5919225500640737,0.0117281079292297,0.11576159099772604,-0.0055663213133812
6,224,0.6453485964300305,0.0625252127647399,0.10241662677351837,0.000505827367305714
6,225,0.31983718544005435,0.098340094089508,-0.006334181075239198,-0.005432158708572402
6,226,0.3553750385769319,0.4003945291042328,0.008156500687083457,0.012029998004436493
6,227,0.31983718544005435,0.0187814235687255,-0.006334181075239198,0.002110064029693562
6,228,0.6784683445270221,0.0377953052520751,0.08254462470885038,-0.008102022111415905
6,229,0.6529302400571446,0.005247414112091,0.14845295685082383,0.0005654394626617258
6,230,0.6653984066851217,0.0268742442131042,0.15617145619464634,0.01805555820465086
6,231,0.44333262945205654,0.0094771385192871,0.033815334301717626,-0.007920674979686711
6,232,0.4304569448533849,0.2278923392295837,0.022330582319608938,0.01454675570130351
6,233,0.45419888674955383,0.3266830742359161,0.026907262208037575,-0.006234871223568916
6,234,0.39559433677802613,0.0760794281959533,0.0045386369317657604,-0.009161077439785018
6,235,0.39134364758040274,-0.0030548572540283,-0.03278129909437688,0.006624847650527963
6,236,0.44104576784136373,0.2303258776664734,-0.0017961746548307844,-0.015236329287290545
6,237,0.6629685644462722,-0.0025174021720886,0.17730945719292296,0.004397518932819337
6,238,0.716394610812229,-0.0531142354011535,0.1639644929687153,0.008959330618381521
6,239,0.6754367310742493,0.0408886671066284,0.18502795653674547,0.0024951100349426478
6,240,0.5059102396496896,0.2866795063018799,0.0189715322565972,-0.03385023958981037
6,241,0.49452368166905436,0.1970504820346832,0.060942342998590804,-0.015600249171257019
6,242,0.5080985712194841,0.0304817557334899,0.02911105490930771,-0.03511313349008565
6,243,0.4404233199429669,0.0386525392532348,0.05373823448148718,-0.004731714725494385
6,244,0.4341930491307756,0.230025827884674,0.04128739041898605,-0.011595908552408274
6,245,0.4468604691663267,0.0763888955116272,0.03033803642692895,-0.004176087677478749
6,246,0.7071712010472058,0.1538703739643097,-0.019363726697444128,0.022998634725809125
6,247,0.7713066416445287,0.1455757617950439,-0.006482868448436041,0.008775889873504639
6,248,0.6993116186680712,0.0931273400783538,0.023583806180961453,-0.007976569235324901
6,249,0.7286663511071583,0.025959312915802,0.06689420523096579,-0.0004944019019603278
6,250,0.7565542930032376,0.0835462212562561,0.11945757314873151,-0.01841885596513744
6,251,0.6923076874349464,0.1003115177154541,0.11667113273325136,-0.013518806546926457
6,252,0.5495583106112426,0.1433514356613159,0.01046030107185636,-0.02936749905347824
6,253,0.5420910815790081,0.0173985362052917,0.012041892800335963,0.009079284965991976
6,254,0.47566288543060964,-0.0059813261032104,-0.005526092399163185,-0.0006121024489402624
6,255,0.6185052732261052,0.3618335723876953,0.11364501897200252,-0.004262268543243408
6,256,0.5526586659565871,0.030251145362854,0.04237046825072677,-0.005804017186164811
6,257,0.670629539493208,0.2703835964202881,0.09067547918427887,-0.010510211810469627
6,258,0.5639536255256482,0.2560837864875793,0.010549493814510758,0.009588221088051768
6,259,0.6038936809405475,0.1178811192512512,0.03329454132494103,-0.012755911797285038
6,260,0.5891998610100571,0.2538019716739654,0.002667829177617209,-0.005292274057865143
6,261,0.2960952435438855,0.3382123112678528,-0.010910860963667779,0.021639248356223106
6,262,0.3316940123024823,0.3580029457807541,-0.025335603934435125,0.0067244116216897964
6,263,0.2933738009299671,0.3533694446086883,-0.033704660695156596,0.03622110188007349
6,264,0.46191750019948313,0.3159533143043518,0.014927572206903938,-0.004009140655398369
6,265,0.45175572758965654,0.2246846556663513,0.02023815918610372,-0.03143493644893172
6,266,0.46191750019948313,0.2917067408561706,0.014927572206903938,0.01590296626090998
6,267,0.5560558745619064,0.2627779245376587,-0.001460141569307738,-0.017723791301250458
6,268,0.5503402210041621,0.0771243274211883,0.01801573952228852,-0.022332925349473967
6,269,0.5531183152274217,0.2419511377811432,-0.001286889896678134,-0.02519221603870392
6,270,0.4031701012072182,0.0927873849868774,0.011192256057463434,-0.007065780460834517
6,271,0.4600565884907441,-0.0030105113983154,0.04639074656382236,-0.012780129909515313
6,272,0.4635574029472648,0.1439144015312194,0.041358082336374224,0.014521386474370901
6,273,0.40059650335604485,0.2727463543415069,0.012952901880906531,-0.009565860033035278
6,274,0.3772361275715359,0.034087061882019,0.0019801644117930506,0.013836015015840513
6,275,0.37607260984606683,-0.0702573657035827,-0.0016519707748441914,-8.186697959895739e-05
6,276,0.4436082099736129,0.2258987426757812,0.029995406605812958,-0.017297321930527715
6,277,0.4436082099736129,0.2816681265830993,0.029995406605812958,-0.016416624188423157
6,278,0.41594868287430464,0.3237769901752472,0.031076729353859245,-0.017368460074067116
6,279,0.7809678602027585,0.3855767697095871,0.006626700600573798,0.014134487137198504
6,280,0.4997915958008665,0.0091610550880432,-0.00819975618627089,-0.00033620744943613744
6,281,0.680715928779167,0.3209131360054016,-0.013089589822799619,0.011821236461400986
6,282,0.5531183152274217,0.1201245188713073,-0.001286889896678134,-0.028542220592498793
6,283,0.6360401042317119,-0.0401864647865295,0.06075268212259877,-0.0014767795801162859
6,284,0.6574100188714349,0.0354848504066467,0.0639927516679335,-0.0008177682757377347
6,285,0.7219631827155262,0.2619068622589111,-0.0037199059696237935,0.013123229146003695
6,286,0.6800672741088576,0.119516372680664,-0.0050140266831383284,0.00995898991823195
6,287,0.6406376118378236,0.2913337051868438,0.006239373512483715,0.0032284427434205454
6,288,0.6038936809405475,0.3036913424730301,0.03329454132494103,-0.005640354007482529
6,289,0.6038936809405475,0.1409370899200439,0.03329454132494103,0.008319642394781085
6,290,0.6725215620486937,0.1629055291414261,0.014025947928691829,-0.017329381778836195
6,291,0.5413069875694374,0.3403588533401489,0.037910673134879946,0.00416124053299427
6,292,0.5563059693453265,-0.0076186656951904,-0.0006864536433345281,0.006411045789718612
6,293,0.5563059693453265,0.0687546730041503,-0.0006864536433345281,0.011754490435123409
6,294,0.3443984408068394,0.172288179397583,-0.015315171811064399,0.004448860883712796
6,295,0.3369367684163428,0.2300810813903808,-0.02264225687562771,0.01754473149776456
6,296,0.40272555646884856,0.2160040438175201,-0.010165231415552256,-0.008165430277585983
6,297,0.6274106437350896,0.2227833867073059,0.01583776816566096,-0.009359022602438927
6,298,0.6406376118378236,0.2906199246644974,0.006239373512483715,-0.009848495945334435
6,299,0.48447163457440223,0.1220367848873138,0.02561028010065597,0.04026129841804506
6,300,0.4318554073388686,0.2016314268112182,0.01539459212886557,0.012002687901258469
6,301,0.41151805034970046,0.1503065377473831,-0.003417244917806428,0.010939141735434532
6,302,0.41151805034970046,0.3076440840959549,-0.003417244917806428,-0.009140511974692345
6,303,0.6100535491285763,0.069539189338684,0.1489065859806783,-0.00778908282518391
6,304,0.519128186755474,0.000679612159729,0.09462059499159353,-0.004632558673620203
6,305,0.6634795954945332,0.1542076468467712,0.13556162175647068,0.006647117435932187
6,306,0.5473525112626569,0.0055841207504272,0.12868382453193494,0.029197148978710088
6,307,0.346982592302731,0.1064724326133728,0.023796154954049242,0.008819783106446294
6,308,0.346982592302731,0.0791176855564117,0.023796154954049242,-0.0020805522799491882
6,309,0.28734876758623473,0.2386931180953979,-0.0060441214518787145,0.035216428339481326
6,310,0.3623757504489844,0.0237648487091064,0.03905803869023755,0.047149382531642824
6,311,0.2604637618132667,0.2129217982292175,-0.014038466111571668,0.0335289537906647
6,312,0.6199833266558392,-0.0266971588134765,-0.007515014523968522,-0.0065044090151786735
6,313,0.6043975055317681,0.0444511771202087,-0.005468417436292672,0.008719630539417288
6,314,0.6199833266558392,0.0205900073051452,-0.007515014523968522,-0.008691221475601214
6,315,0.5967803510542613,0.0898166298866272,-0.09684857688430693,-0.029573701322078663
6,316,0.6302172667675949,0.2383109033107757,-0.06137982420339161,-0.0013930238783359528
6,317,0.7225468262148476,0.1093146800994873,-0.04418470892846338,-0.02378978952765462
6,318,0.6673058481320513,0.2037871778011322,-0.020677727510553523,-0.03108939900994298
6,319,0.6837367098000947,0.1338481903076172,-0.019815494511072673,0.0045556575059891025
6,320,0.6837367098000947,0.1128148138523101,-0.019815494511072673,0.005601603537797886
6,321,0.6520919583741058,0.0902044177055358,-0.005611683582718019,0.007333338260650593
6,322,0.6033985242018374,-0.0611007809638977,-0.02900205754133145,-0.013915762305259732
6,323,0.6520919583741058,0.1284805536270141,-0.005611683582718019,-0.00018452107906341553
6,324,0.7124287683749246,0.3455067574977875,-0.032904447443407925,-0.026438252069056034
6,325,0.6459440145141362,0.0723901391029357,-0.06437534800739675,-0.02908215299248701
6,326,0.7124287683749246,0.2941440343856811,-0.032904447443407925,-0.027752418071031626
6,327,0.6528648276214486,0.0541606545448303,-0.012873873440170769,-0.008145980536937686
6,328,0.6802011303371052,0.1417767703533172,-0.042923645943605426,0.004508722573518753
6,329,0.6206022551172234,0.1362935602664947,-0.03540201439930346,0.0015740599483251294
6,330,0.712409600256249,0.1383519768714904,-0.016629293866535555,-0.011234603822231348
6,331,0.7129318145644761,0.0853936970233917,-0.01820689912437523,-0.006598681211471558
6,332,0.7256327459209737,-0.0825382769107818,-0.028112008514195375,-0.006320744752883897
6,333,0.6590591809752295,0.1400376260280609,-0.03756629181062621,-0.011848997324705096
6,334,0.814632951744088,0.1827327013015747,0.019923511365898428,-0.03178437799215317
6,335,0.798620882430088,0.1265011429786682,0.03420557338868513,0.009445257484912928
6,336,0.7774293734192474,0.0430823862552642,0.023809280001867217,0.009336605668067925
6,337,0.7322044220277759,0.0362766981124877,-0.01646894531654619,0.008764527738094288
6,338,0.7616190673275447,0.0304504930973052,-0.0055880802112385775,0.0029338449239730384
6,339,0.6574642000901776,0.1358559131622314,-0.06361023030970514,-0.007255829870700836
6,340,0.5868598766188845,0.2702080607414245,-0.05073002917512037,-0.0023021567612886984
6,341,0.5127897375649184,0.0679407715797424,-0.116552471040682,-0.0008683204650878767
6,342,0.8130379708590361,0.1127543747425079,-0.006120427133180506,-0.004104141145944595
6,343,0.8089820407805351,0.2168540060520172,-0.0028704028874342313,-0.030287049710750552
6,344,0.8169703872325078,0.1450140178203582,0.020952424315392237,-0.022829232737422045
6,345,0.706098952019252,0.2766786217689514,-0.035240354160124165,0.002965342253446579
6,346,0.6585364828273828,0.3315349370241165,-0.021096492904496666,-0.007557066157460157
6,347,0.7191211502689715,-0.0354723930358886,-0.03091253388910653,0.00028108060359958303
6,348,0.6475009779235111,0.1226351857185363,-0.012912991407614816,-0.00787808373570445
6,349,0.7183220421240801,-0.0542452335357666,-0.012282404339888253,0.009036909788846942
6,350,0.7183220421240801,0.1368569135665893,-0.012282404339888253,0.01942012831568718
6,351,0.6784424915878521,0.1243206858634948,-0.005386971505918159,-0.028204724192619338
6,352,0.5955162300713827,0.1078600287437439,-0.04804473453947533,-0.04202283173799512
6,353,0.6786931465269679,0.1212934255599975,-0.011071556105531233,-0.008822020143270493
6,354,0.7372356960399944,0.0715410709381103,-0.015775389212783986,0.007794640958309174
6,355,0.7060424964600531,0.2100763320922851,0.012429741338455869,-0.009342774748802213
6,356,0.7353095154671475,0.0204454064369201,0.004217444529103331,-0.019688423722982424
6,357,0.703588288313427,0.0052675306797027,-0.03503478643811131,0.004883978515863387
6,358,0.7170163773183782,0.0187367796897888,-0.030356580087033347,-0.0010913237929344247
6,359,0.703588288313427,0.0833707451820373,-0.03503478643811131,-0.007322974503040314
6,360,0.7338008661318007,0.0287193655967712,-0.027297181849956886,0.029280956834554648
6,361,0.7350228953437807,0.230067029595375,-0.006168751952451368,-0.011123720556497602
6,362,0.7495791893373552,0.2189277410507202,-0.03291975882112763,-0.008252635598182678
6,363,0.7946835813989992,0.2528832256793976,0.03658705588433531,-0.004442773759365082
6,364,0.7456706405799134,0.0896937251091003,0.010348507324879574,-0.012197341769933714
6,365,0.7297877587690933,0.2357527017593383,0.006288272612624435,-0.0008860677480697909
6,366,0.751791990033569,0.1690990328788757,-0.04252639608146014,-0.021785080432891846
6,367,0.6617223377196907,0.1026066839694976,-0.0699979249785675,0.00032841414213177766
6,368,0.7495791893373552,0.1085818409919738,-0.03291975882112763,-0.02883192896842962
6,369,0.6624618848340307,0.0886433720588684,0.006190578650903111,0.011146936565637616
6,370,0.7185374521872067,0.2130892872810363,0.008438370911803217,0.004804104566574069
6,371,0.6624618848340307,0.0011363327503204,0.006190578650903111,0.004506990313529938
6,372,0.6189458499091252,0.2517561316490173,-0.009626249951905419,0.001237817108631134
6,373,0.6591858870842582,0.1920762360095977,-0.026923016210091633,-0.00025703385472300444
6,374,0.5757589927385556,0.1991098523139953,-0.036470914659067044,-0.022557146847248105
6,375,0.7576430046722371,0.0965237319469451,0.05643554144200391,-0.0199973471462727
6,376,0.7522777075750474,0.2325162589550018,0.015773194590666284,-0.025048423558473615
6,377,0.7066244098804373,0.2569513693451881,0.030508015647258246,-0.018502852879464682
6,378,0.7002992191513804,0.0507603585720062,-0.03662145833962893,0.021395593881607083
6,379,0.6600591819762474,0.0569159388542175,-0.019324692081442718,0.0004975050687790056
6,380,0.7002992191513804,0.0901830196380615,-0.03662145833962893,-0.0013992525637149672
6,381,0.8075419456483652,0.1710574328899383,0.023328694772236536,-0.040396027266979245
6,382,0.7613892424960469,0.1112469732761383,0.037767569750524865,-0.00033663585782046923
6,383,0.7613892424960469,0.0527336001396179,0.037767569750524865,-0.017869401723146404
6,384,0.6292326838006639,0.1099045872688293,-0.05360247230047965,0.024875205010175705
6,385,0.6297509561206571,0.2421043813228607,-0.04963498572370284,-0.00860586576163766
6,386,0.5691656968576364,0.0761341452598571,-0.04826944661627519,-0.0018465444445610463
6,387,0.6514203904736897,0.1146878600120544,-0.02857122373024934,-0.007098056375980377
6,388,0.7444171895506437,0.1967392563819885,0.004800627398934276,-0.010176837444305392
6,389,0.7444171895506437,0.1301451921463012,0.004800627398934276,-0.02627366781234744
6,390,0.8315395157482143,-0.04136723279953,0.04395665991503772,0.008392468094825703
6,391,0.6676569906705712,0.283957690000534,-0.040409044453388554,0.010622190311551094
6,392,0.7141114999203815,0.2244814038276672,0.0010813035559978923,-0.013948984444141388
6,393,0.7754166485553033,0.0549294054508209,0.039045065983756455,-0.012116823345422724
6,394,0.7687032632843929,0.138178676366806,0.030853953252724553,-0.007772322744131088
6,395,0.7206770769038442,0.1042394638061523,0.015386236046700974,-0.01758936047554016
6,396,0.7556213155493768,0.2086620330810547,0.0035023142674446284,0.004570344462990816
6,397,0.7384798864391684,0.2916569411754608,-0.03248936226989052,-0.02078038454055786
6,398,0.6942241543512384,0.3825149610638618,-0.011155151325944912,-0.0014726882800459862
6,399,0.7437028782253692,0.0365272164344787,0.025081425448357342,-0.0070074833929539004
6,400,0.7284272320464569,0.1886784136295318,0.020730813259480785,-0.012498624622821836
6,401,0.7391147275288492,0.0182025432586669,0.021466877866352374,0.007101088762283273
6,402,0.8070081087209702,0.0911157727241516,0.05522152700372174,-0.00556588917970656
6,403,0.7029034330207778,0.3216273188591003,0.03277671150494832,-0.02399708703160286
6,404,0.7576430046722371,0.294826477766037,0.05643554144200391,0.007381055504083633
6,405,0.7884411437598426,0.0006572902202606,0.0009976330625263152,-0.024187706410884836
6,406,0.8075419456483652,0.2423947751522064,0.023328694772236536,-0.023750854656100245
6,407,0.8075419456483652,0.2664940357208252,0.023328694772236536,-0.03275967389345169
6,408,0.5298397188778012,0.031474620103836,-0.06194095579291603,0.0006143823266029219
6,409,0.5635549860721033,0.3099274933338165,-0.04500156087659768,-0.027900321409106255
6,410,0.5298397188778012,0.2754530608654022,-0.06194095579291603,-0.03465903177857399
6,411,0.6578469834602511,0.0807582736015319,-0.07370971308820684,-0.005290884524583844
6,412,0.6578469834602511,0.0500396788120269,-0.07370971308820684,-0.02306101098656658
6,413,0.8041164268705621,0.1453971862792968,0.005276466141848957,-0.0009696818888187686
6,414,0.6306851783741357,0.301340103149414,-0.0006749767693212672,-0.005368970334529877
6,415,0.6395136042947864,0.1714674532413482,-0.010994882436341724,0.011073499917983981
6,416,0.6530661301453158,0.0772715806961059,-0.0019599765612926534,0.017695635557174676
6,417,0.7986204971243045,0.1113548874855041,0.03420610441544103,-0.0002132914960384369
6,418,0.659058795669446,0.211089015007019,-0.03756576078387042,-0.03163514658808711
6,419,0.785480918477678,0.0779594779014587,0.03467091969484237,-0.0032129287719726424
6,420,0.8462785174774556,0.1863273680210113,0.062004103660675436,-0.01960065588355067
6,421,0.8250981932186938,0.0267570614814758,0.07476736106417092,-0.008854955434799205
6,422,0.8250981932186938,0.1699637174606323,0.07476736106417092,0.005743212997913388
6,423,0.669040824042866,0.1445902585983276,-0.06329612926186545,0.012008816003799466
6,424,0.7649328089917742,0.1013597846031189,-0.005947974897244412,0.004562638700008434
6,425,0.7417938680115181,0.2027772963047027,-0.029219846290334694,-0.0535968709737063
6,426,0.7054811697690144,0.2090596556663513,-0.029119053084611046,-0.0036118002608418187
6,427,0.7792825019022205,0.3069307208061218,0.006643955037587412,0.016532858833670616
6,428,0.7792825019022205,0.3610989227890968,0.006643955037587412,0.008682920597493593
6,429,0.6585581427538503,0.3157499134540558,-0.05910267606081898,-0.0022765612229704857
6,430,0.7957820234145053,0.3516000807285309,0.011640807215754334,-0.02014422696083784
6,431,0.7957824087202889,0.3049635589122772,0.011640276188998544,-0.0025962498039007187
6,432,0.5935936267276909,0.2794563770294189,-0.04486269165447854,0.023437160998582784
6,433,0.6142012063893105,0.2161915898323059,-0.023119321778034774,-0.0050582420080899915
6,434,0.6142012063893105,0.1972047686576843,-0.023119321778034774,-0.010613616555929184
6,435,0.6563857995061387,0.1911138594150543,-0.023806776669190732,-0.013638973236083957
6,436,0.6563857995061387,0.087075263261795,-0.023806776669190732,0.00397644937038423
6,437,0.7557957827622117,0.2048887312412262,-0.01550047553245637,-0.03372948616743082
6,438,0.7078995260650784,0.1103500723838806,-0.034900189858582564,-0.04617149010300635
6,439,0.7002992191513804,0.0085994005203247,-0.03662145833962893,-0.013856127858161885
6,440,0.6870760734866557,0.0696157217025756,-0.025138743691969223,0.002049949020147296
6,441,0.6468824420591559,0.0274357199668884,0.003949438965761165,-0.02595405280590056
6,442,0.6142012063893105,0.1243022978305816,-0.023119321778034774,-0.025736004114151015
6,443,0.6628566704637809,0.2199382185935974,-0.003340374418242309,-0.012730006128549548
6,444,0.6189458499091252,0.0407568514347076,-0.009626249951905419,-0.012109357863664648
6,445,0.6309995602483358,0.2574663013219833,-0.00011079574649397461,-0.0054288022220134735
6,446,0.6860337967714206,0.2198132276535034,0.017945645439261138,0.02296846732497218
6,447,0.7174600471552732,0.3274959102272987,-0.026394410175066052,-0.0019884247449226677
6,448,0.7284997937648068,0.0360749959945678,-0.02535748481090161,0.013316966593265513
6,449,0.680244529601587,0.2099569737911224,-0.05201184836661599,0.007961370050907163
6,450,0.7645201973357338,0.0287878513336181,-0.021980698041085267,-0.01923090592026712
6,451,0.7475161415201674,0.2468889355659485,-0.005925494368922868,-0.01146676205098629
6,452,0.7861789152159768,0.3329122066497803,-0.005987235966079529,-0.0065429359674453735
6,453,0.68084926412778,0.3486390709877014,0.010212724731083478,-0.023352066054940224
6,454,0.7316877310694218,0.3495481312274933,0.029182458336450834,-0.009431949816644136
6,455,0.7316877310694218,0.3766372948884964,0.029182458336450834,-0.014569709077477455
6,456,0.8101194626281003,0.3410960733890533,0.012874906887275994,-0.018738418817520197
6,457,0.7626164872548016,0.0778837203979492,-0.023693641850841995,0.041723139584064504
6,458,0.7816743323306796,0.2064361870288849,0.008968160778695333,-0.006916354410350295
6,459,0.738366777995443,0.1525243073701858,0.009949473396165809,0.006321607157588005
6,460,0.7767429315678855,0.0334012508392334,-0.0004984646825455519,-0.007455099374055814
6,461,0.7770295516912524,0.2403496503829956,0.009887731799009147,-0.04878349229693413
6,462,0.7079196682865118,0.3261101543903351,-0.020840614197898177,-0.019288178533315603
6,463,0.6596609994532697,0.2340632677078247,-0.04723828853654377,-0.015427432954311343
6,464,0.7185374521872067,0.2334004044532776,0.008438370911803217,-0.01079525798559186
6,465,0.7929699714665351,0.082720085978508,0.01141165913535247,0.00950590707361701
6,466,0.7868255645253334,-0.1918320059776306,-0.0153194817035327,-0.0009693428874016086
6,467,0.76945182641357,0.0879465043544769,0.023146534616109937,-0.020489703863859177
6,468,0.7066244098804373,0.1903267949819564,0.030508015647258246,-0.03866457939147955
6,469,0.6242692084248223,0.1794294714927673,-0.01748290814597242,0.04224959015846255
6,470,0.5868598766188845,0.3030819594860077,-0.05073002917512037,-0.016404682770371437
6,471,0.8030943854507935,0.1535094678401947,0.04004991380645695,-0.001166351139545413
6,472,0.8030943854507935,0.13275808095932,0.04004991380645695,-0.00628610700368884
6,473,0.785480918477678,0.2159504294395446,0.03467091969484237,0.015788286924362155
6,474,0.7133214174010999,0.0273562967777252,-0.0322936380686113,0.011133294552564624
6,475,0.7176326551527514,0.0299027562141418,-0.03215904148908255,0.008584722876548774
6,476,0.6506366224750921,0.2778647094964981,-0.040844706938577224,0.0019153431057929993
6,477,0.6821513952592799,-0.0339457690715789,-0.01159673197869393,0.0092822723090649
6,478,0.6627178317734899,0.0448880493640899,-0.0344262586838161,-0.0038751326501369615
6,479,0.6894738272760161,0.1518265008926391,-0.008443826976135216,-0.0028930045664310733
6,480,0.7918486452075945,0.2696041762828827,0.04543673056811803,0.009569697082042694
6,481,0.7391147275288492,0.1654241979122162,0.021466877866352374,-0.0002560950815677365
6,482,0.7918486452075945,0.2143604308366775,0.04543673056811803,0.005416266620159149
6,483,0.5864501023838951,0.0250453948974609,-0.03219228469943769,0.0021212249994277746
6,484,0.5864501023838951,0.0448790192604064,-0.03219228469943769,0.007849209010600995
6,485,0.5968264071930163,0.173577070236206,-0.024677759238634356,-0.01581117510795596
6,486,0.7283738841250146,0.285293698310852,0.004961907352800887,-0.007599074393510874
6,487,0.8232660369060172,0.2488467693328857,0.047769606212709204,-0.013687167316675186
6,488,0.8070081087209702,0.1056498885154724,0.05522152700372174,0.022232338786125197
6,489,0.6641503438023801,0.1956447958946228,-0.0479880311456935,-0.026176501065492602
6,490,0.6509950490337872,0.315296322107315,-0.069179401375415,0.0023888815194367807
6,491,0.6617223377196907,0.0502879619598388,-0.0699979249785675,-0.0048513896763325015
6,492,0.595800540243118,0.132907897233963,-0.022441237561762972,-0.03641323000192637
6,493,0.556474562263283,-0.002718448638916,-0.0361127467384037,0.0019843578338622873
6,494,0.5471071060708496,0.1563619971275329,-0.0458316115203764,-0.018874403089284897
6,495,0.8424971931339698,0.1247913837432861,0.012204212557741623,0.002165868878364563
6,496,0.7316552842740016,0.376197125762701,-0.00371031000678812,-0.0189829445444048
6,497,0.7368398169176422,0.241713285446167,0.0040226107013893175,-0.007527913898229571
6,498,0.7881595769312897,0.3392284959554672,0.01499777854483253,-0.010474177077412605
6,499,0.6819601203065677,0.1753197312355041,-0.011457954747196353,-0.0018514543771743774
6,500,0.8268450654001387,-0.038762092590332,0.021495571115713208,-0.0014038085937500208
6,501,0.6786931465269679,0.1455664038658142,-0.011071556105531233,-0.030330095440149307
6,502,0.6786931465269679,0.0380624532699584,-0.011071556105531233,-0.003983981907367734
6,503,0.6129996170001761,0.2050626873970031,-0.024935595003269806,-0.0037481617182493765
6,504,0.6401573446846296,0.1559385061264038,-0.029165622786086254,-0.006603628396987887
6,505,0.7150782979897252,0.1973069906234741,-0.026141106698248984,0.0034461207687854767
6,506,0.6760861441081112,0.2334850430488586,-0.0465969856238011,-0.009037014096975354
6,507,0.7667448937882012,0.0492028594017028,-0.027365226368327278,-0.026036132127046613
6,508,0.7667448937882012,0.099986046552658,-0.027365226368327278,-0.007223840802907999
6,509,0.6484190226463052,0.1184891164302825,-0.07185345728994341,-0.01599685847759251
6,510,0.6528648276214486,-0.0436793565750122,-0.012873873440170769,-0.002986744046211298
6,511,0.6614940697699098,0.1188591122627258,-0.008577198664024399,-0.018288165330886813
6,512,0.5691656968576364,-0.0035836398601531,-0.04826944661627519,-0.010817743837833287
6,513,0.7381720766825819,0.0725149810314178,0.0020971168934215134,-0.018373120576143265
6,514,0.7291198652999389,0.2072139382362365,-0.012275686864109403,-0.026840116828680066
6,515,0.7787820069413078,0.0876317620277404,0.010768329893094064,-0.01637546718120579
6,516,0.6243123536010834,0.1824230253696441,-0.016324418740191637,-0.012169126421213178
6,517,0.6806037717320712,0.0285872817039489,0.0005051352388533159,0.00038083270192144913
6,518,0.6243123536010834,0.3397077471017837,-0.016324418740191637,-0.008207388222217615
6,519,0.6641503438023801,0.1399756669998169,-0.0479880311456935,-0.027706500142812673
6,520,0.7214612240182652,0.1689769029617309,-0.007217553049516878,-0.05400307849049571
6,521,0.7620711542769911,0.0995242297649383,0.0014536599501556724,-0.03823486901819709
6,522,0.7080081530586659,0.19454026222229,-0.04415078587377763,-0.017318964004516574
6,523,0.704006976195674,0.1263439655303955,-0.0633276429993268,0.008964806795120267
6,524,0.6989559416760229,0.1981696784496307,-0.05852358963130855,0.020995214581489563
6,525,0.7731109008865247,0.0186499655246734,0.002490585314320004,-0.019131168723106398
6,526,0.7284997937648068,0.0352043509483337,-0.02535748481090161,-0.003356061875820153
6,527,0.7286526460229825,0.2058393359184265,-0.01980802548855798,-0.01541680842638013
6,528,0.7977299371009019,0.3809597790241241,0.0168615156867572,0.012357922270893995
6,529,0.8117292225373819,0.2847128212451935,0.01555966640455142,0.027046242728829384
6,530,0.8065206506024797,0.2258010357618332,0.030346262444913674,0.02853573393076661
6,531,0.7486180833173919,0.2520291358232498,-0.03547957287410519,-0.016090745106339455
6,532,0.7774454740810064,0.1796248853206634,0.03113860271498492,-0.0038436613976955414
6,533,0.7774454740810064,0.232990950345993,0.03113860271498492,0.008881989866495132
6,534,0.7916464561175739,0.3490059971809387,0.02901379967730655,-0.015692874789237976
6,535,0.6714647323895825,0.1555453538894653,0.003827733311781545,-0.012845747172832489
6,536,0.7776471706810939,0.2979898452758789,0.03031564895951222,-0.01131797581911087
6,537,0.8030943854507935,0.1704282462596893,0.04004991380645695,-0.0066267624497413635
6,538,0.7140815944484993,0.1343030929565429,0.0010603543568922236,0.0013965368270873746
6,539,0.8315395157482143,-0.0157487392425537,0.04395665991503772,0.008570514619350399
6,540,0.7359910711160607,0.2516550421714782,-0.03446308086634553,-0.014708232134580668
6,541,0.7197743955997671,0.0379320979118347,-0.03842892092022987,-0.038237728178501115
6,542,0.6571949887353985,0.1461368799209594,-0.07011561098475017,-0.013264268636703519
6,543,0.7137273081563316,0.2242598533630371,-0.03194325198855097,-0.01805420219898221
6,544,0.7170163773183782,0.0765811800956726,-0.030356580087033347,-0.026570305228233324
6,545,0.7651534280463472,0.3156510218977928,-0.0071174936643462194,-0.034638999961316586
6,546,0.6735728322681682,0.171607106924057,-0.01751243585376594,-0.0008099973201751154
6,547,0.7752497810757901,0.0549631118774414,0.011494511941752328,-0.011179745197296094
6,548,0.8113773535529187,0.0907341241836547,0.0243299041473376,0.00945873558521268
6,549,0.7078466941262783,0.1448663771152496,-0.01707911340054391,0.011039763689041165
6,550,0.7009775164307083,0.0833414196968078,-0.018861646897777806,-0.012988556176424026
6,551,0.7466314507287094,0.0999164283275604,-0.00762483400058811,-0.019253637641668306
6,552,0.8155725229520632,0.2108798325061798,0.002912083784349484,0.014295138418674497
6,553,0.784739931426917,0.208609938621521,-0.0037818007584682345,-0.00602173432707781
6,554,0.7756877200442739,0.2852076888084411,-0.018154604515999262,-0.013484412804246004
6,555,0.7878187392718814,0.1067193746566772,0.0356993016175805,-0.0034021884202957153
6,556,0.798620882430088,0.1362441480159759,0.03420557338868513,-0.006767541170120267
6,557,0.7284272320464569,0.1421498954296112,0.020730813259480785,-0.013852084055542918
6,558,0.7353095154671475,0.2499958574771881,0.004217444529103331,0.016227170825004605
6,559,0.7447052701558625,0.0542612969875335,0.012367999741299207,0.009025011211633648
6,560,0.7758984697358038,0.0414221584796905,-0.015837130809940647,0.01389243453741073
6,561,0.7463338144708711,0.2590076625347137,0.00425257365957965,0.02742026746273038
6,562,0.8188649003429219,0.3050788044929504,0.018756246738277804,0.006529200822114889
6,563,0.7798078210884837,0.0204160213470459,-0.012560817539312485,-0.02727658301591871
6,564,0.563537967738893,0.3107394576072693,-0.04496937852089555,-0.012142438441514969
6,565,0.5541875298796699,0.2282614707946777,-0.05472042565857038,0.008362650871276855
6,566,0.5541875298796699,0.1484686136245727,-0.05472042565857038,-0.023590385913848905
6,567,0.7455643223041368,0.3537108153104782,0.007582081859634382,-0.005064787343144417
6,568,0.7369033877710323,0.0910883545875549,-0.013911748174162852,0.03885614871978762
6,569,0.7199190876947682,0.0991805642843246,-0.009170635138360583,-0.04894224554300307
6,570,0.6683635083337769,0.0696645677089691,-0.05906266786415748,-0.012020725756883607
6,571,0.5501990693708563,0.179931104183197,-0.08330535001153394,0.005155730992555646
6,572,0.5967803510542613,0.0422797203063964,-0.09684857688430693,-0.0024179816246032992
6,573,0.5501990693708563,0.292662501335144,-0.08330535001153394,-0.00598488375544548
6,574,0.6172611582822862,0.2163030505180359,-0.020071632125703842,-0.017515096813440295
6,575,0.6262748623975363,0.2431919574737548,-0.017793930910682598,0.017645910382270785
6,576,0.47204835091290165,0.0383920669555664,0.01815630523058198,0.01902982592582706
6,577,0.5324928010486143,0.3455276638269424,0.04752774574903412,-0.026495628990233
6,578,0.47204835091290165,-0.0368067026138305,0.01815630523058198,-0.00266876071691511
6,579,0.44805305954166275,0.1347130537033081,0.032210750258648335,0.0003911294043064395
6,580,0.4902342597834084,0.0334663391113281,0.05151351430807288,-0.05075642839074135
6,581,0.40450891507814357,0.027851402759552,0.028841209229230502,-0.022543992847204177
6,582,0.5767721194406541,0.1040183901786804,0.06190659866330683,0.0006707720458507815
6,583,0.586634002250888,0.2404857575893402,0.06198037039040116,-0.006106685847043963
6,584,0.5767721194406541,0.0893636345863342,0.06190659866330683,0.007230330258607878
6,585,0.38895696940238966,0.2763880789279938,0.02470109050737146,-0.011737496592104435
6,586,0.3624165574434701,0.0806560516357421,0.023252661535784924,-0.02611211687326434
6,587,0.3624165574434701,0.050163984298706,0.023252661535784924,-0.01681628078222276
6,588,0.5765963158874741,0.2073092460632324,0.008504489030708773,0.013112567365169525
6,589,0.6052592295466204,0.0272886157035827,-0.02144109327056276,0.0190096721053123
6,590,0.5822414445845625,0.0227491855621337,-0.02153543445505446,0.01609612256288521
6,591,0.47976789104896045,0.2309868037700653,0.035584732357348825,-0.03389055095613003
6,592,0.5120000819261883,0.0354394614696502,0.03885718192186011,-0.034607354551553754
6,593,0.5368747673203711,0.2768478393554687,0.04379318641228114,0.039944667369127246
6,594,0.6676984372355224,0.2869748175144195,0.03876058432475249,-0.008379922248423155
6,595,0.5811179341624516,-0.0413203835487365,-0.007088571477047556,-0.007789492607116678
6,596,0.5899298298354049,0.2759658694267273,0.016068635537259124,0.006405208259820938
6,597,0.5474236362310734,0.1556009650230407,0.045639626764641505,0.025474444031715338
6,598,0.4806549518888886,0.2125123143196106,0.036527405400467505,-0.0013368204236030579
6,599,0.5406602727038248,0.1476040482521057,0.05616785608724695,-0.011962030082941028
6,600,0.3842694023071569,0.3018593341112137,0.015977641616358063,-0.04812928847968578
6,601,0.3842694023071569,0.4102293439209461,0.015977641616358063,-0.019559737178497016
6,602,0.42049322081866175,0.1682272553443908,-0.00619453095236322,0.037523455917835236
6,603,0.5435022322002867,-0.034869372844696,0.06553139657865004,-0.006750710308551792
6,604,0.5120000819261883,0.1477635502815246,0.03885718192186011,0.012146040797233554
6,605,0.49270217561430585,0.1196273863315582,0.0479486099374315,0.0006147660315037051
6,606,0.5965904420040804,0.1919511258602142,0.03345693124491378,-0.016623336821794482
6,607,0.6156145198525208,0.1128980815410614,0.03466673196317438,-0.011257013306021649
6,608,0.5619292442083048,-0.0634435415267944,0.02722716750294729,-0.018666841089725515
6,609,0.634264263474676,0.0109112858772277,0.07649972490466073,-0.013766184449195876
6,610,0.566354924201508,0.439835637807846,0.057842101802147994,-0.00016390159726148434
6,611,0.6141781409206869,0.3495841920375824,0.053901303432453695,-0.009205321781337261
6,612,0.4355914781817046,0.0826880931854248,0.02136061392261618,-0.05704820901155469
6,613,0.4355914781817046,0.1816863715648651,0.02136061392261618,-0.045864257961511556
6,614,0.5134238841812906,0.0265538692474365,0.0327636052413644,-0.03368857875466344
6,615,0.522247361233924,0.3252830058336258,0.0451043498886291,0.0037846118211746216
6,616,0.5556842482077786,0.3683792501688003,0.07201472229910877,-0.009919371455907822
6,617,0.5780501415580984,-0.0234219431877136,0.0715255824087292,0.005410507321357699
6,618,0.42912815711216634,0.2699114233255386,0.0032109144358354325,-0.05923850834369665
6,619,0.43683021747105044,0.0129165649414062,-0.013731918246730035,-0.013947561383247374
6,620,0.45327797206960385,-0.0541014671325683,-0.012404627664131695,-0.001831270754337297
6,621,0.6124443515251089,0.1231986582279205,0.02705391877888652,-0.011793311685323715
6,622,0.6508429492602563,0.0977183580398559,0.018696660444021407,-0.03602086007595062
6,623,0.6292521539724522,0.1684414148330688,0.04369272174627581,-0.056731821969151525
6,624,0.44560326870809763,0.160342276096344,0.03700969465316839,-0.02822920307517049
6,625,0.5309293464044623,0.0503138601779937,0.024909518512644557,-0.05640451982617382
6,626,0.44560326870809763,0.1163138151168823,0.03700969465316839,-0.006649971008300767
6,627,0.4532759557648704,0.2737797796726227,0.02379003822641601,-0.027626298367977142
6,628,0.4708080674737536,0.0662105083465576,0.038885490403771206,0.020862463861703887
6,629,0.5651242594418402,0.2253376543521881,0.054136294119592865,0.009464945644140271
6,630,0.4054411485976462,-0.0522006750106811,-0.01158573991726114,-0.014719612896442413
6,631,0.4475336055481896,-0.0667982697486877,-0.01410911824472566,0.005216345191001892
6,632,0.3692173300861413,0.2640557289123535,0.010586432651460143,-0.03497700113803148
6,633,0.45883439504919,0.3461014106869697,0.025022935651369094,-0.01918101310729986
6,634,0.5442252356058566,-0.0173762440681457,0.03273261321720866,0.004396516829729077
6,635,0.5442252356058566,0.0777884125709533,0.03273261321720866,0.00982134789228438
6,636,0.673454621157745,0.1366047263145446,0.017670451185623604,-0.036647669970989255
6,637,0.662704758821657,0.1262281835079193,-0.01017163927524578,-0.03391678631305689
6,638,0.6312856723879239,0.1143060326576232,0.009214021007035056,0.0023239180445670526
6,639,0.5671244768955679,0.1020998656749725,0.004893255454983647,-0.013493243604898453
6,640,0.5671244768955679,0.2360164523124694,0.004893255454983647,-0.024322856217622785
6,641,0.5321337326055491,0.2447104454040527,0.0016410585422478308,-0.00947223976254466
6,642,0.5629544809537899,0.1544063091278076,0.027993083801791774,-0.03154819831252095
6,643,0.5965886364856907,0.0278992056846618,0.005786342308570003,0.01417931914329525
6,644,0.5277375356921602,0.1071609854698181,0.01181759552477657,0.0015236213803291737
6,645,0.5741705444155872,0.1086559891700744,0.05655208344231011,0.024740003049373613
6,646,0.5448333338994598,0.0823308229446411,0.067874310738263,0.009325008839368848
6,647,0.5536201798502483,0.0742217898368835,0.04591664246029925,-0.017687246203422546
6,648,0.42656522948301373,0.1709379851818084,0.015212492585349846,-0.03794299066066745
6,649,0.5502222230632609,0.1075955629348754,0.020445621481529286,-0.020325250923633603
6,650,0.5594235390162494,0.1726674139499664,-0.0010961894328193056,-0.01614242419600484
6,651,0.6594973347751226,0.2828177809715271,0.04718147515514537,0.011229321360588074
6,652,0.6103488747038872,0.3230269700288772,0.027696643029140988,0.014287184923887197
6,653,0.6130781676485129,0.2595258951187134,0.05949181654207414,-0.026197582483291626
6,654,0.4974900409639942,0.0783589482307434,0.032798452204070905,-0.023158237338066087
6,655,0.44000833483907914,0.1210479736328125,0.0322811664488466,-0.0033031478524207653
6,656,0.517910834671124,0.1182494759559631,0.05240568993842942,0.02396138012409213
6,657,0.4440173206311693,0.2039712965488433,0.041617431593159115,-0.03889192640781408
6,658,0.515139320899154,0.1213498711585998,0.04843935455986492,0.005451045930385562
6,659,0.4231732457639735,0.0974969565868377,0.036010119645243144,0.04029703885316846
6,660,0.6491153673550021,0.0395439863204956,0.049884088382038505,-0.0061669722199439655
6,661,0.6080195168203165,0.3914790451526642,0.024528839883676157,-0.0033779609948396683
6,662,0.6832574077466531,0.3315577208995819,0.03443124586326374,0.011714844033122063
6,663,0.4956593490258231,0.3521662652492523,0.008242252518856796,-0.028213378973305225
6,664,0.43401560229411107,0.2521660327911377,0.0056309588810405375,-0.03546749800443649
6,665,0.4719578079083149,0.2669312953948974,0.02586793444854424,-0.02236961666494608
6,666,0.6376287297314391,0.1535347700119018,0.04962178115742888,-0.02016778476536274
6,667,0.5623667222395681,0.0126938223838806,0.007551900343508944,-0.0294336527585983
6,668,0.6376287297314391,0.204346626996994,0.04962178115742888,0.01270248740911481
6,669,0.47976789104896045,0.1334224343299865,0.035584732357348825,-0.018501911312341746
6,670,0.448534438602062,0.100321352481842,0.025621314193565503,0.006302144378423691
6,671,0.5112700413230589,0.0850176066160202,0.0622589470141387,-0.009395005181431743
6,672,0.5811179341624516,-0.0698925256729126,-0.007088571477047556,-0.005059957504272489
6,673,0.5374143846886608,0.0595443248748779,0.019728958768397087,-0.0167875736951828
6,674,0.5086360926219886,-0.0183637142181396,-0.010888910265380525,0.0005458071827888489
6,675,0.3713536342326141,0.3924613371491432,0.0388776015440801,-0.0009221332147717476
6,676,0.4646807947026157,0.1109276115894317,0.05006176542615015,-0.014614772051572814
6,677,0.4076223697377666,0.1256301999092102,0.0355445538844833,-0.009014360606670352
6,678,0.4319842274348601,0.3426028192043304,0.003034991763530004,-0.02233330998569727
6,679,0.45455932039216373,0.1471275687217712,-0.017916041718039066,0.010693274438381223
6,680,0.42399681774851117,0.0353354811668396,-0.00646456875183149,0.012192830443382312
6,681,0.4973124480489459,0.4318829700350761,0.01569667917939649,0.002937891986221075
6,682,0.5643612850457913,0.3738375604152679,0.009705662315187547,-0.016037580091506298
6,683,0.573445661768676,0.0535934567451477,0.03419568496869296,-0.01695366948842999
6,684,0.5571487831653328,0.3147029876708984,0.007382333346204195,-0.005003608763217926
6,685,0.47940138499573426,0.1525579094886779,0.010653389508564981,-0.024041485041379956
6,686,0.5571487831653328,0.3041694909334183,0.007382333346204195,-0.004327424801886082
6,687,0.42399681774851117,-0.0179584622383117,-0.00646456875183149,0.003533229231834422
6,688,0.40532059277024224,-0.0071094632148742,-0.0020355474092661474,-0.003882385790348
6,689,0.45444472193591234,0.0077813267707824,-0.0071860652565616245,0.010641202330589237
6,690,0.5456190970766113,0.1616730988025665,0.02263230243770531,-0.05649006925523281
6,691,0.5591981444761426,0.0895115733146667,0.04410083082528948,-0.007923208177089705
6,692,0.5591981444761426,0.0532591342926025,0.04410083082528948,-0.020375944674015045
6,693,0.36350741802872005,0.174764335155487,0.022756532849586397,-0.018410339951515226
6,694,0.378955449997351,0.0469723939895629,0.02738946034730788,0.02121151983737941
6,695,0.378955449997351,-0.0170714557170867,0.02738946034730788,-0.023494105786085025
6,696,0.5649049203991717,0.1372036933898925,0.06173976396846048,-0.019765829667449025
6,697,0.6254521274967291,0.1329229772090912,0.060971985565049125,-0.016538757830858203
6,698,0.5303525963246859,-0.0017343461513519,0.05205776041058463,-0.01618706248700615
6,699,0.5784207627723759,0.0759307742118835,0.03578531187679257,-0.022695917636156096
6,700,0.6064187331500093,0.0540800094604492,0.039067332264887344,0.0229713283479214
6,701,0.5741705444155872,-0.0351990461349487,0.05655208344231011,0.005468912422656999
6,702,0.5625230748453107,0.2589117288589477,0.04688293341554561,0.005609029904007856
6,703,0.4859260773862776,0.4453003518283367,0.050407488059216465,0.019173619337379932
6,704,0.5848373383007411,0.3772275745868683,0.07331696188194292,0.014309782534837778
6,705,0.5170971852511561,0.2119593471288681,0.04949595387122596,-0.017451571300625746
6,706,0.6194441163001527,0.1197842359542846,0.0594112437598906,0.10367479920387263
6,707,0.5351724452655903,-0.0585712790489196,0.048085394464822295,0.010793112218380023
6,708,0.4899419301061584,0.307380735874176,0.045122341009417255,-0.001455657184123993
6,709,0.37133026290194,0.1034978926181793,0.0253043144388459,0.04086022824048999
6,710,0.4899419301061584,0.1182540655136108,0.045122341009417255,0.012091860175132751
6,711,0.4837624047207869,0.0217528939247131,0.025721702780518108,0.030492484569549512
6,712,0.5536201798502483,0.014297068119049,0.04591664246029925,-0.007094353437423727
6,713,0.5383614788368383,0.0624291598796844,0.042082499210708224,-0.0028611645102500846
6,714,0.6066786369246294,0.1048864722251892,0.05694879632686756,0.014716934412717833
6,715,0.6696851693138599,0.237176775932312,0.05866916987695192,-0.008930578827857943
6,716,0.5549524653553048,0.1729876846075058,0.03831481433591011,0.027392813935875948
6,717,0.5297857161423696,0.2093362212181091,0.053742475580913496,0.018297836184501676
6,718,0.44752353478078266,0.14323490858078,0.032698152958494986,-0.01145605556666851
6,719,0.5112178504336167,-0.0361159443855285,0.039432138504206404,-0.010414652526378614
6,720,0.5627117336919156,0.0740051865577697,0.04589852380298165,-0.018665205687284497
6,721,0.5390363448937322,0.2440863847732544,0.014202372431924681,-0.030970674008131027
6,722,0.6012701302912469,0.1461040377616882,0.03494488777751281,-0.003393154591321945
6,723,0.5083988920179301,0.210434228181839,0.05607551460515431,0.0017346218228340426
6,724,0.3931627576619596,0.2701261341571808,0.0345659095787163,0.004523284733295496
6,725,0.3931627576619596,0.2567359805107116,0.0345659095787163,-0.018109466880559977
6,726,0.45215980853736365,0.0790801644325256,-0.0064428756008875765,0.0007320977747440338
6,727,0.45215980853736365,0.0746310353279113,-0.0064428756008875765,0.006140671670436831
6,728,0.45215980853736365,0.0535659193992614,-0.0064428756008875765,0.0037200078368186743
6,729,0.4593622987395428,0.3696503341197967,0.023209690052961807,-0.0003010015934705734
6,730,0.448534438602062,0.2169491648674011,0.025621314193565503,0.007064886391162872
6,731,0.45826438495778093,-0.0126571059226989,0.01975929880712829,-0.004627078771591176
6,732,0.4943826793463019,0.0747848153114318,0.0066592325714630585,-0.005217559635639232
6,733,0.48384954138505903,0.0089069604873657,-0.0053057817773473626,-0.005577921867370574
6,734,0.49749978605510203,-0.0211312770843505,-9.711116668897901e-05,-0.007502749562263437
6,735,0.5283368318165929,0.2854648679494858,0.026267159394212647,-0.011016199365258217
6,736,0.6832574077466531,0.2965846061706543,0.03443124586326374,0.0023424103856087286
6,737,0.6144948803352012,0.2075509428977966,0.0481861867334179,-0.016171731054782867
6,738,0.5451758502252839,0.2264122366905212,0.01896656065474933,0.023943975567817688
6,739,0.6110180601363013,0.137709766626358,0.036601923900988376,-0.013089146465063067
6,740,0.4763877741245735,0.1022648811340332,-0.002190567195297144,0.005232095718383845
6,741,0.6145807469579254,0.1829466223716735,0.04202553983422108,-0.006440702825784711
6,742,0.5545754261429893,0.0165133476257324,0.02238508914744164,0.0052328407764435005
6,743,0.5356892156277957,0.3115915060043335,0.017834376510886818,0.0028457827866077423
6,744,0.5636477883294047,0.019585907459259,0.06333504407861368,-0.006557852029800415
6,745,0.5636477883294047,0.0558724999427795,0.06333504407861368,-0.012738071382045732
6,746,0.4419376018422009,0.2335093319416046,0.032915016458342605,-0.015446746721863747
6,747,0.5582678226289877,0.2653610110282898,-0.011216922089767212,-0.029935136437416077
6,748,0.5582678226289877,0.2864661812782287,-0.011216922089767212,0.008671212941408102
6,749,0.5582678226289877,0.2635955214500427,-0.011216922089767212,-0.027998415753245354
6,750,0.44741304972078566,-0.0132761597633361,-0.004558925736730668,-0.003234848380088763
6,751,0.4761080592446545,0.3359444439411163,0.0031075805535759615,-0.03351878374814993
6,752,0.44741304972078566,-0.0002381801605224,-0.004558925736730668,0.0041691735386849
6,753,0.5646123839577952,0.0205099880695343,0.03066792162005272,0.02436867728829381
6,754,0.5892442067145998,0.11756032705307,0.03762301826735981,-0.00750343501567842
6,755,0.6005825606372692,0.3103037774562835,0.028498040035433214,0.004966229200363104
6,756,0.6440056510181601,0.1281763911247253,0.03740040101838893,8.54097306728363e-05
6,757,0.6719225607833483,0.0182037949562072,0.0037095586594446672,-0.012650601565837874
6,758,0.6719225607833483,0.0896732211112976,0.0037095586594446672,-0.014085389673709842
6,759,0.5594235390162494,0.090736985206604,-0.0010961894328193056,-0.018607318401336614
6,760,0.5671244768955679,0.280055820941925,0.004893255454983647,-0.029882745817303658
6,761,0.5796083222489634,0.2086187601089477,-0.013173395787689834,-0.05187573097646242
6,762,0.4629525312158437,0.1806074380874633,0.03781308025228308,-0.022919688373804148
6,763,0.5200109561806927,0.2799261957406997,0.052330291793949824,-0.04474884085357195
6,764,0.4629525312158437,0.2894413620233536,0.03781308025228308,-0.03644592501223082
6,765,0.6113643014957322,0.2647815942764282,0.05543350352869181,-0.00878296047449112
6,766,0.6196064214477486,0.1306233406066894,0.0058806834930617,0.004870355129241943
6,767,0.5898818606125746,0.0713526606559753,0.019507941742379353,-0.003411032259464278
6,768,0.6000115580601801,0.1524733304977417,0.01078925057453839,-0.01439025625586507
6,769,0.6280095284378135,-0.0101802349090576,0.014071270962632942,-0.006964452564716325
6,770,0.5957613397033914,0.0232927799224853,0.031556022140055706,-0.012746550142765049
6,771,0.5107860049733541,0.2134215235710144,0.05072965295733323,-0.020605672150850268
6,772,0.5288612649877882,0.0185895264148712,0.04931909355092945,0.015399374067783363
6,773,0.5256632296964576,0.1829723119735717,0.04594410044957553,-0.035636376589536695
6,774,0.5675057694689897,0.0365048050880432,0.001333618470473752,0.008379064500331913
6,775,0.6277538338231639,0.0762876272201538,0.008008830490589647,-0.0026387348771095
6,776,0.6082025440419951,0.0705257058143615,0.002874158525308812,0.0022780224680900435
6,777,0.3349856598760993,0.1273923814296722,0.027985872735742212,0.005816988646984114
6,778,0.37133026290194,0.0743752121925354,0.0253043144388459,0.038368664681911524
6,779,0.39655058834096035,0.2151117622852325,0.02572925871197751,0.026759531348943683
6,780,0.49405413659248976,0.1348355114459991,0.02480962377175433,0.010061677545309053
6,781,0.5028409825432782,-0.0546355247497558,0.0028519554937905256,-0.012431532144546495
6,782,0.5093128376058996,0.1248663663864135,0.028643767021345246,-0.026142925024032634
6,783,0.646143883421961,-0.069414734840393,0.005508827296592855,0.00017406046390534835
6,784,0.6052592295466204,0.0679156184196472,-0.02144109327056276,-0.015129849314689608
6,785,0.5468517139817286,-0.0113822221755981,-0.013769927834088591,0.002585470676422126
6,786,0.47337437551198863,0.2258009910583496,0.0597805576005056,0.029063589870929746
6,787,0.5395986255277971,0.0193281173706054,0.03984953203529312,0.004932723939418774
6,788,0.5395986255277971,0.0114627480506896,0.03984953203529312,-0.0030468627810478627
6,789,0.42049322081866175,0.00403493642807,-0.00619453095236322,0.0017139092087745124
6,790,0.4763877741245735,0.0234439373016357,-0.002190567195297144,0.013926431536674513
6,791,0.4763877741245735,0.0768196582794189,-0.002190567195297144,0.01690004020929338
6,792,0.5172085421409345,0.173656553030014,0.028531370926031308,0.04255680367350578
6,793,0.5151084206313657,0.2122512459754943,0.02860676907051085,-0.026086036115884836
6,794,0.5545603279284858,0.2116875350475311,0.01611435960700236,0.019321173429489136
6,795,0.620589711542197,0.1812066435813903,0.04424174205538134,-0.021195240318775205
6,796,0.6594973347751226,0.2982743680477142,0.04718147515514537,0.004960313439369146
6,797,0.6065112020394794,0.0783979296684265,0.05939811260092509,0.002535935491323499
6,798,0.3881109182199208,0.18783700466156,0.034834810983028874,0.019462678581476184
6,799,0.432500245948345,0.2280086874961853,0.03208283649593424,0.009303845465183286
6,800,0.5132089353861252,0.0234116315841674,0.05641818773656121,-0.0049179568886757105
6,801,0.5436297365535796,0.2549610733985901,0.06572669468668307,-0.010561659932136536
6,802,0.5046465716031647,0.1277921795845031,0.049798923738612555,0.05494657531380652
6,803,0.5577082460562972,0.1540115773677826,0.050570324141139156,-0.017241667956113788
6,804,0.6899876192206784,0.0538347363471984,0.028751345836177666,-0.003081850707530996
6,805,0.5572506947084511,-0.0177330374717712,0.024702609549779875,0.0022903829813003505
6,806,0.6899876192206784,-0.0175046324729919,0.028751345836177666,-0.004107393324375163
6,807,0.5619292442083048,0.0452702641487121,0.02722716750294729,0.008827760815620402
6,808,0.47195368114625136,0.1250137388706207,0.025321633989622394,-0.0344586409628391
6,809,0.528589709330605,0.0354173183441162,0.01929278756493069,-0.0066796019673347265
6,810,0.5441905977449155,0.2081130445003509,-0.007418266400665896,-0.023799793794751195
6,811,0.563741887526084,0.1213142871856689,-0.0022835944353851723,-0.015637647360563292
6,812,0.5441905977449155,0.1851268708705902,-0.007418266400665896,0.012080455198884038
6,813,0.42176046008451856,0.0638838410377502,0.04021355965752016,0.0037614405155181885
6,814,0.39111219415040166,0.2969970405101776,0.038736234978087036,-0.014458388090133667
6,815,0.38340764483911377,0.0566893815994262,0.03308408263748319,-0.007122009992599515
6,816,0.36152607183501884,0.1326889395713806,0.029434301707328747,0.003721974790096283
6,817,0.3769741038036497,0.2830720394849777,0.034067229205050176,-0.015325954183936119
6,818,0.37905818354390197,0.1331754624843597,0.04452975388468389,0.008400071412324905
6,819,0.5216931962016597,-0.0001457929611206,0.026447724342905876,-0.046706527471542324
6,820,0.5322082442951667,0.2664677500724792,0.03060073616844794,0.012765571475028992
6,821,0.4348378907942795,0.3102089762687683,0.04105537198839054,0.02009649202227598
6,822,0.5593147992582483,0.0085864663124084,-0.012694597556575982,0.017356328666210098
6,823,0.5895047706262504,0.240640252828598,-0.013382693445416982,-0.013397519476711722
6,824,0.4941454061546535,0.2540259063243866,-0.013759909870273646,-0.006001782603561823
6,825,0.5601513117531634,0.181850790977478,0.06739654777895798,-0.04102342948317528
6,826,0.567709746310244,0.147005021572113,0.06370323402604938,0.052925210446119336
6,827,0.5601513117531634,0.1776953339576721,0.06739654777895798,-0.04285931959748268
6,828,0.43340217906348866,0.1845908910036087,0.03978614681868342,0.04667950794100767
6,829,0.43983572009895266,0.2793531417846679,0.03880300025111638,-0.0047135781496763784
6,830,0.47241328197519017,0.2037000656127929,0.02503616737971276,-0.025725111365318326
6,831,0.5181888003225824,0.1016930341720581,0.016175654467183054,0.0010218620300293385
6,832,0.545905445213227,-0.047128677368164,0.030475199449007007,0.01977821439504624
6,833,0.5210307598190442,0.0748927593231201,0.02553919495858603,0.005560033023357405
6,834,0.5021612386799349,-0.0375747680664062,0.022505928416422016,0.009211812168359777
6,835,0.47241328197519017,0.2199631333351135,0.02503616737971276,-0.03915426135063174
6,836,0.4808833281495918,0.1202171146869659,0.018356363504745066,-0.0885861348360777
6,837,0.6194441163001527,0.0972757935523986,0.0594112437598906,0.03305154293775553
6,838,0.605380540997017,-0.0639857351779937,0.06710653233485164,-0.03540181368589397
6,839,0.6376287297314391,0.1718334257602691,0.04962178115742888,-0.02136489748954773
6,840,0.48581704458260844,-0.0339425802230834,0.052300499885235,0.014475218951702173
6,841,0.5424203248381062,0.2542271912097931,0.04415979581887375,-0.01843290403485298
6,842,0.48581704458260844,0.0421734452247619,0.052300499885235,0.0014100223779678275
6,843,0.383336499831354,0.2364759147167205,0.02951146284640127,-0.030433555133640794
6,844,0.37905818354390197,-0.0030321478843688,0.04452975388468389,-0.017654299736022824
6,845,0.383336499831354,0.2665816992521286,0.02951146284640127,-0.031441736966371536
6,846,0.6144948803352012,0.0181091427803039,0.0481861867334179,0.011147983372211425
6,847,0.6476743437690448,0.1284478306770324,0.033533840524685665,-0.03380130976438525
6,848,0.6476743437690448,0.2070464491844177,0.033533840524685665,0.0006864033639431
6,849,0.5498090518857165,0.1212819814682006,0.056157063992363754,-0.007352836430072812
6,850,0.575630006048401,0.0944491624832153,0.016847941199689354,-0.0026734396815299988
6,851,0.583078939126084,0.1556679904460907,0.05253226607702077,-0.009448580443859073
6,852,0.35251777158498243,0.1832413673400879,0.04308132491309735,0.03505539894104007
6,853,0.3690967742587373,0.4013772755861282,0.02013662515945508,-0.006628737319260891
6,854,0.35251777158498243,0.2973356246948242,0.04308132491309735,0.026377603411674555
6,855,0.522551937794719,0.2108242511749267,0.03797979558025122,-0.0016932301223278323
6,856,0.4610863505766052,0.3949947655200958,0.02586431392998656,-0.020854240283370018
6,857,0.44641872407498895,0.1409110426902771,0.0194807897909548,-0.018046838231384726
6,858,0.6231260984599032,-0.0648435354232788,0.005414486112101269,-0.003190353512763998
6,859,0.5892061754826801,0.2818546444177627,0.024317131672152326,-0.04709518421441322
6,860,0.7012230777234321,0.3086839765310287,0.05571250668818395,0.030295647680759374
6,861,0.5409832043535754,0.0496592819690704,0.002909436351329342,-0.007780767977237674
6,862,0.49749978605510203,0.0345732569694519,-9.711116668897901e-05,0.004202969372272533
6,863,0.5616129603250326,0.1253460049629211,0.019146508909403392,-0.03374278545379639
6,864,0.5667729148258858,0.2880821377038955,-0.009292378581044813,-0.03303393069654703
6,865,0.6306226545966744,0.3982567116618156,0.0027812086812757375,-0.010150465182960033
6,866,0.5817665116949576,0.2260654717683792,0.01531801895461482,-0.02311200276017189
6,867,0.40560594209770706,0.1239957809448242,0.024406845788660814,-0.012953639030456501
6,868,0.5053948621061075,0.1034213900566101,0.03938386229254209,-0.010081432759761783
6,869,0.4145831290067251,0.2314185798168182,0.012950287231790758,-0.03670888207852843
6,870,0.4956593490258231,0.2712463438510895,0.008242252518856796,-0.04164212569594383
6,871,0.5336920976446137,-0.0183190703392028,0.020767598868398296,-0.013332970440387663
6,872,0.563741887526084,0.2853492796421051,-0.0022835944353851723,-0.02198389545083046
6,873,0.4440173206311693,0.2538155913352966,0.041617431593159115,0.0024732686579226892
6,874,0.4826128162408907,0.2237087786197662,0.037584004711828545,0.009449642151594162
6,875,0.4440173206311693,0.2921025156974792,0.041617431593159115,-0.010231254622340202
6,876,0.5253464800787333,0.0909977853298187,0.001903968604369588,-0.018102645874023438
6,877,0.44991972986865714,0.1047739833593368,0.009965115590483797,-0.03140548802912238
6,878,0.46961734998433186,-0.0325427055358886,-0.011345048799658697,-0.0083021819591522
6,879,0.5451758502252839,0.0784596800804138,0.01896656065474933,0.028203822672367117
6,880,0.5451758502252839,-0.0237994790077209,0.01896656065474933,-0.003973394632339498
6,881,0.4891102554442876,0.0829390883445739,0.02067945108967112,0.021278686821460717
7,0,0.3935672633136037,0.2349079251289367,-0.049769631785581414,-0.02553226426243782
7,1,0.3627551303984441,0.1267986297607422,-0.054713355834810795,-0.017009127885103198
7,2,0.3844963532681793,0.1207790672779083,-0.034049817809680805,-0.0182384941726923
7,3,0.36299112348574725,0.3274800777435303,-0.03977773501041176,0.007246788591146469
7,4,0.3388944012970373,0.0085439682006835,0.00037310187135697337,-0.0036898106336593992
7,5,0.36466690072002456,0.0119012594223022,-0.02565481170617606,-0.0003549829125404254
7,6,0.6221233664202188,-0.0091028809547424,0.008062313773381069,-0.00599607080221175
7,7,0.5703092683083714,-0.0299458503723144,-0.023426942982663346,0.010077953338623064
7,8,0.6798519639852808,0.1949775218963623,0.012194802784339376,0.0030994042754173556
7,9,0.40799805043355375,0.0510774254798889,-0.008524382305844014,-0.021633133292198153
7,10,0.39047512594472833,0.2645012885332107,-0.026686736127449262,0.008392168208956663
7,11,0.37491662277935,0.1033553481101989,-0.022187104785075018,0.016124609857797595
7,12,0.43253363752764695,0.1447709202766418,0.0031592804652076922,0.02248109504580495
7,13,0.5268338299749389,0.2097351551055908,0.012090686267915984,0.041130173951387405
7,14,0.4999314679676912,-0.0005248188972473,0.006682384153024579,-0.0012524649500846499
7,15,0.2721608084928275,0.1029993891716003,-0.06887137962406875,0.009628087282180772
7,16,0.2966598559457979,0.0416422486305236,-0.046840949632266426,0.0024540796875953397
7,17,0.2721608084928275,0.154883325099945,-0.06887137962406875,-0.01908242702484131
7,18,0.34142855354365453,-0.0147068798542022,-0.03629602707725649,-0.033661711961030884
7,19,0.32354788217621555,0.1360634565353393,-0.03567504167499347,-0.02650371938943863
7,20,0.3106362954013229,0.159093976020813,-0.01772908768067355,-0.005782410502433749
7,21,0.34112440317426385,0.212493360042572,-0.060419634461620075,-0.006657235324382754
7,22,0.4374780312551897,0.2365338802337646,-0.039177804259273585,-0.012467529624700574
7,23,0.3495850032404558,0.1296788454055786,-0.07364703117259508,-0.002011138945817892
7,24,0.2806214085590194,0.1343645453453064,-0.08209877633504381,-0.0275042653083801
7,25,0.31355276097738083,0.1352215409278869,-0.061555062232077795,-0.003606993705034256
7,26,0.30905877321727665,0.1130217313766479,-0.06984174451791497,-0.0007443204522133012
7,27,0.3264416491748231,0.3340566009283066,-0.059928770552206356,-0.04085938539355993
7,28,0.32368382459158784,0.2283065766096115,-0.061295662518878746,-0.02465285628568381
7,29,0.37121034677267967,0.1524016857147216,-0.04938384799719647,-0.03728021495044234
7,30,0.3748153539131432,0.1304281949996948,-0.059255604375028526,-0.01769707351922986
7,31,0.40911142970262326,0.0112321376800537,-0.0717897537581711,-0.019435472786426523
7,32,0.34913581383812115,0.0482711791992187,-0.07014574422548503,-0.003506053239107139
7,33,0.6749815692368552,0.248170256614685,0.010855600265410992,-0.0062941499054431915
7,34,0.6458689315030149,0.1039920449256897,0.004568325287482078,0.01943429931998257
7,35,0.6212021674221991,0.109680563211441,0.008330780799069792,-0.004464324563741698
7,36,0.3015311377993858,0.11021488904953,0.005981738499992506,0.03390903212130071
7,37,0.3547995720900647,0.38194340467453,0.010521236251837263,0.0018954598344862461
7,38,0.347435778182986,0.0051172077655792,-0.013063270522270132,-0.05135290697216985
7,39,0.3893370446556812,0.0044854879379272,-0.07464948826098283,-0.0009472146630287621
7,40,0.4003423837153569,0.0267184376716613,-0.06515652818798773,-0.012973167002201101
7,41,0.3893370446556812,-0.0131129026412963,-0.07464948826098283,-0.021425426006317014
7,42,0.4419809585303609,0.2068290710449218,-0.019898381026727696,0.06171495467424387
7,43,0.3427595162007698,0.3900582790374756,-0.05144984718262352,0.0003432631492615301
7,44,0.3524523246436603,0.2371265292167663,-0.040231518797236854,0.002795703709125491
7,45,0.6186563213351159,0.2841562479734421,0.004750230347583484,-0.016208674758672714
7,46,0.6351855778886075,-0.0982452630996704,0.008181250819978225,-0.020954851061105756
7,47,0.6512592719351948,0.1490019559860229,-0.00685911321184951,-0.006534166634082822
7,48,0.481409522570333,-0.0081713795661926,-0.03764658541364385,-0.005930423736572262
7,49,0.43683886207545986,0.0657708644866943,-0.05118845603961858,0.0016770437359810014
7,50,0.43612656003377437,0.0951615571975708,-0.03959922789177972,-0.004886060953140231
7,51,0.5570930591504256,-0.0187397003173828,0.0046505375889799305,0.0009604990482329871
7,52,0.5896960097505046,0.3771001994609833,-0.006958805970453064,0.006371406838297844
7,53,0.46795317786722457,0.0423458218574523,-0.005998219880424593,-0.02121078222990038
7,54,0.3713822508224186,0.0910069942474365,-0.03731991346817293,-0.0030563250184058866
7,55,0.4332293580559553,0.175221562385559,-0.02549631796400037,0.005990382283925982
7,56,0.46197657272803516,0.2325987517833709,-0.02316188967891497,-0.0168888252228499
7,57,0.32707370968729466,0.2382250428199768,-0.039322917718049744,0.01516279950737956
7,58,0.32707370968729466,0.3353754878044128,-0.039322917718049744,0.021711446344852392
7,59,0.32707370968729466,0.1572980284690857,-0.039322917718049744,0.0384677536785603
7,60,0.3893393390837013,0.0144148468971252,0.0019578287091217006,-0.004863478243350974
7,61,0.39008372349583054,0.0227459669113159,0.006620261881406353,-0.008974283933639488
7,62,0.39008372349583054,-0.0142515301704406,0.006620261881406353,0.0025998651981353742
7,63,0.5366272935803867,0.2166870832443237,-0.008097583998930014,0.04678130894899371
7,64,0.5366053284621132,0.236019104719162,-0.02068227933463207,-0.011580631136894198
7,65,0.5761764608171397,0.1248340159654617,-0.02865073097719395,0.015152348205447225
7,66,0.5859235946765085,0.2348570823669433,-0.0012214332542272999,0.009160358458757373
7,67,0.5859235946765085,0.1962438225746154,-0.0012214332542272999,-0.0016723200678825656
7,68,0.5859235946765085,0.2998343110084533,-0.0012214332542272999,0.011398296803236008
7,69,0.3318397702208181,0.0928466916084289,-0.05180153167260926,-0.01756418496370317
7,70,0.3318397702208181,0.1050453782081604,-0.05180153167260926,-0.016933076083660084
7,71,0.3319801871416066,0.0870382189750671,-0.03716175756382972,-0.0014745518565177779
7,72,0.5146781920222814,0.2693843394517898,0.01588840065011221,-0.004012236371636446
7,73,0.50570475141768,0.0458642244338989,0.018287046247363214,0.007878020405769362
7,74,0.5188146966082979,0.12730073928833,-0.01288979812488733,0.007766190916299792
7,75,0.3887929023992277,0.1728527545928955,-0.03506589076262662,-0.004056666046380941
7,76,0.3350112986095787,0.1513232290744781,-0.033284289559221525,-0.005378875881433487
7,77,0.33380281245418303,0.0649777054786682,-0.03356005766603809,0.006201654672622722
7,78,0.42963757637577327,0.2784685492515564,-0.03654036769224667,0.009628592059016228
7,79,0.387869880055201,0.1882922053337097,-0.04167868300708283,-0.008746784180402756
7,80,0.4640241756907902,0.1152123808860778,-0.03499460853133113,-0.03963375464081767
7,81,0.4305863257620841,0.0880450010299682,-0.020017839678473592,-0.013167202472686768
7,82,0.43036154380729,0.1305637955665588,-0.035805953917549704,-0.0013342127203941068
7,83,0.4312478770214906,0.1019737124443054,-0.047906666987736046,-0.0008450821042060574
7,84,0.36266743866326934,0.3395590484142303,-0.020751295836164085,7.496960461134128e-05
7,85,0.40117243080328335,-0.0271000266075134,0.008660148428144943,0.0014928951859474009
7,86,0.3891429751994793,0.0645420551300048,-0.0034598657472738603,-0.027025774121284513
7,87,0.5719122011624381,0.0753602981567382,0.000575657601163071,-0.01216842979192738
7,88,0.5719122011624381,0.072136789560318,0.000575657601163071,-0.007025703787803622
7,89,0.5268338299749389,0.1909244060516357,0.012090686267915984,-0.015067283064126996
7,90,0.7671441656851213,0.3022690713405609,0.010826987060824633,0.003069087862968445
7,91,0.8056109246752272,0.1850416660308838,-0.0038846853687125593,-0.0017788279801606854
7,92,0.6280501486853577,0.1460987329483032,-0.018591958512715112,-0.025868691504001617
7,93,0.6366872630740567,-0.0298943519592285,0.003956947823048895,0.006223194301128363
7,94,0.6842305666656556,-0.0183884501457214,0.0293312780076318,-9.557604789733887e-05
7,95,0.7460049530169268,0.068422794342041,0.024015709681205144,0.009835846722126021
7,96,0.612891065245029,0.1256699562072754,0.0057851949143743475,-2.7932226657839676e-05
7,97,0.612891065245029,0.1348291933536529,0.0057851949143743475,-0.03980179503560069
7,98,0.5949480261543482,0.1059474349021911,-0.029419756754064164,-0.023175969719886808
7,99,0.3016662423856919,-0.0115809440612792,-0.070978353808903,0.0051830708980560615
7,100,0.36191792820092694,0.0587888956069946,-0.0674331664822107,0.0004263073205948015
7,101,0.3561090381008083,-0.0265232324600219,-0.07647934487980335,0.006278276443481449
7,102,0.479255945380138,0.0199403762817382,-0.05254851590422155,-0.021952215582132364
7,103,0.4222684106715378,0.0682152509689331,-0.06976788161729136,0.0018699318170547902
7,104,0.4682506063204623,-0.0105494856834411,-0.06204147597721671,-0.008625116199254912
7,105,0.3130348280628597,0.0913626551628112,-0.045637102119280626,-0.005932681262493161
7,106,0.3154235744341128,0.2804324328899383,-0.051342435222780425,-0.02900837920606142
7,107,0.28726232863987244,0.0044372677803039,-0.01960918854174759,-0.006030395627021788
7,108,0.4516572774208831,0.0001636147499084,-0.035734871489418396,0.007499061524867937
7,109,0.44646082846132595,0.1122029423713684,-0.036181653164820915,0.0015970170497894565
7,110,0.49827492657317346,0.0747868120670318,-0.004692396408776445,0.013886764645576463
7,111,0.3453908343032409,0.0563116669654846,-0.03566222009592518,-0.0012180358171462874
7,112,0.3264439174091551,-0.0417997241020202,-0.010575384548637934,0.002704419195652015
7,113,0.3264439174091551,0.1183491349220275,-0.010575384548637934,-0.04510978236794477
7,114,0.5688179174875613,0.2976311445236206,0.008856970449759749,-0.017486564815044403
7,115,0.5102086828515056,0.2855225801467895,0.0021887937533802138,0.007542457431554794
7,116,0.5102086828515056,0.2145095765590667,0.0021887937533802138,-0.030528690665960367
7,117,0.39493775743662873,0.2878368198871612,-0.03261724041724451,0.01542543619871134
7,118,0.3955187263958925,0.2097047269344329,-0.03506982230720257,0.02889839187264437
7,119,0.39493775743662873,0.1273416876792907,-0.03261724041724451,0.05247877165675162
7,120,0.331250091143129,0.1336495876312255,-0.05841467608656847,-0.04314783588051799
7,121,0.300584195036734,0.2229166030883789,-0.05822232247133957,-0.029173903167247772
7,122,0.3029729414079871,0.3197803795337677,-0.06392765557483937,-0.021136851981282234
7,123,0.40357860955323754,0.0702664852142334,-0.07564673529638538,-0.0006545931100845059
7,124,0.3293614287911791,0.0894447565078735,-0.07300547872829682,-0.009677596390247345
7,125,0.4234473094936604,0.0339271426200866,-0.06544908605716288,-0.0020587667822838246
7,126,0.3818487721304152,0.0580548644065856,-0.04968262294303005,-0.019423853605985676
7,127,0.45025511275787444,0.1171925067901611,-0.05301637012235261,-0.00015404075384138627
7,128,0.45025511275787444,0.1872544884681701,-0.05301637012235261,-0.02361990138888362
7,129,0.52990311154412,0.2403713315725326,-0.05386288347113832,-0.006122728809714373
7,130,0.535672247894648,0.2045791745185852,-0.03868721563704125,-0.015307132154703113
7,131,0.535672247894648,0.2890591025352478,-0.03868721563704125,-0.04013574682176113
7,132,0.4020750470709088,0.3144280314445495,-0.013785746179116487,0.03828574717044825
7,133,0.341754052412018,-0.0328357815742492,0.009474067187631274,0.02484477311372759
7,134,0.34879597373398924,0.109091579914093,-0.015984575157244274,-0.005898378789424855
7,135,0.4344526485533361,-0.0142730474472045,-0.055956125984167715,0.0006821081042290011
7,136,0.4661880273250584,0.0043897628784179,-0.04303892316541702,-0.01742157340049745
7,137,0.4209050647884997,0.0335708856582641,-0.044991565643552944,0.013742618262767799
7,138,0.5497413259859169,-0.0031679272651672,-0.0037971525604385548,-0.02000089362263676
7,139,0.5744080900667327,0.1180627048015594,-0.007559608072026158,-0.013564672321081175
7,140,0.5744080900667327,0.2432944178581237,-0.007559608072026158,-0.0007050093263388235
7,141,0.29154595965250696,0.2294223308563232,-0.0017156549755413808,-0.02066909894347191
7,142,0.3157830987620054,0.2089845538139343,-0.027226717748530527,-0.009393978863954544
7,143,0.28872246314849204,0.1722539365291595,-0.00467042588962141,-0.02548527531325817
7,144,0.5497413259859169,0.0538968443870544,-0.0037971525604385548,-0.017058197408914566
7,145,0.6173113250315796,0.2250542640686035,-0.01651539341210151,-0.007159095257520676
7,146,0.5626576823994531,0.1862900555133819,-0.006665319218071675,0.02640727534890172
7,147,0.46066106367881826,-0.0331470966339111,-0.05025050726026442,-0.003889445215463659
7,148,0.4225878799846477,0.3910758644342422,-0.008250604302767195,0.011716136708855629
7,149,0.40977920533375395,0.330996572971344,-0.01890276869238111,0.011339753866195734
7,150,0.4820678090584033,0.215411901473999,-0.055709274124053576,-0.005750551819801331
7,151,0.5497615046278006,0.0648421645164489,-0.03579780293732682,0.017929628491401645
7,152,0.5699608370731373,0.1613854169845581,-0.021240047210732027,0.002061687409877805
7,153,0.4703800132752911,0.1163595914840698,-0.04171269003107525,0.007222369313240079
7,154,0.46966771123360557,0.0520597100257873,-0.03012346188323639,-0.016612090170383467
7,155,0.47516558538858567,0.0685204863548278,-0.02825905016253638,-0.0030603706836700717
7,156,0.4325113392652013,0.0736927092075347,-0.01168878685092628,0.004229705780744525
7,157,0.4305863257620841,-0.0399355888366699,-0.020017839678473592,-0.00781979411840441
7,158,0.4325113392652013,0.0847276747226715,-0.01168878685092628,0.015460569411516217
7,159,0.33023004585038684,0.0570740103721618,-0.04568952254739428,-0.0018762499094009469
7,160,0.3016340499233847,0.0090044736862182,-0.022616379883941218,-0.003927797079086338
7,161,0.3319801871416066,0.2182045578956604,-0.03716175756382972,0.014148756861686734
7,162,0.5087586832196147,-0.0706598460674285,-0.0420386412035435,-0.016811396926641416
7,163,0.5122648005180606,0.1285546422004699,-0.050764895991410874,0.02252202108502384
7,164,0.5087586832196147,0.0504218935966491,-0.0420386412035435,0.0056392624974250655
7,165,0.4264029389434798,-0.0714300870895385,-0.04312715392285282,-0.009978286921977983
7,166,0.4264029389434798,0.1085962057113647,-0.04312715392285282,0.006219029426574721
7,167,0.3911283320038139,0.1449033617973327,-0.02794230078865395,-0.00013142824172976408
7,168,0.5897316467453991,0.389227420091629,0.011245163864381902,-0.0003611128777266104
7,169,0.57574176173722,0.054086685180664,0.0017102248573652723,0.0013714805245399336
7,170,0.5628292847381515,-0.0159867405891418,0.005836861749490496,-0.0029770284891128505
7,171,0.39000161288028595,0.1130358576774597,-0.011880592273521506,-0.02039602398872374
7,172,0.40137055826968676,0.2233523428440094,-0.006732220134430533,-0.030061006546020508
7,173,0.41272138405197123,0.0439114570617675,-0.0015204807890296657,-0.012931860983371762
7,174,0.43992783320621076,-0.0459394454956054,0.010259543287991835,-0.005016900599002824
7,175,0.3875513761369166,0.0223340988159179,-0.014385180297397437,-0.006904080510139476
7,176,0.4309543926016094,0.0092605352401733,0.012658188885242894,0.0023626610636711
7,177,0.32514692946282686,0.085260272026062,-0.07559356905353531,-0.0003853887319564403
7,178,0.40452282671901635,0.1467671394348144,-0.049575040519974634,-0.011158954352140454
7,179,0.39284062503222417,0.2232537865638733,-0.055682097866808555,0.009069345891475705
7,180,0.33627081357820615,0.2032431662082672,-0.06101410948581959,-0.0072300471365451535
7,181,0.3447314136443981,-0.0710170269012451,-0.0742415061967946,-0.006069526076316847
7,182,0.3447314136443981,-0.0227102041244506,-0.0742415061967946,-0.0014901012182235648
7,183,0.6186563213351159,0.2541874349117279,0.004750230347583484,-0.0070688240230083466
7,184,0.5570930591504256,-0.0064115524291992,0.0046505375889799305,-0.003228224813938162
7,185,0.5570930591504256,-0.0089203715324401,0.0046505375889799305,0.002183660864830036
7,186,0.4875710737276616,0.2843170464038849,-0.05199988032093528,-0.0037482241168618202
7,187,0.4320000148233532,0.1455376148223877,-0.048041465334388744,-0.029462262988090487
7,188,0.6182003009874495,0.3009558618068695,-0.01824786898806663,-0.015390940010547638
7,189,0.5227820550118278,0.0416858196258544,-0.017191005566460582,-0.008354455232620274
7,190,0.5038190917698975,0.2014758288860321,-0.0122043409047905,0.025853604078292902
7,191,0.4572014426176071,0.2778741717338562,-0.04324681598543245,0.026539374142885208
7,192,0.3154235744341128,0.0375965535640716,-0.051342435222780425,-0.0015952568501233985
7,193,0.3154235744341128,0.1827587783336639,-0.051342435222780425,-0.000645732507109642
7,194,0.3274719888609575,0.1190192997455596,-0.041897225583037045,0.005904383957385961
7,195,0.5300968400023234,-0.0392822623252868,-0.035405740590006896,-0.0026285573840141227
7,196,0.5528456340665944,0.2511316537857055,-0.022696430591271577,0.0014692172408103665
7,197,0.5480767432269245,0.0845581293106079,-0.007927689178404251,0.0019074678421020647
7,198,0.4871452548004811,0.0732232928276062,-0.035461873500228,-0.003819637000560719
7,199,0.5075631990053129,0.055846095085144,-0.02962275407305226,0.0045359209179878235
7,200,0.5389593529123287,0.1203240156173706,-0.003972616744183477,0.0007219985127449452
7,201,0.3463302041515893,0.202990174293518,-0.04193715701302042,-0.03269420564174655
7,202,0.32911126414275915,0.0826204717159271,-0.06605469357445193,0.01046238839626315
7,203,0.3233015511974865,0.1615723967552185,-0.016150326133214765,0.025845725089311627
7,204,0.37147132812904604,0.3261120319366455,-0.013400625391399357,-0.0019030123949050903
7,205,0.3864609186510211,0.2554622590541839,-0.0013206642410221736,-0.024205338209867533
7,206,0.3739244028915913,0.1092939376831054,-0.0035088962311718985,0.023450873792171437
7,207,0.4852630585871882,0.2731040269136429,-0.0028991605447658553,0.031509554013609914
7,208,0.43344896047534076,0.2457824945449829,-0.03438841730081027,0.03563117980957034
7,209,0.4386454094348978,0.2823762893676758,-0.03394163562540781,0.038164319470524816
7,210,0.3951459347557998,-0.0264355540275573,-0.06560330986339025,-0.020316012203693338
7,211,0.3951459347557998,0.0504361987113952,-0.06560330986339025,-0.01387203484773638
7,212,0.42925619959377903,-0.0660176873207092,-0.05640290765957018,-0.01185807585716249
7,213,0.4828422961460479,0.1176127791404724,-0.01855410294697013,0.006469517946243314
7,214,0.446618023675867,0.0517305135726928,-0.03544512646199116,-0.0022000297904014726
7,215,0.4828422961460479,0.1347895264625549,-0.01855410294697013,0.0061945989727974216
7,216,0.3761380162478325,0.2444000393152237,-0.06662153144612715,0.05361368320882323
7,217,0.3761380162478325,0.3257709592580795,-0.06662153144612715,0.005790247581899111
7,218,0.38154672795198696,0.2148752808570861,-0.028577668749192653,-0.006667643785476712
7,219,0.47761200871514625,0.1241950690746307,-0.008355748201545221,-0.0046418868005275865
7,220,0.36498656714646216,0.1616753935813903,-0.01135023454573747,-0.012558601796627072
7,221,0.47065570498315484,0.2061986625194549,0.0027295433960617954,-0.0012749619781971255
7,222,0.4810702977056265,0.0069251060485839,-0.024913650903525708,-0.006939217448234575
7,223,0.4472361028183802,-0.0005586743354797,-0.028924856247967423,-0.017853103578090602
7,224,0.5389593529123287,0.0674477815628051,-0.003972616744183477,0.005428396165370927
7,225,0.30599290674088847,0.0951343178749084,-0.020178459774405078,-0.008637934923171997
7,226,0.33012713372638797,0.400071419775486,-0.0170914041634605,0.011706888675689697
7,227,0.30599290674088847,0.0157526135444641,-0.020178459774405078,-0.0009187459945678364
7,228,0.5949101793839597,0.0499282479286193,-0.0010135404342119791,0.004030920565128299
7,229,0.4609915783655013,0.0074440240859985,-0.043485704840819484,0.002762049436569225
7,230,0.4661880273250584,0.0038107633590698,-0.04303892316541702,-0.005007922649383538
7,231,0.339776930876652,0.020658791065216,-0.0697403642736869,0.003260977566242187
7,232,0.3370191062934168,0.1889204978942871,-0.07110725624035918,-0.024425085633993093
7,233,0.36820031742055853,0.3267499953508377,-0.059091307120957726,-0.006167950108647291
7,234,0.3340079157263642,0.1276596784591674,-0.057047784119896194,0.04241917282342908
7,235,0.39332198033145976,-0.033792495727539,-0.03080296634331986,-0.02411279082298274
7,236,0.4018487988510713,0.2311967313289642,-0.04099314364512324,-0.014365475624799728
7,237,0.42925619959377903,-0.0135006308555603,-0.05640290765957018,-0.006585709750652362
7,238,0.5209794496877274,-0.0673514008522033,-0.03145066815578634,-0.005277834832668277
7,239,0.4344526485533361,0.0292652249336242,-0.055956125984167715,-0.009128332138061548
7,240,0.43890942603403327,0.2902509272098541,-0.04802928135905915,-0.030278818681836128
7,241,0.3595335287778438,0.2102522253990173,-0.07404780989261978,-0.0023985058069229126
7,242,0.4159312265122412,0.0417150855064392,-0.0630562897979352,-0.02387980371713635
7,243,0.377523082905892,0.0286366939544677,-0.009162002555587745,-0.014747560024261485
7,244,0.3888920282952928,0.2571565508842468,-0.004013630416496772,0.015534814447164563
7,245,0.40799805043355375,0.0950316190719604,-0.008524382305844014,0.014466635882854448
7,246,0.720019125943986,0.1434326767921447,-0.006515801800663912,0.012560937553644125
7,247,0.773798527758642,0.1356834769248962,-0.003990982334322712,-0.0011163949966430387
7,248,0.6596624518705343,0.1134405136108398,-0.016065360616575486,0.012336604297161102
7,249,0.6809687461488746,0.0253173410892486,0.019196600272682107,-0.0011363737285137246
7,250,0.6387733952243645,0.081876516342163,0.0016766753698583825,-0.02008856087923054
7,251,0.567336756252826,0.1196494102478027,-0.008299798448869078,0.005819085985422148
7,252,0.5286841337821857,0.1014854907989502,-0.010413875757200541,-0.07123344391584394
7,253,0.5175954264747329,0.000258445739746,-0.012453762303939242,-0.008060805499553724
7,254,0.4671504886880689,-0.0052420496940612,-0.014038489141703914,0.00012717396020893706
7,255,0.4713955150198677,0.3764503896236419,-0.03346473923423493,0.010354548692703192
7,256,0.5128439449667597,0.0492782592773437,0.0025557472608993548,0.01322309672832489
7,257,0.5670397064688549,0.3015384078025818,-0.012914353840074222,0.020644599571824074
7,258,0.5395630902852675,0.2068959772586822,-0.013841041425869949,-0.039599588140845327
7,259,0.5343977988888501,0.1142560541629791,-0.036201340726756404,-0.016380976885557147
7,260,0.5760503984240603,0.2526288330554962,-0.010481633408379598,-0.006465412676334326
7,261,0.27481169561374674,0.3350875973701477,-0.032194408893806536,0.018514534458518028
7,262,0.33665880284728344,0.3704151660203933,-0.02037081338963398,0.019136631861329023
7,263,0.3174564005041378,0.3329483568668365,-0.009622061120985903,0.015800014138221685
7,264,0.44316433643932907,0.3336471021175384,-0.0038255915532501295,0.013684647157788221
7,265,0.42819671103562756,0.2321537733078003,-0.003320857367925256,-0.02396581880748272
7,266,0.44316433643932907,0.2861735075712204,-0.0038255915532501295,0.010369732975959778
7,267,0.5666332614138929,0.2909823358058929,0.009117245282678765,0.01048061996698374
7,268,0.5418575120989406,0.0915134847164154,0.009533030617067006,-0.00794376805424686
7,269,0.5702034429875511,0.2451256662607193,0.015798237863451248,-0.022017687559127808
7,270,0.33789051485587274,0.1186774373054504,-0.05408733029388202,0.01882427185773848
7,271,0.3463511149220647,0.0069800019264221,-0.06731472700485702,-0.002789616584777813
7,272,0.364638124165502,0.1251104474067688,-0.05756119644538854,-0.004282567650079699
7,273,0.34986085850904547,0.2719541788101196,-0.03778274296609285,-0.010358035564422607
7,274,0.31692950609068404,-0.000283271074295,-0.05832645706905881,-0.020534317940473487
7,275,0.34142855354365453,-0.0906095206737518,-0.03629602707725649,-0.020434021949768066
7,276,0.3930084599115786,0.2600080668926239,-0.020604343456221308,0.016812002286314992
7,277,0.3930084599115786,0.2945062816143036,-0.020604343456221308,-0.0035784691572188776
7,278,0.37147132812904604,0.3153448104858398,-0.013400625391399357,-0.02580063976347452
7,279,0.7533128593337934,0.3734805881977081,-0.02102830026839131,0.002038305625319481
7,280,0.5022486748292541,0.0076115131378173,-0.005742677157883347,-0.0018857493996620378
7,281,0.6909832089507995,0.2847030460834503,-0.002822309651167143,-0.024388853460550308
7,282,0.5702034429875511,0.1334718763828277,0.015798237863451248,-0.015194863080978394
7,283,0.5741044556160688,-0.0475041270256042,-0.0011829664930442796,-0.008794441819190986
7,284,0.6002581320510486,0.0351074337959289,0.006840864847547201,-0.0011951848864555359
7,285,0.7361356414564637,0.2427657842636108,0.010452552771313739,-0.00601784884929657
7,286,0.6710907268462356,0.1115744709968566,-0.01399057394576031,0.0020170882344245633
7,287,0.6339619025649681,0.2758946120738983,-0.00043633576037183097,-0.012210650369524956
7,288,0.5343977988888501,0.2705817222595215,-0.036201340726756404,-0.038749974220991135
7,289,0.5343977988888501,0.0997917354106903,-0.036201340726756404,-0.03282571211457251
7,290,0.6407036401065975,0.1511955112218856,-0.017791974013404377,-0.029039399698376683
7,291,0.5051006871730896,0.3408997058868408,0.0017043727385321894,0.004702093079686165
7,292,0.5628292847381515,-0.0129339694976806,0.005836861749490496,0.0010957419872284126
7,293,0.5628292847381515,0.0373194217681884,0.005836861749490496,-0.019680760800838484
7,294,0.31204768879998335,0.1791724562644958,-0.04766592381792045,0.011333137750625583
7,295,0.32449832182610905,0.2152612209320068,-0.03508070346586145,0.002724871039390564
7,296,0.38264639650792565,0.2270247638225555,-0.030244391376475166,0.0028552897274493894
7,297,0.6048492648311279,0.2481909394264221,-0.006723610738300745,0.016048530116677256
7,298,0.6339619025649681,0.2960493266582489,-0.00043633576037183097,-0.004419093951582909
7,299,0.43706244447520237,0.1084571778774261,-0.02179890999854389,0.026681691408157363
7,300,0.3677184746199468,0.1889389753341674,-0.04874234059005628,-0.0006897635757923404
7,301,0.37741128306283733,0.1557711660861969,-0.037524012204669555,0.01640377007424834
7,302,0.37741128306283733,0.3489193320274353,-0.037524012204669555,0.03213473595678806
7,303,0.4157086158289426,0.0754199624061584,-0.04543834731895546,-0.0019083097577095032
7,304,0.40617536974360774,2.3543834686279297e-06,-0.018332222020272737,-0.005309816449880575
7,305,0.507431865922891,0.1551547944545745,-0.02048610781517146,0.007594265043735476
7,306,0.36604630792587683,-0.0298348069190979,-0.05262237880484516,-0.0062217786908150136
7,307,0.303249060272004,0.1145229935646057,-0.019937377076677754,0.01687034405767919
7,308,0.303249060272004,0.0891955196857452,-0.019937377076677754,0.007997281849384308
7,309,0.28872246314849204,0.220724880695343,-0.00467042588962141,0.017248190939426422
7,310,0.30042556376798907,-0.0193203091621398,-0.022892147990757783,0.0040642246603966245
7,311,0.2773969108138863,0.1686996519565582,0.002894682889047928,-0.010693192481994601
7,312,0.6924189450878389,-0.0302187204360961,0.06492060390803112,-0.010025970637798275
7,313,0.6725854682796776,0.018603503704071,0.06271954531161683,-0.01712804287672041
7,314,0.6924189450878389,0.0284520387649536,0.06492060390803112,-0.0008291900157928155
7,315,0.7171797700501522,0.1162634491920471,0.02355084211158398,-0.003126882016658755
7,316,0.728800026161363,0.2275106012821197,0.03720293519037643,-0.012193325906991959
7,317,0.7931050619414262,0.1193450093269348,0.02637352679811522,-0.013759460300207124
7,318,0.7444866202349243,0.2194925546646118,0.056503044592319474,-0.015384022146463394
7,319,0.7438359853362089,0.1109395921230316,0.04028378102504149,-0.018352940678596483
7,320,0.7438359853362089,0.1297316551208496,0.04028378102504149,0.022518444806337398
7,321,0.7253428055500033,0.0726199150085449,0.06763916359317945,-0.010251164436340318
7,322,0.7095722141193073,-0.0380114912986755,0.07717163237613844,0.009173527359962463
7,323,0.7253428055500033,0.1095584630966186,0.06763916359317945,-0.019106611609458923
7,324,0.7907288966006518,0.3514215648174286,0.04539568078231926,-0.02052344474941492
7,325,0.6979444516336697,0.0796277523040771,-0.012374910887863244,-0.021844539791345596
7,326,0.7907288966006518,0.2782483547925949,0.04539568078231926,-0.04364809766411781
7,327,0.7235116957390809,0.0632765293121337,0.05777299467746155,0.0009698942303657185
7,328,0.7543683101865274,0.1253309845924377,0.0312435339058168,-0.011937063187360764
7,329,0.7070904694096694,0.1348779946565628,0.05108619989314245,0.00015849433839323912
7,330,0.7864595235838917,0.1280872225761413,0.05742062946110715,-0.02149935811758044
7,331,0.7713955051897327,0.0988078713417053,0.04025679150088135,0.006815493106842041
7,332,0.8015794053449045,-0.0768944025039672,0.04783465090973538,-0.0006768703460692943
7,333,0.7020456329085965,0.1328794360160827,0.005420160122740714,-0.0190071873366833
7,334,0.7802782642126799,0.2001267075538635,-0.014431176165509707,-0.014390371739864377
7,335,0.7383547080701982,0.1128746271133422,-0.02606060097120466,-0.004181258380413083
7,336,0.7262607828850651,0.0367887616157531,-0.027359310532315106,0.0030429810285568237
7,337,0.764929075079164,0.0248998403549194,0.016255707734841862,-0.0026123300194740157
7,338,0.7619090207297998,0.0146998763084411,-0.00529812680898345,-0.012816771864891063
7,339,0.7259123890123896,0.1475489139556884,0.00483795861250691,0.004437170922756167
7,340,0.6514978322889039,0.2735544443130493,0.013907926494899026,0.001044226810336113
7,341,0.65096039760061,0.0705289840698242,0.021618188995009557,0.0017198920249939242
7,342,0.8041450203164731,0.1042191982269287,-0.015013377675743511,-0.012639317661523805
7,343,0.7779510555895269,0.2378639280796051,-0.03390138807844245,-0.009277127683162661
7,344,0.7581808285048215,0.1779825538396835,-0.03783713441229408,0.010139303281903267
7,345,0.7973937260287358,0.2575087547302246,0.05605441984935966,-0.016204524785280228
7,346,0.7746538427326881,0.3279381394386291,0.0950208670008087,-0.011153863742947578
7,347,0.8314089483871063,-0.0340439677238464,0.0813752642290283,0.0017095059156417847
7,348,0.6660811871962481,0.1235809922218322,0.005667217865122143,-0.0069322772324085374
7,349,0.6696742462670751,-0.0624194741249084,-0.060930200196893325,0.0008626691997051447
7,350,0.6696742462670751,0.1107740402221679,-0.060930200196893325,-0.006662745028734221
7,351,0.752404310963217,0.1635993123054504,0.06857484786944679,0.01107390224933627
7,352,0.721125180193104,0.1487233936786651,0.07756421558224602,-0.0011594668030739108
7,353,0.7656372195464538,0.1475192308425903,0.07587251691395469,0.01740378513932231
7,354,0.779248564656602,0.0599392652511596,0.026237479403823594,-0.003807164728641524
7,355,0.7401524596380675,0.2237251102924347,0.04653970451647027,0.004306003451347379
7,356,0.7604939935267916,0.0184675157070159,0.02940192258874741,-0.021666314452886623
7,357,0.7970800022760074,0.0077006518840789,0.05845692752446907,0.007317099720239587
7,358,0.7683968884981659,0.0299237966537475,0.021023931092754355,0.010095693171024274
7,359,0.7970800022760074,0.095948725938797,0.05845692752446907,0.005255006253719385
7,360,0.7612992718735452,0.0111896395683288,0.00020122389178756084,0.011751230806112251
7,361,0.7574837939935715,0.2391924262046814,0.01629214669733936,-0.0019983239471912106
7,362,0.7380304083676501,0.237493097782135,-0.04446853979083276,0.010312721133232144
7,363,0.7153710333877732,0.2495289146900177,-0.042725492126890696,-0.007797084748744965
7,364,0.7180498830217994,0.0810842514038086,-0.01727225023323442,-0.02080681547522542
7,365,0.7490629943977817,0.2223802804946899,0.025563508241312816,-0.014258489012718173
7,366,0.7597951790306806,0.1730914115905761,-0.03452320708434853,-0.017792701721191462
7,367,0.6746755881277746,0.1007800102233886,-0.05704467457048357,-0.0014982596039772172
7,368,0.7380304083676501,0.1519953608512878,-0.04446853979083276,0.014581590890884372
7,369,0.7302702351323058,0.0400885045528411,0.07399892894917826,-0.037407930940389675
7,370,0.7121310535849299,0.2009702622890472,0.002031972309526453,-0.007314920425415011
7,371,0.7302702351323058,-0.0298301875591278,0.07399892894917826,-0.026459529995918264
7,372,0.6873796875838283,0.2481054663658142,0.058807587722797705,-0.0024128481745719355
7,373,0.7204071418526365,0.1727644205093383,0.03429823855828673,-0.019568849354982404
7,374,0.6789409418673076,0.2024586796760559,0.06671103446968496,-0.019208319485187503
7,375,0.6432177697457488,0.0913979411125183,-0.05798969348448435,-0.025123137980699498
7,376,0.6657723109239466,0.2462174296379089,-0.07073220206043451,-0.01134725287556651
7,377,0.6567375287176045,0.2608678936958313,-0.01937886551557455,-0.014586328528821468
7,378,0.7793912044488855,0.019926905632019,0.04247052695787623,-0.009437859058380113
7,379,0.7463637501800773,0.0534253716468811,0.0669798761223872,-0.0029930621385573994
7,380,0.7793912044488855,0.1029037237167358,0.04247052695787623,0.011321451514959335
7,381,0.7479512790839048,0.2169481813907623,-0.0362619717922239,0.005494721233844757
7,382,0.6566759466890869,0.1221992969512939,-0.06694572605643512,0.010615687817335129
7,383,0.6566759466890869,0.0556805729866027,-0.06694572605643512,-0.014922428876161603
7,384,0.741947484230542,0.0958281755447387,0.059112328129398484,0.010798793286085101
7,385,0.705246233407601,0.2318067848682403,0.02586029156324099,-0.01890346221625805
7,386,0.6940636747798903,0.0629162192344665,0.07662853130597869,-0.015064470469951644
7,387,0.6513370789106335,0.1306778788566589,-0.028654535293305528,0.008891962468624129
7,388,0.6932233840715865,0.2189669013023376,-0.046393178080123,0.012050807476043701
7,389,0.6932233840715865,0.1488724946975708,-0.046393178080123,-0.007546365261077825
7,390,0.7802764902489743,-0.0479286313056945,-0.007306365584202279,0.0018310695886612077
7,391,0.7192653138161608,0.2658084034919739,0.011199278692201053,-0.007527096197009031
7,392,0.7345250520256918,0.2401378750801086,0.021494855661308265,0.0017074868082999906
7,393,0.6686723778840098,0.0702639818191528,-0.0676992046875371,0.0032177530229091783
7,394,0.6920663711135973,0.1447251290082931,-0.04578293891807106,-0.0012258701026439944
7,395,0.6712913917050767,0.0928485393524169,-0.03399944915206654,-0.028980284929275568
7,396,0.7023136600611258,0.1989206373691558,-0.049805341220806376,-0.005171051248908071
7,397,0.7246511077388857,0.3086218684911728,-0.04631814097017317,-0.0038154572248458862
7,398,0.6911065465865122,0.3818006664514541,-0.014272759090671161,-0.0021869828924536705
7,399,0.7089893749453615,0.0401228666305542,-0.00963207783165032,-0.0034118331968783985
7,400,0.6769659981126762,0.2083898782730102,-0.030730420674299874,0.007212840020656558
7,401,0.6583887166662814,-0.0033105015754699,-0.059259132996215436,-0.014411956071853525
7,402,0.7004764535138885,0.1008321642875671,-0.051310128203359895,0.00415050238370894
7,403,0.6458367835668157,0.3382931053638458,-0.024289937949013796,-0.007331300526857321
7,404,0.6432177697457488,0.2709897756576538,-0.05798969348448435,-0.016455646604299545
7,405,0.8243269946269652,0.0041602253913879,0.03688348392964891,-0.020684771239757534
7,406,0.7479512790839048,0.2621337473392486,-0.0362619717922239,-0.004011882469058037
7,407,0.7479512790839048,0.2893843352794647,-0.0362619717922239,-0.009869374334812164
7,408,0.672618563417515,0.0240688920021057,0.08083788874679776,-0.006791345775127376
7,409,0.6764983003515411,0.3221306204795837,0.06794175340284014,-0.015697194263339043
7,410,0.672618563417515,0.2898234724998474,0.08083788874679776,-0.0202886201441288
7,411,0.7567002236002308,0.0845006704330444,0.025143527051772918,-0.0015484876930713376
7,412,0.7567002236002308,0.0771387219429016,0.025143527051772918,0.004038032144308118
7,413,0.8077854589082174,0.1610423326492309,0.008945498179504296,0.014675464481115341
7,414,0.6898163155495849,0.2965480983257293,0.05845616040612789,-0.010160975158214569
7,415,0.7415314393918251,0.1432960033416748,0.09102295266069693,-0.017097949981689425
7,416,0.7301583130662599,0.0576798319816589,0.07513220635965145,-0.001896113157272325
7,417,0.7383548217859467,0.1252476871013641,-0.026059570922916775,0.013679508119821576
7,418,0.7020457466243449,0.2258882522583007,0.005421190171028489,-0.0168359093368054
7,419,0.7211115703487261,0.0998440086841583,-0.029698428434109525,0.018671602010726956
7,420,0.7774044959173301,0.1996541023254394,-0.006869917899450129,-0.006273921579122571
7,421,0.7133368226100334,0.0205743908882141,-0.0369940095444895,-0.015037626028060903
7,422,0.7133368226100334,0.1496430039405822,-0.0369940095444895,-0.014577500522136716
7,423,0.6873315373893945,0.12518310546875,-0.04500541591533702,-0.007398337125778143
7,424,0.7048359528574504,0.0908156633377075,-0.06604483103156822,-0.005981482565402957
7,425,0.701935885897387,0.2388296425342559,-0.06907782840446586,-0.017544524744153106
7,426,0.7416034793935218,0.2322888746857643,0.007003256539896308,0.019617418758571203
7,427,0.7311335225654508,0.2970430701971054,-0.041505024299182236,0.006645208224654198
7,428,0.7311335225654508,0.3262750506401062,-0.041505024299182236,-0.026140951551496983
7,429,0.7259553123777376,0.2937111109495163,0.008294493563068328,-0.024315363727509975
7,430,0.784361936962946,0.3782957941293716,0.00022072076419499265,0.006551486440002863
7,431,0.7843618232471976,0.2827162742614746,0.000219690715907217,-0.02484353445470333
7,432,0.6820168863011112,0.251797467470169,0.043560567918941806,-0.0042217485606670935
7,433,0.6859433212307164,0.2183313965797424,0.04862279306337114,-0.002918435260653496
7,434,0.6859433212307164,0.2186836004257202,0.04862279306337114,0.010865215212106705
7,435,0.704181951236216,0.1955771446228027,0.023989375060886498,-0.009175688028335544
7,436,0.704181951236216,0.0698829889297485,0.023989375060886498,-0.013215824961662279
7,437,0.7734310061216904,0.2254892885684967,0.0021347478270222764,-0.013128928840160314
7,438,0.7834446529797154,0.1538259088993072,0.04064493705605443,-0.002695653587579755
7,439,0.7793912044488855,0.0040593147277832,0.04247052695787623,-0.018396213650703385
7,440,0.7642713226878728,0.0725676417350769,0.0520565055092479,0.0050018690526486
7,441,0.6671643716516843,0.0513727068901062,0.024231368558289557,-0.0020170658826827587
7,442,0.6859433212307164,0.1556703746318817,0.04862279306337114,0.005632072687149103
7,443,0.7325708341550559,0.2157983481884002,0.06637378927303261,-0.016869876533746747
7,444,0.6873796875838283,0.0279788076877594,0.058807587722797705,-0.02488740161061285
7,445,0.6981774830276666,0.2369464039802551,0.06706712703283679,-0.025948699563741656
7,446,0.7003037239853447,0.1789024770259857,0.0322155726531852,-0.01794228330254552
7,447,0.697811968493295,0.3230544738471508,-0.046042488837044315,-0.006429861125070546
7,448,0.7396461587340164,0.0162300467491149,-0.014211119841691988,-0.006527982652187389
7,449,0.7495546024964299,0.2073517441749572,0.017298224528226935,0.005356140434741946
7,450,0.8368276379433898,0.0408434271812438,0.05032674256657066,-0.007175330072641421
7,451,0.7899547567947333,0.2266311347484588,0.03651312090564296,-0.03172456286847597
7,452,0.8104082127495031,0.3283984363079071,0.018242061567446788,-0.011056706309318542
7,453,0.6879824649541959,0.3770129531621933,0.017345925557499364,0.005021816119551659
7,454,0.7205854415299129,0.3541729748249054,0.018080168796941964,-0.004807106219232027
7,455,0.7205854415299129,0.3826916664838791,0.018080168796941964,-0.008515337482094765
7,456,0.7763791042551555,0.3659016788005829,-0.020865451485668762,0.006067186594009399
7,457,0.7476829023372129,0.065001368522644,-0.03862722676843067,0.0288407877087593
7,458,0.7271400117639859,0.1936367154121399,-0.045566159787998384,-0.01971582602709529
7,459,0.7409288398003444,0.1497430205345153,0.012511535201067181,0.003540320321917506
7,460,0.7583720962218943,0.0050543248653411,-0.018869300028536817,-0.035802025347948116
7,461,0.7613822957551144,0.2648954391479492,-0.00575952413712888,-0.024237703531980515
7,462,0.7158346093988577,0.3277737125754356,-0.012925673085552258,-0.017624620348215103
7,463,0.6661075677005582,0.2356184124946594,-0.04079172028925526,-0.013872288167476654
7,464,0.7121310535849299,0.2077517509460449,0.002031972309526453,-0.036443911492824554
7,465,0.7360274994470453,0.0711070150136947,-0.045530812884137406,-0.0021071638911962925
7,466,0.7641534902859118,-0.1869776248931884,-0.037991555942954225,0.0038850381970405856
7,467,0.6940573755633554,0.0638277679681778,-0.05224791623410463,-0.04460844025015828
7,468,0.6567375287176045,0.2001151740550995,-0.01937886551557455,-0.02887620031833646
7,469,0.6740788460599085,0.1441850662231445,0.03232672948911386,0.0070051848888397494
7,470,0.6514978322889039,0.3068028092384338,0.013907926494899026,-0.012683833017945345
7,471,0.7310373977578046,0.1711650490760803,-0.0320070738865319,0.01648923009634018
7,472,0.7310373977578046,0.1380879878997802,-0.0320070738865319,-0.0009562000632286627
7,473,0.7211115703487261,0.2014808058738708,-0.029698428434109525,0.0013186633586883545
7,474,0.8134064268072561,0.0219735205173492,0.06779137133754487,0.005750518292188627
7,475,0.7997710775109641,0.0276173949241638,0.04997938086913012,0.0062993615865707744
7,476,0.7576542426269197,0.276074007153511,0.06617291321325036,0.0001246407628058832
7,477,0.7536312668034739,-0.0374264121055603,0.059883139565500065,0.0058016292750835
7,478,0.7342543152154772,0.0507596731185913,0.03711022475817127,0.0019964911043644368
7,479,0.7433436958307134,0.1528246998786926,0.045426041578562004,-0.0018948055803775787
7,480,0.666610612183044,0.2460426539182663,-0.07980130245643247,-0.0139918252825737
7,481,0.6583887166662814,0.1571776270866394,-0.059259132996215436,-0.008502665907144519
7,482,0.666610612183044,0.2215845882892608,-0.07980130245643247,0.012640424072742462
7,483,0.6985940466126319,0.0243611335754394,0.07995165952929917,0.0014369636774062763
7,484,0.6985940466126319,0.0506326258182525,0.07995165952929917,0.0136028155684471
7,485,0.6602490895224742,0.1774203181266784,0.03874492309082356,-0.011967927217483548
7,486,0.7287185160069813,0.2754685580730438,0.005306539234767649,-0.017424214631319046
7,487,0.7421629258948985,0.2135943472385406,-0.03333350479840946,-0.04893958941102028
7,488,0.7004764535138885,0.087576687335968,-0.051310128203359895,0.0041591376066208025
7,489,0.6394077840169502,0.2242530882358551,-0.07273059093112344,0.0024317912757396976
7,490,0.706621594411715,0.3027336001396179,-0.013552855997487234,-0.010173840448260307
7,491,0.6746755881277746,0.0400948524475097,-0.05704467457048357,-0.015044499188661596
7,492,0.6929993926085053,0.160339742898941,0.0747576148036243,-0.008981384336948367
7,493,0.6715542812461299,-0.0036154389381408,0.07896697224444327,0.0010873675346374872
7,494,0.6772288011778091,0.1593130826950073,0.08429008358658319,-0.015923317521810504
7,495,0.8159386371489175,0.1362026333808899,-0.014354343427310678,0.01357711851596835
7,496,0.7542553303349642,0.3686791434884071,0.018889736054174433,-0.0265009268186987
7,497,0.766576589366113,0.2373231053352356,0.033759383149860045,-0.011918094009160968
7,498,0.725633067550602,0.3320436775684356,-0.04752873083585518,-0.017658995464444216
7,499,0.7209327067458364,0.1605821251869201,0.027514631692072355,-0.016589060425758362
7,500,0.792549477851293,-0.0413830876350402,-0.012800016433132444,-0.004024803638458224
7,501,0.7656372195464538,0.1778619587421417,0.07587251691395469,0.0019654594361781796
7,502,0.7656372195464538,0.0310228168964386,0.07587251691395469,-0.011023618280887534
7,503,0.7172104686984173,0.2170916944742202,0.07927525669497137,0.008280845358967726
7,504,0.7168921863598887,0.1697871685028076,0.04756921888917287,0.0072450339794158936
7,505,0.7575154377931808,0.2282302975654602,0.016296033105206553,0.03436942771077159
7,506,0.7635549899249888,0.2321090102195739,0.04087186019307654,-0.01041304692626005
7,507,0.7673156604145307,0.0814537405967712,-0.02679445974199779,0.006214749068021788
7,508,0.7673156604145307,0.0577344000339508,-0.02679445974199779,-0.0494754873216152
7,509,0.7332336645738632,0.1473610997200012,0.012961184637614531,0.012875124812126187
7,510,0.7235116957390809,-0.0368628501892089,0.05777299467746155,0.003829762339592001
7,511,0.7414261434565417,0.1303425431251526,0.07135487502260751,-0.0068047344684600275
7,512,0.6940636747798903,0.0073601901531219,0.07662853130597869,0.00012608617544171245
7,513,0.6529315801102075,0.0993925929069519,-0.08314337967895291,0.008504491299390834
7,514,0.7130465593760968,0.2295430302619934,-0.028348992787951444,-0.004511024802923147
7,515,0.672482143050275,0.0936154723167419,-0.09553153399793879,-0.010391756892204285
7,516,0.7242484290136199,0.204062819480896,0.08361165667234483,0.009470667690038709
7,517,0.7565918419551179,0.0356795191764831,0.07649320546189997,0.00747307017445565
7,518,0.7242484290136199,0.3526689559221267,0.08361165667234483,0.004753820598125402
7,519,0.6394077840169502,0.1504205465316772,-0.07273059093112344,-0.017261620610952377
7,520,0.6290198464493602,0.1835745871067047,-0.0996589306184219,-0.0394053943455219
7,521,0.6485704093894278,0.1116803884506225,-0.11204708493740767,-0.026078710332512883
7,522,0.7041846526635802,0.2219120860099792,-0.04797428626886335,0.010052859783172607
7,523,0.772976774707515,0.1244887113571167,0.005642155512514235,0.007109552621841458
7,524,0.7642996319294697,0.180418848991394,0.006820100622138225,0.003244385123252841
7,525,0.6904045996301491,0.0183737576007843,-0.08021571594205557,-0.0194073766469955
7,526,0.7396461587340164,0.0254316329956054,-0.014211119841691988,-0.013128779828548452
7,527,0.7400111968662832,0.2129693627357483,-0.008449474645257249,-0.008286781609058352
7,528,0.7534419515555956,0.3460332900285721,-0.02742646985854913,-0.022568566724658012
7,529,0.815999409807945,0.2535973191261291,0.019829853675114584,-0.004069259390235003
7,530,0.7707695018424787,0.1956267803907394,-0.005404886315087287,-0.0016385214403271675
7,531,0.7237352156036478,0.2642038017511368,-0.06036244058784923,-0.003916079178452492
7,532,0.6603305877884315,0.1359154284000396,-0.08597628357759002,-0.04755311831831935
7,533,0.6603305877884315,0.2187692821025848,-0.08597628357759002,-0.005339678376913043
7,534,0.7609198773224464,0.347527265548706,-0.0017127791178209728,-0.017171606421470698
7,535,0.6935821923377787,0.1691843867301941,0.025945193259977795,0.0007932856678962985
7,536,0.6983624190700969,0.2920381724834442,-0.0489691026514848,-0.017269648611545563
7,537,0.7310373977578046,0.1753793954849243,-0.0320070738865319,-0.0016756132245063782
7,538,0.7345525878044281,0.1413399577140808,0.02153134771282106,0.008433401584625272
7,539,0.7802764902489743,-0.0268067717552185,-0.007306365584202279,-0.0024875178933143997
7,540,0.7898935967083414,0.2558926045894623,0.019439444725935173,-0.010470669716596603
7,541,0.7526576313307729,0.054461121559143,-0.005545685189224048,-0.02170870453119282
7,542,0.7089361732037108,0.1544134020805359,-0.018374426516437836,-0.00498774647712702
7,543,0.7507080906710439,0.2281879782676696,0.0050375305261614045,-0.014126077294349726
7,544,0.7683968884981659,0.1141047179698944,0.021023931092754355,0.010953232645988478
7,545,0.7529457962537424,0.324504405260086,-0.019325125456951087,-0.025785616599023398
7,546,0.7202637093637438,0.1659824848175048,0.029178441241809683,-0.006434619426727323
7,547,0.769976341412272,0.036059558391571,0.006221072278234208,-0.03008329868316649
7,548,0.7869364613637893,0.0578051507472991,-0.00011098804179188182,-0.023470237851142925
7,549,0.7575553055907692,0.1439435184001922,0.03262949806394699,0.010116904973983765
7,550,0.7590787691780798,0.0645944476127624,0.03923960584959374,-0.03173552826046944
7,551,0.7793604867226479,0.0967776775360107,0.025104201993350395,-0.022392388433218002
7,552,0.8057482095609722,0.1967613995075225,-0.006912229606741538,0.00017670542001718692
7,553,0.7289952522202865,0.1886180639266967,-0.059526479965098744,-0.026013609021902112
7,554,0.789110231486176,0.2850312292575836,-0.004732093074097166,-0.013660872355103493
7,555,0.6990140209251193,0.0921744704246521,-0.053105416729181565,-0.01794709265232082
7,556,0.7383547080701982,0.1266820132732391,-0.02606060097120466,-0.016329675912857056
7,557,0.6769659981126762,0.1314480006694793,-0.030730420674299874,-0.024553978815674837
7,558,0.7604939935267916,0.2426841259002685,0.02940192258874741,0.008915439248084994
7,559,0.7606059155928375,0.041933536529541,0.02826864517827421,-0.0033027492463588506
7,560,0.7997020206113719,0.035104364156723,0.007966420065627422,0.007574640214443228
7,561,0.7200575833588287,0.2131656408309936,-0.022023657452462708,-0.018421754240989713
7,562,0.7593488576084925,0.2841365933418274,-0.04075979599615165,-0.014413010329008102
7,563,0.7690503845220698,0.0526968240737915,-0.02331825410572641,0.005004219710826888
7,564,0.6765781662790937,0.3250089585781097,0.0680708200193052,0.0021270625293254297
7,565,0.6821728202832203,0.2167721390724182,0.07326486474498006,-0.0031266808509826383
7,566,0.6821728202832203,0.1800556182861328,0.07326486474498006,0.00799661874771121
7,567,0.6891663041535339,0.3721532821655273,-0.04881593629096859,0.013377679511904661
7,568,0.6540121325249428,0.0571029782295227,-0.09680300342025228,0.004870772361755413
7,569,0.7087333222616885,0.1484797298908233,-0.02035640057144028,0.000356920063495636
7,570,0.7291930289046933,0.0787449479103088,0.0017668527067589146,-0.0029403455555439134
7,571,0.6735414113716146,0.1775344014167785,0.04003699198922439,0.0027590282261371613
7,572,0.7171797700501522,0.0477686524391174,0.02355084211158398,0.0030709505081176966
7,573,0.6735414113716146,0.278831422328949,0.04003699198922439,-0.019815962761640493
7,574,0.6927275845107509,0.2107651233673095,0.055394794102760825,-0.023053023964166697
7,575,0.6632379367220791,0.2173314690589904,0.019169143413860223,-0.008214578032493619
7,576,0.43396950784454114,0.0175346732139587,-0.01992253783777853,-0.0018275678157806396
7,577,0.44950728306940846,0.3540843278169632,-0.035457772230171714,-0.017938965000212193
7,578,0.43396950784454114,-0.0356577634811401,-0.01992253783777853,-0.0015198215842247148
7,579,0.44272669773623696,0.1039647459983825,0.026884388453222552,-0.030357178300619167
7,580,0.4991113702126271,0.0705650746822357,0.060390624737291565,-0.013657692819833742
7,581,0.3952071757623667,0.0211659669876098,0.019539469913453622,-0.029229428619146375
7,582,0.497422896696226,0.0961055159568786,-0.01744262408112124,-0.007242102175951018
7,583,0.5101869262084696,0.2342079579830169,-0.014466705652017242,-0.012384485453367261
7,584,0.497422896696226,0.0774160027503967,-0.01744262408112124,-0.004717301577329622
7,585,0.404570464872017,0.2880482226610183,0.040314585976998774,-7.735285907989331e-05
7,586,0.36779836740945127,0.067581295967102,0.028634471501766068,-0.03918687254190445
7,587,0.36779836740945127,0.0507375597953796,0.028634471501766068,-0.016242705285549164
7,588,0.5846282876963033,0.1674056947231292,0.01653646083953797,-0.02679098397493368
7,589,0.631667890858838,-0.0003658533096313,0.0049675680416548795,-0.008644796907901701
7,590,0.6086444938299206,0.0168038010597229,0.00486761479030362,0.010150738060474413
7,591,0.4287325091689824,0.1977914273738861,-0.0154506495226292,-0.06708592735230923
7,592,0.43104615193926554,0.0627595782279968,-0.04209674806506264,-0.007287237793207155
7,593,0.4524096467720098,0.2066497206687927,-0.04067193413608017,-0.030253451317548752
7,594,0.6430010459532176,0.2733409404754638,0.014063193042447741,-0.022013799287378844
7,595,0.5875596759205846,-0.0303612351417541,-0.0006468297189146099,0.003169655799865726
7,596,0.5924941208515699,0.2710769474506378,0.01863292655342419,0.0015162862837314606
7,597,0.5373888738256812,0.1571095585823059,0.035604864359249366,0.026983037590980558
7,598,0.4699819959031833,0.2127692401409149,0.02585444941476217,-0.0010798946022987643
7,599,0.4914319085685546,0.1162464618682861,0.006939491951976795,-0.043319616466760635
7,600,0.36306516440598324,0.325917936861515,-0.005226596284815588,-0.024070685729384478
7,601,0.36306516440598324,0.405089721083641,-0.005226596284815588,-0.02469936001580214
7,602,0.40426919179874354,0.1213073134422302,-0.022418559972281427,-0.009396485984325381
7,603,0.44593530045062213,-0.0171107649803161,-0.03203553517101454,0.011007897555828112
7,604,0.43104615193926554,0.1129378676414489,-0.04209674806506264,-0.022679641842842144
7,605,0.41864269205740645,0.0787020623683929,-0.0261108736194679,-0.04031055793166159
7,606,0.6467608193347769,0.1815022230148315,0.08362730857561029,-0.0270722396671772
7,607,0.6532059835290955,0.1205080300569534,0.07225819563974911,-0.0036470647901296477
7,608,0.6149741144402825,-0.0538466572761535,0.08027203773492497,-0.009069956839084611
7,609,0.5680293152173861,0.0154331922531127,0.010264776647370799,-0.009244278073310876
7,610,0.5436509170751284,0.43743696808815,0.03513809467576834,-0.0025625713169574738
7,611,0.5813682605125748,0.3507901728153229,0.021091423024341638,-0.007999341003596783
7,612,0.4561783649268104,0.0596236884593963,0.04194750066772196,-0.08011261373758319
7,613,0.4561783649268104,0.1841408610343933,0.04194750066772196,-0.04340976849198336
7,614,0.4710143772212679,0.0167331099510192,-0.009645901718658312,-0.04350933805108073
7,615,0.4699280668730004,0.3277763724327087,-0.007214944472294482,0.006277978420257513
7,616,0.4990717056045435,0.3702072203159332,0.015402179695873652,-0.008091401308774893
7,617,0.5071937491691672,-0.0164541602134704,0.0006691900197979272,0.012378290295600898
7,618,0.42057490830236544,0.2943327873945236,-0.005342334373965474,-0.03481714427471161
7,619,0.42915014439675286,0.0112450122833251,-0.021411991321027612,-0.015619114041328474
7,620,0.4435385518175413,-0.0608388185501098,-0.02214404791619423,-0.0085686221718788
7,621,0.6290492385113777,0.1253431439399719,0.04365880576515535,-0.009648825973272324
7,622,0.7098714044970389,0.1014201045036315,0.07772511568080398,-0.03231911361217503
7,623,0.6516052181875054,0.2155351042747497,0.06604578596132904,-0.009638132527470616
7,624,0.43582681456029815,0.1516945958137512,0.027233240505368905,-0.03687688335776329
7,625,0.5443427876788627,0.0603497922420501,0.03832295978704492,-0.046368587762117414
7,626,0.43582681456029815,0.0871384739875793,0.027233240505368905,-0.03582531213760376
7,627,0.4490528784992801,0.3187655061483383,0.01956696096082572,0.017359428107738495
7,628,0.4589809908839069,0.068013459444046,0.027058413813924542,0.02266541495919229
7,629,0.5163539229401093,0.2292155623435974,0.005365957617861961,0.013342853635549573
7,630,0.39730801465924653,-0.0480760335922241,-0.01971887385566079,-0.010594971477985417
7,631,0.4677779131359032,-0.0707413554191589,0.006135189342987957,0.0012732595205307007
7,632,0.3561039872664863,0.2536648064851761,-0.0025269101681948958,-0.04536792356520891
7,633,0.45341507529854364,0.3668562620878219,0.019603615900722737,0.0015738382935523432
7,634,0.49680203583472005,-0.0100607275962829,-0.014690586553927854,0.011712033301591877
7,635,0.49680203583472005,0.0686668157577514,-0.014690586553927854,0.0006997510790824751
7,636,0.7106302733789172,0.165019154548645,0.05484610340679574,-0.008233241736888858
7,637,0.7399226483277042,0.1521331071853637,0.06704625023080135,-0.008011862635612516
7,638,0.6899694779181249,0.108183741569519,0.06789782653723608,-0.00379837304353714
7,639,0.6273367887496917,0.1210072040557861,0.06510556730910744,0.005414094775915146
7,640,0.6273367887496917,0.2331922650337219,0.06510556730910744,-0.027147043496370288
7,641,0.5817225999128639,0.2291454672813415,0.05122992584956265,-0.02503721788525587
7,642,0.5156045424748805,0.179510235786438,-0.019356854677117563,-0.006444271653890554
7,643,0.6141402437172208,0.0157393217086792,0.023337949540100045,0.00201943516731265
7,644,0.4904691490792394,0.0939723849296569,-0.025450791088144242,-0.011664979159832028
7,645,0.6010130561221655,0.1002800464630127,0.08339459514888836,0.016364060342311915
7,646,0.5411198936003732,0.1069977581501007,0.0641608704391764,0.03399194404482844
7,647,0.5963661598818422,0.0619699954986572,0.08866262249189316,-0.02993904054164885
7,648,0.4353680800911444,0.1911185085773468,0.02401534319348053,-0.017762467265129034
7,649,0.572011777435979,0.0942147970199585,0.04223517585424741,-0.03370601683855051
7,650,0.6046822174265798,0.1911685764789581,0.04416248897751107,0.0023587383329868594
7,651,0.6756341396674843,0.2881039083003998,0.06331828004750706,0.016515448689460754
7,652,0.6241043486306099,0.3216834217309952,0.041452116955863705,0.012943636626005173
7,653,0.6261859732742732,0.2554941177368164,0.07259962216783444,-0.0302293598651886
7,654,0.4898594536002377,0.0983844399452209,0.025167864840314413,-0.003132745623588576
7,655,0.4143175911025769,0.1052660942077636,0.006590422712344335,-0.019085027277469663
7,656,0.524154028613311,0.1195310950279235,0.0586488838806164,0.025242999196052537
7,657,0.43784998477816917,0.239737331867218,0.035450095740159004,-0.003125891089439392
7,658,0.48543675085354154,0.0785662829875946,0.018736784514252425,-0.03733254224061963
7,659,0.3944401334055225,0.0447149872779846,0.007277007286792092,-0.012484930455684641
7,660,0.6126520411541575,0.023523211479187,0.013420762181193924,-0.022187747061252563
7,661,0.6057747883253385,0.4008703380823135,0.022284111388698125,0.006013331934809629
7,662,0.6682086161628967,0.3176375925540924,0.019382454279507355,-0.0022052843123674393
7,663,0.5081592704757357,0.3629741370677948,0.02074217396876943,-0.017405507154762745
7,664,0.4256633493698885,0.2684254944324493,-0.0027212940431820543,-0.019208036363124903
7,665,0.4802328251701885,0.2530799955129623,0.03414295171041787,-0.0362209165468812
7,666,0.6591497649388754,0.1746737211942672,0.07114281636486519,0.0009711664170026502
7,667,0.5805122665062453,0.0497426390647888,0.025697444610186193,0.007615163922309896
7,668,0.6591497649388754,0.1964741349220276,0.07114281636486519,0.004829995334148407
7,669,0.4287325091689824,0.0873323082923889,-0.0154506495226292,-0.06459203734993933
7,670,0.4181900843408564,0.1121958792209625,-0.004723040067640072,0.018176671117544188
7,671,0.443621657680339,0.057146281003952,-0.005389436628581157,-0.03726633079349995
7,672,0.5875596759205846,-0.0549236536026001,-0.0006468297189146099,0.009908914566040011
7,673,0.48464983089532676,0.0770538449287414,-0.033035595024936915,0.0007219463586806973
7,674,0.5061761414707547,-0.0112771391868591,-0.0133488614166144,0.007632382214069349
7,675,0.3737263560999623,0.3894770443439483,0.041250323411428313,-0.003906426019966658
7,676,0.4859115056642378,0.1302549540996551,0.07129247638777225,0.004712570458650589
7,677,0.41948491952615047,0.1155279278755188,0.04740710367286716,-0.019116632640361758
7,678,0.4077219133033122,0.3406596481800079,-0.021227322368017887,-0.02427648101001978
7,679,0.4237743841381664,0.1556794047355651,-0.048700977972036374,0.019245110452175113
7,680,0.3872000584418426,0.0094214677810668,-0.04326132805850008,-0.013721182942390487
7,681,0.5269753044270657,0.4352399855852127,0.04535953555751632,0.006294907536357697
7,682,0.5903496151086565,0.3869558051228523,0.03569399237805271,-0.0029193353839218616
7,683,0.5834161173247842,0.0590173006057739,0.04416614052480117,-0.011529825627803789
7,684,0.5186912185097006,0.2958661168813705,-0.03107523130942802,-0.02384047955274582
7,685,0.4734413606229452,0.1538431048393249,0.004693365135775895,-0.022756289690732956
7,686,0.5186912185097006,0.2841844856739044,-0.03107523130942802,-0.024312430061399937
7,687,0.3872000584418426,-0.032946228981018,-0.04326132805850008,-0.011454537510871873
7,688,0.373420832384672,-0.009208858013153,-0.03393530779483639,-0.0059817805886268
7,689,0.4190519351263781,-0.0173720121383667,-0.04257885206609585,-0.014512136578559862
7,690,0.5926969834361313,0.2869514375925064,0.06971018879722535,0.0687882695347071
7,691,0.5455727607192858,0.1127763986587524,0.03047544706843275,0.015341617166995988
7,692,0.5455727607192858,0.0591861009597778,0.03047544706843275,-0.014448978006839745
7,693,0.3545212446905383,0.170189768075943,0.01377035951140465,-0.022984907031059237
7,694,0.3820073112139774,0.0448113083839416,0.03044132156393431,0.019050434231758114
7,695,0.3820073112139774,-0.022310733795166,0.03044132156393431,-0.028733383864164325
7,696,0.5304104471777508,0.10658660531044,0.02724529074703952,-0.050382917746901526
7,697,0.6110055712035961,0.1420795917510986,0.04652542927191616,-0.007382143288850784
7,698,0.4877244287657898,-0.0091199427843093,0.00942959285168854,-0.02357265911996355
7,699,0.6298004270545844,0.0580927729606628,0.0871649761590011,-0.0405339188873768
7,700,0.6384478034348224,0.0345263183116912,0.07109640254970051,0.003417637199163402
7,701,0.6010130561221655,-0.047612190246582,0.08339459514888836,-0.006944231688976295
7,702,0.5429069441344714,0.2882328629493713,0.027266802704706272,0.03493016399443144
7,703,0.46247943865093794,0.4320595860481262,0.026960849323876823,0.005932853557169437
7,704,0.4945861474296322,0.3733669370412826,-0.016934228989166022,0.01044914498925209
7,705,0.4952722948888987,0.2317796051502227,0.02767106350896853,0.0023686867207288465
7,706,0.6028751975635034,0.0979067683219909,0.04284232502324126,0.08179733157157892
7,707,0.4910410418956453,-0.0959579348564148,0.003953991094877318,-0.02659354358911517
7,708,0.4618470113280204,0.3288732767105102,0.017027422231279288,0.02003688365221018
7,709,0.3485890016300647,0.0486558675765991,0.002563053166970586,-0.013981796801090206
7,710,0.4618470113280204,0.1142470240592956,0.017027422231279288,0.008084818720817552
7,711,0.5149388290047683,-0.0291119813919067,0.05689812706449948,-0.020372390747070288
7,712,0.5963661598818422,0.008255124092102,0.08866262249189316,-0.013136297464370726
7,713,0.5569473523925142,0.0355945527553558,0.060668372766384204,-0.029695771634578684
7,714,0.5472786543369345,0.1125277280807495,-0.0024511862608274093,0.022358190268278136
7,715,0.6441661614107934,0.2446071207523346,0.03315016197388543,-0.0015002340078353604
7,716,0.5182750983786656,0.1554761528968811,0.0016374473592708494,0.009881282225251253
7,717,0.47132563440802233,0.2084593176841735,-0.004717606153433751,0.017420932650566073
7,718,0.4393753534020367,0.1887185275554657,0.02454997157974903,0.034027563408017186
7,719,0.4463466687850898,-0.016004055738449,-0.025439043144320495,0.009697236120700888
7,720,0.5157760197609141,0.116486519575119,-0.0010371901280198381,0.0238161273300648
7,721,0.5613706708091499,0.2694262862205505,0.03653669834734241,-0.00563077256083494
7,722,0.5902530651241549,0.1731933206319809,0.023927822610420812,0.023696128278970746
7,723,0.4348173288811973,0.1762988567352295,-0.0175060485315785,-0.032400749623775454
7,724,0.3530965606406372,0.2849946022033691,-0.005500287442606111,0.019391752779483795
7,725,0.3530965606406372,0.2607403695583343,-0.005500287442606111,-0.014105077832937296
7,726,0.4250803255893131,0.0823967456817627,-0.03352235854893815,0.004048679023981136
7,727,0.4250803255893131,0.0669716596603393,-0.03352235854893815,-0.0015187039971351624
7,728,0.4250803255893131,0.0552262663841247,-0.03352235854893815,0.005380354821681976
7,729,0.4296370711108045,0.3707472681999206,-0.006515537575776498,0.0007959324866533279
7,730,0.4181900843408564,0.1989955306053161,-0.004723040067640072,-0.010888747870922116
7,731,0.4595354276865723,-0.0066828727722167,0.02103034153591965,0.0013471543788910242
7,732,0.48725056615693907,0.0789867639541626,-0.00047288061789979574,-0.0010156109929084361
7,733,0.5069139592726074,0.0121955275535583,0.01775863611020101,-0.002289354801177975
7,734,0.51766537187897,-0.0151529312133789,0.02006847465717898,-0.0015244036912918368
7,735,0.48225817775345464,0.2907842397689819,-0.019811494668925567,-0.005696827545762118
7,736,0.6682086161628967,0.2888323366641998,0.019382454279507355,-0.005409859120845795
7,737,0.5941577996988121,0.2119752764701843,0.027849106097028842,-0.011747397482395172
7,738,0.5208719683441991,0.2016715705394745,-0.005337321226335456,-0.0007966905832290372
7,739,0.5675613991813603,0.1108604967594146,-0.006854737053952675,-0.03993841633200647
7,740,0.45425225268896696,0.1119583845138549,-0.024326088630903686,0.014925599098205539
7,741,0.5581806853233657,0.1898468732833862,-0.014374521800338602,0.000459548085927991
7,742,0.5367307726579944,0.0141771435737609,0.0045404356624467734,0.002896636724471999
7,743,0.5031564653207049,0.3333473801612854,-0.014698373796203978,0.024601656943559647
7,744,0.5187239780599733,0.0140954852104187,0.018411233809182304,-0.012048274278640714
7,745,0.5187239780599733,0.0428556203842163,0.018411233809182304,-0.02575495094060893
7,746,0.43865890410690056,0.2671664357185364,0.029636318723042288,0.018210357055068044
7,747,0.5870502383397681,0.2907662987709045,0.01756549362101323,-0.004529848694801386
7,748,0.5870502383397681,0.2712219357490539,0.01756549362101323,-0.006573032587766703
7,749,0.5870502383397681,0.2912322580814361,0.01756549362101323,-0.0003616791218519766
7,750,0.4438907308613287,-0.0162514448165893,-0.008081244596187642,-0.006210133433341963
7,751,0.4961332478465452,0.3481537699699402,0.023132769155466693,-0.02130945771932602
7,752,0.4438907308613287,-0.0226999521255493,-0.008081244596187642,-0.018292598426342
7,753,0.5534707748778729,-0.0071233510971069,0.019526312540130375,-0.0032646618783473873
7,754,0.5829681581839499,0.0993542075157165,0.03134696973670992,-0.02570955455303192
7,755,0.5933621325763294,0.3246102035045624,0.021277611974493404,0.019272655248641968
7,756,0.6555470904838188,0.1031390726566314,0.048941840484047594,-0.02495190873742105
7,757,0.7431428840767633,0.0300655961036682,0.07492988195285966,-0.000788800418376874
7,758,0.7431428840767633,0.0933068990707397,0.07492988195285966,-0.01045171171426773
7,759,0.6046822174265798,0.0866074562072753,0.04416248897751107,-0.022736847400665325
7,760,0.6273367887496917,0.275469958782196,0.06510556730910744,-0.03446860797703266
7,761,0.6219130145702334,0.2214318811893463,0.029131296533580153,-0.039062609896063805
7,762,0.47335263239604075,0.1738557517528534,0.04821318143248016,-0.02967137470841405
7,763,0.5397792185341281,0.2979351617395878,0.07209855414738525,-0.026739874854683876
7,764,0.47335263239604075,0.2955332249403,0.04821318143248016,-0.030354062095284406
7,765,0.6244186125966766,0.2879185676574707,0.06848781462963627,0.014354012906551361
7,766,0.6371636407461381,0.1235170364379882,0.023437902791451193,-0.0022359490394592563
7,767,0.5875172348738431,0.0812992453575134,0.017143316003647824,0.006535552442073822
7,768,0.688066613364118,0.1286448538303375,0.09884430587847626,-0.03821873292326927
7,769,0.6967139897443562,-0.008298635482788,0.08277573226917556,-0.005082853138446725
7,770,0.6592792424316991,0.0383498072624206,0.09507392486836341,0.0023104771971702506
7,771,0.5052568627006672,0.211803138256073,0.045200510684646256,-0.022224057465791675
7,772,0.5010256097074137,-0.0153529345989227,0.02148343827055499,-0.018543086946010538
7,773,0.5152987763623644,0.2223355174064636,0.03557964711548234,0.0037268288433552066
7,774,0.5677923991389865,0.0422143936157226,0.0016202481404705704,0.014088653028011315
7,775,0.6428610899635422,0.084521472454071,0.02311608663096798,0.005595110356807709
7,776,0.6308350673343517,0.0861703753471374,0.025506681817665355,0.017922692000865936
7,777,0.32189245339216543,0.0865998864173889,0.01489266625180835,-0.0349755063652992
7,778,0.3485890016300647,0.0482744872570037,0.002563053166970586,0.012267939746379825
7,779,0.3675162844403681,0.2128022909164428,-0.0033050451886147414,0.024450059980153982
7,780,0.5058441076845651,0.0892679095268249,0.03659959486382969,-0.03550592437386514
7,781,0.5610903739660342,-0.0466033220291137,0.061101346916546506,-0.004399329423904398
7,782,0.545262915173893,0.0985944271087646,0.06459384458933864,-0.05241486430168153
7,783,0.6308380512891132,-0.0715574622154235,-0.009797004836255008,-0.0019686669111251553
7,784,0.631667890858838,0.0792658925056457,0.0049675680416548795,-0.003779575228691115
7,785,0.5563823515163289,-0.008213996887207,-0.00423929029948833,0.0057536959648132255
7,786,0.42596559529556033,0.173492431640625,0.012371777384077298,-0.023244969546794864
7,787,0.4888251058587943,0.0183770656585693,-0.01092398763370972,0.0039816722273826755
7,788,0.4888251058587943,0.0161306262016296,-0.01092398763370972,0.0016210153698921377
7,789,0.40426919179874354,0.003675103187561,-0.022418559972281427,0.0013540759682655126
7,790,0.45425225268896696,0.0133566856384277,-0.024326088630903686,0.0038391798734665125
7,791,0.45425225268896696,0.0581225156784057,-0.024326088630903686,-0.001797102391719825
7,792,0.5232982886271783,0.1687456369400024,0.03462111741227514,0.037645887583494186
7,793,0.5076730987063611,0.1827738285064697,0.021171447145506228,-0.05556345358490944
7,794,0.561976146539088,0.2052279114723205,0.023530178217604614,0.012861549854278537
7,795,0.6504612225153766,0.1817108988761901,0.07411325302856098,-0.0206909850239754
7,796,0.6756341396674843,0.2942461669445038,0.06331828004750706,0.0009321123361587524
7,797,0.6299868674829122,0.0755793750286102,0.08287377804435792,-0.00028261914849279923
7,798,0.3775139481648881,0.1866625547409057,0.02423784092799619,0.018288228660821887
7,799,0.4326196030364474,0.1706466674804687,0.03220219358403664,-0.04805817455053332
7,800,0.47199874591769175,0.0214523673057556,0.015207998268127743,-0.00687722116708751
7,801,0.5334664229301205,0.2371057569980621,0.05556338106322395,-0.028416976332664518
7,802,0.4628085837987797,0.108045220375061,0.007960935934227531,0.03519961610436442
7,803,0.5539407779625849,0.1477607786655426,0.046802856047426844,-0.023492466658353778
7,804,0.6717434842785472,0.0490224361419677,0.010507210894046493,-0.007894150912761702
7,805,0.5280256119338091,-0.0254102945327758,-0.0045224732248621,-0.00538687407970425
7,806,0.6717434842785472,-0.00100839138031,0.010507210894046493,0.012388847768306739
7,807,0.6149741144402825,0.0365985631942749,0.08027203773492497,0.0001560598611832012
7,808,0.48228254905760326,0.1005215644836425,0.035650501900974296,-0.058950815349817304
7,809,0.5564536027704362,0.041247546672821,0.04715668100476189,-0.0008493736386299203
7,810,0.5771676300929602,0.206518143415451,0.025558765947378825,-0.025394694879651097
7,811,0.5891936527221506,0.0848947167396545,0.02316817076068145,-0.052057217806577696
7,812,0.5771676300929602,0.1888113915920257,0.025558765947378825,0.01576497592031953
7,813,0.42734961643755487,0.0593498945236206,0.045802716010556466,-0.0007725059986114155
7,814,0.3940153142895747,0.2960086762905121,0.04163935511726008,-0.015446752309799194
7,815,0.399149007150179,0.0480148196220397,0.0488254449485484,-0.015796571969986017
7,816,0.3586645508547312,0.1422131061553955,0.026572780727041112,0.013246141374111203
7,817,0.3861506173781703,0.2840426415205002,0.04324374277957077,-0.014355352148413658
7,818,0.368592663239358,0.0976442694664001,0.034064233580139935,-0.027131121605634703
7,819,0.5471022415418672,0.0820041000843048,0.05185676968311337,0.03544336557388307
7,820,0.5219022221082072,0.225045770406723,0.02029471398148852,-0.028656408190727206
7,821,0.41908963318545045,0.3062494993209839,0.025307114379561513,0.016137015074491556
7,822,0.6198941743810602,-0.0369386672973632,0.04788477756623588,-0.0281688049435615
7,823,0.6386583898946736,0.2089529633522033,0.03577092582300623,-0.0450848089531064
7,824,0.4940883279587155,0.2437327057123184,-0.013816988066211677,-0.016294983215630027
7,825,0.44609172822333076,0.22544926404953,-0.046663035750874604,0.0025750435888767242
7,826,0.47464267646504965,0.1080933511257171,-0.029363835819144923,0.01401353999972342
7,827,0.44609172822333076,0.2173861265182495,-0.046663035750874604,-0.003168527036905261
7,828,0.4101199736722928,0.1675694286823272,0.016503941427487567,0.029658045619726153
7,829,0.4231183634443015,0.2464991807937622,0.0220856435964652,-0.037567539140582085
7,830,0.44131841573748926,0.2137186527252197,-0.006058698857988154,-0.01570652425289154
7,831,0.5093427483537942,0.100442349910736,0.0073296024983948715,-0.00022882223129276624
7,832,0.4852096350686059,-0.0758699774742126,-0.030220610695614103,-0.008963085711002364
7,833,0.46384614023586174,0.0835508704185485,-0.03164542462459646,0.014218144118785803
7,834,0.4832670121681892,-0.0471468567848205,0.003611701904676301,-0.0003602765500545224
7,835,0.44131841573748926,0.2370099127292633,-0.006058698857988154,-0.022107481956481934
7,836,0.44227488884940025,0.1893657147884369,-0.020252075795446467,-0.019437534734606715
7,837,0.6028751975635034,0.064780592918396,0.04284232502324126,0.0005563423037529269
7,838,0.6217150176262185,-0.0794603824615478,0.08344100896405315,-0.05087646096944806
7,839,0.6591497649388754,0.157572716474533,0.07114281636486519,-0.03562560677528384
7,840,0.4648577634269286,-0.0547263622283935,0.03134121872955514,-0.006308563053607927
7,841,0.5467679360185357,0.2437638044357299,0.048507406999303226,-0.028896290808916175
7,842,0.4648577634269286,0.0640071630477905,0.03134121872955514,0.023243740200996427
7,843,0.39214620359380903,0.2649800926446914,0.038321166608856316,-0.00192937720566988
7,844,0.368592663239358,0.0156431198120117,0.034064233580139935,0.0010209679603576764
7,845,0.39214620359380903,0.2604044377803802,0.038321166608856316,-0.037618998438119944
7,846,0.5941577996988121,0.0129778981208801,0.027849106097028842,0.006016738712787625
7,847,0.6548109407461884,0.1772707402706146,0.040670437501829304,0.015021599829196958
7,848,0.6548109407461884,0.2238700687885284,0.040670437501829304,0.01751002296805379
7,849,0.4423198296604338,0.1372966170310974,-0.05133215823291892,0.008661799132824
7,850,0.534856040940901,0.0990410447120666,-0.023926023907810623,0.0019184425473212918
7,851,0.49380742590603766,0.1207156181335449,-0.036739247143025566,-0.04440095275640488
7,852,0.3318205657767923,0.136776328086853,0.02238411910490723,-0.011409640312194824
7,853,0.33221680499191175,0.3804899901151657,-0.016743344107370495,-0.02751602279022336
7,854,0.3318205657767923,0.2770297229290008,0.02238411910490723,0.006071701645851135
7,855,0.5118467252311543,0.2572224140167236,0.027274583016686504,0.04470493271946904
7,856,0.44034620477736597,0.4136587828397751,0.005124168130747342,-0.0021902229636907578
7,857,0.4554059123334359,0.1994104981422424,0.028467978049401765,0.04045261722058058
7,858,0.6078146542601958,-0.0740925669670105,-0.009896958087606156,-0.012439385056495701
7,859,0.5495305769187806,0.3352936208248138,-0.015358466891747136,0.006343792192637865
7,860,0.6476318252631663,0.2814006954431534,0.002121254227918201,0.0030123665928840637
7,861,0.565624039196012,0.0544756352901458,0.027550271193765963,-0.002964414656162276
7,862,0.51766537187897,0.02793949842453,0.02006847465717898,-0.0024307891726493627
7,863,0.6072444473784567,0.1244161427021026,0.06477799596282752,-0.03467264771461487
7,864,0.5749793153806855,0.2774630188941955,-0.0010859780262451046,-0.043653049506247044
7,865,0.6638200653045627,0.3745546713471412,0.035978619389164024,-0.03385250549763441
7,866,0.582113472893112,0.2582397162914276,0.01566498015276918,0.00906224176287651
7,867,0.3853674511517542,0.1254895329475402,0.004168354842707944,-0.011459887027740506
7,868,0.47043182553929963,0.1168569326400756,0.004420825725734212,0.0033541098237037242
7,869,0.3774827352528586,0.2519527822732925,-0.024150106522075776,-0.016174679622054156
7,870,0.5081592704757357,0.2925366759300232,0.02074217396876943,-0.020351793617010117
7,871,0.5164654289503884,-0.0091632604598999,0.003540930174173007,-0.004177160561084763
7,872,0.5891936527221506,0.2793937921524048,0.02316817076068145,-0.027939382940530777
7,873,0.43784998477816917,0.2290507555007934,0.035450095740159004,-0.022291567176580485
7,874,0.4798175399385405,0.2057007849216461,0.03478872840947833,-0.008558351546525955
7,875,0.43784998477816917,0.2831113636493683,0.035450095740159004,-0.01922240667045111
7,876,0.49834441510984,0.1080480217933654,-0.025098096364523703,-0.00105240941047674
7,877,0.44407834696147536,0.1230991333723068,0.004123732683302017,-0.013080338016152382
7,878,0.44990029454044966,-0.0169665813446044,-0.03106210424354089,0.007273942232132003
7,879,0.5208719683441991,0.0466022491455078,-0.005337321226335456,-0.003653608262538889
7,880,0.5208719683441991,-0.0303151607513427,-0.005337321226335456,-0.0104890763759613
7,881,0.47158566754150444,0.0682508945465087,0.0031548631868879573,0.0065904930233955175
